ISO-10303-21;
HEADER;
FILE_DESCRIPTION(('CATIA V5 STEP Exchange','CAx-IF Rec.Pracs.--- Model Styling and Organization---1.4--- 2014-01-23'),'2;1');

FILE_NAME ('D1448642_2_1122550000_1122550000.stp','2021-05-20T12:31:04+00:00',('none'),('Weidmueller'),'CATIA Version 5-6 Release 2016 SP3 HF44','CATIA V5 STEP AP214','none');

FILE_SCHEMA(('AUTOMOTIVE_DESIGN { 1 0 10303 214 1 1 1 1 }'));

ENDSEC;
DATA;
#5=PRODUCT('1122550000','','\X2\000D\X0\\X2\000A\X0\ \X2\000D\X0\\X2\000A\X0\ \X2\000D\X0\\X2\000A\X0\ \X2\000D\X0\\X2\000A\X0\ \X2\000D\X0\\X2\000A\X0\',(#2)) ;
#2=PRODUCT_CONTEXT(' ',#1,'mechanical') ;
#1=APPLICATION_CONTEXT('automotive design') ;
#10=PRODUCT_DEFINITION('',' ',#6,#3) ;
#3=PRODUCT_DEFINITION_CONTEXT('part definition',#1,' ') ;
#11=PRODUCT_DEFINITION_SHAPE(' ',' ',#10) ;
#3055=MECHANICAL_DESIGN_GEOMETRIC_PRESENTATION_REPRESENTATION(' ',(#29,#2774,#2925),#16) ;
#19=SHAPE_REPRESENTATION(' ',(#18),#16) ;
#18=AXIS2_PLACEMENT_3D(' ',#17,$,$) ;
#34=AXIS2_PLACEMENT_3D('Plane Axis2P3D',#31,#32,#33) ;
#38=AXIS2_PLACEMENT_3D('Circle Axis2P3D',#36,#37,$) ;
#47=AXIS2_PLACEMENT_3D('Circle Axis2P3D',#45,#46,$) ;
#58=AXIS2_PLACEMENT_3D('Cylinder Axis2P3D',#55,#56,#57) ;
#95=AXIS2_PLACEMENT_3D('Cylinder Axis2P3D',#92,#93,#94) ;
#99=AXIS2_PLACEMENT_3D('Circle Axis2P3D',#97,#98,$) ;
#112=AXIS2_PLACEMENT_3D('Plane Axis2P3D',#109,#110,#111) ;
#181=AXIS2_PLACEMENT_3D('Circle Axis2P3D',#179,#180,$) ;
#204=AXIS2_PLACEMENT_3D('Plane Axis2P3D',#201,#202,#203) ;
#235=AXIS2_PLACEMENT_3D('Plane Axis2P3D',#232,#233,#234) ;
#259=AXIS2_PLACEMENT_3D('Plane Axis2P3D',#256,#257,#258) ;
#283=AXIS2_PLACEMENT_3D('Plane Axis2P3D',#280,#281,#282) ;
#326=AXIS2_PLACEMENT_3D('Plane Axis2P3D',#323,#324,#325) ;
#350=AXIS2_PLACEMENT_3D('Cylinder Axis2P3D',#347,#348,#349) ;
#361=AXIS2_PLACEMENT_3D('Circle Axis2P3D',#359,#360,$) ;
#393=AXIS2_PLACEMENT_3D('Plane Axis2P3D',#390,#391,#392) ;
#417=AXIS2_PLACEMENT_3D('Plane Axis2P3D',#414,#415,#416) ;
#466=AXIS2_PLACEMENT_3D('Plane Axis2P3D',#463,#464,#465) ;
#529=AXIS2_PLACEMENT_3D('Plane Axis2P3D',#526,#527,#528) ;
#553=AXIS2_PLACEMENT_3D('Plane Axis2P3D',#550,#551,#552) ;
#577=AXIS2_PLACEMENT_3D('Plane Axis2P3D',#574,#575,#576) ;
#609=AXIS2_PLACEMENT_3D('Plane Axis2P3D',#606,#607,#608) ;
#640=AXIS2_PLACEMENT_3D('Plane Axis2P3D',#637,#638,#639) ;
#670=AXIS2_PLACEMENT_3D('Plane Axis2P3D',#667,#668,#669) ;
#694=AXIS2_PLACEMENT_3D('Plane Axis2P3D',#691,#692,#693) ;
#711=AXIS2_PLACEMENT_3D('Plane Axis2P3D',#708,#709,#710) ;
#752=AXIS2_PLACEMENT_3D('Circle Axis2P3D',#750,#751,$) ;
#794=AXIS2_PLACEMENT_3D('Circle Axis2P3D',#792,#793,$) ;
#938=AXIS2_PLACEMENT_3D('Circle Axis2P3D',#936,#937,$) ;
#1013=AXIS2_PLACEMENT_3D('Cylinder Axis2P3D',#1010,#1011,#1012) ;
#1041=AXIS2_PLACEMENT_3D('Circle Axis2P3D',#1039,#1040,$) ;
#1066=AXIS2_PLACEMENT_3D('Plane Axis2P3D',#1063,#1064,#1065) ;
#1117=AXIS2_PLACEMENT_3D('Plane Axis2P3D',#1114,#1115,#1116) ;
#1141=AXIS2_PLACEMENT_3D('Plane Axis2P3D',#1138,#1139,#1140) ;
#1229=AXIS2_PLACEMENT_3D('Plane Axis2P3D',#1226,#1227,#1228) ;
#1247=AXIS2_PLACEMENT_3D('Plane Axis2P3D',#1244,#1245,#1246) ;
#1280=AXIS2_PLACEMENT_3D('Plane Axis2P3D',#1277,#1278,#1279) ;
#1304=AXIS2_PLACEMENT_3D('Plane Axis2P3D',#1301,#1302,#1303) ;
#1344=AXIS2_PLACEMENT_3D('Plane Axis2P3D',#1341,#1342,#1343) ;
#1375=AXIS2_PLACEMENT_3D('Plane Axis2P3D',#1372,#1373,#1374) ;
#1399=AXIS2_PLACEMENT_3D('Plane Axis2P3D',#1396,#1397,#1398) ;
#1416=AXIS2_PLACEMENT_3D('Plane Axis2P3D',#1413,#1414,#1415) ;
#1479=AXIS2_PLACEMENT_3D('Plane Axis2P3D',#1476,#1477,#1478) ;
#1483=AXIS2_PLACEMENT_3D('Circle Axis2P3D',#1481,#1482,$) ;
#1497=AXIS2_PLACEMENT_3D('Circle Axis2P3D',#1495,#1496,$) ;
#1563=AXIS2_PLACEMENT_3D('Circle Axis2P3D',#1561,#1562,$) ;
#1577=AXIS2_PLACEMENT_3D('Circle Axis2P3D',#1575,#1576,$) ;
#1635=AXIS2_PLACEMENT_3D('Cylinder Axis2P3D',#1632,#1633,#1634) ;
#1651=AXIS2_PLACEMENT_3D('Circle Axis2P3D',#1649,#1650,$) ;
#1665=AXIS2_PLACEMENT_3D('Plane Axis2P3D',#1662,#1663,#1664) ;
#1727=AXIS2_PLACEMENT_3D('Plane Axis2P3D',#1724,#1725,#1726) ;
#1754=AXIS2_PLACEMENT_3D('Plane Axis2P3D',#1751,#1752,#1753) ;
#1778=AXIS2_PLACEMENT_3D('Plane Axis2P3D',#1775,#1776,#1777) ;
#1795=AXIS2_PLACEMENT_3D('Plane Axis2P3D',#1792,#1793,#1794) ;
#1819=AXIS2_PLACEMENT_3D('Cylinder Axis2P3D',#1816,#1817,#1818) ;
#1832=AXIS2_PLACEMENT_3D('Plane Axis2P3D',#1829,#1830,#1831) ;
#1836=AXIS2_PLACEMENT_3D('Circle Axis2P3D',#1834,#1835,$) ;
#1845=AXIS2_PLACEMENT_3D('Circle Axis2P3D',#1843,#1844,$) ;
#1856=AXIS2_PLACEMENT_3D('Cylinder Axis2P3D',#1853,#1854,#1855) ;
#1874=AXIS2_PLACEMENT_3D('Circle Axis2P3D',#1872,#1873,$) ;
#1887=AXIS2_PLACEMENT_3D('Cylinder Axis2P3D',#1884,#1885,#1886) ;
#1910=AXIS2_PLACEMENT_3D('Plane Axis2P3D',#1907,#1908,#1909) ;
#2043=AXIS2_PLACEMENT_3D('Plane Axis2P3D',#2040,#2041,#2042) ;
#2065=AXIS2_PLACEMENT_3D('Plane Axis2P3D',#2062,#2063,#2064) ;
#2105=AXIS2_PLACEMENT_3D('Plane Axis2P3D',#2102,#2103,#2104) ;
#2129=AXIS2_PLACEMENT_3D('Plane Axis2P3D',#2126,#2127,#2128) ;
#2153=AXIS2_PLACEMENT_3D('Plane Axis2P3D',#2150,#2151,#2152) ;
#2176=AXIS2_PLACEMENT_3D('Plane Axis2P3D',#2173,#2174,#2175) ;
#2193=AXIS2_PLACEMENT_3D('Plane Axis2P3D',#2190,#2191,#2192) ;
#2218=AXIS2_PLACEMENT_3D('Plane Axis2P3D',#2215,#2216,#2217) ;
#2242=AXIS2_PLACEMENT_3D('Plane Axis2P3D',#2239,#2240,#2241) ;
#2259=AXIS2_PLACEMENT_3D('Plane Axis2P3D',#2256,#2257,#2258) ;
#2275=AXIS2_PLACEMENT_3D('Plane Axis2P3D',#2272,#2273,#2274) ;
#2302=AXIS2_PLACEMENT_3D('Plane Axis2P3D',#2299,#2300,#2301) ;
#2357=AXIS2_PLACEMENT_3D('Plane Axis2P3D',#2354,#2355,#2356) ;
#2381=AXIS2_PLACEMENT_3D('Plane Axis2P3D',#2378,#2379,#2380) ;
#2408=AXIS2_PLACEMENT_3D('Cylinder Axis2P3D',#2405,#2406,#2407) ;
#2429=AXIS2_PLACEMENT_3D('Circle Axis2P3D',#2427,#2428,$) ;
#2491=AXIS2_PLACEMENT_3D('Plane Axis2P3D',#2488,#2489,#2490) ;
#2508=AXIS2_PLACEMENT_3D('Plane Axis2P3D',#2505,#2506,#2507) ;
#2537=AXIS2_PLACEMENT_3D('Cylinder Axis2P3D',#2534,#2535,#2536) ;
#2555=AXIS2_PLACEMENT_3D('Plane Axis2P3D',#2552,#2553,#2554) ;
#2572=AXIS2_PLACEMENT_3D('Cylinder Axis2P3D',#2569,#2570,#2571) ;
#2592=AXIS2_PLACEMENT_3D('Plane Axis2P3D',#2589,#2590,#2591) ;
#2604=AXIS2_PLACEMENT_3D('Plane Axis2P3D',#2601,#2602,#2603) ;
#2627=AXIS2_PLACEMENT_3D('Plane Axis2P3D',#2624,#2625,#2626) ;
#2644=AXIS2_PLACEMENT_3D('Cylinder Axis2P3D',#2641,#2642,#2643) ;
#2661=AXIS2_PLACEMENT_3D('Plane Axis2P3D',#2658,#2659,#2660) ;
#2699=AXIS2_PLACEMENT_3D('Plane Axis2P3D',#2696,#2697,#2698) ;
#2729=AXIS2_PLACEMENT_3D('Plane Axis2P3D',#2726,#2727,#2728) ;
#2743=AXIS2_PLACEMENT_3D('Plane Axis2P3D',#2740,#2741,#2742) ;
#2755=AXIS2_PLACEMENT_3D('Plane Axis2P3D',#2752,#2753,#2754) ;
#2779=AXIS2_PLACEMENT_3D('Plane Axis2P3D',#2776,#2777,#2778) ;
#2819=AXIS2_PLACEMENT_3D('Plane Axis2P3D',#2816,#2817,#2818) ;
#2850=AXIS2_PLACEMENT_3D('Plane Axis2P3D',#2847,#2848,#2849) ;
#2874=AXIS2_PLACEMENT_3D('Plane Axis2P3D',#2871,#2872,#2873) ;
#2898=AXIS2_PLACEMENT_3D('Plane Axis2P3D',#2895,#2896,#2897) ;
#2915=AXIS2_PLACEMENT_3D('Plane Axis2P3D',#2912,#2913,#2914) ;
#2965=AXIS2_PLACEMENT_3D('Plane Axis2P3D',#2962,#2963,#2964) ;
#3015=AXIS2_PLACEMENT_3D('Plane Axis2P3D',#3012,#3013,#3014) ;
#17=CARTESIAN_POINT(' ',(0.,0.,0.)) ;
#31=CARTESIAN_POINT('Axis2P3D Location',(-5.,2.49145237774E-009,7.90000000249)) ;
#36=CARTESIAN_POINT('Axis2P3D Location',(3.40000000037,3.77000000204,7.90000000249)) ;
#40=CARTESIAN_POINT('Vertex',(3.87723528408,4.64357332948,7.90000000249)) ;
#42=CARTESIAN_POINT('Vertex',(2.92276471667,2.89642667461,7.90000000249)) ;
#45=CARTESIAN_POINT('Axis2P3D Location',(3.40000000037,3.77000000204,7.90000000249)) ;
#55=CARTESIAN_POINT('Axis2P3D Location',(3.4,3.77000000249,6.4550000024)) ;
#60=CARTESIAN_POINT('Line Origine',(3.87723528369,4.64357332965,6.45500000194)) ;
#64=CARTESIAN_POINT('Vertex',(3.87723528369,4.64357332965,6.23000000277)) ;
#67=CARTESIAN_POINT('Line Origine',(2.92276471631,2.89642667534,6.45500000194)) ;
#71=CARTESIAN_POINT('Vertex',(2.92276471631,2.89642667533,6.23000000249)) ;
#75=CARTESIAN_POINT('Control Point',(2.92276471631,2.89642667534,6.23000000249)) ;
#76=CARTESIAN_POINT('Control Point',(3.19720587101,2.74649878921,6.23000000252)) ;
#77=CARTESIAN_POINT('Control Point',(3.53052356891,2.70434369251,6.23000000255)) ;
#78=CARTESIAN_POINT('Control Point',(3.86594476547,2.80275895261,6.23000000258)) ;
#79=CARTESIAN_POINT('Control Point',(4.38134611659,3.2338881756,6.23000000263)) ;
#80=CARTESIAN_POINT('Control Point',(4.46565630998,3.9005235714,6.23000000269)) ;
#81=CARTESIAN_POINT('Control Point',(4.36724104988,4.23594476797,6.23000000272)) ;
#82=CARTESIAN_POINT('Control Point',(4.15167643838,4.49364544352,6.23000000275)) ;
#83=CARTESIAN_POINT('Control Point',(3.87723528369,4.64357332965,6.23000000277)) ;
#92=CARTESIAN_POINT('Axis2P3D Location',(3.4,3.77000000249,6.4550000024)) ;
#97=CARTESIAN_POINT('Axis2P3D Location',(3.4,3.77000000249,6.23000000277)) ;
#109=CARTESIAN_POINT('Axis2P3D Location',(6.88592374981,6.85000000249,6.23000000249)) ;
#114=CARTESIAN_POINT('Line Origine',(5.77061224882,1.39000000249,6.23000000249)) ;
#118=CARTESIAN_POINT('Vertex',(5.39122449726,1.39000000249,6.23000000182)) ;
#120=CARTESIAN_POINT('Vertex',(6.15,1.39000000195,6.23000000182)) ;
#123=CARTESIAN_POINT('Line Origine',(6.15,1.7520381276,6.23000000249)) ;
#127=CARTESIAN_POINT('Vertex',(6.15000000022,2.11407625271,6.23000000182)) ;
#130=CARTESIAN_POINT('Line Origine',(6.51796187491,2.11407625271,6.23000000249)) ;
#134=CARTESIAN_POINT('Vertex',(6.88592374982,2.11407625251,6.23000000182)) ;
#137=CARTESIAN_POINT('Line Origine',(6.88592374982,4.12000000249,6.23000000249)) ;
#141=CARTESIAN_POINT('Vertex',(6.88592375003,6.12592375227,6.23000000182)) ;
#144=CARTESIAN_POINT('Line Origine',(6.51796187491,6.12592375227,6.23000000249)) ;
#148=CARTESIAN_POINT('Vertex',(6.15,6.12592375227,6.23000000182)) ;
#151=CARTESIAN_POINT('Line Origine',(6.15,6.48796187738,6.23000000249)) ;
#155=CARTESIAN_POINT('Vertex',(6.15,6.85000000249,6.23000000182)) ;
#158=CARTESIAN_POINT('Line Origine',(3.435,6.8500000025,6.23000000249)) ;
#162=CARTESIAN_POINT('Vertex',(0.720000000298,6.85000000249,6.23000000182)) ;
#165=CARTESIAN_POINT('Line Origine',(0.719999999993,4.12000000249,6.23000000249)) ;
#169=CARTESIAN_POINT('Vertex',(0.72,1.39000000249,6.23000000182)) ;
#172=CARTESIAN_POINT('Line Origine',(1.06438775118,1.39000000249,6.23000000249)) ;
#176=CARTESIAN_POINT('Vertex',(1.40877550236,1.39000000249,6.23000000181)) ;
#179=CARTESIAN_POINT('Axis2P3D Location',(3.4,3.89500000249,6.23000000249)) ;
#201=CARTESIAN_POINT('Axis2P3D Location',(6.15,6.12592375227,14.9500000025)) ;
#206=CARTESIAN_POINT('Line Origine',(6.15,6.85000000284,10.5900000022)) ;
#210=CARTESIAN_POINT('Vertex',(6.1500000006,6.85000000286,14.9500000025)) ;
#213=CARTESIAN_POINT('Line Origine',(6.15,6.12592375227,10.5900000022)) ;
#217=CARTESIAN_POINT('Vertex',(6.1500000006,6.1259237523,14.9500000025)) ;
#220=CARTESIAN_POINT('Line Origine',(6.15,6.48796187756,14.9500000025)) ;
#232=CARTESIAN_POINT('Axis2P3D Location',(-8.35407625019,6.12592375227,14.9500000025)) ;
#237=CARTESIAN_POINT('Line Origine',(6.88592375003,6.12592375227,10.5900000022)) ;
#241=CARTESIAN_POINT('Vertex',(6.88592374906,6.1259237523,14.9500000025)) ;
#244=CARTESIAN_POINT('Line Origine',(6.51796187487,6.12592375227,14.9500000025)) ;
#256=CARTESIAN_POINT('Axis2P3D Location',(6.88592374981,6.12592375227,14.9500000025)) ;
#261=CARTESIAN_POINT('Line Origine',(6.88592374982,2.11407625251,10.5900000022)) ;
#265=CARTESIAN_POINT('Vertex',(6.88592374906,2.11407625254,14.9500000025)) ;
#268=CARTESIAN_POINT('Line Origine',(6.88592374981,4.12000000239,14.9500000025)) ;
#280=CARTESIAN_POINT('Axis2P3D Location',(-9.09,2.11407625271,14.9500000025)) ;
#285=CARTESIAN_POINT('Line Origine',(6.15000000022,2.11407625271,10.5900000022)) ;
#289=CARTESIAN_POINT('Vertex',(6.1500000006,2.11407625254,14.9500000025)) ;
#292=CARTESIAN_POINT('Line Origine',(6.51796187539,2.11407625271,14.9500000025)) ;
#304=CARTESIAN_POINT('Line Origine',(6.15,1.39000000195,10.5900000022)) ;
#308=CARTESIAN_POINT('Vertex',(6.1500000006,1.39000000197,14.9500000025)) ;
#311=CARTESIAN_POINT('Line Origine',(6.15,1.75203812723,14.9500000025)) ;
#323=CARTESIAN_POINT('Axis2P3D Location',(0.72,1.39000000249,14.9500000025)) ;
#328=CARTESIAN_POINT('Line Origine',(5.39122449726,1.39000000249,10.5900000022)) ;
#332=CARTESIAN_POINT('Vertex',(5.39122449815,1.39000000197,14.9500000025)) ;
#335=CARTESIAN_POINT('Line Origine',(5.77061224848,1.39000000249,14.9500000025)) ;
#347=CARTESIAN_POINT('Axis2P3D Location',(3.4,3.89500000249,9.29000000233)) ;
#352=CARTESIAN_POINT('Line Origine',(1.40877550236,1.39000000249,9.29000000283)) ;
#356=CARTESIAN_POINT('Vertex',(1.40877550304,1.39000000197,14.9500000025)) ;
#359=CARTESIAN_POINT('Axis2P3D Location',(3.4,3.89500000249,14.9500000025)) ;
#371=CARTESIAN_POINT('Line Origine',(0.72,1.39000000249,10.5900000022)) ;
#375=CARTESIAN_POINT('Vertex',(0.720000000894,1.39000000197,14.9500000025)) ;
#378=CARTESIAN_POINT('Line Origine',(1.06438775107,1.39000000249,14.9500000025)) ;
#390=CARTESIAN_POINT('Axis2P3D Location',(0.72,6.85000000249,14.9500000025)) ;
#395=CARTESIAN_POINT('Line Origine',(0.72,6.85000000249,10.5900000022)) ;
#399=CARTESIAN_POINT('Vertex',(0.720000000894,6.85000000286,14.9500000025)) ;
#402=CARTESIAN_POINT('Line Origine',(0.72,4.12000000204,14.9500000025)) ;
#414=CARTESIAN_POINT('Axis2P3D Location',(6.15,6.85000000249,14.9500000025)) ;
#419=CARTESIAN_POINT('Line Origine',(1.60500000007,6.85000000249,14.9500000025)) ;
#423=CARTESIAN_POINT('Vertex',(2.49000000045,6.85000000286,14.9500000025)) ;
#426=CARTESIAN_POINT('Line Origine',(5.23000000007,6.85000000249,14.9500000025)) ;
#430=CARTESIAN_POINT('Vertex',(4.31000000075,6.85000000286,14.9500000025)) ;
#433=CARTESIAN_POINT('Line Origine',(4.31000000015,6.85000000249,12.9000000027)) ;
#437=CARTESIAN_POINT('Vertex',(4.3099999997,6.85000000257,10.8500000025)) ;
#440=CARTESIAN_POINT('Line Origine',(3.4,6.85000000249,10.8500000029)) ;
#444=CARTESIAN_POINT('Vertex',(2.4899999994,6.85000000257,10.8500000025)) ;
#447=CARTESIAN_POINT('Line Origine',(2.48999999985,6.85000000249,12.9000000027)) ;
#463=CARTESIAN_POINT('Axis2P3D Location',(33.88,3.77000000249,10.8500000025)) ;
#468=CARTESIAN_POINT('Line Origine',(4.3099999997,6.94648150183,10.8500000025)) ;
#472=CARTESIAN_POINT('Vertex',(4.3099999997,7.04296300109,10.8500000025)) ;
#475=CARTESIAN_POINT('Line Origine',(4.4349999997,7.2214815022,10.8500000025)) ;
#479=CARTESIAN_POINT('Vertex',(4.56,7.40000000324,10.8500000029)) ;
#482=CARTESIAN_POINT('Line Origine',(4.5599999997,7.50000000294,10.8500000025)) ;
#486=CARTESIAN_POINT('Vertex',(4.56000000075,7.60000000249,10.8500000025)) ;
#489=CARTESIAN_POINT('Line Origine',(3.39999999955,7.60000000257,10.8500000025)) ;
#493=CARTESIAN_POINT('Vertex',(2.24000000045,7.60000000249,10.8500000025)) ;
#496=CARTESIAN_POINT('Line Origine',(2.2399999994,7.50000000294,10.8500000025)) ;
#500=CARTESIAN_POINT('Vertex',(2.2399999994,7.40000000331,10.8500000025)) ;
#503=CARTESIAN_POINT('Line Origine',(2.3649999994,7.2214815022,10.8500000025)) ;
#507=CARTESIAN_POINT('Vertex',(2.4899999994,7.04296300109,10.8500000025)) ;
#510=CARTESIAN_POINT('Line Origine',(2.4899999994,6.94648150183,10.8500000025)) ;
#526=CARTESIAN_POINT('Axis2P3D Location',(2.49,6.85000000249,14.9500000025)) ;
#531=CARTESIAN_POINT('Line Origine',(2.49,7.04296300102,12.9000000027)) ;
#535=CARTESIAN_POINT('Vertex',(2.49000000045,7.04296300139,14.9500000025)) ;
#538=CARTESIAN_POINT('Line Origine',(2.49,6.94648150175,14.9500000025)) ;
#550=CARTESIAN_POINT('Axis2P3D Location',(2.49,7.0429630008,14.9500000025)) ;
#555=CARTESIAN_POINT('Line Origine',(2.23999999978,7.4000000028,12.9000000027)) ;
#559=CARTESIAN_POINT('Vertex',(2.24000000045,7.40000000175,14.9500000025)) ;
#562=CARTESIAN_POINT('Line Origine',(2.36499999989,7.2214815018,14.9500000025)) ;
#574=CARTESIAN_POINT('Axis2P3D Location',(2.24,7.40000000249,14.9500000025)) ;
#579=CARTESIAN_POINT('Line Origine',(2.24,7.60000000175,11.3500000029)) ;
#583=CARTESIAN_POINT('Vertex',(2.24000000045,7.60000000175,11.8500000025)) ;
#586=CARTESIAN_POINT('Line Origine',(2.24,7.60000000175,13.4000000027)) ;
#590=CARTESIAN_POINT('Vertex',(2.24000000045,7.60000000286,14.9500000025)) ;
#593=CARTESIAN_POINT('Line Origine',(2.24,7.50000000212,14.9500000025)) ;
#606=CARTESIAN_POINT('Axis2P3D Location',(2.24,7.60000000249,14.9500000025)) ;
#611=CARTESIAN_POINT('Line Origine',(3.40000000015,7.60000000249,11.8500000029)) ;
#615=CARTESIAN_POINT('Vertex',(4.56000000075,7.60000000175,11.8500000025)) ;
#618=CARTESIAN_POINT('Line Origine',(4.5600000003,7.60000000249,13.4000000027)) ;
#622=CARTESIAN_POINT('Vertex',(4.56000000075,7.60000000286,14.9500000025)) ;
#625=CARTESIAN_POINT('Line Origine',(3.40000000015,7.60000000249,14.9500000025)) ;
#637=CARTESIAN_POINT('Axis2P3D Location',(4.56,7.60000000249,14.9500000025)) ;
#642=CARTESIAN_POINT('Line Origine',(4.56,7.40000000324,12.9000000027)) ;
#646=CARTESIAN_POINT('Vertex',(4.56000000075,7.40000000175,14.9500000025)) ;
#649=CARTESIAN_POINT('Line Origine',(4.56,7.50000000286,14.9500000025)) ;
#654=CARTESIAN_POINT('Line Origine',(4.56,7.60000000249,11.3500000029)) ;
#667=CARTESIAN_POINT('Axis2P3D Location',(4.56,7.40000000249,14.9500000025)) ;
#672=CARTESIAN_POINT('Line Origine',(4.30999999978,7.0429630005,12.9000000027)) ;
#676=CARTESIAN_POINT('Vertex',(4.31000000075,7.04296300139,14.9500000025)) ;
#679=CARTESIAN_POINT('Line Origine',(4.43499999989,7.22148150149,14.9500000025)) ;
#691=CARTESIAN_POINT('Axis2P3D Location',(4.31,7.0429630008,14.9500000025)) ;
#696=CARTESIAN_POINT('Line Origine',(4.31,6.94648150154,14.9500000025)) ;
#708=CARTESIAN_POINT('Axis2P3D Location',(-15.24,7.95000000249,14.9500000025)) ;
#713=CARTESIAN_POINT('Line Origine',(7.20999999978,7.95000000249,14.9500000025)) ;
#717=CARTESIAN_POINT('Vertex',(3.97316030145E-016,7.95000000175,14.9500000025)) ;
#719=CARTESIAN_POINT('Vertex',(14.4199999993,7.95000000249,14.9500000025)) ;
#722=CARTESIAN_POINT('Line Origine',(2.23515428388E-010,3.97500000286,14.9500000025)) ;
#726=CARTESIAN_POINT('Vertex',(8.8411313276E-016,2.49145237774E-009,14.9500000025)) ;
#729=CARTESIAN_POINT('Line Origine',(0.399999999665,3.23651246092E-009,14.9500000025)) ;
#733=CARTESIAN_POINT('Vertex',(0.799999999106,2.49145335991E-009,14.9500000025)) ;
#736=CARTESIAN_POINT('Line Origine',(0.799999999106,0.335000003199,14.9500000025)) ;
#740=CARTESIAN_POINT('Vertex',(0.799999999106,0.670000003162,14.9500000025)) ;
#743=CARTESIAN_POINT('Line Origine',(1.09509017807,0.670000003162,14.9500000025)) ;
#747=CARTESIAN_POINT('Vertex',(1.39018035702,0.670000003162,14.9500000025)) ;
#750=CARTESIAN_POINT('Axis2P3D Location',(3.4000000006,3.8949999955,14.9500000025)) ;
#754=CARTESIAN_POINT('Vertex',(5.40981964417,0.670000003162,14.9500000025)) ;
#757=CARTESIAN_POINT('Line Origine',(6.10990982246,0.670000003162,14.9500000025)) ;
#761=CARTESIAN_POINT('Vertex',(6.81000000075,0.670000003162,14.9500000025)) ;
#764=CARTESIAN_POINT('Line Origine',(6.81000000075,0.335000003199,14.9500000025)) ;
#768=CARTESIAN_POINT('Vertex',(6.81000000075,3.23651285342E-009,14.9500000025)) ;
#771=CARTESIAN_POINT('Line Origine',(7.21000000071,3.23651287791E-009,14.9500000025)) ;
#775=CARTESIAN_POINT('Vertex',(7.61000000067,3.23651290241E-009,14.9500000025)) ;
#778=CARTESIAN_POINT('Line Origine',(7.61000000067,0.335000003199,14.9500000025)) ;
#782=CARTESIAN_POINT('Vertex',(7.61000000067,0.670000003162,14.9500000025)) ;
#785=CARTESIAN_POINT('Line Origine',(8.15009017881,0.670000003162,14.9500000025)) ;
#789=CARTESIAN_POINT('Vertex',(8.69018035695,0.670000003162,14.9500000025)) ;
#792=CARTESIAN_POINT('Axis2P3D Location',(10.7000000005,3.8949999955,14.9500000025)) ;
#796=CARTESIAN_POINT('Vertex',(12.7098196441,0.670000003162,14.9500000025)) ;
#799=CARTESIAN_POINT('Line Origine',(13.0049098221,0.670000003162,14.9500000025)) ;
#803=CARTESIAN_POINT('Vertex',(13.3000000001,0.670000003162,14.9500000025)) ;
#806=CARTESIAN_POINT('Line Origine',(13.3000000001,0.335000003199,14.9500000025)) ;
#810=CARTESIAN_POINT('Vertex',(13.3000000001,3.23651325082E-009,14.9500000025)) ;
#813=CARTESIAN_POINT('Line Origine',(13.8599999997,3.23651328511E-009,14.9500000025)) ;
#817=CARTESIAN_POINT('Vertex',(14.4199999993,3.2365133194E-009,14.9500000025)) ;
#820=CARTESIAN_POINT('Line Origine',(14.4199999993,3.97500000286,14.9500000025)) ;
#843=CARTESIAN_POINT('Line Origine',(7.74203812551,6.1259237523,14.9500000025)) ;
#847=CARTESIAN_POINT('Vertex',(7.95000000052,6.1259237523,14.9500000025)) ;
#849=CARTESIAN_POINT('Vertex',(7.53407625049,6.1259237523,14.9500000025)) ;
#852=CARTESIAN_POINT('Line Origine',(7.95000000052,6.48796187758,14.9500000025)) ;
#856=CARTESIAN_POINT('Vertex',(7.95000000052,6.85000000286,14.9500000025)) ;
#859=CARTESIAN_POINT('Line Origine',(9.0300000006,6.85000000286,14.9500000025)) ;
#863=CARTESIAN_POINT('Vertex',(10.1100000007,6.85000000286,14.9500000025)) ;
#866=CARTESIAN_POINT('Line Origine',(10.1100000007,6.94648150213,14.9500000025)) ;
#870=CARTESIAN_POINT('Vertex',(10.1100000007,7.04296300139,14.9500000025)) ;
#873=CARTESIAN_POINT('Line Origine',(9.98500000067,7.22148150157,14.9500000025)) ;
#877=CARTESIAN_POINT('Vertex',(9.86000000067,7.40000000175,14.9500000025)) ;
#880=CARTESIAN_POINT('Line Origine',(9.86000000067,7.50000000231,14.9500000025)) ;
#884=CARTESIAN_POINT('Vertex',(9.86000000067,7.60000000286,14.9500000025)) ;
#887=CARTESIAN_POINT('Line Origine',(11.0199999999,7.60000000286,14.9500000025)) ;
#891=CARTESIAN_POINT('Vertex',(12.1799999991,7.60000000286,14.9500000025)) ;
#894=CARTESIAN_POINT('Line Origine',(12.1799999991,7.50000000231,14.9500000025)) ;
#898=CARTESIAN_POINT('Vertex',(12.1799999991,7.40000000175,14.9500000025)) ;
#901=CARTESIAN_POINT('Line Origine',(12.0549999991,7.22148150157,14.9500000025)) ;
#905=CARTESIAN_POINT('Vertex',(11.9299999991,7.04296300139,14.9500000025)) ;
#908=CARTESIAN_POINT('Line Origine',(11.9299999991,6.94648150213,14.9500000025)) ;
#912=CARTESIAN_POINT('Vertex',(11.9299999991,6.85000000286,14.9500000025)) ;
#915=CARTESIAN_POINT('Line Origine',(12.6549999997,6.85000000286,14.9500000025)) ;
#919=CARTESIAN_POINT('Vertex',(13.3800000002,6.85000000286,14.9500000025)) ;
#922=CARTESIAN_POINT('Line Origine',(13.3800000002,4.12000000242,14.9500000025)) ;
#926=CARTESIAN_POINT('Vertex',(13.3800000002,1.39000000197,14.9500000025)) ;
#929=CARTESIAN_POINT('Line Origine',(13.0356122492,1.39000000197,14.9500000025)) ;
#933=CARTESIAN_POINT('Vertex',(12.6912244981,1.39000000197,14.9500000025)) ;
#936=CARTESIAN_POINT('Axis2P3D Location',(10.7000000005,3.89500000036,14.9500000025)) ;
#940=CARTESIAN_POINT('Vertex',(8.70877550296,1.39000000197,14.9500000025)) ;
#943=CARTESIAN_POINT('Line Origine',(8.32938775174,1.39000000197,14.9500000025)) ;
#947=CARTESIAN_POINT('Vertex',(7.95000000052,1.39000000197,14.9500000025)) ;
#950=CARTESIAN_POINT('Line Origine',(7.95000000052,1.75203812725,14.9500000025)) ;
#954=CARTESIAN_POINT('Vertex',(7.95000000052,2.11407625254,14.9500000025)) ;
#957=CARTESIAN_POINT('Line Origine',(7.74203812551,2.11407625254,14.9500000025)) ;
#961=CARTESIAN_POINT('Vertex',(7.53407625049,2.11407625254,14.9500000025)) ;
#964=CARTESIAN_POINT('Line Origine',(7.53407625049,4.12000000242,14.9500000025)) ;
#1010=CARTESIAN_POINT('Axis2P3D Location',(3.4,3.89500000249,4.95000000249)) ;
#1015=CARTESIAN_POINT('Line Origine',(5.40981964365,0.670000002492,4.95000000298)) ;
#1019=CARTESIAN_POINT('Vertex',(5.40981964365,0.670000002789,4.26099943048)) ;
#1022=CARTESIAN_POINT('Line Origine',(1.39018035635,0.670000002492,4.95000000298)) ;
#1026=CARTESIAN_POINT('Vertex',(1.39018035635,0.670000002789,4.26099943048)) ;
#1030=CARTESIAN_POINT('Control Point',(2.79142803194,0.144048102014,5.55000000212)) ;
#1031=CARTESIAN_POINT('Control Point',(2.65672511299,0.165902933178,5.1580294223)) ;
#1032=CARTESIAN_POINT('Control Point',(2.42220578119,0.209838441114,4.80168092605)) ;
#1033=CARTESIAN_POINT('Control Point',(2.09323110884,0.295128030123,4.51876171567)) ;
#1034=CARTESIAN_POINT('Control Point',(1.73458615781,0.45536634508,4.34806539767)) ;
#1035=CARTESIAN_POINT('Control Point',(1.39018035635,0.670000002492,4.26099943134)) ;
#1036=CARTESIAN_POINT('Vertex',(2.79142803194,0.144048101339,5.55000000249)) ;
#1039=CARTESIAN_POINT('Axis2P3D Location',(3.4,3.89500000249,5.55000000212)) ;
#1043=CARTESIAN_POINT('Vertex',(4.00857196802,0.144048101339,5.55000000249)) ;
#1047=CARTESIAN_POINT('Control Point',(4.00857196806,0.144048102014,5.55000000212)) ;
#1048=CARTESIAN_POINT('Control Point',(4.143274887,0.165902933177,5.1580294223)) ;
#1049=CARTESIAN_POINT('Control Point',(4.3777942188,0.209838441114,4.80168092607)) ;
#1050=CARTESIAN_POINT('Control Point',(4.70676889115,0.295128030115,4.51876171567)) ;
#1051=CARTESIAN_POINT('Control Point',(5.0654138422,0.455366345081,4.34806539766)) ;
#1052=CARTESIAN_POINT('Control Point',(5.40981964365,0.670000002492,4.26099943134)) ;
#1063=CARTESIAN_POINT('Axis2P3D Location',(6.81,0.670000002491,14.9500000025)) ;
#1069=CARTESIAN_POINT('Control Point',(5.99999999948,0.670000002491,4.20250156659)) ;
#1070=CARTESIAN_POINT('Control Point',(5.88131448137,0.670000002491,4.1965598589)) ;
#1071=CARTESIAN_POINT('Control Point',(5.76218782045,0.670000002491,4.19943309221)) ;
#1072=CARTESIAN_POINT('Control Point',(5.64240244599,0.670000002491,4.21130600819)) ;
#1073=CARTESIAN_POINT('Control Point',(5.52502938948,0.670000002491,4.23187434743)) ;
#1074=CARTESIAN_POINT('Control Point',(5.40981964342,0.670000002491,4.26099943134)) ;
#1075=CARTESIAN_POINT('Vertex',(6.,0.670000002789,4.20250156695)) ;
#1078=CARTESIAN_POINT('Line Origine',(5.99999999948,0.670000002491,6.80125078417)) ;
#1082=CARTESIAN_POINT('Vertex',(6.,0.670000002789,9.40000000211)) ;
#1085=CARTESIAN_POINT('Line Origine',(6.15499999974,0.670000002491,9.40000000175)) ;
#1089=CARTESIAN_POINT('Vertex',(6.31,0.670000002491,9.40000000175)) ;
#1092=CARTESIAN_POINT('Line Origine',(6.56,0.670000002491,9.40000000175)) ;
#1096=CARTESIAN_POINT('Vertex',(6.81,0.670000002491,9.40000000175)) ;
#1099=CARTESIAN_POINT('Line Origine',(6.81,0.670000002491,12.1750000021)) ;
#1114=CARTESIAN_POINT('Axis2P3D Location',(6.81,0.670000002491,14.9500000025)) ;
#1119=CARTESIAN_POINT('Line Origine',(6.81,0.335000002529,9.40000000175)) ;
#1123=CARTESIAN_POINT('Vertex',(6.81,2.56595811265E-009,9.40000000175)) ;
#1126=CARTESIAN_POINT('Line Origine',(6.81,2.56595811265E-009,12.1750000021)) ;
#1138=CARTESIAN_POINT('Axis2P3D Location',(-15.24,2.49145237774E-009,14.9500000025)) ;
#1143=CARTESIAN_POINT('Line Origine',(6.40500000048,2.49145370311E-009,9.40000000175)) ;
#1147=CARTESIAN_POINT('Vertex',(6.,2.86398460503E-009,9.40000000211)) ;
#1150=CARTESIAN_POINT('Line Origine',(6.00000000022,2.49145367831E-009,6.30000000212)) ;
#1154=CARTESIAN_POINT('Vertex',(6.,2.86398460503E-009,3.20000000285)) ;
#1157=CARTESIAN_POINT('Line Origine',(6.4499760291,2.49145370587E-009,3.20000000249)) ;
#1161=CARTESIAN_POINT('Vertex',(6.89995205775,2.86398147481E-009,3.20000000249)) ;
#1164=CARTESIAN_POINT('Line Origine',(6.89995205797,2.49145373342E-009,5.95000000249)) ;
#1168=CARTESIAN_POINT('Vertex',(6.89995205705,2.49145237774E-009,8.70000000249)) ;
#1171=CARTESIAN_POINT('Line Origine',(7.37000000086,2.4914537622E-009,8.70000000249)) ;
#1175=CARTESIAN_POINT('Vertex',(7.84004794374,2.49145379099E-009,8.70000000249)) ;
#1178=CARTESIAN_POINT('Line Origine',(7.84004794374,2.49145379099E-009,5.95000000249)) ;
#1182=CARTESIAN_POINT('Vertex',(7.84004794374,2.86398204397E-009,3.20000000249)) ;
#1185=CARTESIAN_POINT('Line Origine',(8.13002397154,2.49145380874E-009,3.20000000249)) ;
#1189=CARTESIAN_POINT('Vertex',(8.41999999933,2.86398207948E-009,3.20000000249)) ;
#1192=CARTESIAN_POINT('Line Origine',(8.41999999933,2.4914538265E-009,6.30000000212)) ;
#1196=CARTESIAN_POINT('Vertex',(8.41999999933,2.4914538265E-009,9.40000000175)) ;
#1199=CARTESIAN_POINT('Line Origine',(8.015,2.4914538017E-009,9.40000000175)) ;
#1203=CARTESIAN_POINT('Vertex',(7.61000000067,2.4914537769E-009,9.40000000175)) ;
#1206=CARTESIAN_POINT('Line Origine',(7.61000000067,2.4914537769E-009,12.1750000021)) ;
#1226=CARTESIAN_POINT('Axis2P3D Location',(29.66,2.4914541541E-009,9.40000000249)) ;
#1231=CARTESIAN_POINT('Line Origine',(5.99999999985,0.335000002454,9.40000000249)) ;
#1244=CARTESIAN_POINT('Axis2P3D Location',(6.,7.60000000249,4.20250156695)) ;
#1249=CARTESIAN_POINT('Line Origine',(6.,4.13500000264,4.20250156695)) ;
#1253=CARTESIAN_POINT('Vertex',(6.00000000022,7.60000000249,4.20250156622)) ;
#1256=CARTESIAN_POINT('Line Origine',(6.,7.60000000249,3.7012507849)) ;
#1260=CARTESIAN_POINT('Vertex',(6.00000000022,7.60000000249,3.20000000212)) ;
#1263=CARTESIAN_POINT('Line Origine',(6.,3.80000000268,3.20000000285)) ;
#1277=CARTESIAN_POINT('Axis2P3D Location',(1.77226407383E-016,7.60000000249,3.20000000249)) ;
#1282=CARTESIAN_POINT('Line Origine',(6.44997602887,7.60000000249,3.20000000249)) ;
#1286=CARTESIAN_POINT('Vertex',(6.89995205797,7.60000000249,3.20000000212)) ;
#1289=CARTESIAN_POINT('Line Origine',(6.89995205775,3.80000000268,3.20000000249)) ;
#1301=CARTESIAN_POINT('Axis2P3D Location',(6.89995205705,2.49145237774E-009,3.20000000249)) ;
#1306=CARTESIAN_POINT('Line Origine',(6.89995205705,7.60000000212,4.20000000249)) ;
#1310=CARTESIAN_POINT('Vertex',(6.89995205797,7.60000000249,5.20000000212)) ;
#1313=CARTESIAN_POINT('Line Origine',(6.89995205705,4.65000000193,5.20000000249)) ;
#1317=CARTESIAN_POINT('Vertex',(6.89995205705,1.70000000175,5.20000000249)) ;
#1320=CARTESIAN_POINT('Line Origine',(6.89995205705,1.70000000175,6.95000000249)) ;
#1324=CARTESIAN_POINT('Vertex',(6.89995205705,1.70000000175,8.70000000249)) ;
#1327=CARTESIAN_POINT('Line Origine',(6.89995205705,0.850000002119,8.70000000249)) ;
#1341=CARTESIAN_POINT('Axis2P3D Location',(-7.39995205705,2.49145237774E-009,5.20000000249)) ;
#1346=CARTESIAN_POINT('Line Origine',(7.36999999947,1.70000000175,5.20000000249)) ;
#1350=CARTESIAN_POINT('Vertex',(7.8400479429,1.70000000175,5.20000000249)) ;
#1353=CARTESIAN_POINT('Line Origine',(7.36999999947,7.60000000212,5.20000000249)) ;
#1357=CARTESIAN_POINT('Vertex',(7.84004794374,7.60000000249,5.20000000212)) ;
#1360=CARTESIAN_POINT('Line Origine',(7.84004794235,4.65000000193,5.20000000249)) ;
#1372=CARTESIAN_POINT('Axis2P3D Location',(18.8,1.70000000249,14.9500000025)) ;
#1377=CARTESIAN_POINT('Line Origine',(7.36999999989,1.70000000249,8.70000000249)) ;
#1381=CARTESIAN_POINT('Vertex',(7.8400479429,1.70000000175,8.70000000249)) ;
#1384=CARTESIAN_POINT('Line Origine',(7.84004794277,1.70000000249,6.95000000249)) ;
#1396=CARTESIAN_POINT('Axis2P3D Location',(-8.34004794295,2.49145237774E-009,8.70000000249)) ;
#1401=CARTESIAN_POINT('Line Origine',(7.84004794304,0.850000002119,8.70000000249)) ;
#1413=CARTESIAN_POINT('Axis2P3D Location',(-15.24,8.40000000249,11.8500000025)) ;
#1418=CARTESIAN_POINT('Line Origine',(7.21000000071,7.60000000175,11.8500000025)) ;
#1422=CARTESIAN_POINT('Vertex',(9.86000000067,7.60000000175,11.8500000025)) ;
#1425=CARTESIAN_POINT('Line Origine',(1.12000000034,7.60000000175,11.8500000025)) ;
#1429=CARTESIAN_POINT('Vertex',(4.18747349107E-016,7.60000000212,11.8500000029)) ;
#1432=CARTESIAN_POINT('Line Origine',(2.23515428388E-010,8.00000000212,11.8500000025)) ;
#1436=CARTESIAN_POINT('Vertex',(3.69761477096E-016,8.40000000286,11.8500000029)) ;
#1439=CARTESIAN_POINT('Line Origine',(7.20999999978,8.40000000249,11.8500000025)) ;
#1443=CARTESIAN_POINT('Vertex',(14.4199999993,8.40000000249,11.8500000025)) ;
#1446=CARTESIAN_POINT('Line Origine',(14.4199999993,8.00000000212,11.8500000025)) ;
#1450=CARTESIAN_POINT('Vertex',(14.4199999993,7.60000000175,11.8500000025)) ;
#1453=CARTESIAN_POINT('Line Origine',(13.2999999992,7.60000000175,11.8500000025)) ;
#1457=CARTESIAN_POINT('Vertex',(12.1799999991,7.60000000175,11.8500000025)) ;
#1460=CARTESIAN_POINT('Line Origine',(11.0199999999,7.60000000175,11.8500000025)) ;
#1476=CARTESIAN_POINT('Axis2P3D Location',(-15.24,7.60000000249,11.8500000025)) ;
#1481=CARTESIAN_POINT('Axis2P3D Location',(5.90000000341,7.60000000249,6.2000000073)) ;
#1485=CARTESIAN_POINT('Vertex',(4.00857196771,7.60000000249,5.55000000175)) ;
#1488=CARTESIAN_POINT('Line Origine',(3.39999999966,7.60000000249,5.55000000175)) ;
#1492=CARTESIAN_POINT('Vertex',(2.79142803162,7.60000000249,5.55000000175)) ;
#1495=CARTESIAN_POINT('Axis2P3D Location',(0.899999995915,7.60000000249,6.2000000073)) ;
#1499=CARTESIAN_POINT('Vertex',(0.799999999106,7.60000000249,4.20250156622)) ;
#1502=CARTESIAN_POINT('Line Origine',(0.799999999106,7.60000000249,3.70125078417)) ;
#1506=CARTESIAN_POINT('Vertex',(0.799999999106,7.60000000249,3.20000000212)) ;
#1509=CARTESIAN_POINT('Line Origine',(0.399999999665,7.60000000249,3.20000000212)) ;
#1513=CARTESIAN_POINT('Vertex',(4.18747349107E-016,7.60000000212,3.20000000249)) ;
#1516=CARTESIAN_POINT('Line Origine',(2.23515428388E-010,7.60000000249,7.52500000231)) ;
#1521=CARTESIAN_POINT('Line Origine',(9.86000000067,7.60000000249,11.3500000025)) ;
#1525=CARTESIAN_POINT('Vertex',(9.86000000067,7.60000000249,10.8500000025)) ;
#1528=CARTESIAN_POINT('Line Origine',(11.0199999999,7.60000000249,10.8500000025)) ;
#1532=CARTESIAN_POINT('Vertex',(12.1799999991,7.60000000249,10.8500000025)) ;
#1535=CARTESIAN_POINT('Line Origine',(12.1799999991,7.60000000249,11.3500000025)) ;
#1540=CARTESIAN_POINT('Line Origine',(14.4199999993,7.60000000249,7.52500000231)) ;
#1544=CARTESIAN_POINT('Vertex',(14.4199999993,7.60000000249,3.20000000212)) ;
#1547=CARTESIAN_POINT('Line Origine',(14.0199999999,7.60000000249,3.20000000212)) ;
#1551=CARTESIAN_POINT('Vertex',(13.6200000004,7.60000000249,3.20000000212)) ;
#1554=CARTESIAN_POINT('Line Origine',(13.6200000004,7.60000000249,3.70125078417)) ;
#1558=CARTESIAN_POINT('Vertex',(13.6200000004,7.60000000249,4.20250156622)) ;
#1561=CARTESIAN_POINT('Axis2P3D Location',(13.5200000036,7.60000000249,6.2000000073)) ;
#1565=CARTESIAN_POINT('Vertex',(11.6285719679,7.60000000249,5.55000000175)) ;
#1568=CARTESIAN_POINT('Line Origine',(11.0199999999,7.60000000249,5.55000000175)) ;
#1572=CARTESIAN_POINT('Vertex',(10.4114280318,7.60000000249,5.55000000175)) ;
#1575=CARTESIAN_POINT('Axis2P3D Location',(8.51999999614,7.60000000249,6.2000000073)) ;
#1579=CARTESIAN_POINT('Vertex',(8.41999999933,7.60000000249,4.20250156622)) ;
#1582=CARTESIAN_POINT('Line Origine',(8.41999999933,7.60000000249,3.70125078417)) ;
#1586=CARTESIAN_POINT('Vertex',(8.41999999933,7.60000000249,3.20000000212)) ;
#1589=CARTESIAN_POINT('Line Origine',(8.13002397154,7.60000000249,3.20000000212)) ;
#1593=CARTESIAN_POINT('Vertex',(7.84004794374,7.60000000249,3.20000000212)) ;
#1596=CARTESIAN_POINT('Line Origine',(7.84004794374,7.60000000249,4.20000000212)) ;
#1632=CARTESIAN_POINT('Axis2P3D Location',(0.9,-1.89999999751,6.20000000249)) ;
#1637=CARTESIAN_POINT('Line Origine',(0.8,-1.89999999665,4.20250156695)) ;
#1641=CARTESIAN_POINT('Vertex',(0.8,0.670000002789,4.20250156695)) ;
#1644=CARTESIAN_POINT('Line Origine',(2.79142803194,-1.89999999665,5.55000000249)) ;
#1649=CARTESIAN_POINT('Axis2P3D Location',(0.9,0.670000002789,6.20000000249)) ;
#1662=CARTESIAN_POINT('Axis2P3D Location',(0.8,7.60000000249,4.20250156695)) ;
#1667=CARTESIAN_POINT('Line Origine',(0.8,2.86398460503E-009,9.07500000285)) ;
#1671=CARTESIAN_POINT('Vertex',(0.800000000745,2.8639811013E-009,3.20000000249)) ;
#1674=CARTESIAN_POINT('Line Origine',(0.8,3.80000000268,3.20000000285)) ;
#1679=CARTESIAN_POINT('Line Origine',(0.8,0.670000002789,9.5762507849)) ;
#1693=CARTESIAN_POINT('Line Origine',(0.400000000373,2.86398107681E-009,3.20000000249)) ;
#1697=CARTESIAN_POINT('Vertex',(8.8411313276E-016,2.49145237774E-009,3.20000000249)) ;
#1700=CARTESIAN_POINT('Line Origine',(4.0990929921E-016,3.80000000268,3.20000000249)) ;
#1712=CARTESIAN_POINT('Line Origine',(2.23518981102E-010,2.49145331092E-009,9.07500000249)) ;
#1724=CARTESIAN_POINT('Axis2P3D Location',(8.8411313276E-016,2.49145237774E-009,-0.0499999975085)) ;
#1729=CARTESIAN_POINT('Line Origine',(3.8353875362E-016,8.17500000231,13.5000000023)) ;
#1733=CARTESIAN_POINT('Vertex',(3.69761477096E-016,8.40000000286,12.0500000021)) ;
#1736=CARTESIAN_POINT('Line Origine',(3.69761477096E-016,8.40000000286,11.9500000025)) ;
#1751=CARTESIAN_POINT('Axis2P3D Location',(-15.24,7.95000000249,14.9500000025)) ;
#1756=CARTESIAN_POINT('Line Origine',(7.20999999978,8.40000000246,12.0500000027)) ;
#1760=CARTESIAN_POINT('Vertex',(14.4199999993,8.40000000246,12.0500000027)) ;
#1763=CARTESIAN_POINT('Line Origine',(14.4199999993,8.17500000248,13.5000000026)) ;
#1775=CARTESIAN_POINT('Axis2P3D Location',(-15.24,8.40000000249,11.8500000025)) ;
#1780=CARTESIAN_POINT('Line Origine',(14.4199999993,8.40000000249,11.9500000021)) ;
#1792=CARTESIAN_POINT('Axis2P3D Location',(2.79142803194,7.60000000249,5.55000000249)) ;
#1797=CARTESIAN_POINT('Line Origine',(4.00857196802,3.87202405192,5.55000000249)) ;
#1816=CARTESIAN_POINT('Axis2P3D Location',(5.9,-1.89999999751,6.20000000249)) ;
#1829=CARTESIAN_POINT('Axis2P3D Location',(-27.86,2.49145013479E-009,7.90000000249)) ;
#1834=CARTESIAN_POINT('Axis2P3D Location',(11.0200000008,3.77000000204,7.90000000249)) ;
#1838=CARTESIAN_POINT('Vertex',(11.4972352845,4.64357332948,7.90000000249)) ;
#1840=CARTESIAN_POINT('Vertex',(10.5427647171,2.89642667461,7.90000000249)) ;
#1843=CARTESIAN_POINT('Axis2P3D Location',(11.0199999994,3.77000000283,7.90000000249)) ;
#1853=CARTESIAN_POINT('Axis2P3D Location',(11.02,3.77000000249,6.4550000024)) ;
#1858=CARTESIAN_POINT('Line Origine',(10.5427647163,2.89642667534,6.45500000194)) ;
#1862=CARTESIAN_POINT('Vertex',(10.5427647156,2.89642667498,6.23000000249)) ;
#1865=CARTESIAN_POINT('Line Origine',(11.4972352837,4.64357332965,6.45500000194)) ;
#1869=CARTESIAN_POINT('Vertex',(11.4972352837,4.64357332965,6.23000000277)) ;
#1872=CARTESIAN_POINT('Axis2P3D Location',(11.02,3.77000000249,6.23000000277)) ;
#1884=CARTESIAN_POINT('Axis2P3D Location',(11.02,3.77000000249,6.4550000024)) ;
#1890=CARTESIAN_POINT('Control Point',(10.5427647163,2.89642667534,6.23000000249)) ;
#1891=CARTESIAN_POINT('Control Point',(10.817205871,2.74649878921,6.23000000252)) ;
#1892=CARTESIAN_POINT('Control Point',(11.1505235689,2.70434369251,6.23000000255)) ;
#1893=CARTESIAN_POINT('Control Point',(11.4859447655,2.80275895261,6.23000000258)) ;
#1894=CARTESIAN_POINT('Control Point',(12.0013461166,3.2338881756,6.23000000263)) ;
#1895=CARTESIAN_POINT('Control Point',(12.08565631,3.90052357139,6.23000000269)) ;
#1896=CARTESIAN_POINT('Control Point',(11.9872410499,4.23594476796,6.23000000272)) ;
#1897=CARTESIAN_POINT('Control Point',(11.7716764384,4.49364544351,6.23000000275)) ;
#1898=CARTESIAN_POINT('Control Point',(11.4972352837,4.64357332964,6.23000000277)) ;
#1907=CARTESIAN_POINT('Axis2P3D Location',(14.32,7.60000000249,6.23000000249)) ;
#1912=CARTESIAN_POINT('Line Origine',(7.77999999996,6.12592375192,6.23000000249)) ;
#1916=CARTESIAN_POINT('Vertex',(7.60999999978,6.12592375227,6.23000000182)) ;
#1918=CARTESIAN_POINT('Vertex',(7.94999999963,6.12592375227,6.23000000182)) ;
#1921=CARTESIAN_POINT('Line Origine',(7.57203812495,6.12592375192,6.23000000249)) ;
#1925=CARTESIAN_POINT('Vertex',(7.5340762496,6.12592375227,6.23000000182)) ;
#1928=CARTESIAN_POINT('Line Origine',(7.53407625079,4.12000000204,6.23000000249)) ;
#1932=CARTESIAN_POINT('Vertex',(7.53407625012,2.11407625271,6.23000000182)) ;
#1935=CARTESIAN_POINT('Line Origine',(7.57203812495,2.11407625217,6.23000000249)) ;
#1939=CARTESIAN_POINT('Vertex',(7.6100000003,2.11407625271,6.23000000182)) ;
#1942=CARTESIAN_POINT('Line Origine',(7.77999999996,2.11407625217,6.23000000249)) ;
#1946=CARTESIAN_POINT('Vertex',(7.95,2.11407625251,6.23000000182)) ;
#1949=CARTESIAN_POINT('Line Origine',(7.95000000082,1.7570381277,6.23000000249)) ;
#1953=CARTESIAN_POINT('Vertex',(7.95,1.40000000172,6.23000000182)) ;
#1956=CARTESIAN_POINT('Line Origine',(7.95000000082,1.39500000335,6.23000000249)) ;
#1960=CARTESIAN_POINT('Vertex',(7.94999999985,1.39000000249,6.23000000182)) ;
#1963=CARTESIAN_POINT('Line Origine',(8.0562789819,1.39000000253,6.23000000249)) ;
#1967=CARTESIAN_POINT('Vertex',(8.16255796202,1.39000000249,6.23000000182)) ;
#1970=CARTESIAN_POINT('Line Origine',(8.43566673312,1.3900000016,6.23000000249)) ;
#1974=CARTESIAN_POINT('Vertex',(8.70877550238,1.39000000247,6.23000000181)) ;
#1978=CARTESIAN_POINT('Control Point',(12.6912244984,1.3900000016,6.23000000249)) ;
#1979=CARTESIAN_POINT('Control Point',(12.4168199333,1.17187581311,6.23000000249)) ;
#1980=CARTESIAN_POINT('Control Point',(12.1125483817,0.991325739693,6.23000000249)) ;
#1981=CARTESIAN_POINT('Control Point',(11.785237033,0.853802997572,6.23000000249)) ;
#1982=CARTESIAN_POINT('Control Point',(11.1014004906,0.671900318753,6.23000000249)) ;
#1983=CARTESIAN_POINT('Control Point',(10.3938386699,0.68051988988,6.23000000249)) ;
#1984=CARTESIAN_POINT('Control Point',(10.0427946374,0.733560496424,6.23000000249)) ;
#1985=CARTESIAN_POINT('Control Point',(9.55023610263,0.879334618712,6.23000000249)) ;
#1986=CARTESIAN_POINT('Control Point',(9.09928634054,1.1173313596,6.23000000249)) ;
#1987=CARTESIAN_POINT('Control Point',(8.96285377771,1.20055192381,6.23000000249)) ;
#1988=CARTESIAN_POINT('Control Point',(8.83276558912,1.29144028247,6.23000000249)) ;
#1989=CARTESIAN_POINT('Control Point',(8.70877550326,1.3900000016,6.23000000249)) ;
#1990=CARTESIAN_POINT('Vertex',(12.6912244974,1.39000000249,6.23000000182)) ;
#1993=CARTESIAN_POINT('Line Origine',(13.0356122494,1.3900000016,6.23000000249)) ;
#1997=CARTESIAN_POINT('Vertex',(13.38,1.3900000016,6.23000000182)) ;
#2000=CARTESIAN_POINT('Line Origine',(13.3800000005,4.12000000204,6.23000000249)) ;
#2004=CARTESIAN_POINT('Vertex',(13.3799999999,6.85000000249,6.23000000182)) ;
#2007=CARTESIAN_POINT('Line Origine',(10.6650000007,6.85000000249,6.23000000249)) ;
#2011=CARTESIAN_POINT('Vertex',(7.95000000015,6.85000000249,6.23000000182)) ;
#2014=CARTESIAN_POINT('Line Origine',(7.95000000082,6.48796187721,6.23000000249)) ;
#2040=CARTESIAN_POINT('Axis2P3D Location',(7.95,6.12592375227,14.9500000025)) ;
#2045=CARTESIAN_POINT('Line Origine',(7.95,6.12592375227,10.5900000022)) ;
#2050=CARTESIAN_POINT('Line Origine',(7.95,6.85000000284,10.5900000022)) ;
#2062=CARTESIAN_POINT('Axis2P3D Location',(-16.71,6.85000000249,14.9500000025)) ;
#2067=CARTESIAN_POINT('Line Origine',(13.3799999999,6.85000000249,10.5900000022)) ;
#2072=CARTESIAN_POINT('Line Origine',(11.9300000006,6.85000000249,12.9000000027)) ;
#2076=CARTESIAN_POINT('Vertex',(11.9300000001,6.85000000257,10.8500000025)) ;
#2079=CARTESIAN_POINT('Line Origine',(11.0200000004,6.85000000249,10.8500000029)) ;
#2083=CARTESIAN_POINT('Vertex',(10.1099999999,6.85000000257,10.8500000025)) ;
#2086=CARTESIAN_POINT('Line Origine',(10.1100000003,6.85000000249,12.9000000027)) ;
#2102=CARTESIAN_POINT('Axis2P3D Location',(10.11,6.85000000249,14.9500000025)) ;
#2107=CARTESIAN_POINT('Line Origine',(10.11,6.94648150175,10.8500000029)) ;
#2111=CARTESIAN_POINT('Vertex',(10.1099999999,7.04296300109,10.8500000025)) ;
#2114=CARTESIAN_POINT('Line Origine',(10.11,7.04296300102,12.9000000027)) ;
#2126=CARTESIAN_POINT('Axis2P3D Location',(10.11,7.0429630008,14.9500000025)) ;
#2131=CARTESIAN_POINT('Line Origine',(9.98499999989,7.2214815018,10.8500000029)) ;
#2135=CARTESIAN_POINT('Vertex',(9.85999999985,7.40000000331,10.8500000025)) ;
#2138=CARTESIAN_POINT('Line Origine',(9.85999999978,7.4000000028,12.9000000027)) ;
#2150=CARTESIAN_POINT('Axis2P3D Location',(9.86,7.40000000249,14.9500000025)) ;
#2155=CARTESIAN_POINT('Line Origine',(9.86,7.50000000212,10.8500000029)) ;
#2160=CARTESIAN_POINT('Line Origine',(9.86,7.60000000175,13.4000000027)) ;
#2173=CARTESIAN_POINT('Axis2P3D Location',(-20.62,7.60000000249,14.9500000025)) ;
#2178=CARTESIAN_POINT('Line Origine',(12.1800000007,7.60000000249,13.4000000027)) ;
#2190=CARTESIAN_POINT('Axis2P3D Location',(12.18,7.60000000249,14.9500000025)) ;
#2195=CARTESIAN_POINT('Line Origine',(12.18,7.50000000286,10.8500000029)) ;
#2199=CARTESIAN_POINT('Vertex',(12.18,7.40000000324,10.8500000029)) ;
#2202=CARTESIAN_POINT('Line Origine',(12.18,7.40000000324,12.9000000027)) ;
#2215=CARTESIAN_POINT('Axis2P3D Location',(12.18,7.40000000249,14.9500000025)) ;
#2220=CARTESIAN_POINT('Line Origine',(12.0549999999,7.22148150149,10.8500000029)) ;
#2224=CARTESIAN_POINT('Vertex',(11.9300000001,7.04296300109,10.8500000025)) ;
#2227=CARTESIAN_POINT('Line Origine',(11.9299999998,7.0429630005,12.9000000027)) ;
#2239=CARTESIAN_POINT('Axis2P3D Location',(11.93,7.0429630008,14.9500000025)) ;
#2244=CARTESIAN_POINT('Line Origine',(11.93,6.94648150154,10.8500000029)) ;
#2256=CARTESIAN_POINT('Axis2P3D Location',(11.02,3.77000000249,10.8500000025)) ;
#2272=CARTESIAN_POINT('Axis2P3D Location',(14.42,2.49145368751E-009,14.9500000025)) ;
#2277=CARTESIAN_POINT('Line Origine',(14.42,2.49145368751E-009,9.07500000249)) ;
#2281=CARTESIAN_POINT('Vertex',(14.4199999993,2.86398244688E-009,3.20000000249)) ;
#2284=CARTESIAN_POINT('Line Origine',(14.42,3.80000000231,3.20000000249)) ;
#2299=CARTESIAN_POINT('Axis2P3D Location',(-22.86,7.60000000249,3.20000000249)) ;
#2304=CARTESIAN_POINT('Line Origine',(13.6200000004,3.80000000268,3.20000000249)) ;
#2308=CARTESIAN_POINT('Vertex',(13.62,2.86398371685E-009,3.20000000285)) ;
#2311=CARTESIAN_POINT('Line Origine',(14.0199999999,2.86398242238E-009,3.20000000249)) ;
#2323=CARTESIAN_POINT('Line Origine',(13.3000000001,2.49145412531E-009,9.58106841564)) ;
#2327=CARTESIAN_POINT('Vertex',(13.3,2.86398103266E-009,4.21213682813)) ;
#2331=CARTESIAN_POINT('Control Point',(13.6200000004,2.49145414491E-009,4.20250156659)) ;
#2332=CARTESIAN_POINT('Control Point',(13.5560168364,2.49145414099E-009,4.19929840193)) ;
#2333=CARTESIAN_POINT('Control Point',(13.4919054644,2.49145413706E-009,4.19865709716)) ;
#2334=CARTESIAN_POINT('Control Point',(13.427631264,2.49145413313E-009,4.20059239936)) ;
#2335=CARTESIAN_POINT('Control Point',(13.3636745309,2.49145412921E-009,4.20508986653)) ;
#2336=CARTESIAN_POINT('Control Point',(13.3000000001,2.49145412531E-009,4.21213682878)) ;
#2337=CARTESIAN_POINT('Vertex',(13.62,2.86398105231E-009,4.20250156695)) ;
#2340=CARTESIAN_POINT('Line Origine',(13.6200000004,2.49145414491E-009,3.70125078454)) ;
#2354=CARTESIAN_POINT('Axis2P3D Location',(13.3,2.49145368751E-009,14.9500000025)) ;
#2359=CARTESIAN_POINT('Line Origine',(13.3,0.670000002417,9.58106841564)) ;
#2363=CARTESIAN_POINT('Vertex',(13.3,0.670000002789,4.21213682813)) ;
#2366=CARTESIAN_POINT('Line Origine',(13.3,0.335000002454,4.21213682878)) ;
#2378=CARTESIAN_POINT('Axis2P3D Location',(-16.05,0.670000002491,14.9500000025)) ;
#2383=CARTESIAN_POINT('Line Origine',(12.7098196436,0.670000002491,9.66072326757)) ;
#2387=CARTESIAN_POINT('Vertex',(12.7098196436,0.670000002789,4.37144653318)) ;
#2391=CARTESIAN_POINT('Control Point',(13.2999999996,0.670000002491,4.21213682878)) ;
#2392=CARTESIAN_POINT('Control Point',(13.1780032864,0.670000002491,4.22563840035)) ;
#2393=CARTESIAN_POINT('Control Point',(13.057042491,0.670000002491,4.2484987454)) ;
#2394=CARTESIAN_POINT('Control Point',(12.938073602,0.670000002491,4.28061243178)) ;
#2395=CARTESIAN_POINT('Control Point',(12.822039396,0.670000002491,4.32172513235)) ;
#2396=CARTESIAN_POINT('Control Point',(12.7098196436,0.670000002491,4.37144653264)) ;
#2405=CARTESIAN_POINT('Axis2P3D Location',(10.7,3.89500000249,4.95000000249)) ;
#2410=CARTESIAN_POINT('Line Origine',(8.69018035639,0.670000002469,4.95000000298)) ;
#2414=CARTESIAN_POINT('Vertex',(8.6901803564,0.670000002789,4.2072534942)) ;
#2418=CARTESIAN_POINT('Control Point',(10.4114280319,0.105972921666,5.55000000212)) ;
#2419=CARTESIAN_POINT('Control Point',(10.2549169334,0.117892793115,5.09457003432)) ;
#2420=CARTESIAN_POINT('Control Point',(9.96431889905,0.147067541775,4.68584691709)) ;
#2421=CARTESIAN_POINT('Control Point',(9.54170011941,0.227118202711,4.38235775212)) ;
#2422=CARTESIAN_POINT('Control Point',(9.09793903192,0.415884840941,4.24207604564)) ;
#2423=CARTESIAN_POINT('Control Point',(8.69018035639,0.670000002469,4.20725349474)) ;
#2424=CARTESIAN_POINT('Vertex',(10.4114280319,0.105972922477,5.55000000249)) ;
#2427=CARTESIAN_POINT('Axis2P3D Location',(10.7,3.89500000249,5.55000000212)) ;
#2431=CARTESIAN_POINT('Vertex',(11.6285719684,0.210199588048,5.55000000249)) ;
#2435=CARTESIAN_POINT('Control Point',(11.6285719681,0.210199587263,5.55000000212)) ;
#2436=CARTESIAN_POINT('Control Point',(11.768081912,0.245356178818,5.14404151193)) ;
#2437=CARTESIAN_POINT('Control Point',(12.0244094842,0.3141051306,4.77819788599)) ;
#2438=CARTESIAN_POINT('Control Point',(12.3676817035,0.456779676016,4.52303818302)) ;
#2439=CARTESIAN_POINT('Control Point',(12.7098196436,0.670000002469,4.37144653264)) ;
#2450=CARTESIAN_POINT('Line Origine',(8.42000000067,0.670000002491,6.80125078417)) ;
#2454=CARTESIAN_POINT('Vertex',(8.42,0.670000002789,4.20250156695)) ;
#2456=CARTESIAN_POINT('Vertex',(8.42,0.670000002789,9.40000000211)) ;
#2460=CARTESIAN_POINT('Control Point',(8.69018035643,0.670000002491,4.20725349474)) ;
#2461=CARTESIAN_POINT('Control Point',(8.63631140827,0.670000002491,4.20265309185)) ;
#2462=CARTESIAN_POINT('Control Point',(8.58228704172,0.670000002491,4.19987295809)) ;
#2463=CARTESIAN_POINT('Control Point',(8.52808618692,0.670000002491,4.19891966916)) ;
#2464=CARTESIAN_POINT('Control Point',(8.47399740537,0.670000002491,4.19979831518)) ;
#2465=CARTESIAN_POINT('Control Point',(8.42000000067,0.670000002491,4.20250156659)) ;
#2467=CARTESIAN_POINT('Line Origine',(7.61000000015,0.670000002491,12.1750000021)) ;
#2471=CARTESIAN_POINT('Vertex',(7.61000000052,0.670000002417,9.40000000249)) ;
#2474=CARTESIAN_POINT('Line Origine',(8.01500000041,0.670000002491,9.40000000175)) ;
#2488=CARTESIAN_POINT('Axis2P3D Location',(7.61,2.49145368751E-009,14.9500000025)) ;
#2493=CARTESIAN_POINT('Line Origine',(7.61,0.335000002454,9.40000000175)) ;
#2505=CARTESIAN_POINT('Axis2P3D Location',(8.42,7.60000000249,4.20250156695)) ;
#2510=CARTESIAN_POINT('Line Origine',(8.42,4.13500000264,4.20250156695)) ;
#2515=CARTESIAN_POINT('Line Origine',(8.42,0.335000002827,9.40000000211)) ;
#2520=CARTESIAN_POINT('Line Origine',(8.42,3.80000000268,3.20000000285)) ;
#2534=CARTESIAN_POINT('Axis2P3D Location',(8.52,-1.89999999751,6.20000000249)) ;
#2539=CARTESIAN_POINT('Line Origine',(10.4114280319,-1.89999999665,5.55000000249)) ;
#2552=CARTESIAN_POINT('Axis2P3D Location',(-20.0685719681,7.60000000249,5.55000000249)) ;
#2557=CARTESIAN_POINT('Line Origine',(11.6285719684,3.90509979527,5.55000000249)) ;
#2569=CARTESIAN_POINT('Axis2P3D Location',(13.52,-1.89999999751,6.20000000249)) ;
#2574=CARTESIAN_POINT('Line Origine',(13.62,-1.89999999665,4.20250156695)) ;
#2589=CARTESIAN_POINT('Axis2P3D Location',(13.62,7.60000000249,4.20250156695)) ;
#2601=CARTESIAN_POINT('Axis2P3D Location',(-22.14,1.39000000249,14.9500000025)) ;
#2606=CARTESIAN_POINT('Line Origine',(7.94999999985,1.39000000249,10.5900000022)) ;
#2611=CARTESIAN_POINT('Line Origine',(8.70877550229,1.39000000249,10.5900000022)) ;
#2624=CARTESIAN_POINT('Axis2P3D Location',(13.38,6.85000000249,14.9500000025)) ;
#2629=CARTESIAN_POINT('Line Origine',(13.38,1.3900000016,10.5900000022)) ;
#2641=CARTESIAN_POINT('Axis2P3D Location',(10.7,3.89500000249,9.29000000233)) ;
#2646=CARTESIAN_POINT('Line Origine',(12.6912244976,1.39000000249,9.29000000283)) ;
#2658=CARTESIAN_POINT('Axis2P3D Location',(-16.71,2.11407625271,14.9500000025)) ;
#2663=CARTESIAN_POINT('Line Origine',(7.95000000015,2.11407625271,10.5900000022)) ;
#2668=CARTESIAN_POINT('Line Origine',(7.53407625012,2.11407625271,10.5900000022)) ;
#2696=CARTESIAN_POINT('Axis2P3D Location',(-15.9740762502,6.12592375227,14.9500000025)) ;
#2701=CARTESIAN_POINT('Line Origine',(7.5340762496,6.12592375227,10.5900000022)) ;
#2714=CARTESIAN_POINT('Line Origine',(7.84004794374,3.80000000268,3.20000000249)) ;
#2726=CARTESIAN_POINT('Axis2P3D Location',(7.8400479429,2.49145191115E-009,3.20000000249)) ;
#2740=CARTESIAN_POINT('Axis2P3D Location',(7.5340762502,2.11407625272,14.9500000025)) ;
#2752=CARTESIAN_POINT('Axis2P3D Location',(6.8,2.49145191115E-009,9.40000000249)) ;
#2776=CARTESIAN_POINT('Axis2P3D Location',(-4.57759947711E-007,2.49145237774E-009,14.0500000025)) ;
#2781=CARTESIAN_POINT('Line Origine',(2.90000000082,3.77000000204,14.0500000025)) ;
#2785=CARTESIAN_POINT('Vertex',(2.90000000082,4.27000000204,14.0500000025)) ;
#2787=CARTESIAN_POINT('Vertex',(2.90000000082,3.27000000204,14.0500000025)) ;
#2790=CARTESIAN_POINT('Line Origine',(3.40000000082,3.27000000204,14.0500000025)) ;
#2794=CARTESIAN_POINT('Vertex',(3.90000000082,3.27000000204,14.0500000025)) ;
#2797=CARTESIAN_POINT('Line Origine',(3.90000000082,3.77000000204,14.0500000025)) ;
#2801=CARTESIAN_POINT('Vertex',(3.90000000082,4.27000000204,14.0500000025)) ;
#2804=CARTESIAN_POINT('Line Origine',(3.40000000082,4.27000000204,14.0500000025)) ;
#2816=CARTESIAN_POINT('Axis2P3D Location',(2.9,3.27000000249,14.0500000025)) ;
#2821=CARTESIAN_POINT('Line Origine',(2.9,3.27000000249,7.02500000212)) ;
#2825=CARTESIAN_POINT('Vertex',(2.9,3.27000000249,1.74639680495E-009)) ;
#2828=CARTESIAN_POINT('Line Origine',(2.9,4.27000000249,7.02500000212)) ;
#2832=CARTESIAN_POINT('Vertex',(2.9,4.27000000249,1.74639680495E-009)) ;
#2835=CARTESIAN_POINT('Line Origine',(2.9,3.77000000249,1.74639680495E-009)) ;
#2847=CARTESIAN_POINT('Axis2P3D Location',(2.9,3.27000000249,14.0500000025)) ;
#2852=CARTESIAN_POINT('Line Origine',(3.4,3.27000000249,1.74639680495E-009)) ;
#2856=CARTESIAN_POINT('Vertex',(3.9,3.27000000249,1.74639680495E-009)) ;
#2859=CARTESIAN_POINT('Line Origine',(3.9,3.27000000249,7.02500000212)) ;
#2871=CARTESIAN_POINT('Axis2P3D Location',(3.9,3.27000000249,14.0500000025)) ;
#2876=CARTESIAN_POINT('Line Origine',(3.9,3.77000000249,1.74639680495E-009)) ;
#2880=CARTESIAN_POINT('Vertex',(3.9,4.27000000249,1.74639680495E-009)) ;
#2883=CARTESIAN_POINT('Line Origine',(3.9,4.27000000249,7.02500000212)) ;
#2895=CARTESIAN_POINT('Axis2P3D Location',(2.9,4.27000000249,14.0500000025)) ;
#2900=CARTESIAN_POINT('Line Origine',(3.4,4.27000000249,1.74639680495E-009)) ;
#2912=CARTESIAN_POINT('Axis2P3D Location',(3.25,3.77000000249,2.49144349596E-009)) ;
#2927=CARTESIAN_POINT('Line Origine',(10.5200000008,3.77000000204,14.0500000025)) ;
#2931=CARTESIAN_POINT('Vertex',(10.5200000008,4.27000000204,14.0500000025)) ;
#2933=CARTESIAN_POINT('Vertex',(10.5200000008,3.27000000204,14.0500000025)) ;
#2936=CARTESIAN_POINT('Line Origine',(11.0200000008,3.27000000204,14.0500000025)) ;
#2940=CARTESIAN_POINT('Vertex',(11.5200000008,3.27000000204,14.0500000025)) ;
#2943=CARTESIAN_POINT('Line Origine',(11.5200000008,3.77000000204,14.0500000025)) ;
#2947=CARTESIAN_POINT('Vertex',(11.5200000008,4.27000000204,14.0500000025)) ;
#2950=CARTESIAN_POINT('Line Origine',(11.0200000008,4.27000000204,14.0500000025)) ;
#2962=CARTESIAN_POINT('Axis2P3D Location',(10.52,3.27000000249,14.0500000025)) ;
#2967=CARTESIAN_POINT('Line Origine',(10.52,3.27000000249,7.02500000212)) ;
#2971=CARTESIAN_POINT('Vertex',(10.52,3.27000000249,1.74639680495E-009)) ;
#2974=CARTESIAN_POINT('Line Origine',(10.52,4.27000000249,7.02500000212)) ;
#2978=CARTESIAN_POINT('Vertex',(10.52,4.27000000249,1.74639680495E-009)) ;
#2981=CARTESIAN_POINT('Line Origine',(10.52,3.77000000249,1.74639680495E-009)) ;
#2993=CARTESIAN_POINT('Line Origine',(11.02,3.27000000249,1.7463985813E-009)) ;
#2997=CARTESIAN_POINT('Vertex',(11.52,3.27000000249,1.7463985813E-009)) ;
#3000=CARTESIAN_POINT('Line Origine',(11.52,3.27000000249,7.02500000212)) ;
#3012=CARTESIAN_POINT('Axis2P3D Location',(11.52,3.27000000249,14.0500000025)) ;
#3017=CARTESIAN_POINT('Line Origine',(11.52,3.77000000249,1.74639680495E-009)) ;
#3021=CARTESIAN_POINT('Vertex',(11.52,4.27000000249,1.74639680495E-009)) ;
#3024=CARTESIAN_POINT('Line Origine',(11.52,4.27000000249,7.02500000212)) ;
#3036=CARTESIAN_POINT('Line Origine',(11.02,4.27000000249,1.7463985813E-009)) ;
#32=DIRECTION('Axis2P3D Direction',(-1.54074395551E-033,-2.83023841424E-049,1.)) ;
#33=DIRECTION('Axis2P3D XDirection',(1.,1.83692975339E-016,1.54074395551E-033)) ;
#37=DIRECTION('Axis2P3D Direction',(-1.54074395551E-033,-2.83023841424E-049,1.)) ;
#46=DIRECTION('Axis2P3D Direction',(-1.54074395551E-033,-2.83023841424E-049,1.)) ;
#56=DIRECTION('Axis2P3D Direction',(6.08945228888E-018,-3.3266829472E-018,1.)) ;
#57=DIRECTION('Axis2P3D XDirection',(-0.479425538604,-0.87758256189,8.49769420904E-034)) ;
#61=DIRECTION('Vector Direction',(6.08944006331E-018,-3.32667227099E-018,1.)) ;
#68=DIRECTION('Vector Direction',(6.08944006331E-018,-3.32667227099E-018,1.)) ;
#93=DIRECTION('Axis2P3D Direction',(6.08945228888E-018,-3.3266829472E-018,1.)) ;
#94=DIRECTION('Axis2P3D XDirection',(0.479425538604,0.87758256189,0.)) ;
#98=DIRECTION('Axis2P3D Direction',(6.08945228888E-018,-3.3266829472E-018,1.)) ;
#110=DIRECTION('Axis2P3D Direction',(-1.23259516441E-032,-7.5474686137E-049,1.)) ;
#111=DIRECTION('Axis2P3D XDirection',(-1.,-6.12323399574E-017,-1.23259516441E-032)) ;
#115=DIRECTION('Vector Direction',(1.,0.,0.)) ;
#124=DIRECTION('Vector Direction',(0.,1.,0.)) ;
#131=DIRECTION('Vector Direction',(1.,0.,0.)) ;
#138=DIRECTION('Vector Direction',(0.,-1.,0.)) ;
#145=DIRECTION('Vector Direction',(-1.,0.,0.)) ;
#152=DIRECTION('Vector Direction',(0.,1.,0.)) ;
#159=DIRECTION('Vector Direction',(-1.,0.,0.)) ;
#166=DIRECTION('Vector Direction',(6.10012650893E-017,-1.,0.)) ;
#173=DIRECTION('Vector Direction',(1.,0.,0.)) ;
#180=DIRECTION('Axis2P3D Direction',(-1.23259516441E-032,-7.5474686137E-049,1.)) ;
#202=DIRECTION('Axis2P3D Direction',(-1.,-1.83692975339E-016,-6.12303176911E-017)) ;
#203=DIRECTION('Axis2P3D XDirection',(-1.83692975339E-016,1.,0.)) ;
#207=DIRECTION('Vector Direction',(1.01855323352E-016,0.,-1.)) ;
#214=DIRECTION('Vector Direction',(1.01855323352E-016,0.,-1.)) ;
#221=DIRECTION('Vector Direction',(0.,1.,0.)) ;
#233=DIRECTION('Axis2P3D Direction',(1.83692975339E-016,-1.,1.12475792377E-032)) ;
#234=DIRECTION('Axis2P3D XDirection',(-1.,-1.83692975339E-016,-6.12303176911E-017)) ;
#238=DIRECTION('Vector Direction',(1.01855323352E-016,0.,-1.)) ;
#245=DIRECTION('Vector Direction',(-1.,0.,-2.41377838209E-015)) ;
#257=DIRECTION('Axis2P3D Direction',(1.,1.30017918908E-012,6.12303176911E-017)) ;
#258=DIRECTION('Axis2P3D XDirection',(1.30017918908E-012,-1.,0.)) ;
#262=DIRECTION('Vector Direction',(1.01855323352E-016,0.,-1.)) ;
#269=DIRECTION('Vector Direction',(1.30021688492E-012,-1.,0.)) ;
#281=DIRECTION('Axis2P3D Direction',(-1.83692975339E-016,1.,-1.12475792377E-032)) ;
#282=DIRECTION('Axis2P3D XDirection',(1.,1.83692975339E-016,6.12303176911E-017)) ;
#286=DIRECTION('Vector Direction',(1.01855323352E-016,0.,-1.)) ;
#293=DIRECTION('Vector Direction',(1.,6.03444595521E-016,0.)) ;
#305=DIRECTION('Vector Direction',(1.01855323352E-016,0.,-1.)) ;
#312=DIRECTION('Vector Direction',(0.,-1.,0.)) ;
#324=DIRECTION('Axis2P3D Direction',(-1.83692975339E-016,1.,-1.12475792377E-032)) ;
#325=DIRECTION('Axis2P3D XDirection',(1.,1.83692975339E-016,6.12303176911E-017)) ;
#329=DIRECTION('Vector Direction',(1.01855323352E-016,0.,-1.)) ;
#336=DIRECTION('Vector Direction',(1.,0.,0.)) ;
#348=DIRECTION('Axis2P3D Direction',(-5.84977964199E-017,-6.68443818996E-018,1.)) ;
#349=DIRECTION('Axis2P3D XDirection',(-0.622257655512,-0.7828125,-4.16333634234E-017)) ;
#353=DIRECTION('Vector Direction',(-5.84977843943E-017,-6.68443078666E-018,1.)) ;
#360=DIRECTION('Axis2P3D Direction',(-5.84977964199E-017,-6.68443818996E-018,1.)) ;
#372=DIRECTION('Vector Direction',(6.36595770952E-017,0.,-1.)) ;
#379=DIRECTION('Vector Direction',(1.,3.22375874626E-016,0.)) ;
#391=DIRECTION('Axis2P3D Direction',(1.,1.83692975339E-016,6.12303176911E-017)) ;
#392=DIRECTION('Axis2P3D XDirection',(1.83692975339E-016,-1.,0.)) ;
#396=DIRECTION('Vector Direction',(6.36595770952E-017,0.,-1.)) ;
#403=DIRECTION('Vector Direction',(1.83003795238E-016,-1.,0.)) ;
#415=DIRECTION('Axis2P3D Direction',(1.83692975339E-016,-1.,1.12475792377E-032)) ;
#416=DIRECTION('Axis2P3D XDirection',(-1.,-1.83692975339E-016,-6.12303176911E-017)) ;
#420=DIRECTION('Vector Direction',(-1.,0.,0.)) ;
#427=DIRECTION('Vector Direction',(-1.,0.,0.)) ;
#434=DIRECTION('Vector Direction',(0.,0.,-1.)) ;
#441=DIRECTION('Vector Direction',(-1.,-4.88010120634E-016,0.)) ;
#448=DIRECTION('Vector Direction',(1.08314441437E-016,0.,-1.)) ;
#464=DIRECTION('Axis2P3D Direction',(3.42113882892E-049,2.09484335814E-065,1.)) ;
#465=DIRECTION('Axis2P3D XDirection',(-1.,-6.12323399574E-017,3.42113882892E-049)) ;
#469=DIRECTION('Vector Direction',(0.,-1.,0.)) ;
#476=DIRECTION('Vector Direction',(-0.573576435774,-0.819152044693,0.)) ;
#483=DIRECTION('Vector Direction',(0.,-1.,0.)) ;
#490=DIRECTION('Vector Direction',(1.,0.,0.)) ;
#497=DIRECTION('Vector Direction',(0.,1.,0.)) ;
#504=DIRECTION('Vector Direction',(-0.573576435774,0.819152044693,0.)) ;
#511=DIRECTION('Vector Direction',(0.,1.,0.)) ;
#527=DIRECTION('Axis2P3D Direction',(-1.,-1.83692975339E-016,-6.12303176911E-017)) ;
#528=DIRECTION('Axis2P3D XDirection',(-1.83692975339E-016,1.,0.)) ;
#532=DIRECTION('Vector Direction',(1.08314441437E-016,0.,-1.)) ;
#539=DIRECTION('Vector Direction',(0.,1.,0.)) ;
#551=DIRECTION('Axis2P3D Direction',(-0.819152044289,-0.573576436351,-1.599112554E-016)) ;
#552=DIRECTION('Axis2P3D XDirection',(-0.573576436351,0.819152044289,-2.77555756156E-017)) ;
#556=DIRECTION('Vector Direction',(1.08314441437E-016,0.,-1.)) ;
#563=DIRECTION('Vector Direction',(-0.573576436351,0.819152044289,0.)) ;
#575=DIRECTION('Axis2P3D Direction',(-1.,-1.83692975339E-016,-6.12303176911E-017)) ;
#576=DIRECTION('Axis2P3D XDirection',(-1.83692975339E-016,1.,0.)) ;
#580=DIRECTION('Vector Direction',(4.4408920985E-016,0.,-1.)) ;
#587=DIRECTION('Vector Direction',(0.,0.,-1.)) ;
#594=DIRECTION('Vector Direction',(0.,1.,0.)) ;
#607=DIRECTION('Axis2P3D Direction',(-1.83692975339E-016,1.,-1.12475792377E-032)) ;
#608=DIRECTION('Axis2P3D XDirection',(1.,1.83692975339E-016,6.12303176911E-017)) ;
#612=DIRECTION('Vector Direction',(1.,0.,0.)) ;
#619=DIRECTION('Vector Direction',(0.,0.,-1.)) ;
#626=DIRECTION('Vector Direction',(1.,0.,0.)) ;
#638=DIRECTION('Axis2P3D Direction',(1.,1.83692975339E-016,6.12303176911E-017)) ;
#639=DIRECTION('Axis2P3D XDirection',(1.83692975339E-016,-1.,0.)) ;
#643=DIRECTION('Vector Direction',(0.,0.,-1.)) ;
#650=DIRECTION('Vector Direction',(0.,-1.,0.)) ;
#655=DIRECTION('Vector Direction',(0.,0.,-1.)) ;
#668=DIRECTION('Axis2P3D Direction',(0.819152044289,-0.573576436351,1.7074253682E-016)) ;
#669=DIRECTION('Axis2P3D XDirection',(-0.573576436351,-0.819152044289,-4.16333634234E-017)) ;
#673=DIRECTION('Vector Direction',(2.16628882873E-016,0.,-1.)) ;
#680=DIRECTION('Vector Direction',(-0.573576436351,-0.819152044289,0.)) ;
#692=DIRECTION('Axis2P3D Direction',(1.,1.83692975339E-016,6.12303176911E-017)) ;
#693=DIRECTION('Axis2P3D XDirection',(1.83692975339E-016,-1.,0.)) ;
#697=DIRECTION('Vector Direction',(0.,-1.,0.)) ;
#709=DIRECTION('Axis2P3D Direction',(5.81408653252E-051,3.56010123101E-067,1.)) ;
#710=DIRECTION('Axis2P3D XDirection',(6.12323399574E-017,-1.,0.)) ;
#714=DIRECTION('Vector Direction',(1.,6.15935103852E-017,0.)) ;
#723=DIRECTION('Vector Direction',(0.,-1.,0.)) ;
#730=DIRECTION('Vector Direction',(1.,6.12323401299E-017,0.)) ;
#737=DIRECTION('Vector Direction',(0.,1.,0.)) ;
#744=DIRECTION('Vector Direction',(-1.,0.,0.)) ;
#751=DIRECTION('Axis2P3D Direction',(5.81408653252E-051,3.56010123101E-067,1.)) ;
#758=DIRECTION('Vector Direction',(-1.,-7.92914298083E-017,0.)) ;
#765=DIRECTION('Vector Direction',(0.,1.,0.)) ;
#772=DIRECTION('Vector Direction',(1.,6.1232339533E-017,0.)) ;
#779=DIRECTION('Vector Direction',(0.,1.,0.)) ;
#786=DIRECTION('Vector Direction',(1.,0.,0.)) ;
#793=DIRECTION('Axis2P3D Direction',(5.81408653252E-051,3.56010123101E-067,1.)) ;
#800=DIRECTION('Vector Direction',(-1.,-1.88115889191E-016,0.)) ;
#807=DIRECTION('Vector Direction',(0.,1.,0.)) ;
#814=DIRECTION('Vector Direction',(1.,6.12323399414E-017,0.)) ;
#821=DIRECTION('Vector Direction',(0.,-1.,0.)) ;
#844=DIRECTION('Vector Direction',(-1.,0.,0.)) ;
#853=DIRECTION('Vector Direction',(0.,1.,0.)) ;
#860=DIRECTION('Vector Direction',(-1.,0.,0.)) ;
#867=DIRECTION('Vector Direction',(0.,1.,0.)) ;
#874=DIRECTION('Vector Direction',(-0.573576437782,0.819152043287,0.)) ;
#881=DIRECTION('Vector Direction',(0.,1.,0.)) ;
#888=DIRECTION('Vector Direction',(1.,0.,0.)) ;
#895=DIRECTION('Vector Direction',(0.,-1.,0.)) ;
#902=DIRECTION('Vector Direction',(-0.573576437782,-0.819152043287,0.)) ;
#909=DIRECTION('Vector Direction',(0.,-1.,0.)) ;
#916=DIRECTION('Vector Direction',(-1.,0.,0.)) ;
#923=DIRECTION('Vector Direction',(0.,-1.,0.)) ;
#930=DIRECTION('Vector Direction',(1.,0.,0.)) ;
#937=DIRECTION('Axis2P3D Direction',(5.81408653252E-051,3.56010123101E-067,1.)) ;
#944=DIRECTION('Vector Direction',(1.,2.92635442512E-016,0.)) ;
#951=DIRECTION('Vector Direction',(0.,-1.,0.)) ;
#958=DIRECTION('Vector Direction',(-1.,0.,0.)) ;
#965=DIRECTION('Vector Direction',(0.,1.,0.)) ;
#1011=DIRECTION('Axis2P3D Direction',(5.88892969476E-018,-3.66998033508E-018,1.)) ;
#1012=DIRECTION('Axis2P3D XDirection',(-0.528899906224,-0.848684210526,0.)) ;
#1016=DIRECTION('Vector Direction',(5.88888937614E-018,-3.66999763912E-018,1.)) ;
#1023=DIRECTION('Vector Direction',(5.88893378506E-018,-3.66999763912E-018,1.)) ;
#1040=DIRECTION('Axis2P3D Direction',(5.88892969476E-018,-3.66998033508E-018,1.)) ;
#1064=DIRECTION('Axis2P3D Direction',(-6.23891284017E-015,-1.,-0.)) ;
#1065=DIRECTION('Axis2P3D XDirection',(-1.,6.23891284017E-015,0.)) ;
#1079=DIRECTION('Vector Direction',(0.,0.,1.)) ;
#1086=DIRECTION('Vector Direction',(-1.,6.44645626117E-015,0.)) ;
#1093=DIRECTION('Vector Direction',(-1.,6.2172489379E-015,0.)) ;
#1100=DIRECTION('Vector Direction',(0.,0.,-1.)) ;
#1115=DIRECTION('Axis2P3D Direction',(1.,1.83692975339E-016,0.)) ;
#1116=DIRECTION('Axis2P3D XDirection',(1.83692975339E-016,-1.,0.)) ;
#1120=DIRECTION('Vector Direction',(0.,1.,0.)) ;
#1127=DIRECTION('Vector Direction',(0.,0.,-1.)) ;
#1139=DIRECTION('Axis2P3D Direction',(6.12323399574E-017,-1.,0.)) ;
#1140=DIRECTION('Axis2P3D XDirection',(0.,0.,-1.)) ;
#1144=DIRECTION('Vector Direction',(-1.,-6.12323399347E-017,0.)) ;
#1151=DIRECTION('Vector Direction',(0.,0.,1.)) ;
#1158=DIRECTION('Vector Direction',(1.,6.12323398189E-017,0.)) ;
#1165=DIRECTION('Vector Direction',(0.,0.,1.)) ;
#1172=DIRECTION('Vector Direction',(1.,6.12323400965E-017,0.)) ;
#1179=DIRECTION('Vector Direction',(0.,0.,1.)) ;
#1186=DIRECTION('Vector Direction',(-1.,-6.12323394947E-017,0.)) ;
#1193=DIRECTION('Vector Direction',(0.,0.,1.)) ;
#1200=DIRECTION('Vector Direction',(-1.,-6.12323400755E-017,0.)) ;
#1207=DIRECTION('Vector Direction',(0.,0.,-1.)) ;
#1227=DIRECTION('Axis2P3D Direction',(3.42113882892E-049,2.09484335814E-065,1.)) ;
#1228=DIRECTION('Axis2P3D XDirection',(1.,6.12323399574E-017,-3.42113882892E-049)) ;
#1232=DIRECTION('Vector Direction',(0.,1.,0.)) ;
#1245=DIRECTION('Axis2P3D Direction',(-1.,-6.12323399574E-017,-6.12303176911E-017)) ;
#1246=DIRECTION('Axis2P3D XDirection',(6.12303176911E-017,0.,-1.)) ;
#1250=DIRECTION('Vector Direction',(0.,1.,0.)) ;
#1257=DIRECTION('Vector Direction',(0.,0.,1.)) ;
#1264=DIRECTION('Vector Direction',(-1.16865581545E-016,1.,0.)) ;
#1278=DIRECTION('Axis2P3D Direction',(5.81408653252E-051,3.56010123101E-067,1.)) ;
#1279=DIRECTION('Axis2P3D XDirection',(6.12323399574E-017,-1.,0.)) ;
#1283=DIRECTION('Vector Direction',(1.,0.,0.)) ;
#1290=DIRECTION('Vector Direction',(-1.16865581545E-016,1.,0.)) ;
#1302=DIRECTION('Axis2P3D Direction',(-1.,-6.12323399574E-017,-6.12303176911E-017)) ;
#1303=DIRECTION('Axis2P3D XDirection',(-6.12303176911E-017,0.,1.)) ;
#1307=DIRECTION('Vector Direction',(0.,0.,1.)) ;
#1314=DIRECTION('Vector Direction',(-1.50538715194E-016,1.,0.)) ;
#1321=DIRECTION('Vector Direction',(0.,0.,1.)) ;
#1328=DIRECTION('Vector Direction',(0.,1.,0.)) ;
#1342=DIRECTION('Axis2P3D Direction',(6.12303176911E-017,3.74927562856E-033,-1.)) ;
#1343=DIRECTION('Axis2P3D XDirection',(-1.,-6.12323399574E-017,-6.12303176911E-017)) ;
#1347=DIRECTION('Vector Direction',(-1.,0.,0.)) ;
#1354=DIRECTION('Vector Direction',(-1.,0.,0.)) ;
#1361=DIRECTION('Vector Direction',(-1.50538715194E-016,1.,0.)) ;
#1373=DIRECTION('Axis2P3D Direction',(6.12323399574E-017,-1.,0.)) ;
#1374=DIRECTION('Axis2P3D XDirection',(0.,0.,-1.)) ;
#1378=DIRECTION('Vector Direction',(1.,0.,0.)) ;
#1385=DIRECTION('Vector Direction',(0.,0.,1.)) ;
#1397=DIRECTION('Axis2P3D Direction',(-7.6194246085E-015,-4.66555197907E-031,1.)) ;
#1398=DIRECTION('Axis2P3D XDirection',(1.,6.12323399574E-017,7.6194246085E-015)) ;
#1402=DIRECTION('Vector Direction',(0.,1.,0.)) ;
#1414=DIRECTION('Axis2P3D Direction',(5.81408653252E-051,3.56010123101E-067,1.)) ;
#1415=DIRECTION('Axis2P3D XDirection',(6.12323399574E-017,-1.,0.)) ;
#1419=DIRECTION('Vector Direction',(1.,1.67580833908E-016,0.)) ;
#1426=DIRECTION('Vector Direction',(1.,0.,0.)) ;
#1433=DIRECTION('Vector Direction',(0.,-1.,0.)) ;
#1440=DIRECTION('Vector Direction',(1.,0.,0.)) ;
#1447=DIRECTION('Vector Direction',(0.,-1.,0.)) ;
#1454=DIRECTION('Vector Direction',(1.,0.,0.)) ;
#1461=DIRECTION('Vector Direction',(1.,0.,0.)) ;
#1477=DIRECTION('Axis2P3D Direction',(6.12323399574E-017,-1.,0.)) ;
#1478=DIRECTION('Axis2P3D XDirection',(0.,0.,-1.)) ;
#1482=DIRECTION('Axis2P3D Direction',(6.12323399574E-017,-1.,0.)) ;
#1489=DIRECTION('Vector Direction',(1.,0.,0.)) ;
#1496=DIRECTION('Axis2P3D Direction',(6.12323399574E-017,-1.,0.)) ;
#1503=DIRECTION('Vector Direction',(0.,0.,1.)) ;
#1510=DIRECTION('Vector Direction',(1.,0.,0.)) ;
#1517=DIRECTION('Vector Direction',(0.,0.,-1.)) ;
#1522=DIRECTION('Vector Direction',(0.,0.,-1.)) ;
#1529=DIRECTION('Vector Direction',(1.,0.,0.)) ;
#1536=DIRECTION('Vector Direction',(0.,0.,-1.)) ;
#1541=DIRECTION('Vector Direction',(0.,0.,-1.)) ;
#1548=DIRECTION('Vector Direction',(1.,0.,0.)) ;
#1555=DIRECTION('Vector Direction',(0.,0.,1.)) ;
#1562=DIRECTION('Axis2P3D Direction',(6.12323399574E-017,-1.,0.)) ;
#1569=DIRECTION('Vector Direction',(1.,0.,0.)) ;
#1576=DIRECTION('Axis2P3D Direction',(6.12323399574E-017,-1.,0.)) ;
#1583=DIRECTION('Vector Direction',(0.,0.,1.)) ;
#1590=DIRECTION('Vector Direction',(1.,0.,0.)) ;
#1597=DIRECTION('Vector Direction',(0.,0.,1.)) ;
#1633=DIRECTION('Axis2P3D Direction',(-6.35701640198E-017,1.,7.17184622843E-018)) ;
#1634=DIRECTION('Axis2P3D XDirection',(0.945714015969,6.24500451352E-017,-0.325)) ;
#1638=DIRECTION('Vector Direction',(-6.35701602469E-017,1.,7.17186310339E-018)) ;
#1645=DIRECTION('Vector Direction',(-6.35701491447E-017,1.,7.17186310339E-018)) ;
#1650=DIRECTION('Axis2P3D Direction',(-6.35701640198E-017,1.,7.17184622843E-018)) ;
#1663=DIRECTION('Axis2P3D Direction',(-1.,-6.12323399574E-017,-6.12303176911E-017)) ;
#1664=DIRECTION('Axis2P3D XDirection',(6.12303176911E-017,0.,-1.)) ;
#1668=DIRECTION('Vector Direction',(-6.61409461479E-017,0.,1.)) ;
#1675=DIRECTION('Vector Direction',(5.84327907726E-017,-1.,0.)) ;
#1680=DIRECTION('Vector Direction',(6.19803593132E-017,0.,-1.)) ;
#1694=DIRECTION('Vector Direction',(1.,6.12323399873E-017,0.)) ;
#1701=DIRECTION('Vector Direction',(6.12323399574E-017,-1.,0.)) ;
#1713=DIRECTION('Vector Direction',(0.,0.,-1.)) ;
#1725=DIRECTION('Axis2P3D Direction',(-1.,-6.12323399574E-017,0.)) ;
#1726=DIRECTION('Axis2P3D XDirection',(0.,0.,1.)) ;
#1730=DIRECTION('Vector Direction',(-9.38920353E-018,0.153337330184,-0.988173903304)) ;
#1737=DIRECTION('Vector Direction',(0.,0.,1.)) ;
#1752=DIRECTION('Axis2P3D Direction',(6.05082003875E-017,-0.988173903359,-0.153337329832)) ;
#1753=DIRECTION('Axis2P3D XDirection',(-9.38920350843E-018,0.153337329832,-0.988173903359)) ;
#1757=DIRECTION('Vector Direction',(1.,0.,0.)) ;
#1764=DIRECTION('Vector Direction',(0.,0.153337329832,-0.988173903359)) ;
#1776=DIRECTION('Axis2P3D Direction',(-6.12323399574E-017,1.,0.)) ;
#1777=DIRECTION('Axis2P3D XDirection',(0.,0.,1.)) ;
#1781=DIRECTION('Vector Direction',(0.,0.,1.)) ;
#1793=DIRECTION('Axis2P3D Direction',(6.12303176911E-017,3.74927562856E-033,-1.)) ;
#1794=DIRECTION('Axis2P3D XDirection',(1.,6.12323399574E-017,6.12303176911E-017)) ;
#1798=DIRECTION('Vector Direction',(1.19123410595E-016,-1.,0.)) ;
#1817=DIRECTION('Axis2P3D Direction',(-6.15056568712E-017,1.,-3.07913416986E-018)) ;
#1818=DIRECTION('Axis2P3D XDirection',(0.05,0.,-0.998749217772)) ;
#1830=DIRECTION('Axis2P3D Direction',(-1.54074395551E-033,-2.83023841424E-049,1.)) ;
#1831=DIRECTION('Axis2P3D XDirection',(1.,1.83692975339E-016,1.54074395551E-033)) ;
#1835=DIRECTION('Axis2P3D Direction',(-1.54074395551E-033,-2.83023841424E-049,1.)) ;
#1844=DIRECTION('Axis2P3D Direction',(-1.54074395551E-033,-2.83023841424E-049,1.)) ;
#1854=DIRECTION('Axis2P3D Direction',(6.08945228888E-018,-3.3266829472E-018,1.)) ;
#1855=DIRECTION('Axis2P3D XDirection',(0.479425538604,0.87758256189,0.)) ;
#1859=DIRECTION('Vector Direction',(6.08952888115E-018,-3.32667227099E-018,1.)) ;
#1866=DIRECTION('Vector Direction',(6.08952888115E-018,-3.32667227099E-018,1.)) ;
#1873=DIRECTION('Axis2P3D Direction',(6.08945228888E-018,-3.3266829472E-018,1.)) ;
#1885=DIRECTION('Axis2P3D Direction',(6.08945228888E-018,-3.3266829472E-018,1.)) ;
#1886=DIRECTION('Axis2P3D XDirection',(-0.479425538604,-0.87758256189,8.49769420904E-034)) ;
#1908=DIRECTION('Axis2P3D Direction',(3.42113882892E-049,2.09484335814E-065,1.)) ;
#1909=DIRECTION('Axis2P3D XDirection',(-1.,-6.12323399574E-017,3.42113882892E-049)) ;
#1913=DIRECTION('Vector Direction',(-1.,0.,0.)) ;
#1922=DIRECTION('Vector Direction',(-1.,0.,0.)) ;
#1929=DIRECTION('Vector Direction',(0.,-1.,0.)) ;
#1936=DIRECTION('Vector Direction',(1.,0.,0.)) ;
#1943=DIRECTION('Vector Direction',(1.,0.,0.)) ;
#1950=DIRECTION('Vector Direction',(0.,1.,0.)) ;
#1957=DIRECTION('Vector Direction',(0.,-1.,0.)) ;
#1964=DIRECTION('Vector Direction',(-1.,8.76299871463E-009,0.)) ;
#1971=DIRECTION('Vector Direction',(1.,0.,0.)) ;
#1994=DIRECTION('Vector Direction',(1.,0.,0.)) ;
#2001=DIRECTION('Vector Direction',(0.,-1.,0.)) ;
#2008=DIRECTION('Vector Direction',(-1.,0.,0.)) ;
#2015=DIRECTION('Vector Direction',(0.,1.,0.)) ;
#2041=DIRECTION('Axis2P3D Direction',(-1.,-1.83692975339E-016,-6.12303176911E-017)) ;
#2042=DIRECTION('Axis2P3D XDirection',(-1.83692975339E-016,1.,0.)) ;
#2046=DIRECTION('Vector Direction',(1.01855323352E-016,0.,-1.)) ;
#2051=DIRECTION('Vector Direction',(1.01855323352E-016,0.,-1.)) ;
#2063=DIRECTION('Axis2P3D Direction',(1.83692975339E-016,-1.,1.12475792377E-032)) ;
#2064=DIRECTION('Axis2P3D XDirection',(-1.,-1.83692975339E-016,-6.12303176911E-017)) ;
#2068=DIRECTION('Vector Direction',(0.,0.,-1.)) ;
#2073=DIRECTION('Vector Direction',(0.,0.,-1.)) ;
#2080=DIRECTION('Vector Direction',(-1.,0.,0.)) ;
#2087=DIRECTION('Vector Direction',(0.,0.,-1.)) ;
#2103=DIRECTION('Axis2P3D Direction',(-1.,-1.83692975339E-016,-6.12303176911E-017)) ;
#2104=DIRECTION('Axis2P3D XDirection',(-1.83692975339E-016,1.,0.)) ;
#2108=DIRECTION('Vector Direction',(0.,1.,0.)) ;
#2115=DIRECTION('Vector Direction',(0.,0.,-1.)) ;
#2127=DIRECTION('Axis2P3D Direction',(-0.819152044289,-0.573576436351,-1.599112554E-016)) ;
#2128=DIRECTION('Axis2P3D XDirection',(-0.573576436351,0.819152044289,-2.77555756156E-017)) ;
#2132=DIRECTION('Vector Direction',(-0.573576436351,0.819152044289,0.)) ;
#2139=DIRECTION('Vector Direction',(0.,0.,-1.)) ;
#2151=DIRECTION('Axis2P3D Direction',(-1.,-1.83692975339E-016,-6.12303176911E-017)) ;
#2152=DIRECTION('Axis2P3D XDirection',(-1.83692975339E-016,1.,0.)) ;
#2156=DIRECTION('Vector Direction',(0.,1.,0.)) ;
#2161=DIRECTION('Vector Direction',(0.,0.,-1.)) ;
#2174=DIRECTION('Axis2P3D Direction',(-1.83692975339E-016,1.,-1.12475792377E-032)) ;
#2175=DIRECTION('Axis2P3D XDirection',(1.,1.83692975339E-016,6.12303176911E-017)) ;
#2179=DIRECTION('Vector Direction',(0.,0.,-1.)) ;
#2191=DIRECTION('Axis2P3D Direction',(1.,1.83692975339E-016,6.12303176911E-017)) ;
#2192=DIRECTION('Axis2P3D XDirection',(1.83692975339E-016,-1.,0.)) ;
#2196=DIRECTION('Vector Direction',(0.,-1.,0.)) ;
#2203=DIRECTION('Vector Direction',(0.,0.,-1.)) ;
#2216=DIRECTION('Axis2P3D Direction',(0.819152044289,-0.573576436351,1.7074253682E-016)) ;
#2217=DIRECTION('Axis2P3D XDirection',(-0.573576436351,-0.819152044289,-4.16333634234E-017)) ;
#2221=DIRECTION('Vector Direction',(-0.573576436351,-0.819152044289,0.)) ;
#2228=DIRECTION('Vector Direction',(0.,0.,-1.)) ;
#2240=DIRECTION('Axis2P3D Direction',(1.,1.83692975339E-016,6.12303176911E-017)) ;
#2241=DIRECTION('Axis2P3D XDirection',(1.83692975339E-016,-1.,0.)) ;
#2245=DIRECTION('Vector Direction',(0.,-1.,0.)) ;
#2257=DIRECTION('Axis2P3D Direction',(3.42113882892E-049,2.09484335814E-065,1.)) ;
#2258=DIRECTION('Axis2P3D XDirection',(-1.,-6.12323399574E-017,3.42113882892E-049)) ;
#2273=DIRECTION('Axis2P3D Direction',(-1.,-6.12323399574E-017,-0.)) ;
#2274=DIRECTION('Axis2P3D XDirection',(-6.12323399574E-017,1.,0.)) ;
#2278=DIRECTION('Vector Direction',(0.,0.,-1.)) ;
#2285=DIRECTION('Vector Direction',(0.,-1.,0.)) ;
#2300=DIRECTION('Axis2P3D Direction',(5.81408653252E-051,3.56010123101E-067,1.)) ;
#2301=DIRECTION('Axis2P3D XDirection',(6.12323399574E-017,-1.,0.)) ;
#2305=DIRECTION('Vector Direction',(0.,-1.,0.)) ;
#2312=DIRECTION('Vector Direction',(1.,6.12323401299E-017,0.)) ;
#2324=DIRECTION('Vector Direction',(0.,0.,-1.)) ;
#2341=DIRECTION('Vector Direction',(0.,0.,1.)) ;
#2355=DIRECTION('Axis2P3D Direction',(-1.,-1.83692975339E-016,-1.22460635382E-016)) ;
#2356=DIRECTION('Axis2P3D XDirection',(-1.83692975339E-016,1.,0.)) ;
#2360=DIRECTION('Vector Direction',(1.65429267505E-016,0.,-1.)) ;
#2367=DIRECTION('Vector Direction',(0.,1.,0.)) ;
#2379=DIRECTION('Axis2P3D Direction',(-6.23891284017E-015,-1.,-0.)) ;
#2380=DIRECTION('Axis2P3D XDirection',(-1.,6.23891284017E-015,0.)) ;
#2384=DIRECTION('Vector Direction',(0.,0.,-1.)) ;
#2406=DIRECTION('Axis2P3D Direction',(1.30922678467E-016,-1.69611586415E-019,-1.)) ;
#2407=DIRECTION('Axis2P3D XDirection',(0.528899906224,-0.848684210526,6.93889390391E-017)) ;
#2411=DIRECTION('Vector Direction',(1.30922650499E-016,-1.69597669242E-019,-1.)) ;
#2428=DIRECTION('Axis2P3D Direction',(1.30922678467E-016,-1.69611586415E-019,-1.)) ;
#2451=DIRECTION('Vector Direction',(0.,0.,1.)) ;
#2468=DIRECTION('Vector Direction',(0.,0.,-1.)) ;
#2475=DIRECTION('Vector Direction',(1.,-6.16790568839E-015,0.)) ;
#2489=DIRECTION('Axis2P3D Direction',(-1.,-1.83692975339E-016,-0.)) ;
#2490=DIRECTION('Axis2P3D XDirection',(-1.83692975339E-016,1.,0.)) ;
#2494=DIRECTION('Vector Direction',(0.,1.,0.)) ;
#2506=DIRECTION('Axis2P3D Direction',(-1.,-6.12323399574E-017,-6.12303176911E-017)) ;
#2507=DIRECTION('Axis2P3D XDirection',(6.12303176911E-017,0.,-1.)) ;
#2511=DIRECTION('Vector Direction',(0.,-1.,0.)) ;
#2516=DIRECTION('Vector Direction',(0.,-1.,0.)) ;
#2521=DIRECTION('Vector Direction',(0.,-1.,0.)) ;
#2535=DIRECTION('Axis2P3D Direction',(-6.35701640198E-017,1.,7.17184622843E-018)) ;
#2536=DIRECTION('Axis2P3D XDirection',(0.945714015969,6.24500451352E-017,-0.325)) ;
#2540=DIRECTION('Vector Direction',(-6.35701269402E-017,1.,7.17186310339E-018)) ;
#2553=DIRECTION('Axis2P3D Direction',(6.12303176911E-017,3.74927562856E-033,-1.)) ;
#2554=DIRECTION('Axis2P3D XDirection',(1.,6.12323399574E-017,6.12303176911E-017)) ;
#2558=DIRECTION('Vector Direction',(0.,-1.,0.)) ;
#2570=DIRECTION('Axis2P3D Direction',(-6.15056568712E-017,1.,-3.07913416986E-018)) ;
#2571=DIRECTION('Axis2P3D XDirection',(0.05,0.,-0.998749217772)) ;
#2575=DIRECTION('Vector Direction',(-6.15056450215E-017,1.,-3.07913694542E-018)) ;
#2590=DIRECTION('Axis2P3D Direction',(-1.,-6.12323399574E-017,-6.12303176911E-017)) ;
#2591=DIRECTION('Axis2P3D XDirection',(6.12303176911E-017,0.,-1.)) ;
#2602=DIRECTION('Axis2P3D Direction',(-1.83692975339E-016,1.,-1.12475792377E-032)) ;
#2603=DIRECTION('Axis2P3D XDirection',(1.,1.83692975339E-016,6.12303176911E-017)) ;
#2607=DIRECTION('Vector Direction',(1.01855323352E-016,0.,-1.)) ;
#2612=DIRECTION('Vector Direction',(0.,0.,-1.)) ;
#2625=DIRECTION('Axis2P3D Direction',(1.,1.83692975339E-016,6.12303176911E-017)) ;
#2626=DIRECTION('Axis2P3D XDirection',(1.83692975339E-016,-1.,0.)) ;
#2630=DIRECTION('Vector Direction',(0.,0.,-1.)) ;
#2642=DIRECTION('Axis2P3D Direction',(5.5294089599E-017,8.49704743084E-018,-1.)) ;
#2643=DIRECTION('Axis2P3D XDirection',(0.622257655512,-0.7828125,2.77555756156E-017)) ;
#2647=DIRECTION('Vector Direction',(5.52940804255E-017,8.49702530559E-018,-1.)) ;
#2659=DIRECTION('Axis2P3D Direction',(-1.83692975339E-016,1.,-1.12475792377E-032)) ;
#2660=DIRECTION('Axis2P3D XDirection',(1.,1.83692975339E-016,6.12303176911E-017)) ;
#2664=DIRECTION('Vector Direction',(1.01855323352E-016,0.,-1.)) ;
#2669=DIRECTION('Vector Direction',(1.01855323352E-016,0.,-1.)) ;
#2697=DIRECTION('Axis2P3D Direction',(1.83692975339E-016,-1.,1.12475792377E-032)) ;
#2698=DIRECTION('Axis2P3D XDirection',(-1.,-1.83692975339E-016,-6.12303176911E-017)) ;
#2702=DIRECTION('Vector Direction',(1.01855323352E-016,0.,-1.)) ;
#2715=DIRECTION('Vector Direction',(0.,1.,0.)) ;
#2727=DIRECTION('Axis2P3D Direction',(-1.,-6.12323399574E-017,-6.12303176911E-017)) ;
#2728=DIRECTION('Axis2P3D XDirection',(-6.12303176911E-017,0.,1.)) ;
#2741=DIRECTION('Axis2P3D Direction',(-1.,-1.83692975339E-016,-6.12303176911E-017)) ;
#2742=DIRECTION('Axis2P3D XDirection',(-1.83692975339E-016,1.,0.)) ;
#2753=DIRECTION('Axis2P3D Direction',(3.42113882892E-049,2.09484335814E-065,1.)) ;
#2754=DIRECTION('Axis2P3D XDirection',(1.,6.12323399574E-017,-3.42113882892E-049)) ;
#2777=DIRECTION('Axis2P3D Direction',(-1.83690953073E-016,7.77156117238E-016,1.)) ;
#2778=DIRECTION('Axis2P3D XDirection',(1.,1.83692975339E-016,1.83690953073E-016)) ;
#2782=DIRECTION('Vector Direction',(-4.4408920985E-016,1.,-1.7763568394E-015)) ;
#2791=DIRECTION('Vector Direction',(1.,4.4408920985E-016,0.)) ;
#2798=DIRECTION('Vector Direction',(-4.4408920985E-016,1.,-1.7763568394E-015)) ;
#2805=DIRECTION('Vector Direction',(1.,0.,0.)) ;
#2817=DIRECTION('Axis2P3D Direction',(-1.,-1.83692975339E-016,-1.83690953073E-016)) ;
#2818=DIRECTION('Axis2P3D XDirection',(-1.83692975339E-016,1.,-7.77156117238E-016)) ;
#2822=DIRECTION('Vector Direction',(1.89646637648E-016,-7.90194323535E-016,-1.)) ;
#2829=DIRECTION('Vector Direction',(1.89646637648E-016,-7.58586550593E-016,-1.)) ;
#2836=DIRECTION('Vector Direction',(0.,1.,0.)) ;
#2848=DIRECTION('Axis2P3D Direction',(-1.83692975339E-016,1.,-7.77156117238E-016)) ;
#2849=DIRECTION('Axis2P3D XDirection',(1.,1.83692975339E-016,1.83690953073E-016)) ;
#2853=DIRECTION('Vector Direction',(1.,0.,0.)) ;
#2860=DIRECTION('Vector Direction',(1.89646637648E-016,-7.90194323535E-016,-1.)) ;
#2872=DIRECTION('Axis2P3D Direction',(-1.,-1.83692975339E-016,-1.83690953073E-016)) ;
#2873=DIRECTION('Axis2P3D XDirection',(-1.83692975339E-016,1.,-7.77156117238E-016)) ;
#2877=DIRECTION('Vector Direction',(0.,1.,0.)) ;
#2884=DIRECTION('Vector Direction',(1.89646637648E-016,-7.58586550593E-016,-1.)) ;
#2896=DIRECTION('Axis2P3D Direction',(-1.83692975339E-016,1.,-7.77156117238E-016)) ;
#2897=DIRECTION('Axis2P3D XDirection',(1.,1.83692975339E-016,1.83690953073E-016)) ;
#2901=DIRECTION('Vector Direction',(1.,0.,0.)) ;
#2913=DIRECTION('Axis2P3D Direction',(-1.83690953073E-016,7.77156117238E-016,1.)) ;
#2914=DIRECTION('Axis2P3D XDirection',(1.,6.12323399574E-017,1.83690953073E-016)) ;
#2928=DIRECTION('Vector Direction',(0.,1.,-1.7763568394E-015)) ;
#2937=DIRECTION('Vector Direction',(1.,4.4408920985E-016,0.)) ;
#2944=DIRECTION('Vector Direction',(0.,1.,-1.7763568394E-015)) ;
#2951=DIRECTION('Vector Direction',(1.,0.,0.)) ;
#2963=DIRECTION('Axis2P3D Direction',(-1.,-1.83692975339E-016,-1.83690953073E-016)) ;
#2964=DIRECTION('Axis2P3D XDirection',(-1.83692975339E-016,1.,-7.77156117238E-016)) ;
#2968=DIRECTION('Vector Direction',(1.26431091766E-016,-7.90194323535E-016,-1.)) ;
#2975=DIRECTION('Vector Direction',(1.26431091766E-016,-7.58586550593E-016,-1.)) ;
#2982=DIRECTION('Vector Direction',(0.,1.,0.)) ;
#2994=DIRECTION('Vector Direction',(1.,4.4408920985E-016,0.)) ;
#3001=DIRECTION('Vector Direction',(1.26431091766E-016,-7.90194323535E-016,-1.)) ;
#3013=DIRECTION('Axis2P3D Direction',(-1.,-1.83692975339E-016,-1.83690953073E-016)) ;
#3014=DIRECTION('Axis2P3D XDirection',(-1.83692975339E-016,1.,-7.77156117238E-016)) ;
#3018=DIRECTION('Vector Direction',(0.,1.,0.)) ;
#3025=DIRECTION('Vector Direction',(1.26431091766E-016,-7.58586550593E-016,-1.)) ;
#3037=DIRECTION('Vector Direction',(1.,0.,0.)) ;
#8=PRODUCT_RELATED_PRODUCT_CATEGORY('part',$,(#5)) ;
#7=PRODUCT_CATEGORY('part','specification') ;
#29=STYLED_ITEM(' ',(#28),#21) ;
#2774=STYLED_ITEM(' ',(#2773),#2766) ;
#2925=STYLED_ITEM(' ',(#2773),#2924) ;
#28=PRESENTATION_STYLE_ASSIGNMENT((#27)) ;
#2773=PRESENTATION_STYLE_ASSIGNMENT((#2772)) ;
#27=SURFACE_STYLE_USAGE(.BOTH.,#26) ;
#2772=SURFACE_STYLE_USAGE(.BOTH.,#2771) ;
#26=SURFACE_SIDE_STYLE(' ',(#25)) ;
#2771=SURFACE_SIDE_STYLE(' ',(#2770)) ;
#25=SURFACE_STYLE_FILL_AREA(#24) ;
#2770=SURFACE_STYLE_FILL_AREA(#2769) ;
#24=FILL_AREA_STYLE(' ',(#23)) ;
#2769=FILL_AREA_STYLE(' ',(#2768)) ;
#23=FILL_AREA_STYLE_COLOUR(' ',#22) ;
#2768=FILL_AREA_STYLE_COLOUR(' ',#2767) ;
#62=VECTOR('Line Direction',#61,1.) ;
#69=VECTOR('Line Direction',#68,1.) ;
#116=VECTOR('Line Direction',#115,1.) ;
#125=VECTOR('Line Direction',#124,1.) ;
#132=VECTOR('Line Direction',#131,1.) ;
#139=VECTOR('Line Direction',#138,1.) ;
#146=VECTOR('Line Direction',#145,1.) ;
#153=VECTOR('Line Direction',#152,1.) ;
#160=VECTOR('Line Direction',#159,1.) ;
#167=VECTOR('Line Direction',#166,1.) ;
#174=VECTOR('Line Direction',#173,1.) ;
#208=VECTOR('Line Direction',#207,1.) ;
#215=VECTOR('Line Direction',#214,1.) ;
#222=VECTOR('Line Direction',#221,1.) ;
#239=VECTOR('Line Direction',#238,1.) ;
#246=VECTOR('Line Direction',#245,1.) ;
#263=VECTOR('Line Direction',#262,1.) ;
#270=VECTOR('Line Direction',#269,1.) ;
#287=VECTOR('Line Direction',#286,1.) ;
#294=VECTOR('Line Direction',#293,1.) ;
#306=VECTOR('Line Direction',#305,1.) ;
#313=VECTOR('Line Direction',#312,1.) ;
#330=VECTOR('Line Direction',#329,1.) ;
#337=VECTOR('Line Direction',#336,1.) ;
#354=VECTOR('Line Direction',#353,1.) ;
#373=VECTOR('Line Direction',#372,1.) ;
#380=VECTOR('Line Direction',#379,1.) ;
#397=VECTOR('Line Direction',#396,1.) ;
#404=VECTOR('Line Direction',#403,1.) ;
#421=VECTOR('Line Direction',#420,1.) ;
#428=VECTOR('Line Direction',#427,1.) ;
#435=VECTOR('Line Direction',#434,1.) ;
#442=VECTOR('Line Direction',#441,1.) ;
#449=VECTOR('Line Direction',#448,1.) ;
#470=VECTOR('Line Direction',#469,1.) ;
#477=VECTOR('Line Direction',#476,1.) ;
#484=VECTOR('Line Direction',#483,1.) ;
#491=VECTOR('Line Direction',#490,1.) ;
#498=VECTOR('Line Direction',#497,1.) ;
#505=VECTOR('Line Direction',#504,1.) ;
#512=VECTOR('Line Direction',#511,1.) ;
#533=VECTOR('Line Direction',#532,1.) ;
#540=VECTOR('Line Direction',#539,1.) ;
#557=VECTOR('Line Direction',#556,1.) ;
#564=VECTOR('Line Direction',#563,1.) ;
#581=VECTOR('Line Direction',#580,1.) ;
#588=VECTOR('Line Direction',#587,1.) ;
#595=VECTOR('Line Direction',#594,1.) ;
#613=VECTOR('Line Direction',#612,1.) ;
#620=VECTOR('Line Direction',#619,1.) ;
#627=VECTOR('Line Direction',#626,1.) ;
#644=VECTOR('Line Direction',#643,1.) ;
#651=VECTOR('Line Direction',#650,1.) ;
#656=VECTOR('Line Direction',#655,1.) ;
#674=VECTOR('Line Direction',#673,1.) ;
#681=VECTOR('Line Direction',#680,1.) ;
#698=VECTOR('Line Direction',#697,1.) ;
#715=VECTOR('Line Direction',#714,1.) ;
#724=VECTOR('Line Direction',#723,1.) ;
#731=VECTOR('Line Direction',#730,1.) ;
#738=VECTOR('Line Direction',#737,1.) ;
#745=VECTOR('Line Direction',#744,1.) ;
#759=VECTOR('Line Direction',#758,1.) ;
#766=VECTOR('Line Direction',#765,1.) ;
#773=VECTOR('Line Direction',#772,1.) ;
#780=VECTOR('Line Direction',#779,1.) ;
#787=VECTOR('Line Direction',#786,1.) ;
#801=VECTOR('Line Direction',#800,1.) ;
#808=VECTOR('Line Direction',#807,1.) ;
#815=VECTOR('Line Direction',#814,1.) ;
#822=VECTOR('Line Direction',#821,1.) ;
#845=VECTOR('Line Direction',#844,1.) ;
#854=VECTOR('Line Direction',#853,1.) ;
#861=VECTOR('Line Direction',#860,1.) ;
#868=VECTOR('Line Direction',#867,1.) ;
#875=VECTOR('Line Direction',#874,1.) ;
#882=VECTOR('Line Direction',#881,1.) ;
#889=VECTOR('Line Direction',#888,1.) ;
#896=VECTOR('Line Direction',#895,1.) ;
#903=VECTOR('Line Direction',#902,1.) ;
#910=VECTOR('Line Direction',#909,1.) ;
#917=VECTOR('Line Direction',#916,1.) ;
#924=VECTOR('Line Direction',#923,1.) ;
#931=VECTOR('Line Direction',#930,1.) ;
#945=VECTOR('Line Direction',#944,1.) ;
#952=VECTOR('Line Direction',#951,1.) ;
#959=VECTOR('Line Direction',#958,1.) ;
#966=VECTOR('Line Direction',#965,1.) ;
#1017=VECTOR('Line Direction',#1016,1.) ;
#1024=VECTOR('Line Direction',#1023,1.) ;
#1080=VECTOR('Line Direction',#1079,1.) ;
#1087=VECTOR('Line Direction',#1086,1.) ;
#1094=VECTOR('Line Direction',#1093,1.) ;
#1101=VECTOR('Line Direction',#1100,1.) ;
#1121=VECTOR('Line Direction',#1120,1.) ;
#1128=VECTOR('Line Direction',#1127,1.) ;
#1145=VECTOR('Line Direction',#1144,1.) ;
#1152=VECTOR('Line Direction',#1151,1.) ;
#1159=VECTOR('Line Direction',#1158,1.) ;
#1166=VECTOR('Line Direction',#1165,1.) ;
#1173=VECTOR('Line Direction',#1172,1.) ;
#1180=VECTOR('Line Direction',#1179,1.) ;
#1187=VECTOR('Line Direction',#1186,1.) ;
#1194=VECTOR('Line Direction',#1193,1.) ;
#1201=VECTOR('Line Direction',#1200,1.) ;
#1208=VECTOR('Line Direction',#1207,1.) ;
#1233=VECTOR('Line Direction',#1232,1.) ;
#1251=VECTOR('Line Direction',#1250,1.) ;
#1258=VECTOR('Line Direction',#1257,1.) ;
#1265=VECTOR('Line Direction',#1264,1.) ;
#1284=VECTOR('Line Direction',#1283,1.) ;
#1291=VECTOR('Line Direction',#1290,1.) ;
#1308=VECTOR('Line Direction',#1307,1.) ;
#1315=VECTOR('Line Direction',#1314,1.) ;
#1322=VECTOR('Line Direction',#1321,1.) ;
#1329=VECTOR('Line Direction',#1328,1.) ;
#1348=VECTOR('Line Direction',#1347,1.) ;
#1355=VECTOR('Line Direction',#1354,1.) ;
#1362=VECTOR('Line Direction',#1361,1.) ;
#1379=VECTOR('Line Direction',#1378,1.) ;
#1386=VECTOR('Line Direction',#1385,1.) ;
#1403=VECTOR('Line Direction',#1402,1.) ;
#1420=VECTOR('Line Direction',#1419,1.) ;
#1427=VECTOR('Line Direction',#1426,1.) ;
#1434=VECTOR('Line Direction',#1433,1.) ;
#1441=VECTOR('Line Direction',#1440,1.) ;
#1448=VECTOR('Line Direction',#1447,1.) ;
#1455=VECTOR('Line Direction',#1454,1.) ;
#1462=VECTOR('Line Direction',#1461,1.) ;
#1490=VECTOR('Line Direction',#1489,1.) ;
#1504=VECTOR('Line Direction',#1503,1.) ;
#1511=VECTOR('Line Direction',#1510,1.) ;
#1518=VECTOR('Line Direction',#1517,1.) ;
#1523=VECTOR('Line Direction',#1522,1.) ;
#1530=VECTOR('Line Direction',#1529,1.) ;
#1537=VECTOR('Line Direction',#1536,1.) ;
#1542=VECTOR('Line Direction',#1541,1.) ;
#1549=VECTOR('Line Direction',#1548,1.) ;
#1556=VECTOR('Line Direction',#1555,1.) ;
#1570=VECTOR('Line Direction',#1569,1.) ;
#1584=VECTOR('Line Direction',#1583,1.) ;
#1591=VECTOR('Line Direction',#1590,1.) ;
#1598=VECTOR('Line Direction',#1597,1.) ;
#1639=VECTOR('Line Direction',#1638,1.) ;
#1646=VECTOR('Line Direction',#1645,1.) ;
#1669=VECTOR('Line Direction',#1668,1.) ;
#1676=VECTOR('Line Direction',#1675,1.) ;
#1681=VECTOR('Line Direction',#1680,1.) ;
#1695=VECTOR('Line Direction',#1694,1.) ;
#1702=VECTOR('Line Direction',#1701,1.) ;
#1714=VECTOR('Line Direction',#1713,1.) ;
#1731=VECTOR('Line Direction',#1730,1.) ;
#1738=VECTOR('Line Direction',#1737,1.) ;
#1758=VECTOR('Line Direction',#1757,1.) ;
#1765=VECTOR('Line Direction',#1764,1.) ;
#1782=VECTOR('Line Direction',#1781,1.) ;
#1799=VECTOR('Line Direction',#1798,1.) ;
#1860=VECTOR('Line Direction',#1859,1.) ;
#1867=VECTOR('Line Direction',#1866,1.) ;
#1914=VECTOR('Line Direction',#1913,1.) ;
#1923=VECTOR('Line Direction',#1922,1.) ;
#1930=VECTOR('Line Direction',#1929,1.) ;
#1937=VECTOR('Line Direction',#1936,1.) ;
#1944=VECTOR('Line Direction',#1943,1.) ;
#1951=VECTOR('Line Direction',#1950,1.) ;
#1958=VECTOR('Line Direction',#1957,1.) ;
#1965=VECTOR('Line Direction',#1964,1.) ;
#1972=VECTOR('Line Direction',#1971,1.) ;
#1995=VECTOR('Line Direction',#1994,1.) ;
#2002=VECTOR('Line Direction',#2001,1.) ;
#2009=VECTOR('Line Direction',#2008,1.) ;
#2016=VECTOR('Line Direction',#2015,1.) ;
#2047=VECTOR('Line Direction',#2046,1.) ;
#2052=VECTOR('Line Direction',#2051,1.) ;
#2069=VECTOR('Line Direction',#2068,1.) ;
#2074=VECTOR('Line Direction',#2073,1.) ;
#2081=VECTOR('Line Direction',#2080,1.) ;
#2088=VECTOR('Line Direction',#2087,1.) ;
#2109=VECTOR('Line Direction',#2108,1.) ;
#2116=VECTOR('Line Direction',#2115,1.) ;
#2133=VECTOR('Line Direction',#2132,1.) ;
#2140=VECTOR('Line Direction',#2139,1.) ;
#2157=VECTOR('Line Direction',#2156,1.) ;
#2162=VECTOR('Line Direction',#2161,1.) ;
#2180=VECTOR('Line Direction',#2179,1.) ;
#2197=VECTOR('Line Direction',#2196,1.) ;
#2204=VECTOR('Line Direction',#2203,1.) ;
#2222=VECTOR('Line Direction',#2221,1.) ;
#2229=VECTOR('Line Direction',#2228,1.) ;
#2246=VECTOR('Line Direction',#2245,1.) ;
#2279=VECTOR('Line Direction',#2278,1.) ;
#2286=VECTOR('Line Direction',#2285,1.) ;
#2306=VECTOR('Line Direction',#2305,1.) ;
#2313=VECTOR('Line Direction',#2312,1.) ;
#2325=VECTOR('Line Direction',#2324,1.) ;
#2342=VECTOR('Line Direction',#2341,1.) ;
#2361=VECTOR('Line Direction',#2360,1.) ;
#2368=VECTOR('Line Direction',#2367,1.) ;
#2385=VECTOR('Line Direction',#2384,1.) ;
#2412=VECTOR('Line Direction',#2411,1.) ;
#2452=VECTOR('Line Direction',#2451,1.) ;
#2469=VECTOR('Line Direction',#2468,1.) ;
#2476=VECTOR('Line Direction',#2475,1.) ;
#2495=VECTOR('Line Direction',#2494,1.) ;
#2512=VECTOR('Line Direction',#2511,1.) ;
#2517=VECTOR('Line Direction',#2516,1.) ;
#2522=VECTOR('Line Direction',#2521,1.) ;
#2541=VECTOR('Line Direction',#2540,1.) ;
#2559=VECTOR('Line Direction',#2558,1.) ;
#2576=VECTOR('Line Direction',#2575,1.) ;
#2608=VECTOR('Line Direction',#2607,1.) ;
#2613=VECTOR('Line Direction',#2612,1.) ;
#2631=VECTOR('Line Direction',#2630,1.) ;
#2648=VECTOR('Line Direction',#2647,1.) ;
#2665=VECTOR('Line Direction',#2664,1.) ;
#2670=VECTOR('Line Direction',#2669,1.) ;
#2703=VECTOR('Line Direction',#2702,1.) ;
#2716=VECTOR('Line Direction',#2715,1.) ;
#2783=VECTOR('Line Direction',#2782,1.) ;
#2792=VECTOR('Line Direction',#2791,1.) ;
#2799=VECTOR('Line Direction',#2798,1.) ;
#2806=VECTOR('Line Direction',#2805,1.) ;
#2823=VECTOR('Line Direction',#2822,1.) ;
#2830=VECTOR('Line Direction',#2829,1.) ;
#2837=VECTOR('Line Direction',#2836,1.) ;
#2854=VECTOR('Line Direction',#2853,1.) ;
#2861=VECTOR('Line Direction',#2860,1.) ;
#2878=VECTOR('Line Direction',#2877,1.) ;
#2885=VECTOR('Line Direction',#2884,1.) ;
#2902=VECTOR('Line Direction',#2901,1.) ;
#2929=VECTOR('Line Direction',#2928,1.) ;
#2938=VECTOR('Line Direction',#2937,1.) ;
#2945=VECTOR('Line Direction',#2944,1.) ;
#2952=VECTOR('Line Direction',#2951,1.) ;
#2969=VECTOR('Line Direction',#2968,1.) ;
#2976=VECTOR('Line Direction',#2975,1.) ;
#2983=VECTOR('Line Direction',#2982,1.) ;
#2995=VECTOR('Line Direction',#2994,1.) ;
#3002=VECTOR('Line Direction',#3001,1.) ;
#3019=VECTOR('Line Direction',#3018,1.) ;
#3026=VECTOR('Line Direction',#3025,1.) ;
#3038=VECTOR('Line Direction',#3037,1.) ;
#15=UNCERTAINTY_MEASURE_WITH_UNIT(LENGTH_MEASURE(0.005),#12,'distance_accuracy_value','CONFUSED CURVE UNCERTAINTY') ;
#2765=SHAPE_REPRESENTATION_RELATIONSHIP(' ',' ',#19,#2764) ;
#51=ORIENTED_EDGE('',*,*,#44,.T.) ;
#52=ORIENTED_EDGE('',*,*,#49,.T.) ;
#86=ORIENTED_EDGE('',*,*,#66,.F.) ;
#87=ORIENTED_EDGE('',*,*,#49,.F.) ;
#88=ORIENTED_EDGE('',*,*,#73,.T.) ;
#89=ORIENTED_EDGE('',*,*,#84,.T.) ;
#103=ORIENTED_EDGE('',*,*,#73,.F.) ;
#104=ORIENTED_EDGE('',*,*,#44,.F.) ;
#105=ORIENTED_EDGE('',*,*,#66,.T.) ;
#106=ORIENTED_EDGE('',*,*,#101,.T.) ;
#185=ORIENTED_EDGE('',*,*,#122,.T.) ;
#186=ORIENTED_EDGE('',*,*,#129,.T.) ;
#187=ORIENTED_EDGE('',*,*,#136,.T.) ;
#188=ORIENTED_EDGE('',*,*,#143,.F.) ;
#189=ORIENTED_EDGE('',*,*,#150,.T.) ;
#190=ORIENTED_EDGE('',*,*,#157,.T.) ;
#191=ORIENTED_EDGE('',*,*,#164,.T.) ;
#192=ORIENTED_EDGE('',*,*,#171,.T.) ;
#193=ORIENTED_EDGE('',*,*,#178,.T.) ;
#194=ORIENTED_EDGE('',*,*,#183,.T.) ;
#197=ORIENTED_EDGE('',*,*,#84,.F.) ;
#198=ORIENTED_EDGE('',*,*,#101,.F.) ;
#226=ORIENTED_EDGE('',*,*,#212,.T.) ;
#227=ORIENTED_EDGE('',*,*,#157,.F.) ;
#228=ORIENTED_EDGE('',*,*,#219,.F.) ;
#229=ORIENTED_EDGE('',*,*,#224,.T.) ;
#250=ORIENTED_EDGE('',*,*,#150,.F.) ;
#251=ORIENTED_EDGE('',*,*,#243,.F.) ;
#252=ORIENTED_EDGE('',*,*,#248,.T.) ;
#253=ORIENTED_EDGE('',*,*,#219,.T.) ;
#274=ORIENTED_EDGE('',*,*,#267,.F.) ;
#275=ORIENTED_EDGE('',*,*,#272,.T.) ;
#276=ORIENTED_EDGE('',*,*,#243,.T.) ;
#277=ORIENTED_EDGE('',*,*,#143,.T.) ;
#298=ORIENTED_EDGE('',*,*,#136,.F.) ;
#299=ORIENTED_EDGE('',*,*,#291,.F.) ;
#300=ORIENTED_EDGE('',*,*,#296,.T.) ;
#301=ORIENTED_EDGE('',*,*,#267,.T.) ;
#317=ORIENTED_EDGE('',*,*,#291,.T.) ;
#318=ORIENTED_EDGE('',*,*,#129,.F.) ;
#319=ORIENTED_EDGE('',*,*,#310,.F.) ;
#320=ORIENTED_EDGE('',*,*,#315,.T.) ;
#341=ORIENTED_EDGE('',*,*,#122,.F.) ;
#342=ORIENTED_EDGE('',*,*,#334,.F.) ;
#343=ORIENTED_EDGE('',*,*,#339,.T.) ;
#344=ORIENTED_EDGE('',*,*,#310,.T.) ;
#365=ORIENTED_EDGE('',*,*,#183,.F.) ;
#366=ORIENTED_EDGE('',*,*,#358,.T.) ;
#367=ORIENTED_EDGE('',*,*,#363,.T.) ;
#368=ORIENTED_EDGE('',*,*,#334,.T.) ;
#384=ORIENTED_EDGE('',*,*,#358,.F.) ;
#385=ORIENTED_EDGE('',*,*,#178,.F.) ;
#386=ORIENTED_EDGE('',*,*,#377,.F.) ;
#387=ORIENTED_EDGE('',*,*,#382,.T.) ;
#408=ORIENTED_EDGE('',*,*,#171,.F.) ;
#409=ORIENTED_EDGE('',*,*,#401,.F.) ;
#410=ORIENTED_EDGE('',*,*,#406,.T.) ;
#411=ORIENTED_EDGE('',*,*,#377,.T.) ;
#453=ORIENTED_EDGE('',*,*,#425,.T.) ;
#454=ORIENTED_EDGE('',*,*,#401,.T.) ;
#455=ORIENTED_EDGE('',*,*,#164,.F.) ;
#456=ORIENTED_EDGE('',*,*,#212,.F.) ;
#457=ORIENTED_EDGE('',*,*,#432,.T.) ;
#458=ORIENTED_EDGE('',*,*,#439,.T.) ;
#459=ORIENTED_EDGE('',*,*,#446,.T.) ;
#460=ORIENTED_EDGE('',*,*,#451,.F.) ;
#516=ORIENTED_EDGE('',*,*,#474,.F.) ;
#517=ORIENTED_EDGE('',*,*,#481,.F.) ;
#518=ORIENTED_EDGE('',*,*,#488,.F.) ;
#519=ORIENTED_EDGE('',*,*,#495,.F.) ;
#520=ORIENTED_EDGE('',*,*,#502,.F.) ;
#521=ORIENTED_EDGE('',*,*,#509,.F.) ;
#522=ORIENTED_EDGE('',*,*,#514,.F.) ;
#523=ORIENTED_EDGE('',*,*,#446,.F.) ;
#544=ORIENTED_EDGE('',*,*,#514,.T.) ;
#545=ORIENTED_EDGE('',*,*,#537,.F.) ;
#546=ORIENTED_EDGE('',*,*,#542,.T.) ;
#547=ORIENTED_EDGE('',*,*,#451,.T.) ;
#568=ORIENTED_EDGE('',*,*,#509,.T.) ;
#569=ORIENTED_EDGE('',*,*,#561,.F.) ;
#570=ORIENTED_EDGE('',*,*,#566,.T.) ;
#571=ORIENTED_EDGE('',*,*,#537,.T.) ;
#599=ORIENTED_EDGE('',*,*,#502,.T.) ;
#600=ORIENTED_EDGE('',*,*,#585,.F.) ;
#601=ORIENTED_EDGE('',*,*,#592,.F.) ;
#602=ORIENTED_EDGE('',*,*,#597,.T.) ;
#603=ORIENTED_EDGE('',*,*,#561,.T.) ;
#631=ORIENTED_EDGE('',*,*,#617,.T.) ;
#632=ORIENTED_EDGE('',*,*,#624,.F.) ;
#633=ORIENTED_EDGE('',*,*,#629,.T.) ;
#634=ORIENTED_EDGE('',*,*,#592,.T.) ;
#660=ORIENTED_EDGE('',*,*,#488,.T.) ;
#661=ORIENTED_EDGE('',*,*,#648,.F.) ;
#662=ORIENTED_EDGE('',*,*,#653,.T.) ;
#663=ORIENTED_EDGE('',*,*,#624,.T.) ;
#664=ORIENTED_EDGE('',*,*,#658,.T.) ;
#685=ORIENTED_EDGE('',*,*,#481,.T.) ;
#686=ORIENTED_EDGE('',*,*,#678,.F.) ;
#687=ORIENTED_EDGE('',*,*,#683,.T.) ;
#688=ORIENTED_EDGE('',*,*,#648,.T.) ;
#702=ORIENTED_EDGE('',*,*,#474,.T.) ;
#703=ORIENTED_EDGE('',*,*,#439,.F.) ;
#704=ORIENTED_EDGE('',*,*,#700,.T.) ;
#705=ORIENTED_EDGE('',*,*,#678,.T.) ;
#826=ORIENTED_EDGE('',*,*,#721,.F.) ;
#827=ORIENTED_EDGE('',*,*,#728,.F.) ;
#828=ORIENTED_EDGE('',*,*,#735,.T.) ;
#829=ORIENTED_EDGE('',*,*,#742,.T.) ;
#830=ORIENTED_EDGE('',*,*,#749,.F.) ;
#831=ORIENTED_EDGE('',*,*,#756,.F.) ;
#832=ORIENTED_EDGE('',*,*,#763,.F.) ;
#833=ORIENTED_EDGE('',*,*,#770,.F.) ;
#834=ORIENTED_EDGE('',*,*,#777,.T.) ;
#835=ORIENTED_EDGE('',*,*,#784,.T.) ;
#836=ORIENTED_EDGE('',*,*,#791,.T.) ;
#837=ORIENTED_EDGE('',*,*,#798,.T.) ;
#838=ORIENTED_EDGE('',*,*,#805,.T.) ;
#839=ORIENTED_EDGE('',*,*,#812,.F.) ;
#840=ORIENTED_EDGE('',*,*,#819,.T.) ;
#841=ORIENTED_EDGE('',*,*,#824,.F.) ;
#970=ORIENTED_EDGE('',*,*,#851,.F.) ;
#971=ORIENTED_EDGE('',*,*,#858,.T.) ;
#972=ORIENTED_EDGE('',*,*,#865,.T.) ;
#973=ORIENTED_EDGE('',*,*,#872,.F.) ;
#974=ORIENTED_EDGE('',*,*,#879,.F.) ;
#975=ORIENTED_EDGE('',*,*,#886,.F.) ;
#976=ORIENTED_EDGE('',*,*,#893,.F.) ;
#977=ORIENTED_EDGE('',*,*,#900,.F.) ;
#978=ORIENTED_EDGE('',*,*,#907,.F.) ;
#979=ORIENTED_EDGE('',*,*,#914,.F.) ;
#980=ORIENTED_EDGE('',*,*,#921,.T.) ;
#981=ORIENTED_EDGE('',*,*,#928,.T.) ;
#982=ORIENTED_EDGE('',*,*,#935,.T.) ;
#983=ORIENTED_EDGE('',*,*,#942,.T.) ;
#984=ORIENTED_EDGE('',*,*,#949,.T.) ;
#985=ORIENTED_EDGE('',*,*,#956,.T.) ;
#986=ORIENTED_EDGE('',*,*,#963,.F.) ;
#987=ORIENTED_EDGE('',*,*,#968,.F.) ;
#990=ORIENTED_EDGE('',*,*,#425,.F.) ;
#991=ORIENTED_EDGE('',*,*,#542,.F.) ;
#992=ORIENTED_EDGE('',*,*,#566,.F.) ;
#993=ORIENTED_EDGE('',*,*,#597,.F.) ;
#994=ORIENTED_EDGE('',*,*,#629,.F.) ;
#995=ORIENTED_EDGE('',*,*,#653,.F.) ;
#996=ORIENTED_EDGE('',*,*,#683,.F.) ;
#997=ORIENTED_EDGE('',*,*,#700,.F.) ;
#998=ORIENTED_EDGE('',*,*,#432,.F.) ;
#999=ORIENTED_EDGE('',*,*,#224,.F.) ;
#1000=ORIENTED_EDGE('',*,*,#248,.F.) ;
#1001=ORIENTED_EDGE('',*,*,#272,.F.) ;
#1002=ORIENTED_EDGE('',*,*,#296,.F.) ;
#1003=ORIENTED_EDGE('',*,*,#315,.F.) ;
#1004=ORIENTED_EDGE('',*,*,#339,.F.) ;
#1005=ORIENTED_EDGE('',*,*,#363,.F.) ;
#1006=ORIENTED_EDGE('',*,*,#382,.F.) ;
#1007=ORIENTED_EDGE('',*,*,#406,.F.) ;
#1055=ORIENTED_EDGE('',*,*,#1021,.F.) ;
#1056=ORIENTED_EDGE('',*,*,#756,.T.) ;
#1057=ORIENTED_EDGE('',*,*,#1028,.T.) ;
#1058=ORIENTED_EDGE('',*,*,#1038,.F.) ;
#1059=ORIENTED_EDGE('',*,*,#1045,.F.) ;
#1060=ORIENTED_EDGE('',*,*,#1053,.T.) ;
#1105=ORIENTED_EDGE('',*,*,#1077,.T.) ;
#1106=ORIENTED_EDGE('',*,*,#1084,.T.) ;
#1107=ORIENTED_EDGE('',*,*,#1091,.F.) ;
#1108=ORIENTED_EDGE('',*,*,#1098,.F.) ;
#1109=ORIENTED_EDGE('',*,*,#1103,.F.) ;
#1110=ORIENTED_EDGE('',*,*,#763,.T.) ;
#1111=ORIENTED_EDGE('',*,*,#1021,.T.) ;
#1132=ORIENTED_EDGE('',*,*,#1125,.F.) ;
#1133=ORIENTED_EDGE('',*,*,#1130,.F.) ;
#1134=ORIENTED_EDGE('',*,*,#770,.T.) ;
#1135=ORIENTED_EDGE('',*,*,#1103,.T.) ;
#1212=ORIENTED_EDGE('',*,*,#777,.F.) ;
#1213=ORIENTED_EDGE('',*,*,#1130,.T.) ;
#1214=ORIENTED_EDGE('',*,*,#1149,.T.) ;
#1215=ORIENTED_EDGE('',*,*,#1156,.F.) ;
#1216=ORIENTED_EDGE('',*,*,#1163,.T.) ;
#1217=ORIENTED_EDGE('',*,*,#1170,.F.) ;
#1218=ORIENTED_EDGE('',*,*,#1177,.F.) ;
#1219=ORIENTED_EDGE('',*,*,#1184,.F.) ;
#1220=ORIENTED_EDGE('',*,*,#1191,.F.) ;
#1221=ORIENTED_EDGE('',*,*,#1198,.T.) ;
#1222=ORIENTED_EDGE('',*,*,#1205,.T.) ;
#1223=ORIENTED_EDGE('',*,*,#1210,.F.) ;
#1237=ORIENTED_EDGE('',*,*,#1091,.T.) ;
#1238=ORIENTED_EDGE('',*,*,#1235,.F.) ;
#1239=ORIENTED_EDGE('',*,*,#1149,.F.) ;
#1240=ORIENTED_EDGE('',*,*,#1125,.T.) ;
#1241=ORIENTED_EDGE('',*,*,#1098,.T.) ;
#1269=ORIENTED_EDGE('',*,*,#1255,.F.) ;
#1270=ORIENTED_EDGE('',*,*,#1262,.F.) ;
#1271=ORIENTED_EDGE('',*,*,#1267,.F.) ;
#1272=ORIENTED_EDGE('',*,*,#1156,.T.) ;
#1273=ORIENTED_EDGE('',*,*,#1235,.T.) ;
#1274=ORIENTED_EDGE('',*,*,#1084,.F.) ;
#1295=ORIENTED_EDGE('',*,*,#1163,.F.) ;
#1296=ORIENTED_EDGE('',*,*,#1267,.T.) ;
#1297=ORIENTED_EDGE('',*,*,#1288,.T.) ;
#1298=ORIENTED_EDGE('',*,*,#1293,.F.) ;
#1333=ORIENTED_EDGE('',*,*,#1170,.T.) ;
#1334=ORIENTED_EDGE('',*,*,#1293,.T.) ;
#1335=ORIENTED_EDGE('',*,*,#1312,.T.) ;
#1336=ORIENTED_EDGE('',*,*,#1319,.F.) ;
#1337=ORIENTED_EDGE('',*,*,#1326,.T.) ;
#1338=ORIENTED_EDGE('',*,*,#1331,.F.) ;
#1366=ORIENTED_EDGE('',*,*,#1352,.T.) ;
#1367=ORIENTED_EDGE('',*,*,#1319,.T.) ;
#1368=ORIENTED_EDGE('',*,*,#1359,.F.) ;
#1369=ORIENTED_EDGE('',*,*,#1364,.F.) ;
#1390=ORIENTED_EDGE('',*,*,#1383,.F.) ;
#1391=ORIENTED_EDGE('',*,*,#1326,.F.) ;
#1392=ORIENTED_EDGE('',*,*,#1352,.F.) ;
#1393=ORIENTED_EDGE('',*,*,#1388,.T.) ;
#1407=ORIENTED_EDGE('',*,*,#1177,.T.) ;
#1408=ORIENTED_EDGE('',*,*,#1331,.T.) ;
#1409=ORIENTED_EDGE('',*,*,#1383,.T.) ;
#1410=ORIENTED_EDGE('',*,*,#1405,.F.) ;
#1466=ORIENTED_EDGE('',*,*,#1424,.F.) ;
#1467=ORIENTED_EDGE('',*,*,#617,.F.) ;
#1468=ORIENTED_EDGE('',*,*,#1431,.F.) ;
#1469=ORIENTED_EDGE('',*,*,#1438,.F.) ;
#1470=ORIENTED_EDGE('',*,*,#1445,.T.) ;
#1471=ORIENTED_EDGE('',*,*,#1452,.T.) ;
#1472=ORIENTED_EDGE('',*,*,#1459,.F.) ;
#1473=ORIENTED_EDGE('',*,*,#1464,.F.) ;
#1602=ORIENTED_EDGE('',*,*,#1359,.T.) ;
#1603=ORIENTED_EDGE('',*,*,#1312,.F.) ;
#1604=ORIENTED_EDGE('',*,*,#1288,.F.) ;
#1605=ORIENTED_EDGE('',*,*,#1262,.T.) ;
#1606=ORIENTED_EDGE('',*,*,#1487,.F.) ;
#1607=ORIENTED_EDGE('',*,*,#1494,.F.) ;
#1608=ORIENTED_EDGE('',*,*,#1501,.F.) ;
#1609=ORIENTED_EDGE('',*,*,#1508,.F.) ;
#1610=ORIENTED_EDGE('',*,*,#1515,.F.) ;
#1611=ORIENTED_EDGE('',*,*,#1520,.F.) ;
#1612=ORIENTED_EDGE('',*,*,#1431,.T.) ;
#1613=ORIENTED_EDGE('',*,*,#585,.T.) ;
#1614=ORIENTED_EDGE('',*,*,#495,.T.) ;
#1615=ORIENTED_EDGE('',*,*,#658,.F.) ;
#1616=ORIENTED_EDGE('',*,*,#1424,.T.) ;
#1617=ORIENTED_EDGE('',*,*,#1527,.T.) ;
#1618=ORIENTED_EDGE('',*,*,#1534,.T.) ;
#1619=ORIENTED_EDGE('',*,*,#1539,.F.) ;
#1620=ORIENTED_EDGE('',*,*,#1459,.T.) ;
#1621=ORIENTED_EDGE('',*,*,#1546,.T.) ;
#1622=ORIENTED_EDGE('',*,*,#1553,.F.) ;
#1623=ORIENTED_EDGE('',*,*,#1560,.T.) ;
#1624=ORIENTED_EDGE('',*,*,#1567,.F.) ;
#1625=ORIENTED_EDGE('',*,*,#1574,.F.) ;
#1626=ORIENTED_EDGE('',*,*,#1581,.F.) ;
#1627=ORIENTED_EDGE('',*,*,#1588,.F.) ;
#1628=ORIENTED_EDGE('',*,*,#1595,.F.) ;
#1629=ORIENTED_EDGE('',*,*,#1600,.T.) ;
#1655=ORIENTED_EDGE('',*,*,#1643,.F.) ;
#1656=ORIENTED_EDGE('',*,*,#1501,.T.) ;
#1657=ORIENTED_EDGE('',*,*,#1648,.T.) ;
#1658=ORIENTED_EDGE('',*,*,#1038,.T.) ;
#1659=ORIENTED_EDGE('',*,*,#1653,.F.) ;
#1685=ORIENTED_EDGE('',*,*,#1673,.F.) ;
#1686=ORIENTED_EDGE('',*,*,#1678,.F.) ;
#1687=ORIENTED_EDGE('',*,*,#1508,.T.) ;
#1688=ORIENTED_EDGE('',*,*,#1643,.T.) ;
#1689=ORIENTED_EDGE('',*,*,#1683,.F.) ;
#1690=ORIENTED_EDGE('',*,*,#742,.F.) ;
#1706=ORIENTED_EDGE('',*,*,#1678,.T.) ;
#1707=ORIENTED_EDGE('',*,*,#1699,.F.) ;
#1708=ORIENTED_EDGE('',*,*,#1704,.F.) ;
#1709=ORIENTED_EDGE('',*,*,#1515,.T.) ;
#1718=ORIENTED_EDGE('',*,*,#1716,.F.) ;
#1719=ORIENTED_EDGE('',*,*,#1699,.T.) ;
#1720=ORIENTED_EDGE('',*,*,#1673,.T.) ;
#1721=ORIENTED_EDGE('',*,*,#735,.F.) ;
#1742=ORIENTED_EDGE('',*,*,#1438,.T.) ;
#1743=ORIENTED_EDGE('',*,*,#1520,.T.) ;
#1744=ORIENTED_EDGE('',*,*,#1704,.T.) ;
#1745=ORIENTED_EDGE('',*,*,#1716,.T.) ;
#1746=ORIENTED_EDGE('',*,*,#728,.T.) ;
#1747=ORIENTED_EDGE('',*,*,#1735,.T.) ;
#1748=ORIENTED_EDGE('',*,*,#1740,.T.) ;
#1769=ORIENTED_EDGE('',*,*,#1762,.F.) ;
#1770=ORIENTED_EDGE('',*,*,#1735,.F.) ;
#1771=ORIENTED_EDGE('',*,*,#721,.T.) ;
#1772=ORIENTED_EDGE('',*,*,#1767,.T.) ;
#1786=ORIENTED_EDGE('',*,*,#1445,.F.) ;
#1787=ORIENTED_EDGE('',*,*,#1740,.F.) ;
#1788=ORIENTED_EDGE('',*,*,#1762,.T.) ;
#1789=ORIENTED_EDGE('',*,*,#1784,.F.) ;
#1803=ORIENTED_EDGE('',*,*,#1045,.T.) ;
#1804=ORIENTED_EDGE('',*,*,#1648,.F.) ;
#1805=ORIENTED_EDGE('',*,*,#1494,.T.) ;
#1806=ORIENTED_EDGE('',*,*,#1801,.T.) ;
#1810=ORIENTED_EDGE('',*,*,#749,.T.) ;
#1811=ORIENTED_EDGE('',*,*,#1683,.T.) ;
#1812=ORIENTED_EDGE('',*,*,#1653,.T.) ;
#1813=ORIENTED_EDGE('',*,*,#1028,.F.) ;
#1822=ORIENTED_EDGE('',*,*,#1801,.F.) ;
#1823=ORIENTED_EDGE('',*,*,#1487,.T.) ;
#1824=ORIENTED_EDGE('',*,*,#1255,.T.) ;
#1825=ORIENTED_EDGE('',*,*,#1077,.F.) ;
#1826=ORIENTED_EDGE('',*,*,#1053,.F.) ;
#1849=ORIENTED_EDGE('',*,*,#1842,.T.) ;
#1850=ORIENTED_EDGE('',*,*,#1847,.T.) ;
#1878=ORIENTED_EDGE('',*,*,#1864,.F.) ;
#1879=ORIENTED_EDGE('',*,*,#1842,.F.) ;
#1880=ORIENTED_EDGE('',*,*,#1871,.T.) ;
#1881=ORIENTED_EDGE('',*,*,#1876,.T.) ;
#1901=ORIENTED_EDGE('',*,*,#1871,.F.) ;
#1902=ORIENTED_EDGE('',*,*,#1847,.F.) ;
#1903=ORIENTED_EDGE('',*,*,#1864,.T.) ;
#1904=ORIENTED_EDGE('',*,*,#1899,.T.) ;
#2020=ORIENTED_EDGE('',*,*,#1920,.F.) ;
#2021=ORIENTED_EDGE('',*,*,#1927,.T.) ;
#2022=ORIENTED_EDGE('',*,*,#1934,.F.) ;
#2023=ORIENTED_EDGE('',*,*,#1941,.T.) ;
#2024=ORIENTED_EDGE('',*,*,#1948,.F.) ;
#2025=ORIENTED_EDGE('',*,*,#1955,.F.) ;
#2026=ORIENTED_EDGE('',*,*,#1962,.F.) ;
#2027=ORIENTED_EDGE('',*,*,#1969,.T.) ;
#2028=ORIENTED_EDGE('',*,*,#1976,.F.) ;
#2029=ORIENTED_EDGE('',*,*,#1992,.F.) ;
#2030=ORIENTED_EDGE('',*,*,#1999,.F.) ;
#2031=ORIENTED_EDGE('',*,*,#2006,.F.) ;
#2032=ORIENTED_EDGE('',*,*,#2013,.F.) ;
#2033=ORIENTED_EDGE('',*,*,#2018,.F.) ;
#2036=ORIENTED_EDGE('',*,*,#1876,.F.) ;
#2037=ORIENTED_EDGE('',*,*,#1899,.F.) ;
#2056=ORIENTED_EDGE('',*,*,#858,.F.) ;
#2057=ORIENTED_EDGE('',*,*,#2049,.T.) ;
#2058=ORIENTED_EDGE('',*,*,#2018,.T.) ;
#2059=ORIENTED_EDGE('',*,*,#2054,.F.) ;
#2092=ORIENTED_EDGE('',*,*,#865,.F.) ;
#2093=ORIENTED_EDGE('',*,*,#2054,.T.) ;
#2094=ORIENTED_EDGE('',*,*,#2013,.T.) ;
#2095=ORIENTED_EDGE('',*,*,#2071,.F.) ;
#2096=ORIENTED_EDGE('',*,*,#921,.F.) ;
#2097=ORIENTED_EDGE('',*,*,#2078,.T.) ;
#2098=ORIENTED_EDGE('',*,*,#2085,.T.) ;
#2099=ORIENTED_EDGE('',*,*,#2090,.F.) ;
#2120=ORIENTED_EDGE('',*,*,#2113,.T.) ;
#2121=ORIENTED_EDGE('',*,*,#2118,.F.) ;
#2122=ORIENTED_EDGE('',*,*,#872,.T.) ;
#2123=ORIENTED_EDGE('',*,*,#2090,.T.) ;
#2144=ORIENTED_EDGE('',*,*,#2137,.T.) ;
#2145=ORIENTED_EDGE('',*,*,#2142,.F.) ;
#2146=ORIENTED_EDGE('',*,*,#879,.T.) ;
#2147=ORIENTED_EDGE('',*,*,#2118,.T.) ;
#2166=ORIENTED_EDGE('',*,*,#2159,.T.) ;
#2167=ORIENTED_EDGE('',*,*,#1527,.F.) ;
#2168=ORIENTED_EDGE('',*,*,#2164,.F.) ;
#2169=ORIENTED_EDGE('',*,*,#886,.T.) ;
#2170=ORIENTED_EDGE('',*,*,#2142,.T.) ;
#2184=ORIENTED_EDGE('',*,*,#1464,.T.) ;
#2185=ORIENTED_EDGE('',*,*,#2182,.F.) ;
#2186=ORIENTED_EDGE('',*,*,#893,.T.) ;
#2187=ORIENTED_EDGE('',*,*,#2164,.T.) ;
#2208=ORIENTED_EDGE('',*,*,#2201,.T.) ;
#2209=ORIENTED_EDGE('',*,*,#2206,.F.) ;
#2210=ORIENTED_EDGE('',*,*,#900,.T.) ;
#2211=ORIENTED_EDGE('',*,*,#2182,.T.) ;
#2212=ORIENTED_EDGE('',*,*,#1539,.T.) ;
#2233=ORIENTED_EDGE('',*,*,#2226,.T.) ;
#2234=ORIENTED_EDGE('',*,*,#2231,.F.) ;
#2235=ORIENTED_EDGE('',*,*,#907,.T.) ;
#2236=ORIENTED_EDGE('',*,*,#2206,.T.) ;
#2250=ORIENTED_EDGE('',*,*,#2248,.T.) ;
#2251=ORIENTED_EDGE('',*,*,#2078,.F.) ;
#2252=ORIENTED_EDGE('',*,*,#914,.T.) ;
#2253=ORIENTED_EDGE('',*,*,#2231,.T.) ;
#2262=ORIENTED_EDGE('',*,*,#2248,.F.) ;
#2263=ORIENTED_EDGE('',*,*,#2226,.F.) ;
#2264=ORIENTED_EDGE('',*,*,#2201,.F.) ;
#2265=ORIENTED_EDGE('',*,*,#1534,.F.) ;
#2266=ORIENTED_EDGE('',*,*,#2159,.F.) ;
#2267=ORIENTED_EDGE('',*,*,#2137,.F.) ;
#2268=ORIENTED_EDGE('',*,*,#2113,.F.) ;
#2269=ORIENTED_EDGE('',*,*,#2085,.F.) ;
#2290=ORIENTED_EDGE('',*,*,#1767,.F.) ;
#2291=ORIENTED_EDGE('',*,*,#824,.T.) ;
#2292=ORIENTED_EDGE('',*,*,#2283,.T.) ;
#2293=ORIENTED_EDGE('',*,*,#2288,.F.) ;
#2294=ORIENTED_EDGE('',*,*,#1546,.F.) ;
#2295=ORIENTED_EDGE('',*,*,#1452,.F.) ;
#2296=ORIENTED_EDGE('',*,*,#1784,.T.) ;
#2317=ORIENTED_EDGE('',*,*,#2310,.F.) ;
#2318=ORIENTED_EDGE('',*,*,#1553,.T.) ;
#2319=ORIENTED_EDGE('',*,*,#2288,.T.) ;
#2320=ORIENTED_EDGE('',*,*,#2315,.F.) ;
#2346=ORIENTED_EDGE('',*,*,#2283,.F.) ;
#2347=ORIENTED_EDGE('',*,*,#819,.F.) ;
#2348=ORIENTED_EDGE('',*,*,#2329,.T.) ;
#2349=ORIENTED_EDGE('',*,*,#2339,.T.) ;
#2350=ORIENTED_EDGE('',*,*,#2344,.F.) ;
#2351=ORIENTED_EDGE('',*,*,#2315,.T.) ;
#2372=ORIENTED_EDGE('',*,*,#812,.T.) ;
#2373=ORIENTED_EDGE('',*,*,#2365,.T.) ;
#2374=ORIENTED_EDGE('',*,*,#2370,.T.) ;
#2375=ORIENTED_EDGE('',*,*,#2329,.F.) ;
#2399=ORIENTED_EDGE('',*,*,#805,.F.) ;
#2400=ORIENTED_EDGE('',*,*,#2389,.T.) ;
#2401=ORIENTED_EDGE('',*,*,#2397,.T.) ;
#2402=ORIENTED_EDGE('',*,*,#2365,.F.) ;
#2442=ORIENTED_EDGE('',*,*,#2389,.F.) ;
#2443=ORIENTED_EDGE('',*,*,#798,.F.) ;
#2444=ORIENTED_EDGE('',*,*,#2416,.T.) ;
#2445=ORIENTED_EDGE('',*,*,#2426,.F.) ;
#2446=ORIENTED_EDGE('',*,*,#2433,.F.) ;
#2447=ORIENTED_EDGE('',*,*,#2440,.T.) ;
#2480=ORIENTED_EDGE('',*,*,#2458,.F.) ;
#2481=ORIENTED_EDGE('',*,*,#2466,.T.) ;
#2482=ORIENTED_EDGE('',*,*,#2416,.F.) ;
#2483=ORIENTED_EDGE('',*,*,#791,.F.) ;
#2484=ORIENTED_EDGE('',*,*,#2473,.T.) ;
#2485=ORIENTED_EDGE('',*,*,#2478,.T.) ;
#2499=ORIENTED_EDGE('',*,*,#2473,.F.) ;
#2500=ORIENTED_EDGE('',*,*,#784,.F.) ;
#2501=ORIENTED_EDGE('',*,*,#1210,.T.) ;
#2502=ORIENTED_EDGE('',*,*,#2497,.T.) ;
#2526=ORIENTED_EDGE('',*,*,#2514,.T.) ;
#2527=ORIENTED_EDGE('',*,*,#2458,.T.) ;
#2528=ORIENTED_EDGE('',*,*,#2519,.T.) ;
#2529=ORIENTED_EDGE('',*,*,#1198,.F.) ;
#2530=ORIENTED_EDGE('',*,*,#2524,.F.) ;
#2531=ORIENTED_EDGE('',*,*,#1588,.T.) ;
#2545=ORIENTED_EDGE('',*,*,#2514,.F.) ;
#2546=ORIENTED_EDGE('',*,*,#1581,.T.) ;
#2547=ORIENTED_EDGE('',*,*,#2543,.T.) ;
#2548=ORIENTED_EDGE('',*,*,#2426,.T.) ;
#2549=ORIENTED_EDGE('',*,*,#2466,.F.) ;
#2563=ORIENTED_EDGE('',*,*,#2433,.T.) ;
#2564=ORIENTED_EDGE('',*,*,#2543,.F.) ;
#2565=ORIENTED_EDGE('',*,*,#1574,.T.) ;
#2566=ORIENTED_EDGE('',*,*,#2561,.T.) ;
#2580=ORIENTED_EDGE('',*,*,#2561,.F.) ;
#2581=ORIENTED_EDGE('',*,*,#1567,.T.) ;
#2582=ORIENTED_EDGE('',*,*,#2578,.T.) ;
#2583=ORIENTED_EDGE('',*,*,#2339,.F.) ;
#2584=ORIENTED_EDGE('',*,*,#2370,.F.) ;
#2585=ORIENTED_EDGE('',*,*,#2397,.F.) ;
#2586=ORIENTED_EDGE('',*,*,#2440,.F.) ;
#2595=ORIENTED_EDGE('',*,*,#1560,.F.) ;
#2596=ORIENTED_EDGE('',*,*,#2310,.T.) ;
#2597=ORIENTED_EDGE('',*,*,#2344,.T.) ;
#2598=ORIENTED_EDGE('',*,*,#2578,.F.) ;
#2617=ORIENTED_EDGE('',*,*,#2610,.F.) ;
#2618=ORIENTED_EDGE('',*,*,#949,.F.) ;
#2619=ORIENTED_EDGE('',*,*,#2615,.T.) ;
#2620=ORIENTED_EDGE('',*,*,#1976,.T.) ;
#2621=ORIENTED_EDGE('',*,*,#1969,.F.) ;
#2635=ORIENTED_EDGE('',*,*,#2633,.F.) ;
#2636=ORIENTED_EDGE('',*,*,#928,.F.) ;
#2637=ORIENTED_EDGE('',*,*,#2071,.T.) ;
#2638=ORIENTED_EDGE('',*,*,#2006,.T.) ;
#2652=ORIENTED_EDGE('',*,*,#2615,.F.) ;
#2653=ORIENTED_EDGE('',*,*,#942,.F.) ;
#2654=ORIENTED_EDGE('',*,*,#2650,.F.) ;
#2655=ORIENTED_EDGE('',*,*,#1992,.T.) ;
#2674=ORIENTED_EDGE('',*,*,#963,.T.) ;
#2675=ORIENTED_EDGE('',*,*,#2667,.T.) ;
#2676=ORIENTED_EDGE('',*,*,#1948,.T.) ;
#2677=ORIENTED_EDGE('',*,*,#1941,.F.) ;
#2678=ORIENTED_EDGE('',*,*,#2672,.F.) ;
#2682=ORIENTED_EDGE('',*,*,#1955,.T.) ;
#2683=ORIENTED_EDGE('',*,*,#2667,.F.) ;
#2684=ORIENTED_EDGE('',*,*,#956,.F.) ;
#2685=ORIENTED_EDGE('',*,*,#2610,.T.) ;
#2686=ORIENTED_EDGE('',*,*,#1962,.T.) ;
#2690=ORIENTED_EDGE('',*,*,#935,.F.) ;
#2691=ORIENTED_EDGE('',*,*,#2633,.T.) ;
#2692=ORIENTED_EDGE('',*,*,#1999,.T.) ;
#2693=ORIENTED_EDGE('',*,*,#2650,.T.) ;
#2707=ORIENTED_EDGE('',*,*,#851,.T.) ;
#2708=ORIENTED_EDGE('',*,*,#2705,.T.) ;
#2709=ORIENTED_EDGE('',*,*,#1927,.F.) ;
#2710=ORIENTED_EDGE('',*,*,#1920,.T.) ;
#2711=ORIENTED_EDGE('',*,*,#2049,.F.) ;
#2720=ORIENTED_EDGE('',*,*,#2718,.T.) ;
#2721=ORIENTED_EDGE('',*,*,#1595,.T.) ;
#2722=ORIENTED_EDGE('',*,*,#2524,.T.) ;
#2723=ORIENTED_EDGE('',*,*,#1191,.T.) ;
#2732=ORIENTED_EDGE('',*,*,#2718,.F.) ;
#2733=ORIENTED_EDGE('',*,*,#1184,.T.) ;
#2734=ORIENTED_EDGE('',*,*,#1405,.T.) ;
#2735=ORIENTED_EDGE('',*,*,#1388,.F.) ;
#2736=ORIENTED_EDGE('',*,*,#1364,.T.) ;
#2737=ORIENTED_EDGE('',*,*,#1600,.F.) ;
#2746=ORIENTED_EDGE('',*,*,#1934,.T.) ;
#2747=ORIENTED_EDGE('',*,*,#2705,.F.) ;
#2748=ORIENTED_EDGE('',*,*,#968,.T.) ;
#2749=ORIENTED_EDGE('',*,*,#2672,.T.) ;
#2758=ORIENTED_EDGE('',*,*,#1205,.F.) ;
#2759=ORIENTED_EDGE('',*,*,#2519,.F.) ;
#2760=ORIENTED_EDGE('',*,*,#2478,.F.) ;
#2761=ORIENTED_EDGE('',*,*,#2497,.F.) ;
#2810=ORIENTED_EDGE('',*,*,#2789,.T.) ;
#2811=ORIENTED_EDGE('',*,*,#2796,.T.) ;
#2812=ORIENTED_EDGE('',*,*,#2803,.T.) ;
#2813=ORIENTED_EDGE('',*,*,#2808,.T.) ;
#2841=ORIENTED_EDGE('',*,*,#2827,.F.) ;
#2842=ORIENTED_EDGE('',*,*,#2789,.F.) ;
#2843=ORIENTED_EDGE('',*,*,#2834,.T.) ;
#2844=ORIENTED_EDGE('',*,*,#2839,.F.) ;
#2865=ORIENTED_EDGE('',*,*,#2858,.T.) ;
#2866=ORIENTED_EDGE('',*,*,#2863,.F.) ;
#2867=ORIENTED_EDGE('',*,*,#2796,.F.) ;
#2868=ORIENTED_EDGE('',*,*,#2827,.T.) ;
#2889=ORIENTED_EDGE('',*,*,#2882,.T.) ;
#2890=ORIENTED_EDGE('',*,*,#2887,.F.) ;
#2891=ORIENTED_EDGE('',*,*,#2803,.F.) ;
#2892=ORIENTED_EDGE('',*,*,#2863,.T.) ;
#2906=ORIENTED_EDGE('',*,*,#2834,.F.) ;
#2907=ORIENTED_EDGE('',*,*,#2808,.F.) ;
#2908=ORIENTED_EDGE('',*,*,#2887,.T.) ;
#2909=ORIENTED_EDGE('',*,*,#2904,.F.) ;
#2918=ORIENTED_EDGE('',*,*,#2882,.F.) ;
#2919=ORIENTED_EDGE('',*,*,#2858,.F.) ;
#2920=ORIENTED_EDGE('',*,*,#2839,.T.) ;
#2921=ORIENTED_EDGE('',*,*,#2904,.T.) ;
#2956=ORIENTED_EDGE('',*,*,#2935,.T.) ;
#2957=ORIENTED_EDGE('',*,*,#2942,.T.) ;
#2958=ORIENTED_EDGE('',*,*,#2949,.T.) ;
#2959=ORIENTED_EDGE('',*,*,#2954,.T.) ;
#2987=ORIENTED_EDGE('',*,*,#2973,.F.) ;
#2988=ORIENTED_EDGE('',*,*,#2935,.F.) ;
#2989=ORIENTED_EDGE('',*,*,#2980,.T.) ;
#2990=ORIENTED_EDGE('',*,*,#2985,.F.) ;
#3006=ORIENTED_EDGE('',*,*,#2999,.T.) ;
#3007=ORIENTED_EDGE('',*,*,#3004,.F.) ;
#3008=ORIENTED_EDGE('',*,*,#2942,.F.) ;
#3009=ORIENTED_EDGE('',*,*,#2973,.T.) ;
#3030=ORIENTED_EDGE('',*,*,#3023,.T.) ;
#3031=ORIENTED_EDGE('',*,*,#3028,.F.) ;
#3032=ORIENTED_EDGE('',*,*,#2949,.F.) ;
#3033=ORIENTED_EDGE('',*,*,#3004,.T.) ;
#3042=ORIENTED_EDGE('',*,*,#2980,.F.) ;
#3043=ORIENTED_EDGE('',*,*,#2954,.F.) ;
#3044=ORIENTED_EDGE('',*,*,#3028,.T.) ;
#3045=ORIENTED_EDGE('',*,*,#3040,.F.) ;
#3049=ORIENTED_EDGE('',*,*,#3023,.F.) ;
#3050=ORIENTED_EDGE('',*,*,#2999,.F.) ;
#3051=ORIENTED_EDGE('',*,*,#2985,.T.) ;
#3052=ORIENTED_EDGE('',*,*,#3040,.T.) ;
#199=FACE_BOUND('',#196,.T.) ;
#988=FACE_BOUND('',#969,.T.) ;
#1008=FACE_BOUND('',#989,.T.) ;
#2038=FACE_BOUND('',#2035,.T.) ;
#30=CLOSED_SHELL('Closed Shell',(#54,#91,#108,#200,#231,#255,#279,#303,#322,#346,#370,#389,#413,#462,#525,#549,#573,#605,#636,#666,#690,#707,#1009,#1062,#1113,#1137,#1225,#1243,#1276,#1300,#1340,#1371,#1395,#1412,#1475,#1631,#1661,#1692,#1711,#1723,#1750,#1774,#1791,#1808,#1815,#1828,#1852,#1883,#1906,#2039,#2061,#2101,#2125,#2149,#2172,#2189,#2214,#2238,#2255,#2271,#2298,#2322,#2353,#2377,#2404,#2449,#2487,#2504,#2533,#2551,#2568,#2588,#2600,#2623,#2640,#2657,#2680,#2688,#2695,#2713,#2725,#2739,#2751,#2763)) ;
#2775=CLOSED_SHELL('Closed Shell',(#2815,#2846,#2870,#2894,#2911,#2923)) ;
#2926=CLOSED_SHELL('Closed Shell',(#2961,#2992,#3011,#3035,#3047,#3054)) ;
#2764=ADVANCED_BREP_SHAPE_REPRESENTATION('NONE',(#21,#2766,#2924),#16) ;
#54=ADVANCED_FACE('HOUSING',(#53),#35,.T.) ;
#91=ADVANCED_FACE('HOUSING',(#90),#59,.T.) ;
#108=ADVANCED_FACE('HOUSING',(#107),#96,.T.) ;
#200=ADVANCED_FACE('HOUSING',(#195,#199),#113,.T.) ;
#231=ADVANCED_FACE('HOUSING',(#230),#205,.T.) ;
#255=ADVANCED_FACE('HOUSING',(#254),#236,.T.) ;
#279=ADVANCED_FACE('HOUSING',(#278),#260,.F.) ;
#303=ADVANCED_FACE('HOUSING',(#302),#284,.T.) ;
#322=ADVANCED_FACE('HOUSING',(#321),#205,.T.) ;
#346=ADVANCED_FACE('HOUSING',(#345),#327,.T.) ;
#370=ADVANCED_FACE('HOUSING',(#369),#351,.F.) ;
#389=ADVANCED_FACE('HOUSING',(#388),#327,.T.) ;
#413=ADVANCED_FACE('HOUSING',(#412),#394,.T.) ;
#462=ADVANCED_FACE('HOUSING',(#461),#418,.T.) ;
#525=ADVANCED_FACE('HOUSING',(#524),#467,.T.) ;
#549=ADVANCED_FACE('HOUSING',(#548),#530,.F.) ;
#573=ADVANCED_FACE('HOUSING',(#572),#554,.F.) ;
#605=ADVANCED_FACE('HOUSING',(#604),#578,.F.) ;
#636=ADVANCED_FACE('HOUSING',(#635),#610,.F.) ;
#666=ADVANCED_FACE('HOUSING',(#665),#641,.F.) ;
#690=ADVANCED_FACE('HOUSING',(#689),#671,.F.) ;
#707=ADVANCED_FACE('HOUSING',(#706),#695,.F.) ;
#1009=ADVANCED_FACE('HOUSING',(#842,#988,#1008),#712,.T.) ;
#1062=ADVANCED_FACE('HOUSING',(#1061),#1014,.T.) ;
#1113=ADVANCED_FACE('HOUSING',(#1112),#1067,.T.) ;
#1137=ADVANCED_FACE('HOUSING',(#1136),#1118,.F.) ;
#1225=ADVANCED_FACE('HOUSING',(#1224),#1142,.T.) ;
#1243=ADVANCED_FACE('HOUSING',(#1242),#1230,.T.) ;
#1276=ADVANCED_FACE('HOUSING',(#1275),#1248,.T.) ;
#1300=ADVANCED_FACE('HOUSING',(#1299),#1281,.F.) ;
#1340=ADVANCED_FACE('HOUSING',(#1339),#1305,.F.) ;
#1371=ADVANCED_FACE('HOUSING',(#1370),#1345,.T.) ;
#1395=ADVANCED_FACE('HOUSING',(#1394),#1376,.T.) ;
#1412=ADVANCED_FACE('HOUSING',(#1411),#1400,.F.) ;
#1475=ADVANCED_FACE('HOUSING',(#1474),#1417,.F.) ;
#1631=ADVANCED_FACE('HOUSING',(#1630),#1480,.F.) ;
#1661=ADVANCED_FACE('HOUSING',(#1660),#1636,.T.) ;
#1692=ADVANCED_FACE('HOUSING',(#1691),#1666,.F.) ;
#1711=ADVANCED_FACE('HOUSING',(#1710),#1281,.F.) ;
#1723=ADVANCED_FACE('HOUSING',(#1722),#1142,.T.) ;
#1750=ADVANCED_FACE('HOUSING',(#1749),#1728,.T.) ;
#1774=ADVANCED_FACE('HOUSING',(#1773),#1755,.F.) ;
#1791=ADVANCED_FACE('HOUSING',(#1790),#1779,.T.) ;
#1808=ADVANCED_FACE('HOUSING',(#1807),#1796,.T.) ;
#1815=ADVANCED_FACE('HOUSING',(#1814),#1067,.T.) ;
#1828=ADVANCED_FACE('HOUSING',(#1827),#1820,.T.) ;
#1852=ADVANCED_FACE('HOUSING',(#1851),#1833,.T.) ;
#1883=ADVANCED_FACE('HOUSING',(#1882),#1857,.T.) ;
#1906=ADVANCED_FACE('HOUSING',(#1905),#1888,.T.) ;
#2039=ADVANCED_FACE('HOUSING',(#2034,#2038),#1911,.T.) ;
#2061=ADVANCED_FACE('HOUSING',(#2060),#2044,.F.) ;
#2101=ADVANCED_FACE('HOUSING',(#2100),#2066,.T.) ;
#2125=ADVANCED_FACE('HOUSING',(#2124),#2106,.F.) ;
#2149=ADVANCED_FACE('HOUSING',(#2148),#2130,.F.) ;
#2172=ADVANCED_FACE('HOUSING',(#2171),#2154,.F.) ;
#2189=ADVANCED_FACE('HOUSING',(#2188),#2177,.F.) ;
#2214=ADVANCED_FACE('HOUSING',(#2213),#2194,.F.) ;
#2238=ADVANCED_FACE('HOUSING',(#2237),#2219,.F.) ;
#2255=ADVANCED_FACE('HOUSING',(#2254),#2243,.F.) ;
#2271=ADVANCED_FACE('HOUSING',(#2270),#2260,.T.) ;
#2298=ADVANCED_FACE('HOUSING',(#2297),#2276,.F.) ;
#2322=ADVANCED_FACE('HOUSING',(#2321),#2303,.F.) ;
#2353=ADVANCED_FACE('HOUSING',(#2352),#1142,.T.) ;
#2377=ADVANCED_FACE('HOUSING',(#2376),#2358,.T.) ;
#2404=ADVANCED_FACE('HOUSING',(#2403),#2382,.T.) ;
#2449=ADVANCED_FACE('HOUSING',(#2448),#2409,.T.) ;
#2487=ADVANCED_FACE('HOUSING',(#2486),#2382,.T.) ;
#2504=ADVANCED_FACE('HOUSING',(#2503),#2492,.F.) ;
#2533=ADVANCED_FACE('HOUSING',(#2532),#2509,.F.) ;
#2551=ADVANCED_FACE('HOUSING',(#2550),#2538,.T.) ;
#2568=ADVANCED_FACE('HOUSING',(#2567),#2556,.T.) ;
#2588=ADVANCED_FACE('HOUSING',(#2587),#2573,.T.) ;
#2600=ADVANCED_FACE('HOUSING',(#2599),#2593,.T.) ;
#2623=ADVANCED_FACE('HOUSING',(#2622),#2605,.T.) ;
#2640=ADVANCED_FACE('HOUSING',(#2639),#2628,.F.) ;
#2657=ADVANCED_FACE('HOUSING',(#2656),#2645,.F.) ;
#2680=ADVANCED_FACE('HOUSING',(#2679),#2662,.T.) ;
#2688=ADVANCED_FACE('HOUSING',(#2687),#2044,.F.) ;
#2695=ADVANCED_FACE('HOUSING',(#2694),#2605,.T.) ;
#2713=ADVANCED_FACE('HOUSING',(#2712),#2700,.T.) ;
#2725=ADVANCED_FACE('HOUSING',(#2724),#2303,.F.) ;
#2739=ADVANCED_FACE('HOUSING',(#2738),#2730,.T.) ;
#2751=ADVANCED_FACE('HOUSING',(#2750),#2744,.F.) ;
#2763=ADVANCED_FACE('HOUSING',(#2762),#2756,.T.) ;
#2815=ADVANCED_FACE('Pin',(#2814),#2780,.T.) ;
#2846=ADVANCED_FACE('Pin',(#2845),#2820,.T.) ;
#2870=ADVANCED_FACE('Pin',(#2869),#2851,.F.) ;
#2894=ADVANCED_FACE('Pin',(#2893),#2875,.F.) ;
#2911=ADVANCED_FACE('Pin',(#2910),#2899,.T.) ;
#2923=ADVANCED_FACE('Pin',(#2922),#2916,.F.) ;
#2961=ADVANCED_FACE('Pin',(#2960),#2780,.T.) ;
#2992=ADVANCED_FACE('Pin',(#2991),#2966,.T.) ;
#3011=ADVANCED_FACE('Pin',(#3010),#2851,.F.) ;
#3035=ADVANCED_FACE('Pin',(#3034),#3016,.F.) ;
#3047=ADVANCED_FACE('Pin',(#3046),#2899,.T.) ;
#3054=ADVANCED_FACE('Pin',(#3053),#2916,.F.) ;
#4=APPLICATION_PROTOCOL_DEFINITION('international standard','automotive_design',2001,#1) ;
#74=B_SPLINE_CURVE_WITH_KNOTS('',5,(#75,#76,#77,#78,#79,#80,#81,#82,#83),.UNSPECIFIED.,.F.,.U.,(6,3,6),(-1.56362014592,0.,1.56362014592),.UNSPECIFIED.) ;
#1029=B_SPLINE_CURVE_WITH_KNOTS('',5,(#1030,#1031,#1032,#1033,#1034,#1035),.UNSPECIFIED.,.F.,.U.,(6,6),(0.,2.9733724012),.UNSPECIFIED.) ;
#1046=B_SPLINE_CURVE_WITH_KNOTS('',5,(#1047,#1048,#1049,#1050,#1051,#1052),.UNSPECIFIED.,.F.,.U.,(6,6),(0.,2.97337240117),.UNSPECIFIED.) ;
#1068=B_SPLINE_CURVE_WITH_KNOTS('',5,(#1069,#1070,#1071,#1072,#1073,#1074),.UNSPECIFIED.,.F.,.U.,(6,6),(0.,0.840284359605),.UNSPECIFIED.) ;
#1889=B_SPLINE_CURVE_WITH_KNOTS('',5,(#1890,#1891,#1892,#1893,#1894,#1895,#1896,#1897,#1898),.UNSPECIFIED.,.F.,.U.,(6,3,6),(-1.56362014592,-1.11022302463E-016,1.56362014592),.UNSPECIFIED.) ;
#1977=B_SPLINE_CURVE_WITH_KNOTS('',5,(#1978,#1979,#1980,#1981,#1982,#1983,#1984,#1985,#1986,#1987,#1988,#1989),.UNSPECIFIED.,.F.,.U.,(6,3,3,6),(0.,2.4786692692,4.95733855058,6.07732872073),.UNSPECIFIED.) ;
#2330=B_SPLINE_CURVE_WITH_KNOTS('',5,(#2331,#2332,#2333,#2334,#2335,#2336),.UNSPECIFIED.,.F.,.U.,(6,6),(0.,0.452995890849),.UNSPECIFIED.) ;
#2390=B_SPLINE_CURVE_WITH_KNOTS('',5,(#2391,#2392,#2393,#2394,#2395,#2396),.UNSPECIFIED.,.F.,.U.,(6,6),(0.,0.867913891988),.UNSPECIFIED.) ;
#2417=B_SPLINE_CURVE_WITH_KNOTS('',5,(#2418,#2419,#2420,#2421,#2422,#2423),.UNSPECIFIED.,.F.,.U.,(6,6),(0.,3.46731994024),.UNSPECIFIED.) ;
#2434=B_SPLINE_CURVE_WITH_KNOTS('',4,(#2435,#2436,#2437,#2438,#2439),.UNSPECIFIED.,.F.,.U.,(5,5),(0.,2.46597581171),.UNSPECIFIED.) ;
#2459=B_SPLINE_CURVE_WITH_KNOTS('',5,(#2460,#2461,#2462,#2463,#2464,#2465),.UNSPECIFIED.,.F.,.U.,(6,6),(0.,0.38229748118),.UNSPECIFIED.) ;
#21=MANIFOLD_SOLID_BREP('HOUSING',#30) ;
#2766=MANIFOLD_SOLID_BREP('Pin.1',#2775) ;
#2924=MANIFOLD_SOLID_BREP('Pin.2',#2926) ;
#39=CIRCLE('generated circle',#38,0.995431501621) ;
#48=CIRCLE('generated circle',#47,0.995431501621) ;
#100=CIRCLE('generated circle',#99,0.995431501367) ;
#182=CIRCLE('generated circle',#181,3.2) ;
#362=CIRCLE('generated circle',#361,3.2) ;
#753=CIRCLE('generated circle',#752,3.79999999346) ;
#795=CIRCLE('generated circle',#794,3.79999999346) ;
#939=CIRCLE('generated circle',#938,3.19999999869) ;
#1042=CIRCLE('generated circle',#1041,3.8) ;
#1484=CIRCLE('generated circle',#1483,2.00000000537) ;
#1498=CIRCLE('generated circle',#1497,2.00000000537) ;
#1564=CIRCLE('generated circle',#1563,2.00000000537) ;
#1578=CIRCLE('generated circle',#1577,2.00000000537) ;
#1652=CIRCLE('generated circle',#1651,2.) ;
#1837=CIRCLE('generated circle',#1836,0.995431501621) ;
#1846=CIRCLE('generated circle',#1845,0.995431501621) ;
#1875=CIRCLE('generated circle',#1874,0.995431501367) ;
#2430=CIRCLE('generated circle',#2429,3.8) ;
#22=COLOUR_RGB('Colour',0.274509803922,0.235294117647,0.270588235294) ;
#2767=COLOUR_RGB('Colour',0.823529411765,0.823529411765,1.) ;
#59=CYLINDRICAL_SURFACE('generated cylinder',#58,0.995431501367) ;
#96=CYLINDRICAL_SURFACE('generated cylinder',#95,0.995431501367) ;
#351=CYLINDRICAL_SURFACE('generated cylinder',#350,3.2) ;
#1014=CYLINDRICAL_SURFACE('generated cylinder',#1013,3.8) ;
#1636=CYLINDRICAL_SURFACE('generated cylinder',#1635,2.) ;
#1820=CYLINDRICAL_SURFACE('generated cylinder',#1819,2.) ;
#1857=CYLINDRICAL_SURFACE('generated cylinder',#1856,0.995431501367) ;
#1888=CYLINDRICAL_SURFACE('generated cylinder',#1887,0.995431501367) ;
#2409=CYLINDRICAL_SURFACE('generated cylinder',#2408,3.8) ;
#2538=CYLINDRICAL_SURFACE('generated cylinder',#2537,2.) ;
#2573=CYLINDRICAL_SURFACE('generated cylinder',#2572,2.) ;
#2645=CYLINDRICAL_SURFACE('generated cylinder',#2644,3.2) ;
#44=EDGE_CURVE('',#41,#43,#39,.T.) ;
#49=EDGE_CURVE('',#43,#41,#48,.T.) ;
#66=EDGE_CURVE('',#41,#65,#63,.F.) ;
#73=EDGE_CURVE('',#43,#72,#70,.F.) ;
#84=EDGE_CURVE('',#72,#65,#74,.T.) ;
#101=EDGE_CURVE('',#65,#72,#100,.T.) ;
#122=EDGE_CURVE('',#119,#121,#117,.T.) ;
#129=EDGE_CURVE('',#121,#128,#126,.T.) ;
#136=EDGE_CURVE('',#128,#135,#133,.T.) ;
#143=EDGE_CURVE('',#142,#135,#140,.T.) ;
#150=EDGE_CURVE('',#142,#149,#147,.T.) ;
#157=EDGE_CURVE('',#149,#156,#154,.T.) ;
#164=EDGE_CURVE('',#156,#163,#161,.T.) ;
#171=EDGE_CURVE('',#163,#170,#168,.T.) ;
#178=EDGE_CURVE('',#170,#177,#175,.T.) ;
#183=EDGE_CURVE('',#177,#119,#182,.T.) ;
#212=EDGE_CURVE('',#211,#156,#209,.T.) ;
#219=EDGE_CURVE('',#218,#149,#216,.T.) ;
#224=EDGE_CURVE('',#218,#211,#223,.T.) ;
#243=EDGE_CURVE('',#242,#142,#240,.T.) ;
#248=EDGE_CURVE('',#242,#218,#247,.T.) ;
#267=EDGE_CURVE('',#266,#135,#264,.T.) ;
#272=EDGE_CURVE('',#266,#242,#271,.F.) ;
#291=EDGE_CURVE('',#290,#128,#288,.T.) ;
#296=EDGE_CURVE('',#290,#266,#295,.T.) ;
#310=EDGE_CURVE('',#309,#121,#307,.T.) ;
#315=EDGE_CURVE('',#309,#290,#314,.F.) ;
#334=EDGE_CURVE('',#333,#119,#331,.T.) ;
#339=EDGE_CURVE('',#333,#309,#338,.T.) ;
#358=EDGE_CURVE('',#177,#357,#355,.T.) ;
#363=EDGE_CURVE('',#357,#333,#362,.T.) ;
#377=EDGE_CURVE('',#376,#170,#374,.T.) ;
#382=EDGE_CURVE('',#376,#357,#381,.T.) ;
#401=EDGE_CURVE('',#400,#163,#398,.T.) ;
#406=EDGE_CURVE('',#400,#376,#405,.T.) ;
#425=EDGE_CURVE('',#424,#400,#422,.T.) ;
#432=EDGE_CURVE('',#211,#431,#429,.T.) ;
#439=EDGE_CURVE('',#431,#438,#436,.T.) ;
#446=EDGE_CURVE('',#438,#445,#443,.T.) ;
#451=EDGE_CURVE('',#424,#445,#450,.T.) ;
#474=EDGE_CURVE('',#473,#438,#471,.T.) ;
#481=EDGE_CURVE('',#480,#473,#478,.T.) ;
#488=EDGE_CURVE('',#487,#480,#485,.T.) ;
#495=EDGE_CURVE('',#494,#487,#492,.T.) ;
#502=EDGE_CURVE('',#501,#494,#499,.T.) ;
#509=EDGE_CURVE('',#508,#501,#506,.T.) ;
#514=EDGE_CURVE('',#445,#508,#513,.T.) ;
#537=EDGE_CURVE('',#536,#508,#534,.T.) ;
#542=EDGE_CURVE('',#536,#424,#541,.F.) ;
#561=EDGE_CURVE('',#560,#501,#558,.T.) ;
#566=EDGE_CURVE('',#560,#536,#565,.F.) ;
#585=EDGE_CURVE('',#584,#494,#582,.T.) ;
#592=EDGE_CURVE('',#591,#584,#589,.T.) ;
#597=EDGE_CURVE('',#591,#560,#596,.F.) ;
#617=EDGE_CURVE('',#584,#616,#614,.T.) ;
#624=EDGE_CURVE('',#623,#616,#621,.T.) ;
#629=EDGE_CURVE('',#623,#591,#628,.F.) ;
#648=EDGE_CURVE('',#647,#480,#645,.T.) ;
#653=EDGE_CURVE('',#647,#623,#652,.F.) ;
#658=EDGE_CURVE('',#616,#487,#657,.T.) ;
#678=EDGE_CURVE('',#677,#473,#675,.T.) ;
#683=EDGE_CURVE('',#677,#647,#682,.F.) ;
#700=EDGE_CURVE('',#431,#677,#699,.F.) ;
#721=EDGE_CURVE('',#718,#720,#716,.T.) ;
#728=EDGE_CURVE('',#727,#718,#725,.F.) ;
#735=EDGE_CURVE('',#727,#734,#732,.T.) ;
#742=EDGE_CURVE('',#734,#741,#739,.T.) ;
#749=EDGE_CURVE('',#748,#741,#746,.T.) ;
#756=EDGE_CURVE('',#755,#748,#753,.F.) ;
#763=EDGE_CURVE('',#762,#755,#760,.T.) ;
#770=EDGE_CURVE('',#769,#762,#767,.T.) ;
#777=EDGE_CURVE('',#769,#776,#774,.T.) ;
#784=EDGE_CURVE('',#776,#783,#781,.T.) ;
#791=EDGE_CURVE('',#783,#790,#788,.T.) ;
#798=EDGE_CURVE('',#790,#797,#795,.T.) ;
#805=EDGE_CURVE('',#797,#804,#802,.F.) ;
#812=EDGE_CURVE('',#811,#804,#809,.T.) ;
#819=EDGE_CURVE('',#811,#818,#816,.T.) ;
#824=EDGE_CURVE('',#720,#818,#823,.T.) ;
#851=EDGE_CURVE('',#848,#850,#846,.T.) ;
#858=EDGE_CURVE('',#848,#857,#855,.T.) ;
#865=EDGE_CURVE('',#857,#864,#862,.F.) ;
#872=EDGE_CURVE('',#871,#864,#869,.F.) ;
#879=EDGE_CURVE('',#878,#871,#876,.F.) ;
#886=EDGE_CURVE('',#885,#878,#883,.F.) ;
#893=EDGE_CURVE('',#892,#885,#890,.F.) ;
#900=EDGE_CURVE('',#899,#892,#897,.F.) ;
#907=EDGE_CURVE('',#906,#899,#904,.F.) ;
#914=EDGE_CURVE('',#913,#906,#911,.F.) ;
#921=EDGE_CURVE('',#913,#920,#918,.F.) ;
#928=EDGE_CURVE('',#920,#927,#925,.T.) ;
#935=EDGE_CURVE('',#927,#934,#932,.F.) ;
#942=EDGE_CURVE('',#934,#941,#939,.F.) ;
#949=EDGE_CURVE('',#941,#948,#946,.F.) ;
#956=EDGE_CURVE('',#948,#955,#953,.F.) ;
#963=EDGE_CURVE('',#962,#955,#960,.F.) ;
#968=EDGE_CURVE('',#850,#962,#967,.F.) ;
#1021=EDGE_CURVE('',#755,#1020,#1018,.F.) ;
#1028=EDGE_CURVE('',#748,#1027,#1025,.F.) ;
#1038=EDGE_CURVE('',#1037,#1027,#1029,.T.) ;
#1045=EDGE_CURVE('',#1044,#1037,#1042,.F.) ;
#1053=EDGE_CURVE('',#1044,#1020,#1046,.T.) ;
#1077=EDGE_CURVE('',#1020,#1076,#1068,.F.) ;
#1084=EDGE_CURVE('',#1076,#1083,#1081,.T.) ;
#1091=EDGE_CURVE('',#1090,#1083,#1088,.T.) ;
#1098=EDGE_CURVE('',#1097,#1090,#1095,.T.) ;
#1103=EDGE_CURVE('',#762,#1097,#1102,.T.) ;
#1125=EDGE_CURVE('',#1124,#1097,#1122,.T.) ;
#1130=EDGE_CURVE('',#769,#1124,#1129,.T.) ;
#1149=EDGE_CURVE('',#1124,#1148,#1146,.T.) ;
#1156=EDGE_CURVE('',#1155,#1148,#1153,.T.) ;
#1163=EDGE_CURVE('',#1155,#1162,#1160,.T.) ;
#1170=EDGE_CURVE('',#1169,#1162,#1167,.F.) ;
#1177=EDGE_CURVE('',#1176,#1169,#1174,.F.) ;
#1184=EDGE_CURVE('',#1183,#1176,#1181,.T.) ;
#1191=EDGE_CURVE('',#1190,#1183,#1188,.T.) ;
#1198=EDGE_CURVE('',#1190,#1197,#1195,.T.) ;
#1205=EDGE_CURVE('',#1197,#1204,#1202,.T.) ;
#1210=EDGE_CURVE('',#776,#1204,#1209,.T.) ;
#1235=EDGE_CURVE('',#1148,#1083,#1234,.T.) ;
#1255=EDGE_CURVE('',#1254,#1076,#1252,.F.) ;
#1262=EDGE_CURVE('',#1261,#1254,#1259,.T.) ;
#1267=EDGE_CURVE('',#1155,#1261,#1266,.T.) ;
#1288=EDGE_CURVE('',#1261,#1287,#1285,.T.) ;
#1293=EDGE_CURVE('',#1162,#1287,#1292,.T.) ;
#1312=EDGE_CURVE('',#1287,#1311,#1309,.T.) ;
#1319=EDGE_CURVE('',#1318,#1311,#1316,.T.) ;
#1326=EDGE_CURVE('',#1318,#1325,#1323,.T.) ;
#1331=EDGE_CURVE('',#1169,#1325,#1330,.T.) ;
#1352=EDGE_CURVE('',#1351,#1318,#1349,.T.) ;
#1359=EDGE_CURVE('',#1358,#1311,#1356,.T.) ;
#1364=EDGE_CURVE('',#1351,#1358,#1363,.T.) ;
#1383=EDGE_CURVE('',#1325,#1382,#1380,.T.) ;
#1388=EDGE_CURVE('',#1351,#1382,#1387,.T.) ;
#1405=EDGE_CURVE('',#1176,#1382,#1404,.T.) ;
#1424=EDGE_CURVE('',#616,#1423,#1421,.T.) ;
#1431=EDGE_CURVE('',#1430,#584,#1428,.T.) ;
#1438=EDGE_CURVE('',#1437,#1430,#1435,.T.) ;
#1445=EDGE_CURVE('',#1437,#1444,#1442,.T.) ;
#1452=EDGE_CURVE('',#1444,#1451,#1449,.T.) ;
#1459=EDGE_CURVE('',#1458,#1451,#1456,.T.) ;
#1464=EDGE_CURVE('',#1423,#1458,#1463,.T.) ;
#1487=EDGE_CURVE('',#1486,#1254,#1484,.T.) ;
#1494=EDGE_CURVE('',#1493,#1486,#1491,.T.) ;
#1501=EDGE_CURVE('',#1500,#1493,#1498,.T.) ;
#1508=EDGE_CURVE('',#1507,#1500,#1505,.T.) ;
#1515=EDGE_CURVE('',#1514,#1507,#1512,.T.) ;
#1520=EDGE_CURVE('',#1430,#1514,#1519,.T.) ;
#1527=EDGE_CURVE('',#1423,#1526,#1524,.T.) ;
#1534=EDGE_CURVE('',#1526,#1533,#1531,.T.) ;
#1539=EDGE_CURVE('',#1458,#1533,#1538,.T.) ;
#1546=EDGE_CURVE('',#1451,#1545,#1543,.T.) ;
#1553=EDGE_CURVE('',#1552,#1545,#1550,.T.) ;
#1560=EDGE_CURVE('',#1552,#1559,#1557,.T.) ;
#1567=EDGE_CURVE('',#1566,#1559,#1564,.T.) ;
#1574=EDGE_CURVE('',#1573,#1566,#1571,.T.) ;
#1581=EDGE_CURVE('',#1580,#1573,#1578,.T.) ;
#1588=EDGE_CURVE('',#1587,#1580,#1585,.T.) ;
#1595=EDGE_CURVE('',#1594,#1587,#1592,.T.) ;
#1600=EDGE_CURVE('',#1594,#1358,#1599,.T.) ;
#1643=EDGE_CURVE('',#1500,#1642,#1640,.F.) ;
#1648=EDGE_CURVE('',#1493,#1037,#1647,.F.) ;
#1653=EDGE_CURVE('',#1642,#1027,#1652,.F.) ;
#1673=EDGE_CURVE('',#1672,#734,#1670,.T.) ;
#1678=EDGE_CURVE('',#1507,#1672,#1677,.T.) ;
#1683=EDGE_CURVE('',#741,#1642,#1682,.T.) ;
#1699=EDGE_CURVE('',#1698,#1672,#1696,.T.) ;
#1704=EDGE_CURVE('',#1514,#1698,#1703,.T.) ;
#1716=EDGE_CURVE('',#1698,#727,#1715,.F.) ;
#1735=EDGE_CURVE('',#718,#1734,#1732,.T.) ;
#1740=EDGE_CURVE('',#1734,#1437,#1739,.F.) ;
#1762=EDGE_CURVE('',#1734,#1761,#1759,.T.) ;
#1767=EDGE_CURVE('',#720,#1761,#1766,.T.) ;
#1784=EDGE_CURVE('',#1444,#1761,#1783,.T.) ;
#1801=EDGE_CURVE('',#1486,#1044,#1800,.T.) ;
#1842=EDGE_CURVE('',#1839,#1841,#1837,.T.) ;
#1847=EDGE_CURVE('',#1841,#1839,#1846,.T.) ;
#1864=EDGE_CURVE('',#1841,#1863,#1861,.F.) ;
#1871=EDGE_CURVE('',#1839,#1870,#1868,.F.) ;
#1876=EDGE_CURVE('',#1870,#1863,#1875,.T.) ;
#1899=EDGE_CURVE('',#1863,#1870,#1889,.T.) ;
#1920=EDGE_CURVE('',#1917,#1919,#1915,.F.) ;
#1927=EDGE_CURVE('',#1917,#1926,#1924,.T.) ;
#1934=EDGE_CURVE('',#1933,#1926,#1931,.F.) ;
#1941=EDGE_CURVE('',#1933,#1940,#1938,.T.) ;
#1948=EDGE_CURVE('',#1947,#1940,#1945,.F.) ;
#1955=EDGE_CURVE('',#1954,#1947,#1952,.T.) ;
#1962=EDGE_CURVE('',#1961,#1954,#1959,.F.) ;
#1969=EDGE_CURVE('',#1961,#1968,#1966,.F.) ;
#1976=EDGE_CURVE('',#1975,#1968,#1973,.F.) ;
#1992=EDGE_CURVE('',#1991,#1975,#1977,.T.) ;
#1999=EDGE_CURVE('',#1998,#1991,#1996,.F.) ;
#2006=EDGE_CURVE('',#2005,#1998,#2003,.T.) ;
#2013=EDGE_CURVE('',#2012,#2005,#2010,.F.) ;
#2018=EDGE_CURVE('',#1919,#2012,#2017,.T.) ;
#2049=EDGE_CURVE('',#848,#1919,#2048,.T.) ;
#2054=EDGE_CURVE('',#857,#2012,#2053,.T.) ;
#2071=EDGE_CURVE('',#920,#2005,#2070,.T.) ;
#2078=EDGE_CURVE('',#913,#2077,#2075,.T.) ;
#2085=EDGE_CURVE('',#2077,#2084,#2082,.T.) ;
#2090=EDGE_CURVE('',#864,#2084,#2089,.T.) ;
#2113=EDGE_CURVE('',#2084,#2112,#2110,.T.) ;
#2118=EDGE_CURVE('',#871,#2112,#2117,.T.) ;
#2137=EDGE_CURVE('',#2112,#2136,#2134,.T.) ;
#2142=EDGE_CURVE('',#878,#2136,#2141,.T.) ;
#2159=EDGE_CURVE('',#2136,#1526,#2158,.T.) ;
#2164=EDGE_CURVE('',#885,#1423,#2163,.T.) ;
#2182=EDGE_CURVE('',#892,#1458,#2181,.T.) ;
#2201=EDGE_CURVE('',#1533,#2200,#2198,.T.) ;
#2206=EDGE_CURVE('',#899,#2200,#2205,.T.) ;
#2226=EDGE_CURVE('',#2200,#2225,#2223,.T.) ;
#2231=EDGE_CURVE('',#906,#2225,#2230,.T.) ;
#2248=EDGE_CURVE('',#2225,#2077,#2247,.T.) ;
#2283=EDGE_CURVE('',#818,#2282,#2280,.T.) ;
#2288=EDGE_CURVE('',#1545,#2282,#2287,.T.) ;
#2310=EDGE_CURVE('',#1552,#2309,#2307,.T.) ;
#2315=EDGE_CURVE('',#2309,#2282,#2314,.T.) ;
#2329=EDGE_CURVE('',#811,#2328,#2326,.T.) ;
#2339=EDGE_CURVE('',#2328,#2338,#2330,.F.) ;
#2344=EDGE_CURVE('',#2309,#2338,#2343,.T.) ;
#2365=EDGE_CURVE('',#804,#2364,#2362,.T.) ;
#2370=EDGE_CURVE('',#2364,#2328,#2369,.F.) ;
#2389=EDGE_CURVE('',#797,#2388,#2386,.T.) ;
#2397=EDGE_CURVE('',#2388,#2364,#2390,.F.) ;
#2416=EDGE_CURVE('',#790,#2415,#2413,.T.) ;
#2426=EDGE_CURVE('',#2425,#2415,#2417,.T.) ;
#2433=EDGE_CURVE('',#2432,#2425,#2430,.T.) ;
#2440=EDGE_CURVE('',#2432,#2388,#2434,.T.) ;
#2458=EDGE_CURVE('',#2455,#2457,#2453,.T.) ;
#2466=EDGE_CURVE('',#2455,#2415,#2459,.F.) ;
#2473=EDGE_CURVE('',#783,#2472,#2470,.T.) ;
#2478=EDGE_CURVE('',#2472,#2457,#2477,.T.) ;
#2497=EDGE_CURVE('',#1204,#2472,#2496,.T.) ;
#2514=EDGE_CURVE('',#1580,#2455,#2513,.T.) ;
#2519=EDGE_CURVE('',#2457,#1197,#2518,.T.) ;
#2524=EDGE_CURVE('',#1587,#1190,#2523,.T.) ;
#2543=EDGE_CURVE('',#1573,#2425,#2542,.F.) ;
#2561=EDGE_CURVE('',#1566,#2432,#2560,.T.) ;
#2578=EDGE_CURVE('',#1559,#2338,#2577,.F.) ;
#2610=EDGE_CURVE('',#948,#1961,#2609,.T.) ;
#2615=EDGE_CURVE('',#941,#1975,#2614,.T.) ;
#2633=EDGE_CURVE('',#927,#1998,#2632,.T.) ;
#2650=EDGE_CURVE('',#1991,#934,#2649,.F.) ;
#2667=EDGE_CURVE('',#955,#1947,#2666,.T.) ;
#2672=EDGE_CURVE('',#962,#1933,#2671,.T.) ;
#2705=EDGE_CURVE('',#850,#1926,#2704,.T.) ;
#2718=EDGE_CURVE('',#1183,#1594,#2717,.T.) ;
#2789=EDGE_CURVE('',#2786,#2788,#2784,.F.) ;
#2796=EDGE_CURVE('',#2788,#2795,#2793,.T.) ;
#2803=EDGE_CURVE('',#2795,#2802,#2800,.T.) ;
#2808=EDGE_CURVE('',#2802,#2786,#2807,.F.) ;
#2827=EDGE_CURVE('',#2788,#2826,#2824,.T.) ;
#2834=EDGE_CURVE('',#2786,#2833,#2831,.T.) ;
#2839=EDGE_CURVE('',#2826,#2833,#2838,.T.) ;
#2858=EDGE_CURVE('',#2826,#2857,#2855,.T.) ;
#2863=EDGE_CURVE('',#2795,#2857,#2862,.T.) ;
#2882=EDGE_CURVE('',#2857,#2881,#2879,.T.) ;
#2887=EDGE_CURVE('',#2802,#2881,#2886,.T.) ;
#2904=EDGE_CURVE('',#2833,#2881,#2903,.T.) ;
#2935=EDGE_CURVE('',#2932,#2934,#2930,.F.) ;
#2942=EDGE_CURVE('',#2934,#2941,#2939,.T.) ;
#2949=EDGE_CURVE('',#2941,#2948,#2946,.T.) ;
#2954=EDGE_CURVE('',#2948,#2932,#2953,.F.) ;
#2973=EDGE_CURVE('',#2934,#2972,#2970,.T.) ;
#2980=EDGE_CURVE('',#2932,#2979,#2977,.T.) ;
#2985=EDGE_CURVE('',#2972,#2979,#2984,.T.) ;
#2999=EDGE_CURVE('',#2972,#2998,#2996,.T.) ;
#3004=EDGE_CURVE('',#2941,#2998,#3003,.T.) ;
#3023=EDGE_CURVE('',#2998,#3022,#3020,.T.) ;
#3028=EDGE_CURVE('',#2948,#3022,#3027,.T.) ;
#3040=EDGE_CURVE('',#2979,#3022,#3039,.T.) ;
#50=EDGE_LOOP('',(#51,#52)) ;
#85=EDGE_LOOP('',(#86,#87,#88,#89)) ;
#102=EDGE_LOOP('',(#103,#104,#105,#106)) ;
#184=EDGE_LOOP('',(#185,#186,#187,#188,#189,#190,#191,#192,#193,#194)) ;
#196=EDGE_LOOP('',(#197,#198)) ;
#225=EDGE_LOOP('',(#226,#227,#228,#229)) ;
#249=EDGE_LOOP('',(#250,#251,#252,#253)) ;
#273=EDGE_LOOP('',(#274,#275,#276,#277)) ;
#297=EDGE_LOOP('',(#298,#299,#300,#301)) ;
#316=EDGE_LOOP('',(#317,#318,#319,#320)) ;
#340=EDGE_LOOP('',(#341,#342,#343,#344)) ;
#364=EDGE_LOOP('',(#365,#366,#367,#368)) ;
#383=EDGE_LOOP('',(#384,#385,#386,#387)) ;
#407=EDGE_LOOP('',(#408,#409,#410,#411)) ;
#452=EDGE_LOOP('',(#453,#454,#455,#456,#457,#458,#459,#460)) ;
#515=EDGE_LOOP('',(#516,#517,#518,#519,#520,#521,#522,#523)) ;
#543=EDGE_LOOP('',(#544,#545,#546,#547)) ;
#567=EDGE_LOOP('',(#568,#569,#570,#571)) ;
#598=EDGE_LOOP('',(#599,#600,#601,#602,#603)) ;
#630=EDGE_LOOP('',(#631,#632,#633,#634)) ;
#659=EDGE_LOOP('',(#660,#661,#662,#663,#664)) ;
#684=EDGE_LOOP('',(#685,#686,#687,#688)) ;
#701=EDGE_LOOP('',(#702,#703,#704,#705)) ;
#825=EDGE_LOOP('',(#826,#827,#828,#829,#830,#831,#832,#833,#834,#835,#836,#837,#838,#839,#840,#841)) ;
#969=EDGE_LOOP('',(#970,#971,#972,#973,#974,#975,#976,#977,#978,#979,#980,#981,#982,#983,#984,#985,#986,#987)) ;
#989=EDGE_LOOP('',(#990,#991,#992,#993,#994,#995,#996,#997,#998,#999,#1000,#1001,#1002,#1003,#1004,#1005,#1006,#1007)) ;
#1054=EDGE_LOOP('',(#1055,#1056,#1057,#1058,#1059,#1060)) ;
#1104=EDGE_LOOP('',(#1105,#1106,#1107,#1108,#1109,#1110,#1111)) ;
#1131=EDGE_LOOP('',(#1132,#1133,#1134,#1135)) ;
#1211=EDGE_LOOP('',(#1212,#1213,#1214,#1215,#1216,#1217,#1218,#1219,#1220,#1221,#1222,#1223)) ;
#1236=EDGE_LOOP('',(#1237,#1238,#1239,#1240,#1241)) ;
#1268=EDGE_LOOP('',(#1269,#1270,#1271,#1272,#1273,#1274)) ;
#1294=EDGE_LOOP('',(#1295,#1296,#1297,#1298)) ;
#1332=EDGE_LOOP('',(#1333,#1334,#1335,#1336,#1337,#1338)) ;
#1365=EDGE_LOOP('',(#1366,#1367,#1368,#1369)) ;
#1389=EDGE_LOOP('',(#1390,#1391,#1392,#1393)) ;
#1406=EDGE_LOOP('',(#1407,#1408,#1409,#1410)) ;
#1465=EDGE_LOOP('',(#1466,#1467,#1468,#1469,#1470,#1471,#1472,#1473)) ;
#1601=EDGE_LOOP('',(#1602,#1603,#1604,#1605,#1606,#1607,#1608,#1609,#1610,#1611,#1612,#1613,#1614,#1615,#1616,#1617,#1618,#1619,#1620,#1621,#1622,#1623,#1624,#1625,#1626,#1627,#1628,#1629)) ;
#1654=EDGE_LOOP('',(#1655,#1656,#1657,#1658,#1659)) ;
#1684=EDGE_LOOP('',(#1685,#1686,#1687,#1688,#1689,#1690)) ;
#1705=EDGE_LOOP('',(#1706,#1707,#1708,#1709)) ;
#1717=EDGE_LOOP('',(#1718,#1719,#1720,#1721)) ;
#1741=EDGE_LOOP('',(#1742,#1743,#1744,#1745,#1746,#1747,#1748)) ;
#1768=EDGE_LOOP('',(#1769,#1770,#1771,#1772)) ;
#1785=EDGE_LOOP('',(#1786,#1787,#1788,#1789)) ;
#1802=EDGE_LOOP('',(#1803,#1804,#1805,#1806)) ;
#1809=EDGE_LOOP('',(#1810,#1811,#1812,#1813)) ;
#1821=EDGE_LOOP('',(#1822,#1823,#1824,#1825,#1826)) ;
#1848=EDGE_LOOP('',(#1849,#1850)) ;
#1877=EDGE_LOOP('',(#1878,#1879,#1880,#1881)) ;
#1900=EDGE_LOOP('',(#1901,#1902,#1903,#1904)) ;
#2019=EDGE_LOOP('',(#2020,#2021,#2022,#2023,#2024,#2025,#2026,#2027,#2028,#2029,#2030,#2031,#2032,#2033)) ;
#2035=EDGE_LOOP('',(#2036,#2037)) ;
#2055=EDGE_LOOP('',(#2056,#2057,#2058,#2059)) ;
#2091=EDGE_LOOP('',(#2092,#2093,#2094,#2095,#2096,#2097,#2098,#2099)) ;
#2119=EDGE_LOOP('',(#2120,#2121,#2122,#2123)) ;
#2143=EDGE_LOOP('',(#2144,#2145,#2146,#2147)) ;
#2165=EDGE_LOOP('',(#2166,#2167,#2168,#2169,#2170)) ;
#2183=EDGE_LOOP('',(#2184,#2185,#2186,#2187)) ;
#2207=EDGE_LOOP('',(#2208,#2209,#2210,#2211,#2212)) ;
#2232=EDGE_LOOP('',(#2233,#2234,#2235,#2236)) ;
#2249=EDGE_LOOP('',(#2250,#2251,#2252,#2253)) ;
#2261=EDGE_LOOP('',(#2262,#2263,#2264,#2265,#2266,#2267,#2268,#2269)) ;
#2289=EDGE_LOOP('',(#2290,#2291,#2292,#2293,#2294,#2295,#2296)) ;
#2316=EDGE_LOOP('',(#2317,#2318,#2319,#2320)) ;
#2345=EDGE_LOOP('',(#2346,#2347,#2348,#2349,#2350,#2351)) ;
#2371=EDGE_LOOP('',(#2372,#2373,#2374,#2375)) ;
#2398=EDGE_LOOP('',(#2399,#2400,#2401,#2402)) ;
#2441=EDGE_LOOP('',(#2442,#2443,#2444,#2445,#2446,#2447)) ;
#2479=EDGE_LOOP('',(#2480,#2481,#2482,#2483,#2484,#2485)) ;
#2498=EDGE_LOOP('',(#2499,#2500,#2501,#2502)) ;
#2525=EDGE_LOOP('',(#2526,#2527,#2528,#2529,#2530,#2531)) ;
#2544=EDGE_LOOP('',(#2545,#2546,#2547,#2548,#2549)) ;
#2562=EDGE_LOOP('',(#2563,#2564,#2565,#2566)) ;
#2579=EDGE_LOOP('',(#2580,#2581,#2582,#2583,#2584,#2585,#2586)) ;
#2594=EDGE_LOOP('',(#2595,#2596,#2597,#2598)) ;
#2616=EDGE_LOOP('',(#2617,#2618,#2619,#2620,#2621)) ;
#2634=EDGE_LOOP('',(#2635,#2636,#2637,#2638)) ;
#2651=EDGE_LOOP('',(#2652,#2653,#2654,#2655)) ;
#2673=EDGE_LOOP('',(#2674,#2675,#2676,#2677,#2678)) ;
#2681=EDGE_LOOP('',(#2682,#2683,#2684,#2685,#2686)) ;
#2689=EDGE_LOOP('',(#2690,#2691,#2692,#2693)) ;
#2706=EDGE_LOOP('',(#2707,#2708,#2709,#2710,#2711)) ;
#2719=EDGE_LOOP('',(#2720,#2721,#2722,#2723)) ;
#2731=EDGE_LOOP('',(#2732,#2733,#2734,#2735,#2736,#2737)) ;
#2745=EDGE_LOOP('',(#2746,#2747,#2748,#2749)) ;
#2757=EDGE_LOOP('',(#2758,#2759,#2760,#2761)) ;
#2809=EDGE_LOOP('',(#2810,#2811,#2812,#2813)) ;
#2840=EDGE_LOOP('',(#2841,#2842,#2843,#2844)) ;
#2864=EDGE_LOOP('',(#2865,#2866,#2867,#2868)) ;
#2888=EDGE_LOOP('',(#2889,#2890,#2891,#2892)) ;
#2905=EDGE_LOOP('',(#2906,#2907,#2908,#2909)) ;
#2917=EDGE_LOOP('',(#2918,#2919,#2920,#2921)) ;
#2955=EDGE_LOOP('',(#2956,#2957,#2958,#2959)) ;
#2986=EDGE_LOOP('',(#2987,#2988,#2989,#2990)) ;
#3005=EDGE_LOOP('',(#3006,#3007,#3008,#3009)) ;
#3029=EDGE_LOOP('',(#3030,#3031,#3032,#3033)) ;
#3041=EDGE_LOOP('',(#3042,#3043,#3044,#3045)) ;
#3048=EDGE_LOOP('',(#3049,#3050,#3051,#3052)) ;
#53=FACE_OUTER_BOUND('',#50,.T.) ;
#90=FACE_OUTER_BOUND('',#85,.T.) ;
#107=FACE_OUTER_BOUND('',#102,.T.) ;
#195=FACE_OUTER_BOUND('',#184,.T.) ;
#230=FACE_OUTER_BOUND('',#225,.T.) ;
#254=FACE_OUTER_BOUND('',#249,.T.) ;
#278=FACE_OUTER_BOUND('',#273,.T.) ;
#302=FACE_OUTER_BOUND('',#297,.T.) ;
#321=FACE_OUTER_BOUND('',#316,.T.) ;
#345=FACE_OUTER_BOUND('',#340,.T.) ;
#369=FACE_OUTER_BOUND('',#364,.T.) ;
#388=FACE_OUTER_BOUND('',#383,.T.) ;
#412=FACE_OUTER_BOUND('',#407,.T.) ;
#461=FACE_OUTER_BOUND('',#452,.T.) ;
#524=FACE_OUTER_BOUND('',#515,.T.) ;
#548=FACE_OUTER_BOUND('',#543,.T.) ;
#572=FACE_OUTER_BOUND('',#567,.T.) ;
#604=FACE_OUTER_BOUND('',#598,.T.) ;
#635=FACE_OUTER_BOUND('',#630,.T.) ;
#665=FACE_OUTER_BOUND('',#659,.T.) ;
#689=FACE_OUTER_BOUND('',#684,.T.) ;
#706=FACE_OUTER_BOUND('',#701,.T.) ;
#842=FACE_OUTER_BOUND('',#825,.T.) ;
#1061=FACE_OUTER_BOUND('',#1054,.T.) ;
#1112=FACE_OUTER_BOUND('',#1104,.T.) ;
#1136=FACE_OUTER_BOUND('',#1131,.T.) ;
#1224=FACE_OUTER_BOUND('',#1211,.T.) ;
#1242=FACE_OUTER_BOUND('',#1236,.T.) ;
#1275=FACE_OUTER_BOUND('',#1268,.T.) ;
#1299=FACE_OUTER_BOUND('',#1294,.T.) ;
#1339=FACE_OUTER_BOUND('',#1332,.T.) ;
#1370=FACE_OUTER_BOUND('',#1365,.T.) ;
#1394=FACE_OUTER_BOUND('',#1389,.T.) ;
#1411=FACE_OUTER_BOUND('',#1406,.T.) ;
#1474=FACE_OUTER_BOUND('',#1465,.T.) ;
#1630=FACE_OUTER_BOUND('',#1601,.T.) ;
#1660=FACE_OUTER_BOUND('',#1654,.T.) ;
#1691=FACE_OUTER_BOUND('',#1684,.T.) ;
#1710=FACE_OUTER_BOUND('',#1705,.T.) ;
#1722=FACE_OUTER_BOUND('',#1717,.T.) ;
#1749=FACE_OUTER_BOUND('',#1741,.T.) ;
#1773=FACE_OUTER_BOUND('',#1768,.T.) ;
#1790=FACE_OUTER_BOUND('',#1785,.T.) ;
#1807=FACE_OUTER_BOUND('',#1802,.T.) ;
#1814=FACE_OUTER_BOUND('',#1809,.T.) ;
#1827=FACE_OUTER_BOUND('',#1821,.T.) ;
#1851=FACE_OUTER_BOUND('',#1848,.T.) ;
#1882=FACE_OUTER_BOUND('',#1877,.T.) ;
#1905=FACE_OUTER_BOUND('',#1900,.T.) ;
#2034=FACE_OUTER_BOUND('',#2019,.T.) ;
#2060=FACE_OUTER_BOUND('',#2055,.T.) ;
#2100=FACE_OUTER_BOUND('',#2091,.T.) ;
#2124=FACE_OUTER_BOUND('',#2119,.T.) ;
#2148=FACE_OUTER_BOUND('',#2143,.T.) ;
#2171=FACE_OUTER_BOUND('',#2165,.T.) ;
#2188=FACE_OUTER_BOUND('',#2183,.T.) ;
#2213=FACE_OUTER_BOUND('',#2207,.T.) ;
#2237=FACE_OUTER_BOUND('',#2232,.T.) ;
#2254=FACE_OUTER_BOUND('',#2249,.T.) ;
#2270=FACE_OUTER_BOUND('',#2261,.T.) ;
#2297=FACE_OUTER_BOUND('',#2289,.T.) ;
#2321=FACE_OUTER_BOUND('',#2316,.T.) ;
#2352=FACE_OUTER_BOUND('',#2345,.T.) ;
#2376=FACE_OUTER_BOUND('',#2371,.T.) ;
#2403=FACE_OUTER_BOUND('',#2398,.T.) ;
#2448=FACE_OUTER_BOUND('',#2441,.T.) ;
#2486=FACE_OUTER_BOUND('',#2479,.T.) ;
#2503=FACE_OUTER_BOUND('',#2498,.T.) ;
#2532=FACE_OUTER_BOUND('',#2525,.T.) ;
#2550=FACE_OUTER_BOUND('',#2544,.T.) ;
#2567=FACE_OUTER_BOUND('',#2562,.T.) ;
#2587=FACE_OUTER_BOUND('',#2579,.T.) ;
#2599=FACE_OUTER_BOUND('',#2594,.T.) ;
#2622=FACE_OUTER_BOUND('',#2616,.T.) ;
#2639=FACE_OUTER_BOUND('',#2634,.T.) ;
#2656=FACE_OUTER_BOUND('',#2651,.T.) ;
#2679=FACE_OUTER_BOUND('',#2673,.T.) ;
#2687=FACE_OUTER_BOUND('',#2681,.T.) ;
#2694=FACE_OUTER_BOUND('',#2689,.T.) ;
#2712=FACE_OUTER_BOUND('',#2706,.T.) ;
#2724=FACE_OUTER_BOUND('',#2719,.T.) ;
#2738=FACE_OUTER_BOUND('',#2731,.T.) ;
#2750=FACE_OUTER_BOUND('',#2745,.T.) ;
#2762=FACE_OUTER_BOUND('',#2757,.T.) ;
#2814=FACE_OUTER_BOUND('',#2809,.T.) ;
#2845=FACE_OUTER_BOUND('',#2840,.T.) ;
#2869=FACE_OUTER_BOUND('',#2864,.T.) ;
#2893=FACE_OUTER_BOUND('',#2888,.T.) ;
#2910=FACE_OUTER_BOUND('',#2905,.T.) ;
#2922=FACE_OUTER_BOUND('',#2917,.T.) ;
#2960=FACE_OUTER_BOUND('',#2955,.T.) ;
#2991=FACE_OUTER_BOUND('',#2986,.T.) ;
#3010=FACE_OUTER_BOUND('',#3005,.T.) ;
#3034=FACE_OUTER_BOUND('',#3029,.T.) ;
#3046=FACE_OUTER_BOUND('',#3041,.T.) ;
#3053=FACE_OUTER_BOUND('',#3048,.T.) ;
#63=LINE('Line',#60,#62) ;
#70=LINE('Line',#67,#69) ;
#117=LINE('Line',#114,#116) ;
#126=LINE('Line',#123,#125) ;
#133=LINE('Line',#130,#132) ;
#140=LINE('Line',#137,#139) ;
#147=LINE('Line',#144,#146) ;
#154=LINE('Line',#151,#153) ;
#161=LINE('Line',#158,#160) ;
#168=LINE('Line',#165,#167) ;
#175=LINE('Line',#172,#174) ;
#209=LINE('Line',#206,#208) ;
#216=LINE('Line',#213,#215) ;
#223=LINE('Line',#220,#222) ;
#240=LINE('Line',#237,#239) ;
#247=LINE('Line',#244,#246) ;
#264=LINE('Line',#261,#263) ;
#271=LINE('Line',#268,#270) ;
#288=LINE('Line',#285,#287) ;
#295=LINE('Line',#292,#294) ;
#307=LINE('Line',#304,#306) ;
#314=LINE('Line',#311,#313) ;
#331=LINE('Line',#328,#330) ;
#338=LINE('Line',#335,#337) ;
#355=LINE('Line',#352,#354) ;
#374=LINE('Line',#371,#373) ;
#381=LINE('Line',#378,#380) ;
#398=LINE('Line',#395,#397) ;
#405=LINE('Line',#402,#404) ;
#422=LINE('Line',#419,#421) ;
#429=LINE('Line',#426,#428) ;
#436=LINE('Line',#433,#435) ;
#443=LINE('Line',#440,#442) ;
#450=LINE('Line',#447,#449) ;
#471=LINE('Line',#468,#470) ;
#478=LINE('Line',#475,#477) ;
#485=LINE('Line',#482,#484) ;
#492=LINE('Line',#489,#491) ;
#499=LINE('Line',#496,#498) ;
#506=LINE('Line',#503,#505) ;
#513=LINE('Line',#510,#512) ;
#534=LINE('Line',#531,#533) ;
#541=LINE('Line',#538,#540) ;
#558=LINE('Line',#555,#557) ;
#565=LINE('Line',#562,#564) ;
#582=LINE('Line',#579,#581) ;
#589=LINE('Line',#586,#588) ;
#596=LINE('Line',#593,#595) ;
#614=LINE('Line',#611,#613) ;
#621=LINE('Line',#618,#620) ;
#628=LINE('Line',#625,#627) ;
#645=LINE('Line',#642,#644) ;
#652=LINE('Line',#649,#651) ;
#657=LINE('Line',#654,#656) ;
#675=LINE('Line',#672,#674) ;
#682=LINE('Line',#679,#681) ;
#699=LINE('Line',#696,#698) ;
#716=LINE('Line',#713,#715) ;
#725=LINE('Line',#722,#724) ;
#732=LINE('Line',#729,#731) ;
#739=LINE('Line',#736,#738) ;
#746=LINE('Line',#743,#745) ;
#760=LINE('Line',#757,#759) ;
#767=LINE('Line',#764,#766) ;
#774=LINE('Line',#771,#773) ;
#781=LINE('Line',#778,#780) ;
#788=LINE('Line',#785,#787) ;
#802=LINE('Line',#799,#801) ;
#809=LINE('Line',#806,#808) ;
#816=LINE('Line',#813,#815) ;
#823=LINE('Line',#820,#822) ;
#846=LINE('Line',#843,#845) ;
#855=LINE('Line',#852,#854) ;
#862=LINE('Line',#859,#861) ;
#869=LINE('Line',#866,#868) ;
#876=LINE('Line',#873,#875) ;
#883=LINE('Line',#880,#882) ;
#890=LINE('Line',#887,#889) ;
#897=LINE('Line',#894,#896) ;
#904=LINE('Line',#901,#903) ;
#911=LINE('Line',#908,#910) ;
#918=LINE('Line',#915,#917) ;
#925=LINE('Line',#922,#924) ;
#932=LINE('Line',#929,#931) ;
#946=LINE('Line',#943,#945) ;
#953=LINE('Line',#950,#952) ;
#960=LINE('Line',#957,#959) ;
#967=LINE('Line',#964,#966) ;
#1018=LINE('Line',#1015,#1017) ;
#1025=LINE('Line',#1022,#1024) ;
#1081=LINE('Line',#1078,#1080) ;
#1088=LINE('Line',#1085,#1087) ;
#1095=LINE('Line',#1092,#1094) ;
#1102=LINE('Line',#1099,#1101) ;
#1122=LINE('Line',#1119,#1121) ;
#1129=LINE('Line',#1126,#1128) ;
#1146=LINE('Line',#1143,#1145) ;
#1153=LINE('Line',#1150,#1152) ;
#1160=LINE('Line',#1157,#1159) ;
#1167=LINE('Line',#1164,#1166) ;
#1174=LINE('Line',#1171,#1173) ;
#1181=LINE('Line',#1178,#1180) ;
#1188=LINE('Line',#1185,#1187) ;
#1195=LINE('Line',#1192,#1194) ;
#1202=LINE('Line',#1199,#1201) ;
#1209=LINE('Line',#1206,#1208) ;
#1234=LINE('Line',#1231,#1233) ;
#1252=LINE('Line',#1249,#1251) ;
#1259=LINE('Line',#1256,#1258) ;
#1266=LINE('Line',#1263,#1265) ;
#1285=LINE('Line',#1282,#1284) ;
#1292=LINE('Line',#1289,#1291) ;
#1309=LINE('Line',#1306,#1308) ;
#1316=LINE('Line',#1313,#1315) ;
#1323=LINE('Line',#1320,#1322) ;
#1330=LINE('Line',#1327,#1329) ;
#1349=LINE('Line',#1346,#1348) ;
#1356=LINE('Line',#1353,#1355) ;
#1363=LINE('Line',#1360,#1362) ;
#1380=LINE('Line',#1377,#1379) ;
#1387=LINE('Line',#1384,#1386) ;
#1404=LINE('Line',#1401,#1403) ;
#1421=LINE('Line',#1418,#1420) ;
#1428=LINE('Line',#1425,#1427) ;
#1435=LINE('Line',#1432,#1434) ;
#1442=LINE('Line',#1439,#1441) ;
#1449=LINE('Line',#1446,#1448) ;
#1456=LINE('Line',#1453,#1455) ;
#1463=LINE('Line',#1460,#1462) ;
#1491=LINE('Line',#1488,#1490) ;
#1505=LINE('Line',#1502,#1504) ;
#1512=LINE('Line',#1509,#1511) ;
#1519=LINE('Line',#1516,#1518) ;
#1524=LINE('Line',#1521,#1523) ;
#1531=LINE('Line',#1528,#1530) ;
#1538=LINE('Line',#1535,#1537) ;
#1543=LINE('Line',#1540,#1542) ;
#1550=LINE('Line',#1547,#1549) ;
#1557=LINE('Line',#1554,#1556) ;
#1571=LINE('Line',#1568,#1570) ;
#1585=LINE('Line',#1582,#1584) ;
#1592=LINE('Line',#1589,#1591) ;
#1599=LINE('Line',#1596,#1598) ;
#1640=LINE('Line',#1637,#1639) ;
#1647=LINE('Line',#1644,#1646) ;
#1670=LINE('Line',#1667,#1669) ;
#1677=LINE('Line',#1674,#1676) ;
#1682=LINE('Line',#1679,#1681) ;
#1696=LINE('Line',#1693,#1695) ;
#1703=LINE('Line',#1700,#1702) ;
#1715=LINE('Line',#1712,#1714) ;
#1732=LINE('Line',#1729,#1731) ;
#1739=LINE('Line',#1736,#1738) ;
#1759=LINE('Line',#1756,#1758) ;
#1766=LINE('Line',#1763,#1765) ;
#1783=LINE('Line',#1780,#1782) ;
#1800=LINE('Line',#1797,#1799) ;
#1861=LINE('Line',#1858,#1860) ;
#1868=LINE('Line',#1865,#1867) ;
#1915=LINE('Line',#1912,#1914) ;
#1924=LINE('Line',#1921,#1923) ;
#1931=LINE('Line',#1928,#1930) ;
#1938=LINE('Line',#1935,#1937) ;
#1945=LINE('Line',#1942,#1944) ;
#1952=LINE('Line',#1949,#1951) ;
#1959=LINE('Line',#1956,#1958) ;
#1966=LINE('Line',#1963,#1965) ;
#1973=LINE('Line',#1970,#1972) ;
#1996=LINE('Line',#1993,#1995) ;
#2003=LINE('Line',#2000,#2002) ;
#2010=LINE('Line',#2007,#2009) ;
#2017=LINE('Line',#2014,#2016) ;
#2048=LINE('Line',#2045,#2047) ;
#2053=LINE('Line',#2050,#2052) ;
#2070=LINE('Line',#2067,#2069) ;
#2075=LINE('Line',#2072,#2074) ;
#2082=LINE('Line',#2079,#2081) ;
#2089=LINE('Line',#2086,#2088) ;
#2110=LINE('Line',#2107,#2109) ;
#2117=LINE('Line',#2114,#2116) ;
#2134=LINE('Line',#2131,#2133) ;
#2141=LINE('Line',#2138,#2140) ;
#2158=LINE('Line',#2155,#2157) ;
#2163=LINE('Line',#2160,#2162) ;
#2181=LINE('Line',#2178,#2180) ;
#2198=LINE('Line',#2195,#2197) ;
#2205=LINE('Line',#2202,#2204) ;
#2223=LINE('Line',#2220,#2222) ;
#2230=LINE('Line',#2227,#2229) ;
#2247=LINE('Line',#2244,#2246) ;
#2280=LINE('Line',#2277,#2279) ;
#2287=LINE('Line',#2284,#2286) ;
#2307=LINE('Line',#2304,#2306) ;
#2314=LINE('Line',#2311,#2313) ;
#2326=LINE('Line',#2323,#2325) ;
#2343=LINE('Line',#2340,#2342) ;
#2362=LINE('Line',#2359,#2361) ;
#2369=LINE('Line',#2366,#2368) ;
#2386=LINE('Line',#2383,#2385) ;
#2413=LINE('Line',#2410,#2412) ;
#2453=LINE('Line',#2450,#2452) ;
#2470=LINE('Line',#2467,#2469) ;
#2477=LINE('Line',#2474,#2476) ;
#2496=LINE('Line',#2493,#2495) ;
#2513=LINE('Line',#2510,#2512) ;
#2518=LINE('Line',#2515,#2517) ;
#2523=LINE('Line',#2520,#2522) ;
#2542=LINE('Line',#2539,#2541) ;
#2560=LINE('Line',#2557,#2559) ;
#2577=LINE('Line',#2574,#2576) ;
#2609=LINE('Line',#2606,#2608) ;
#2614=LINE('Line',#2611,#2613) ;
#2632=LINE('Line',#2629,#2631) ;
#2649=LINE('Line',#2646,#2648) ;
#2666=LINE('Line',#2663,#2665) ;
#2671=LINE('Line',#2668,#2670) ;
#2704=LINE('Line',#2701,#2703) ;
#2717=LINE('Line',#2714,#2716) ;
#2784=LINE('Line',#2781,#2783) ;
#2793=LINE('Line',#2790,#2792) ;
#2800=LINE('Line',#2797,#2799) ;
#2807=LINE('Line',#2804,#2806) ;
#2824=LINE('Line',#2821,#2823) ;
#2831=LINE('Line',#2828,#2830) ;
#2838=LINE('Line',#2835,#2837) ;
#2855=LINE('Line',#2852,#2854) ;
#2862=LINE('Line',#2859,#2861) ;
#2879=LINE('Line',#2876,#2878) ;
#2886=LINE('Line',#2883,#2885) ;
#2903=LINE('Line',#2900,#2902) ;
#2930=LINE('Line',#2927,#2929) ;
#2939=LINE('Line',#2936,#2938) ;
#2946=LINE('Line',#2943,#2945) ;
#2953=LINE('Line',#2950,#2952) ;
#2970=LINE('Line',#2967,#2969) ;
#2977=LINE('Line',#2974,#2976) ;
#2984=LINE('Line',#2981,#2983) ;
#2996=LINE('Line',#2993,#2995) ;
#3003=LINE('Line',#3000,#3002) ;
#3020=LINE('Line',#3017,#3019) ;
#3027=LINE('Line',#3024,#3026) ;
#3039=LINE('Line',#3036,#3038) ;
#35=PLANE('',#34) ;
#113=PLANE('',#112) ;
#205=PLANE('',#204) ;
#236=PLANE('',#235) ;
#260=PLANE('',#259) ;
#284=PLANE('',#283) ;
#327=PLANE('',#326) ;
#394=PLANE('',#393) ;
#418=PLANE('',#417) ;
#467=PLANE('',#466) ;
#530=PLANE('',#529) ;
#554=PLANE('',#553) ;
#578=PLANE('',#577) ;
#610=PLANE('',#609) ;
#641=PLANE('',#640) ;
#671=PLANE('',#670) ;
#695=PLANE('',#694) ;
#712=PLANE('',#711) ;
#1067=PLANE('',#1066) ;
#1118=PLANE('',#1117) ;
#1142=PLANE('',#1141) ;
#1230=PLANE('',#1229) ;
#1248=PLANE('',#1247) ;
#1281=PLANE('',#1280) ;
#1305=PLANE('',#1304) ;
#1345=PLANE('',#1344) ;
#1376=PLANE('',#1375) ;
#1400=PLANE('',#1399) ;
#1417=PLANE('',#1416) ;
#1480=PLANE('',#1479) ;
#1666=PLANE('',#1665) ;
#1728=PLANE('',#1727) ;
#1755=PLANE('',#1754) ;
#1779=PLANE('',#1778) ;
#1796=PLANE('',#1795) ;
#1833=PLANE('',#1832) ;
#1911=PLANE('',#1910) ;
#2044=PLANE('',#2043) ;
#2066=PLANE('',#2065) ;
#2106=PLANE('',#2105) ;
#2130=PLANE('',#2129) ;
#2154=PLANE('',#2153) ;
#2177=PLANE('',#2176) ;
#2194=PLANE('',#2193) ;
#2219=PLANE('',#2218) ;
#2243=PLANE('',#2242) ;
#2260=PLANE('',#2259) ;
#2276=PLANE('',#2275) ;
#2303=PLANE('',#2302) ;
#2358=PLANE('',#2357) ;
#2382=PLANE('',#2381) ;
#2492=PLANE('',#2491) ;
#2509=PLANE('',#2508) ;
#2556=PLANE('',#2555) ;
#2593=PLANE('',#2592) ;
#2605=PLANE('',#2604) ;
#2628=PLANE('',#2627) ;
#2662=PLANE('',#2661) ;
#2700=PLANE('',#2699) ;
#2730=PLANE('',#2729) ;
#2744=PLANE('',#2743) ;
#2756=PLANE('',#2755) ;
#2780=PLANE('',#2779) ;
#2820=PLANE('',#2819) ;
#2851=PLANE('',#2850) ;
#2875=PLANE('',#2874) ;
#2899=PLANE('',#2898) ;
#2916=PLANE('',#2915) ;
#2966=PLANE('',#2965) ;
#3016=PLANE('',#3015) ;
#9=PRODUCT_CATEGORY_RELATIONSHIP(' ',' ',#7,#8) ;
#6=PRODUCT_DEFINITION_FORMATION_WITH_SPECIFIED_SOURCE('',' ',#5,.NOT_KNOWN.) ;
#20=SHAPE_DEFINITION_REPRESENTATION(#11,#19) ;
#41=VERTEX_POINT('',#40) ;
#43=VERTEX_POINT('',#42) ;
#65=VERTEX_POINT('',#64) ;
#72=VERTEX_POINT('',#71) ;
#119=VERTEX_POINT('',#118) ;
#121=VERTEX_POINT('',#120) ;
#128=VERTEX_POINT('',#127) ;
#135=VERTEX_POINT('',#134) ;
#142=VERTEX_POINT('',#141) ;
#149=VERTEX_POINT('',#148) ;
#156=VERTEX_POINT('',#155) ;
#163=VERTEX_POINT('',#162) ;
#170=VERTEX_POINT('',#169) ;
#177=VERTEX_POINT('',#176) ;
#211=VERTEX_POINT('',#210) ;
#218=VERTEX_POINT('',#217) ;
#242=VERTEX_POINT('',#241) ;
#266=VERTEX_POINT('',#265) ;
#290=VERTEX_POINT('',#289) ;
#309=VERTEX_POINT('',#308) ;
#333=VERTEX_POINT('',#332) ;
#357=VERTEX_POINT('',#356) ;
#376=VERTEX_POINT('',#375) ;
#400=VERTEX_POINT('',#399) ;
#424=VERTEX_POINT('',#423) ;
#431=VERTEX_POINT('',#430) ;
#438=VERTEX_POINT('',#437) ;
#445=VERTEX_POINT('',#444) ;
#473=VERTEX_POINT('',#472) ;
#480=VERTEX_POINT('',#479) ;
#487=VERTEX_POINT('',#486) ;
#494=VERTEX_POINT('',#493) ;
#501=VERTEX_POINT('',#500) ;
#508=VERTEX_POINT('',#507) ;
#536=VERTEX_POINT('',#535) ;
#560=VERTEX_POINT('',#559) ;
#584=VERTEX_POINT('',#583) ;
#591=VERTEX_POINT('',#590) ;
#616=VERTEX_POINT('',#615) ;
#623=VERTEX_POINT('',#622) ;
#647=VERTEX_POINT('',#646) ;
#677=VERTEX_POINT('',#676) ;
#718=VERTEX_POINT('',#717) ;
#720=VERTEX_POINT('',#719) ;
#727=VERTEX_POINT('',#726) ;
#734=VERTEX_POINT('',#733) ;
#741=VERTEX_POINT('',#740) ;
#748=VERTEX_POINT('',#747) ;
#755=VERTEX_POINT('',#754) ;
#762=VERTEX_POINT('',#761) ;
#769=VERTEX_POINT('',#768) ;
#776=VERTEX_POINT('',#775) ;
#783=VERTEX_POINT('',#782) ;
#790=VERTEX_POINT('',#789) ;
#797=VERTEX_POINT('',#796) ;
#804=VERTEX_POINT('',#803) ;
#811=VERTEX_POINT('',#810) ;
#818=VERTEX_POINT('',#817) ;
#848=VERTEX_POINT('',#847) ;
#850=VERTEX_POINT('',#849) ;
#857=VERTEX_POINT('',#856) ;
#864=VERTEX_POINT('',#863) ;
#871=VERTEX_POINT('',#870) ;
#878=VERTEX_POINT('',#877) ;
#885=VERTEX_POINT('',#884) ;
#892=VERTEX_POINT('',#891) ;
#899=VERTEX_POINT('',#898) ;
#906=VERTEX_POINT('',#905) ;
#913=VERTEX_POINT('',#912) ;
#920=VERTEX_POINT('',#919) ;
#927=VERTEX_POINT('',#926) ;
#934=VERTEX_POINT('',#933) ;
#941=VERTEX_POINT('',#940) ;
#948=VERTEX_POINT('',#947) ;
#955=VERTEX_POINT('',#954) ;
#962=VERTEX_POINT('',#961) ;
#1020=VERTEX_POINT('',#1019) ;
#1027=VERTEX_POINT('',#1026) ;
#1037=VERTEX_POINT('',#1036) ;
#1044=VERTEX_POINT('',#1043) ;
#1076=VERTEX_POINT('',#1075) ;
#1083=VERTEX_POINT('',#1082) ;
#1090=VERTEX_POINT('',#1089) ;
#1097=VERTEX_POINT('',#1096) ;
#1124=VERTEX_POINT('',#1123) ;
#1148=VERTEX_POINT('',#1147) ;
#1155=VERTEX_POINT('',#1154) ;
#1162=VERTEX_POINT('',#1161) ;
#1169=VERTEX_POINT('',#1168) ;
#1176=VERTEX_POINT('',#1175) ;
#1183=VERTEX_POINT('',#1182) ;
#1190=VERTEX_POINT('',#1189) ;
#1197=VERTEX_POINT('',#1196) ;
#1204=VERTEX_POINT('',#1203) ;
#1254=VERTEX_POINT('',#1253) ;
#1261=VERTEX_POINT('',#1260) ;
#1287=VERTEX_POINT('',#1286) ;
#1311=VERTEX_POINT('',#1310) ;
#1318=VERTEX_POINT('',#1317) ;
#1325=VERTEX_POINT('',#1324) ;
#1351=VERTEX_POINT('',#1350) ;
#1358=VERTEX_POINT('',#1357) ;
#1382=VERTEX_POINT('',#1381) ;
#1423=VERTEX_POINT('',#1422) ;
#1430=VERTEX_POINT('',#1429) ;
#1437=VERTEX_POINT('',#1436) ;
#1444=VERTEX_POINT('',#1443) ;
#1451=VERTEX_POINT('',#1450) ;
#1458=VERTEX_POINT('',#1457) ;
#1486=VERTEX_POINT('',#1485) ;
#1493=VERTEX_POINT('',#1492) ;
#1500=VERTEX_POINT('',#1499) ;
#1507=VERTEX_POINT('',#1506) ;
#1514=VERTEX_POINT('',#1513) ;
#1526=VERTEX_POINT('',#1525) ;
#1533=VERTEX_POINT('',#1532) ;
#1545=VERTEX_POINT('',#1544) ;
#1552=VERTEX_POINT('',#1551) ;
#1559=VERTEX_POINT('',#1558) ;
#1566=VERTEX_POINT('',#1565) ;
#1573=VERTEX_POINT('',#1572) ;
#1580=VERTEX_POINT('',#1579) ;
#1587=VERTEX_POINT('',#1586) ;
#1594=VERTEX_POINT('',#1593) ;
#1642=VERTEX_POINT('',#1641) ;
#1672=VERTEX_POINT('',#1671) ;
#1698=VERTEX_POINT('',#1697) ;
#1734=VERTEX_POINT('',#1733) ;
#1761=VERTEX_POINT('',#1760) ;
#1839=VERTEX_POINT('',#1838) ;
#1841=VERTEX_POINT('',#1840) ;
#1863=VERTEX_POINT('',#1862) ;
#1870=VERTEX_POINT('',#1869) ;
#1917=VERTEX_POINT('',#1916) ;
#1919=VERTEX_POINT('',#1918) ;
#1926=VERTEX_POINT('',#1925) ;
#1933=VERTEX_POINT('',#1932) ;
#1940=VERTEX_POINT('',#1939) ;
#1947=VERTEX_POINT('',#1946) ;
#1954=VERTEX_POINT('',#1953) ;
#1961=VERTEX_POINT('',#1960) ;
#1968=VERTEX_POINT('',#1967) ;
#1975=VERTEX_POINT('',#1974) ;
#1991=VERTEX_POINT('',#1990) ;
#1998=VERTEX_POINT('',#1997) ;
#2005=VERTEX_POINT('',#2004) ;
#2012=VERTEX_POINT('',#2011) ;
#2077=VERTEX_POINT('',#2076) ;
#2084=VERTEX_POINT('',#2083) ;
#2112=VERTEX_POINT('',#2111) ;
#2136=VERTEX_POINT('',#2135) ;
#2200=VERTEX_POINT('',#2199) ;
#2225=VERTEX_POINT('',#2224) ;
#2282=VERTEX_POINT('',#2281) ;
#2309=VERTEX_POINT('',#2308) ;
#2328=VERTEX_POINT('',#2327) ;
#2338=VERTEX_POINT('',#2337) ;
#2364=VERTEX_POINT('',#2363) ;
#2388=VERTEX_POINT('',#2387) ;
#2415=VERTEX_POINT('',#2414) ;
#2425=VERTEX_POINT('',#2424) ;
#2432=VERTEX_POINT('',#2431) ;
#2455=VERTEX_POINT('',#2454) ;
#2457=VERTEX_POINT('',#2456) ;
#2472=VERTEX_POINT('',#2471) ;
#2786=VERTEX_POINT('',#2785) ;
#2788=VERTEX_POINT('',#2787) ;
#2795=VERTEX_POINT('',#2794) ;
#2802=VERTEX_POINT('',#2801) ;
#2826=VERTEX_POINT('',#2825) ;
#2833=VERTEX_POINT('',#2832) ;
#2857=VERTEX_POINT('',#2856) ;
#2881=VERTEX_POINT('',#2880) ;
#2932=VERTEX_POINT('',#2931) ;
#2934=VERTEX_POINT('',#2933) ;
#2941=VERTEX_POINT('',#2940) ;
#2948=VERTEX_POINT('',#2947) ;
#2972=VERTEX_POINT('',#2971) ;
#2979=VERTEX_POINT('',#2978) ;
#2998=VERTEX_POINT('',#2997) ;
#3022=VERTEX_POINT('',#3021) ;
#12=(LENGTH_UNIT()NAMED_UNIT(*)SI_UNIT(.MILLI.,.METRE.)) ;
#13=(NAMED_UNIT(*)PLANE_ANGLE_UNIT()SI_UNIT($,.RADIAN.)) ;
#14=(NAMED_UNIT(*)SI_UNIT($,.STERADIAN.)SOLID_ANGLE_UNIT()) ;
#16=(GEOMETRIC_REPRESENTATION_CONTEXT(3)GLOBAL_UNCERTAINTY_ASSIGNED_CONTEXT((#15))GLOBAL_UNIT_ASSIGNED_CONTEXT((#12,#13,#14))REPRESENTATION_CONTEXT(' ',' ')) ;
ENDSEC;
END-ISO-10303-21;
