ISO-10303-21;
HEADER;
FILE_DESCRIPTION((''),'2;1');
FILE_NAME('C-1-2823140-6','2016-09-19T',('workeradm'),('Tyco Electronics Ltd.'),
'CREO PARAMETRIC BY PTC INC, 2016050','CREO PARAMETRIC BY PTC INC, 2016050','');
FILE_SCHEMA(('AUTOMOTIVE_DESIGN { 1 0 10303 214 1 1 1 1 }'));
ENDSEC;
DATA;
#3=DIRECTION('',(0.E0,1.E0,0.E0));
#4=VECTOR('',#3,1.25E0);
#5=CARTESIAN_POINT('',(-8.E0,6.E-1,-1.5E-1));
#6=LINE('',#5,#4);
#7=DIRECTION('',(0.E0,0.E0,-1.E0));
#8=VECTOR('',#7,1.E0);
#9=CARTESIAN_POINT('',(-8.E0,6.E-1,-1.5E-1));
#10=LINE('',#9,#8);
#11=DIRECTION('',(0.E0,0.E0,-1.E0));
#12=VECTOR('',#11,2.E-1);
#13=CARTESIAN_POINT('',(-8.E0,6.E-1,-1.15E0));
#14=LINE('',#13,#12);
#15=DIRECTION('',(0.E0,-1.E0,0.E0));
#16=VECTOR('',#15,1.25E0);
#17=CARTESIAN_POINT('',(-8.E0,1.85E0,-1.35E0));
#18=LINE('',#17,#16);
#19=DIRECTION('',(0.E0,0.E0,-1.E0));
#20=VECTOR('',#19,1.2E0);
#21=CARTESIAN_POINT('',(-8.E0,1.85E0,-1.5E-1));
#22=LINE('',#21,#20);
#23=DIRECTION('',(0.E0,-1.E0,0.E0));
#24=VECTOR('',#23,1.25E0);
#25=CARTESIAN_POINT('',(-8.E0,-6.E-1,-1.35E0));
#26=LINE('',#25,#24);
#27=DIRECTION('',(0.E0,0.E0,1.E0));
#28=VECTOR('',#27,2.E-1);
#29=CARTESIAN_POINT('',(-8.E0,-6.E-1,-1.35E0));
#30=LINE('',#29,#28);
#31=DIRECTION('',(0.E0,0.E0,-1.E0));
#32=VECTOR('',#31,1.E0);
#33=CARTESIAN_POINT('',(-8.E0,-6.E-1,-1.5E-1));
#34=LINE('',#33,#32);
#35=DIRECTION('',(0.E0,1.E0,0.E0));
#36=VECTOR('',#35,1.25E0);
#37=CARTESIAN_POINT('',(-8.E0,-1.85E0,-1.5E-1));
#38=LINE('',#37,#36);
#39=DIRECTION('',(0.E0,0.E0,1.E0));
#40=VECTOR('',#39,1.2E0);
#41=CARTESIAN_POINT('',(-8.E0,-1.85E0,-1.35E0));
#42=LINE('',#41,#40);
#43=DIRECTION('',(-5.773502691896E-1,-5.773502691896E-1,-5.773502691896E-1));
#44=VECTOR('',#43,2.598076211353E-1);
#45=CARTESIAN_POINT('',(-7.85E0,2.E0,0.E0));
#46=LINE('',#45,#44);
#47=DIRECTION('',(-6.396021490668E-1,4.264014327112E-1,-6.396021490668E-1));
#48=VECTOR('',#47,2.345207879912E-1);
#49=CARTESIAN_POINT('',(-7.85E0,5.E-1,0.E0));
#50=LINE('',#49,#48);
#51=DIRECTION('',(0.E0,0.E0,-1.E0));
#52=VECTOR('',#51,1.15E0);
#53=CARTESIAN_POINT('',(-7.85E0,5.E-1,0.E0));
#54=LINE('',#53,#52);
#55=DIRECTION('',(0.E0,0.E0,-1.E0));
#56=VECTOR('',#55,1.15E0);
#57=CARTESIAN_POINT('',(-7.85E0,-5.E-1,0.E0));
#58=LINE('',#57,#56);
#59=DIRECTION('',(0.E0,1.E0,0.E0));
#60=VECTOR('',#59,5.E-1);
#61=CARTESIAN_POINT('',(-6.75E0,-1.25E0,0.E0));
#62=LINE('',#61,#60);
#63=DIRECTION('',(-1.E0,0.E0,0.E0));
#64=VECTOR('',#63,5.E-1);
#65=CARTESIAN_POINT('',(-6.75E0,-7.5E-1,0.E0));
#66=LINE('',#65,#64);
#67=DIRECTION('',(0.E0,1.E0,0.E0));
#68=VECTOR('',#67,5.E-1);
#69=CARTESIAN_POINT('',(-7.25E0,-1.25E0,0.E0));
#70=LINE('',#69,#68);
#71=DIRECTION('',(-1.E0,0.E0,0.E0));
#72=VECTOR('',#71,5.E-1);
#73=CARTESIAN_POINT('',(-6.75E0,-1.25E0,0.E0));
#74=LINE('',#73,#72);
#75=DIRECTION('',(0.E0,-1.E0,0.E0));
#76=VECTOR('',#75,5.E-1);
#77=CARTESIAN_POINT('',(-6.75E0,1.25E0,0.E0));
#78=LINE('',#77,#76);
#79=DIRECTION('',(-1.E0,0.E0,0.E0));
#80=VECTOR('',#79,5.E-1);
#81=CARTESIAN_POINT('',(-6.75E0,1.25E0,0.E0));
#82=LINE('',#81,#80);
#83=DIRECTION('',(0.E0,-1.E0,0.E0));
#84=VECTOR('',#83,5.E-1);
#85=CARTESIAN_POINT('',(-7.25E0,1.25E0,0.E0));
#86=LINE('',#85,#84);
#87=DIRECTION('',(-1.E0,0.E0,0.E0));
#88=VECTOR('',#87,5.E-1);
#89=CARTESIAN_POINT('',(-6.75E0,7.5E-1,0.E0));
#90=LINE('',#89,#88);
#91=DIRECTION('',(0.E0,-1.E0,0.E0));
#92=VECTOR('',#91,4.E0);
#93=CARTESIAN_POINT('',(-4.3E0,2.E0,0.E0));
#94=LINE('',#93,#92);
#95=DIRECTION('',(0.E0,-1.E0,0.E0));
#96=VECTOR('',#95,4.E0);
#97=CARTESIAN_POINT('',(-5.7E0,2.E0,0.E0));
#98=LINE('',#97,#96);
#99=DIRECTION('',(1.E0,0.E0,0.E0));
#100=VECTOR('',#99,1.4E0);
#101=CARTESIAN_POINT('',(-5.7E0,2.E0,0.E0));
#102=LINE('',#101,#100);
#103=DIRECTION('',(0.E0,-1.E0,0.E0));
#104=VECTOR('',#103,5.E-1);
#105=CARTESIAN_POINT('',(-4.75E0,-7.5E-1,0.E0));
#106=LINE('',#105,#104);
#107=DIRECTION('',(-1.E0,0.E0,0.E0));
#108=VECTOR('',#107,5.E-1);
#109=CARTESIAN_POINT('',(-4.75E0,-7.5E-1,0.E0));
#110=LINE('',#109,#108);
#111=DIRECTION('',(0.E0,-1.E0,0.E0));
#112=VECTOR('',#111,5.E-1);
#113=CARTESIAN_POINT('',(-5.25E0,-7.5E-1,0.E0));
#114=LINE('',#113,#112);
#115=DIRECTION('',(-1.E0,0.E0,0.E0));
#116=VECTOR('',#115,5.E-1);
#117=CARTESIAN_POINT('',(-4.75E0,-1.25E0,0.E0));
#118=LINE('',#117,#116);
#119=DIRECTION('',(0.E0,-1.E0,0.E0));
#120=VECTOR('',#119,5.E-1);
#121=CARTESIAN_POINT('',(-4.75E0,1.25E0,0.E0));
#122=LINE('',#121,#120);
#123=DIRECTION('',(-1.E0,0.E0,0.E0));
#124=VECTOR('',#123,5.E-1);
#125=CARTESIAN_POINT('',(-4.75E0,1.25E0,0.E0));
#126=LINE('',#125,#124);
#127=DIRECTION('',(0.E0,-1.E0,0.E0));
#128=VECTOR('',#127,5.E-1);
#129=CARTESIAN_POINT('',(-5.25E0,1.25E0,0.E0));
#130=LINE('',#129,#128);
#131=DIRECTION('',(-1.E0,0.E0,0.E0));
#132=VECTOR('',#131,5.E-1);
#133=CARTESIAN_POINT('',(-4.75E0,7.5E-1,0.E0));
#134=LINE('',#133,#132);
#135=DIRECTION('',(0.E0,-1.E0,0.E0));
#136=VECTOR('',#135,4.E0);
#137=CARTESIAN_POINT('',(-2.3E0,2.E0,0.E0));
#138=LINE('',#137,#136);
#139=DIRECTION('',(0.E0,-1.E0,0.E0));
#140=VECTOR('',#139,4.E0);
#141=CARTESIAN_POINT('',(-3.7E0,2.E0,0.E0));
#142=LINE('',#141,#140);
#143=DIRECTION('',(1.E0,0.E0,0.E0));
#144=VECTOR('',#143,1.4E0);
#145=CARTESIAN_POINT('',(-3.7E0,2.E0,0.E0));
#146=LINE('',#145,#144);
#147=DIRECTION('',(0.E0,1.E0,0.E0));
#148=VECTOR('',#147,5.E-1);
#149=CARTESIAN_POINT('',(-2.75E0,-1.25E0,0.E0));
#150=LINE('',#149,#148);
#151=DIRECTION('',(-1.E0,0.E0,0.E0));
#152=VECTOR('',#151,5.E-1);
#153=CARTESIAN_POINT('',(-2.75E0,-7.5E-1,0.E0));
#154=LINE('',#153,#152);
#155=DIRECTION('',(0.E0,1.E0,0.E0));
#156=VECTOR('',#155,5.E-1);
#157=CARTESIAN_POINT('',(-3.25E0,-1.25E0,0.E0));
#158=LINE('',#157,#156);
#159=DIRECTION('',(-1.E0,0.E0,0.E0));
#160=VECTOR('',#159,5.E-1);
#161=CARTESIAN_POINT('',(-2.75E0,-1.25E0,0.E0));
#162=LINE('',#161,#160);
#163=DIRECTION('',(0.E0,1.E0,0.E0));
#164=VECTOR('',#163,5.E-1);
#165=CARTESIAN_POINT('',(-2.75E0,7.5E-1,0.E0));
#166=LINE('',#165,#164);
#167=DIRECTION('',(-1.E0,0.E0,0.E0));
#168=VECTOR('',#167,5.E-1);
#169=CARTESIAN_POINT('',(-2.75E0,1.25E0,0.E0));
#170=LINE('',#169,#168);
#171=DIRECTION('',(0.E0,1.E0,0.E0));
#172=VECTOR('',#171,5.E-1);
#173=CARTESIAN_POINT('',(-3.25E0,7.5E-1,0.E0));
#174=LINE('',#173,#172);
#175=DIRECTION('',(-1.E0,0.E0,0.E0));
#176=VECTOR('',#175,5.E-1);
#177=CARTESIAN_POINT('',(-2.75E0,7.5E-1,0.E0));
#178=LINE('',#177,#176);
#179=DIRECTION('',(0.E0,-1.E0,0.E0));
#180=VECTOR('',#179,4.E0);
#181=CARTESIAN_POINT('',(-3.E-1,2.E0,0.E0));
#182=LINE('',#181,#180);
#183=DIRECTION('',(0.E0,-1.E0,0.E0));
#184=VECTOR('',#183,4.E0);
#185=CARTESIAN_POINT('',(-1.7E0,2.E0,0.E0));
#186=LINE('',#185,#184);
#187=DIRECTION('',(1.E0,0.E0,0.E0));
#188=VECTOR('',#187,1.4E0);
#189=CARTESIAN_POINT('',(-1.7E0,2.E0,0.E0));
#190=LINE('',#189,#188);
#191=DIRECTION('',(0.E0,1.E0,0.E0));
#192=VECTOR('',#191,5.E-1);
#193=CARTESIAN_POINT('',(-7.5E-1,-1.25E0,0.E0));
#194=LINE('',#193,#192);
#195=DIRECTION('',(-1.E0,0.E0,0.E0));
#196=VECTOR('',#195,5.E-1);
#197=CARTESIAN_POINT('',(-7.5E-1,-7.5E-1,0.E0));
#198=LINE('',#197,#196);
#199=DIRECTION('',(0.E0,1.E0,0.E0));
#200=VECTOR('',#199,5.E-1);
#201=CARTESIAN_POINT('',(-1.25E0,-1.25E0,0.E0));
#202=LINE('',#201,#200);
#203=DIRECTION('',(-1.E0,0.E0,0.E0));
#204=VECTOR('',#203,5.E-1);
#205=CARTESIAN_POINT('',(-7.5E-1,-1.25E0,0.E0));
#206=LINE('',#205,#204);
#207=DIRECTION('',(0.E0,1.E0,0.E0));
#208=VECTOR('',#207,5.E-1);
#209=CARTESIAN_POINT('',(-7.5E-1,7.5E-1,0.E0));
#210=LINE('',#209,#208);
#211=DIRECTION('',(-1.E0,0.E0,0.E0));
#212=VECTOR('',#211,5.E-1);
#213=CARTESIAN_POINT('',(-7.5E-1,1.25E0,0.E0));
#214=LINE('',#213,#212);
#215=DIRECTION('',(0.E0,1.E0,0.E0));
#216=VECTOR('',#215,5.E-1);
#217=CARTESIAN_POINT('',(-1.25E0,7.5E-1,0.E0));
#218=LINE('',#217,#216);
#219=DIRECTION('',(-1.E0,0.E0,0.E0));
#220=VECTOR('',#219,5.E-1);
#221=CARTESIAN_POINT('',(-7.5E-1,7.5E-1,0.E0));
#222=LINE('',#221,#220);
#223=DIRECTION('',(0.E0,-1.E0,0.E0));
#224=VECTOR('',#223,4.E0);
#225=CARTESIAN_POINT('',(1.7E0,2.E0,0.E0));
#226=LINE('',#225,#224);
#227=DIRECTION('',(0.E0,-1.E0,0.E0));
#228=VECTOR('',#227,4.E0);
#229=CARTESIAN_POINT('',(3.E-1,2.E0,0.E0));
#230=LINE('',#229,#228);
#231=DIRECTION('',(1.E0,0.E0,0.E0));
#232=VECTOR('',#231,1.4E0);
#233=CARTESIAN_POINT('',(3.E-1,2.E0,0.E0));
#234=LINE('',#233,#232);
#235=DIRECTION('',(0.E0,1.E0,0.E0));
#236=VECTOR('',#235,5.E-1);
#237=CARTESIAN_POINT('',(1.25E0,-1.25E0,0.E0));
#238=LINE('',#237,#236);
#239=DIRECTION('',(-1.E0,0.E0,0.E0));
#240=VECTOR('',#239,5.E-1);
#241=CARTESIAN_POINT('',(1.25E0,-7.5E-1,0.E0));
#242=LINE('',#241,#240);
#243=DIRECTION('',(0.E0,1.E0,0.E0));
#244=VECTOR('',#243,5.E-1);
#245=CARTESIAN_POINT('',(7.5E-1,-1.25E0,0.E0));
#246=LINE('',#245,#244);
#247=DIRECTION('',(-1.E0,0.E0,0.E0));
#248=VECTOR('',#247,5.E-1);
#249=CARTESIAN_POINT('',(1.25E0,-1.25E0,0.E0));
#250=LINE('',#249,#248);
#251=DIRECTION('',(0.E0,1.E0,0.E0));
#252=VECTOR('',#251,5.E-1);
#253=CARTESIAN_POINT('',(1.25E0,7.5E-1,0.E0));
#254=LINE('',#253,#252);
#255=DIRECTION('',(-1.E0,0.E0,0.E0));
#256=VECTOR('',#255,5.E-1);
#257=CARTESIAN_POINT('',(1.25E0,1.25E0,0.E0));
#258=LINE('',#257,#256);
#259=DIRECTION('',(0.E0,1.E0,0.E0));
#260=VECTOR('',#259,5.E-1);
#261=CARTESIAN_POINT('',(7.5E-1,7.5E-1,0.E0));
#262=LINE('',#261,#260);
#263=DIRECTION('',(-1.E0,0.E0,0.E0));
#264=VECTOR('',#263,5.E-1);
#265=CARTESIAN_POINT('',(1.25E0,7.5E-1,0.E0));
#266=LINE('',#265,#264);
#267=DIRECTION('',(0.E0,-1.E0,0.E0));
#268=VECTOR('',#267,4.E0);
#269=CARTESIAN_POINT('',(3.7E0,2.E0,0.E0));
#270=LINE('',#269,#268);
#271=DIRECTION('',(0.E0,-1.E0,0.E0));
#272=VECTOR('',#271,4.E0);
#273=CARTESIAN_POINT('',(2.3E0,2.E0,0.E0));
#274=LINE('',#273,#272);
#275=DIRECTION('',(1.E0,0.E0,0.E0));
#276=VECTOR('',#275,1.4E0);
#277=CARTESIAN_POINT('',(2.3E0,2.E0,0.E0));
#278=LINE('',#277,#276);
#279=DIRECTION('',(0.E0,1.E0,0.E0));
#280=VECTOR('',#279,5.E-1);
#281=CARTESIAN_POINT('',(3.25E0,-1.25E0,0.E0));
#282=LINE('',#281,#280);
#283=DIRECTION('',(-1.E0,0.E0,0.E0));
#284=VECTOR('',#283,5.E-1);
#285=CARTESIAN_POINT('',(3.25E0,-7.5E-1,0.E0));
#286=LINE('',#285,#284);
#287=DIRECTION('',(0.E0,1.E0,0.E0));
#288=VECTOR('',#287,5.E-1);
#289=CARTESIAN_POINT('',(2.75E0,-1.25E0,0.E0));
#290=LINE('',#289,#288);
#291=DIRECTION('',(-1.E0,0.E0,0.E0));
#292=VECTOR('',#291,5.E-1);
#293=CARTESIAN_POINT('',(3.25E0,-1.25E0,0.E0));
#294=LINE('',#293,#292);
#295=DIRECTION('',(0.E0,1.E0,0.E0));
#296=VECTOR('',#295,5.E-1);
#297=CARTESIAN_POINT('',(3.25E0,7.5E-1,0.E0));
#298=LINE('',#297,#296);
#299=DIRECTION('',(-1.E0,0.E0,0.E0));
#300=VECTOR('',#299,5.E-1);
#301=CARTESIAN_POINT('',(3.25E0,1.25E0,0.E0));
#302=LINE('',#301,#300);
#303=DIRECTION('',(0.E0,1.E0,0.E0));
#304=VECTOR('',#303,5.E-1);
#305=CARTESIAN_POINT('',(2.75E0,7.5E-1,0.E0));
#306=LINE('',#305,#304);
#307=DIRECTION('',(-1.E0,0.E0,0.E0));
#308=VECTOR('',#307,5.E-1);
#309=CARTESIAN_POINT('',(3.25E0,7.5E-1,0.E0));
#310=LINE('',#309,#308);
#311=DIRECTION('',(0.E0,-1.E0,0.E0));
#312=VECTOR('',#311,4.E0);
#313=CARTESIAN_POINT('',(5.7E0,2.E0,0.E0));
#314=LINE('',#313,#312);
#315=DIRECTION('',(0.E0,-1.E0,0.E0));
#316=VECTOR('',#315,4.E0);
#317=CARTESIAN_POINT('',(4.3E0,2.E0,0.E0));
#318=LINE('',#317,#316);
#319=DIRECTION('',(1.E0,0.E0,0.E0));
#320=VECTOR('',#319,1.4E0);
#321=CARTESIAN_POINT('',(4.3E0,2.E0,0.E0));
#322=LINE('',#321,#320);
#323=DIRECTION('',(0.E0,1.E0,0.E0));
#324=VECTOR('',#323,5.E-1);
#325=CARTESIAN_POINT('',(5.25E0,-1.25E0,0.E0));
#326=LINE('',#325,#324);
#327=DIRECTION('',(-1.E0,0.E0,0.E0));
#328=VECTOR('',#327,5.E-1);
#329=CARTESIAN_POINT('',(5.25E0,-7.5E-1,0.E0));
#330=LINE('',#329,#328);
#331=DIRECTION('',(0.E0,1.E0,0.E0));
#332=VECTOR('',#331,5.E-1);
#333=CARTESIAN_POINT('',(4.75E0,-1.25E0,0.E0));
#334=LINE('',#333,#332);
#335=DIRECTION('',(-1.E0,0.E0,0.E0));
#336=VECTOR('',#335,5.E-1);
#337=CARTESIAN_POINT('',(5.25E0,-1.25E0,0.E0));
#338=LINE('',#337,#336);
#339=DIRECTION('',(0.E0,1.E0,0.E0));
#340=VECTOR('',#339,5.E-1);
#341=CARTESIAN_POINT('',(5.25E0,7.5E-1,0.E0));
#342=LINE('',#341,#340);
#343=DIRECTION('',(-1.E0,0.E0,0.E0));
#344=VECTOR('',#343,5.E-1);
#345=CARTESIAN_POINT('',(5.25E0,1.25E0,0.E0));
#346=LINE('',#345,#344);
#347=DIRECTION('',(0.E0,1.E0,0.E0));
#348=VECTOR('',#347,5.E-1);
#349=CARTESIAN_POINT('',(4.75E0,7.5E-1,0.E0));
#350=LINE('',#349,#348);
#351=DIRECTION('',(-1.E0,0.E0,0.E0));
#352=VECTOR('',#351,5.E-1);
#353=CARTESIAN_POINT('',(5.25E0,7.5E-1,0.E0));
#354=LINE('',#353,#352);
#355=DIRECTION('',(0.E0,-1.E0,0.E0));
#356=VECTOR('',#355,4.E0);
#357=CARTESIAN_POINT('',(7.7E0,2.E0,0.E0));
#358=LINE('',#357,#356);
#359=DIRECTION('',(0.E0,-1.E0,0.E0));
#360=VECTOR('',#359,4.E0);
#361=CARTESIAN_POINT('',(6.3E0,2.E0,0.E0));
#362=LINE('',#361,#360);
#363=DIRECTION('',(1.E0,0.E0,0.E0));
#364=VECTOR('',#363,1.4E0);
#365=CARTESIAN_POINT('',(6.3E0,2.E0,0.E0));
#366=LINE('',#365,#364);
#367=DIRECTION('',(0.E0,1.E0,0.E0));
#368=VECTOR('',#367,5.E-1);
#369=CARTESIAN_POINT('',(7.25E0,-1.25E0,0.E0));
#370=LINE('',#369,#368);
#371=DIRECTION('',(-1.E0,0.E0,0.E0));
#372=VECTOR('',#371,5.E-1);
#373=CARTESIAN_POINT('',(7.25E0,-7.5E-1,0.E0));
#374=LINE('',#373,#372);
#375=DIRECTION('',(0.E0,1.E0,0.E0));
#376=VECTOR('',#375,5.E-1);
#377=CARTESIAN_POINT('',(6.75E0,-1.25E0,0.E0));
#378=LINE('',#377,#376);
#379=DIRECTION('',(-1.E0,0.E0,0.E0));
#380=VECTOR('',#379,5.E-1);
#381=CARTESIAN_POINT('',(7.25E0,-1.25E0,0.E0));
#382=LINE('',#381,#380);
#383=DIRECTION('',(0.E0,1.E0,0.E0));
#384=VECTOR('',#383,5.E-1);
#385=CARTESIAN_POINT('',(7.25E0,7.5E-1,0.E0));
#386=LINE('',#385,#384);
#387=DIRECTION('',(-1.E0,0.E0,0.E0));
#388=VECTOR('',#387,5.E-1);
#389=CARTESIAN_POINT('',(7.25E0,1.25E0,0.E0));
#390=LINE('',#389,#388);
#391=DIRECTION('',(0.E0,1.E0,0.E0));
#392=VECTOR('',#391,5.E-1);
#393=CARTESIAN_POINT('',(6.75E0,7.5E-1,0.E0));
#394=LINE('',#393,#392);
#395=DIRECTION('',(-1.E0,0.E0,0.E0));
#396=VECTOR('',#395,5.E-1);
#397=CARTESIAN_POINT('',(7.25E0,7.5E-1,0.E0));
#398=LINE('',#397,#396);
#399=DIRECTION('',(0.E0,1.E0,0.E0));
#400=VECTOR('',#399,1.5E0);
#401=CARTESIAN_POINT('',(-7.85E0,5.E-1,0.E0));
#402=LINE('',#401,#400);
#403=DIRECTION('',(1.E0,0.E0,0.E0));
#404=VECTOR('',#403,1.55E0);
#405=CARTESIAN_POINT('',(-7.85E0,2.E0,0.E0));
#406=LINE('',#405,#404);
#407=DIRECTION('',(0.E0,-1.E0,0.E0));
#408=VECTOR('',#407,4.E0);
#409=CARTESIAN_POINT('',(-6.3E0,2.E0,0.E0));
#410=LINE('',#409,#408);
#411=DIRECTION('',(0.E0,1.E0,0.E0));
#412=VECTOR('',#411,1.5E0);
#413=CARTESIAN_POINT('',(-7.85E0,-2.E0,0.E0));
#414=LINE('',#413,#412);
#415=DIRECTION('',(0.E0,1.E0,0.E0));
#416=VECTOR('',#415,1.E0);
#417=CARTESIAN_POINT('',(-7.85E0,-5.E-1,0.E0));
#418=LINE('',#417,#416);
#419=DIRECTION('',(0.E0,0.E0,1.E0));
#420=VECTOR('',#419,4.E0);
#421=CARTESIAN_POINT('',(-6.75E0,-1.25E0,0.E0));
#422=LINE('',#421,#420);
#423=DIRECTION('',(0.E0,1.E0,0.E0));
#424=VECTOR('',#423,5.E-1);
#425=CARTESIAN_POINT('',(-6.75E0,-1.25E0,4.E0));
#426=LINE('',#425,#424);
#427=DIRECTION('',(0.E0,0.E0,-1.E0));
#428=VECTOR('',#427,4.E0);
#429=CARTESIAN_POINT('',(-6.75E0,-7.5E-1,4.E0));
#430=LINE('',#429,#428);
#431=DIRECTION('',(0.E0,0.E0,-1.E0));
#432=VECTOR('',#431,3.E-1);
#433=CARTESIAN_POINT('',(-6.75E0,-7.5E-1,-1.15E0));
#434=LINE('',#433,#432);
#435=CARTESIAN_POINT('',(-6.75E0,-1.75E0,-1.45E0));
#436=DIRECTION('',(-1.E0,0.E0,0.E0));
#437=DIRECTION('',(0.E0,1.E0,3.441691376338E-14));
#438=AXIS2_PLACEMENT_3D('',#435,#436,#437);
#440=DIRECTION('',(0.E0,-1.E0,0.E0));
#441=VECTOR('',#440,3.05E0);
#442=CARTESIAN_POINT('',(-6.75E0,-1.75E0,-2.45E0));
#443=LINE('',#442,#441);
#444=DIRECTION('',(0.E0,0.E0,1.E0));
#445=VECTOR('',#444,5.E-1);
#446=CARTESIAN_POINT('',(-6.75E0,-4.8E0,-2.45E0));
#447=LINE('',#446,#445);
#448=DIRECTION('',(0.E0,1.E0,0.E0));
#449=VECTOR('',#448,3.05E0);
#450=CARTESIAN_POINT('',(-6.75E0,-4.8E0,-1.95E0));
#451=LINE('',#450,#449);
#452=CARTESIAN_POINT('',(-6.75E0,-1.75E0,-1.45E0));
#453=DIRECTION('',(1.E0,0.E0,0.E0));
#454=DIRECTION('',(0.E0,0.E0,-1.E0));
#455=AXIS2_PLACEMENT_3D('',#452,#453,#454);
#457=DIRECTION('',(0.E0,0.E0,1.E0));
#458=VECTOR('',#457,3.E-1);
#459=CARTESIAN_POINT('',(-6.75E0,-1.25E0,-1.45E0));
#460=LINE('',#459,#458);
#461=DIRECTION('',(0.E0,0.E0,1.E0));
#462=VECTOR('',#461,4.E0);
#463=CARTESIAN_POINT('',(-6.75E0,7.5E-1,0.E0));
#464=LINE('',#463,#462);
#465=DIRECTION('',(0.E0,1.E0,0.E0));
#466=VECTOR('',#465,5.E-1);
#467=CARTESIAN_POINT('',(-6.75E0,7.5E-1,4.E0));
#468=LINE('',#467,#466);
#469=DIRECTION('',(0.E0,0.E0,-1.E0));
#470=VECTOR('',#469,4.E0);
#471=CARTESIAN_POINT('',(-6.75E0,1.25E0,4.E0));
#472=LINE('',#471,#470);
#473=DIRECTION('',(0.E0,0.E0,-1.E0));
#474=VECTOR('',#473,2.3E0);
#475=CARTESIAN_POINT('',(-6.75E0,1.25E0,-1.15E0));
#476=LINE('',#475,#474);
#477=CARTESIAN_POINT('',(-6.75E0,2.5E-1,-3.45E0));
#478=DIRECTION('',(-1.E0,0.E0,0.E0));
#479=DIRECTION('',(0.E0,1.E0,-3.552713678801E-14));
#480=AXIS2_PLACEMENT_3D('',#477,#478,#479);
#482=DIRECTION('',(0.E0,-1.E0,0.E0));
#483=VECTOR('',#482,5.05E0);
#484=CARTESIAN_POINT('',(-6.75E0,2.5E-1,-4.45E0));
#485=LINE('',#484,#483);
#486=DIRECTION('',(0.E0,0.E0,1.E0));
#487=VECTOR('',#486,5.E-1);
#488=CARTESIAN_POINT('',(-6.75E0,-4.8E0,-4.45E0));
#489=LINE('',#488,#487);
#490=DIRECTION('',(0.E0,1.E0,0.E0));
#491=VECTOR('',#490,5.05E0);
#492=CARTESIAN_POINT('',(-6.75E0,-4.8E0,-3.95E0));
#493=LINE('',#492,#491);
#494=CARTESIAN_POINT('',(-6.75E0,2.5E-1,-3.45E0));
#495=DIRECTION('',(1.E0,0.E0,0.E0));
#496=DIRECTION('',(0.E0,0.E0,-1.E0));
#497=AXIS2_PLACEMENT_3D('',#494,#495,#496);
#499=DIRECTION('',(0.E0,0.E0,1.E0));
#500=VECTOR('',#499,2.3E0);
#501=CARTESIAN_POINT('',(-6.75E0,7.5E-1,-3.45E0));
#502=LINE('',#501,#500);
#503=DIRECTION('',(0.E0,0.E0,-1.E0));
#504=VECTOR('',#503,4.E0);
#505=CARTESIAN_POINT('',(-7.25E0,-7.5E-1,4.E0));
#506=LINE('',#505,#504);
#507=DIRECTION('',(0.E0,1.E0,0.E0));
#508=VECTOR('',#507,5.E-1);
#509=CARTESIAN_POINT('',(-7.25E0,-1.25E0,4.E0));
#510=LINE('',#509,#508);
#511=DIRECTION('',(0.E0,0.E0,1.E0));
#512=VECTOR('',#511,4.E0);
#513=CARTESIAN_POINT('',(-7.25E0,-1.25E0,0.E0));
#514=LINE('',#513,#512);
#515=DIRECTION('',(0.E0,0.E0,1.E0));
#516=VECTOR('',#515,3.E-1);
#517=CARTESIAN_POINT('',(-7.25E0,-1.25E0,-1.45E0));
#518=LINE('',#517,#516);
#519=CARTESIAN_POINT('',(-7.25E0,-1.75E0,-1.45E0));
#520=DIRECTION('',(1.E0,0.E0,0.E0));
#521=DIRECTION('',(0.E0,0.E0,-1.E0));
#522=AXIS2_PLACEMENT_3D('',#519,#520,#521);
#524=DIRECTION('',(0.E0,1.E0,0.E0));
#525=VECTOR('',#524,3.05E0);
#526=CARTESIAN_POINT('',(-7.25E0,-4.8E0,-1.95E0));
#527=LINE('',#526,#525);
#528=DIRECTION('',(0.E0,0.E0,1.E0));
#529=VECTOR('',#528,5.E-1);
#530=CARTESIAN_POINT('',(-7.25E0,-4.8E0,-2.45E0));
#531=LINE('',#530,#529);
#532=DIRECTION('',(0.E0,-1.E0,0.E0));
#533=VECTOR('',#532,3.05E0);
#534=CARTESIAN_POINT('',(-7.25E0,-1.75E0,-2.45E0));
#535=LINE('',#534,#533);
#536=CARTESIAN_POINT('',(-7.25E0,-1.75E0,-1.45E0));
#537=DIRECTION('',(-1.E0,0.E0,0.E0));
#538=DIRECTION('',(0.E0,1.E0,3.441691376338E-14));
#539=AXIS2_PLACEMENT_3D('',#536,#537,#538);
#541=DIRECTION('',(0.E0,0.E0,-1.E0));
#542=VECTOR('',#541,3.E-1);
#543=CARTESIAN_POINT('',(-7.25E0,-7.5E-1,-1.15E0));
#544=LINE('',#543,#542);
#545=DIRECTION('',(0.E0,0.E0,-1.E0));
#546=VECTOR('',#545,4.E0);
#547=CARTESIAN_POINT('',(-7.25E0,1.25E0,4.E0));
#548=LINE('',#547,#546);
#549=DIRECTION('',(0.E0,1.E0,0.E0));
#550=VECTOR('',#549,5.E-1);
#551=CARTESIAN_POINT('',(-7.25E0,7.5E-1,4.E0));
#552=LINE('',#551,#550);
#553=DIRECTION('',(0.E0,0.E0,1.E0));
#554=VECTOR('',#553,4.E0);
#555=CARTESIAN_POINT('',(-7.25E0,7.5E-1,0.E0));
#556=LINE('',#555,#554);
#557=DIRECTION('',(0.E0,0.E0,1.E0));
#558=VECTOR('',#557,2.3E0);
#559=CARTESIAN_POINT('',(-7.25E0,7.5E-1,-3.45E0));
#560=LINE('',#559,#558);
#561=CARTESIAN_POINT('',(-7.25E0,2.5E-1,-3.45E0));
#562=DIRECTION('',(1.E0,0.E0,0.E0));
#563=DIRECTION('',(0.E0,0.E0,-1.E0));
#564=AXIS2_PLACEMENT_3D('',#561,#562,#563);
#566=DIRECTION('',(0.E0,1.E0,0.E0));
#567=VECTOR('',#566,5.05E0);
#568=CARTESIAN_POINT('',(-7.25E0,-4.8E0,-3.95E0));
#569=LINE('',#568,#567);
#570=DIRECTION('',(0.E0,0.E0,1.E0));
#571=VECTOR('',#570,5.E-1);
#572=CARTESIAN_POINT('',(-7.25E0,-4.8E0,-4.45E0));
#573=LINE('',#572,#571);
#574=DIRECTION('',(0.E0,-1.E0,0.E0));
#575=VECTOR('',#574,5.05E0);
#576=CARTESIAN_POINT('',(-7.25E0,2.5E-1,-4.45E0));
#577=LINE('',#576,#575);
#578=CARTESIAN_POINT('',(-7.25E0,2.5E-1,-3.45E0));
#579=DIRECTION('',(-1.E0,0.E0,0.E0));
#580=DIRECTION('',(0.E0,1.E0,-3.552713678801E-14));
#581=AXIS2_PLACEMENT_3D('',#578,#579,#580);
#583=DIRECTION('',(0.E0,0.E0,-1.E0));
#584=VECTOR('',#583,2.3E0);
#585=CARTESIAN_POINT('',(-7.25E0,1.25E0,-1.15E0));
#586=LINE('',#585,#584);
#587=DIRECTION('',(-1.E0,0.E0,0.E0));
#588=VECTOR('',#587,5.E-1);
#589=CARTESIAN_POINT('',(-6.75E0,-7.5E-1,4.E0));
#590=LINE('',#589,#588);
#591=DIRECTION('',(-1.E0,0.E0,0.E0));
#592=VECTOR('',#591,5.E-1);
#593=CARTESIAN_POINT('',(-6.75E0,-1.25E0,4.E0));
#594=LINE('',#593,#592);
#595=DIRECTION('',(0.E0,1.E0,0.E0));
#596=VECTOR('',#595,5.E-1);
#597=CARTESIAN_POINT('',(-6.75E0,-1.25E0,-1.15E0));
#598=LINE('',#597,#596);
#599=DIRECTION('',(-1.E0,0.E0,0.E0));
#600=VECTOR('',#599,5.E-1);
#601=CARTESIAN_POINT('',(-6.75E0,-1.25E0,-1.15E0));
#602=LINE('',#601,#600);
#603=DIRECTION('',(0.E0,1.E0,0.E0));
#604=VECTOR('',#603,5.E-1);
#605=CARTESIAN_POINT('',(-7.25E0,-1.25E0,-1.15E0));
#606=LINE('',#605,#604);
#607=DIRECTION('',(-1.E0,0.E0,0.E0));
#608=VECTOR('',#607,5.E-1);
#609=CARTESIAN_POINT('',(-6.75E0,-7.5E-1,-1.15E0));
#610=LINE('',#609,#608);
#611=DIRECTION('',(0.E0,1.E0,0.E0));
#612=VECTOR('',#611,5.E-1);
#613=CARTESIAN_POINT('',(-6.75E0,7.5E-1,-1.15E0));
#614=LINE('',#613,#612);
#615=DIRECTION('',(-1.E0,0.E0,0.E0));
#616=VECTOR('',#615,5.E-1);
#617=CARTESIAN_POINT('',(-6.75E0,7.5E-1,-1.15E0));
#618=LINE('',#617,#616);
#619=DIRECTION('',(0.E0,1.E0,0.E0));
#620=VECTOR('',#619,5.E-1);
#621=CARTESIAN_POINT('',(-7.25E0,7.5E-1,-1.15E0));
#622=LINE('',#621,#620);
#623=DIRECTION('',(-1.E0,0.E0,0.E0));
#624=VECTOR('',#623,5.E-1);
#625=CARTESIAN_POINT('',(-6.75E0,1.25E0,-1.15E0));
#626=LINE('',#625,#624);
#627=DIRECTION('',(0.E0,1.E0,0.E0));
#628=VECTOR('',#627,5.E-1);
#629=CARTESIAN_POINT('',(-4.75E0,-1.25E0,-1.15E0));
#630=LINE('',#629,#628);
#631=DIRECTION('',(-1.E0,0.E0,0.E0));
#632=VECTOR('',#631,5.E-1);
#633=CARTESIAN_POINT('',(-4.75E0,-1.25E0,-1.15E0));
#634=LINE('',#633,#632);
#635=DIRECTION('',(0.E0,1.E0,0.E0));
#636=VECTOR('',#635,5.E-1);
#637=CARTESIAN_POINT('',(-5.25E0,-1.25E0,-1.15E0));
#638=LINE('',#637,#636);
#639=DIRECTION('',(-1.E0,0.E0,0.E0));
#640=VECTOR('',#639,5.E-1);
#641=CARTESIAN_POINT('',(-4.75E0,-7.5E-1,-1.15E0));
#642=LINE('',#641,#640);
#643=DIRECTION('',(0.E0,1.E0,0.E0));
#644=VECTOR('',#643,5.E-1);
#645=CARTESIAN_POINT('',(-4.75E0,7.5E-1,-1.15E0));
#646=LINE('',#645,#644);
#647=DIRECTION('',(-1.E0,0.E0,0.E0));
#648=VECTOR('',#647,5.E-1);
#649=CARTESIAN_POINT('',(-4.75E0,7.5E-1,-1.15E0));
#650=LINE('',#649,#648);
#651=DIRECTION('',(0.E0,1.E0,0.E0));
#652=VECTOR('',#651,5.E-1);
#653=CARTESIAN_POINT('',(-5.25E0,7.5E-1,-1.15E0));
#654=LINE('',#653,#652);
#655=DIRECTION('',(-1.E0,0.E0,0.E0));
#656=VECTOR('',#655,5.E-1);
#657=CARTESIAN_POINT('',(-4.75E0,1.25E0,-1.15E0));
#658=LINE('',#657,#656);
#659=DIRECTION('',(0.E0,1.E0,0.E0));
#660=VECTOR('',#659,5.E-1);
#661=CARTESIAN_POINT('',(-2.75E0,-1.25E0,-1.15E0));
#662=LINE('',#661,#660);
#663=DIRECTION('',(-1.E0,0.E0,0.E0));
#664=VECTOR('',#663,5.E-1);
#665=CARTESIAN_POINT('',(-2.75E0,-1.25E0,-1.15E0));
#666=LINE('',#665,#664);
#667=DIRECTION('',(0.E0,1.E0,0.E0));
#668=VECTOR('',#667,5.E-1);
#669=CARTESIAN_POINT('',(-3.25E0,-1.25E0,-1.15E0));
#670=LINE('',#669,#668);
#671=DIRECTION('',(-1.E0,0.E0,0.E0));
#672=VECTOR('',#671,5.E-1);
#673=CARTESIAN_POINT('',(-2.75E0,-7.5E-1,-1.15E0));
#674=LINE('',#673,#672);
#675=DIRECTION('',(0.E0,1.E0,0.E0));
#676=VECTOR('',#675,5.E-1);
#677=CARTESIAN_POINT('',(-2.75E0,7.5E-1,-1.15E0));
#678=LINE('',#677,#676);
#679=DIRECTION('',(-1.E0,0.E0,0.E0));
#680=VECTOR('',#679,5.E-1);
#681=CARTESIAN_POINT('',(-2.75E0,7.5E-1,-1.15E0));
#682=LINE('',#681,#680);
#683=DIRECTION('',(0.E0,1.E0,0.E0));
#684=VECTOR('',#683,5.E-1);
#685=CARTESIAN_POINT('',(-3.25E0,7.5E-1,-1.15E0));
#686=LINE('',#685,#684);
#687=DIRECTION('',(-1.E0,0.E0,0.E0));
#688=VECTOR('',#687,5.E-1);
#689=CARTESIAN_POINT('',(-2.75E0,1.25E0,-1.15E0));
#690=LINE('',#689,#688);
#691=DIRECTION('',(0.E0,1.E0,0.E0));
#692=VECTOR('',#691,5.E-1);
#693=CARTESIAN_POINT('',(-7.5E-1,-1.25E0,-1.15E0));
#694=LINE('',#693,#692);
#695=DIRECTION('',(-1.E0,0.E0,0.E0));
#696=VECTOR('',#695,5.E-1);
#697=CARTESIAN_POINT('',(-7.5E-1,-1.25E0,-1.15E0));
#698=LINE('',#697,#696);
#699=DIRECTION('',(0.E0,1.E0,0.E0));
#700=VECTOR('',#699,5.E-1);
#701=CARTESIAN_POINT('',(-1.25E0,-1.25E0,-1.15E0));
#702=LINE('',#701,#700);
#703=DIRECTION('',(-1.E0,0.E0,0.E0));
#704=VECTOR('',#703,5.E-1);
#705=CARTESIAN_POINT('',(-7.5E-1,-7.5E-1,-1.15E0));
#706=LINE('',#705,#704);
#707=DIRECTION('',(0.E0,1.E0,0.E0));
#708=VECTOR('',#707,5.E-1);
#709=CARTESIAN_POINT('',(-7.5E-1,7.5E-1,-1.15E0));
#710=LINE('',#709,#708);
#711=DIRECTION('',(-1.E0,0.E0,0.E0));
#712=VECTOR('',#711,5.E-1);
#713=CARTESIAN_POINT('',(-7.5E-1,7.5E-1,-1.15E0));
#714=LINE('',#713,#712);
#715=DIRECTION('',(0.E0,1.E0,0.E0));
#716=VECTOR('',#715,5.E-1);
#717=CARTESIAN_POINT('',(-1.25E0,7.5E-1,-1.15E0));
#718=LINE('',#717,#716);
#719=DIRECTION('',(-1.E0,0.E0,0.E0));
#720=VECTOR('',#719,5.E-1);
#721=CARTESIAN_POINT('',(-7.5E-1,1.25E0,-1.15E0));
#722=LINE('',#721,#720);
#723=DIRECTION('',(0.E0,1.E0,0.E0));
#724=VECTOR('',#723,5.E-1);
#725=CARTESIAN_POINT('',(1.25E0,-1.25E0,-1.15E0));
#726=LINE('',#725,#724);
#727=DIRECTION('',(-1.E0,0.E0,0.E0));
#728=VECTOR('',#727,5.E-1);
#729=CARTESIAN_POINT('',(1.25E0,-1.25E0,-1.15E0));
#730=LINE('',#729,#728);
#731=DIRECTION('',(0.E0,1.E0,0.E0));
#732=VECTOR('',#731,5.E-1);
#733=CARTESIAN_POINT('',(7.5E-1,-1.25E0,-1.15E0));
#734=LINE('',#733,#732);
#735=DIRECTION('',(-1.E0,0.E0,0.E0));
#736=VECTOR('',#735,5.E-1);
#737=CARTESIAN_POINT('',(1.25E0,-7.5E-1,-1.15E0));
#738=LINE('',#737,#736);
#739=DIRECTION('',(0.E0,1.E0,0.E0));
#740=VECTOR('',#739,5.E-1);
#741=CARTESIAN_POINT('',(1.25E0,7.5E-1,-1.15E0));
#742=LINE('',#741,#740);
#743=DIRECTION('',(-1.E0,0.E0,0.E0));
#744=VECTOR('',#743,5.E-1);
#745=CARTESIAN_POINT('',(1.25E0,7.5E-1,-1.15E0));
#746=LINE('',#745,#744);
#747=DIRECTION('',(0.E0,1.E0,0.E0));
#748=VECTOR('',#747,5.E-1);
#749=CARTESIAN_POINT('',(7.5E-1,7.5E-1,-1.15E0));
#750=LINE('',#749,#748);
#751=DIRECTION('',(-1.E0,0.E0,0.E0));
#752=VECTOR('',#751,5.E-1);
#753=CARTESIAN_POINT('',(1.25E0,1.25E0,-1.15E0));
#754=LINE('',#753,#752);
#755=DIRECTION('',(0.E0,1.E0,0.E0));
#756=VECTOR('',#755,5.E-1);
#757=CARTESIAN_POINT('',(3.25E0,-1.25E0,-1.15E0));
#758=LINE('',#757,#756);
#759=DIRECTION('',(-1.E0,0.E0,0.E0));
#760=VECTOR('',#759,5.E-1);
#761=CARTESIAN_POINT('',(3.25E0,-1.25E0,-1.15E0));
#762=LINE('',#761,#760);
#763=DIRECTION('',(0.E0,1.E0,0.E0));
#764=VECTOR('',#763,5.E-1);
#765=CARTESIAN_POINT('',(2.75E0,-1.25E0,-1.15E0));
#766=LINE('',#765,#764);
#767=DIRECTION('',(-1.E0,0.E0,0.E0));
#768=VECTOR('',#767,5.E-1);
#769=CARTESIAN_POINT('',(3.25E0,-7.5E-1,-1.15E0));
#770=LINE('',#769,#768);
#771=DIRECTION('',(0.E0,1.E0,0.E0));
#772=VECTOR('',#771,5.E-1);
#773=CARTESIAN_POINT('',(3.25E0,7.5E-1,-1.15E0));
#774=LINE('',#773,#772);
#775=DIRECTION('',(-1.E0,0.E0,0.E0));
#776=VECTOR('',#775,5.E-1);
#777=CARTESIAN_POINT('',(3.25E0,7.5E-1,-1.15E0));
#778=LINE('',#777,#776);
#779=DIRECTION('',(0.E0,1.E0,0.E0));
#780=VECTOR('',#779,5.E-1);
#781=CARTESIAN_POINT('',(2.75E0,7.5E-1,-1.15E0));
#782=LINE('',#781,#780);
#783=DIRECTION('',(-1.E0,0.E0,0.E0));
#784=VECTOR('',#783,5.E-1);
#785=CARTESIAN_POINT('',(3.25E0,1.25E0,-1.15E0));
#786=LINE('',#785,#784);
#787=DIRECTION('',(0.E0,1.E0,0.E0));
#788=VECTOR('',#787,5.E-1);
#789=CARTESIAN_POINT('',(5.25E0,-1.25E0,-1.15E0));
#790=LINE('',#789,#788);
#791=DIRECTION('',(-1.E0,0.E0,0.E0));
#792=VECTOR('',#791,5.E-1);
#793=CARTESIAN_POINT('',(5.25E0,-1.25E0,-1.15E0));
#794=LINE('',#793,#792);
#795=DIRECTION('',(0.E0,1.E0,0.E0));
#796=VECTOR('',#795,5.E-1);
#797=CARTESIAN_POINT('',(4.75E0,-1.25E0,-1.15E0));
#798=LINE('',#797,#796);
#799=DIRECTION('',(-1.E0,0.E0,0.E0));
#800=VECTOR('',#799,5.E-1);
#801=CARTESIAN_POINT('',(5.25E0,-7.5E-1,-1.15E0));
#802=LINE('',#801,#800);
#803=DIRECTION('',(0.E0,1.E0,0.E0));
#804=VECTOR('',#803,5.E-1);
#805=CARTESIAN_POINT('',(5.25E0,7.5E-1,-1.15E0));
#806=LINE('',#805,#804);
#807=DIRECTION('',(-1.E0,0.E0,0.E0));
#808=VECTOR('',#807,5.E-1);
#809=CARTESIAN_POINT('',(5.25E0,7.5E-1,-1.15E0));
#810=LINE('',#809,#808);
#811=DIRECTION('',(0.E0,1.E0,0.E0));
#812=VECTOR('',#811,5.E-1);
#813=CARTESIAN_POINT('',(4.75E0,7.5E-1,-1.15E0));
#814=LINE('',#813,#812);
#815=DIRECTION('',(-1.E0,0.E0,0.E0));
#816=VECTOR('',#815,5.E-1);
#817=CARTESIAN_POINT('',(5.25E0,1.25E0,-1.15E0));
#818=LINE('',#817,#816);
#819=DIRECTION('',(0.E0,1.E0,0.E0));
#820=VECTOR('',#819,5.E-1);
#821=CARTESIAN_POINT('',(7.25E0,-1.25E0,-1.15E0));
#822=LINE('',#821,#820);
#823=DIRECTION('',(-1.E0,0.E0,0.E0));
#824=VECTOR('',#823,5.E-1);
#825=CARTESIAN_POINT('',(7.25E0,-1.25E0,-1.15E0));
#826=LINE('',#825,#824);
#827=DIRECTION('',(0.E0,1.E0,0.E0));
#828=VECTOR('',#827,5.E-1);
#829=CARTESIAN_POINT('',(6.75E0,-1.25E0,-1.15E0));
#830=LINE('',#829,#828);
#831=DIRECTION('',(-1.E0,0.E0,0.E0));
#832=VECTOR('',#831,5.E-1);
#833=CARTESIAN_POINT('',(7.25E0,-7.5E-1,-1.15E0));
#834=LINE('',#833,#832);
#835=DIRECTION('',(0.E0,1.E0,0.E0));
#836=VECTOR('',#835,5.E-1);
#837=CARTESIAN_POINT('',(7.25E0,7.5E-1,-1.15E0));
#838=LINE('',#837,#836);
#839=DIRECTION('',(-1.E0,0.E0,0.E0));
#840=VECTOR('',#839,5.E-1);
#841=CARTESIAN_POINT('',(7.25E0,7.5E-1,-1.15E0));
#842=LINE('',#841,#840);
#843=DIRECTION('',(0.E0,1.E0,0.E0));
#844=VECTOR('',#843,5.E-1);
#845=CARTESIAN_POINT('',(6.75E0,7.5E-1,-1.15E0));
#846=LINE('',#845,#844);
#847=DIRECTION('',(-1.E0,0.E0,0.E0));
#848=VECTOR('',#847,5.E-1);
#849=CARTESIAN_POINT('',(7.25E0,1.25E0,-1.15E0));
#850=LINE('',#849,#848);
#851=DIRECTION('',(0.E0,-1.E0,0.E0));
#852=VECTOR('',#851,1.4E0);
#853=CARTESIAN_POINT('',(6.65E0,2.E0,-1.15E0));
#854=LINE('',#853,#852);
#855=DIRECTION('',(0.E0,-1.E0,0.E0));
#856=VECTOR('',#855,1.4E0);
#857=CARTESIAN_POINT('',(4.65E0,2.E0,-1.15E0));
#858=LINE('',#857,#856);
#859=DIRECTION('',(0.E0,-1.E0,0.E0));
#860=VECTOR('',#859,1.4E0);
#861=CARTESIAN_POINT('',(2.65E0,2.E0,-1.15E0));
#862=LINE('',#861,#860);
#863=DIRECTION('',(0.E0,-1.E0,0.E0));
#864=VECTOR('',#863,1.4E0);
#865=CARTESIAN_POINT('',(6.5E-1,2.E0,-1.15E0));
#866=LINE('',#865,#864);
#867=DIRECTION('',(0.E0,-1.E0,0.E0));
#868=VECTOR('',#867,1.4E0);
#869=CARTESIAN_POINT('',(-1.35E0,2.E0,-1.15E0));
#870=LINE('',#869,#868);
#871=DIRECTION('',(0.E0,-1.E0,0.E0));
#872=VECTOR('',#871,1.4E0);
#873=CARTESIAN_POINT('',(-3.35E0,2.E0,-1.15E0));
#874=LINE('',#873,#872);
#875=DIRECTION('',(0.E0,-1.E0,0.E0));
#876=VECTOR('',#875,1.4E0);
#877=CARTESIAN_POINT('',(-5.35E0,2.E0,-1.15E0));
#878=LINE('',#877,#876);
#879=DIRECTION('',(0.E0,-1.E0,0.E0));
#880=VECTOR('',#879,1.4E0);
#881=CARTESIAN_POINT('',(-7.35E0,2.E0,-1.15E0));
#882=LINE('',#881,#880);
#883=DIRECTION('',(-8.320502943378E-1,5.547001962252E-1,0.E0));
#884=VECTOR('',#883,1.802775637732E-1);
#885=CARTESIAN_POINT('',(-7.85E0,5.E-1,-1.15E0));
#886=LINE('',#885,#884);
#887=DIRECTION('',(0.E0,1.E0,0.E0));
#888=VECTOR('',#887,1.E0);
#889=CARTESIAN_POINT('',(-7.85E0,-5.E-1,-1.15E0));
#890=LINE('',#889,#888);
#891=DIRECTION('',(8.320502943378E-1,5.547001962252E-1,0.E0));
#892=VECTOR('',#891,1.802775637732E-1);
#893=CARTESIAN_POINT('',(-8.E0,-6.E-1,-1.15E0));
#894=LINE('',#893,#892);
#895=DIRECTION('',(1.E0,0.E0,0.E0));
#896=VECTOR('',#895,6.5E-1);
#897=CARTESIAN_POINT('',(-8.E0,-6.E-1,-1.15E0));
#898=LINE('',#897,#896);
#899=DIRECTION('',(0.E0,-1.E0,0.E0));
#900=VECTOR('',#899,1.4E0);
#901=CARTESIAN_POINT('',(-7.35E0,-6.E-1,-1.15E0));
#902=LINE('',#901,#900);
#903=DIRECTION('',(1.E0,0.E0,0.E0));
#904=VECTOR('',#903,1.3E0);
#905=CARTESIAN_POINT('',(-6.65E0,-6.E-1,-1.15E0));
#906=LINE('',#905,#904);
#907=DIRECTION('',(0.E0,-1.E0,0.E0));
#908=VECTOR('',#907,1.4E0);
#909=CARTESIAN_POINT('',(-5.35E0,-6.E-1,-1.15E0));
#910=LINE('',#909,#908);
#911=DIRECTION('',(1.E0,0.E0,0.E0));
#912=VECTOR('',#911,1.3E0);
#913=CARTESIAN_POINT('',(-4.65E0,-6.E-1,-1.15E0));
#914=LINE('',#913,#912);
#915=DIRECTION('',(0.E0,-1.E0,0.E0));
#916=VECTOR('',#915,1.4E0);
#917=CARTESIAN_POINT('',(-3.35E0,-6.E-1,-1.15E0));
#918=LINE('',#917,#916);
#919=DIRECTION('',(1.E0,0.E0,0.E0));
#920=VECTOR('',#919,1.3E0);
#921=CARTESIAN_POINT('',(-2.65E0,-6.E-1,-1.15E0));
#922=LINE('',#921,#920);
#923=DIRECTION('',(0.E0,-1.E0,0.E0));
#924=VECTOR('',#923,1.4E0);
#925=CARTESIAN_POINT('',(-1.35E0,-6.E-1,-1.15E0));
#926=LINE('',#925,#924);
#927=DIRECTION('',(1.E0,0.E0,0.E0));
#928=VECTOR('',#927,1.3E0);
#929=CARTESIAN_POINT('',(-6.5E-1,-6.E-1,-1.15E0));
#930=LINE('',#929,#928);
#931=DIRECTION('',(0.E0,-1.E0,0.E0));
#932=VECTOR('',#931,1.4E0);
#933=CARTESIAN_POINT('',(6.5E-1,-6.E-1,-1.15E0));
#934=LINE('',#933,#932);
#935=DIRECTION('',(1.E0,0.E0,0.E0));
#936=VECTOR('',#935,1.3E0);
#937=CARTESIAN_POINT('',(1.35E0,-6.E-1,-1.15E0));
#938=LINE('',#937,#936);
#939=DIRECTION('',(0.E0,-1.E0,0.E0));
#940=VECTOR('',#939,1.4E0);
#941=CARTESIAN_POINT('',(2.65E0,-6.E-1,-1.15E0));
#942=LINE('',#941,#940);
#943=DIRECTION('',(1.E0,0.E0,0.E0));
#944=VECTOR('',#943,1.3E0);
#945=CARTESIAN_POINT('',(3.35E0,-6.E-1,-1.15E0));
#946=LINE('',#945,#944);
#947=DIRECTION('',(0.E0,-1.E0,0.E0));
#948=VECTOR('',#947,1.4E0);
#949=CARTESIAN_POINT('',(4.65E0,-6.E-1,-1.15E0));
#950=LINE('',#949,#948);
#951=DIRECTION('',(1.E0,0.E0,0.E0));
#952=VECTOR('',#951,1.3E0);
#953=CARTESIAN_POINT('',(5.35E0,-6.E-1,-1.15E0));
#954=LINE('',#953,#952);
#955=DIRECTION('',(0.E0,-1.E0,0.E0));
#956=VECTOR('',#955,1.4E0);
#957=CARTESIAN_POINT('',(6.65E0,-6.E-1,-1.15E0));
#958=LINE('',#957,#956);
#959=DIRECTION('',(1.E0,0.E0,0.E0));
#960=VECTOR('',#959,6.5E-1);
#961=CARTESIAN_POINT('',(7.35E0,-6.E-1,-1.15E0));
#962=LINE('',#961,#960);
#963=DIRECTION('',(-1.E0,0.E0,0.E0));
#964=VECTOR('',#963,5.E-1);
#965=CARTESIAN_POINT('',(-6.75E0,-1.25E0,-1.45E0));
#966=LINE('',#965,#964);
#967=DIRECTION('',(-1.E0,0.E0,0.E0));
#968=VECTOR('',#967,5.E-1);
#969=CARTESIAN_POINT('',(-6.75E0,-1.75E0,-1.95E0));
#970=LINE('',#969,#968);
#971=DIRECTION('',(-1.E0,0.E0,0.E0));
#972=VECTOR('',#971,5.E-1);
#973=CARTESIAN_POINT('',(-6.75E0,-4.8E0,-1.95E0));
#974=LINE('',#973,#972);
#975=DIRECTION('',(-1.E0,0.E0,0.E0));
#976=VECTOR('',#975,5.E-1);
#977=CARTESIAN_POINT('',(-6.75E0,-4.8E0,-2.45E0));
#978=LINE('',#977,#976);
#979=DIRECTION('',(-1.E0,0.E0,0.E0));
#980=VECTOR('',#979,5.E-1);
#981=CARTESIAN_POINT('',(-6.75E0,-1.75E0,-2.45E0));
#982=LINE('',#981,#980);
#983=DIRECTION('',(-1.E0,0.E0,0.E0));
#984=VECTOR('',#983,5.E-1);
#985=CARTESIAN_POINT('',(-6.75E0,-7.5E-1,-1.45E0));
#986=LINE('',#985,#984);
#987=DIRECTION('',(-1.E0,0.E0,0.E0));
#988=VECTOR('',#987,5.E-1);
#989=CARTESIAN_POINT('',(-6.75E0,7.5E-1,-3.45E0));
#990=LINE('',#989,#988);
#991=DIRECTION('',(-1.E0,0.E0,0.E0));
#992=VECTOR('',#991,5.E-1);
#993=CARTESIAN_POINT('',(-6.75E0,2.5E-1,-3.95E0));
#994=LINE('',#993,#992);
#995=DIRECTION('',(-1.E0,0.E0,0.E0));
#996=VECTOR('',#995,5.E-1);
#997=CARTESIAN_POINT('',(-6.75E0,-4.8E0,-3.95E0));
#998=LINE('',#997,#996);
#999=DIRECTION('',(-1.E0,0.E0,0.E0));
#1000=VECTOR('',#999,5.E-1);
#1001=CARTESIAN_POINT('',(-6.75E0,-4.8E0,-4.45E0));
#1002=LINE('',#1001,#1000);
#1003=DIRECTION('',(-1.E0,0.E0,0.E0));
#1004=VECTOR('',#1003,5.E-1);
#1005=CARTESIAN_POINT('',(-6.75E0,2.5E-1,-4.45E0));
#1006=LINE('',#1005,#1004);
#1007=DIRECTION('',(-1.E0,0.E0,0.E0));
#1008=VECTOR('',#1007,5.E-1);
#1009=CARTESIAN_POINT('',(-6.75E0,1.25E0,-3.45E0));
#1010=LINE('',#1009,#1008);
#1011=DIRECTION('',(0.E0,0.E0,1.E0));
#1012=VECTOR('',#1011,4.E0);
#1013=CARTESIAN_POINT('',(-4.75E0,7.5E-1,0.E0));
#1014=LINE('',#1013,#1012);
#1015=DIRECTION('',(0.E0,1.E0,0.E0));
#1016=VECTOR('',#1015,5.E-1);
#1017=CARTESIAN_POINT('',(-4.75E0,7.5E-1,4.E0));
#1018=LINE('',#1017,#1016);
#1019=DIRECTION('',(0.E0,0.E0,-1.E0));
#1020=VECTOR('',#1019,4.E0);
#1021=CARTESIAN_POINT('',(-4.75E0,1.25E0,4.E0));
#1022=LINE('',#1021,#1020);
#1023=DIRECTION('',(0.E0,0.E0,1.E0));
#1024=VECTOR('',#1023,4.E0);
#1025=CARTESIAN_POINT('',(-4.75E0,-1.25E0,0.E0));
#1026=LINE('',#1025,#1024);
#1027=DIRECTION('',(0.E0,1.E0,0.E0));
#1028=VECTOR('',#1027,5.E-1);
#1029=CARTESIAN_POINT('',(-4.75E0,-1.25E0,4.E0));
#1030=LINE('',#1029,#1028);
#1031=DIRECTION('',(0.E0,0.E0,-1.E0));
#1032=VECTOR('',#1031,4.E0);
#1033=CARTESIAN_POINT('',(-4.75E0,-7.5E-1,4.E0));
#1034=LINE('',#1033,#1032);
#1035=DIRECTION('',(0.E0,0.E0,-1.E0));
#1036=VECTOR('',#1035,3.E-1);
#1037=CARTESIAN_POINT('',(-4.75E0,-7.5E-1,-1.15E0));
#1038=LINE('',#1037,#1036);
#1039=CARTESIAN_POINT('',(-4.75E0,-1.75E0,-1.45E0));
#1040=DIRECTION('',(-1.E0,0.E0,0.E0));
#1041=DIRECTION('',(0.E0,1.E0,3.441691376338E-14));
#1042=AXIS2_PLACEMENT_3D('',#1039,#1040,#1041);
#1044=DIRECTION('',(0.E0,-1.E0,0.E0));
#1045=VECTOR('',#1044,3.05E0);
#1046=CARTESIAN_POINT('',(-4.75E0,-1.75E0,-2.45E0));
#1047=LINE('',#1046,#1045);
#1048=DIRECTION('',(0.E0,0.E0,1.E0));
#1049=VECTOR('',#1048,5.E-1);
#1050=CARTESIAN_POINT('',(-4.75E0,-4.8E0,-2.45E0));
#1051=LINE('',#1050,#1049);
#1052=DIRECTION('',(0.E0,1.E0,0.E0));
#1053=VECTOR('',#1052,3.05E0);
#1054=CARTESIAN_POINT('',(-4.75E0,-4.8E0,-1.95E0));
#1055=LINE('',#1054,#1053);
#1056=CARTESIAN_POINT('',(-4.75E0,-1.75E0,-1.45E0));
#1057=DIRECTION('',(1.E0,0.E0,0.E0));
#1058=DIRECTION('',(0.E0,0.E0,-1.E0));
#1059=AXIS2_PLACEMENT_3D('',#1056,#1057,#1058);
#1061=DIRECTION('',(0.E0,0.E0,1.E0));
#1062=VECTOR('',#1061,3.E-1);
#1063=CARTESIAN_POINT('',(-4.75E0,-1.25E0,-1.45E0));
#1064=LINE('',#1063,#1062);
#1065=DIRECTION('',(0.E0,0.E0,-1.E0));
#1066=VECTOR('',#1065,2.3E0);
#1067=CARTESIAN_POINT('',(-4.75E0,1.25E0,-1.15E0));
#1068=LINE('',#1067,#1066);
#1069=CARTESIAN_POINT('',(-4.75E0,2.5E-1,-3.45E0));
#1070=DIRECTION('',(-1.E0,0.E0,0.E0));
#1071=DIRECTION('',(0.E0,1.E0,-3.552713678801E-14));
#1072=AXIS2_PLACEMENT_3D('',#1069,#1070,#1071);
#1074=DIRECTION('',(0.E0,-1.E0,0.E0));
#1075=VECTOR('',#1074,5.05E0);
#1076=CARTESIAN_POINT('',(-4.75E0,2.5E-1,-4.45E0));
#1077=LINE('',#1076,#1075);
#1078=DIRECTION('',(0.E0,0.E0,1.E0));
#1079=VECTOR('',#1078,5.E-1);
#1080=CARTESIAN_POINT('',(-4.75E0,-4.8E0,-4.45E0));
#1081=LINE('',#1080,#1079);
#1082=DIRECTION('',(0.E0,1.E0,0.E0));
#1083=VECTOR('',#1082,5.05E0);
#1084=CARTESIAN_POINT('',(-4.75E0,-4.8E0,-3.95E0));
#1085=LINE('',#1084,#1083);
#1086=CARTESIAN_POINT('',(-4.75E0,2.5E-1,-3.45E0));
#1087=DIRECTION('',(1.E0,0.E0,0.E0));
#1088=DIRECTION('',(0.E0,0.E0,-1.E0));
#1089=AXIS2_PLACEMENT_3D('',#1086,#1087,#1088);
#1091=DIRECTION('',(0.E0,0.E0,1.E0));
#1092=VECTOR('',#1091,2.3E0);
#1093=CARTESIAN_POINT('',(-4.75E0,7.5E-1,-3.45E0));
#1094=LINE('',#1093,#1092);
#1095=DIRECTION('',(0.E0,0.E0,1.E0));
#1096=VECTOR('',#1095,4.E0);
#1097=CARTESIAN_POINT('',(-5.25E0,7.5E-1,0.E0));
#1098=LINE('',#1097,#1096);
#1099=DIRECTION('',(0.E0,0.E0,-1.E0));
#1100=VECTOR('',#1099,4.E0);
#1101=CARTESIAN_POINT('',(-5.25E0,1.25E0,4.E0));
#1102=LINE('',#1101,#1100);
#1103=DIRECTION('',(0.E0,1.E0,0.E0));
#1104=VECTOR('',#1103,5.E-1);
#1105=CARTESIAN_POINT('',(-5.25E0,7.5E-1,4.E0));
#1106=LINE('',#1105,#1104);
#1107=DIRECTION('',(0.E0,0.E0,1.E0));
#1108=VECTOR('',#1107,4.E0);
#1109=CARTESIAN_POINT('',(-5.25E0,-1.25E0,0.E0));
#1110=LINE('',#1109,#1108);
#1111=DIRECTION('',(0.E0,0.E0,-1.E0));
#1112=VECTOR('',#1111,4.E0);
#1113=CARTESIAN_POINT('',(-5.25E0,-7.5E-1,4.E0));
#1114=LINE('',#1113,#1112);
#1115=DIRECTION('',(0.E0,1.E0,0.E0));
#1116=VECTOR('',#1115,5.E-1);
#1117=CARTESIAN_POINT('',(-5.25E0,-1.25E0,4.E0));
#1118=LINE('',#1117,#1116);
#1119=DIRECTION('',(0.E0,0.E0,1.E0));
#1120=VECTOR('',#1119,3.E-1);
#1121=CARTESIAN_POINT('',(-5.25E0,-1.25E0,-1.45E0));
#1122=LINE('',#1121,#1120);
#1123=CARTESIAN_POINT('',(-5.25E0,-1.75E0,-1.45E0));
#1124=DIRECTION('',(1.E0,0.E0,0.E0));
#1125=DIRECTION('',(0.E0,0.E0,-1.E0));
#1126=AXIS2_PLACEMENT_3D('',#1123,#1124,#1125);
#1128=DIRECTION('',(0.E0,1.E0,0.E0));
#1129=VECTOR('',#1128,3.05E0);
#1130=CARTESIAN_POINT('',(-5.25E0,-4.8E0,-1.95E0));
#1131=LINE('',#1130,#1129);
#1132=DIRECTION('',(0.E0,0.E0,1.E0));
#1133=VECTOR('',#1132,5.E-1);
#1134=CARTESIAN_POINT('',(-5.25E0,-4.8E0,-2.45E0));
#1135=LINE('',#1134,#1133);
#1136=DIRECTION('',(0.E0,-1.E0,0.E0));
#1137=VECTOR('',#1136,3.05E0);
#1138=CARTESIAN_POINT('',(-5.25E0,-1.75E0,-2.45E0));
#1139=LINE('',#1138,#1137);
#1140=CARTESIAN_POINT('',(-5.25E0,-1.75E0,-1.45E0));
#1141=DIRECTION('',(-1.E0,0.E0,0.E0));
#1142=DIRECTION('',(0.E0,1.E0,3.441691376338E-14));
#1143=AXIS2_PLACEMENT_3D('',#1140,#1141,#1142);
#1145=DIRECTION('',(0.E0,0.E0,-1.E0));
#1146=VECTOR('',#1145,3.E-1);
#1147=CARTESIAN_POINT('',(-5.25E0,-7.5E-1,-1.15E0));
#1148=LINE('',#1147,#1146);
#1149=DIRECTION('',(0.E0,0.E0,1.E0));
#1150=VECTOR('',#1149,2.3E0);
#1151=CARTESIAN_POINT('',(-5.25E0,7.5E-1,-3.45E0));
#1152=LINE('',#1151,#1150);
#1153=CARTESIAN_POINT('',(-5.25E0,2.5E-1,-3.45E0));
#1154=DIRECTION('',(1.E0,0.E0,0.E0));
#1155=DIRECTION('',(0.E0,0.E0,-1.E0));
#1156=AXIS2_PLACEMENT_3D('',#1153,#1154,#1155);
#1158=DIRECTION('',(0.E0,1.E0,0.E0));
#1159=VECTOR('',#1158,5.05E0);
#1160=CARTESIAN_POINT('',(-5.25E0,-4.8E0,-3.95E0));
#1161=LINE('',#1160,#1159);
#1162=DIRECTION('',(0.E0,0.E0,1.E0));
#1163=VECTOR('',#1162,5.E-1);
#1164=CARTESIAN_POINT('',(-5.25E0,-4.8E0,-4.45E0));
#1165=LINE('',#1164,#1163);
#1166=DIRECTION('',(0.E0,-1.E0,0.E0));
#1167=VECTOR('',#1166,5.05E0);
#1168=CARTESIAN_POINT('',(-5.25E0,2.5E-1,-4.45E0));
#1169=LINE('',#1168,#1167);
#1170=CARTESIAN_POINT('',(-5.25E0,2.5E-1,-3.45E0));
#1171=DIRECTION('',(-1.E0,0.E0,0.E0));
#1172=DIRECTION('',(0.E0,1.E0,-3.552713678801E-14));
#1173=AXIS2_PLACEMENT_3D('',#1170,#1171,#1172);
#1175=DIRECTION('',(0.E0,0.E0,-1.E0));
#1176=VECTOR('',#1175,2.3E0);
#1177=CARTESIAN_POINT('',(-5.25E0,1.25E0,-1.15E0));
#1178=LINE('',#1177,#1176);
#1179=DIRECTION('',(-1.E0,0.E0,0.E0));
#1180=VECTOR('',#1179,5.E-1);
#1181=CARTESIAN_POINT('',(-4.75E0,1.25E0,4.E0));
#1182=LINE('',#1181,#1180);
#1183=DIRECTION('',(-1.E0,0.E0,0.E0));
#1184=VECTOR('',#1183,5.E-1);
#1185=CARTESIAN_POINT('',(-4.75E0,7.5E-1,4.E0));
#1186=LINE('',#1185,#1184);
#1187=DIRECTION('',(-1.E0,0.E0,0.E0));
#1188=VECTOR('',#1187,5.E-1);
#1189=CARTESIAN_POINT('',(-4.75E0,-1.25E0,4.E0));
#1190=LINE('',#1189,#1188);
#1191=DIRECTION('',(-1.E0,0.E0,0.E0));
#1192=VECTOR('',#1191,5.E-1);
#1193=CARTESIAN_POINT('',(-4.75E0,-7.5E-1,4.E0));
#1194=LINE('',#1193,#1192);
#1195=DIRECTION('',(-1.E0,0.E0,0.E0));
#1196=VECTOR('',#1195,5.E-1);
#1197=CARTESIAN_POINT('',(-4.75E0,-1.25E0,-1.45E0));
#1198=LINE('',#1197,#1196);
#1199=DIRECTION('',(-1.E0,0.E0,0.E0));
#1200=VECTOR('',#1199,5.E-1);
#1201=CARTESIAN_POINT('',(-4.75E0,-1.75E0,-1.95E0));
#1202=LINE('',#1201,#1200);
#1203=DIRECTION('',(-1.E0,0.E0,0.E0));
#1204=VECTOR('',#1203,5.E-1);
#1205=CARTESIAN_POINT('',(-4.75E0,-4.8E0,-1.95E0));
#1206=LINE('',#1205,#1204);
#1207=DIRECTION('',(-1.E0,0.E0,0.E0));
#1208=VECTOR('',#1207,5.E-1);
#1209=CARTESIAN_POINT('',(-4.75E0,-4.8E0,-2.45E0));
#1210=LINE('',#1209,#1208);
#1211=DIRECTION('',(-1.E0,0.E0,0.E0));
#1212=VECTOR('',#1211,5.E-1);
#1213=CARTESIAN_POINT('',(-4.75E0,-1.75E0,-2.45E0));
#1214=LINE('',#1213,#1212);
#1215=DIRECTION('',(-1.E0,0.E0,0.E0));
#1216=VECTOR('',#1215,5.E-1);
#1217=CARTESIAN_POINT('',(-4.75E0,-7.5E-1,-1.45E0));
#1218=LINE('',#1217,#1216);
#1219=DIRECTION('',(-1.E0,0.E0,0.E0));
#1220=VECTOR('',#1219,5.E-1);
#1221=CARTESIAN_POINT('',(-4.75E0,7.5E-1,-3.45E0));
#1222=LINE('',#1221,#1220);
#1223=DIRECTION('',(-1.E0,0.E0,0.E0));
#1224=VECTOR('',#1223,5.E-1);
#1225=CARTESIAN_POINT('',(-4.75E0,2.5E-1,-3.95E0));
#1226=LINE('',#1225,#1224);
#1227=DIRECTION('',(-1.E0,0.E0,0.E0));
#1228=VECTOR('',#1227,5.E-1);
#1229=CARTESIAN_POINT('',(-4.75E0,-4.8E0,-3.95E0));
#1230=LINE('',#1229,#1228);
#1231=DIRECTION('',(-1.E0,0.E0,0.E0));
#1232=VECTOR('',#1231,5.E-1);
#1233=CARTESIAN_POINT('',(-4.75E0,-4.8E0,-4.45E0));
#1234=LINE('',#1233,#1232);
#1235=DIRECTION('',(-1.E0,0.E0,0.E0));
#1236=VECTOR('',#1235,5.E-1);
#1237=CARTESIAN_POINT('',(-4.75E0,2.5E-1,-4.45E0));
#1238=LINE('',#1237,#1236);
#1239=DIRECTION('',(-1.E0,0.E0,0.E0));
#1240=VECTOR('',#1239,5.E-1);
#1241=CARTESIAN_POINT('',(-4.75E0,1.25E0,-3.45E0));
#1242=LINE('',#1241,#1240);
#1243=DIRECTION('',(0.E0,0.E0,1.E0));
#1244=VECTOR('',#1243,4.E0);
#1245=CARTESIAN_POINT('',(-2.75E0,7.5E-1,0.E0));
#1246=LINE('',#1245,#1244);
#1247=DIRECTION('',(0.E0,1.E0,0.E0));
#1248=VECTOR('',#1247,5.E-1);
#1249=CARTESIAN_POINT('',(-2.75E0,7.5E-1,4.E0));
#1250=LINE('',#1249,#1248);
#1251=DIRECTION('',(0.E0,0.E0,-1.E0));
#1252=VECTOR('',#1251,4.E0);
#1253=CARTESIAN_POINT('',(-2.75E0,1.25E0,4.E0));
#1254=LINE('',#1253,#1252);
#1255=DIRECTION('',(0.E0,0.E0,1.E0));
#1256=VECTOR('',#1255,4.E0);
#1257=CARTESIAN_POINT('',(-2.75E0,-1.25E0,0.E0));
#1258=LINE('',#1257,#1256);
#1259=DIRECTION('',(0.E0,1.E0,0.E0));
#1260=VECTOR('',#1259,5.E-1);
#1261=CARTESIAN_POINT('',(-2.75E0,-1.25E0,4.E0));
#1262=LINE('',#1261,#1260);
#1263=DIRECTION('',(0.E0,0.E0,-1.E0));
#1264=VECTOR('',#1263,4.E0);
#1265=CARTESIAN_POINT('',(-2.75E0,-7.5E-1,4.E0));
#1266=LINE('',#1265,#1264);
#1267=DIRECTION('',(0.E0,0.E0,-1.E0));
#1268=VECTOR('',#1267,2.3E0);
#1269=CARTESIAN_POINT('',(-2.75E0,1.25E0,-1.15E0));
#1270=LINE('',#1269,#1268);
#1271=CARTESIAN_POINT('',(-2.75E0,2.5E-1,-3.45E0));
#1272=DIRECTION('',(-1.E0,0.E0,0.E0));
#1273=DIRECTION('',(0.E0,1.E0,0.E0));
#1274=AXIS2_PLACEMENT_3D('',#1271,#1272,#1273);
#1276=DIRECTION('',(0.E0,-1.E0,0.E0));
#1277=VECTOR('',#1276,5.05E0);
#1278=CARTESIAN_POINT('',(-2.75E0,2.5E-1,-4.45E0));
#1279=LINE('',#1278,#1277);
#1280=DIRECTION('',(0.E0,0.E0,1.E0));
#1281=VECTOR('',#1280,5.E-1);
#1282=CARTESIAN_POINT('',(-2.75E0,-4.8E0,-4.45E0));
#1283=LINE('',#1282,#1281);
#1284=DIRECTION('',(0.E0,1.E0,0.E0));
#1285=VECTOR('',#1284,5.05E0);
#1286=CARTESIAN_POINT('',(-2.75E0,-4.8E0,-3.95E0));
#1287=LINE('',#1286,#1285);
#1288=CARTESIAN_POINT('',(-2.75E0,2.5E-1,-3.45E0));
#1289=DIRECTION('',(1.E0,0.E0,0.E0));
#1290=DIRECTION('',(0.E0,0.E0,-1.E0));
#1291=AXIS2_PLACEMENT_3D('',#1288,#1289,#1290);
#1293=DIRECTION('',(0.E0,0.E0,1.E0));
#1294=VECTOR('',#1293,2.3E0);
#1295=CARTESIAN_POINT('',(-2.75E0,7.5E-1,-3.45E0));
#1296=LINE('',#1295,#1294);
#1297=DIRECTION('',(0.E0,0.E0,-1.E0));
#1298=VECTOR('',#1297,3.E-1);
#1299=CARTESIAN_POINT('',(-2.75E0,-7.5E-1,-1.15E0));
#1300=LINE('',#1299,#1298);
#1301=CARTESIAN_POINT('',(-2.75E0,-1.75E0,-1.45E0));
#1302=DIRECTION('',(-1.E0,0.E0,0.E0));
#1303=DIRECTION('',(0.E0,1.E0,0.E0));
#1304=AXIS2_PLACEMENT_3D('',#1301,#1302,#1303);
#1306=DIRECTION('',(0.E0,-1.E0,0.E0));
#1307=VECTOR('',#1306,3.05E0);
#1308=CARTESIAN_POINT('',(-2.75E0,-1.75E0,-2.45E0));
#1309=LINE('',#1308,#1307);
#1310=DIRECTION('',(0.E0,0.E0,1.E0));
#1311=VECTOR('',#1310,5.E-1);
#1312=CARTESIAN_POINT('',(-2.75E0,-4.8E0,-2.45E0));
#1313=LINE('',#1312,#1311);
#1314=DIRECTION('',(0.E0,1.E0,0.E0));
#1315=VECTOR('',#1314,3.05E0);
#1316=CARTESIAN_POINT('',(-2.75E0,-4.8E0,-1.95E0));
#1317=LINE('',#1316,#1315);
#1318=CARTESIAN_POINT('',(-2.75E0,-1.75E0,-1.45E0));
#1319=DIRECTION('',(1.E0,0.E0,0.E0));
#1320=DIRECTION('',(0.E0,0.E0,-1.E0));
#1321=AXIS2_PLACEMENT_3D('',#1318,#1319,#1320);
#1323=DIRECTION('',(0.E0,0.E0,1.E0));
#1324=VECTOR('',#1323,3.E-1);
#1325=CARTESIAN_POINT('',(-2.75E0,-1.25E0,-1.45E0));
#1326=LINE('',#1325,#1324);
#1327=DIRECTION('',(0.E0,0.E0,1.E0));
#1328=VECTOR('',#1327,4.E0);
#1329=CARTESIAN_POINT('',(-3.25E0,7.5E-1,0.E0));
#1330=LINE('',#1329,#1328);
#1331=DIRECTION('',(0.E0,0.E0,-1.E0));
#1332=VECTOR('',#1331,4.E0);
#1333=CARTESIAN_POINT('',(-3.25E0,1.25E0,4.E0));
#1334=LINE('',#1333,#1332);
#1335=DIRECTION('',(0.E0,1.E0,0.E0));
#1336=VECTOR('',#1335,5.E-1);
#1337=CARTESIAN_POINT('',(-3.25E0,7.5E-1,4.E0));
#1338=LINE('',#1337,#1336);
#1339=DIRECTION('',(0.E0,0.E0,1.E0));
#1340=VECTOR('',#1339,4.E0);
#1341=CARTESIAN_POINT('',(-3.25E0,-1.25E0,0.E0));
#1342=LINE('',#1341,#1340);
#1343=DIRECTION('',(0.E0,0.E0,-1.E0));
#1344=VECTOR('',#1343,4.E0);
#1345=CARTESIAN_POINT('',(-3.25E0,-7.5E-1,4.E0));
#1346=LINE('',#1345,#1344);
#1347=DIRECTION('',(0.E0,1.E0,0.E0));
#1348=VECTOR('',#1347,5.E-1);
#1349=CARTESIAN_POINT('',(-3.25E0,-1.25E0,4.E0));
#1350=LINE('',#1349,#1348);
#1351=DIRECTION('',(0.E0,0.E0,-1.E0));
#1352=VECTOR('',#1351,2.3E0);
#1353=CARTESIAN_POINT('',(-3.25E0,1.25E0,-1.15E0));
#1354=LINE('',#1353,#1352);
#1355=DIRECTION('',(0.E0,0.E0,1.E0));
#1356=VECTOR('',#1355,2.3E0);
#1357=CARTESIAN_POINT('',(-3.25E0,7.5E-1,-3.45E0));
#1358=LINE('',#1357,#1356);
#1359=CARTESIAN_POINT('',(-3.25E0,2.5E-1,-3.45E0));
#1360=DIRECTION('',(1.E0,0.E0,0.E0));
#1361=DIRECTION('',(0.E0,0.E0,-1.E0));
#1362=AXIS2_PLACEMENT_3D('',#1359,#1360,#1361);
#1364=DIRECTION('',(0.E0,1.E0,0.E0));
#1365=VECTOR('',#1364,5.05E0);
#1366=CARTESIAN_POINT('',(-3.25E0,-4.8E0,-3.95E0));
#1367=LINE('',#1366,#1365);
#1368=DIRECTION('',(0.E0,0.E0,1.E0));
#1369=VECTOR('',#1368,5.E-1);
#1370=CARTESIAN_POINT('',(-3.25E0,-4.8E0,-4.45E0));
#1371=LINE('',#1370,#1369);
#1372=DIRECTION('',(0.E0,-1.E0,0.E0));
#1373=VECTOR('',#1372,5.05E0);
#1374=CARTESIAN_POINT('',(-3.25E0,2.5E-1,-4.45E0));
#1375=LINE('',#1374,#1373);
#1376=CARTESIAN_POINT('',(-3.25E0,2.5E-1,-3.45E0));
#1377=DIRECTION('',(-1.E0,0.E0,0.E0));
#1378=DIRECTION('',(0.E0,1.E0,0.E0));
#1379=AXIS2_PLACEMENT_3D('',#1376,#1377,#1378);
#1381=DIRECTION('',(0.E0,0.E0,-1.E0));
#1382=VECTOR('',#1381,3.E-1);
#1383=CARTESIAN_POINT('',(-3.25E0,-7.5E-1,-1.15E0));
#1384=LINE('',#1383,#1382);
#1385=DIRECTION('',(0.E0,0.E0,1.E0));
#1386=VECTOR('',#1385,3.E-1);
#1387=CARTESIAN_POINT('',(-3.25E0,-1.25E0,-1.45E0));
#1388=LINE('',#1387,#1386);
#1389=CARTESIAN_POINT('',(-3.25E0,-1.75E0,-1.45E0));
#1390=DIRECTION('',(1.E0,0.E0,0.E0));
#1391=DIRECTION('',(0.E0,0.E0,-1.E0));
#1392=AXIS2_PLACEMENT_3D('',#1389,#1390,#1391);
#1394=DIRECTION('',(0.E0,1.E0,0.E0));
#1395=VECTOR('',#1394,3.05E0);
#1396=CARTESIAN_POINT('',(-3.25E0,-4.8E0,-1.95E0));
#1397=LINE('',#1396,#1395);
#1398=DIRECTION('',(0.E0,0.E0,1.E0));
#1399=VECTOR('',#1398,5.E-1);
#1400=CARTESIAN_POINT('',(-3.25E0,-4.8E0,-2.45E0));
#1401=LINE('',#1400,#1399);
#1402=DIRECTION('',(0.E0,-1.E0,0.E0));
#1403=VECTOR('',#1402,3.05E0);
#1404=CARTESIAN_POINT('',(-3.25E0,-1.75E0,-2.45E0));
#1405=LINE('',#1404,#1403);
#1406=CARTESIAN_POINT('',(-3.25E0,-1.75E0,-1.45E0));
#1407=DIRECTION('',(-1.E0,0.E0,0.E0));
#1408=DIRECTION('',(0.E0,1.E0,0.E0));
#1409=AXIS2_PLACEMENT_3D('',#1406,#1407,#1408);
#1411=DIRECTION('',(-1.E0,0.E0,0.E0));
#1412=VECTOR('',#1411,5.E-1);
#1413=CARTESIAN_POINT('',(-2.75E0,1.25E0,4.E0));
#1414=LINE('',#1413,#1412);
#1415=DIRECTION('',(-1.E0,0.E0,0.E0));
#1416=VECTOR('',#1415,5.E-1);
#1417=CARTESIAN_POINT('',(-2.75E0,7.5E-1,4.E0));
#1418=LINE('',#1417,#1416);
#1419=DIRECTION('',(-1.E0,0.E0,0.E0));
#1420=VECTOR('',#1419,5.E-1);
#1421=CARTESIAN_POINT('',(-2.75E0,-1.25E0,4.E0));
#1422=LINE('',#1421,#1420);
#1423=DIRECTION('',(-1.E0,0.E0,0.E0));
#1424=VECTOR('',#1423,5.E-1);
#1425=CARTESIAN_POINT('',(-2.75E0,-7.5E-1,4.E0));
#1426=LINE('',#1425,#1424);
#1427=DIRECTION('',(-1.E0,0.E0,0.E0));
#1428=VECTOR('',#1427,5.E-1);
#1429=CARTESIAN_POINT('',(-2.75E0,1.25E0,-3.45E0));
#1430=LINE('',#1429,#1428);
#1431=DIRECTION('',(-1.E0,0.E0,0.E0));
#1432=VECTOR('',#1431,5.E-1);
#1433=CARTESIAN_POINT('',(-2.75E0,2.5E-1,-4.45E0));
#1434=LINE('',#1433,#1432);
#1435=DIRECTION('',(-1.E0,0.E0,0.E0));
#1436=VECTOR('',#1435,5.E-1);
#1437=CARTESIAN_POINT('',(-2.75E0,-4.8E0,-4.45E0));
#1438=LINE('',#1437,#1436);
#1439=DIRECTION('',(-1.E0,0.E0,0.E0));
#1440=VECTOR('',#1439,5.E-1);
#1441=CARTESIAN_POINT('',(-2.75E0,-4.8E0,-3.95E0));
#1442=LINE('',#1441,#1440);
#1443=DIRECTION('',(-1.E0,0.E0,0.E0));
#1444=VECTOR('',#1443,5.E-1);
#1445=CARTESIAN_POINT('',(-2.75E0,2.5E-1,-3.95E0));
#1446=LINE('',#1445,#1444);
#1447=DIRECTION('',(-1.E0,0.E0,0.E0));
#1448=VECTOR('',#1447,5.E-1);
#1449=CARTESIAN_POINT('',(-2.75E0,7.5E-1,-3.45E0));
#1450=LINE('',#1449,#1448);
#1451=DIRECTION('',(-1.E0,0.E0,0.E0));
#1452=VECTOR('',#1451,5.E-1);
#1453=CARTESIAN_POINT('',(-2.75E0,-7.5E-1,-1.45E0));
#1454=LINE('',#1453,#1452);
#1455=DIRECTION('',(-1.E0,0.E0,0.E0));
#1456=VECTOR('',#1455,5.E-1);
#1457=CARTESIAN_POINT('',(-2.75E0,-1.75E0,-2.45E0));
#1458=LINE('',#1457,#1456);
#1459=DIRECTION('',(-1.E0,0.E0,0.E0));
#1460=VECTOR('',#1459,5.E-1);
#1461=CARTESIAN_POINT('',(-2.75E0,-4.8E0,-2.45E0));
#1462=LINE('',#1461,#1460);
#1463=DIRECTION('',(-1.E0,0.E0,0.E0));
#1464=VECTOR('',#1463,5.E-1);
#1465=CARTESIAN_POINT('',(-2.75E0,-4.8E0,-1.95E0));
#1466=LINE('',#1465,#1464);
#1467=DIRECTION('',(-1.E0,0.E0,0.E0));
#1468=VECTOR('',#1467,5.E-1);
#1469=CARTESIAN_POINT('',(-2.75E0,-1.75E0,-1.95E0));
#1470=LINE('',#1469,#1468);
#1471=DIRECTION('',(-1.E0,0.E0,0.E0));
#1472=VECTOR('',#1471,5.E-1);
#1473=CARTESIAN_POINT('',(-2.75E0,-1.25E0,-1.45E0));
#1474=LINE('',#1473,#1472);
#1475=DIRECTION('',(0.E0,0.E0,1.E0));
#1476=VECTOR('',#1475,4.E0);
#1477=CARTESIAN_POINT('',(-7.5E-1,7.5E-1,0.E0));
#1478=LINE('',#1477,#1476);
#1479=DIRECTION('',(0.E0,1.E0,0.E0));
#1480=VECTOR('',#1479,5.E-1);
#1481=CARTESIAN_POINT('',(-7.5E-1,7.5E-1,4.E0));
#1482=LINE('',#1481,#1480);
#1483=DIRECTION('',(0.E0,0.E0,-1.E0));
#1484=VECTOR('',#1483,4.E0);
#1485=CARTESIAN_POINT('',(-7.5E-1,1.25E0,4.E0));
#1486=LINE('',#1485,#1484);
#1487=DIRECTION('',(0.E0,0.E0,1.E0));
#1488=VECTOR('',#1487,4.E0);
#1489=CARTESIAN_POINT('',(-7.5E-1,-1.25E0,0.E0));
#1490=LINE('',#1489,#1488);
#1491=DIRECTION('',(0.E0,1.E0,0.E0));
#1492=VECTOR('',#1491,5.E-1);
#1493=CARTESIAN_POINT('',(-7.5E-1,-1.25E0,4.E0));
#1494=LINE('',#1493,#1492);
#1495=DIRECTION('',(0.E0,0.E0,-1.E0));
#1496=VECTOR('',#1495,4.E0);
#1497=CARTESIAN_POINT('',(-7.5E-1,-7.5E-1,4.E0));
#1498=LINE('',#1497,#1496);
#1499=DIRECTION('',(0.E0,0.E0,-1.E0));
#1500=VECTOR('',#1499,2.3E0);
#1501=CARTESIAN_POINT('',(-7.5E-1,1.25E0,-1.15E0));
#1502=LINE('',#1501,#1500);
#1503=CARTESIAN_POINT('',(-7.5E-1,2.5E-1,-3.45E0));
#1504=DIRECTION('',(-1.E0,0.E0,0.E0));
#1505=DIRECTION('',(0.E0,1.E0,0.E0));
#1506=AXIS2_PLACEMENT_3D('',#1503,#1504,#1505);
#1508=DIRECTION('',(0.E0,-1.E0,0.E0));
#1509=VECTOR('',#1508,5.05E0);
#1510=CARTESIAN_POINT('',(-7.5E-1,2.5E-1,-4.45E0));
#1511=LINE('',#1510,#1509);
#1512=DIRECTION('',(0.E0,0.E0,1.E0));
#1513=VECTOR('',#1512,5.E-1);
#1514=CARTESIAN_POINT('',(-7.5E-1,-4.8E0,-4.45E0));
#1515=LINE('',#1514,#1513);
#1516=DIRECTION('',(0.E0,1.E0,0.E0));
#1517=VECTOR('',#1516,5.05E0);
#1518=CARTESIAN_POINT('',(-7.5E-1,-4.8E0,-3.95E0));
#1519=LINE('',#1518,#1517);
#1520=CARTESIAN_POINT('',(-7.5E-1,2.5E-1,-3.45E0));
#1521=DIRECTION('',(1.E0,0.E0,0.E0));
#1522=DIRECTION('',(0.E0,0.E0,-1.E0));
#1523=AXIS2_PLACEMENT_3D('',#1520,#1521,#1522);
#1525=DIRECTION('',(0.E0,0.E0,1.E0));
#1526=VECTOR('',#1525,2.3E0);
#1527=CARTESIAN_POINT('',(-7.5E-1,7.5E-1,-3.45E0));
#1528=LINE('',#1527,#1526);
#1529=DIRECTION('',(0.E0,0.E0,-1.E0));
#1530=VECTOR('',#1529,3.E-1);
#1531=CARTESIAN_POINT('',(-7.5E-1,-7.5E-1,-1.15E0));
#1532=LINE('',#1531,#1530);
#1533=CARTESIAN_POINT('',(-7.5E-1,-1.75E0,-1.45E0));
#1534=DIRECTION('',(-1.E0,0.E0,0.E0));
#1535=DIRECTION('',(0.E0,1.E0,0.E0));
#1536=AXIS2_PLACEMENT_3D('',#1533,#1534,#1535);
#1538=DIRECTION('',(0.E0,-1.E0,0.E0));
#1539=VECTOR('',#1538,3.05E0);
#1540=CARTESIAN_POINT('',(-7.5E-1,-1.75E0,-2.45E0));
#1541=LINE('',#1540,#1539);
#1542=DIRECTION('',(0.E0,0.E0,1.E0));
#1543=VECTOR('',#1542,5.E-1);
#1544=CARTESIAN_POINT('',(-7.5E-1,-4.8E0,-2.45E0));
#1545=LINE('',#1544,#1543);
#1546=DIRECTION('',(0.E0,1.E0,0.E0));
#1547=VECTOR('',#1546,3.05E0);
#1548=CARTESIAN_POINT('',(-7.5E-1,-4.8E0,-1.95E0));
#1549=LINE('',#1548,#1547);
#1550=CARTESIAN_POINT('',(-7.5E-1,-1.75E0,-1.45E0));
#1551=DIRECTION('',(1.E0,0.E0,0.E0));
#1552=DIRECTION('',(0.E0,0.E0,-1.E0));
#1553=AXIS2_PLACEMENT_3D('',#1550,#1551,#1552);
#1555=DIRECTION('',(0.E0,0.E0,1.E0));
#1556=VECTOR('',#1555,3.E-1);
#1557=CARTESIAN_POINT('',(-7.5E-1,-1.25E0,-1.45E0));
#1558=LINE('',#1557,#1556);
#1559=DIRECTION('',(0.E0,0.E0,1.E0));
#1560=VECTOR('',#1559,4.E0);
#1561=CARTESIAN_POINT('',(-1.25E0,7.5E-1,0.E0));
#1562=LINE('',#1561,#1560);
#1563=DIRECTION('',(0.E0,0.E0,-1.E0));
#1564=VECTOR('',#1563,4.E0);
#1565=CARTESIAN_POINT('',(-1.25E0,1.25E0,4.E0));
#1566=LINE('',#1565,#1564);
#1567=DIRECTION('',(0.E0,1.E0,0.E0));
#1568=VECTOR('',#1567,5.E-1);
#1569=CARTESIAN_POINT('',(-1.25E0,7.5E-1,4.E0));
#1570=LINE('',#1569,#1568);
#1571=DIRECTION('',(0.E0,0.E0,1.E0));
#1572=VECTOR('',#1571,4.E0);
#1573=CARTESIAN_POINT('',(-1.25E0,-1.25E0,0.E0));
#1574=LINE('',#1573,#1572);
#1575=DIRECTION('',(0.E0,0.E0,-1.E0));
#1576=VECTOR('',#1575,4.E0);
#1577=CARTESIAN_POINT('',(-1.25E0,-7.5E-1,4.E0));
#1578=LINE('',#1577,#1576);
#1579=DIRECTION('',(0.E0,1.E0,0.E0));
#1580=VECTOR('',#1579,5.E-1);
#1581=CARTESIAN_POINT('',(-1.25E0,-1.25E0,4.E0));
#1582=LINE('',#1581,#1580);
#1583=DIRECTION('',(0.E0,0.E0,-1.E0));
#1584=VECTOR('',#1583,2.3E0);
#1585=CARTESIAN_POINT('',(-1.25E0,1.25E0,-1.15E0));
#1586=LINE('',#1585,#1584);
#1587=DIRECTION('',(0.E0,0.E0,1.E0));
#1588=VECTOR('',#1587,2.3E0);
#1589=CARTESIAN_POINT('',(-1.25E0,7.5E-1,-3.45E0));
#1590=LINE('',#1589,#1588);
#1591=CARTESIAN_POINT('',(-1.25E0,2.5E-1,-3.45E0));
#1592=DIRECTION('',(1.E0,0.E0,0.E0));
#1593=DIRECTION('',(0.E0,0.E0,-1.E0));
#1594=AXIS2_PLACEMENT_3D('',#1591,#1592,#1593);
#1596=DIRECTION('',(0.E0,1.E0,0.E0));
#1597=VECTOR('',#1596,5.05E0);
#1598=CARTESIAN_POINT('',(-1.25E0,-4.8E0,-3.95E0));
#1599=LINE('',#1598,#1597);
#1600=DIRECTION('',(0.E0,0.E0,1.E0));
#1601=VECTOR('',#1600,5.E-1);
#1602=CARTESIAN_POINT('',(-1.25E0,-4.8E0,-4.45E0));
#1603=LINE('',#1602,#1601);
#1604=DIRECTION('',(0.E0,-1.E0,0.E0));
#1605=VECTOR('',#1604,5.05E0);
#1606=CARTESIAN_POINT('',(-1.25E0,2.5E-1,-4.45E0));
#1607=LINE('',#1606,#1605);
#1608=CARTESIAN_POINT('',(-1.25E0,2.5E-1,-3.45E0));
#1609=DIRECTION('',(-1.E0,0.E0,0.E0));
#1610=DIRECTION('',(0.E0,1.E0,0.E0));
#1611=AXIS2_PLACEMENT_3D('',#1608,#1609,#1610);
#1613=DIRECTION('',(0.E0,0.E0,-1.E0));
#1614=VECTOR('',#1613,3.E-1);
#1615=CARTESIAN_POINT('',(-1.25E0,-7.5E-1,-1.15E0));
#1616=LINE('',#1615,#1614);
#1617=DIRECTION('',(0.E0,0.E0,1.E0));
#1618=VECTOR('',#1617,3.E-1);
#1619=CARTESIAN_POINT('',(-1.25E0,-1.25E0,-1.45E0));
#1620=LINE('',#1619,#1618);
#1621=CARTESIAN_POINT('',(-1.25E0,-1.75E0,-1.45E0));
#1622=DIRECTION('',(1.E0,0.E0,0.E0));
#1623=DIRECTION('',(0.E0,0.E0,-1.E0));
#1624=AXIS2_PLACEMENT_3D('',#1621,#1622,#1623);
#1626=DIRECTION('',(0.E0,1.E0,0.E0));
#1627=VECTOR('',#1626,3.05E0);
#1628=CARTESIAN_POINT('',(-1.25E0,-4.8E0,-1.95E0));
#1629=LINE('',#1628,#1627);
#1630=DIRECTION('',(0.E0,0.E0,1.E0));
#1631=VECTOR('',#1630,5.E-1);
#1632=CARTESIAN_POINT('',(-1.25E0,-4.8E0,-2.45E0));
#1633=LINE('',#1632,#1631);
#1634=DIRECTION('',(0.E0,-1.E0,0.E0));
#1635=VECTOR('',#1634,3.05E0);
#1636=CARTESIAN_POINT('',(-1.25E0,-1.75E0,-2.45E0));
#1637=LINE('',#1636,#1635);
#1638=CARTESIAN_POINT('',(-1.25E0,-1.75E0,-1.45E0));
#1639=DIRECTION('',(-1.E0,0.E0,0.E0));
#1640=DIRECTION('',(0.E0,1.E0,0.E0));
#1641=AXIS2_PLACEMENT_3D('',#1638,#1639,#1640);
#1643=DIRECTION('',(-1.E0,0.E0,0.E0));
#1644=VECTOR('',#1643,5.E-1);
#1645=CARTESIAN_POINT('',(-7.5E-1,1.25E0,4.E0));
#1646=LINE('',#1645,#1644);
#1647=DIRECTION('',(-1.E0,0.E0,0.E0));
#1648=VECTOR('',#1647,5.E-1);
#1649=CARTESIAN_POINT('',(-7.5E-1,7.5E-1,4.E0));
#1650=LINE('',#1649,#1648);
#1651=DIRECTION('',(-1.E0,0.E0,0.E0));
#1652=VECTOR('',#1651,5.E-1);
#1653=CARTESIAN_POINT('',(-7.5E-1,-1.25E0,4.E0));
#1654=LINE('',#1653,#1652);
#1655=DIRECTION('',(-1.E0,0.E0,0.E0));
#1656=VECTOR('',#1655,5.E-1);
#1657=CARTESIAN_POINT('',(-7.5E-1,-7.5E-1,4.E0));
#1658=LINE('',#1657,#1656);
#1659=DIRECTION('',(-1.E0,0.E0,0.E0));
#1660=VECTOR('',#1659,5.E-1);
#1661=CARTESIAN_POINT('',(-7.5E-1,1.25E0,-3.45E0));
#1662=LINE('',#1661,#1660);
#1663=DIRECTION('',(-1.E0,0.E0,0.E0));
#1664=VECTOR('',#1663,5.E-1);
#1665=CARTESIAN_POINT('',(-7.5E-1,2.5E-1,-4.45E0));
#1666=LINE('',#1665,#1664);
#1667=DIRECTION('',(-1.E0,0.E0,0.E0));
#1668=VECTOR('',#1667,5.E-1);
#1669=CARTESIAN_POINT('',(-7.5E-1,-4.8E0,-4.45E0));
#1670=LINE('',#1669,#1668);
#1671=DIRECTION('',(-1.E0,0.E0,0.E0));
#1672=VECTOR('',#1671,5.E-1);
#1673=CARTESIAN_POINT('',(-7.5E-1,-4.8E0,-3.95E0));
#1674=LINE('',#1673,#1672);
#1675=DIRECTION('',(-1.E0,0.E0,0.E0));
#1676=VECTOR('',#1675,5.E-1);
#1677=CARTESIAN_POINT('',(-7.5E-1,2.5E-1,-3.95E0));
#1678=LINE('',#1677,#1676);
#1679=DIRECTION('',(-1.E0,0.E0,0.E0));
#1680=VECTOR('',#1679,5.E-1);
#1681=CARTESIAN_POINT('',(-7.5E-1,7.5E-1,-3.45E0));
#1682=LINE('',#1681,#1680);
#1683=DIRECTION('',(-1.E0,0.E0,0.E0));
#1684=VECTOR('',#1683,5.E-1);
#1685=CARTESIAN_POINT('',(-7.5E-1,-7.5E-1,-1.45E0));
#1686=LINE('',#1685,#1684);
#1687=DIRECTION('',(-1.E0,0.E0,0.E0));
#1688=VECTOR('',#1687,5.E-1);
#1689=CARTESIAN_POINT('',(-7.5E-1,-1.75E0,-2.45E0));
#1690=LINE('',#1689,#1688);
#1691=DIRECTION('',(-1.E0,0.E0,0.E0));
#1692=VECTOR('',#1691,5.E-1);
#1693=CARTESIAN_POINT('',(-7.5E-1,-4.8E0,-2.45E0));
#1694=LINE('',#1693,#1692);
#1695=DIRECTION('',(-1.E0,0.E0,0.E0));
#1696=VECTOR('',#1695,5.E-1);
#1697=CARTESIAN_POINT('',(-7.5E-1,-4.8E0,-1.95E0));
#1698=LINE('',#1697,#1696);
#1699=DIRECTION('',(-1.E0,0.E0,0.E0));
#1700=VECTOR('',#1699,5.E-1);
#1701=CARTESIAN_POINT('',(-7.5E-1,-1.75E0,-1.95E0));
#1702=LINE('',#1701,#1700);
#1703=DIRECTION('',(-1.E0,0.E0,0.E0));
#1704=VECTOR('',#1703,5.E-1);
#1705=CARTESIAN_POINT('',(-7.5E-1,-1.25E0,-1.45E0));
#1706=LINE('',#1705,#1704);
#1707=DIRECTION('',(0.E0,0.E0,1.E0));
#1708=VECTOR('',#1707,4.E0);
#1709=CARTESIAN_POINT('',(1.25E0,7.5E-1,0.E0));
#1710=LINE('',#1709,#1708);
#1711=DIRECTION('',(0.E0,1.E0,0.E0));
#1712=VECTOR('',#1711,5.E-1);
#1713=CARTESIAN_POINT('',(1.25E0,7.5E-1,4.E0));
#1714=LINE('',#1713,#1712);
#1715=DIRECTION('',(0.E0,0.E0,-1.E0));
#1716=VECTOR('',#1715,4.E0);
#1717=CARTESIAN_POINT('',(1.25E0,1.25E0,4.E0));
#1718=LINE('',#1717,#1716);
#1719=DIRECTION('',(0.E0,0.E0,1.E0));
#1720=VECTOR('',#1719,4.E0);
#1721=CARTESIAN_POINT('',(1.25E0,-1.25E0,0.E0));
#1722=LINE('',#1721,#1720);
#1723=DIRECTION('',(0.E0,1.E0,0.E0));
#1724=VECTOR('',#1723,5.E-1);
#1725=CARTESIAN_POINT('',(1.25E0,-1.25E0,4.E0));
#1726=LINE('',#1725,#1724);
#1727=DIRECTION('',(0.E0,0.E0,-1.E0));
#1728=VECTOR('',#1727,4.E0);
#1729=CARTESIAN_POINT('',(1.25E0,-7.5E-1,4.E0));
#1730=LINE('',#1729,#1728);
#1731=DIRECTION('',(0.E0,0.E0,-1.E0));
#1732=VECTOR('',#1731,2.3E0);
#1733=CARTESIAN_POINT('',(1.25E0,1.25E0,-1.15E0));
#1734=LINE('',#1733,#1732);
#1735=CARTESIAN_POINT('',(1.25E0,2.5E-1,-3.45E0));
#1736=DIRECTION('',(-1.E0,0.E0,0.E0));
#1737=DIRECTION('',(0.E0,1.E0,0.E0));
#1738=AXIS2_PLACEMENT_3D('',#1735,#1736,#1737);
#1740=DIRECTION('',(0.E0,-1.E0,0.E0));
#1741=VECTOR('',#1740,5.05E0);
#1742=CARTESIAN_POINT('',(1.25E0,2.5E-1,-4.45E0));
#1743=LINE('',#1742,#1741);
#1744=DIRECTION('',(0.E0,0.E0,1.E0));
#1745=VECTOR('',#1744,5.E-1);
#1746=CARTESIAN_POINT('',(1.25E0,-4.8E0,-4.45E0));
#1747=LINE('',#1746,#1745);
#1748=DIRECTION('',(0.E0,1.E0,0.E0));
#1749=VECTOR('',#1748,5.05E0);
#1750=CARTESIAN_POINT('',(1.25E0,-4.8E0,-3.95E0));
#1751=LINE('',#1750,#1749);
#1752=CARTESIAN_POINT('',(1.25E0,2.5E-1,-3.45E0));
#1753=DIRECTION('',(1.E0,0.E0,0.E0));
#1754=DIRECTION('',(0.E0,0.E0,-1.E0));
#1755=AXIS2_PLACEMENT_3D('',#1752,#1753,#1754);
#1757=DIRECTION('',(0.E0,0.E0,1.E0));
#1758=VECTOR('',#1757,2.3E0);
#1759=CARTESIAN_POINT('',(1.25E0,7.5E-1,-3.45E0));
#1760=LINE('',#1759,#1758);
#1761=DIRECTION('',(0.E0,0.E0,-1.E0));
#1762=VECTOR('',#1761,3.E-1);
#1763=CARTESIAN_POINT('',(1.25E0,-7.5E-1,-1.15E0));
#1764=LINE('',#1763,#1762);
#1765=CARTESIAN_POINT('',(1.25E0,-1.75E0,-1.45E0));
#1766=DIRECTION('',(-1.E0,0.E0,0.E0));
#1767=DIRECTION('',(0.E0,1.E0,0.E0));
#1768=AXIS2_PLACEMENT_3D('',#1765,#1766,#1767);
#1770=DIRECTION('',(0.E0,-1.E0,0.E0));
#1771=VECTOR('',#1770,3.05E0);
#1772=CARTESIAN_POINT('',(1.25E0,-1.75E0,-2.45E0));
#1773=LINE('',#1772,#1771);
#1774=DIRECTION('',(0.E0,0.E0,1.E0));
#1775=VECTOR('',#1774,5.E-1);
#1776=CARTESIAN_POINT('',(1.25E0,-4.8E0,-2.45E0));
#1777=LINE('',#1776,#1775);
#1778=DIRECTION('',(0.E0,1.E0,0.E0));
#1779=VECTOR('',#1778,3.05E0);
#1780=CARTESIAN_POINT('',(1.25E0,-4.8E0,-1.95E0));
#1781=LINE('',#1780,#1779);
#1782=CARTESIAN_POINT('',(1.25E0,-1.75E0,-1.45E0));
#1783=DIRECTION('',(1.E0,0.E0,0.E0));
#1784=DIRECTION('',(0.E0,0.E0,-1.E0));
#1785=AXIS2_PLACEMENT_3D('',#1782,#1783,#1784);
#1787=DIRECTION('',(0.E0,0.E0,1.E0));
#1788=VECTOR('',#1787,3.E-1);
#1789=CARTESIAN_POINT('',(1.25E0,-1.25E0,-1.45E0));
#1790=LINE('',#1789,#1788);
#1791=DIRECTION('',(0.E0,0.E0,1.E0));
#1792=VECTOR('',#1791,4.E0);
#1793=CARTESIAN_POINT('',(7.5E-1,7.5E-1,0.E0));
#1794=LINE('',#1793,#1792);
#1795=DIRECTION('',(0.E0,0.E0,-1.E0));
#1796=VECTOR('',#1795,4.E0);
#1797=CARTESIAN_POINT('',(7.5E-1,1.25E0,4.E0));
#1798=LINE('',#1797,#1796);
#1799=DIRECTION('',(0.E0,1.E0,0.E0));
#1800=VECTOR('',#1799,5.E-1);
#1801=CARTESIAN_POINT('',(7.5E-1,7.5E-1,4.E0));
#1802=LINE('',#1801,#1800);
#1803=DIRECTION('',(0.E0,0.E0,1.E0));
#1804=VECTOR('',#1803,4.E0);
#1805=CARTESIAN_POINT('',(7.5E-1,-1.25E0,0.E0));
#1806=LINE('',#1805,#1804);
#1807=DIRECTION('',(0.E0,0.E0,-1.E0));
#1808=VECTOR('',#1807,4.E0);
#1809=CARTESIAN_POINT('',(7.5E-1,-7.5E-1,4.E0));
#1810=LINE('',#1809,#1808);
#1811=DIRECTION('',(0.E0,1.E0,0.E0));
#1812=VECTOR('',#1811,5.E-1);
#1813=CARTESIAN_POINT('',(7.5E-1,-1.25E0,4.E0));
#1814=LINE('',#1813,#1812);
#1815=DIRECTION('',(0.E0,0.E0,-1.E0));
#1816=VECTOR('',#1815,2.3E0);
#1817=CARTESIAN_POINT('',(7.5E-1,1.25E0,-1.15E0));
#1818=LINE('',#1817,#1816);
#1819=DIRECTION('',(0.E0,0.E0,1.E0));
#1820=VECTOR('',#1819,2.3E0);
#1821=CARTESIAN_POINT('',(7.5E-1,7.5E-1,-3.45E0));
#1822=LINE('',#1821,#1820);
#1823=CARTESIAN_POINT('',(7.5E-1,2.5E-1,-3.45E0));
#1824=DIRECTION('',(1.E0,0.E0,0.E0));
#1825=DIRECTION('',(0.E0,0.E0,-1.E0));
#1826=AXIS2_PLACEMENT_3D('',#1823,#1824,#1825);
#1828=DIRECTION('',(0.E0,1.E0,0.E0));
#1829=VECTOR('',#1828,5.05E0);
#1830=CARTESIAN_POINT('',(7.5E-1,-4.8E0,-3.95E0));
#1831=LINE('',#1830,#1829);
#1832=DIRECTION('',(0.E0,0.E0,1.E0));
#1833=VECTOR('',#1832,5.E-1);
#1834=CARTESIAN_POINT('',(7.5E-1,-4.8E0,-4.45E0));
#1835=LINE('',#1834,#1833);
#1836=DIRECTION('',(0.E0,-1.E0,0.E0));
#1837=VECTOR('',#1836,5.05E0);
#1838=CARTESIAN_POINT('',(7.5E-1,2.5E-1,-4.45E0));
#1839=LINE('',#1838,#1837);
#1840=CARTESIAN_POINT('',(7.5E-1,2.5E-1,-3.45E0));
#1841=DIRECTION('',(-1.E0,0.E0,0.E0));
#1842=DIRECTION('',(0.E0,1.E0,0.E0));
#1843=AXIS2_PLACEMENT_3D('',#1840,#1841,#1842);
#1845=DIRECTION('',(0.E0,0.E0,-1.E0));
#1846=VECTOR('',#1845,3.E-1);
#1847=CARTESIAN_POINT('',(7.5E-1,-7.5E-1,-1.15E0));
#1848=LINE('',#1847,#1846);
#1849=DIRECTION('',(0.E0,0.E0,1.E0));
#1850=VECTOR('',#1849,3.E-1);
#1851=CARTESIAN_POINT('',(7.5E-1,-1.25E0,-1.45E0));
#1852=LINE('',#1851,#1850);
#1853=CARTESIAN_POINT('',(7.5E-1,-1.75E0,-1.45E0));
#1854=DIRECTION('',(1.E0,0.E0,0.E0));
#1855=DIRECTION('',(0.E0,0.E0,-1.E0));
#1856=AXIS2_PLACEMENT_3D('',#1853,#1854,#1855);
#1858=DIRECTION('',(0.E0,1.E0,0.E0));
#1859=VECTOR('',#1858,3.05E0);
#1860=CARTESIAN_POINT('',(7.5E-1,-4.8E0,-1.95E0));
#1861=LINE('',#1860,#1859);
#1862=DIRECTION('',(0.E0,0.E0,1.E0));
#1863=VECTOR('',#1862,5.E-1);
#1864=CARTESIAN_POINT('',(7.5E-1,-4.8E0,-2.45E0));
#1865=LINE('',#1864,#1863);
#1866=DIRECTION('',(0.E0,-1.E0,0.E0));
#1867=VECTOR('',#1866,3.05E0);
#1868=CARTESIAN_POINT('',(7.5E-1,-1.75E0,-2.45E0));
#1869=LINE('',#1868,#1867);
#1870=CARTESIAN_POINT('',(7.5E-1,-1.75E0,-1.45E0));
#1871=DIRECTION('',(-1.E0,0.E0,0.E0));
#1872=DIRECTION('',(0.E0,1.E0,0.E0));
#1873=AXIS2_PLACEMENT_3D('',#1870,#1871,#1872);
#1875=DIRECTION('',(-1.E0,0.E0,0.E0));
#1876=VECTOR('',#1875,5.E-1);
#1877=CARTESIAN_POINT('',(1.25E0,1.25E0,4.E0));
#1878=LINE('',#1877,#1876);
#1879=DIRECTION('',(-1.E0,0.E0,0.E0));
#1880=VECTOR('',#1879,5.E-1);
#1881=CARTESIAN_POINT('',(1.25E0,7.5E-1,4.E0));
#1882=LINE('',#1881,#1880);
#1883=DIRECTION('',(-1.E0,0.E0,0.E0));
#1884=VECTOR('',#1883,5.E-1);
#1885=CARTESIAN_POINT('',(1.25E0,-1.25E0,4.E0));
#1886=LINE('',#1885,#1884);
#1887=DIRECTION('',(-1.E0,0.E0,0.E0));
#1888=VECTOR('',#1887,5.E-1);
#1889=CARTESIAN_POINT('',(1.25E0,-7.5E-1,4.E0));
#1890=LINE('',#1889,#1888);
#1891=DIRECTION('',(-1.E0,0.E0,0.E0));
#1892=VECTOR('',#1891,5.E-1);
#1893=CARTESIAN_POINT('',(1.25E0,1.25E0,-3.45E0));
#1894=LINE('',#1893,#1892);
#1895=DIRECTION('',(-1.E0,0.E0,0.E0));
#1896=VECTOR('',#1895,5.E-1);
#1897=CARTESIAN_POINT('',(1.25E0,2.5E-1,-4.45E0));
#1898=LINE('',#1897,#1896);
#1899=DIRECTION('',(-1.E0,0.E0,0.E0));
#1900=VECTOR('',#1899,5.E-1);
#1901=CARTESIAN_POINT('',(1.25E0,-4.8E0,-4.45E0));
#1902=LINE('',#1901,#1900);
#1903=DIRECTION('',(-1.E0,0.E0,0.E0));
#1904=VECTOR('',#1903,5.E-1);
#1905=CARTESIAN_POINT('',(1.25E0,-4.8E0,-3.95E0));
#1906=LINE('',#1905,#1904);
#1907=DIRECTION('',(-1.E0,0.E0,0.E0));
#1908=VECTOR('',#1907,5.E-1);
#1909=CARTESIAN_POINT('',(1.25E0,2.5E-1,-3.95E0));
#1910=LINE('',#1909,#1908);
#1911=DIRECTION('',(-1.E0,0.E0,0.E0));
#1912=VECTOR('',#1911,5.E-1);
#1913=CARTESIAN_POINT('',(1.25E0,7.5E-1,-3.45E0));
#1914=LINE('',#1913,#1912);
#1915=DIRECTION('',(-1.E0,0.E0,0.E0));
#1916=VECTOR('',#1915,5.E-1);
#1917=CARTESIAN_POINT('',(1.25E0,-7.5E-1,-1.45E0));
#1918=LINE('',#1917,#1916);
#1919=DIRECTION('',(-1.E0,0.E0,0.E0));
#1920=VECTOR('',#1919,5.E-1);
#1921=CARTESIAN_POINT('',(1.25E0,-1.75E0,-2.45E0));
#1922=LINE('',#1921,#1920);
#1923=DIRECTION('',(-1.E0,0.E0,0.E0));
#1924=VECTOR('',#1923,5.E-1);
#1925=CARTESIAN_POINT('',(1.25E0,-4.8E0,-2.45E0));
#1926=LINE('',#1925,#1924);
#1927=DIRECTION('',(-1.E0,0.E0,0.E0));
#1928=VECTOR('',#1927,5.E-1);
#1929=CARTESIAN_POINT('',(1.25E0,-4.8E0,-1.95E0));
#1930=LINE('',#1929,#1928);
#1931=DIRECTION('',(-1.E0,0.E0,0.E0));
#1932=VECTOR('',#1931,5.E-1);
#1933=CARTESIAN_POINT('',(1.25E0,-1.75E0,-1.95E0));
#1934=LINE('',#1933,#1932);
#1935=DIRECTION('',(-1.E0,0.E0,0.E0));
#1936=VECTOR('',#1935,5.E-1);
#1937=CARTESIAN_POINT('',(1.25E0,-1.25E0,-1.45E0));
#1938=LINE('',#1937,#1936);
#1939=DIRECTION('',(0.E0,0.E0,1.E0));
#1940=VECTOR('',#1939,4.E0);
#1941=CARTESIAN_POINT('',(3.25E0,7.5E-1,0.E0));
#1942=LINE('',#1941,#1940);
#1943=DIRECTION('',(0.E0,1.E0,0.E0));
#1944=VECTOR('',#1943,5.E-1);
#1945=CARTESIAN_POINT('',(3.25E0,7.5E-1,4.E0));
#1946=LINE('',#1945,#1944);
#1947=DIRECTION('',(0.E0,0.E0,-1.E0));
#1948=VECTOR('',#1947,4.E0);
#1949=CARTESIAN_POINT('',(3.25E0,1.25E0,4.E0));
#1950=LINE('',#1949,#1948);
#1951=DIRECTION('',(0.E0,0.E0,1.E0));
#1952=VECTOR('',#1951,4.E0);
#1953=CARTESIAN_POINT('',(3.25E0,-1.25E0,0.E0));
#1954=LINE('',#1953,#1952);
#1955=DIRECTION('',(0.E0,1.E0,0.E0));
#1956=VECTOR('',#1955,5.E-1);
#1957=CARTESIAN_POINT('',(3.25E0,-1.25E0,4.E0));
#1958=LINE('',#1957,#1956);
#1959=DIRECTION('',(0.E0,0.E0,-1.E0));
#1960=VECTOR('',#1959,4.E0);
#1961=CARTESIAN_POINT('',(3.25E0,-7.5E-1,4.E0));
#1962=LINE('',#1961,#1960);
#1963=DIRECTION('',(0.E0,0.E0,-1.E0));
#1964=VECTOR('',#1963,2.3E0);
#1965=CARTESIAN_POINT('',(3.25E0,1.25E0,-1.15E0));
#1966=LINE('',#1965,#1964);
#1967=CARTESIAN_POINT('',(3.25E0,2.5E-1,-3.45E0));
#1968=DIRECTION('',(-1.E0,0.E0,0.E0));
#1969=DIRECTION('',(0.E0,1.E0,0.E0));
#1970=AXIS2_PLACEMENT_3D('',#1967,#1968,#1969);
#1972=DIRECTION('',(0.E0,-1.E0,0.E0));
#1973=VECTOR('',#1972,5.05E0);
#1974=CARTESIAN_POINT('',(3.25E0,2.5E-1,-4.45E0));
#1975=LINE('',#1974,#1973);
#1976=DIRECTION('',(0.E0,0.E0,1.E0));
#1977=VECTOR('',#1976,5.E-1);
#1978=CARTESIAN_POINT('',(3.25E0,-4.8E0,-4.45E0));
#1979=LINE('',#1978,#1977);
#1980=DIRECTION('',(0.E0,1.E0,0.E0));
#1981=VECTOR('',#1980,5.05E0);
#1982=CARTESIAN_POINT('',(3.25E0,-4.8E0,-3.95E0));
#1983=LINE('',#1982,#1981);
#1984=CARTESIAN_POINT('',(3.25E0,2.5E-1,-3.45E0));
#1985=DIRECTION('',(1.E0,0.E0,0.E0));
#1986=DIRECTION('',(0.E0,0.E0,-1.E0));
#1987=AXIS2_PLACEMENT_3D('',#1984,#1985,#1986);
#1989=DIRECTION('',(0.E0,0.E0,1.E0));
#1990=VECTOR('',#1989,2.3E0);
#1991=CARTESIAN_POINT('',(3.25E0,7.5E-1,-3.45E0));
#1992=LINE('',#1991,#1990);
#1993=DIRECTION('',(0.E0,0.E0,-1.E0));
#1994=VECTOR('',#1993,3.E-1);
#1995=CARTESIAN_POINT('',(3.25E0,-7.5E-1,-1.15E0));
#1996=LINE('',#1995,#1994);
#1997=CARTESIAN_POINT('',(3.25E0,-1.75E0,-1.45E0));
#1998=DIRECTION('',(-1.E0,0.E0,0.E0));
#1999=DIRECTION('',(0.E0,1.E0,0.E0));
#2000=AXIS2_PLACEMENT_3D('',#1997,#1998,#1999);
#2002=DIRECTION('',(0.E0,-1.E0,0.E0));
#2003=VECTOR('',#2002,3.05E0);
#2004=CARTESIAN_POINT('',(3.25E0,-1.75E0,-2.45E0));
#2005=LINE('',#2004,#2003);
#2006=DIRECTION('',(0.E0,0.E0,1.E0));
#2007=VECTOR('',#2006,5.E-1);
#2008=CARTESIAN_POINT('',(3.25E0,-4.8E0,-2.45E0));
#2009=LINE('',#2008,#2007);
#2010=DIRECTION('',(0.E0,1.E0,0.E0));
#2011=VECTOR('',#2010,3.05E0);
#2012=CARTESIAN_POINT('',(3.25E0,-4.8E0,-1.95E0));
#2013=LINE('',#2012,#2011);
#2014=CARTESIAN_POINT('',(3.25E0,-1.75E0,-1.45E0));
#2015=DIRECTION('',(1.E0,0.E0,0.E0));
#2016=DIRECTION('',(0.E0,0.E0,-1.E0));
#2017=AXIS2_PLACEMENT_3D('',#2014,#2015,#2016);
#2019=DIRECTION('',(0.E0,0.E0,1.E0));
#2020=VECTOR('',#2019,3.E-1);
#2021=CARTESIAN_POINT('',(3.25E0,-1.25E0,-1.45E0));
#2022=LINE('',#2021,#2020);
#2023=DIRECTION('',(0.E0,0.E0,1.E0));
#2024=VECTOR('',#2023,4.E0);
#2025=CARTESIAN_POINT('',(2.75E0,7.5E-1,0.E0));
#2026=LINE('',#2025,#2024);
#2027=DIRECTION('',(0.E0,0.E0,-1.E0));
#2028=VECTOR('',#2027,4.E0);
#2029=CARTESIAN_POINT('',(2.75E0,1.25E0,4.E0));
#2030=LINE('',#2029,#2028);
#2031=DIRECTION('',(0.E0,1.E0,0.E0));
#2032=VECTOR('',#2031,5.E-1);
#2033=CARTESIAN_POINT('',(2.75E0,7.5E-1,4.E0));
#2034=LINE('',#2033,#2032);
#2035=DIRECTION('',(0.E0,0.E0,1.E0));
#2036=VECTOR('',#2035,4.E0);
#2037=CARTESIAN_POINT('',(2.75E0,-1.25E0,0.E0));
#2038=LINE('',#2037,#2036);
#2039=DIRECTION('',(0.E0,0.E0,-1.E0));
#2040=VECTOR('',#2039,4.E0);
#2041=CARTESIAN_POINT('',(2.75E0,-7.5E-1,4.E0));
#2042=LINE('',#2041,#2040);
#2043=DIRECTION('',(0.E0,1.E0,0.E0));
#2044=VECTOR('',#2043,5.E-1);
#2045=CARTESIAN_POINT('',(2.75E0,-1.25E0,4.E0));
#2046=LINE('',#2045,#2044);
#2047=DIRECTION('',(0.E0,0.E0,-1.E0));
#2048=VECTOR('',#2047,2.3E0);
#2049=CARTESIAN_POINT('',(2.75E0,1.25E0,-1.15E0));
#2050=LINE('',#2049,#2048);
#2051=DIRECTION('',(0.E0,0.E0,1.E0));
#2052=VECTOR('',#2051,2.3E0);
#2053=CARTESIAN_POINT('',(2.75E0,7.5E-1,-3.45E0));
#2054=LINE('',#2053,#2052);
#2055=CARTESIAN_POINT('',(2.75E0,2.5E-1,-3.45E0));
#2056=DIRECTION('',(1.E0,0.E0,0.E0));
#2057=DIRECTION('',(0.E0,0.E0,-1.E0));
#2058=AXIS2_PLACEMENT_3D('',#2055,#2056,#2057);
#2060=DIRECTION('',(0.E0,1.E0,0.E0));
#2061=VECTOR('',#2060,5.05E0);
#2062=CARTESIAN_POINT('',(2.75E0,-4.8E0,-3.95E0));
#2063=LINE('',#2062,#2061);
#2064=DIRECTION('',(0.E0,0.E0,1.E0));
#2065=VECTOR('',#2064,5.E-1);
#2066=CARTESIAN_POINT('',(2.75E0,-4.8E0,-4.45E0));
#2067=LINE('',#2066,#2065);
#2068=DIRECTION('',(0.E0,-1.E0,0.E0));
#2069=VECTOR('',#2068,5.05E0);
#2070=CARTESIAN_POINT('',(2.75E0,2.5E-1,-4.45E0));
#2071=LINE('',#2070,#2069);
#2072=CARTESIAN_POINT('',(2.75E0,2.5E-1,-3.45E0));
#2073=DIRECTION('',(-1.E0,0.E0,0.E0));
#2074=DIRECTION('',(0.E0,1.E0,0.E0));
#2075=AXIS2_PLACEMENT_3D('',#2072,#2073,#2074);
#2077=DIRECTION('',(0.E0,0.E0,-1.E0));
#2078=VECTOR('',#2077,3.E-1);
#2079=CARTESIAN_POINT('',(2.75E0,-7.5E-1,-1.15E0));
#2080=LINE('',#2079,#2078);
#2081=DIRECTION('',(0.E0,0.E0,1.E0));
#2082=VECTOR('',#2081,3.E-1);
#2083=CARTESIAN_POINT('',(2.75E0,-1.25E0,-1.45E0));
#2084=LINE('',#2083,#2082);
#2085=CARTESIAN_POINT('',(2.75E0,-1.75E0,-1.45E0));
#2086=DIRECTION('',(1.E0,0.E0,0.E0));
#2087=DIRECTION('',(0.E0,0.E0,-1.E0));
#2088=AXIS2_PLACEMENT_3D('',#2085,#2086,#2087);
#2090=DIRECTION('',(0.E0,1.E0,0.E0));
#2091=VECTOR('',#2090,3.05E0);
#2092=CARTESIAN_POINT('',(2.75E0,-4.8E0,-1.95E0));
#2093=LINE('',#2092,#2091);
#2094=DIRECTION('',(0.E0,0.E0,1.E0));
#2095=VECTOR('',#2094,5.E-1);
#2096=CARTESIAN_POINT('',(2.75E0,-4.8E0,-2.45E0));
#2097=LINE('',#2096,#2095);
#2098=DIRECTION('',(0.E0,-1.E0,0.E0));
#2099=VECTOR('',#2098,3.05E0);
#2100=CARTESIAN_POINT('',(2.75E0,-1.75E0,-2.45E0));
#2101=LINE('',#2100,#2099);
#2102=CARTESIAN_POINT('',(2.75E0,-1.75E0,-1.45E0));
#2103=DIRECTION('',(-1.E0,0.E0,0.E0));
#2104=DIRECTION('',(0.E0,1.E0,0.E0));
#2105=AXIS2_PLACEMENT_3D('',#2102,#2103,#2104);
#2107=DIRECTION('',(-1.E0,0.E0,0.E0));
#2108=VECTOR('',#2107,5.E-1);
#2109=CARTESIAN_POINT('',(3.25E0,1.25E0,4.E0));
#2110=LINE('',#2109,#2108);
#2111=DIRECTION('',(-1.E0,0.E0,0.E0));
#2112=VECTOR('',#2111,5.E-1);
#2113=CARTESIAN_POINT('',(3.25E0,7.5E-1,4.E0));
#2114=LINE('',#2113,#2112);
#2115=DIRECTION('',(-1.E0,0.E0,0.E0));
#2116=VECTOR('',#2115,5.E-1);
#2117=CARTESIAN_POINT('',(3.25E0,-1.25E0,4.E0));
#2118=LINE('',#2117,#2116);
#2119=DIRECTION('',(-1.E0,0.E0,0.E0));
#2120=VECTOR('',#2119,5.E-1);
#2121=CARTESIAN_POINT('',(3.25E0,-7.5E-1,4.E0));
#2122=LINE('',#2121,#2120);
#2123=DIRECTION('',(-1.E0,0.E0,0.E0));
#2124=VECTOR('',#2123,5.E-1);
#2125=CARTESIAN_POINT('',(3.25E0,1.25E0,-3.45E0));
#2126=LINE('',#2125,#2124);
#2127=DIRECTION('',(-1.E0,0.E0,0.E0));
#2128=VECTOR('',#2127,5.E-1);
#2129=CARTESIAN_POINT('',(3.25E0,2.5E-1,-4.45E0));
#2130=LINE('',#2129,#2128);
#2131=DIRECTION('',(-1.E0,0.E0,0.E0));
#2132=VECTOR('',#2131,5.E-1);
#2133=CARTESIAN_POINT('',(3.25E0,-4.8E0,-4.45E0));
#2134=LINE('',#2133,#2132);
#2135=DIRECTION('',(-1.E0,0.E0,0.E0));
#2136=VECTOR('',#2135,5.E-1);
#2137=CARTESIAN_POINT('',(3.25E0,-4.8E0,-3.95E0));
#2138=LINE('',#2137,#2136);
#2139=DIRECTION('',(-1.E0,0.E0,0.E0));
#2140=VECTOR('',#2139,5.E-1);
#2141=CARTESIAN_POINT('',(3.25E0,2.5E-1,-3.95E0));
#2142=LINE('',#2141,#2140);
#2143=DIRECTION('',(-1.E0,0.E0,0.E0));
#2144=VECTOR('',#2143,5.E-1);
#2145=CARTESIAN_POINT('',(3.25E0,7.5E-1,-3.45E0));
#2146=LINE('',#2145,#2144);
#2147=DIRECTION('',(-1.E0,0.E0,0.E0));
#2148=VECTOR('',#2147,5.E-1);
#2149=CARTESIAN_POINT('',(3.25E0,-7.5E-1,-1.45E0));
#2150=LINE('',#2149,#2148);
#2151=DIRECTION('',(-1.E0,0.E0,0.E0));
#2152=VECTOR('',#2151,5.E-1);
#2153=CARTESIAN_POINT('',(3.25E0,-1.75E0,-2.45E0));
#2154=LINE('',#2153,#2152);
#2155=DIRECTION('',(-1.E0,0.E0,0.E0));
#2156=VECTOR('',#2155,5.E-1);
#2157=CARTESIAN_POINT('',(3.25E0,-4.8E0,-2.45E0));
#2158=LINE('',#2157,#2156);
#2159=DIRECTION('',(-1.E0,0.E0,0.E0));
#2160=VECTOR('',#2159,5.E-1);
#2161=CARTESIAN_POINT('',(3.25E0,-4.8E0,-1.95E0));
#2162=LINE('',#2161,#2160);
#2163=DIRECTION('',(-1.E0,0.E0,0.E0));
#2164=VECTOR('',#2163,5.E-1);
#2165=CARTESIAN_POINT('',(3.25E0,-1.75E0,-1.95E0));
#2166=LINE('',#2165,#2164);
#2167=DIRECTION('',(-1.E0,0.E0,0.E0));
#2168=VECTOR('',#2167,5.E-1);
#2169=CARTESIAN_POINT('',(3.25E0,-1.25E0,-1.45E0));
#2170=LINE('',#2169,#2168);
#2171=DIRECTION('',(0.E0,0.E0,1.E0));
#2172=VECTOR('',#2171,4.E0);
#2173=CARTESIAN_POINT('',(5.25E0,7.5E-1,0.E0));
#2174=LINE('',#2173,#2172);
#2175=DIRECTION('',(0.E0,1.E0,0.E0));
#2176=VECTOR('',#2175,5.E-1);
#2177=CARTESIAN_POINT('',(5.25E0,7.5E-1,4.E0));
#2178=LINE('',#2177,#2176);
#2179=DIRECTION('',(0.E0,0.E0,-1.E0));
#2180=VECTOR('',#2179,4.E0);
#2181=CARTESIAN_POINT('',(5.25E0,1.25E0,4.E0));
#2182=LINE('',#2181,#2180);
#2183=DIRECTION('',(0.E0,0.E0,1.E0));
#2184=VECTOR('',#2183,4.E0);
#2185=CARTESIAN_POINT('',(5.25E0,-1.25E0,0.E0));
#2186=LINE('',#2185,#2184);
#2187=DIRECTION('',(0.E0,1.E0,0.E0));
#2188=VECTOR('',#2187,5.E-1);
#2189=CARTESIAN_POINT('',(5.25E0,-1.25E0,4.E0));
#2190=LINE('',#2189,#2188);
#2191=DIRECTION('',(0.E0,0.E0,-1.E0));
#2192=VECTOR('',#2191,4.E0);
#2193=CARTESIAN_POINT('',(5.25E0,-7.5E-1,4.E0));
#2194=LINE('',#2193,#2192);
#2195=DIRECTION('',(0.E0,0.E0,-1.E0));
#2196=VECTOR('',#2195,2.3E0);
#2197=CARTESIAN_POINT('',(5.25E0,1.25E0,-1.15E0));
#2198=LINE('',#2197,#2196);
#2199=CARTESIAN_POINT('',(5.25E0,2.5E-1,-3.45E0));
#2200=DIRECTION('',(-1.E0,0.E0,0.E0));
#2201=DIRECTION('',(0.E0,1.E0,0.E0));
#2202=AXIS2_PLACEMENT_3D('',#2199,#2200,#2201);
#2204=DIRECTION('',(0.E0,-1.E0,0.E0));
#2205=VECTOR('',#2204,5.05E0);
#2206=CARTESIAN_POINT('',(5.25E0,2.5E-1,-4.45E0));
#2207=LINE('',#2206,#2205);
#2208=DIRECTION('',(0.E0,0.E0,1.E0));
#2209=VECTOR('',#2208,5.E-1);
#2210=CARTESIAN_POINT('',(5.25E0,-4.8E0,-4.45E0));
#2211=LINE('',#2210,#2209);
#2212=DIRECTION('',(0.E0,1.E0,0.E0));
#2213=VECTOR('',#2212,5.05E0);
#2214=CARTESIAN_POINT('',(5.25E0,-4.8E0,-3.95E0));
#2215=LINE('',#2214,#2213);
#2216=CARTESIAN_POINT('',(5.25E0,2.5E-1,-3.45E0));
#2217=DIRECTION('',(1.E0,0.E0,0.E0));
#2218=DIRECTION('',(0.E0,0.E0,-1.E0));
#2219=AXIS2_PLACEMENT_3D('',#2216,#2217,#2218);
#2221=DIRECTION('',(0.E0,0.E0,1.E0));
#2222=VECTOR('',#2221,2.3E0);
#2223=CARTESIAN_POINT('',(5.25E0,7.5E-1,-3.45E0));
#2224=LINE('',#2223,#2222);
#2225=DIRECTION('',(0.E0,0.E0,-1.E0));
#2226=VECTOR('',#2225,3.E-1);
#2227=CARTESIAN_POINT('',(5.25E0,-7.5E-1,-1.15E0));
#2228=LINE('',#2227,#2226);
#2229=CARTESIAN_POINT('',(5.25E0,-1.75E0,-1.45E0));
#2230=DIRECTION('',(-1.E0,0.E0,0.E0));
#2231=DIRECTION('',(0.E0,1.E0,0.E0));
#2232=AXIS2_PLACEMENT_3D('',#2229,#2230,#2231);
#2234=DIRECTION('',(0.E0,-1.E0,0.E0));
#2235=VECTOR('',#2234,3.05E0);
#2236=CARTESIAN_POINT('',(5.25E0,-1.75E0,-2.45E0));
#2237=LINE('',#2236,#2235);
#2238=DIRECTION('',(0.E0,0.E0,1.E0));
#2239=VECTOR('',#2238,5.E-1);
#2240=CARTESIAN_POINT('',(5.25E0,-4.8E0,-2.45E0));
#2241=LINE('',#2240,#2239);
#2242=DIRECTION('',(0.E0,1.E0,0.E0));
#2243=VECTOR('',#2242,3.05E0);
#2244=CARTESIAN_POINT('',(5.25E0,-4.8E0,-1.95E0));
#2245=LINE('',#2244,#2243);
#2246=CARTESIAN_POINT('',(5.25E0,-1.75E0,-1.45E0));
#2247=DIRECTION('',(1.E0,0.E0,0.E0));
#2248=DIRECTION('',(0.E0,0.E0,-1.E0));
#2249=AXIS2_PLACEMENT_3D('',#2246,#2247,#2248);
#2251=DIRECTION('',(0.E0,0.E0,1.E0));
#2252=VECTOR('',#2251,3.E-1);
#2253=CARTESIAN_POINT('',(5.25E0,-1.25E0,-1.45E0));
#2254=LINE('',#2253,#2252);
#2255=DIRECTION('',(0.E0,0.E0,1.E0));
#2256=VECTOR('',#2255,4.E0);
#2257=CARTESIAN_POINT('',(4.75E0,7.5E-1,0.E0));
#2258=LINE('',#2257,#2256);
#2259=DIRECTION('',(0.E0,0.E0,-1.E0));
#2260=VECTOR('',#2259,4.E0);
#2261=CARTESIAN_POINT('',(4.75E0,1.25E0,4.E0));
#2262=LINE('',#2261,#2260);
#2263=DIRECTION('',(0.E0,1.E0,0.E0));
#2264=VECTOR('',#2263,5.E-1);
#2265=CARTESIAN_POINT('',(4.75E0,7.5E-1,4.E0));
#2266=LINE('',#2265,#2264);
#2267=DIRECTION('',(0.E0,0.E0,1.E0));
#2268=VECTOR('',#2267,4.E0);
#2269=CARTESIAN_POINT('',(4.75E0,-1.25E0,0.E0));
#2270=LINE('',#2269,#2268);
#2271=DIRECTION('',(0.E0,0.E0,-1.E0));
#2272=VECTOR('',#2271,4.E0);
#2273=CARTESIAN_POINT('',(4.75E0,-7.5E-1,4.E0));
#2274=LINE('',#2273,#2272);
#2275=DIRECTION('',(0.E0,1.E0,0.E0));
#2276=VECTOR('',#2275,5.E-1);
#2277=CARTESIAN_POINT('',(4.75E0,-1.25E0,4.E0));
#2278=LINE('',#2277,#2276);
#2279=DIRECTION('',(0.E0,0.E0,-1.E0));
#2280=VECTOR('',#2279,2.3E0);
#2281=CARTESIAN_POINT('',(4.75E0,1.25E0,-1.15E0));
#2282=LINE('',#2281,#2280);
#2283=DIRECTION('',(0.E0,0.E0,1.E0));
#2284=VECTOR('',#2283,2.3E0);
#2285=CARTESIAN_POINT('',(4.75E0,7.5E-1,-3.45E0));
#2286=LINE('',#2285,#2284);
#2287=CARTESIAN_POINT('',(4.75E0,2.5E-1,-3.45E0));
#2288=DIRECTION('',(1.E0,0.E0,0.E0));
#2289=DIRECTION('',(0.E0,0.E0,-1.E0));
#2290=AXIS2_PLACEMENT_3D('',#2287,#2288,#2289);
#2292=DIRECTION('',(0.E0,1.E0,0.E0));
#2293=VECTOR('',#2292,5.05E0);
#2294=CARTESIAN_POINT('',(4.75E0,-4.8E0,-3.95E0));
#2295=LINE('',#2294,#2293);
#2296=DIRECTION('',(0.E0,0.E0,1.E0));
#2297=VECTOR('',#2296,5.E-1);
#2298=CARTESIAN_POINT('',(4.75E0,-4.8E0,-4.45E0));
#2299=LINE('',#2298,#2297);
#2300=DIRECTION('',(0.E0,-1.E0,0.E0));
#2301=VECTOR('',#2300,5.05E0);
#2302=CARTESIAN_POINT('',(4.75E0,2.5E-1,-4.45E0));
#2303=LINE('',#2302,#2301);
#2304=CARTESIAN_POINT('',(4.75E0,2.5E-1,-3.45E0));
#2305=DIRECTION('',(-1.E0,0.E0,0.E0));
#2306=DIRECTION('',(0.E0,1.E0,0.E0));
#2307=AXIS2_PLACEMENT_3D('',#2304,#2305,#2306);
#2309=DIRECTION('',(0.E0,0.E0,-1.E0));
#2310=VECTOR('',#2309,3.E-1);
#2311=CARTESIAN_POINT('',(4.75E0,-7.5E-1,-1.15E0));
#2312=LINE('',#2311,#2310);
#2313=DIRECTION('',(0.E0,0.E0,1.E0));
#2314=VECTOR('',#2313,3.E-1);
#2315=CARTESIAN_POINT('',(4.75E0,-1.25E0,-1.45E0));
#2316=LINE('',#2315,#2314);
#2317=CARTESIAN_POINT('',(4.75E0,-1.75E0,-1.45E0));
#2318=DIRECTION('',(1.E0,0.E0,0.E0));
#2319=DIRECTION('',(0.E0,0.E0,-1.E0));
#2320=AXIS2_PLACEMENT_3D('',#2317,#2318,#2319);
#2322=DIRECTION('',(0.E0,1.E0,0.E0));
#2323=VECTOR('',#2322,3.05E0);
#2324=CARTESIAN_POINT('',(4.75E0,-4.8E0,-1.95E0));
#2325=LINE('',#2324,#2323);
#2326=DIRECTION('',(0.E0,0.E0,1.E0));
#2327=VECTOR('',#2326,5.E-1);
#2328=CARTESIAN_POINT('',(4.75E0,-4.8E0,-2.45E0));
#2329=LINE('',#2328,#2327);
#2330=DIRECTION('',(0.E0,-1.E0,0.E0));
#2331=VECTOR('',#2330,3.05E0);
#2332=CARTESIAN_POINT('',(4.75E0,-1.75E0,-2.45E0));
#2333=LINE('',#2332,#2331);
#2334=CARTESIAN_POINT('',(4.75E0,-1.75E0,-1.45E0));
#2335=DIRECTION('',(-1.E0,0.E0,0.E0));
#2336=DIRECTION('',(0.E0,1.E0,0.E0));
#2337=AXIS2_PLACEMENT_3D('',#2334,#2335,#2336);
#2339=DIRECTION('',(-1.E0,0.E0,0.E0));
#2340=VECTOR('',#2339,5.E-1);
#2341=CARTESIAN_POINT('',(5.25E0,1.25E0,4.E0));
#2342=LINE('',#2341,#2340);
#2343=DIRECTION('',(-1.E0,0.E0,0.E0));
#2344=VECTOR('',#2343,5.E-1);
#2345=CARTESIAN_POINT('',(5.25E0,7.5E-1,4.E0));
#2346=LINE('',#2345,#2344);
#2347=DIRECTION('',(-1.E0,0.E0,0.E0));
#2348=VECTOR('',#2347,5.E-1);
#2349=CARTESIAN_POINT('',(5.25E0,-1.25E0,4.E0));
#2350=LINE('',#2349,#2348);
#2351=DIRECTION('',(-1.E0,0.E0,0.E0));
#2352=VECTOR('',#2351,5.E-1);
#2353=CARTESIAN_POINT('',(5.25E0,-7.5E-1,4.E0));
#2354=LINE('',#2353,#2352);
#2355=DIRECTION('',(-1.E0,0.E0,0.E0));
#2356=VECTOR('',#2355,5.E-1);
#2357=CARTESIAN_POINT('',(5.25E0,1.25E0,-3.45E0));
#2358=LINE('',#2357,#2356);
#2359=DIRECTION('',(-1.E0,0.E0,0.E0));
#2360=VECTOR('',#2359,5.E-1);
#2361=CARTESIAN_POINT('',(5.25E0,2.5E-1,-4.45E0));
#2362=LINE('',#2361,#2360);
#2363=DIRECTION('',(-1.E0,0.E0,0.E0));
#2364=VECTOR('',#2363,5.E-1);
#2365=CARTESIAN_POINT('',(5.25E0,-4.8E0,-4.45E0));
#2366=LINE('',#2365,#2364);
#2367=DIRECTION('',(-1.E0,0.E0,0.E0));
#2368=VECTOR('',#2367,5.E-1);
#2369=CARTESIAN_POINT('',(5.25E0,-4.8E0,-3.95E0));
#2370=LINE('',#2369,#2368);
#2371=DIRECTION('',(-1.E0,0.E0,0.E0));
#2372=VECTOR('',#2371,5.E-1);
#2373=CARTESIAN_POINT('',(5.25E0,2.5E-1,-3.95E0));
#2374=LINE('',#2373,#2372);
#2375=DIRECTION('',(-1.E0,0.E0,0.E0));
#2376=VECTOR('',#2375,5.E-1);
#2377=CARTESIAN_POINT('',(5.25E0,7.5E-1,-3.45E0));
#2378=LINE('',#2377,#2376);
#2379=DIRECTION('',(-1.E0,0.E0,0.E0));
#2380=VECTOR('',#2379,5.E-1);
#2381=CARTESIAN_POINT('',(5.25E0,-7.5E-1,-1.45E0));
#2382=LINE('',#2381,#2380);
#2383=DIRECTION('',(-1.E0,0.E0,0.E0));
#2384=VECTOR('',#2383,5.E-1);
#2385=CARTESIAN_POINT('',(5.25E0,-1.75E0,-2.45E0));
#2386=LINE('',#2385,#2384);
#2387=DIRECTION('',(-1.E0,0.E0,0.E0));
#2388=VECTOR('',#2387,5.E-1);
#2389=CARTESIAN_POINT('',(5.25E0,-4.8E0,-2.45E0));
#2390=LINE('',#2389,#2388);
#2391=DIRECTION('',(-1.E0,0.E0,0.E0));
#2392=VECTOR('',#2391,5.E-1);
#2393=CARTESIAN_POINT('',(5.25E0,-4.8E0,-1.95E0));
#2394=LINE('',#2393,#2392);
#2395=DIRECTION('',(-1.E0,0.E0,0.E0));
#2396=VECTOR('',#2395,5.E-1);
#2397=CARTESIAN_POINT('',(5.25E0,-1.75E0,-1.95E0));
#2398=LINE('',#2397,#2396);
#2399=DIRECTION('',(-1.E0,0.E0,0.E0));
#2400=VECTOR('',#2399,5.E-1);
#2401=CARTESIAN_POINT('',(5.25E0,-1.25E0,-1.45E0));
#2402=LINE('',#2401,#2400);
#2403=DIRECTION('',(0.E0,0.E0,1.E0));
#2404=VECTOR('',#2403,4.E0);
#2405=CARTESIAN_POINT('',(7.25E0,7.5E-1,0.E0));
#2406=LINE('',#2405,#2404);
#2407=DIRECTION('',(0.E0,1.E0,0.E0));
#2408=VECTOR('',#2407,5.E-1);
#2409=CARTESIAN_POINT('',(7.25E0,7.5E-1,4.E0));
#2410=LINE('',#2409,#2408);
#2411=DIRECTION('',(0.E0,0.E0,-1.E0));
#2412=VECTOR('',#2411,4.E0);
#2413=CARTESIAN_POINT('',(7.25E0,1.25E0,4.E0));
#2414=LINE('',#2413,#2412);
#2415=DIRECTION('',(0.E0,0.E0,1.E0));
#2416=VECTOR('',#2415,4.E0);
#2417=CARTESIAN_POINT('',(7.25E0,-1.25E0,0.E0));
#2418=LINE('',#2417,#2416);
#2419=DIRECTION('',(0.E0,1.E0,0.E0));
#2420=VECTOR('',#2419,5.E-1);
#2421=CARTESIAN_POINT('',(7.25E0,-1.25E0,4.E0));
#2422=LINE('',#2421,#2420);
#2423=DIRECTION('',(0.E0,0.E0,-1.E0));
#2424=VECTOR('',#2423,4.E0);
#2425=CARTESIAN_POINT('',(7.25E0,-7.5E-1,4.E0));
#2426=LINE('',#2425,#2424);
#2427=DIRECTION('',(0.E0,0.E0,-1.E0));
#2428=VECTOR('',#2427,2.3E0);
#2429=CARTESIAN_POINT('',(7.25E0,1.25E0,-1.15E0));
#2430=LINE('',#2429,#2428);
#2431=CARTESIAN_POINT('',(7.25E0,2.5E-1,-3.45E0));
#2432=DIRECTION('',(-1.E0,0.E0,0.E0));
#2433=DIRECTION('',(0.E0,1.E0,0.E0));
#2434=AXIS2_PLACEMENT_3D('',#2431,#2432,#2433);
#2436=DIRECTION('',(0.E0,-1.E0,0.E0));
#2437=VECTOR('',#2436,5.05E0);
#2438=CARTESIAN_POINT('',(7.25E0,2.5E-1,-4.45E0));
#2439=LINE('',#2438,#2437);
#2440=DIRECTION('',(0.E0,0.E0,1.E0));
#2441=VECTOR('',#2440,5.E-1);
#2442=CARTESIAN_POINT('',(7.25E0,-4.8E0,-4.45E0));
#2443=LINE('',#2442,#2441);
#2444=DIRECTION('',(0.E0,1.E0,0.E0));
#2445=VECTOR('',#2444,5.05E0);
#2446=CARTESIAN_POINT('',(7.25E0,-4.8E0,-3.95E0));
#2447=LINE('',#2446,#2445);
#2448=CARTESIAN_POINT('',(7.25E0,2.5E-1,-3.45E0));
#2449=DIRECTION('',(1.E0,0.E0,0.E0));
#2450=DIRECTION('',(0.E0,0.E0,-1.E0));
#2451=AXIS2_PLACEMENT_3D('',#2448,#2449,#2450);
#2453=DIRECTION('',(0.E0,0.E0,1.E0));
#2454=VECTOR('',#2453,2.3E0);
#2455=CARTESIAN_POINT('',(7.25E0,7.5E-1,-3.45E0));
#2456=LINE('',#2455,#2454);
#2457=DIRECTION('',(0.E0,0.E0,-1.E0));
#2458=VECTOR('',#2457,3.E-1);
#2459=CARTESIAN_POINT('',(7.25E0,-7.5E-1,-1.15E0));
#2460=LINE('',#2459,#2458);
#2461=CARTESIAN_POINT('',(7.25E0,-1.75E0,-1.45E0));
#2462=DIRECTION('',(-1.E0,0.E0,0.E0));
#2463=DIRECTION('',(0.E0,1.E0,0.E0));
#2464=AXIS2_PLACEMENT_3D('',#2461,#2462,#2463);
#2466=DIRECTION('',(0.E0,-1.E0,0.E0));
#2467=VECTOR('',#2466,3.05E0);
#2468=CARTESIAN_POINT('',(7.25E0,-1.75E0,-2.45E0));
#2469=LINE('',#2468,#2467);
#2470=DIRECTION('',(0.E0,0.E0,1.E0));
#2471=VECTOR('',#2470,5.E-1);
#2472=CARTESIAN_POINT('',(7.25E0,-4.8E0,-2.45E0));
#2473=LINE('',#2472,#2471);
#2474=DIRECTION('',(0.E0,1.E0,0.E0));
#2475=VECTOR('',#2474,3.05E0);
#2476=CARTESIAN_POINT('',(7.25E0,-4.8E0,-1.95E0));
#2477=LINE('',#2476,#2475);
#2478=CARTESIAN_POINT('',(7.25E0,-1.75E0,-1.45E0));
#2479=DIRECTION('',(1.E0,0.E0,0.E0));
#2480=DIRECTION('',(0.E0,0.E0,-1.E0));
#2481=AXIS2_PLACEMENT_3D('',#2478,#2479,#2480);
#2483=DIRECTION('',(0.E0,0.E0,1.E0));
#2484=VECTOR('',#2483,3.E-1);
#2485=CARTESIAN_POINT('',(7.25E0,-1.25E0,-1.45E0));
#2486=LINE('',#2485,#2484);
#2487=DIRECTION('',(0.E0,0.E0,1.E0));
#2488=VECTOR('',#2487,4.E0);
#2489=CARTESIAN_POINT('',(6.75E0,7.5E-1,0.E0));
#2490=LINE('',#2489,#2488);
#2491=DIRECTION('',(0.E0,0.E0,-1.E0));
#2492=VECTOR('',#2491,4.E0);
#2493=CARTESIAN_POINT('',(6.75E0,1.25E0,4.E0));
#2494=LINE('',#2493,#2492);
#2495=DIRECTION('',(0.E0,1.E0,0.E0));
#2496=VECTOR('',#2495,5.E-1);
#2497=CARTESIAN_POINT('',(6.75E0,7.5E-1,4.E0));
#2498=LINE('',#2497,#2496);
#2499=DIRECTION('',(0.E0,0.E0,1.E0));
#2500=VECTOR('',#2499,4.E0);
#2501=CARTESIAN_POINT('',(6.75E0,-1.25E0,0.E0));
#2502=LINE('',#2501,#2500);
#2503=DIRECTION('',(0.E0,0.E0,-1.E0));
#2504=VECTOR('',#2503,4.E0);
#2505=CARTESIAN_POINT('',(6.75E0,-7.5E-1,4.E0));
#2506=LINE('',#2505,#2504);
#2507=DIRECTION('',(0.E0,1.E0,0.E0));
#2508=VECTOR('',#2507,5.E-1);
#2509=CARTESIAN_POINT('',(6.75E0,-1.25E0,4.E0));
#2510=LINE('',#2509,#2508);
#2511=DIRECTION('',(0.E0,0.E0,-1.E0));
#2512=VECTOR('',#2511,2.3E0);
#2513=CARTESIAN_POINT('',(6.75E0,1.25E0,-1.15E0));
#2514=LINE('',#2513,#2512);
#2515=DIRECTION('',(0.E0,0.E0,1.E0));
#2516=VECTOR('',#2515,2.3E0);
#2517=CARTESIAN_POINT('',(6.75E0,7.5E-1,-3.45E0));
#2518=LINE('',#2517,#2516);
#2519=CARTESIAN_POINT('',(6.75E0,2.5E-1,-3.45E0));
#2520=DIRECTION('',(1.E0,0.E0,0.E0));
#2521=DIRECTION('',(0.E0,0.E0,-1.E0));
#2522=AXIS2_PLACEMENT_3D('',#2519,#2520,#2521);
#2524=DIRECTION('',(0.E0,1.E0,0.E0));
#2525=VECTOR('',#2524,5.05E0);
#2526=CARTESIAN_POINT('',(6.75E0,-4.8E0,-3.95E0));
#2527=LINE('',#2526,#2525);
#2528=DIRECTION('',(0.E0,0.E0,1.E0));
#2529=VECTOR('',#2528,5.E-1);
#2530=CARTESIAN_POINT('',(6.75E0,-4.8E0,-4.45E0));
#2531=LINE('',#2530,#2529);
#2532=DIRECTION('',(0.E0,-1.E0,0.E0));
#2533=VECTOR('',#2532,5.05E0);
#2534=CARTESIAN_POINT('',(6.75E0,2.5E-1,-4.45E0));
#2535=LINE('',#2534,#2533);
#2536=CARTESIAN_POINT('',(6.75E0,2.5E-1,-3.45E0));
#2537=DIRECTION('',(-1.E0,0.E0,0.E0));
#2538=DIRECTION('',(0.E0,1.E0,0.E0));
#2539=AXIS2_PLACEMENT_3D('',#2536,#2537,#2538);
#2541=DIRECTION('',(0.E0,0.E0,-1.E0));
#2542=VECTOR('',#2541,3.E-1);
#2543=CARTESIAN_POINT('',(6.75E0,-7.5E-1,-1.15E0));
#2544=LINE('',#2543,#2542);
#2545=DIRECTION('',(0.E0,0.E0,1.E0));
#2546=VECTOR('',#2545,3.E-1);
#2547=CARTESIAN_POINT('',(6.75E0,-1.25E0,-1.45E0));
#2548=LINE('',#2547,#2546);
#2549=CARTESIAN_POINT('',(6.75E0,-1.75E0,-1.45E0));
#2550=DIRECTION('',(1.E0,0.E0,0.E0));
#2551=DIRECTION('',(0.E0,0.E0,-1.E0));
#2552=AXIS2_PLACEMENT_3D('',#2549,#2550,#2551);
#2554=DIRECTION('',(0.E0,1.E0,0.E0));
#2555=VECTOR('',#2554,3.05E0);
#2556=CARTESIAN_POINT('',(6.75E0,-4.8E0,-1.95E0));
#2557=LINE('',#2556,#2555);
#2558=DIRECTION('',(0.E0,0.E0,1.E0));
#2559=VECTOR('',#2558,5.E-1);
#2560=CARTESIAN_POINT('',(6.75E0,-4.8E0,-2.45E0));
#2561=LINE('',#2560,#2559);
#2562=DIRECTION('',(0.E0,-1.E0,0.E0));
#2563=VECTOR('',#2562,3.05E0);
#2564=CARTESIAN_POINT('',(6.75E0,-1.75E0,-2.45E0));
#2565=LINE('',#2564,#2563);
#2566=CARTESIAN_POINT('',(6.75E0,-1.75E0,-1.45E0));
#2567=DIRECTION('',(-1.E0,0.E0,0.E0));
#2568=DIRECTION('',(0.E0,1.E0,0.E0));
#2569=AXIS2_PLACEMENT_3D('',#2566,#2567,#2568);
#2571=DIRECTION('',(-1.E0,0.E0,0.E0));
#2572=VECTOR('',#2571,5.E-1);
#2573=CARTESIAN_POINT('',(7.25E0,1.25E0,4.E0));
#2574=LINE('',#2573,#2572);
#2575=DIRECTION('',(-1.E0,0.E0,0.E0));
#2576=VECTOR('',#2575,5.E-1);
#2577=CARTESIAN_POINT('',(7.25E0,7.5E-1,4.E0));
#2578=LINE('',#2577,#2576);
#2579=DIRECTION('',(-1.E0,0.E0,0.E0));
#2580=VECTOR('',#2579,5.E-1);
#2581=CARTESIAN_POINT('',(7.25E0,-1.25E0,4.E0));
#2582=LINE('',#2581,#2580);
#2583=DIRECTION('',(-1.E0,0.E0,0.E0));
#2584=VECTOR('',#2583,5.E-1);
#2585=CARTESIAN_POINT('',(7.25E0,-7.5E-1,4.E0));
#2586=LINE('',#2585,#2584);
#2587=DIRECTION('',(-1.E0,0.E0,0.E0));
#2588=VECTOR('',#2587,5.E-1);
#2589=CARTESIAN_POINT('',(7.25E0,1.25E0,-3.45E0));
#2590=LINE('',#2589,#2588);
#2591=DIRECTION('',(-1.E0,0.E0,0.E0));
#2592=VECTOR('',#2591,5.E-1);
#2593=CARTESIAN_POINT('',(7.25E0,2.5E-1,-4.45E0));
#2594=LINE('',#2593,#2592);
#2595=DIRECTION('',(-1.E0,0.E0,0.E0));
#2596=VECTOR('',#2595,5.E-1);
#2597=CARTESIAN_POINT('',(7.25E0,-4.8E0,-4.45E0));
#2598=LINE('',#2597,#2596);
#2599=DIRECTION('',(-1.E0,0.E0,0.E0));
#2600=VECTOR('',#2599,5.E-1);
#2601=CARTESIAN_POINT('',(7.25E0,-4.8E0,-3.95E0));
#2602=LINE('',#2601,#2600);
#2603=DIRECTION('',(-1.E0,0.E0,0.E0));
#2604=VECTOR('',#2603,5.E-1);
#2605=CARTESIAN_POINT('',(7.25E0,2.5E-1,-3.95E0));
#2606=LINE('',#2605,#2604);
#2607=DIRECTION('',(-1.E0,0.E0,0.E0));
#2608=VECTOR('',#2607,5.E-1);
#2609=CARTESIAN_POINT('',(7.25E0,7.5E-1,-3.45E0));
#2610=LINE('',#2609,#2608);
#2611=DIRECTION('',(-1.E0,0.E0,0.E0));
#2612=VECTOR('',#2611,5.E-1);
#2613=CARTESIAN_POINT('',(7.25E0,-7.5E-1,-1.45E0));
#2614=LINE('',#2613,#2612);
#2615=DIRECTION('',(-1.E0,0.E0,0.E0));
#2616=VECTOR('',#2615,5.E-1);
#2617=CARTESIAN_POINT('',(7.25E0,-1.75E0,-2.45E0));
#2618=LINE('',#2617,#2616);
#2619=DIRECTION('',(-1.E0,0.E0,0.E0));
#2620=VECTOR('',#2619,5.E-1);
#2621=CARTESIAN_POINT('',(7.25E0,-4.8E0,-2.45E0));
#2622=LINE('',#2621,#2620);
#2623=DIRECTION('',(-1.E0,0.E0,0.E0));
#2624=VECTOR('',#2623,5.E-1);
#2625=CARTESIAN_POINT('',(7.25E0,-4.8E0,-1.95E0));
#2626=LINE('',#2625,#2624);
#2627=DIRECTION('',(-1.E0,0.E0,0.E0));
#2628=VECTOR('',#2627,5.E-1);
#2629=CARTESIAN_POINT('',(7.25E0,-1.75E0,-1.95E0));
#2630=LINE('',#2629,#2628);
#2631=DIRECTION('',(-1.E0,0.E0,0.E0));
#2632=VECTOR('',#2631,5.E-1);
#2633=CARTESIAN_POINT('',(7.25E0,-1.25E0,-1.45E0));
#2634=LINE('',#2633,#2632);
#2635=DIRECTION('',(0.E0,-1.E0,0.E0));
#2636=VECTOR('',#2635,1.6E0);
#2637=CARTESIAN_POINT('',(8.E0,8.E-1,-5.E-1));
#2638=LINE('',#2637,#2636);
#2639=DIRECTION('',(0.E0,0.E0,-1.E0));
#2640=VECTOR('',#2639,6.5E-1);
#2641=CARTESIAN_POINT('',(8.E0,8.E-1,-5.E-1));
#2642=LINE('',#2641,#2640);
#2643=DIRECTION('',(0.E0,-1.E0,0.E0));
#2644=VECTOR('',#2643,2.E-1);
#2645=CARTESIAN_POINT('',(8.E0,8.E-1,-1.15E0));
#2646=LINE('',#2645,#2644);
#2647=DIRECTION('',(0.E0,1.E0,0.E0));
#2648=VECTOR('',#2647,1.2E0);
#2649=CARTESIAN_POINT('',(8.E0,-6.E-1,-1.15E0));
#2650=LINE('',#2649,#2648);
#2651=DIRECTION('',(0.E0,-1.E0,0.E0));
#2652=VECTOR('',#2651,2.E-1);
#2653=CARTESIAN_POINT('',(8.E0,-6.E-1,-1.15E0));
#2654=LINE('',#2653,#2652);
#2655=DIRECTION('',(0.E0,0.E0,-1.E0));
#2656=VECTOR('',#2655,6.5E-1);
#2657=CARTESIAN_POINT('',(8.E0,-8.E-1,-5.E-1));
#2658=LINE('',#2657,#2656);
#2659=DIRECTION('',(-2.248595066988E-1,-8.994380267950E-1,3.747658444979E-1));
#2660=VECTOR('',#2659,1.334166406413E0);
#2661=CARTESIAN_POINT('',(8.E0,-8.E-1,-5.E-1));
#2662=LINE('',#2661,#2660);
#2663=DIRECTION('',(2.248595066988E-1,-8.994380267950E-1,-3.747658444979E-1));
#2664=VECTOR('',#2663,1.334166406413E0);
#2665=CARTESIAN_POINT('',(7.7E0,2.E0,0.E0));
#2666=LINE('',#2665,#2664);
#2667=DIRECTION('',(-2.333729524753E-1,9.334918099013E-1,-2.722684445545E-1));
#2668=VECTOR('',#2667,1.285496013218E0);
#2669=CARTESIAN_POINT('',(8.E0,8.E-1,-1.15E0));
#2670=LINE('',#2669,#2668);
#2671=DIRECTION('',(6.507913734560E-1,0.E0,7.592566023653E-1));
#2672=VECTOR('',#2671,4.609772228646E-1);
#2673=CARTESIAN_POINT('',(7.7E0,6.E-1,-1.5E0));
#2674=LINE('',#2673,#2672);
#2675=DIRECTION('',(-6.507913734560E-1,0.E0,-7.592566023653E-1));
#2676=VECTOR('',#2675,4.609772228646E-1);
#2677=CARTESIAN_POINT('',(8.E0,-6.E-1,-1.15E0));
#2678=LINE('',#2677,#2676);
#2679=DIRECTION('',(2.333729524753E-1,9.334918099013E-1,2.722684445545E-1));
#2680=VECTOR('',#2679,1.285496013218E0);
#2681=CARTESIAN_POINT('',(7.7E0,-2.E0,-1.5E0));
#2682=LINE('',#2681,#2680);
#2683=DIRECTION('',(0.E0,0.E0,1.E0));
#2684=VECTOR('',#2683,3.5E-1);
#2685=CARTESIAN_POINT('',(-5.35E0,2.E0,-1.5E0));
#2686=LINE('',#2685,#2684);
#2687=DIRECTION('',(1.E0,0.E0,0.E0));
#2688=VECTOR('',#2687,7.E-1);
#2689=CARTESIAN_POINT('',(-5.35E0,2.E0,-1.15E0));
#2690=LINE('',#2689,#2688);
#2691=DIRECTION('',(0.E0,0.E0,1.E0));
#2692=VECTOR('',#2691,3.5E-1);
#2693=CARTESIAN_POINT('',(-4.65E0,2.E0,-1.5E0));
#2694=LINE('',#2693,#2692);
#2695=DIRECTION('',(1.E0,0.E0,0.E0));
#2696=VECTOR('',#2695,3.5E-1);
#2697=CARTESIAN_POINT('',(-4.65E0,2.E0,-1.5E0));
#2698=LINE('',#2697,#2696);
#2699=DIRECTION('',(0.E0,0.E0,1.E0));
#2700=VECTOR('',#2699,1.5E0);
#2701=CARTESIAN_POINT('',(-4.3E0,2.E0,-1.5E0));
#2702=LINE('',#2701,#2700);
#2703=DIRECTION('',(0.E0,0.E0,1.E0));
#2704=VECTOR('',#2703,1.5E0);
#2705=CARTESIAN_POINT('',(-5.7E0,2.E0,-1.5E0));
#2706=LINE('',#2705,#2704);
#2707=DIRECTION('',(1.E0,0.E0,0.E0));
#2708=VECTOR('',#2707,3.5E-1);
#2709=CARTESIAN_POINT('',(-5.7E0,2.E0,-1.5E0));
#2710=LINE('',#2709,#2708);
#2711=DIRECTION('',(0.E0,0.E0,1.E0));
#2712=VECTOR('',#2711,3.5E-1);
#2713=CARTESIAN_POINT('',(-3.35E0,2.E0,-1.5E0));
#2714=LINE('',#2713,#2712);
#2715=DIRECTION('',(1.E0,0.E0,0.E0));
#2716=VECTOR('',#2715,7.E-1);
#2717=CARTESIAN_POINT('',(-3.35E0,2.E0,-1.15E0));
#2718=LINE('',#2717,#2716);
#2719=DIRECTION('',(0.E0,0.E0,1.E0));
#2720=VECTOR('',#2719,3.5E-1);
#2721=CARTESIAN_POINT('',(-2.65E0,2.E0,-1.5E0));
#2722=LINE('',#2721,#2720);
#2723=DIRECTION('',(1.E0,0.E0,0.E0));
#2724=VECTOR('',#2723,3.5E-1);
#2725=CARTESIAN_POINT('',(-2.65E0,2.E0,-1.5E0));
#2726=LINE('',#2725,#2724);
#2727=DIRECTION('',(0.E0,0.E0,1.E0));
#2728=VECTOR('',#2727,1.5E0);
#2729=CARTESIAN_POINT('',(-2.3E0,2.E0,-1.5E0));
#2730=LINE('',#2729,#2728);
#2731=DIRECTION('',(0.E0,0.E0,1.E0));
#2732=VECTOR('',#2731,1.5E0);
#2733=CARTESIAN_POINT('',(-3.7E0,2.E0,-1.5E0));
#2734=LINE('',#2733,#2732);
#2735=DIRECTION('',(1.E0,0.E0,0.E0));
#2736=VECTOR('',#2735,3.5E-1);
#2737=CARTESIAN_POINT('',(-3.7E0,2.E0,-1.5E0));
#2738=LINE('',#2737,#2736);
#2739=DIRECTION('',(0.E0,0.E0,1.E0));
#2740=VECTOR('',#2739,3.5E-1);
#2741=CARTESIAN_POINT('',(-1.35E0,2.E0,-1.5E0));
#2742=LINE('',#2741,#2740);
#2743=DIRECTION('',(1.E0,0.E0,0.E0));
#2744=VECTOR('',#2743,7.E-1);
#2745=CARTESIAN_POINT('',(-1.35E0,2.E0,-1.15E0));
#2746=LINE('',#2745,#2744);
#2747=DIRECTION('',(0.E0,0.E0,1.E0));
#2748=VECTOR('',#2747,3.5E-1);
#2749=CARTESIAN_POINT('',(-6.5E-1,2.E0,-1.5E0));
#2750=LINE('',#2749,#2748);
#2751=DIRECTION('',(1.E0,0.E0,0.E0));
#2752=VECTOR('',#2751,3.5E-1);
#2753=CARTESIAN_POINT('',(-6.5E-1,2.E0,-1.5E0));
#2754=LINE('',#2753,#2752);
#2755=DIRECTION('',(0.E0,0.E0,1.E0));
#2756=VECTOR('',#2755,1.5E0);
#2757=CARTESIAN_POINT('',(-3.E-1,2.E0,-1.5E0));
#2758=LINE('',#2757,#2756);
#2759=DIRECTION('',(0.E0,0.E0,1.E0));
#2760=VECTOR('',#2759,1.5E0);
#2761=CARTESIAN_POINT('',(-1.7E0,2.E0,-1.5E0));
#2762=LINE('',#2761,#2760);
#2763=DIRECTION('',(1.E0,0.E0,0.E0));
#2764=VECTOR('',#2763,3.5E-1);
#2765=CARTESIAN_POINT('',(-1.7E0,2.E0,-1.5E0));
#2766=LINE('',#2765,#2764);
#2767=DIRECTION('',(0.E0,0.E0,1.E0));
#2768=VECTOR('',#2767,3.5E-1);
#2769=CARTESIAN_POINT('',(6.5E-1,2.E0,-1.5E0));
#2770=LINE('',#2769,#2768);
#2771=DIRECTION('',(1.E0,0.E0,0.E0));
#2772=VECTOR('',#2771,7.E-1);
#2773=CARTESIAN_POINT('',(6.5E-1,2.E0,-1.15E0));
#2774=LINE('',#2773,#2772);
#2775=DIRECTION('',(0.E0,0.E0,1.E0));
#2776=VECTOR('',#2775,3.5E-1);
#2777=CARTESIAN_POINT('',(1.35E0,2.E0,-1.5E0));
#2778=LINE('',#2777,#2776);
#2779=DIRECTION('',(1.E0,0.E0,0.E0));
#2780=VECTOR('',#2779,3.5E-1);
#2781=CARTESIAN_POINT('',(1.35E0,2.E0,-1.5E0));
#2782=LINE('',#2781,#2780);
#2783=DIRECTION('',(0.E0,0.E0,1.E0));
#2784=VECTOR('',#2783,1.5E0);
#2785=CARTESIAN_POINT('',(1.7E0,2.E0,-1.5E0));
#2786=LINE('',#2785,#2784);
#2787=DIRECTION('',(0.E0,0.E0,1.E0));
#2788=VECTOR('',#2787,1.5E0);
#2789=CARTESIAN_POINT('',(3.E-1,2.E0,-1.5E0));
#2790=LINE('',#2789,#2788);
#2791=DIRECTION('',(1.E0,0.E0,0.E0));
#2792=VECTOR('',#2791,3.5E-1);
#2793=CARTESIAN_POINT('',(3.E-1,2.E0,-1.5E0));
#2794=LINE('',#2793,#2792);
#2795=DIRECTION('',(0.E0,0.E0,1.E0));
#2796=VECTOR('',#2795,3.5E-1);
#2797=CARTESIAN_POINT('',(2.65E0,2.E0,-1.5E0));
#2798=LINE('',#2797,#2796);
#2799=DIRECTION('',(1.E0,0.E0,0.E0));
#2800=VECTOR('',#2799,7.E-1);
#2801=CARTESIAN_POINT('',(2.65E0,2.E0,-1.15E0));
#2802=LINE('',#2801,#2800);
#2803=DIRECTION('',(0.E0,0.E0,1.E0));
#2804=VECTOR('',#2803,3.5E-1);
#2805=CARTESIAN_POINT('',(3.35E0,2.E0,-1.5E0));
#2806=LINE('',#2805,#2804);
#2807=DIRECTION('',(1.E0,0.E0,0.E0));
#2808=VECTOR('',#2807,3.5E-1);
#2809=CARTESIAN_POINT('',(3.35E0,2.E0,-1.5E0));
#2810=LINE('',#2809,#2808);
#2811=DIRECTION('',(0.E0,0.E0,1.E0));
#2812=VECTOR('',#2811,1.5E0);
#2813=CARTESIAN_POINT('',(3.7E0,2.E0,-1.5E0));
#2814=LINE('',#2813,#2812);
#2815=DIRECTION('',(0.E0,0.E0,1.E0));
#2816=VECTOR('',#2815,1.5E0);
#2817=CARTESIAN_POINT('',(2.3E0,2.E0,-1.5E0));
#2818=LINE('',#2817,#2816);
#2819=DIRECTION('',(1.E0,0.E0,0.E0));
#2820=VECTOR('',#2819,3.5E-1);
#2821=CARTESIAN_POINT('',(2.3E0,2.E0,-1.5E0));
#2822=LINE('',#2821,#2820);
#2823=DIRECTION('',(0.E0,0.E0,1.E0));
#2824=VECTOR('',#2823,3.5E-1);
#2825=CARTESIAN_POINT('',(4.65E0,2.E0,-1.5E0));
#2826=LINE('',#2825,#2824);
#2827=DIRECTION('',(1.E0,0.E0,0.E0));
#2828=VECTOR('',#2827,7.E-1);
#2829=CARTESIAN_POINT('',(4.65E0,2.E0,-1.15E0));
#2830=LINE('',#2829,#2828);
#2831=DIRECTION('',(0.E0,0.E0,1.E0));
#2832=VECTOR('',#2831,3.5E-1);
#2833=CARTESIAN_POINT('',(5.35E0,2.E0,-1.5E0));
#2834=LINE('',#2833,#2832);
#2835=DIRECTION('',(1.E0,0.E0,0.E0));
#2836=VECTOR('',#2835,3.5E-1);
#2837=CARTESIAN_POINT('',(5.35E0,2.E0,-1.5E0));
#2838=LINE('',#2837,#2836);
#2839=DIRECTION('',(0.E0,0.E0,1.E0));
#2840=VECTOR('',#2839,1.5E0);
#2841=CARTESIAN_POINT('',(5.7E0,2.E0,-1.5E0));
#2842=LINE('',#2841,#2840);
#2843=DIRECTION('',(0.E0,0.E0,1.E0));
#2844=VECTOR('',#2843,1.5E0);
#2845=CARTESIAN_POINT('',(4.3E0,2.E0,-1.5E0));
#2846=LINE('',#2845,#2844);
#2847=DIRECTION('',(1.E0,0.E0,0.E0));
#2848=VECTOR('',#2847,3.5E-1);
#2849=CARTESIAN_POINT('',(4.3E0,2.E0,-1.5E0));
#2850=LINE('',#2849,#2848);
#2851=DIRECTION('',(0.E0,0.E0,1.E0));
#2852=VECTOR('',#2851,3.5E-1);
#2853=CARTESIAN_POINT('',(6.65E0,2.E0,-1.5E0));
#2854=LINE('',#2853,#2852);
#2855=DIRECTION('',(1.E0,0.E0,0.E0));
#2856=VECTOR('',#2855,7.E-1);
#2857=CARTESIAN_POINT('',(6.65E0,2.E0,-1.15E0));
#2858=LINE('',#2857,#2856);
#2859=DIRECTION('',(0.E0,0.E0,1.E0));
#2860=VECTOR('',#2859,3.5E-1);
#2861=CARTESIAN_POINT('',(7.35E0,2.E0,-1.5E0));
#2862=LINE('',#2861,#2860);
#2863=DIRECTION('',(1.E0,0.E0,0.E0));
#2864=VECTOR('',#2863,3.5E-1);
#2865=CARTESIAN_POINT('',(7.35E0,2.E0,-1.5E0));
#2866=LINE('',#2865,#2864);
#2867=DIRECTION('',(0.E0,0.E0,1.E0));
#2868=VECTOR('',#2867,1.5E0);
#2869=CARTESIAN_POINT('',(7.7E0,2.E0,-1.5E0));
#2870=LINE('',#2869,#2868);
#2871=DIRECTION('',(0.E0,0.E0,1.E0));
#2872=VECTOR('',#2871,1.5E0);
#2873=CARTESIAN_POINT('',(6.3E0,2.E0,-1.5E0));
#2874=LINE('',#2873,#2872);
#2875=DIRECTION('',(1.E0,0.E0,0.E0));
#2876=VECTOR('',#2875,3.5E-1);
#2877=CARTESIAN_POINT('',(6.3E0,2.E0,-1.5E0));
#2878=LINE('',#2877,#2876);
#2879=DIRECTION('',(0.E0,0.E0,-1.E0));
#2880=VECTOR('',#2879,1.5E0);
#2881=CARTESIAN_POINT('',(-7.85E0,2.E0,0.E0));
#2882=LINE('',#2881,#2880);
#2883=DIRECTION('',(1.E0,0.E0,0.E0));
#2884=VECTOR('',#2883,5.E-1);
#2885=CARTESIAN_POINT('',(-7.85E0,2.E0,-1.5E0));
#2886=LINE('',#2885,#2884);
#2887=DIRECTION('',(0.E0,0.E0,1.E0));
#2888=VECTOR('',#2887,3.5E-1);
#2889=CARTESIAN_POINT('',(-7.35E0,2.E0,-1.5E0));
#2890=LINE('',#2889,#2888);
#2891=DIRECTION('',(1.E0,0.E0,0.E0));
#2892=VECTOR('',#2891,7.E-1);
#2893=CARTESIAN_POINT('',(-7.35E0,2.E0,-1.15E0));
#2894=LINE('',#2893,#2892);
#2895=DIRECTION('',(0.E0,0.E0,1.E0));
#2896=VECTOR('',#2895,3.5E-1);
#2897=CARTESIAN_POINT('',(-6.65E0,2.E0,-1.5E0));
#2898=LINE('',#2897,#2896);
#2899=DIRECTION('',(1.E0,0.E0,0.E0));
#2900=VECTOR('',#2899,3.5E-1);
#2901=CARTESIAN_POINT('',(-6.65E0,2.E0,-1.5E0));
#2902=LINE('',#2901,#2900);
#2903=DIRECTION('',(0.E0,0.E0,1.E0));
#2904=VECTOR('',#2903,1.5E0);
#2905=CARTESIAN_POINT('',(-6.3E0,2.E0,-1.5E0));
#2906=LINE('',#2905,#2904);
#2907=DIRECTION('',(0.E0,1.E0,0.E0));
#2908=VECTOR('',#2907,1.4E0);
#2909=CARTESIAN_POINT('',(-6.65E0,6.E-1,-1.5E0));
#2910=LINE('',#2909,#2908);
#2911=DIRECTION('',(1.E0,0.E0,0.E0));
#2912=VECTOR('',#2911,3.5E-1);
#2913=CARTESIAN_POINT('',(-6.65E0,6.E-1,-1.5E0));
#2914=LINE('',#2913,#2912);
#2915=DIRECTION('',(0.E0,1.E0,0.E0));
#2916=VECTOR('',#2915,1.4E0);
#2917=CARTESIAN_POINT('',(-6.3E0,6.E-1,-1.5E0));
#2918=LINE('',#2917,#2916);
#2919=DIRECTION('',(0.E0,1.E0,0.E0));
#2920=VECTOR('',#2919,1.4E0);
#2921=CARTESIAN_POINT('',(-5.35E0,6.E-1,-1.5E0));
#2922=LINE('',#2921,#2920);
#2923=DIRECTION('',(0.E0,1.E0,0.E0));
#2924=VECTOR('',#2923,1.4E0);
#2925=CARTESIAN_POINT('',(-5.7E0,6.E-1,-1.5E0));
#2926=LINE('',#2925,#2924);
#2927=DIRECTION('',(1.E0,0.E0,0.E0));
#2928=VECTOR('',#2927,3.5E-1);
#2929=CARTESIAN_POINT('',(-5.7E0,6.E-1,-1.5E0));
#2930=LINE('',#2929,#2928);
#2931=DIRECTION('',(0.E0,1.E0,0.E0));
#2932=VECTOR('',#2931,1.4E0);
#2933=CARTESIAN_POINT('',(-4.65E0,6.E-1,-1.5E0));
#2934=LINE('',#2933,#2932);
#2935=DIRECTION('',(1.E0,0.E0,0.E0));
#2936=VECTOR('',#2935,3.5E-1);
#2937=CARTESIAN_POINT('',(-4.65E0,6.E-1,-1.5E0));
#2938=LINE('',#2937,#2936);
#2939=DIRECTION('',(0.E0,1.E0,0.E0));
#2940=VECTOR('',#2939,1.4E0);
#2941=CARTESIAN_POINT('',(-4.3E0,6.E-1,-1.5E0));
#2942=LINE('',#2941,#2940);
#2943=DIRECTION('',(0.E0,1.E0,0.E0));
#2944=VECTOR('',#2943,1.4E0);
#2945=CARTESIAN_POINT('',(-3.35E0,6.E-1,-1.5E0));
#2946=LINE('',#2945,#2944);
#2947=DIRECTION('',(0.E0,1.E0,0.E0));
#2948=VECTOR('',#2947,1.4E0);
#2949=CARTESIAN_POINT('',(-3.7E0,6.E-1,-1.5E0));
#2950=LINE('',#2949,#2948);
#2951=DIRECTION('',(1.E0,0.E0,0.E0));
#2952=VECTOR('',#2951,3.5E-1);
#2953=CARTESIAN_POINT('',(-3.7E0,6.E-1,-1.5E0));
#2954=LINE('',#2953,#2952);
#2955=DIRECTION('',(0.E0,1.E0,0.E0));
#2956=VECTOR('',#2955,1.4E0);
#2957=CARTESIAN_POINT('',(-2.65E0,6.E-1,-1.5E0));
#2958=LINE('',#2957,#2956);
#2959=DIRECTION('',(1.E0,0.E0,0.E0));
#2960=VECTOR('',#2959,3.5E-1);
#2961=CARTESIAN_POINT('',(-2.65E0,6.E-1,-1.5E0));
#2962=LINE('',#2961,#2960);
#2963=DIRECTION('',(0.E0,1.E0,0.E0));
#2964=VECTOR('',#2963,1.4E0);
#2965=CARTESIAN_POINT('',(-2.3E0,6.E-1,-1.5E0));
#2966=LINE('',#2965,#2964);
#2967=DIRECTION('',(0.E0,1.E0,0.E0));
#2968=VECTOR('',#2967,1.4E0);
#2969=CARTESIAN_POINT('',(-1.35E0,6.E-1,-1.5E0));
#2970=LINE('',#2969,#2968);
#2971=DIRECTION('',(0.E0,1.E0,0.E0));
#2972=VECTOR('',#2971,1.4E0);
#2973=CARTESIAN_POINT('',(-1.7E0,6.E-1,-1.5E0));
#2974=LINE('',#2973,#2972);
#2975=DIRECTION('',(1.E0,0.E0,0.E0));
#2976=VECTOR('',#2975,3.5E-1);
#2977=CARTESIAN_POINT('',(-1.7E0,6.E-1,-1.5E0));
#2978=LINE('',#2977,#2976);
#2979=DIRECTION('',(0.E0,1.E0,0.E0));
#2980=VECTOR('',#2979,1.4E0);
#2981=CARTESIAN_POINT('',(-6.5E-1,6.E-1,-1.5E0));
#2982=LINE('',#2981,#2980);
#2983=DIRECTION('',(1.E0,0.E0,0.E0));
#2984=VECTOR('',#2983,3.5E-1);
#2985=CARTESIAN_POINT('',(-6.5E-1,6.E-1,-1.5E0));
#2986=LINE('',#2985,#2984);
#2987=DIRECTION('',(0.E0,1.E0,0.E0));
#2988=VECTOR('',#2987,1.4E0);
#2989=CARTESIAN_POINT('',(-3.E-1,6.E-1,-1.5E0));
#2990=LINE('',#2989,#2988);
#2991=DIRECTION('',(0.E0,1.E0,0.E0));
#2992=VECTOR('',#2991,1.4E0);
#2993=CARTESIAN_POINT('',(6.5E-1,6.E-1,-1.5E0));
#2994=LINE('',#2993,#2992);
#2995=DIRECTION('',(0.E0,1.E0,0.E0));
#2996=VECTOR('',#2995,1.4E0);
#2997=CARTESIAN_POINT('',(3.E-1,6.E-1,-1.5E0));
#2998=LINE('',#2997,#2996);
#2999=DIRECTION('',(1.E0,0.E0,0.E0));
#3000=VECTOR('',#2999,3.5E-1);
#3001=CARTESIAN_POINT('',(3.E-1,6.E-1,-1.5E0));
#3002=LINE('',#3001,#3000);
#3003=DIRECTION('',(0.E0,1.E0,0.E0));
#3004=VECTOR('',#3003,1.4E0);
#3005=CARTESIAN_POINT('',(1.35E0,6.E-1,-1.5E0));
#3006=LINE('',#3005,#3004);
#3007=DIRECTION('',(1.E0,0.E0,0.E0));
#3008=VECTOR('',#3007,3.5E-1);
#3009=CARTESIAN_POINT('',(1.35E0,6.E-1,-1.5E0));
#3010=LINE('',#3009,#3008);
#3011=DIRECTION('',(0.E0,1.E0,0.E0));
#3012=VECTOR('',#3011,1.4E0);
#3013=CARTESIAN_POINT('',(1.7E0,6.E-1,-1.5E0));
#3014=LINE('',#3013,#3012);
#3015=DIRECTION('',(0.E0,1.E0,0.E0));
#3016=VECTOR('',#3015,1.4E0);
#3017=CARTESIAN_POINT('',(2.65E0,6.E-1,-1.5E0));
#3018=LINE('',#3017,#3016);
#3019=DIRECTION('',(0.E0,1.E0,0.E0));
#3020=VECTOR('',#3019,1.4E0);
#3021=CARTESIAN_POINT('',(2.3E0,6.E-1,-1.5E0));
#3022=LINE('',#3021,#3020);
#3023=DIRECTION('',(1.E0,0.E0,0.E0));
#3024=VECTOR('',#3023,3.5E-1);
#3025=CARTESIAN_POINT('',(2.3E0,6.E-1,-1.5E0));
#3026=LINE('',#3025,#3024);
#3027=DIRECTION('',(0.E0,1.E0,0.E0));
#3028=VECTOR('',#3027,1.4E0);
#3029=CARTESIAN_POINT('',(3.35E0,6.E-1,-1.5E0));
#3030=LINE('',#3029,#3028);
#3031=DIRECTION('',(1.E0,0.E0,0.E0));
#3032=VECTOR('',#3031,3.5E-1);
#3033=CARTESIAN_POINT('',(3.35E0,6.E-1,-1.5E0));
#3034=LINE('',#3033,#3032);
#3035=DIRECTION('',(0.E0,1.E0,0.E0));
#3036=VECTOR('',#3035,1.4E0);
#3037=CARTESIAN_POINT('',(3.7E0,6.E-1,-1.5E0));
#3038=LINE('',#3037,#3036);
#3039=DIRECTION('',(0.E0,1.E0,0.E0));
#3040=VECTOR('',#3039,1.4E0);
#3041=CARTESIAN_POINT('',(4.65E0,6.E-1,-1.5E0));
#3042=LINE('',#3041,#3040);
#3043=DIRECTION('',(0.E0,1.E0,0.E0));
#3044=VECTOR('',#3043,1.4E0);
#3045=CARTESIAN_POINT('',(4.3E0,6.E-1,-1.5E0));
#3046=LINE('',#3045,#3044);
#3047=DIRECTION('',(1.E0,0.E0,0.E0));
#3048=VECTOR('',#3047,3.5E-1);
#3049=CARTESIAN_POINT('',(4.3E0,6.E-1,-1.5E0));
#3050=LINE('',#3049,#3048);
#3051=DIRECTION('',(0.E0,1.E0,0.E0));
#3052=VECTOR('',#3051,1.4E0);
#3053=CARTESIAN_POINT('',(5.35E0,6.E-1,-1.5E0));
#3054=LINE('',#3053,#3052);
#3055=DIRECTION('',(1.E0,0.E0,0.E0));
#3056=VECTOR('',#3055,3.5E-1);
#3057=CARTESIAN_POINT('',(5.35E0,6.E-1,-1.5E0));
#3058=LINE('',#3057,#3056);
#3059=DIRECTION('',(0.E0,1.E0,0.E0));
#3060=VECTOR('',#3059,1.4E0);
#3061=CARTESIAN_POINT('',(5.7E0,6.E-1,-1.5E0));
#3062=LINE('',#3061,#3060);
#3063=DIRECTION('',(0.E0,1.E0,0.E0));
#3064=VECTOR('',#3063,1.4E0);
#3065=CARTESIAN_POINT('',(6.65E0,6.E-1,-1.5E0));
#3066=LINE('',#3065,#3064);
#3067=DIRECTION('',(0.E0,1.E0,0.E0));
#3068=VECTOR('',#3067,1.4E0);
#3069=CARTESIAN_POINT('',(6.3E0,6.E-1,-1.5E0));
#3070=LINE('',#3069,#3068);
#3071=DIRECTION('',(1.E0,0.E0,0.E0));
#3072=VECTOR('',#3071,3.5E-1);
#3073=CARTESIAN_POINT('',(6.3E0,6.E-1,-1.5E0));
#3074=LINE('',#3073,#3072);
#3075=DIRECTION('',(0.E0,1.E0,0.E0));
#3076=VECTOR('',#3075,1.4E0);
#3077=CARTESIAN_POINT('',(7.35E0,6.E-1,-1.5E0));
#3078=LINE('',#3077,#3076);
#3079=DIRECTION('',(1.E0,0.E0,0.E0));
#3080=VECTOR('',#3079,3.5E-1);
#3081=CARTESIAN_POINT('',(7.35E0,6.E-1,-1.5E0));
#3082=LINE('',#3081,#3080);
#3083=DIRECTION('',(0.E0,1.E0,0.E0));
#3084=VECTOR('',#3083,1.4E0);
#3085=CARTESIAN_POINT('',(7.7E0,6.E-1,-1.5E0));
#3086=LINE('',#3085,#3084);
#3087=DIRECTION('',(0.E0,-1.E0,0.E0));
#3088=VECTOR('',#3087,1.4E0);
#3089=CARTESIAN_POINT('',(-7.85E0,2.E0,-1.5E0));
#3090=LINE('',#3089,#3088);
#3091=DIRECTION('',(1.E0,0.E0,0.E0));
#3092=VECTOR('',#3091,5.E-1);
#3093=CARTESIAN_POINT('',(-7.85E0,6.E-1,-1.5E0));
#3094=LINE('',#3093,#3092);
#3095=DIRECTION('',(0.E0,1.E0,0.E0));
#3096=VECTOR('',#3095,1.4E0);
#3097=CARTESIAN_POINT('',(-7.35E0,6.E-1,-1.5E0));
#3098=LINE('',#3097,#3096);
#3099=DIRECTION('',(0.E0,-1.E0,0.E0));
#3100=VECTOR('',#3099,1.4E0);
#3101=CARTESIAN_POINT('',(-6.65E0,-6.E-1,-1.15E0));
#3102=LINE('',#3101,#3100);
#3103=DIRECTION('',(0.E0,-1.E0,0.E0));
#3104=VECTOR('',#3103,1.4E0);
#3105=CARTESIAN_POINT('',(-6.65E0,2.E0,-1.15E0));
#3106=LINE('',#3105,#3104);
#3107=DIRECTION('',(0.E0,0.E0,1.E0));
#3108=VECTOR('',#3107,3.5E-1);
#3109=CARTESIAN_POINT('',(-5.35E0,-2.E0,-1.5E0));
#3110=LINE('',#3109,#3108);
#3111=DIRECTION('',(0.E0,0.E0,-1.E0));
#3112=VECTOR('',#3111,1.5E0);
#3113=CARTESIAN_POINT('',(-5.7E0,-2.E0,0.E0));
#3114=LINE('',#3113,#3112);
#3115=DIRECTION('',(1.E0,0.E0,0.E0));
#3116=VECTOR('',#3115,1.4E0);
#3117=CARTESIAN_POINT('',(-5.7E0,-2.E0,0.E0));
#3118=LINE('',#3117,#3116);
#3119=DIRECTION('',(0.E0,0.E0,-1.E0));
#3120=VECTOR('',#3119,1.5E0);
#3121=CARTESIAN_POINT('',(-4.3E0,-2.E0,0.E0));
#3122=LINE('',#3121,#3120);
#3123=DIRECTION('',(0.E0,0.E0,1.E0));
#3124=VECTOR('',#3123,3.5E-1);
#3125=CARTESIAN_POINT('',(-4.65E0,-2.E0,-1.5E0));
#3126=LINE('',#3125,#3124);
#3127=DIRECTION('',(1.E0,0.E0,0.E0));
#3128=VECTOR('',#3127,7.E-1);
#3129=CARTESIAN_POINT('',(-5.35E0,-2.E0,-1.15E0));
#3130=LINE('',#3129,#3128);
#3131=DIRECTION('',(0.E0,0.E0,1.E0));
#3132=VECTOR('',#3131,3.5E-1);
#3133=CARTESIAN_POINT('',(-3.35E0,-2.E0,-1.5E0));
#3134=LINE('',#3133,#3132);
#3135=DIRECTION('',(0.E0,0.E0,-1.E0));
#3136=VECTOR('',#3135,1.5E0);
#3137=CARTESIAN_POINT('',(-3.7E0,-2.E0,0.E0));
#3138=LINE('',#3137,#3136);
#3139=DIRECTION('',(1.E0,0.E0,0.E0));
#3140=VECTOR('',#3139,1.4E0);
#3141=CARTESIAN_POINT('',(-3.7E0,-2.E0,0.E0));
#3142=LINE('',#3141,#3140);
#3143=DIRECTION('',(0.E0,0.E0,-1.E0));
#3144=VECTOR('',#3143,1.5E0);
#3145=CARTESIAN_POINT('',(-2.3E0,-2.E0,0.E0));
#3146=LINE('',#3145,#3144);
#3147=DIRECTION('',(0.E0,0.E0,1.E0));
#3148=VECTOR('',#3147,3.5E-1);
#3149=CARTESIAN_POINT('',(-2.65E0,-2.E0,-1.5E0));
#3150=LINE('',#3149,#3148);
#3151=DIRECTION('',(1.E0,0.E0,0.E0));
#3152=VECTOR('',#3151,7.E-1);
#3153=CARTESIAN_POINT('',(-3.35E0,-2.E0,-1.15E0));
#3154=LINE('',#3153,#3152);
#3155=DIRECTION('',(0.E0,0.E0,1.E0));
#3156=VECTOR('',#3155,3.5E-1);
#3157=CARTESIAN_POINT('',(-1.35E0,-2.E0,-1.5E0));
#3158=LINE('',#3157,#3156);
#3159=DIRECTION('',(0.E0,0.E0,-1.E0));
#3160=VECTOR('',#3159,1.5E0);
#3161=CARTESIAN_POINT('',(-1.7E0,-2.E0,0.E0));
#3162=LINE('',#3161,#3160);
#3163=DIRECTION('',(1.E0,0.E0,0.E0));
#3164=VECTOR('',#3163,1.4E0);
#3165=CARTESIAN_POINT('',(-1.7E0,-2.E0,0.E0));
#3166=LINE('',#3165,#3164);
#3167=DIRECTION('',(0.E0,0.E0,-1.E0));
#3168=VECTOR('',#3167,1.5E0);
#3169=CARTESIAN_POINT('',(-3.E-1,-2.E0,0.E0));
#3170=LINE('',#3169,#3168);
#3171=DIRECTION('',(0.E0,0.E0,1.E0));
#3172=VECTOR('',#3171,3.5E-1);
#3173=CARTESIAN_POINT('',(-6.5E-1,-2.E0,-1.5E0));
#3174=LINE('',#3173,#3172);
#3175=DIRECTION('',(1.E0,0.E0,0.E0));
#3176=VECTOR('',#3175,7.E-1);
#3177=CARTESIAN_POINT('',(-1.35E0,-2.E0,-1.15E0));
#3178=LINE('',#3177,#3176);
#3179=DIRECTION('',(0.E0,0.E0,1.E0));
#3180=VECTOR('',#3179,3.5E-1);
#3181=CARTESIAN_POINT('',(6.5E-1,-2.E0,-1.5E0));
#3182=LINE('',#3181,#3180);
#3183=DIRECTION('',(0.E0,0.E0,-1.E0));
#3184=VECTOR('',#3183,1.5E0);
#3185=CARTESIAN_POINT('',(3.E-1,-2.E0,0.E0));
#3186=LINE('',#3185,#3184);
#3187=DIRECTION('',(1.E0,0.E0,0.E0));
#3188=VECTOR('',#3187,1.4E0);
#3189=CARTESIAN_POINT('',(3.E-1,-2.E0,0.E0));
#3190=LINE('',#3189,#3188);
#3191=DIRECTION('',(0.E0,0.E0,-1.E0));
#3192=VECTOR('',#3191,1.5E0);
#3193=CARTESIAN_POINT('',(1.7E0,-2.E0,0.E0));
#3194=LINE('',#3193,#3192);
#3195=DIRECTION('',(0.E0,0.E0,1.E0));
#3196=VECTOR('',#3195,3.5E-1);
#3197=CARTESIAN_POINT('',(1.35E0,-2.E0,-1.5E0));
#3198=LINE('',#3197,#3196);
#3199=DIRECTION('',(1.E0,0.E0,0.E0));
#3200=VECTOR('',#3199,7.E-1);
#3201=CARTESIAN_POINT('',(6.5E-1,-2.E0,-1.15E0));
#3202=LINE('',#3201,#3200);
#3203=DIRECTION('',(0.E0,0.E0,1.E0));
#3204=VECTOR('',#3203,3.5E-1);
#3205=CARTESIAN_POINT('',(2.65E0,-2.E0,-1.5E0));
#3206=LINE('',#3205,#3204);
#3207=DIRECTION('',(0.E0,0.E0,-1.E0));
#3208=VECTOR('',#3207,1.5E0);
#3209=CARTESIAN_POINT('',(2.3E0,-2.E0,0.E0));
#3210=LINE('',#3209,#3208);
#3211=DIRECTION('',(1.E0,0.E0,0.E0));
#3212=VECTOR('',#3211,1.4E0);
#3213=CARTESIAN_POINT('',(2.3E0,-2.E0,0.E0));
#3214=LINE('',#3213,#3212);
#3215=DIRECTION('',(0.E0,0.E0,-1.E0));
#3216=VECTOR('',#3215,1.5E0);
#3217=CARTESIAN_POINT('',(3.7E0,-2.E0,0.E0));
#3218=LINE('',#3217,#3216);
#3219=DIRECTION('',(0.E0,0.E0,1.E0));
#3220=VECTOR('',#3219,3.5E-1);
#3221=CARTESIAN_POINT('',(3.35E0,-2.E0,-1.5E0));
#3222=LINE('',#3221,#3220);
#3223=DIRECTION('',(1.E0,0.E0,0.E0));
#3224=VECTOR('',#3223,7.E-1);
#3225=CARTESIAN_POINT('',(2.65E0,-2.E0,-1.15E0));
#3226=LINE('',#3225,#3224);
#3227=DIRECTION('',(0.E0,0.E0,1.E0));
#3228=VECTOR('',#3227,3.5E-1);
#3229=CARTESIAN_POINT('',(4.65E0,-2.E0,-1.5E0));
#3230=LINE('',#3229,#3228);
#3231=DIRECTION('',(0.E0,0.E0,-1.E0));
#3232=VECTOR('',#3231,1.5E0);
#3233=CARTESIAN_POINT('',(4.3E0,-2.E0,0.E0));
#3234=LINE('',#3233,#3232);
#3235=DIRECTION('',(1.E0,0.E0,0.E0));
#3236=VECTOR('',#3235,1.4E0);
#3237=CARTESIAN_POINT('',(4.3E0,-2.E0,0.E0));
#3238=LINE('',#3237,#3236);
#3239=DIRECTION('',(0.E0,0.E0,-1.E0));
#3240=VECTOR('',#3239,1.5E0);
#3241=CARTESIAN_POINT('',(5.7E0,-2.E0,0.E0));
#3242=LINE('',#3241,#3240);
#3243=DIRECTION('',(0.E0,0.E0,1.E0));
#3244=VECTOR('',#3243,3.5E-1);
#3245=CARTESIAN_POINT('',(5.35E0,-2.E0,-1.5E0));
#3246=LINE('',#3245,#3244);
#3247=DIRECTION('',(1.E0,0.E0,0.E0));
#3248=VECTOR('',#3247,7.E-1);
#3249=CARTESIAN_POINT('',(4.65E0,-2.E0,-1.15E0));
#3250=LINE('',#3249,#3248);
#3251=DIRECTION('',(0.E0,0.E0,1.E0));
#3252=VECTOR('',#3251,3.5E-1);
#3253=CARTESIAN_POINT('',(6.65E0,-2.E0,-1.5E0));
#3254=LINE('',#3253,#3252);
#3255=DIRECTION('',(0.E0,0.E0,-1.E0));
#3256=VECTOR('',#3255,1.5E0);
#3257=CARTESIAN_POINT('',(6.3E0,-2.E0,0.E0));
#3258=LINE('',#3257,#3256);
#3259=DIRECTION('',(1.E0,0.E0,0.E0));
#3260=VECTOR('',#3259,1.4E0);
#3261=CARTESIAN_POINT('',(6.3E0,-2.E0,0.E0));
#3262=LINE('',#3261,#3260);
#3263=DIRECTION('',(0.E0,0.E0,-1.E0));
#3264=VECTOR('',#3263,1.5E0);
#3265=CARTESIAN_POINT('',(7.7E0,-2.E0,0.E0));
#3266=LINE('',#3265,#3264);
#3267=DIRECTION('',(0.E0,0.E0,1.E0));
#3268=VECTOR('',#3267,3.5E-1);
#3269=CARTESIAN_POINT('',(7.35E0,-2.E0,-1.5E0));
#3270=LINE('',#3269,#3268);
#3271=DIRECTION('',(1.E0,0.E0,0.E0));
#3272=VECTOR('',#3271,7.E-1);
#3273=CARTESIAN_POINT('',(6.65E0,-2.E0,-1.15E0));
#3274=LINE('',#3273,#3272);
#3275=DIRECTION('',(0.E0,0.E0,1.E0));
#3276=VECTOR('',#3275,1.5E0);
#3277=CARTESIAN_POINT('',(-7.85E0,-2.E0,-1.5E0));
#3278=LINE('',#3277,#3276);
#3279=DIRECTION('',(1.E0,0.E0,0.E0));
#3280=VECTOR('',#3279,1.55E0);
#3281=CARTESIAN_POINT('',(-7.85E0,-2.E0,0.E0));
#3282=LINE('',#3281,#3280);
#3283=DIRECTION('',(0.E0,0.E0,-1.E0));
#3284=VECTOR('',#3283,1.5E0);
#3285=CARTESIAN_POINT('',(-6.3E0,-2.E0,0.E0));
#3286=LINE('',#3285,#3284);
#3287=DIRECTION('',(0.E0,0.E0,1.E0));
#3288=VECTOR('',#3287,3.5E-1);
#3289=CARTESIAN_POINT('',(-6.65E0,-2.E0,-1.5E0));
#3290=LINE('',#3289,#3288);
#3291=DIRECTION('',(1.E0,0.E0,0.E0));
#3292=VECTOR('',#3291,7.E-1);
#3293=CARTESIAN_POINT('',(-7.35E0,-2.E0,-1.15E0));
#3294=LINE('',#3293,#3292);
#3295=DIRECTION('',(0.E0,0.E0,1.E0));
#3296=VECTOR('',#3295,3.5E-1);
#3297=CARTESIAN_POINT('',(-7.35E0,-2.E0,-1.5E0));
#3298=LINE('',#3297,#3296);
#3299=DIRECTION('',(0.E0,1.E0,0.E0));
#3300=VECTOR('',#3299,1.4E0);
#3301=CARTESIAN_POINT('',(-6.65E0,-2.E0,-1.5E0));
#3302=LINE('',#3301,#3300);
#3303=DIRECTION('',(1.E0,0.E0,0.E0));
#3304=VECTOR('',#3303,3.5E-1);
#3305=CARTESIAN_POINT('',(-6.65E0,-2.E0,-1.5E0));
#3306=LINE('',#3305,#3304);
#3307=DIRECTION('',(0.E0,1.E0,0.E0));
#3308=VECTOR('',#3307,1.4E0);
#3309=CARTESIAN_POINT('',(-6.3E0,-2.E0,-1.5E0));
#3310=LINE('',#3309,#3308);
#3311=DIRECTION('',(0.E0,1.E0,0.E0));
#3312=VECTOR('',#3311,1.4E0);
#3313=CARTESIAN_POINT('',(-5.35E0,-2.E0,-1.5E0));
#3314=LINE('',#3313,#3312);
#3315=DIRECTION('',(0.E0,1.E0,0.E0));
#3316=VECTOR('',#3315,1.4E0);
#3317=CARTESIAN_POINT('',(-5.7E0,-2.E0,-1.5E0));
#3318=LINE('',#3317,#3316);
#3319=DIRECTION('',(1.E0,0.E0,0.E0));
#3320=VECTOR('',#3319,3.5E-1);
#3321=CARTESIAN_POINT('',(-5.7E0,-2.E0,-1.5E0));
#3322=LINE('',#3321,#3320);
#3323=DIRECTION('',(0.E0,1.E0,0.E0));
#3324=VECTOR('',#3323,1.4E0);
#3325=CARTESIAN_POINT('',(-4.65E0,-2.E0,-1.5E0));
#3326=LINE('',#3325,#3324);
#3327=DIRECTION('',(1.E0,0.E0,0.E0));
#3328=VECTOR('',#3327,3.5E-1);
#3329=CARTESIAN_POINT('',(-4.65E0,-2.E0,-1.5E0));
#3330=LINE('',#3329,#3328);
#3331=DIRECTION('',(0.E0,1.E0,0.E0));
#3332=VECTOR('',#3331,1.4E0);
#3333=CARTESIAN_POINT('',(-4.3E0,-2.E0,-1.5E0));
#3334=LINE('',#3333,#3332);
#3335=DIRECTION('',(0.E0,1.E0,0.E0));
#3336=VECTOR('',#3335,1.4E0);
#3337=CARTESIAN_POINT('',(-3.35E0,-2.E0,-1.5E0));
#3338=LINE('',#3337,#3336);
#3339=DIRECTION('',(0.E0,1.E0,0.E0));
#3340=VECTOR('',#3339,1.4E0);
#3341=CARTESIAN_POINT('',(-3.7E0,-2.E0,-1.5E0));
#3342=LINE('',#3341,#3340);
#3343=DIRECTION('',(1.E0,0.E0,0.E0));
#3344=VECTOR('',#3343,3.5E-1);
#3345=CARTESIAN_POINT('',(-3.7E0,-2.E0,-1.5E0));
#3346=LINE('',#3345,#3344);
#3347=DIRECTION('',(0.E0,1.E0,0.E0));
#3348=VECTOR('',#3347,1.4E0);
#3349=CARTESIAN_POINT('',(-2.65E0,-2.E0,-1.5E0));
#3350=LINE('',#3349,#3348);
#3351=DIRECTION('',(1.E0,0.E0,0.E0));
#3352=VECTOR('',#3351,3.5E-1);
#3353=CARTESIAN_POINT('',(-2.65E0,-2.E0,-1.5E0));
#3354=LINE('',#3353,#3352);
#3355=DIRECTION('',(0.E0,1.E0,0.E0));
#3356=VECTOR('',#3355,1.4E0);
#3357=CARTESIAN_POINT('',(-2.3E0,-2.E0,-1.5E0));
#3358=LINE('',#3357,#3356);
#3359=DIRECTION('',(0.E0,1.E0,0.E0));
#3360=VECTOR('',#3359,1.4E0);
#3361=CARTESIAN_POINT('',(-1.35E0,-2.E0,-1.5E0));
#3362=LINE('',#3361,#3360);
#3363=DIRECTION('',(0.E0,1.E0,0.E0));
#3364=VECTOR('',#3363,1.4E0);
#3365=CARTESIAN_POINT('',(-1.7E0,-2.E0,-1.5E0));
#3366=LINE('',#3365,#3364);
#3367=DIRECTION('',(1.E0,0.E0,0.E0));
#3368=VECTOR('',#3367,3.5E-1);
#3369=CARTESIAN_POINT('',(-1.7E0,-2.E0,-1.5E0));
#3370=LINE('',#3369,#3368);
#3371=DIRECTION('',(0.E0,1.E0,0.E0));
#3372=VECTOR('',#3371,1.4E0);
#3373=CARTESIAN_POINT('',(-6.5E-1,-2.E0,-1.5E0));
#3374=LINE('',#3373,#3372);
#3375=DIRECTION('',(1.E0,0.E0,0.E0));
#3376=VECTOR('',#3375,3.5E-1);
#3377=CARTESIAN_POINT('',(-6.5E-1,-2.E0,-1.5E0));
#3378=LINE('',#3377,#3376);
#3379=DIRECTION('',(0.E0,1.E0,0.E0));
#3380=VECTOR('',#3379,1.4E0);
#3381=CARTESIAN_POINT('',(-3.E-1,-2.E0,-1.5E0));
#3382=LINE('',#3381,#3380);
#3383=DIRECTION('',(0.E0,1.E0,0.E0));
#3384=VECTOR('',#3383,1.4E0);
#3385=CARTESIAN_POINT('',(6.5E-1,-2.E0,-1.5E0));
#3386=LINE('',#3385,#3384);
#3387=DIRECTION('',(0.E0,1.E0,0.E0));
#3388=VECTOR('',#3387,1.4E0);
#3389=CARTESIAN_POINT('',(3.E-1,-2.E0,-1.5E0));
#3390=LINE('',#3389,#3388);
#3391=DIRECTION('',(1.E0,0.E0,0.E0));
#3392=VECTOR('',#3391,3.5E-1);
#3393=CARTESIAN_POINT('',(3.E-1,-2.E0,-1.5E0));
#3394=LINE('',#3393,#3392);
#3395=DIRECTION('',(0.E0,1.E0,0.E0));
#3396=VECTOR('',#3395,1.4E0);
#3397=CARTESIAN_POINT('',(1.35E0,-2.E0,-1.5E0));
#3398=LINE('',#3397,#3396);
#3399=DIRECTION('',(1.E0,0.E0,0.E0));
#3400=VECTOR('',#3399,3.5E-1);
#3401=CARTESIAN_POINT('',(1.35E0,-2.E0,-1.5E0));
#3402=LINE('',#3401,#3400);
#3403=DIRECTION('',(0.E0,1.E0,0.E0));
#3404=VECTOR('',#3403,1.4E0);
#3405=CARTESIAN_POINT('',(1.7E0,-2.E0,-1.5E0));
#3406=LINE('',#3405,#3404);
#3407=DIRECTION('',(0.E0,1.E0,0.E0));
#3408=VECTOR('',#3407,1.4E0);
#3409=CARTESIAN_POINT('',(2.65E0,-2.E0,-1.5E0));
#3410=LINE('',#3409,#3408);
#3411=DIRECTION('',(0.E0,1.E0,0.E0));
#3412=VECTOR('',#3411,1.4E0);
#3413=CARTESIAN_POINT('',(2.3E0,-2.E0,-1.5E0));
#3414=LINE('',#3413,#3412);
#3415=DIRECTION('',(1.E0,0.E0,0.E0));
#3416=VECTOR('',#3415,3.5E-1);
#3417=CARTESIAN_POINT('',(2.3E0,-2.E0,-1.5E0));
#3418=LINE('',#3417,#3416);
#3419=DIRECTION('',(0.E0,1.E0,0.E0));
#3420=VECTOR('',#3419,1.4E0);
#3421=CARTESIAN_POINT('',(3.35E0,-2.E0,-1.5E0));
#3422=LINE('',#3421,#3420);
#3423=DIRECTION('',(1.E0,0.E0,0.E0));
#3424=VECTOR('',#3423,3.5E-1);
#3425=CARTESIAN_POINT('',(3.35E0,-2.E0,-1.5E0));
#3426=LINE('',#3425,#3424);
#3427=DIRECTION('',(0.E0,1.E0,0.E0));
#3428=VECTOR('',#3427,1.4E0);
#3429=CARTESIAN_POINT('',(3.7E0,-2.E0,-1.5E0));
#3430=LINE('',#3429,#3428);
#3431=DIRECTION('',(0.E0,1.E0,0.E0));
#3432=VECTOR('',#3431,1.4E0);
#3433=CARTESIAN_POINT('',(4.65E0,-2.E0,-1.5E0));
#3434=LINE('',#3433,#3432);
#3435=DIRECTION('',(0.E0,1.E0,0.E0));
#3436=VECTOR('',#3435,1.4E0);
#3437=CARTESIAN_POINT('',(4.3E0,-2.E0,-1.5E0));
#3438=LINE('',#3437,#3436);
#3439=DIRECTION('',(1.E0,0.E0,0.E0));
#3440=VECTOR('',#3439,3.5E-1);
#3441=CARTESIAN_POINT('',(4.3E0,-2.E0,-1.5E0));
#3442=LINE('',#3441,#3440);
#3443=DIRECTION('',(0.E0,1.E0,0.E0));
#3444=VECTOR('',#3443,1.4E0);
#3445=CARTESIAN_POINT('',(5.35E0,-2.E0,-1.5E0));
#3446=LINE('',#3445,#3444);
#3447=DIRECTION('',(1.E0,0.E0,0.E0));
#3448=VECTOR('',#3447,3.5E-1);
#3449=CARTESIAN_POINT('',(5.35E0,-2.E0,-1.5E0));
#3450=LINE('',#3449,#3448);
#3451=DIRECTION('',(0.E0,1.E0,0.E0));
#3452=VECTOR('',#3451,1.4E0);
#3453=CARTESIAN_POINT('',(5.7E0,-2.E0,-1.5E0));
#3454=LINE('',#3453,#3452);
#3455=DIRECTION('',(0.E0,1.E0,0.E0));
#3456=VECTOR('',#3455,1.4E0);
#3457=CARTESIAN_POINT('',(6.65E0,-2.E0,-1.5E0));
#3458=LINE('',#3457,#3456);
#3459=DIRECTION('',(0.E0,1.E0,0.E0));
#3460=VECTOR('',#3459,1.4E0);
#3461=CARTESIAN_POINT('',(6.3E0,-2.E0,-1.5E0));
#3462=LINE('',#3461,#3460);
#3463=DIRECTION('',(1.E0,0.E0,0.E0));
#3464=VECTOR('',#3463,3.5E-1);
#3465=CARTESIAN_POINT('',(6.3E0,-2.E0,-1.5E0));
#3466=LINE('',#3465,#3464);
#3467=DIRECTION('',(0.E0,1.E0,0.E0));
#3468=VECTOR('',#3467,1.4E0);
#3469=CARTESIAN_POINT('',(7.35E0,-2.E0,-1.5E0));
#3470=LINE('',#3469,#3468);
#3471=DIRECTION('',(1.E0,0.E0,0.E0));
#3472=VECTOR('',#3471,3.5E-1);
#3473=CARTESIAN_POINT('',(7.35E0,-2.E0,-1.5E0));
#3474=LINE('',#3473,#3472);
#3475=DIRECTION('',(0.E0,1.E0,0.E0));
#3476=VECTOR('',#3475,1.4E0);
#3477=CARTESIAN_POINT('',(7.7E0,-2.E0,-1.5E0));
#3478=LINE('',#3477,#3476);
#3479=DIRECTION('',(0.E0,-1.E0,0.E0));
#3480=VECTOR('',#3479,1.4E0);
#3481=CARTESIAN_POINT('',(-7.85E0,-6.E-1,-1.5E0));
#3482=LINE('',#3481,#3480);
#3483=DIRECTION('',(1.E0,0.E0,0.E0));
#3484=VECTOR('',#3483,5.E-1);
#3485=CARTESIAN_POINT('',(-7.85E0,-2.E0,-1.5E0));
#3486=LINE('',#3485,#3484);
#3487=DIRECTION('',(0.E0,1.E0,0.E0));
#3488=VECTOR('',#3487,1.4E0);
#3489=CARTESIAN_POINT('',(-7.35E0,-2.E0,-1.5E0));
#3490=LINE('',#3489,#3488);
#3491=DIRECTION('',(-2.248595066988E-1,-8.994380267950E-1,3.747658444979E-1));
#3492=VECTOR('',#3491,1.057874858130E0);
#3493=CARTESIAN_POINT('',(-6.062126781252E0,-1.048507125007E0,
-3.964553645803E-1));
#3494=LINE('',#3493,#3492);
#3495=DIRECTION('',(2.333729524753E-1,9.334918099013E-1,2.722684445545E-1));
#3496=VECTOR('',#3495,1.019283581174E0);
#3497=CARTESIAN_POINT('',(-6.3E0,-2.E0,-1.5E0));
#3498=LINE('',#3497,#3496);
#3499=DIRECTION('',(0.E0,-1.E0,0.E0));
#3500=VECTOR('',#3499,2.037819281380E0);
#3501=CARTESIAN_POINT('',(-6.045434872663E0,1.018909640690E0,
-4.242752122286E-1));
#3502=LINE('',#3501,#3500);
#3503=DIRECTION('',(-2.248595066988E-1,8.994380267950E-1,3.747658444979E-1));
#3504=VECTOR('',#3503,1.057874858130E0);
#3505=CARTESIAN_POINT('',(-6.062126781252E0,1.048507125007E0,
-3.964553645803E-1));
#3506=LINE('',#3505,#3504);
#3507=DIRECTION('',(-2.333729524753E-1,9.334918099013E-1,-2.722684445545E-1));
#3508=VECTOR('',#3507,1.019283581174E0);
#3509=CARTESIAN_POINT('',(-6.062126781252E0,1.048507125007E0,
-1.222481244794E0));
#3510=LINE('',#3509,#3508);
#3511=DIRECTION('',(0.E0,0.E0,1.E0));
#3512=VECTOR('',#3511,8.260258802135E-1);
#3513=CARTESIAN_POINT('',(-6.062126781252E0,1.048507125007E0,
-1.222481244794E0));
#3514=LINE('',#3513,#3512);
#3515=CARTESIAN_POINT('',(-6.045434872663E0,1.018909640690E0,
-4.242752122286E-1));
#3516=CARTESIAN_POINT('',(-6.042553365727E0,1.016008615194E0,
-4.290777237884E-1));
#3517=CARTESIAN_POINT('',(-6.035751261966E0,1.010240794633E0,
-4.372056585044E-1));
#3518=CARTESIAN_POINT('',(-6.021960945894E0,1.003211344327E0,
-4.461191839067E-1));
#3519=CARTESIAN_POINT('',(-6.007066881835E0,9.998125569930E-1,
-4.502255981323E-1));
#3520=CARTESIAN_POINT('',(-5.992250676023E0,9.998938035864E-1,
-4.501276470664E-1));
#3521=CARTESIAN_POINT('',(-5.977404597693E0,1.003439478498E0,
-4.458409289652E-1));
#3522=CARTESIAN_POINT('',(-5.963716339570E0,1.010626130333E0,
-4.366953909875E-1));
#3523=CARTESIAN_POINT('',(-5.957293737556E0,1.016162547593E0,
-4.288228959262E-1));
#3524=CARTESIAN_POINT('',(-5.954565127337E0,1.018909640690E0,
-4.242752122286E-1));
#3526=CARTESIAN_POINT('',(-6.045434872663E0,1.018909640690E0,
-4.242752122286E-1));
#3527=CARTESIAN_POINT('',(-6.052468603833E0,1.025991016480E0,
-4.125523269442E-1));
#3528=CARTESIAN_POINT('',(-6.058664782357E0,1.034659129428E0,
-4.022253627384E-1));
#3529=CARTESIAN_POINT('',(-6.062126781252E0,1.048507125007E0,
-3.964553645803E-1));
#3531=CARTESIAN_POINT('',(-6.040229751188E0,1.014213750051E0,
-1.196934709719E0));
#3532=CARTESIAN_POINT('',(-6.050076118336E0,1.022163902421E0,
-1.208422138059E0));
#3533=CARTESIAN_POINT('',(-6.058138104459E0,1.032552417837E0,
-1.217827788536E0));
#3534=CARTESIAN_POINT('',(-6.062126781252E0,1.048507125007E0,
-1.222481244794E0));
#3536=CARTESIAN_POINT('',(-5.959770248812E0,1.014213750051E0,
-1.196934709719E0));
#3537=CARTESIAN_POINT('',(-5.962940773178E0,1.011653805716E0,
-1.193235764625E0));
#3538=CARTESIAN_POINT('',(-5.970096098701E0,1.006858189650E0,
-1.186874004816E0));
#3539=CARTESIAN_POINT('',(-5.983675130411E0,1.001492966938E0,
-1.180224447111E0));
#3540=CARTESIAN_POINT('',(-5.999137637018E0,9.993728773147E-1,
-1.177679766818E0));
#3541=CARTESIAN_POINT('',(-6.014653767689E0,1.001049645340E0,
-1.179687579293E0));
#3542=CARTESIAN_POINT('',(-6.029133371684E0,1.006381157212E0,
-1.186263162805E0));
#3543=CARTESIAN_POINT('',(-6.036815816074E0,1.011457271044E0,
-1.192951785420E0));
#3544=CARTESIAN_POINT('',(-6.040229751188E0,1.014213750051E0,
-1.196934709719E0));
#3546=CARTESIAN_POINT('',(-5.937873218748E0,1.048507125007E0,
-1.222481244794E0));
#3547=CARTESIAN_POINT('',(-5.941861895541E0,1.032552417837E0,
-1.217827788536E0));
#3548=CARTESIAN_POINT('',(-5.949923881664E0,1.022163902421E0,
-1.208422138059E0));
#3549=CARTESIAN_POINT('',(-5.959770248812E0,1.014213750051E0,
-1.196934709719E0));
#3551=DIRECTION('',(0.E0,0.E0,1.E0));
#3552=VECTOR('',#3551,8.260258802135E-1);
#3553=CARTESIAN_POINT('',(-5.937873218748E0,1.048507125007E0,
-1.222481244794E0));
#3554=LINE('',#3553,#3552);
#3555=CARTESIAN_POINT('',(-5.937873218748E0,1.048507125007E0,
-3.964553645803E-1));
#3556=CARTESIAN_POINT('',(-5.941335217643E0,1.034659129428E0,
-4.022253627384E-1));
#3557=CARTESIAN_POINT('',(-5.947531396167E0,1.025991016480E0,
-4.125523269442E-1));
#3558=CARTESIAN_POINT('',(-5.954565127337E0,1.018909640690E0,
-4.242752122286E-1));
#3560=DIRECTION('',(0.E0,-1.E0,0.E0));
#3561=VECTOR('',#3560,2.037819281380E0);
#3562=CARTESIAN_POINT('',(-5.954565127337E0,1.018909640690E0,
-4.242752122286E-1));
#3563=LINE('',#3562,#3561);
#3564=CARTESIAN_POINT('',(-5.954565127337E0,-1.018909640690E0,
-4.242752122286E-1));
#3565=CARTESIAN_POINT('',(-5.956936913236E0,-1.016521788945E0,
-4.282281887270E-1));
#3566=CARTESIAN_POINT('',(-5.962453342403E0,-1.011676479063E0,
-4.352495433619E-1));
#3567=CARTESIAN_POINT('',(-5.973949280557E0,-1.005014556836E0,
-4.438770520334E-1));
#3568=CARTESIAN_POINT('',(-5.986708868689E0,-1.000934096234E0,
-4.488741451173E-1));
#3569=CARTESIAN_POINT('',(-5.999763454644E0,-9.995533282125E-1,
-4.505381784146E-1));
#3570=CARTESIAN_POINT('',(-6.012958944889E0,-1.000854717529E0,
-4.489705709859E-1));
#3571=CARTESIAN_POINT('',(-6.025781587523E0,-1.004900328869E0,
-4.440184603694E-1));
#3572=CARTESIAN_POINT('',(-6.037286986522E0,-1.011481726369E0,
-4.355129071031E-1));
#3573=CARTESIAN_POINT('',(-6.042986388561E0,-1.016444571210E0,
-4.283560190644E-1));
#3574=CARTESIAN_POINT('',(-6.045434872663E0,-1.018909640690E0,
-4.242752122286E-1));
#3576=CARTESIAN_POINT('',(-5.954565127337E0,-1.018909640690E0,
-4.242752122286E-1));
#3577=CARTESIAN_POINT('',(-5.947531396167E0,-1.025991016480E0,
-4.125523269442E-1));
#3578=CARTESIAN_POINT('',(-5.941335217643E0,-1.034659129428E0,
-4.022253627384E-1));
#3579=CARTESIAN_POINT('',(-5.937873218748E0,-1.048507125007E0,
-3.964553645803E-1));
#3581=CARTESIAN_POINT('',(-5.959770248812E0,-1.014213750051E0,
-1.196934709719E0));
#3582=CARTESIAN_POINT('',(-5.949923881664E0,-1.022163902421E0,
-1.208422138059E0));
#3583=CARTESIAN_POINT('',(-5.941861895541E0,-1.032552417837E0,
-1.217827788536E0));
#3584=CARTESIAN_POINT('',(-5.937873218748E0,-1.048507125007E0,
-1.222481244794E0));
#3586=CARTESIAN_POINT('',(-6.040229751188E0,-1.014213750051E0,
-1.196934709719E0));
#3587=CARTESIAN_POINT('',(-6.036800885069E0,-1.011445215454E0,
-1.192934365914E0));
#3588=CARTESIAN_POINT('',(-6.029085000174E0,-1.006345209547E0,
-1.186216557155E0));
#3589=CARTESIAN_POINT('',(-6.014435856952E0,-1.000989031688E0,
-1.179614103930E0));
#3590=CARTESIAN_POINT('',(-5.998868166412E0,-9.993771409837E-1,
-1.177684818249E0));
#3591=CARTESIAN_POINT('',(-5.983460210232E0,-1.001559631356E0,
-1.180305643640E0));
#3592=CARTESIAN_POINT('',(-5.970051633428E0,-1.006892296296E0,
-1.186918700237E0));
#3593=CARTESIAN_POINT('',(-5.962927022352E0,-1.011664908406E0,
-1.193251807256E0));
#3594=CARTESIAN_POINT('',(-5.959770248812E0,-1.014213750051E0,
-1.196934709719E0));
#3596=CARTESIAN_POINT('',(-6.062126781252E0,-1.048507125007E0,
-1.222481244794E0));
#3597=CARTESIAN_POINT('',(-6.058138104459E0,-1.032552417837E0,
-1.217827788536E0));
#3598=CARTESIAN_POINT('',(-6.050076118336E0,-1.022163902421E0,
-1.208422138059E0));
#3599=CARTESIAN_POINT('',(-6.040229751188E0,-1.014213750051E0,
-1.196934709719E0));
#3601=DIRECTION('',(0.E0,0.E0,1.E0));
#3602=VECTOR('',#3601,8.260258802135E-1);
#3603=CARTESIAN_POINT('',(-6.062126781252E0,-1.048507125007E0,
-1.222481244794E0));
#3604=LINE('',#3603,#3602);
#3605=CARTESIAN_POINT('',(-6.062126781252E0,-1.048507125007E0,
-3.964553645803E-1));
#3606=CARTESIAN_POINT('',(-6.058664782357E0,-1.034659129428E0,
-4.022253627384E-1));
#3607=CARTESIAN_POINT('',(-6.052468603833E0,-1.025991016480E0,
-4.125523269442E-1));
#3608=CARTESIAN_POINT('',(-6.045434872663E0,-1.018909640690E0,
-4.242752122286E-1));
#3610=DIRECTION('',(-2.248595066988E-1,8.994380267950E-1,-3.747658444979E-1));
#3611=VECTOR('',#3610,1.057874858130E0);
#3612=CARTESIAN_POINT('',(-5.7E0,-2.E0,0.E0));
#3613=LINE('',#3612,#3611);
#3614=DIRECTION('',(2.333729524753E-1,-9.334918099013E-1,-2.722684445545E-1));
#3615=VECTOR('',#3614,1.019283581174E0);
#3616=CARTESIAN_POINT('',(-5.937873218748E0,-1.048507125007E0,
-1.222481244794E0));
#3617=LINE('',#3616,#3615);
#3618=DIRECTION('',(0.E0,0.E0,1.E0));
#3619=VECTOR('',#3618,8.260258802135E-1);
#3620=CARTESIAN_POINT('',(-5.937873218748E0,-1.048507125007E0,
-1.222481244794E0));
#3621=LINE('',#3620,#3619);
#3622=DIRECTION('',(1.500975990570E-14,-1.E0,-1.500975990570E-14));
#3623=VECTOR('',#3622,4.142137500508E-1);
#3624=CARTESIAN_POINT('',(-5.959770248812E0,-6.E-1,-1.196934709719E0));
#3625=LINE('',#3624,#3623);
#3626=DIRECTION('',(-1.286550849060E-14,-1.E0,1.179338278305E-14));
#3627=VECTOR('',#3626,4.142137500507E-1);
#3628=CARTESIAN_POINT('',(-5.959770248812E0,1.014213750051E0,
-1.196934709719E0));
#3629=LINE('',#3628,#3627);
#3630=DIRECTION('',(0.E0,0.E0,1.E0));
#3631=VECTOR('',#3630,3.5E-1);
#3632=CARTESIAN_POINT('',(-5.35E0,-6.E-1,-1.5E0));
#3633=LINE('',#3632,#3631);
#3634=DIRECTION('',(0.E0,0.E0,1.E0));
#3635=VECTOR('',#3634,3.5E-1);
#3636=CARTESIAN_POINT('',(-6.65E0,-6.E-1,-1.5E0));
#3637=LINE('',#3636,#3635);
#3638=DIRECTION('',(1.E0,0.E0,0.E0));
#3639=VECTOR('',#3638,3.5E-1);
#3640=CARTESIAN_POINT('',(-6.65E0,-6.E-1,-1.5E0));
#3641=LINE('',#3640,#3639);
#3642=DIRECTION('',(6.507913734560E-1,0.E0,7.592566023653E-1));
#3643=VECTOR('',#3642,3.991605596007E-1);
#3644=CARTESIAN_POINT('',(-6.3E0,-6.E-1,-1.5E0));
#3645=LINE('',#3644,#3643);
#3646=CARTESIAN_POINT('',(-6.E0,-6.E-1,-1.231417353595E0));
#3647=DIRECTION('',(0.E0,1.E0,0.E0));
#3648=DIRECTION('',(-7.592566023653E-1,0.E0,6.507913734560E-1));
#3649=AXIS2_PLACEMENT_3D('',#3646,#3647,#3648);
#3651=DIRECTION('',(6.507913734560E-1,0.E0,-7.592566023653E-1));
#3652=VECTOR('',#3651,3.991605596007E-1);
#3653=CARTESIAN_POINT('',(-5.959770248812E0,-6.E-1,-1.196934709719E0));
#3654=LINE('',#3653,#3652);
#3655=DIRECTION('',(1.E0,0.E0,0.E0));
#3656=VECTOR('',#3655,3.5E-1);
#3657=CARTESIAN_POINT('',(-5.7E0,-6.E-1,-1.5E0));
#3658=LINE('',#3657,#3656);
#3659=DIRECTION('',(0.E0,0.E0,1.E0));
#3660=VECTOR('',#3659,3.5E-1);
#3661=CARTESIAN_POINT('',(-3.35E0,-6.E-1,-1.5E0));
#3662=LINE('',#3661,#3660);
#3663=DIRECTION('',(0.E0,0.E0,1.E0));
#3664=VECTOR('',#3663,3.5E-1);
#3665=CARTESIAN_POINT('',(-4.65E0,-6.E-1,-1.5E0));
#3666=LINE('',#3665,#3664);
#3667=DIRECTION('',(1.E0,0.E0,0.E0));
#3668=VECTOR('',#3667,3.5E-1);
#3669=CARTESIAN_POINT('',(-4.65E0,-6.E-1,-1.5E0));
#3670=LINE('',#3669,#3668);
#3671=DIRECTION('',(6.507913734560E-1,0.E0,7.592566023653E-1));
#3672=VECTOR('',#3671,3.991605596007E-1);
#3673=CARTESIAN_POINT('',(-4.3E0,-6.E-1,-1.5E0));
#3674=LINE('',#3673,#3672);
#3675=CARTESIAN_POINT('',(-4.E0,-6.E-1,-1.231417353595E0));
#3676=DIRECTION('',(0.E0,1.E0,0.E0));
#3677=DIRECTION('',(-7.592566023653E-1,0.E0,6.507913734560E-1));
#3678=AXIS2_PLACEMENT_3D('',#3675,#3676,#3677);
#3680=DIRECTION('',(6.507913734560E-1,0.E0,-7.592566023653E-1));
#3681=VECTOR('',#3680,3.991605596007E-1);
#3682=CARTESIAN_POINT('',(-3.959770248812E0,-6.E-1,-1.196934709719E0));
#3683=LINE('',#3682,#3681);
#3684=DIRECTION('',(1.E0,0.E0,0.E0));
#3685=VECTOR('',#3684,3.5E-1);
#3686=CARTESIAN_POINT('',(-3.7E0,-6.E-1,-1.5E0));
#3687=LINE('',#3686,#3685);
#3688=DIRECTION('',(0.E0,0.E0,1.E0));
#3689=VECTOR('',#3688,3.5E-1);
#3690=CARTESIAN_POINT('',(-1.35E0,-6.E-1,-1.5E0));
#3691=LINE('',#3690,#3689);
#3692=DIRECTION('',(0.E0,0.E0,1.E0));
#3693=VECTOR('',#3692,3.5E-1);
#3694=CARTESIAN_POINT('',(-2.65E0,-6.E-1,-1.5E0));
#3695=LINE('',#3694,#3693);
#3696=DIRECTION('',(1.E0,0.E0,0.E0));
#3697=VECTOR('',#3696,3.5E-1);
#3698=CARTESIAN_POINT('',(-2.65E0,-6.E-1,-1.5E0));
#3699=LINE('',#3698,#3697);
#3700=DIRECTION('',(6.507913734560E-1,0.E0,7.592566023653E-1));
#3701=VECTOR('',#3700,3.991605596007E-1);
#3702=CARTESIAN_POINT('',(-2.3E0,-6.E-1,-1.5E0));
#3703=LINE('',#3702,#3701);
#3704=CARTESIAN_POINT('',(-2.E0,-6.E-1,-1.231417353595E0));
#3705=DIRECTION('',(0.E0,1.E0,0.E0));
#3706=DIRECTION('',(-7.592566023653E-1,0.E0,6.507913734560E-1));
#3707=AXIS2_PLACEMENT_3D('',#3704,#3705,#3706);
#3709=DIRECTION('',(6.507913734560E-1,0.E0,-7.592566023653E-1));
#3710=VECTOR('',#3709,3.991605596007E-1);
#3711=CARTESIAN_POINT('',(-1.959770248812E0,-6.E-1,-1.196934709719E0));
#3712=LINE('',#3711,#3710);
#3713=DIRECTION('',(1.E0,0.E0,0.E0));
#3714=VECTOR('',#3713,3.5E-1);
#3715=CARTESIAN_POINT('',(-1.7E0,-6.E-1,-1.5E0));
#3716=LINE('',#3715,#3714);
#3717=DIRECTION('',(0.E0,0.E0,1.E0));
#3718=VECTOR('',#3717,3.5E-1);
#3719=CARTESIAN_POINT('',(6.5E-1,-6.E-1,-1.5E0));
#3720=LINE('',#3719,#3718);
#3721=DIRECTION('',(0.E0,0.E0,1.E0));
#3722=VECTOR('',#3721,3.5E-1);
#3723=CARTESIAN_POINT('',(-6.5E-1,-6.E-1,-1.5E0));
#3724=LINE('',#3723,#3722);
#3725=DIRECTION('',(1.E0,0.E0,0.E0));
#3726=VECTOR('',#3725,3.5E-1);
#3727=CARTESIAN_POINT('',(-6.5E-1,-6.E-1,-1.5E0));
#3728=LINE('',#3727,#3726);
#3729=DIRECTION('',(6.507913734560E-1,0.E0,7.592566023653E-1));
#3730=VECTOR('',#3729,3.991605596007E-1);
#3731=CARTESIAN_POINT('',(-3.E-1,-6.E-1,-1.5E0));
#3732=LINE('',#3731,#3730);
#3733=CARTESIAN_POINT('',(0.E0,-6.E-1,-1.231417353595E0));
#3734=DIRECTION('',(0.E0,1.E0,0.E0));
#3735=DIRECTION('',(-7.592566023653E-1,0.E0,6.507913734560E-1));
#3736=AXIS2_PLACEMENT_3D('',#3733,#3734,#3735);
#3738=DIRECTION('',(6.507913734560E-1,0.E0,-7.592566023653E-1));
#3739=VECTOR('',#3738,3.991605596007E-1);
#3740=CARTESIAN_POINT('',(4.022975118799E-2,-6.E-1,-1.196934709719E0));
#3741=LINE('',#3740,#3739);
#3742=DIRECTION('',(1.E0,0.E0,0.E0));
#3743=VECTOR('',#3742,3.5E-1);
#3744=CARTESIAN_POINT('',(3.E-1,-6.E-1,-1.5E0));
#3745=LINE('',#3744,#3743);
#3746=DIRECTION('',(0.E0,0.E0,1.E0));
#3747=VECTOR('',#3746,3.5E-1);
#3748=CARTESIAN_POINT('',(2.65E0,-6.E-1,-1.5E0));
#3749=LINE('',#3748,#3747);
#3750=DIRECTION('',(0.E0,0.E0,1.E0));
#3751=VECTOR('',#3750,3.5E-1);
#3752=CARTESIAN_POINT('',(1.35E0,-6.E-1,-1.5E0));
#3753=LINE('',#3752,#3751);
#3754=DIRECTION('',(1.E0,0.E0,0.E0));
#3755=VECTOR('',#3754,3.5E-1);
#3756=CARTESIAN_POINT('',(1.35E0,-6.E-1,-1.5E0));
#3757=LINE('',#3756,#3755);
#3758=DIRECTION('',(6.507913734560E-1,0.E0,7.592566023653E-1));
#3759=VECTOR('',#3758,3.991605596007E-1);
#3760=CARTESIAN_POINT('',(1.7E0,-6.E-1,-1.5E0));
#3761=LINE('',#3760,#3759);
#3762=CARTESIAN_POINT('',(2.E0,-6.E-1,-1.231417353595E0));
#3763=DIRECTION('',(0.E0,1.E0,0.E0));
#3764=DIRECTION('',(-7.592566023653E-1,0.E0,6.507913734560E-1));
#3765=AXIS2_PLACEMENT_3D('',#3762,#3763,#3764);
#3767=DIRECTION('',(6.507913734560E-1,0.E0,-7.592566023653E-1));
#3768=VECTOR('',#3767,3.991605596007E-1);
#3769=CARTESIAN_POINT('',(2.040229751188E0,-6.E-1,-1.196934709719E0));
#3770=LINE('',#3769,#3768);
#3771=DIRECTION('',(1.E0,0.E0,0.E0));
#3772=VECTOR('',#3771,3.5E-1);
#3773=CARTESIAN_POINT('',(2.3E0,-6.E-1,-1.5E0));
#3774=LINE('',#3773,#3772);
#3775=DIRECTION('',(0.E0,0.E0,1.E0));
#3776=VECTOR('',#3775,3.5E-1);
#3777=CARTESIAN_POINT('',(4.65E0,-6.E-1,-1.5E0));
#3778=LINE('',#3777,#3776);
#3779=DIRECTION('',(0.E0,0.E0,1.E0));
#3780=VECTOR('',#3779,3.5E-1);
#3781=CARTESIAN_POINT('',(3.35E0,-6.E-1,-1.5E0));
#3782=LINE('',#3781,#3780);
#3783=DIRECTION('',(1.E0,0.E0,0.E0));
#3784=VECTOR('',#3783,3.5E-1);
#3785=CARTESIAN_POINT('',(3.35E0,-6.E-1,-1.5E0));
#3786=LINE('',#3785,#3784);
#3787=DIRECTION('',(6.507913734560E-1,0.E0,7.592566023653E-1));
#3788=VECTOR('',#3787,3.991605596007E-1);
#3789=CARTESIAN_POINT('',(3.7E0,-6.E-1,-1.5E0));
#3790=LINE('',#3789,#3788);
#3791=CARTESIAN_POINT('',(4.E0,-6.E-1,-1.231417353595E0));
#3792=DIRECTION('',(0.E0,1.E0,0.E0));
#3793=DIRECTION('',(-7.592566023653E-1,0.E0,6.507913734560E-1));
#3794=AXIS2_PLACEMENT_3D('',#3791,#3792,#3793);
#3796=DIRECTION('',(6.507913734560E-1,0.E0,-7.592566023653E-1));
#3797=VECTOR('',#3796,3.991605596007E-1);
#3798=CARTESIAN_POINT('',(4.040229751188E0,-6.E-1,-1.196934709719E0));
#3799=LINE('',#3798,#3797);
#3800=DIRECTION('',(1.E0,0.E0,0.E0));
#3801=VECTOR('',#3800,3.5E-1);
#3802=CARTESIAN_POINT('',(4.3E0,-6.E-1,-1.5E0));
#3803=LINE('',#3802,#3801);
#3804=DIRECTION('',(0.E0,0.E0,1.E0));
#3805=VECTOR('',#3804,3.5E-1);
#3806=CARTESIAN_POINT('',(6.65E0,-6.E-1,-1.5E0));
#3807=LINE('',#3806,#3805);
#3808=DIRECTION('',(0.E0,0.E0,1.E0));
#3809=VECTOR('',#3808,3.5E-1);
#3810=CARTESIAN_POINT('',(5.35E0,-6.E-1,-1.5E0));
#3811=LINE('',#3810,#3809);
#3812=DIRECTION('',(1.E0,0.E0,0.E0));
#3813=VECTOR('',#3812,3.5E-1);
#3814=CARTESIAN_POINT('',(5.35E0,-6.E-1,-1.5E0));
#3815=LINE('',#3814,#3813);
#3816=DIRECTION('',(6.507913734560E-1,0.E0,7.592566023653E-1));
#3817=VECTOR('',#3816,3.991605596007E-1);
#3818=CARTESIAN_POINT('',(5.7E0,-6.E-1,-1.5E0));
#3819=LINE('',#3818,#3817);
#3820=CARTESIAN_POINT('',(6.E0,-6.E-1,-1.231417353595E0));
#3821=DIRECTION('',(0.E0,1.E0,0.E0));
#3822=DIRECTION('',(-7.592566023653E-1,0.E0,6.507913734560E-1));
#3823=AXIS2_PLACEMENT_3D('',#3820,#3821,#3822);
#3825=DIRECTION('',(6.507913734560E-1,0.E0,-7.592566023653E-1));
#3826=VECTOR('',#3825,3.991605596007E-1);
#3827=CARTESIAN_POINT('',(6.040229751188E0,-6.E-1,-1.196934709719E0));
#3828=LINE('',#3827,#3826);
#3829=DIRECTION('',(1.E0,0.E0,0.E0));
#3830=VECTOR('',#3829,3.5E-1);
#3831=CARTESIAN_POINT('',(6.3E0,-6.E-1,-1.5E0));
#3832=LINE('',#3831,#3830);
#3833=DIRECTION('',(0.E0,0.E0,1.E0));
#3834=VECTOR('',#3833,3.5E-1);
#3835=CARTESIAN_POINT('',(7.35E0,-6.E-1,-1.5E0));
#3836=LINE('',#3835,#3834);
#3837=DIRECTION('',(1.E0,0.E0,0.E0));
#3838=VECTOR('',#3837,3.5E-1);
#3839=CARTESIAN_POINT('',(7.35E0,-6.E-1,-1.5E0));
#3840=LINE('',#3839,#3838);
#3841=DIRECTION('',(-7.071067811865E-1,0.E0,7.071067811865E-1));
#3842=VECTOR('',#3841,2.121320343560E-1);
#3843=CARTESIAN_POINT('',(-7.85E0,-6.E-1,-1.5E0));
#3844=LINE('',#3843,#3842);
#3845=DIRECTION('',(1.E0,0.E0,0.E0));
#3846=VECTOR('',#3845,5.E-1);
#3847=CARTESIAN_POINT('',(-7.85E0,-6.E-1,-1.5E0));
#3848=LINE('',#3847,#3846);
#3849=DIRECTION('',(0.E0,0.E0,1.E0));
#3850=VECTOR('',#3849,3.5E-1);
#3851=CARTESIAN_POINT('',(-7.35E0,-6.E-1,-1.5E0));
#3852=LINE('',#3851,#3850);
#3853=DIRECTION('',(0.E0,-1.E0,0.E0));
#3854=VECTOR('',#3853,4.142137500508E-1);
#3855=CARTESIAN_POINT('',(-6.040229751188E0,-6.E-1,-1.196934709719E0));
#3856=LINE('',#3855,#3854);
#3857=DIRECTION('',(0.E0,-1.E0,0.E0));
#3858=VECTOR('',#3857,4.142137500507E-1);
#3859=CARTESIAN_POINT('',(-6.040229751188E0,1.014213750051E0,
-1.196934709719E0));
#3860=LINE('',#3859,#3858);
#3861=DIRECTION('',(0.E0,0.E0,-1.E0));
#3862=VECTOR('',#3861,3.5E-1);
#3863=CARTESIAN_POINT('',(-5.35E0,6.E-1,-1.15E0));
#3864=LINE('',#3863,#3862);
#3865=DIRECTION('',(6.507913734560E-1,0.E0,-7.592566023653E-1));
#3866=VECTOR('',#3865,3.991605596007E-1);
#3867=CARTESIAN_POINT('',(-5.959770248812E0,6.E-1,-1.196934709719E0));
#3868=LINE('',#3867,#3866);
#3869=CARTESIAN_POINT('',(-6.E0,6.E-1,-1.231417353595E0));
#3870=DIRECTION('',(0.E0,1.E0,0.E0));
#3871=DIRECTION('',(-7.592566023653E-1,0.E0,6.507913734560E-1));
#3872=AXIS2_PLACEMENT_3D('',#3869,#3870,#3871);
#3874=DIRECTION('',(6.507913734560E-1,0.E0,7.592566023653E-1));
#3875=VECTOR('',#3874,3.991605596007E-1);
#3876=CARTESIAN_POINT('',(-6.3E0,6.E-1,-1.5E0));
#3877=LINE('',#3876,#3875);
#3878=DIRECTION('',(0.E0,0.E0,-1.E0));
#3879=VECTOR('',#3878,3.5E-1);
#3880=CARTESIAN_POINT('',(-6.65E0,6.E-1,-1.15E0));
#3881=LINE('',#3880,#3879);
#3882=DIRECTION('',(1.E0,0.E0,0.E0));
#3883=VECTOR('',#3882,1.3E0);
#3884=CARTESIAN_POINT('',(-6.65E0,6.E-1,-1.15E0));
#3885=LINE('',#3884,#3883);
#3886=DIRECTION('',(0.E0,0.E0,-1.E0));
#3887=VECTOR('',#3886,3.5E-1);
#3888=CARTESIAN_POINT('',(-3.35E0,6.E-1,-1.15E0));
#3889=LINE('',#3888,#3887);
#3890=DIRECTION('',(6.507913734560E-1,0.E0,-7.592566023653E-1));
#3891=VECTOR('',#3890,3.991605596007E-1);
#3892=CARTESIAN_POINT('',(-3.959770248812E0,6.E-1,-1.196934709719E0));
#3893=LINE('',#3892,#3891);
#3894=CARTESIAN_POINT('',(-4.E0,6.E-1,-1.231417353595E0));
#3895=DIRECTION('',(0.E0,1.E0,0.E0));
#3896=DIRECTION('',(-7.592566023653E-1,0.E0,6.507913734560E-1));
#3897=AXIS2_PLACEMENT_3D('',#3894,#3895,#3896);
#3899=DIRECTION('',(6.507913734560E-1,0.E0,7.592566023653E-1));
#3900=VECTOR('',#3899,3.991605596007E-1);
#3901=CARTESIAN_POINT('',(-4.3E0,6.E-1,-1.5E0));
#3902=LINE('',#3901,#3900);
#3903=DIRECTION('',(0.E0,0.E0,-1.E0));
#3904=VECTOR('',#3903,3.5E-1);
#3905=CARTESIAN_POINT('',(-4.65E0,6.E-1,-1.15E0));
#3906=LINE('',#3905,#3904);
#3907=DIRECTION('',(1.E0,0.E0,0.E0));
#3908=VECTOR('',#3907,1.3E0);
#3909=CARTESIAN_POINT('',(-4.65E0,6.E-1,-1.15E0));
#3910=LINE('',#3909,#3908);
#3911=DIRECTION('',(0.E0,0.E0,-1.E0));
#3912=VECTOR('',#3911,3.5E-1);
#3913=CARTESIAN_POINT('',(-1.35E0,6.E-1,-1.15E0));
#3914=LINE('',#3913,#3912);
#3915=DIRECTION('',(6.507913734560E-1,0.E0,-7.592566023653E-1));
#3916=VECTOR('',#3915,3.991605596007E-1);
#3917=CARTESIAN_POINT('',(-1.959770248812E0,6.E-1,-1.196934709719E0));
#3918=LINE('',#3917,#3916);
#3919=CARTESIAN_POINT('',(-2.E0,6.E-1,-1.231417353595E0));
#3920=DIRECTION('',(0.E0,1.E0,0.E0));
#3921=DIRECTION('',(-7.592566023653E-1,0.E0,6.507913734560E-1));
#3922=AXIS2_PLACEMENT_3D('',#3919,#3920,#3921);
#3924=DIRECTION('',(6.507913734560E-1,0.E0,7.592566023653E-1));
#3925=VECTOR('',#3924,3.991605596007E-1);
#3926=CARTESIAN_POINT('',(-2.3E0,6.E-1,-1.5E0));
#3927=LINE('',#3926,#3925);
#3928=DIRECTION('',(0.E0,0.E0,-1.E0));
#3929=VECTOR('',#3928,3.5E-1);
#3930=CARTESIAN_POINT('',(-2.65E0,6.E-1,-1.15E0));
#3931=LINE('',#3930,#3929);
#3932=DIRECTION('',(1.E0,0.E0,0.E0));
#3933=VECTOR('',#3932,1.3E0);
#3934=CARTESIAN_POINT('',(-2.65E0,6.E-1,-1.15E0));
#3935=LINE('',#3934,#3933);
#3936=DIRECTION('',(0.E0,0.E0,-1.E0));
#3937=VECTOR('',#3936,3.5E-1);
#3938=CARTESIAN_POINT('',(6.5E-1,6.E-1,-1.15E0));
#3939=LINE('',#3938,#3937);
#3940=DIRECTION('',(6.507913734560E-1,0.E0,-7.592566023653E-1));
#3941=VECTOR('',#3940,3.991605596007E-1);
#3942=CARTESIAN_POINT('',(4.022975118799E-2,6.E-1,-1.196934709719E0));
#3943=LINE('',#3942,#3941);
#3944=CARTESIAN_POINT('',(0.E0,6.E-1,-1.231417353595E0));
#3945=DIRECTION('',(0.E0,1.E0,0.E0));
#3946=DIRECTION('',(-7.592566023653E-1,0.E0,6.507913734560E-1));
#3947=AXIS2_PLACEMENT_3D('',#3944,#3945,#3946);
#3949=DIRECTION('',(6.507913734560E-1,0.E0,7.592566023653E-1));
#3950=VECTOR('',#3949,3.991605596007E-1);
#3951=CARTESIAN_POINT('',(-3.E-1,6.E-1,-1.5E0));
#3952=LINE('',#3951,#3950);
#3953=DIRECTION('',(0.E0,0.E0,-1.E0));
#3954=VECTOR('',#3953,3.5E-1);
#3955=CARTESIAN_POINT('',(-6.5E-1,6.E-1,-1.15E0));
#3956=LINE('',#3955,#3954);
#3957=DIRECTION('',(1.E0,0.E0,0.E0));
#3958=VECTOR('',#3957,1.3E0);
#3959=CARTESIAN_POINT('',(-6.5E-1,6.E-1,-1.15E0));
#3960=LINE('',#3959,#3958);
#3961=DIRECTION('',(0.E0,0.E0,-1.E0));
#3962=VECTOR('',#3961,3.5E-1);
#3963=CARTESIAN_POINT('',(2.65E0,6.E-1,-1.15E0));
#3964=LINE('',#3963,#3962);
#3965=DIRECTION('',(6.507913734560E-1,0.E0,-7.592566023653E-1));
#3966=VECTOR('',#3965,3.991605596007E-1);
#3967=CARTESIAN_POINT('',(2.040229751188E0,6.E-1,-1.196934709719E0));
#3968=LINE('',#3967,#3966);
#3969=CARTESIAN_POINT('',(2.E0,6.E-1,-1.231417353595E0));
#3970=DIRECTION('',(0.E0,1.E0,0.E0));
#3971=DIRECTION('',(-7.592566023653E-1,0.E0,6.507913734560E-1));
#3972=AXIS2_PLACEMENT_3D('',#3969,#3970,#3971);
#3974=DIRECTION('',(6.507913734560E-1,0.E0,7.592566023653E-1));
#3975=VECTOR('',#3974,3.991605596007E-1);
#3976=CARTESIAN_POINT('',(1.7E0,6.E-1,-1.5E0));
#3977=LINE('',#3976,#3975);
#3978=DIRECTION('',(0.E0,0.E0,-1.E0));
#3979=VECTOR('',#3978,3.5E-1);
#3980=CARTESIAN_POINT('',(1.35E0,6.E-1,-1.15E0));
#3981=LINE('',#3980,#3979);
#3982=DIRECTION('',(1.E0,0.E0,0.E0));
#3983=VECTOR('',#3982,1.3E0);
#3984=CARTESIAN_POINT('',(1.35E0,6.E-1,-1.15E0));
#3985=LINE('',#3984,#3983);
#3986=DIRECTION('',(0.E0,0.E0,-1.E0));
#3987=VECTOR('',#3986,3.5E-1);
#3988=CARTESIAN_POINT('',(4.65E0,6.E-1,-1.15E0));
#3989=LINE('',#3988,#3987);
#3990=DIRECTION('',(6.507913734560E-1,0.E0,-7.592566023653E-1));
#3991=VECTOR('',#3990,3.991605596007E-1);
#3992=CARTESIAN_POINT('',(4.040229751188E0,6.E-1,-1.196934709719E0));
#3993=LINE('',#3992,#3991);
#3994=CARTESIAN_POINT('',(4.E0,6.E-1,-1.231417353595E0));
#3995=DIRECTION('',(0.E0,1.E0,0.E0));
#3996=DIRECTION('',(-7.592566023653E-1,0.E0,6.507913734560E-1));
#3997=AXIS2_PLACEMENT_3D('',#3994,#3995,#3996);
#3999=DIRECTION('',(6.507913734560E-1,0.E0,7.592566023653E-1));
#4000=VECTOR('',#3999,3.991605596007E-1);
#4001=CARTESIAN_POINT('',(3.7E0,6.E-1,-1.5E0));
#4002=LINE('',#4001,#4000);
#4003=DIRECTION('',(0.E0,0.E0,-1.E0));
#4004=VECTOR('',#4003,3.5E-1);
#4005=CARTESIAN_POINT('',(3.35E0,6.E-1,-1.15E0));
#4006=LINE('',#4005,#4004);
#4007=DIRECTION('',(1.E0,0.E0,0.E0));
#4008=VECTOR('',#4007,1.3E0);
#4009=CARTESIAN_POINT('',(3.35E0,6.E-1,-1.15E0));
#4010=LINE('',#4009,#4008);
#4011=DIRECTION('',(0.E0,0.E0,-1.E0));
#4012=VECTOR('',#4011,3.5E-1);
#4013=CARTESIAN_POINT('',(6.65E0,6.E-1,-1.15E0));
#4014=LINE('',#4013,#4012);
#4015=DIRECTION('',(6.507913734560E-1,0.E0,-7.592566023653E-1));
#4016=VECTOR('',#4015,3.991605596007E-1);
#4017=CARTESIAN_POINT('',(6.040229751188E0,6.E-1,-1.196934709719E0));
#4018=LINE('',#4017,#4016);
#4019=CARTESIAN_POINT('',(6.E0,6.E-1,-1.231417353595E0));
#4020=DIRECTION('',(0.E0,1.E0,0.E0));
#4021=DIRECTION('',(-7.592566023653E-1,0.E0,6.507913734560E-1));
#4022=AXIS2_PLACEMENT_3D('',#4019,#4020,#4021);
#4024=DIRECTION('',(6.507913734560E-1,0.E0,7.592566023653E-1));
#4025=VECTOR('',#4024,3.991605596007E-1);
#4026=CARTESIAN_POINT('',(5.7E0,6.E-1,-1.5E0));
#4027=LINE('',#4026,#4025);
#4028=DIRECTION('',(0.E0,0.E0,-1.E0));
#4029=VECTOR('',#4028,3.5E-1);
#4030=CARTESIAN_POINT('',(5.35E0,6.E-1,-1.15E0));
#4031=LINE('',#4030,#4029);
#4032=DIRECTION('',(1.E0,0.E0,0.E0));
#4033=VECTOR('',#4032,1.3E0);
#4034=CARTESIAN_POINT('',(5.35E0,6.E-1,-1.15E0));
#4035=LINE('',#4034,#4033);
#4036=DIRECTION('',(0.E0,0.E0,-1.E0));
#4037=VECTOR('',#4036,3.5E-1);
#4038=CARTESIAN_POINT('',(7.35E0,6.E-1,-1.15E0));
#4039=LINE('',#4038,#4037);
#4040=DIRECTION('',(1.E0,0.E0,0.E0));
#4041=VECTOR('',#4040,6.5E-1);
#4042=CARTESIAN_POINT('',(7.35E0,6.E-1,-1.15E0));
#4043=LINE('',#4042,#4041);
#4044=DIRECTION('',(7.071067811865E-1,0.E0,-7.071067811865E-1));
#4045=VECTOR('',#4044,2.121320343560E-1);
#4046=CARTESIAN_POINT('',(-8.E0,6.E-1,-1.35E0));
#4047=LINE('',#4046,#4045);
#4048=DIRECTION('',(1.E0,0.E0,0.E0));
#4049=VECTOR('',#4048,6.5E-1);
#4050=CARTESIAN_POINT('',(-8.E0,6.E-1,-1.15E0));
#4051=LINE('',#4050,#4049);
#4052=DIRECTION('',(0.E0,0.E0,-1.E0));
#4053=VECTOR('',#4052,3.5E-1);
#4054=CARTESIAN_POINT('',(-7.35E0,6.E-1,-1.15E0));
#4055=LINE('',#4054,#4053);
#4056=DIRECTION('',(0.E0,-1.E0,1.072125707550E-14));
#4057=VECTOR('',#4056,4.142137500507E-1);
#4058=CARTESIAN_POINT('',(-3.959770248812E0,1.014213750051E0,
-1.196934709719E0));
#4059=LINE('',#4058,#4057);
#4060=DIRECTION('',(1.286550849060E-14,-1.E0,-1.447369705192E-14));
#4061=VECTOR('',#4060,4.142137500508E-1);
#4062=CARTESIAN_POINT('',(-3.959770248812E0,-6.E-1,-1.196934709719E0));
#4063=LINE('',#4062,#4061);
#4064=DIRECTION('',(0.E0,-1.E0,0.E0));
#4065=VECTOR('',#4064,4.142137500507E-1);
#4066=CARTESIAN_POINT('',(-4.040229751188E0,1.014213750051E0,
-1.196934709719E0));
#4067=LINE('',#4066,#4065);
#4068=DIRECTION('',(0.E0,-1.E0,0.E0));
#4069=VECTOR('',#4068,4.142137500508E-1);
#4070=CARTESIAN_POINT('',(-4.040229751188E0,-6.E-1,-1.196934709719E0));
#4071=LINE('',#4070,#4069);
#4072=CARTESIAN_POINT('',(-4.045434872663E0,1.018909640690E0,
-4.242752122286E-1));
#4073=CARTESIAN_POINT('',(-4.042526518118E0,1.015981585727E0,
-4.291224698025E-1));
#4074=CARTESIAN_POINT('',(-4.035662948855E0,1.010172708959E0,
-4.372960711550E-1));
#4075=CARTESIAN_POINT('',(-4.021797408281E0,1.003153932094E0,
-4.461894301677E-1));
#4076=CARTESIAN_POINT('',(-4.006975056660E0,9.998096929321E-1,
-4.502288837403E-1));
#4077=CARTESIAN_POINT('',(-3.992218395597E0,9.999004523319E-1,
-4.501196698723E-1));
#4078=CARTESIAN_POINT('',(-3.977395384483E0,1.003443894167E0,
-4.458354162047E-1));
#4079=CARTESIAN_POINT('',(-3.963712516842E0,1.010629070597E0,
-4.366913700877E-1));
#4080=CARTESIAN_POINT('',(-3.957292930269E0,1.016163360348E0,
-4.288215504478E-1));
#4081=CARTESIAN_POINT('',(-3.954565127337E0,1.018909640690E0,
-4.242752122286E-1));
#4083=CARTESIAN_POINT('',(-4.045434872663E0,1.018909640690E0,
-4.242752122286E-1));
#4084=CARTESIAN_POINT('',(-4.052468603833E0,1.025991016480E0,
-4.125523269442E-1));
#4085=CARTESIAN_POINT('',(-4.058664782357E0,1.034659129428E0,
-4.022253627384E-1));
#4086=CARTESIAN_POINT('',(-4.062126781252E0,1.048507125007E0,
-3.964553645803E-1));
#4088=CARTESIAN_POINT('',(-4.040229751188E0,1.014213750051E0,
-1.196934709719E0));
#4089=CARTESIAN_POINT('',(-4.050076118336E0,1.022163902421E0,
-1.208422138059E0));
#4090=CARTESIAN_POINT('',(-4.058138104459E0,1.032552417837E0,
-1.217827788536E0));
#4091=CARTESIAN_POINT('',(-4.062126781252E0,1.048507125007E0,
-1.222481244794E0));
#4093=CARTESIAN_POINT('',(-3.959770248812E0,1.014213750051E0,
-1.196934709719E0));
#4094=CARTESIAN_POINT('',(-3.962950552515E0,1.011645909685E0,
-1.193224355399E0));
#4095=CARTESIAN_POINT('',(-3.970127650293E0,1.006838021263E0,
-1.186847975307E0));
#4096=CARTESIAN_POINT('',(-3.983755753669E0,1.001469030858E0,
-1.180195372477E0));
#4097=CARTESIAN_POINT('',(-3.999237893551E0,9.993717759659E-1,
-1.177678458829E0));
#4098=CARTESIAN_POINT('',(-4.014731007112E0,1.001070944584E0,
-1.179713374290E0));
#4099=CARTESIAN_POINT('',(-4.029160583603E0,1.006398642540E0,
-1.186285623597E0));
#4100=CARTESIAN_POINT('',(-4.036824081986E0,1.011463945105E0,
-1.192961428983E0));
#4101=CARTESIAN_POINT('',(-4.040229751188E0,1.014213750051E0,
-1.196934709719E0));
#4103=CARTESIAN_POINT('',(-3.937873218748E0,1.048507125007E0,
-1.222481244794E0));
#4104=CARTESIAN_POINT('',(-3.941861895541E0,1.032552417837E0,
-1.217827788536E0));
#4105=CARTESIAN_POINT('',(-3.949923881664E0,1.022163902421E0,
-1.208422138059E0));
#4106=CARTESIAN_POINT('',(-3.959770248812E0,1.014213750051E0,
-1.196934709719E0));
#4108=DIRECTION('',(0.E0,0.E0,1.E0));
#4109=VECTOR('',#4108,8.260258802135E-1);
#4110=CARTESIAN_POINT('',(-3.937873218748E0,1.048507125007E0,
-1.222481244794E0));
#4111=LINE('',#4110,#4109);
#4112=CARTESIAN_POINT('',(-3.937873218748E0,1.048507125007E0,
-3.964553645803E-1));
#4113=CARTESIAN_POINT('',(-3.941335217643E0,1.034659129428E0,
-4.022253627384E-1));
#4114=CARTESIAN_POINT('',(-3.947531396167E0,1.025991016480E0,
-4.125523269442E-1));
#4115=CARTESIAN_POINT('',(-3.954565127337E0,1.018909640690E0,
-4.242752122286E-1));
#4117=DIRECTION('',(0.E0,-1.E0,0.E0));
#4118=VECTOR('',#4117,2.037819281379E0);
#4119=CARTESIAN_POINT('',(-3.954565127337E0,1.018909640690E0,
-4.242752122286E-1));
#4120=LINE('',#4119,#4118);
#4121=DIRECTION('',(-2.248595066988E-1,-8.994380267950E-1,-3.747658444979E-1));
#4122=VECTOR('',#4121,1.057874858130E0);
#4123=CARTESIAN_POINT('',(-3.7E0,2.E0,0.E0));
#4124=LINE('',#4123,#4122);
#4125=DIRECTION('',(-2.333729524753E-1,-9.334918099013E-1,2.722684445545E-1));
#4126=VECTOR('',#4125,1.019283581174E0);
#4127=CARTESIAN_POINT('',(-3.7E0,2.E0,-1.5E0));
#4128=LINE('',#4127,#4126);
#4129=DIRECTION('',(2.248595066988E-1,-8.994380267950E-1,3.747658444979E-1));
#4130=VECTOR('',#4129,1.057874858130E0);
#4131=CARTESIAN_POINT('',(-3.937873218748E0,-1.048507125007E0,
-3.964553645803E-1));
#4132=LINE('',#4131,#4130);
#4133=DIRECTION('',(2.333729524753E-1,-9.334918099013E-1,-2.722684445545E-1));
#4134=VECTOR('',#4133,1.019283581174E0);
#4135=CARTESIAN_POINT('',(-3.937873218748E0,-1.048507125007E0,
-1.222481244794E0));
#4136=LINE('',#4135,#4134);
#4137=DIRECTION('',(0.E0,0.E0,1.E0));
#4138=VECTOR('',#4137,8.260258802135E-1);
#4139=CARTESIAN_POINT('',(-3.937873218748E0,-1.048507125007E0,
-1.222481244794E0));
#4140=LINE('',#4139,#4138);
#4141=CARTESIAN_POINT('',(-3.954565127337E0,-1.018909640690E0,
-4.242752122286E-1));
#4142=CARTESIAN_POINT('',(-3.956936103251E0,-1.016522604417E0,
-4.282268387523E-1));
#4143=CARTESIAN_POINT('',(-3.962449983030E0,-1.011679103334E0,
-4.352459179506E-1));
#4144=CARTESIAN_POINT('',(-3.973943012647E0,-1.005017775199E0,
-4.438729844299E-1));
#4145=CARTESIAN_POINT('',(-3.986689225922E0,-1.000939803097E0,
-4.488671808799E-1));
#4146=CARTESIAN_POINT('',(-3.999706469814E0,-9.995572845319E-1,
-4.505334625247E-1));
#4147=CARTESIAN_POINT('',(-4.012839491470E0,-1.000834581852E0,
-4.489947110016E-1));
#4148=CARTESIAN_POINT('',(-4.025645802144E0,-1.004839663641E0,
-4.440941236601E-1));
#4149=CARTESIAN_POINT('',(-4.037220821930E0,-1.011428152104E0,
-4.355862477868E-1));
#4150=CARTESIAN_POINT('',(-4.042965962343E0,-1.016424006629E0,
-4.283900627618E-1));
#4151=CARTESIAN_POINT('',(-4.045434872663E0,-1.018909640690E0,
-4.242752122286E-1));
#4153=CARTESIAN_POINT('',(-3.954565127337E0,-1.018909640690E0,
-4.242752122286E-1));
#4154=CARTESIAN_POINT('',(-3.947531396167E0,-1.025991016480E0,
-4.125523269442E-1));
#4155=CARTESIAN_POINT('',(-3.941335217643E0,-1.034659129428E0,
-4.022253627384E-1));
#4156=CARTESIAN_POINT('',(-3.937873218748E0,-1.048507125007E0,
-3.964553645803E-1));
#4158=CARTESIAN_POINT('',(-3.959770248812E0,-1.014213750051E0,
-1.196934709719E0));
#4159=CARTESIAN_POINT('',(-3.949923881664E0,-1.022163902421E0,
-1.208422138059E0));
#4160=CARTESIAN_POINT('',(-3.941861895541E0,-1.032552417837E0,
-1.217827788536E0));
#4161=CARTESIAN_POINT('',(-3.937873218748E0,-1.048507125007E0,
-1.222481244794E0));
#4163=CARTESIAN_POINT('',(-4.040229751188E0,-1.014213750051E0,
-1.196934709719E0));
#4164=CARTESIAN_POINT('',(-4.036809353947E0,-1.011452053394E0,
-1.192944246271E0));
#4165=CARTESIAN_POINT('',(-4.029112820684E0,-1.006362951587E0,
-1.186239317833E0));
#4166=CARTESIAN_POINT('',(-4.014512485186E0,-1.001009821547E0,
-1.179639263766E0));
#4167=CARTESIAN_POINT('',(-3.998966606531E0,-9.993755195898E-1,
-1.177682890354E0));
#4168=CARTESIAN_POINT('',(-3.983537745872E0,-1.001536260177E0,
-1.180277236395E0));
#4169=CARTESIAN_POINT('',(-3.970082216385E0,-1.006872798358E0,
-1.186893520606E0));
#4170=CARTESIAN_POINT('',(-3.962936465563E0,-1.011657283770E0,
-1.193240790177E0));
#4171=CARTESIAN_POINT('',(-3.959770248812E0,-1.014213750051E0,
-1.196934709719E0));
#4173=CARTESIAN_POINT('',(-4.062126781252E0,-1.048507125007E0,
-1.222481244794E0));
#4174=CARTESIAN_POINT('',(-4.058138104459E0,-1.032552417837E0,
-1.217827788536E0));
#4175=CARTESIAN_POINT('',(-4.050076118336E0,-1.022163902421E0,
-1.208422138059E0));
#4176=CARTESIAN_POINT('',(-4.040229751188E0,-1.014213750051E0,
-1.196934709719E0));
#4178=DIRECTION('',(0.E0,0.E0,1.E0));
#4179=VECTOR('',#4178,8.260258802135E-1);
#4180=CARTESIAN_POINT('',(-4.062126781252E0,-1.048507125007E0,
-1.222481244794E0));
#4181=LINE('',#4180,#4179);
#4182=CARTESIAN_POINT('',(-4.062126781252E0,-1.048507125007E0,
-3.964553645803E-1));
#4183=CARTESIAN_POINT('',(-4.058664782357E0,-1.034659129428E0,
-4.022253627384E-1));
#4184=CARTESIAN_POINT('',(-4.052468603833E0,-1.025991016480E0,
-4.125523269442E-1));
#4185=CARTESIAN_POINT('',(-4.045434872663E0,-1.018909640690E0,
-4.242752122286E-1));
#4187=DIRECTION('',(2.248595066988E-1,8.994380267950E-1,-3.747658444979E-1));
#4188=VECTOR('',#4187,1.057874858130E0);
#4189=CARTESIAN_POINT('',(-4.3E0,-2.E0,0.E0));
#4190=LINE('',#4189,#4188);
#4191=DIRECTION('',(2.333729524753E-1,9.334918099013E-1,2.722684445545E-1));
#4192=VECTOR('',#4191,1.019283581174E0);
#4193=CARTESIAN_POINT('',(-4.3E0,-2.E0,-1.5E0));
#4194=LINE('',#4193,#4192);
#4195=DIRECTION('',(0.E0,-1.E0,0.E0));
#4196=VECTOR('',#4195,2.037819281379E0);
#4197=CARTESIAN_POINT('',(-4.045434872663E0,1.018909640690E0,
-4.242752122286E-1));
#4198=LINE('',#4197,#4196);
#4199=DIRECTION('',(-2.248595066988E-1,8.994380267950E-1,3.747658444979E-1));
#4200=VECTOR('',#4199,1.057874858130E0);
#4201=CARTESIAN_POINT('',(-4.062126781252E0,1.048507125007E0,
-3.964553645803E-1));
#4202=LINE('',#4201,#4200);
#4203=DIRECTION('',(-2.333729524753E-1,9.334918099013E-1,-2.722684445545E-1));
#4204=VECTOR('',#4203,1.019283581174E0);
#4205=CARTESIAN_POINT('',(-4.062126781252E0,1.048507125007E0,
-1.222481244794E0));
#4206=LINE('',#4205,#4204);
#4207=DIRECTION('',(0.E0,0.E0,1.E0));
#4208=VECTOR('',#4207,8.260258802135E-1);
#4209=CARTESIAN_POINT('',(-4.062126781252E0,1.048507125007E0,
-1.222481244794E0));
#4210=LINE('',#4209,#4208);
#4211=DIRECTION('',(0.E0,-1.E0,0.E0));
#4212=VECTOR('',#4211,1.4E0);
#4213=CARTESIAN_POINT('',(-4.65E0,2.E0,-1.15E0));
#4214=LINE('',#4213,#4212);
#4215=DIRECTION('',(0.E0,-1.E0,0.E0));
#4216=VECTOR('',#4215,1.4E0);
#4217=CARTESIAN_POINT('',(-4.65E0,-6.E-1,-1.15E0));
#4218=LINE('',#4217,#4216);
#4219=DIRECTION('',(-1.179338278305E-14,-1.E0,1.179338278305E-14));
#4220=VECTOR('',#4219,4.142137500507E-1);
#4221=CARTESIAN_POINT('',(-1.959770248812E0,1.014213750051E0,
-1.196934709719E0));
#4222=LINE('',#4221,#4220);
#4223=DIRECTION('',(1.286550849060E-14,-1.E0,-1.447369705192E-14));
#4224=VECTOR('',#4223,4.142137500508E-1);
#4225=CARTESIAN_POINT('',(-1.959770248812E0,-6.E-1,-1.196934709719E0));
#4226=LINE('',#4225,#4224);
#4227=DIRECTION('',(0.E0,-1.E0,0.E0));
#4228=VECTOR('',#4227,4.142137500507E-1);
#4229=CARTESIAN_POINT('',(-2.040229751188E0,1.014213750051E0,
-1.196934709719E0));
#4230=LINE('',#4229,#4228);
#4231=DIRECTION('',(0.E0,-1.E0,0.E0));
#4232=VECTOR('',#4231,4.142137500507E-1);
#4233=CARTESIAN_POINT('',(-2.040229751188E0,-6.E-1,-1.196934709719E0));
#4234=LINE('',#4233,#4232);
#4235=CARTESIAN_POINT('',(-1.937873218748E0,1.048507125007E0,
-3.964553645803E-1));
#4236=CARTESIAN_POINT('',(-1.941335217643E0,1.034659129428E0,
-4.022253627384E-1));
#4237=CARTESIAN_POINT('',(-1.947531396167E0,1.025991016480E0,
-4.125523269442E-1));
#4238=CARTESIAN_POINT('',(-1.954565127337E0,1.018909640690E0,
-4.242752122286E-1));
#4240=CARTESIAN_POINT('',(-2.045434872663E0,1.018909640690E0,
-4.242752122286E-1));
#4241=CARTESIAN_POINT('',(-2.042526518118E0,1.015981585727E0,
-4.291224698025E-1));
#4242=CARTESIAN_POINT('',(-2.035662948855E0,1.010172708959E0,
-4.372960711550E-1));
#4243=CARTESIAN_POINT('',(-2.021797408281E0,1.003153932094E0,
-4.461894301677E-1));
#4244=CARTESIAN_POINT('',(-2.006975056660E0,9.998096929321E-1,
-4.502288837403E-1));
#4245=CARTESIAN_POINT('',(-1.992218395597E0,9.999004523319E-1,
-4.501196698723E-1));
#4246=CARTESIAN_POINT('',(-1.977395384483E0,1.003443894167E0,
-4.458354162047E-1));
#4247=CARTESIAN_POINT('',(-1.963712516842E0,1.010629070597E0,
-4.366913700877E-1));
#4248=CARTESIAN_POINT('',(-1.957292930269E0,1.016163360348E0,
-4.288215504478E-1));
#4249=CARTESIAN_POINT('',(-1.954565127337E0,1.018909640690E0,
-4.242752122286E-1));
#4251=CARTESIAN_POINT('',(-2.045434872663E0,1.018909640690E0,
-4.242752122286E-1));
#4252=CARTESIAN_POINT('',(-2.052468603833E0,1.025991016480E0,
-4.125523269442E-1));
#4253=CARTESIAN_POINT('',(-2.058664782357E0,1.034659129428E0,
-4.022253627384E-1));
#4254=CARTESIAN_POINT('',(-2.062126781252E0,1.048507125007E0,
-3.964553645803E-1));
#4256=CARTESIAN_POINT('',(-2.040229751188E0,1.014213750051E0,
-1.196934709719E0));
#4257=CARTESIAN_POINT('',(-2.050076118336E0,1.022163902421E0,
-1.208422138059E0));
#4258=CARTESIAN_POINT('',(-2.058138104459E0,1.032552417837E0,
-1.217827788536E0));
#4259=CARTESIAN_POINT('',(-2.062126781252E0,1.048507125007E0,
-1.222481244794E0));
#4261=CARTESIAN_POINT('',(-1.959770248812E0,1.014213750051E0,
-1.196934709719E0));
#4262=CARTESIAN_POINT('',(-1.962950552515E0,1.011645909685E0,
-1.193224355399E0));
#4263=CARTESIAN_POINT('',(-1.970127650293E0,1.006838021263E0,
-1.186847975307E0));
#4264=CARTESIAN_POINT('',(-1.983755753669E0,1.001469030858E0,
-1.180195372477E0));
#4265=CARTESIAN_POINT('',(-1.999237893551E0,9.993717759659E-1,
-1.177678458829E0));
#4266=CARTESIAN_POINT('',(-2.014731007112E0,1.001070944584E0,
-1.179713374290E0));
#4267=CARTESIAN_POINT('',(-2.029160583603E0,1.006398642540E0,
-1.186285623597E0));
#4268=CARTESIAN_POINT('',(-2.036824081986E0,1.011463945105E0,
-1.192961428983E0));
#4269=CARTESIAN_POINT('',(-2.040229751188E0,1.014213750051E0,
-1.196934709719E0));
#4271=CARTESIAN_POINT('',(-1.937873218748E0,1.048507125007E0,
-1.222481244794E0));
#4272=CARTESIAN_POINT('',(-1.941861895541E0,1.032552417837E0,
-1.217827788536E0));
#4273=CARTESIAN_POINT('',(-1.949923881664E0,1.022163902421E0,
-1.208422138059E0));
#4274=CARTESIAN_POINT('',(-1.959770248812E0,1.014213750051E0,
-1.196934709719E0));
#4276=DIRECTION('',(0.E0,0.E0,1.E0));
#4277=VECTOR('',#4276,8.260258802135E-1);
#4278=CARTESIAN_POINT('',(-1.937873218748E0,1.048507125007E0,
-1.222481244794E0));
#4279=LINE('',#4278,#4277);
#4280=DIRECTION('',(0.E0,-1.E0,0.E0));
#4281=VECTOR('',#4280,2.037819281379E0);
#4282=CARTESIAN_POINT('',(-1.954565127337E0,1.018909640690E0,
-4.242752122286E-1));
#4283=LINE('',#4282,#4281);
#4284=CARTESIAN_POINT('',(-1.954565127337E0,-1.018909640690E0,
-4.242752122286E-1));
#4285=CARTESIAN_POINT('',(-1.947531396167E0,-1.025991016480E0,
-4.125523269442E-1));
#4286=CARTESIAN_POINT('',(-1.941335217643E0,-1.034659129428E0,
-4.022253627384E-1));
#4287=CARTESIAN_POINT('',(-1.937873218748E0,-1.048507125007E0,
-3.964553645803E-1));
#4289=CARTESIAN_POINT('',(-1.959770248812E0,-1.014213750051E0,
-1.196934709719E0));
#4290=CARTESIAN_POINT('',(-1.949923881664E0,-1.022163902421E0,
-1.208422138059E0));
#4291=CARTESIAN_POINT('',(-1.941861895541E0,-1.032552417837E0,
-1.217827788536E0));
#4292=CARTESIAN_POINT('',(-1.937873218748E0,-1.048507125007E0,
-1.222481244794E0));
#4294=CARTESIAN_POINT('',(-2.040229751188E0,-1.014213750051E0,
-1.196934709719E0));
#4295=CARTESIAN_POINT('',(-2.036809353947E0,-1.011452053394E0,
-1.192944246271E0));
#4296=CARTESIAN_POINT('',(-2.029112820684E0,-1.006362951587E0,
-1.186239317833E0));
#4297=CARTESIAN_POINT('',(-2.014512485186E0,-1.001009821547E0,
-1.179639263766E0));
#4298=CARTESIAN_POINT('',(-1.998966606531E0,-9.993755195898E-1,
-1.177682890354E0));
#4299=CARTESIAN_POINT('',(-1.983537745872E0,-1.001536260177E0,
-1.180277236395E0));
#4300=CARTESIAN_POINT('',(-1.970082216385E0,-1.006872798358E0,
-1.186893520606E0));
#4301=CARTESIAN_POINT('',(-1.962936465563E0,-1.011657283770E0,
-1.193240790177E0));
#4302=CARTESIAN_POINT('',(-1.959770248812E0,-1.014213750051E0,
-1.196934709719E0));
#4304=CARTESIAN_POINT('',(-2.062126781252E0,-1.048507125007E0,
-1.222481244794E0));
#4305=CARTESIAN_POINT('',(-2.058138104459E0,-1.032552417837E0,
-1.217827788536E0));
#4306=CARTESIAN_POINT('',(-2.050076118336E0,-1.022163902421E0,
-1.208422138059E0));
#4307=CARTESIAN_POINT('',(-2.040229751188E0,-1.014213750051E0,
-1.196934709719E0));
#4309=DIRECTION('',(0.E0,0.E0,1.E0));
#4310=VECTOR('',#4309,8.260258802135E-1);
#4311=CARTESIAN_POINT('',(-2.062126781252E0,-1.048507125007E0,
-1.222481244794E0));
#4312=LINE('',#4311,#4310);
#4313=CARTESIAN_POINT('',(-2.062126781252E0,-1.048507125007E0,
-3.964553645803E-1));
#4314=CARTESIAN_POINT('',(-2.058664782357E0,-1.034659129428E0,
-4.022253627384E-1));
#4315=CARTESIAN_POINT('',(-2.052468603833E0,-1.025991016480E0,
-4.125523269442E-1));
#4316=CARTESIAN_POINT('',(-2.045434872663E0,-1.018909640690E0,
-4.242752122286E-1));
#4318=CARTESIAN_POINT('',(-1.954565127337E0,-1.018909640690E0,
-4.242752122286E-1));
#4319=CARTESIAN_POINT('',(-1.956936103251E0,-1.016522604417E0,
-4.282268387523E-1));
#4320=CARTESIAN_POINT('',(-1.962449983030E0,-1.011679103334E0,
-4.352459179506E-1));
#4321=CARTESIAN_POINT('',(-1.973943012647E0,-1.005017775199E0,
-4.438729844299E-1));
#4322=CARTESIAN_POINT('',(-1.986689225922E0,-1.000939803097E0,
-4.488671808799E-1));
#4323=CARTESIAN_POINT('',(-1.999706469815E0,-9.995572845319E-1,
-4.505334625247E-1));
#4324=CARTESIAN_POINT('',(-2.012839491470E0,-1.000834581852E0,
-4.489947110016E-1));
#4325=CARTESIAN_POINT('',(-2.025645802144E0,-1.004839663641E0,
-4.440941236601E-1));
#4326=CARTESIAN_POINT('',(-2.037220821930E0,-1.011428152104E0,
-4.355862477868E-1));
#4327=CARTESIAN_POINT('',(-2.042965962343E0,-1.016424006629E0,
-4.283900627618E-1));
#4328=CARTESIAN_POINT('',(-2.045434872663E0,-1.018909640690E0,
-4.242752122286E-1));
#4330=DIRECTION('',(2.248595066988E-1,-8.994380267950E-1,3.747658444979E-1));
#4331=VECTOR('',#4330,1.057874858130E0);
#4332=CARTESIAN_POINT('',(-1.937873218748E0,-1.048507125007E0,
-3.964553645803E-1));
#4333=LINE('',#4332,#4331);
#4334=DIRECTION('',(2.333729524753E-1,-9.334918099013E-1,-2.722684445545E-1));
#4335=VECTOR('',#4334,1.019283581174E0);
#4336=CARTESIAN_POINT('',(-1.937873218748E0,-1.048507125007E0,
-1.222481244794E0));
#4337=LINE('',#4336,#4335);
#4338=DIRECTION('',(0.E0,0.E0,1.E0));
#4339=VECTOR('',#4338,8.260258802135E-1);
#4340=CARTESIAN_POINT('',(-1.937873218748E0,-1.048507125007E0,
-1.222481244794E0));
#4341=LINE('',#4340,#4339);
#4342=DIRECTION('',(2.248595066988E-1,8.994380267950E-1,-3.747658444979E-1));
#4343=VECTOR('',#4342,1.057874858130E0);
#4344=CARTESIAN_POINT('',(-2.3E0,-2.E0,0.E0));
#4345=LINE('',#4344,#4343);
#4346=DIRECTION('',(2.333729524753E-1,9.334918099013E-1,2.722684445545E-1));
#4347=VECTOR('',#4346,1.019283581174E0);
#4348=CARTESIAN_POINT('',(-2.3E0,-2.E0,-1.5E0));
#4349=LINE('',#4348,#4347);
#4350=DIRECTION('',(0.E0,-1.E0,0.E0));
#4351=VECTOR('',#4350,2.037819281379E0);
#4352=CARTESIAN_POINT('',(-2.045434872663E0,1.018909640690E0,
-4.242752122286E-1));
#4353=LINE('',#4352,#4351);
#4354=DIRECTION('',(-2.248595066988E-1,8.994380267950E-1,3.747658444979E-1));
#4355=VECTOR('',#4354,1.057874858130E0);
#4356=CARTESIAN_POINT('',(-2.062126781252E0,1.048507125007E0,
-3.964553645803E-1));
#4357=LINE('',#4356,#4355);
#4358=DIRECTION('',(-2.333729524753E-1,9.334918099013E-1,-2.722684445545E-1));
#4359=VECTOR('',#4358,1.019283581174E0);
#4360=CARTESIAN_POINT('',(-2.062126781252E0,1.048507125007E0,
-1.222481244794E0));
#4361=LINE('',#4360,#4359);
#4362=DIRECTION('',(0.E0,0.E0,1.E0));
#4363=VECTOR('',#4362,8.260258802135E-1);
#4364=CARTESIAN_POINT('',(-2.062126781252E0,1.048507125007E0,
-1.222481244794E0));
#4365=LINE('',#4364,#4363);
#4366=DIRECTION('',(-2.248595066988E-1,-8.994380267950E-1,-3.747658444979E-1));
#4367=VECTOR('',#4366,1.057874858130E0);
#4368=CARTESIAN_POINT('',(-1.7E0,2.E0,0.E0));
#4369=LINE('',#4368,#4367);
#4370=DIRECTION('',(-2.333729524753E-1,-9.334918099013E-1,2.722684445545E-1));
#4371=VECTOR('',#4370,1.019283581174E0);
#4372=CARTESIAN_POINT('',(-1.7E0,2.E0,-1.5E0));
#4373=LINE('',#4372,#4371);
#4374=DIRECTION('',(0.E0,-1.E0,0.E0));
#4375=VECTOR('',#4374,1.4E0);
#4376=CARTESIAN_POINT('',(-2.65E0,2.E0,-1.15E0));
#4377=LINE('',#4376,#4375);
#4378=DIRECTION('',(0.E0,-1.E0,0.E0));
#4379=VECTOR('',#4378,1.4E0);
#4380=CARTESIAN_POINT('',(-2.65E0,-6.E-1,-1.15E0));
#4381=LINE('',#4380,#4379);
#4382=DIRECTION('',(0.E0,-1.E0,1.072125707550E-14));
#4383=VECTOR('',#4382,4.142137500507E-1);
#4384=CARTESIAN_POINT('',(4.022975118799E-2,1.014213750051E0,
-1.196934709719E0));
#4385=LINE('',#4384,#4383);
#4386=DIRECTION('',(1.075476100386E-14,-1.E0,-1.179338278305E-14));
#4387=VECTOR('',#4386,4.142137500508E-1);
#4388=CARTESIAN_POINT('',(4.022975118799E-2,-6.E-1,-1.196934709719E0));
#4389=LINE('',#4388,#4387);
#4390=DIRECTION('',(0.E0,-1.E0,0.E0));
#4391=VECTOR('',#4390,4.142137500507E-1);
#4392=CARTESIAN_POINT('',(-4.022975118799E-2,1.014213750051E0,
-1.196934709719E0));
#4393=LINE('',#4392,#4391);
#4394=DIRECTION('',(0.E0,-1.E0,0.E0));
#4395=VECTOR('',#4394,4.142137500507E-1);
#4396=CARTESIAN_POINT('',(-4.022975118799E-2,-6.E-1,-1.196934709719E0));
#4397=LINE('',#4396,#4395);
#4398=CARTESIAN_POINT('',(6.212678125182E-2,1.048507125007E0,
-3.964553645803E-1));
#4399=CARTESIAN_POINT('',(5.866478235696E-2,1.034659129428E0,
-4.022253627384E-1));
#4400=CARTESIAN_POINT('',(5.246860383348E-2,1.025991016480E0,
-4.125523269442E-1));
#4401=CARTESIAN_POINT('',(4.543487266282E-2,1.018909640690E0,
-4.242752122286E-1));
#4403=CARTESIAN_POINT('',(-4.543487266282E-2,1.018909640690E0,
-4.242752122286E-1));
#4404=CARTESIAN_POINT('',(-4.252651811848E-2,1.015981585727E0,
-4.291224698025E-1));
#4405=CARTESIAN_POINT('',(-3.566294885455E-2,1.010172708959E0,
-4.372960711550E-1));
#4406=CARTESIAN_POINT('',(-2.179740828128E-2,1.003153932094E0,
-4.461894301677E-1));
#4407=CARTESIAN_POINT('',(-6.975056659544E-3,9.998096929321E-1,
-4.502288837403E-1));
#4408=CARTESIAN_POINT('',(7.781604403048E-3,9.999004523319E-1,
-4.501196698723E-1));
#4409=CARTESIAN_POINT('',(2.260461551665E-2,1.003443894167E0,
-4.458354162047E-1));
#4410=CARTESIAN_POINT('',(3.628748315795E-2,1.010629070597E0,
-4.366913700877E-1));
#4411=CARTESIAN_POINT('',(4.270706973135E-2,1.016163360348E0,
-4.288215504478E-1));
#4412=CARTESIAN_POINT('',(4.543487266281E-2,1.018909640690E0,
-4.242752122286E-1));
#4414=CARTESIAN_POINT('',(-4.543487266282E-2,1.018909640690E0,
-4.242752122286E-1));
#4415=CARTESIAN_POINT('',(-5.246860383348E-2,1.025991016480E0,
-4.125523269442E-1));
#4416=CARTESIAN_POINT('',(-5.866478235696E-2,1.034659129428E0,
-4.022253627384E-1));
#4417=CARTESIAN_POINT('',(-6.212678125182E-2,1.048507125007E0,
-3.964553645803E-1));
#4419=CARTESIAN_POINT('',(-4.022975118799E-2,1.014213750051E0,
-1.196934709719E0));
#4420=CARTESIAN_POINT('',(-5.007611833632E-2,1.022163902421E0,
-1.208422138059E0));
#4421=CARTESIAN_POINT('',(-5.813810445928E-2,1.032552417837E0,
-1.217827788536E0));
#4422=CARTESIAN_POINT('',(-6.212678125182E-2,1.048507125007E0,
-1.222481244794E0));
#4424=CARTESIAN_POINT('',(4.022975118799E-2,1.014213750051E0,
-1.196934709719E0));
#4425=CARTESIAN_POINT('',(3.704944748502E-2,1.011645909685E0,
-1.193224355399E0));
#4426=CARTESIAN_POINT('',(2.987234970710E-2,1.006838021263E0,
-1.186847975307E0));
#4427=CARTESIAN_POINT('',(1.624424633057E-2,1.001469030858E0,
-1.180195372477E0));
#4428=CARTESIAN_POINT('',(7.621064487463E-4,9.993717759659E-1,
-1.177678458829E0));
#4429=CARTESIAN_POINT('',(-1.473100711168E-2,1.001070944584E0,
-1.179713374290E0));
#4430=CARTESIAN_POINT('',(-2.916058360325E-2,1.006398642540E0,
-1.186285623597E0));
#4431=CARTESIAN_POINT('',(-3.682408198552E-2,1.011463945105E0,
-1.192961428983E0));
#4432=CARTESIAN_POINT('',(-4.022975118799E-2,1.014213750051E0,
-1.196934709719E0));
#4434=CARTESIAN_POINT('',(6.212678125182E-2,1.048507125007E0,
-1.222481244794E0));
#4435=CARTESIAN_POINT('',(5.813810445928E-2,1.032552417837E0,
-1.217827788536E0));
#4436=CARTESIAN_POINT('',(5.007611833632E-2,1.022163902421E0,
-1.208422138059E0));
#4437=CARTESIAN_POINT('',(4.022975118799E-2,1.014213750051E0,
-1.196934709719E0));
#4439=DIRECTION('',(0.E0,0.E0,1.E0));
#4440=VECTOR('',#4439,8.260258802135E-1);
#4441=CARTESIAN_POINT('',(6.212678125182E-2,1.048507125007E0,
-1.222481244794E0));
#4442=LINE('',#4441,#4440);
#4443=DIRECTION('',(0.E0,-1.E0,0.E0));
#4444=VECTOR('',#4443,2.037819281379E0);
#4445=CARTESIAN_POINT('',(4.543487266281E-2,1.018909640690E0,
-4.242752122286E-1));
#4446=LINE('',#4445,#4444);
#4447=CARTESIAN_POINT('',(4.543487266282E-2,-1.018909640690E0,
-4.242752122286E-1));
#4448=CARTESIAN_POINT('',(5.246860383348E-2,-1.025991016480E0,
-4.125523269442E-1));
#4449=CARTESIAN_POINT('',(5.866478235696E-2,-1.034659129428E0,
-4.022253627384E-1));
#4450=CARTESIAN_POINT('',(6.212678125182E-2,-1.048507125007E0,
-3.964553645803E-1));
#4452=CARTESIAN_POINT('',(4.022975118799E-2,-1.014213750051E0,
-1.196934709719E0));
#4453=CARTESIAN_POINT('',(5.007611833632E-2,-1.022163902421E0,
-1.208422138059E0));
#4454=CARTESIAN_POINT('',(5.813810445928E-2,-1.032552417837E0,
-1.217827788536E0));
#4455=CARTESIAN_POINT('',(6.212678125182E-2,-1.048507125007E0,
-1.222481244794E0));
#4457=CARTESIAN_POINT('',(-4.022975118799E-2,-1.014213750051E0,
-1.196934709719E0));
#4458=CARTESIAN_POINT('',(-3.680935394678E-2,-1.011452053394E0,
-1.192944246271E0));
#4459=CARTESIAN_POINT('',(-2.911282068382E-2,-1.006362951587E0,
-1.186239317833E0));
#4460=CARTESIAN_POINT('',(-1.451248518577E-2,-1.001009821547E0,
-1.179639263766E0));
#4461=CARTESIAN_POINT('',(1.033393468544E-3,-9.993755195898E-1,
-1.177682890354E0));
#4462=CARTESIAN_POINT('',(1.646225412833E-2,-1.001536260177E0,
-1.180277236395E0));
#4463=CARTESIAN_POINT('',(2.991778361473E-2,-1.006872798358E0,
-1.186893520606E0));
#4464=CARTESIAN_POINT('',(3.706353443719E-2,-1.011657283770E0,
-1.193240790177E0));
#4465=CARTESIAN_POINT('',(4.022975118799E-2,-1.014213750051E0,
-1.196934709719E0));
#4467=CARTESIAN_POINT('',(-6.212678125182E-2,-1.048507125007E0,
-1.222481244794E0));
#4468=CARTESIAN_POINT('',(-5.813810445928E-2,-1.032552417837E0,
-1.217827788536E0));
#4469=CARTESIAN_POINT('',(-5.007611833632E-2,-1.022163902421E0,
-1.208422138059E0));
#4470=CARTESIAN_POINT('',(-4.022975118799E-2,-1.014213750051E0,
-1.196934709719E0));
#4472=DIRECTION('',(0.E0,0.E0,1.E0));
#4473=VECTOR('',#4472,8.260258802135E-1);
#4474=CARTESIAN_POINT('',(-6.212678125182E-2,-1.048507125007E0,
-1.222481244794E0));
#4475=LINE('',#4474,#4473);
#4476=CARTESIAN_POINT('',(-6.212678125182E-2,-1.048507125007E0,
-3.964553645803E-1));
#4477=CARTESIAN_POINT('',(-5.866478235696E-2,-1.034659129428E0,
-4.022253627384E-1));
#4478=CARTESIAN_POINT('',(-5.246860383348E-2,-1.025991016480E0,
-4.125523269442E-1));
#4479=CARTESIAN_POINT('',(-4.543487266282E-2,-1.018909640690E0,
-4.242752122286E-1));
#4481=CARTESIAN_POINT('',(4.543487266282E-2,-1.018909640690E0,
-4.242752122286E-1));
#4482=CARTESIAN_POINT('',(4.306389674861E-2,-1.016522604417E0,
-4.282268387523E-1));
#4483=CARTESIAN_POINT('',(3.755001696996E-2,-1.011679103334E0,
-4.352459179506E-1));
#4484=CARTESIAN_POINT('',(2.605698735277E-2,-1.005017775199E0,
-4.438729844299E-1));
#4485=CARTESIAN_POINT('',(1.331077407848E-2,-1.000939803097E0,
-4.488671808799E-1));
#4486=CARTESIAN_POINT('',(2.935301854986E-4,-9.995572845319E-1,
-4.505334625247E-1));
#4487=CARTESIAN_POINT('',(-1.283949147027E-2,-1.000834581852E0,
-4.489947110016E-1));
#4488=CARTESIAN_POINT('',(-2.564580214448E-2,-1.004839663641E0,
-4.440941236601E-1));
#4489=CARTESIAN_POINT('',(-3.722082193012E-2,-1.011428152104E0,
-4.355862477868E-1));
#4490=CARTESIAN_POINT('',(-4.296596234290E-2,-1.016424006629E0,
-4.283900627618E-1));
#4491=CARTESIAN_POINT('',(-4.543487266281E-2,-1.018909640690E0,
-4.242752122286E-1));
#4493=DIRECTION('',(2.248595066988E-1,-8.994380267950E-1,3.747658444979E-1));
#4494=VECTOR('',#4493,1.057874858130E0);
#4495=CARTESIAN_POINT('',(6.212678125182E-2,-1.048507125007E0,
-3.964553645803E-1));
#4496=LINE('',#4495,#4494);
#4497=DIRECTION('',(2.333729524753E-1,-9.334918099013E-1,-2.722684445545E-1));
#4498=VECTOR('',#4497,1.019283581174E0);
#4499=CARTESIAN_POINT('',(6.212678125182E-2,-1.048507125007E0,
-1.222481244794E0));
#4500=LINE('',#4499,#4498);
#4501=DIRECTION('',(0.E0,0.E0,1.E0));
#4502=VECTOR('',#4501,8.260258802135E-1);
#4503=CARTESIAN_POINT('',(6.212678125182E-2,-1.048507125007E0,
-1.222481244794E0));
#4504=LINE('',#4503,#4502);
#4505=DIRECTION('',(2.248595066988E-1,8.994380267950E-1,-3.747658444979E-1));
#4506=VECTOR('',#4505,1.057874858130E0);
#4507=CARTESIAN_POINT('',(-3.E-1,-2.E0,0.E0));
#4508=LINE('',#4507,#4506);
#4509=DIRECTION('',(2.333729524753E-1,9.334918099013E-1,2.722684445545E-1));
#4510=VECTOR('',#4509,1.019283581174E0);
#4511=CARTESIAN_POINT('',(-3.E-1,-2.E0,-1.5E0));
#4512=LINE('',#4511,#4510);
#4513=DIRECTION('',(0.E0,-1.E0,0.E0));
#4514=VECTOR('',#4513,2.037819281379E0);
#4515=CARTESIAN_POINT('',(-4.543487266282E-2,1.018909640690E0,
-4.242752122286E-1));
#4516=LINE('',#4515,#4514);
#4517=DIRECTION('',(-2.248595066988E-1,8.994380267950E-1,3.747658444979E-1));
#4518=VECTOR('',#4517,1.057874858130E0);
#4519=CARTESIAN_POINT('',(-6.212678125182E-2,1.048507125007E0,
-3.964553645803E-1));
#4520=LINE('',#4519,#4518);
#4521=DIRECTION('',(-2.333729524753E-1,9.334918099013E-1,-2.722684445545E-1));
#4522=VECTOR('',#4521,1.019283581174E0);
#4523=CARTESIAN_POINT('',(-6.212678125182E-2,1.048507125007E0,
-1.222481244794E0));
#4524=LINE('',#4523,#4522);
#4525=DIRECTION('',(0.E0,0.E0,1.E0));
#4526=VECTOR('',#4525,8.260258802135E-1);
#4527=CARTESIAN_POINT('',(-6.212678125182E-2,1.048507125007E0,
-1.222481244794E0));
#4528=LINE('',#4527,#4526);
#4529=DIRECTION('',(-2.248595066988E-1,-8.994380267950E-1,-3.747658444979E-1));
#4530=VECTOR('',#4529,1.057874858130E0);
#4531=CARTESIAN_POINT('',(3.E-1,2.E0,0.E0));
#4532=LINE('',#4531,#4530);
#4533=DIRECTION('',(-2.333729524753E-1,-9.334918099013E-1,2.722684445545E-1));
#4534=VECTOR('',#4533,1.019283581174E0);
#4535=CARTESIAN_POINT('',(3.E-1,2.E0,-1.5E0));
#4536=LINE('',#4535,#4534);
#4537=DIRECTION('',(0.E0,-1.E0,0.E0));
#4538=VECTOR('',#4537,1.4E0);
#4539=CARTESIAN_POINT('',(-6.5E-1,2.E0,-1.15E0));
#4540=LINE('',#4539,#4538);
#4541=DIRECTION('',(0.E0,-1.E0,0.E0));
#4542=VECTOR('',#4541,1.4E0);
#4543=CARTESIAN_POINT('',(-6.5E-1,-6.E-1,-1.15E0));
#4544=LINE('',#4543,#4542);
#4545=DIRECTION('',(0.E0,-1.E0,1.125731992927E-14));
#4546=VECTOR('',#4545,4.142137500507E-1);
#4547=CARTESIAN_POINT('',(2.040229751188E0,1.014213750051E0,-1.196934709719E0));
#4548=LINE('',#4547,#4546);
#4549=DIRECTION('',(1.179338278305E-14,-1.E0,-1.286550849060E-14));
#4550=VECTOR('',#4549,4.142137500508E-1);
#4551=CARTESIAN_POINT('',(2.040229751188E0,-6.E-1,-1.196934709719E0));
#4552=LINE('',#4551,#4550);
#4553=DIRECTION('',(0.E0,-1.E0,0.E0));
#4554=VECTOR('',#4553,4.142137500507E-1);
#4555=CARTESIAN_POINT('',(1.959770248812E0,1.014213750051E0,-1.196934709719E0));
#4556=LINE('',#4555,#4554);
#4557=DIRECTION('',(0.E0,-1.E0,0.E0));
#4558=VECTOR('',#4557,4.142137500507E-1);
#4559=CARTESIAN_POINT('',(1.959770248812E0,-6.E-1,-1.196934709719E0));
#4560=LINE('',#4559,#4558);
#4561=CARTESIAN_POINT('',(2.062126781252E0,1.048507125007E0,
-3.964553645803E-1));
#4562=CARTESIAN_POINT('',(2.058664782357E0,1.034659129428E0,
-4.022253627384E-1));
#4563=CARTESIAN_POINT('',(2.052468603833E0,1.025991016480E0,
-4.125523269442E-1));
#4564=CARTESIAN_POINT('',(2.045434872663E0,1.018909640690E0,
-4.242752122286E-1));
#4566=CARTESIAN_POINT('',(1.954565127337E0,1.018909640690E0,
-4.242752122286E-1));
#4567=CARTESIAN_POINT('',(1.957473481882E0,1.015981585727E0,
-4.291224698025E-1));
#4568=CARTESIAN_POINT('',(1.964337051145E0,1.010172708959E0,
-4.372960711550E-1));
#4569=CARTESIAN_POINT('',(1.978202591719E0,1.003153932094E0,
-4.461894301677E-1));
#4570=CARTESIAN_POINT('',(1.993024943340E0,9.998096929321E-1,
-4.502288837403E-1));
#4571=CARTESIAN_POINT('',(2.007781604403E0,9.999004523319E-1,
-4.501196698723E-1));
#4572=CARTESIAN_POINT('',(2.022604615517E0,1.003443894167E0,
-4.458354162047E-1));
#4573=CARTESIAN_POINT('',(2.036287483158E0,1.010629070597E0,
-4.366913700877E-1));
#4574=CARTESIAN_POINT('',(2.042707069731E0,1.016163360348E0,
-4.288215504478E-1));
#4575=CARTESIAN_POINT('',(2.045434872663E0,1.018909640690E0,
-4.242752122286E-1));
#4577=CARTESIAN_POINT('',(1.954565127337E0,1.018909640690E0,
-4.242752122286E-1));
#4578=CARTESIAN_POINT('',(1.947531396167E0,1.025991016480E0,
-4.125523269442E-1));
#4579=CARTESIAN_POINT('',(1.941335217643E0,1.034659129428E0,
-4.022253627384E-1));
#4580=CARTESIAN_POINT('',(1.937873218748E0,1.048507125007E0,
-3.964553645803E-1));
#4582=CARTESIAN_POINT('',(1.959770248812E0,1.014213750051E0,-1.196934709719E0));
#4583=CARTESIAN_POINT('',(1.949923881664E0,1.022163902421E0,-1.208422138059E0));
#4584=CARTESIAN_POINT('',(1.941861895541E0,1.032552417837E0,-1.217827788536E0));
#4585=CARTESIAN_POINT('',(1.937873218748E0,1.048507125007E0,-1.222481244794E0));
#4587=CARTESIAN_POINT('',(2.040229751188E0,1.014213750051E0,-1.196934709719E0));
#4588=CARTESIAN_POINT('',(2.037049447485E0,1.011645909685E0,-1.193224355399E0));
#4589=CARTESIAN_POINT('',(2.029872349707E0,1.006838021263E0,-1.186847975307E0));
#4590=CARTESIAN_POINT('',(2.016244246331E0,1.001469030858E0,-1.180195372477E0));
#4591=CARTESIAN_POINT('',(2.000762106449E0,9.993717759659E-1,
-1.177678458829E0));
#4592=CARTESIAN_POINT('',(1.985268992888E0,1.001070944584E0,-1.179713374290E0));
#4593=CARTESIAN_POINT('',(1.970839416397E0,1.006398642540E0,-1.186285623597E0));
#4594=CARTESIAN_POINT('',(1.963175918014E0,1.011463945105E0,-1.192961428983E0));
#4595=CARTESIAN_POINT('',(1.959770248812E0,1.014213750051E0,-1.196934709719E0));
#4597=CARTESIAN_POINT('',(2.062126781252E0,1.048507125007E0,-1.222481244794E0));
#4598=CARTESIAN_POINT('',(2.058138104459E0,1.032552417837E0,-1.217827788536E0));
#4599=CARTESIAN_POINT('',(2.050076118336E0,1.022163902421E0,-1.208422138059E0));
#4600=CARTESIAN_POINT('',(2.040229751188E0,1.014213750051E0,-1.196934709719E0));
#4602=DIRECTION('',(0.E0,0.E0,1.E0));
#4603=VECTOR('',#4602,8.260258802135E-1);
#4604=CARTESIAN_POINT('',(2.062126781252E0,1.048507125007E0,-1.222481244794E0));
#4605=LINE('',#4604,#4603);
#4606=DIRECTION('',(0.E0,-1.E0,0.E0));
#4607=VECTOR('',#4606,2.037819281379E0);
#4608=CARTESIAN_POINT('',(2.045434872663E0,1.018909640690E0,
-4.242752122286E-1));
#4609=LINE('',#4608,#4607);
#4610=CARTESIAN_POINT('',(2.045434872663E0,-1.018909640690E0,
-4.242752122286E-1));
#4611=CARTESIAN_POINT('',(2.052468603833E0,-1.025991016480E0,
-4.125523269442E-1));
#4612=CARTESIAN_POINT('',(2.058664782357E0,-1.034659129428E0,
-4.022253627384E-1));
#4613=CARTESIAN_POINT('',(2.062126781252E0,-1.048507125007E0,
-3.964553645803E-1));
#4615=CARTESIAN_POINT('',(2.040229751188E0,-1.014213750051E0,
-1.196934709719E0));
#4616=CARTESIAN_POINT('',(2.050076118336E0,-1.022163902421E0,
-1.208422138059E0));
#4617=CARTESIAN_POINT('',(2.058138104459E0,-1.032552417837E0,
-1.217827788536E0));
#4618=CARTESIAN_POINT('',(2.062126781252E0,-1.048507125007E0,
-1.222481244794E0));
#4620=CARTESIAN_POINT('',(1.959770248812E0,-1.014213750051E0,
-1.196934709719E0));
#4621=CARTESIAN_POINT('',(1.963190646053E0,-1.011452053394E0,
-1.192944246271E0));
#4622=CARTESIAN_POINT('',(1.970887179316E0,-1.006362951587E0,
-1.186239317833E0));
#4623=CARTESIAN_POINT('',(1.985487514814E0,-1.001009821547E0,
-1.179639263766E0));
#4624=CARTESIAN_POINT('',(2.001033393469E0,-9.993755195898E-1,
-1.177682890354E0));
#4625=CARTESIAN_POINT('',(2.016462254128E0,-1.001536260177E0,
-1.180277236395E0));
#4626=CARTESIAN_POINT('',(2.029917783615E0,-1.006872798358E0,
-1.186893520606E0));
#4627=CARTESIAN_POINT('',(2.037063534437E0,-1.011657283770E0,
-1.193240790177E0));
#4628=CARTESIAN_POINT('',(2.040229751188E0,-1.014213750051E0,
-1.196934709719E0));
#4630=CARTESIAN_POINT('',(1.937873218748E0,-1.048507125007E0,
-1.222481244794E0));
#4631=CARTESIAN_POINT('',(1.941861895541E0,-1.032552417837E0,
-1.217827788536E0));
#4632=CARTESIAN_POINT('',(1.949923881664E0,-1.022163902421E0,
-1.208422138059E0));
#4633=CARTESIAN_POINT('',(1.959770248812E0,-1.014213750051E0,
-1.196934709719E0));
#4635=DIRECTION('',(0.E0,0.E0,1.E0));
#4636=VECTOR('',#4635,8.260258802135E-1);
#4637=CARTESIAN_POINT('',(1.937873218748E0,-1.048507125007E0,
-1.222481244794E0));
#4638=LINE('',#4637,#4636);
#4639=CARTESIAN_POINT('',(1.937873218748E0,-1.048507125007E0,
-3.964553645803E-1));
#4640=CARTESIAN_POINT('',(1.941335217643E0,-1.034659129428E0,
-4.022253627384E-1));
#4641=CARTESIAN_POINT('',(1.947531396167E0,-1.025991016480E0,
-4.125523269442E-1));
#4642=CARTESIAN_POINT('',(1.954565127337E0,-1.018909640690E0,
-4.242752122286E-1));
#4644=CARTESIAN_POINT('',(2.045434872663E0,-1.018909640690E0,
-4.242752122286E-1));
#4645=CARTESIAN_POINT('',(2.043063896749E0,-1.016522604417E0,
-4.282268387523E-1));
#4646=CARTESIAN_POINT('',(2.037550016970E0,-1.011679103334E0,
-4.352459179506E-1));
#4647=CARTESIAN_POINT('',(2.026056987353E0,-1.005017775199E0,
-4.438729844299E-1));
#4648=CARTESIAN_POINT('',(2.013310774078E0,-1.000939803097E0,
-4.488671808799E-1));
#4649=CARTESIAN_POINT('',(2.000293530185E0,-9.995572845319E-1,
-4.505334625247E-1));
#4650=CARTESIAN_POINT('',(1.987160508530E0,-1.000834581852E0,
-4.489947110016E-1));
#4651=CARTESIAN_POINT('',(1.974354197856E0,-1.004839663641E0,
-4.440941236601E-1));
#4652=CARTESIAN_POINT('',(1.962779178070E0,-1.011428152104E0,
-4.355862477868E-1));
#4653=CARTESIAN_POINT('',(1.957034037657E0,-1.016424006629E0,
-4.283900627618E-1));
#4654=CARTESIAN_POINT('',(1.954565127337E0,-1.018909640690E0,
-4.242752122286E-1));
#4656=DIRECTION('',(2.248595066988E-1,-8.994380267950E-1,3.747658444979E-1));
#4657=VECTOR('',#4656,1.057874858130E0);
#4658=CARTESIAN_POINT('',(2.062126781252E0,-1.048507125007E0,
-3.964553645803E-1));
#4659=LINE('',#4658,#4657);
#4660=DIRECTION('',(2.333729524753E-1,-9.334918099013E-1,-2.722684445545E-1));
#4661=VECTOR('',#4660,1.019283581174E0);
#4662=CARTESIAN_POINT('',(2.062126781252E0,-1.048507125007E0,
-1.222481244794E0));
#4663=LINE('',#4662,#4661);
#4664=DIRECTION('',(0.E0,0.E0,1.E0));
#4665=VECTOR('',#4664,8.260258802135E-1);
#4666=CARTESIAN_POINT('',(2.062126781252E0,-1.048507125007E0,
-1.222481244794E0));
#4667=LINE('',#4666,#4665);
#4668=DIRECTION('',(2.248595066988E-1,8.994380267950E-1,-3.747658444979E-1));
#4669=VECTOR('',#4668,1.057874858130E0);
#4670=CARTESIAN_POINT('',(1.7E0,-2.E0,0.E0));
#4671=LINE('',#4670,#4669);
#4672=DIRECTION('',(2.333729524753E-1,9.334918099013E-1,2.722684445545E-1));
#4673=VECTOR('',#4672,1.019283581174E0);
#4674=CARTESIAN_POINT('',(1.7E0,-2.E0,-1.5E0));
#4675=LINE('',#4674,#4673);
#4676=DIRECTION('',(0.E0,-1.E0,0.E0));
#4677=VECTOR('',#4676,2.037819281379E0);
#4678=CARTESIAN_POINT('',(1.954565127337E0,1.018909640690E0,
-4.242752122286E-1));
#4679=LINE('',#4678,#4677);
#4680=DIRECTION('',(-2.248595066988E-1,8.994380267950E-1,3.747658444979E-1));
#4681=VECTOR('',#4680,1.057874858130E0);
#4682=CARTESIAN_POINT('',(1.937873218748E0,1.048507125007E0,
-3.964553645803E-1));
#4683=LINE('',#4682,#4681);
#4684=DIRECTION('',(-2.333729524753E-1,9.334918099013E-1,-2.722684445545E-1));
#4685=VECTOR('',#4684,1.019283581174E0);
#4686=CARTESIAN_POINT('',(1.937873218748E0,1.048507125007E0,-1.222481244794E0));
#4687=LINE('',#4686,#4685);
#4688=DIRECTION('',(0.E0,0.E0,1.E0));
#4689=VECTOR('',#4688,8.260258802135E-1);
#4690=CARTESIAN_POINT('',(1.937873218748E0,1.048507125007E0,-1.222481244794E0));
#4691=LINE('',#4690,#4689);
#4692=DIRECTION('',(-2.248595066988E-1,-8.994380267950E-1,-3.747658444979E-1));
#4693=VECTOR('',#4692,1.057874858130E0);
#4694=CARTESIAN_POINT('',(2.3E0,2.E0,0.E0));
#4695=LINE('',#4694,#4693);
#4696=DIRECTION('',(-2.333729524753E-1,-9.334918099013E-1,2.722684445545E-1));
#4697=VECTOR('',#4696,1.019283581174E0);
#4698=CARTESIAN_POINT('',(2.3E0,2.E0,-1.5E0));
#4699=LINE('',#4698,#4697);
#4700=DIRECTION('',(0.E0,-1.E0,0.E0));
#4701=VECTOR('',#4700,1.4E0);
#4702=CARTESIAN_POINT('',(1.35E0,2.E0,-1.15E0));
#4703=LINE('',#4702,#4701);
#4704=DIRECTION('',(0.E0,-1.E0,0.E0));
#4705=VECTOR('',#4704,1.4E0);
#4706=CARTESIAN_POINT('',(1.35E0,-6.E-1,-1.15E0));
#4707=LINE('',#4706,#4705);
#4708=DIRECTION('',(-1.286550849060E-14,-1.E0,1.500975990570E-14));
#4709=VECTOR('',#4708,4.142137500507E-1);
#4710=CARTESIAN_POINT('',(4.040229751188E0,1.014213750051E0,-1.196934709719E0));
#4711=LINE('',#4710,#4709);
#4712=DIRECTION('',(0.E0,-1.E0,-1.125731992927E-14));
#4713=VECTOR('',#4712,4.142137500508E-1);
#4714=CARTESIAN_POINT('',(4.040229751188E0,-6.E-1,-1.196934709719E0));
#4715=LINE('',#4714,#4713);
#4716=DIRECTION('',(0.E0,-1.E0,0.E0));
#4717=VECTOR('',#4716,4.142137500507E-1);
#4718=CARTESIAN_POINT('',(3.959770248812E0,1.014213750051E0,-1.196934709719E0));
#4719=LINE('',#4718,#4717);
#4720=DIRECTION('',(0.E0,-1.E0,0.E0));
#4721=VECTOR('',#4720,4.142137500507E-1);
#4722=CARTESIAN_POINT('',(3.959770248812E0,-6.E-1,-1.196934709719E0));
#4723=LINE('',#4722,#4721);
#4724=CARTESIAN_POINT('',(4.062126781252E0,1.048507125007E0,
-3.964553645803E-1));
#4725=CARTESIAN_POINT('',(4.058664782357E0,1.034659129428E0,
-4.022253627384E-1));
#4726=CARTESIAN_POINT('',(4.052468603833E0,1.025991016480E0,
-4.125523269442E-1));
#4727=CARTESIAN_POINT('',(4.045434872663E0,1.018909640690E0,
-4.242752122286E-1));
#4729=CARTESIAN_POINT('',(3.954565127337E0,1.018909640690E0,
-4.242752122286E-1));
#4730=CARTESIAN_POINT('',(3.957473481882E0,1.015981585727E0,
-4.291224698025E-1));
#4731=CARTESIAN_POINT('',(3.964337051145E0,1.010172708959E0,
-4.372960711550E-1));
#4732=CARTESIAN_POINT('',(3.978202591719E0,1.003153932094E0,
-4.461894301677E-1));
#4733=CARTESIAN_POINT('',(3.993024943340E0,9.998096929321E-1,
-4.502288837403E-1));
#4734=CARTESIAN_POINT('',(4.007781604403E0,9.999004523319E-1,
-4.501196698723E-1));
#4735=CARTESIAN_POINT('',(4.022604615517E0,1.003443894167E0,
-4.458354162047E-1));
#4736=CARTESIAN_POINT('',(4.036287483158E0,1.010629070597E0,
-4.366913700877E-1));
#4737=CARTESIAN_POINT('',(4.042707069731E0,1.016163360348E0,
-4.288215504477E-1));
#4738=CARTESIAN_POINT('',(4.045434872663E0,1.018909640690E0,
-4.242752122286E-1));
#4740=CARTESIAN_POINT('',(3.954565127337E0,1.018909640690E0,
-4.242752122286E-1));
#4741=CARTESIAN_POINT('',(3.947531396167E0,1.025991016480E0,
-4.125523269442E-1));
#4742=CARTESIAN_POINT('',(3.941335217643E0,1.034659129428E0,
-4.022253627384E-1));
#4743=CARTESIAN_POINT('',(3.937873218748E0,1.048507125007E0,
-3.964553645803E-1));
#4745=CARTESIAN_POINT('',(3.959770248812E0,1.014213750051E0,-1.196934709719E0));
#4746=CARTESIAN_POINT('',(3.949923881664E0,1.022163902421E0,-1.208422138059E0));
#4747=CARTESIAN_POINT('',(3.941861895541E0,1.032552417837E0,-1.217827788536E0));
#4748=CARTESIAN_POINT('',(3.937873218748E0,1.048507125007E0,-1.222481244794E0));
#4750=CARTESIAN_POINT('',(4.040229751188E0,1.014213750051E0,-1.196934709719E0));
#4751=CARTESIAN_POINT('',(4.037049447485E0,1.011645909685E0,-1.193224355399E0));
#4752=CARTESIAN_POINT('',(4.029872349707E0,1.006838021263E0,-1.186847975307E0));
#4753=CARTESIAN_POINT('',(4.016244246331E0,1.001469030858E0,-1.180195372477E0));
#4754=CARTESIAN_POINT('',(4.000762106449E0,9.993717759659E-1,
-1.177678458829E0));
#4755=CARTESIAN_POINT('',(3.985268992888E0,1.001070944584E0,-1.179713374290E0));
#4756=CARTESIAN_POINT('',(3.970839416397E0,1.006398642540E0,-1.186285623597E0));
#4757=CARTESIAN_POINT('',(3.963175918014E0,1.011463945105E0,-1.192961428983E0));
#4758=CARTESIAN_POINT('',(3.959770248812E0,1.014213750051E0,-1.196934709719E0));
#4760=CARTESIAN_POINT('',(4.062126781252E0,1.048507125007E0,-1.222481244794E0));
#4761=CARTESIAN_POINT('',(4.058138104459E0,1.032552417837E0,-1.217827788536E0));
#4762=CARTESIAN_POINT('',(4.050076118336E0,1.022163902421E0,-1.208422138059E0));
#4763=CARTESIAN_POINT('',(4.040229751188E0,1.014213750051E0,-1.196934709719E0));
#4765=DIRECTION('',(0.E0,0.E0,1.E0));
#4766=VECTOR('',#4765,8.260258802135E-1);
#4767=CARTESIAN_POINT('',(4.062126781252E0,1.048507125007E0,-1.222481244794E0));
#4768=LINE('',#4767,#4766);
#4769=DIRECTION('',(0.E0,-1.E0,0.E0));
#4770=VECTOR('',#4769,2.037819281379E0);
#4771=CARTESIAN_POINT('',(4.045434872663E0,1.018909640690E0,
-4.242752122286E-1));
#4772=LINE('',#4771,#4770);
#4773=CARTESIAN_POINT('',(4.045434872663E0,-1.018909640690E0,
-4.242752122286E-1));
#4774=CARTESIAN_POINT('',(4.052468603833E0,-1.025991016480E0,
-4.125523269442E-1));
#4775=CARTESIAN_POINT('',(4.058664782357E0,-1.034659129428E0,
-4.022253627384E-1));
#4776=CARTESIAN_POINT('',(4.062126781252E0,-1.048507125007E0,
-3.964553645803E-1));
#4778=CARTESIAN_POINT('',(4.040229751188E0,-1.014213750051E0,
-1.196934709719E0));
#4779=CARTESIAN_POINT('',(4.050076118336E0,-1.022163902421E0,
-1.208422138059E0));
#4780=CARTESIAN_POINT('',(4.058138104459E0,-1.032552417837E0,
-1.217827788536E0));
#4781=CARTESIAN_POINT('',(4.062126781252E0,-1.048507125007E0,
-1.222481244794E0));
#4783=CARTESIAN_POINT('',(3.959770248812E0,-1.014213750051E0,
-1.196934709719E0));
#4784=CARTESIAN_POINT('',(3.963190646053E0,-1.011452053394E0,
-1.192944246271E0));
#4785=CARTESIAN_POINT('',(3.970887179316E0,-1.006362951587E0,
-1.186239317833E0));
#4786=CARTESIAN_POINT('',(3.985487514814E0,-1.001009821547E0,
-1.179639263766E0));
#4787=CARTESIAN_POINT('',(4.001033393469E0,-9.993755195898E-1,
-1.177682890354E0));
#4788=CARTESIAN_POINT('',(4.016462254128E0,-1.001536260177E0,
-1.180277236395E0));
#4789=CARTESIAN_POINT('',(4.029917783615E0,-1.006872798358E0,
-1.186893520606E0));
#4790=CARTESIAN_POINT('',(4.037063534437E0,-1.011657283770E0,
-1.193240790177E0));
#4791=CARTESIAN_POINT('',(4.040229751188E0,-1.014213750051E0,
-1.196934709719E0));
#4793=CARTESIAN_POINT('',(3.937873218748E0,-1.048507125007E0,
-1.222481244794E0));
#4794=CARTESIAN_POINT('',(3.941861895541E0,-1.032552417837E0,
-1.217827788536E0));
#4795=CARTESIAN_POINT('',(3.949923881664E0,-1.022163902421E0,
-1.208422138059E0));
#4796=CARTESIAN_POINT('',(3.959770248812E0,-1.014213750051E0,
-1.196934709719E0));
#4798=DIRECTION('',(0.E0,0.E0,1.E0));
#4799=VECTOR('',#4798,8.260258802135E-1);
#4800=CARTESIAN_POINT('',(3.937873218748E0,-1.048507125007E0,
-1.222481244794E0));
#4801=LINE('',#4800,#4799);
#4802=CARTESIAN_POINT('',(3.937873218748E0,-1.048507125007E0,
-3.964553645803E-1));
#4803=CARTESIAN_POINT('',(3.941335217643E0,-1.034659129428E0,
-4.022253627384E-1));
#4804=CARTESIAN_POINT('',(3.947531396167E0,-1.025991016480E0,
-4.125523269442E-1));
#4805=CARTESIAN_POINT('',(3.954565127337E0,-1.018909640690E0,
-4.242752122286E-1));
#4807=CARTESIAN_POINT('',(4.045434872663E0,-1.018909640690E0,
-4.242752122286E-1));
#4808=CARTESIAN_POINT('',(4.043063896749E0,-1.016522604417E0,
-4.282268387523E-1));
#4809=CARTESIAN_POINT('',(4.037550016970E0,-1.011679103334E0,
-4.352459179506E-1));
#4810=CARTESIAN_POINT('',(4.026056987353E0,-1.005017775199E0,
-4.438729844299E-1));
#4811=CARTESIAN_POINT('',(4.013310774078E0,-1.000939803097E0,
-4.488671808799E-1));
#4812=CARTESIAN_POINT('',(4.000293530185E0,-9.995572845319E-1,
-4.505334625247E-1));
#4813=CARTESIAN_POINT('',(3.987160508530E0,-1.000834581852E0,
-4.489947110016E-1));
#4814=CARTESIAN_POINT('',(3.974354197856E0,-1.004839663641E0,
-4.440941236601E-1));
#4815=CARTESIAN_POINT('',(3.962779178070E0,-1.011428152104E0,
-4.355862477868E-1));
#4816=CARTESIAN_POINT('',(3.957034037657E0,-1.016424006629E0,
-4.283900627618E-1));
#4817=CARTESIAN_POINT('',(3.954565127337E0,-1.018909640690E0,
-4.242752122286E-1));
#4819=DIRECTION('',(2.248595066988E-1,-8.994380267950E-1,3.747658444979E-1));
#4820=VECTOR('',#4819,1.057874858130E0);
#4821=CARTESIAN_POINT('',(4.062126781252E0,-1.048507125007E0,
-3.964553645803E-1));
#4822=LINE('',#4821,#4820);
#4823=DIRECTION('',(2.333729524753E-1,-9.334918099013E-1,-2.722684445545E-1));
#4824=VECTOR('',#4823,1.019283581174E0);
#4825=CARTESIAN_POINT('',(4.062126781252E0,-1.048507125007E0,
-1.222481244794E0));
#4826=LINE('',#4825,#4824);
#4827=DIRECTION('',(0.E0,0.E0,1.E0));
#4828=VECTOR('',#4827,8.260258802135E-1);
#4829=CARTESIAN_POINT('',(4.062126781252E0,-1.048507125007E0,
-1.222481244794E0));
#4830=LINE('',#4829,#4828);
#4831=DIRECTION('',(2.248595066988E-1,8.994380267950E-1,-3.747658444979E-1));
#4832=VECTOR('',#4831,1.057874858130E0);
#4833=CARTESIAN_POINT('',(3.7E0,-2.E0,0.E0));
#4834=LINE('',#4833,#4832);
#4835=DIRECTION('',(2.333729524753E-1,9.334918099013E-1,2.722684445545E-1));
#4836=VECTOR('',#4835,1.019283581174E0);
#4837=CARTESIAN_POINT('',(3.7E0,-2.E0,-1.5E0));
#4838=LINE('',#4837,#4836);
#4839=DIRECTION('',(0.E0,-1.E0,0.E0));
#4840=VECTOR('',#4839,2.037819281379E0);
#4841=CARTESIAN_POINT('',(3.954565127337E0,1.018909640690E0,
-4.242752122286E-1));
#4842=LINE('',#4841,#4840);
#4843=DIRECTION('',(-2.248595066988E-1,8.994380267950E-1,3.747658444979E-1));
#4844=VECTOR('',#4843,1.057874858130E0);
#4845=CARTESIAN_POINT('',(3.937873218748E0,1.048507125007E0,
-3.964553645803E-1));
#4846=LINE('',#4845,#4844);
#4847=DIRECTION('',(-2.333729524753E-1,9.334918099013E-1,-2.722684445545E-1));
#4848=VECTOR('',#4847,1.019283581174E0);
#4849=CARTESIAN_POINT('',(3.937873218748E0,1.048507125007E0,-1.222481244794E0));
#4850=LINE('',#4849,#4848);
#4851=DIRECTION('',(0.E0,0.E0,1.E0));
#4852=VECTOR('',#4851,8.260258802135E-1);
#4853=CARTESIAN_POINT('',(3.937873218748E0,1.048507125007E0,-1.222481244794E0));
#4854=LINE('',#4853,#4852);
#4855=DIRECTION('',(-2.248595066988E-1,-8.994380267950E-1,-3.747658444979E-1));
#4856=VECTOR('',#4855,1.057874858130E0);
#4857=CARTESIAN_POINT('',(4.3E0,2.E0,0.E0));
#4858=LINE('',#4857,#4856);
#4859=DIRECTION('',(-2.333729524753E-1,-9.334918099013E-1,2.722684445545E-1));
#4860=VECTOR('',#4859,1.019283581174E0);
#4861=CARTESIAN_POINT('',(4.3E0,2.E0,-1.5E0));
#4862=LINE('',#4861,#4860);
#4863=DIRECTION('',(0.E0,-1.E0,0.E0));
#4864=VECTOR('',#4863,1.4E0);
#4865=CARTESIAN_POINT('',(3.35E0,2.E0,-1.15E0));
#4866=LINE('',#4865,#4864);
#4867=DIRECTION('',(0.E0,-1.E0,0.E0));
#4868=VECTOR('',#4867,1.4E0);
#4869=CARTESIAN_POINT('',(3.35E0,-6.E-1,-1.15E0));
#4870=LINE('',#4869,#4868);
#4871=DIRECTION('',(-1.286550849060E-14,-1.E0,1.554582275947E-14));
#4872=VECTOR('',#4871,4.142137500507E-1);
#4873=CARTESIAN_POINT('',(6.040229751188E0,1.014213750051E0,-1.196934709719E0));
#4874=LINE('',#4873,#4872);
#4875=DIRECTION('',(1.286550849060E-14,-1.E0,-1.608188561325E-14));
#4876=VECTOR('',#4875,4.142137500508E-1);
#4877=CARTESIAN_POINT('',(6.040229751188E0,-6.E-1,-1.196934709719E0));
#4878=LINE('',#4877,#4876);
#4879=DIRECTION('',(0.E0,-1.E0,0.E0));
#4880=VECTOR('',#4879,4.142137500507E-1);
#4881=CARTESIAN_POINT('',(5.959770248812E0,1.014213750051E0,-1.196934709719E0));
#4882=LINE('',#4881,#4880);
#4883=DIRECTION('',(0.E0,-1.E0,0.E0));
#4884=VECTOR('',#4883,4.142137500508E-1);
#4885=CARTESIAN_POINT('',(5.959770248812E0,-6.E-1,-1.196934709719E0));
#4886=LINE('',#4885,#4884);
#4887=CARTESIAN_POINT('',(5.954565127337E0,1.018909640690E0,
-4.242752122286E-1));
#4888=CARTESIAN_POINT('',(5.957473481882E0,1.015981585727E0,
-4.291224698025E-1));
#4889=CARTESIAN_POINT('',(5.964337051145E0,1.010172708959E0,
-4.372960711550E-1));
#4890=CARTESIAN_POINT('',(5.978202591719E0,1.003153932094E0,
-4.461894301677E-1));
#4891=CARTESIAN_POINT('',(5.993024943340E0,9.998096929321E-1,
-4.502288837403E-1));
#4892=CARTESIAN_POINT('',(6.007781604403E0,9.999004523319E-1,
-4.501196698723E-1));
#4893=CARTESIAN_POINT('',(6.022604615517E0,1.003443894167E0,
-4.458354162047E-1));
#4894=CARTESIAN_POINT('',(6.036287483158E0,1.010629070597E0,
-4.366913700877E-1));
#4895=CARTESIAN_POINT('',(6.042707069731E0,1.016163360348E0,
-4.288215504477E-1));
#4896=CARTESIAN_POINT('',(6.045434872663E0,1.018909640690E0,
-4.242752122286E-1));
#4898=CARTESIAN_POINT('',(5.954565127337E0,1.018909640690E0,
-4.242752122286E-1));
#4899=CARTESIAN_POINT('',(5.947531396167E0,1.025991016480E0,
-4.125523269442E-1));
#4900=CARTESIAN_POINT('',(5.941335217643E0,1.034659129428E0,
-4.022253627384E-1));
#4901=CARTESIAN_POINT('',(5.937873218748E0,1.048507125007E0,
-3.964553645803E-1));
#4903=CARTESIAN_POINT('',(5.959770248812E0,1.014213750051E0,-1.196934709719E0));
#4904=CARTESIAN_POINT('',(5.949923881664E0,1.022163902421E0,-1.208422138059E0));
#4905=CARTESIAN_POINT('',(5.941861895541E0,1.032552417837E0,-1.217827788536E0));
#4906=CARTESIAN_POINT('',(5.937873218748E0,1.048507125007E0,-1.222481244794E0));
#4908=CARTESIAN_POINT('',(6.040229751188E0,1.014213750051E0,-1.196934709719E0));
#4909=CARTESIAN_POINT('',(6.037049447485E0,1.011645909685E0,-1.193224355399E0));
#4910=CARTESIAN_POINT('',(6.029872349707E0,1.006838021263E0,-1.186847975307E0));
#4911=CARTESIAN_POINT('',(6.016244246331E0,1.001469030858E0,-1.180195372477E0));
#4912=CARTESIAN_POINT('',(6.000762106449E0,9.993717759659E-1,
-1.177678458829E0));
#4913=CARTESIAN_POINT('',(5.985268992888E0,1.001070944584E0,-1.179713374290E0));
#4914=CARTESIAN_POINT('',(5.970839416397E0,1.006398642540E0,-1.186285623597E0));
#4915=CARTESIAN_POINT('',(5.963175918014E0,1.011463945105E0,-1.192961428983E0));
#4916=CARTESIAN_POINT('',(5.959770248812E0,1.014213750051E0,-1.196934709719E0));
#4918=CARTESIAN_POINT('',(6.062126781252E0,1.048507125007E0,-1.222481244794E0));
#4919=CARTESIAN_POINT('',(6.058138104459E0,1.032552417837E0,-1.217827788536E0));
#4920=CARTESIAN_POINT('',(6.050076118336E0,1.022163902421E0,-1.208422138059E0));
#4921=CARTESIAN_POINT('',(6.040229751188E0,1.014213750051E0,-1.196934709719E0));
#4923=DIRECTION('',(0.E0,0.E0,1.E0));
#4924=VECTOR('',#4923,8.260258802135E-1);
#4925=CARTESIAN_POINT('',(6.062126781252E0,1.048507125007E0,-1.222481244794E0));
#4926=LINE('',#4925,#4924);
#4927=CARTESIAN_POINT('',(6.062126781252E0,1.048507125007E0,
-3.964553645803E-1));
#4928=CARTESIAN_POINT('',(6.058664782357E0,1.034659129428E0,
-4.022253627384E-1));
#4929=CARTESIAN_POINT('',(6.052468603833E0,1.025991016480E0,
-4.125523269442E-1));
#4930=CARTESIAN_POINT('',(6.045434872663E0,1.018909640690E0,
-4.242752122286E-1));
#4932=DIRECTION('',(0.E0,-1.E0,0.E0));
#4933=VECTOR('',#4932,2.037819281379E0);
#4934=CARTESIAN_POINT('',(6.045434872663E0,1.018909640690E0,
-4.242752122286E-1));
#4935=LINE('',#4934,#4933);
#4936=DIRECTION('',(-2.248595066988E-1,-8.994380267950E-1,-3.747658444979E-1));
#4937=VECTOR('',#4936,1.057874858130E0);
#4938=CARTESIAN_POINT('',(6.3E0,2.E0,0.E0));
#4939=LINE('',#4938,#4937);
#4940=DIRECTION('',(-2.333729524753E-1,-9.334918099013E-1,2.722684445545E-1));
#4941=VECTOR('',#4940,1.019283581174E0);
#4942=CARTESIAN_POINT('',(6.3E0,2.E0,-1.5E0));
#4943=LINE('',#4942,#4941);
#4944=DIRECTION('',(2.248595066988E-1,-8.994380267950E-1,3.747658444979E-1));
#4945=VECTOR('',#4944,1.057874858130E0);
#4946=CARTESIAN_POINT('',(6.062126781252E0,-1.048507125007E0,
-3.964553645803E-1));
#4947=LINE('',#4946,#4945);
#4948=DIRECTION('',(2.333729524753E-1,-9.334918099013E-1,-2.722684445545E-1));
#4949=VECTOR('',#4948,1.019283581174E0);
#4950=CARTESIAN_POINT('',(6.062126781252E0,-1.048507125007E0,
-1.222481244794E0));
#4951=LINE('',#4950,#4949);
#4952=DIRECTION('',(0.E0,0.E0,1.E0));
#4953=VECTOR('',#4952,8.260258802135E-1);
#4954=CARTESIAN_POINT('',(6.062126781252E0,-1.048507125007E0,
-1.222481244794E0));
#4955=LINE('',#4954,#4953);
#4956=CARTESIAN_POINT('',(6.045434872663E0,-1.018909640690E0,
-4.242752122286E-1));
#4957=CARTESIAN_POINT('',(6.043063896749E0,-1.016522604417E0,
-4.282268387523E-1));
#4958=CARTESIAN_POINT('',(6.037550016970E0,-1.011679103334E0,
-4.352459179506E-1));
#4959=CARTESIAN_POINT('',(6.026056987353E0,-1.005017775199E0,
-4.438729844299E-1));
#4960=CARTESIAN_POINT('',(6.013310774078E0,-1.000939803097E0,
-4.488671808799E-1));
#4961=CARTESIAN_POINT('',(6.000293530186E0,-9.995572845319E-1,
-4.505334625247E-1));
#4962=CARTESIAN_POINT('',(5.987160508530E0,-1.000834581852E0,
-4.489947110016E-1));
#4963=CARTESIAN_POINT('',(5.974354197856E0,-1.004839663641E0,
-4.440941236601E-1));
#4964=CARTESIAN_POINT('',(5.962779178070E0,-1.011428152104E0,
-4.355862477868E-1));
#4965=CARTESIAN_POINT('',(5.957034037657E0,-1.016424006629E0,
-4.283900627618E-1));
#4966=CARTESIAN_POINT('',(5.954565127337E0,-1.018909640690E0,
-4.242752122286E-1));
#4968=CARTESIAN_POINT('',(6.045434872663E0,-1.018909640690E0,
-4.242752122286E-1));
#4969=CARTESIAN_POINT('',(6.052468603833E0,-1.025991016480E0,
-4.125523269442E-1));
#4970=CARTESIAN_POINT('',(6.058664782357E0,-1.034659129428E0,
-4.022253627384E-1));
#4971=CARTESIAN_POINT('',(6.062126781252E0,-1.048507125007E0,
-3.964553645803E-1));
#4973=CARTESIAN_POINT('',(6.040229751188E0,-1.014213750051E0,
-1.196934709719E0));
#4974=CARTESIAN_POINT('',(6.050076118336E0,-1.022163902421E0,
-1.208422138059E0));
#4975=CARTESIAN_POINT('',(6.058138104459E0,-1.032552417837E0,
-1.217827788536E0));
#4976=CARTESIAN_POINT('',(6.062126781252E0,-1.048507125007E0,
-1.222481244794E0));
#4978=CARTESIAN_POINT('',(5.959770248812E0,-1.014213750051E0,
-1.196934709719E0));
#4979=CARTESIAN_POINT('',(5.963190646053E0,-1.011452053394E0,
-1.192944246271E0));
#4980=CARTESIAN_POINT('',(5.970887179316E0,-1.006362951587E0,
-1.186239317833E0));
#4981=CARTESIAN_POINT('',(5.985487514814E0,-1.001009821547E0,
-1.179639263766E0));
#4982=CARTESIAN_POINT('',(6.001033393469E0,-9.993755195898E-1,
-1.177682890354E0));
#4983=CARTESIAN_POINT('',(6.016462254128E0,-1.001536260177E0,
-1.180277236395E0));
#4984=CARTESIAN_POINT('',(6.029917783615E0,-1.006872798358E0,
-1.186893520606E0));
#4985=CARTESIAN_POINT('',(6.037063534437E0,-1.011657283770E0,
-1.193240790177E0));
#4986=CARTESIAN_POINT('',(6.040229751188E0,-1.014213750051E0,
-1.196934709719E0));
#4988=CARTESIAN_POINT('',(5.937873218748E0,-1.048507125007E0,
-1.222481244794E0));
#4989=CARTESIAN_POINT('',(5.941861895541E0,-1.032552417837E0,
-1.217827788536E0));
#4990=CARTESIAN_POINT('',(5.949923881664E0,-1.022163902421E0,
-1.208422138059E0));
#4991=CARTESIAN_POINT('',(5.959770248812E0,-1.014213750051E0,
-1.196934709719E0));
#4993=DIRECTION('',(0.E0,0.E0,1.E0));
#4994=VECTOR('',#4993,8.260258802135E-1);
#4995=CARTESIAN_POINT('',(5.937873218748E0,-1.048507125007E0,
-1.222481244794E0));
#4996=LINE('',#4995,#4994);
#4997=CARTESIAN_POINT('',(5.937873218748E0,-1.048507125007E0,
-3.964553645803E-1));
#4998=CARTESIAN_POINT('',(5.941335217643E0,-1.034659129428E0,
-4.022253627384E-1));
#4999=CARTESIAN_POINT('',(5.947531396167E0,-1.025991016480E0,
-4.125523269442E-1));
#5000=CARTESIAN_POINT('',(5.954565127337E0,-1.018909640690E0,
-4.242752122286E-1));
#5002=DIRECTION('',(2.248595066988E-1,8.994380267950E-1,-3.747658444979E-1));
#5003=VECTOR('',#5002,1.057874858130E0);
#5004=CARTESIAN_POINT('',(5.7E0,-2.E0,0.E0));
#5005=LINE('',#5004,#5003);
#5006=DIRECTION('',(2.333729524753E-1,9.334918099013E-1,2.722684445545E-1));
#5007=VECTOR('',#5006,1.019283581174E0);
#5008=CARTESIAN_POINT('',(5.7E0,-2.E0,-1.5E0));
#5009=LINE('',#5008,#5007);
#5010=DIRECTION('',(0.E0,-1.E0,0.E0));
#5011=VECTOR('',#5010,2.037819281379E0);
#5012=CARTESIAN_POINT('',(5.954565127337E0,1.018909640690E0,
-4.242752122286E-1));
#5013=LINE('',#5012,#5011);
#5014=DIRECTION('',(-2.248595066988E-1,8.994380267950E-1,3.747658444979E-1));
#5015=VECTOR('',#5014,1.057874858130E0);
#5016=CARTESIAN_POINT('',(5.937873218748E0,1.048507125007E0,
-3.964553645803E-1));
#5017=LINE('',#5016,#5015);
#5018=DIRECTION('',(-2.333729524753E-1,9.334918099013E-1,-2.722684445545E-1));
#5019=VECTOR('',#5018,1.019283581174E0);
#5020=CARTESIAN_POINT('',(5.937873218748E0,1.048507125007E0,-1.222481244794E0));
#5021=LINE('',#5020,#5019);
#5022=DIRECTION('',(0.E0,0.E0,1.E0));
#5023=VECTOR('',#5022,8.260258802135E-1);
#5024=CARTESIAN_POINT('',(5.937873218748E0,1.048507125007E0,-1.222481244794E0));
#5025=LINE('',#5024,#5023);
#5026=DIRECTION('',(0.E0,-1.E0,0.E0));
#5027=VECTOR('',#5026,1.4E0);
#5028=CARTESIAN_POINT('',(5.35E0,2.E0,-1.15E0));
#5029=LINE('',#5028,#5027);
#5030=DIRECTION('',(0.E0,-1.E0,0.E0));
#5031=VECTOR('',#5030,1.4E0);
#5032=CARTESIAN_POINT('',(5.35E0,-6.E-1,-1.15E0));
#5033=LINE('',#5032,#5031);
#5034=DIRECTION('',(0.E0,-1.E0,0.E0));
#5035=VECTOR('',#5034,1.4E0);
#5036=CARTESIAN_POINT('',(7.35E0,2.E0,-1.15E0));
#5037=LINE('',#5036,#5035);
#5038=DIRECTION('',(0.E0,-1.E0,0.E0));
#5039=VECTOR('',#5038,1.4E0);
#5040=CARTESIAN_POINT('',(7.35E0,-6.E-1,-1.15E0));
#5041=LINE('',#5040,#5039);
#5042=DIRECTION('',(-5.773502691896E-1,-5.773502691896E-1,5.773502691896E-1));
#5043=VECTOR('',#5042,2.598076211353E-1);
#5044=CARTESIAN_POINT('',(-7.85E0,2.E0,-1.5E0));
#5045=LINE('',#5044,#5043);
#5046=DIRECTION('',(-5.773502691896E-1,5.773502691896E-1,5.773502691896E-1));
#5047=VECTOR('',#5046,2.598076211353E-1);
#5048=CARTESIAN_POINT('',(-7.85E0,-2.E0,-1.5E0));
#5049=LINE('',#5048,#5047);
#5050=DIRECTION('',(-5.773502691896E-1,5.773502691896E-1,-5.773502691896E-1));
#5051=VECTOR('',#5050,2.598076211353E-1);
#5052=CARTESIAN_POINT('',(-7.85E0,-2.E0,0.E0));
#5053=LINE('',#5052,#5051);
#5054=DIRECTION('',(6.396021490668E-1,4.264014327112E-1,6.396021490668E-1));
#5055=VECTOR('',#5054,2.345207879912E-1);
#5056=CARTESIAN_POINT('',(-8.E0,-6.E-1,-1.5E-1));
#5057=LINE('',#5056,#5055);
#5058=DIRECTION('',(-2.248595066988E-1,-8.994380267950E-1,-3.747658444979E-1));
#5059=VECTOR('',#5058,1.057874858130E0);
#5060=CARTESIAN_POINT('',(-5.7E0,2.E0,0.E0));
#5061=LINE('',#5060,#5059);
#5062=DIRECTION('',(-2.333729524753E-1,-9.334918099013E-1,2.722684445545E-1));
#5063=VECTOR('',#5062,1.019283581174E0);
#5064=CARTESIAN_POINT('',(-5.7E0,2.E0,-1.5E0));
#5065=LINE('',#5064,#5063);
#5066=DIRECTION('',(-1.E0,0.E0,0.E0));
#5067=VECTOR('',#5066,5.E-1);
#5068=CARTESIAN_POINT('',(-6.75E0,1.25E0,4.E0));
#5069=LINE('',#5068,#5067);
#5070=DIRECTION('',(-1.E0,0.E0,0.E0));
#5071=VECTOR('',#5070,5.E-1);
#5072=CARTESIAN_POINT('',(-6.75E0,7.5E-1,4.E0));
#5073=LINE('',#5072,#5071);
#5074=CARTESIAN_POINT('',(-5.7E0,2.E0,0.E0));
#5075=CARTESIAN_POINT('',(-5.7E0,-2.E0,0.E0));
#5076=VERTEX_POINT('',#5074);
#5077=VERTEX_POINT('',#5075);
#5078=CARTESIAN_POINT('',(-6.3E0,2.E0,0.E0));
#5079=CARTESIAN_POINT('',(-6.3E0,-2.E0,0.E0));
#5080=VERTEX_POINT('',#5078);
#5081=VERTEX_POINT('',#5079);
#5082=CARTESIAN_POINT('',(-6.062126781252E0,-1.048507125007E0,
-3.964553645803E-1));
#5083=VERTEX_POINT('',#5082);
#5084=CARTESIAN_POINT('',(-5.937873218748E0,-1.048507125007E0,
-3.964553645803E-1));
#5085=VERTEX_POINT('',#5084);
#5086=VERTEX_POINT('',#3564);
#5087=VERTEX_POINT('',#3574);
#5088=CARTESIAN_POINT('',(-6.062126781252E0,-1.048507125007E0,
-1.222481244794E0));
#5089=VERTEX_POINT('',#5088);
#5090=CARTESIAN_POINT('',(-5.937873218748E0,-1.048507125007E0,
-1.222481244794E0));
#5091=VERTEX_POINT('',#5090);
#5092=CARTESIAN_POINT('',(-5.954565127337E0,1.018909640690E0,
-4.242752122286E-1));
#5093=VERTEX_POINT('',#5092);
#5094=CARTESIAN_POINT('',(-6.045434872663E0,1.018909640690E0,
-4.242752122286E-1));
#5095=VERTEX_POINT('',#5094);
#5096=CARTESIAN_POINT('',(-5.937873218748E0,1.048507125007E0,
-3.964553645803E-1));
#5097=VERTEX_POINT('',#5096);
#5098=CARTESIAN_POINT('',(-6.062126781252E0,1.048507125007E0,
-3.964553645803E-1));
#5099=VERTEX_POINT('',#5098);
#5100=CARTESIAN_POINT('',(-5.937873218748E0,1.048507125007E0,
-1.222481244794E0));
#5101=VERTEX_POINT('',#5100);
#5102=CARTESIAN_POINT('',(-6.062126781252E0,1.048507125007E0,
-1.222481244794E0));
#5103=VERTEX_POINT('',#5102);
#5104=CARTESIAN_POINT('',(-7.85E0,5.E-1,-1.15E0));
#5105=CARTESIAN_POINT('',(-8.E0,6.E-1,-1.15E0));
#5106=VERTEX_POINT('',#5104);
#5107=VERTEX_POINT('',#5105);
#5108=CARTESIAN_POINT('',(-8.E0,-6.E-1,-1.15E0));
#5109=CARTESIAN_POINT('',(-7.85E0,-5.E-1,-1.15E0));
#5110=VERTEX_POINT('',#5108);
#5111=VERTEX_POINT('',#5109);
#5112=CARTESIAN_POINT('',(-7.85E0,5.E-1,0.E0));
#5113=CARTESIAN_POINT('',(-8.E0,6.E-1,-1.5E-1));
#5114=VERTEX_POINT('',#5112);
#5115=VERTEX_POINT('',#5113);
#5116=CARTESIAN_POINT('',(-8.E0,1.85E0,-1.5E-1));
#5117=VERTEX_POINT('',#5116);
#5118=CARTESIAN_POINT('',(-7.85E0,2.E0,0.E0));
#5119=VERTEX_POINT('',#5118);
#5120=CARTESIAN_POINT('',(-7.85E0,2.E0,-1.5E0));
#5121=VERTEX_POINT('',#5120);
#5122=CARTESIAN_POINT('',(-8.E0,1.85E0,-1.35E0));
#5123=VERTEX_POINT('',#5122);
#5124=CARTESIAN_POINT('',(-8.E0,6.E-1,-1.35E0));
#5125=CARTESIAN_POINT('',(-7.85E0,6.E-1,-1.5E0));
#5126=VERTEX_POINT('',#5124);
#5127=VERTEX_POINT('',#5125);
#5128=CARTESIAN_POINT('',(-7.85E0,-6.E-1,-1.5E0));
#5129=CARTESIAN_POINT('',(-8.E0,-6.E-1,-1.35E0));
#5130=VERTEX_POINT('',#5128);
#5131=VERTEX_POINT('',#5129);
#5132=CARTESIAN_POINT('',(-8.E0,-1.85E0,-1.35E0));
#5133=VERTEX_POINT('',#5132);
#5134=CARTESIAN_POINT('',(-7.85E0,-2.E0,-1.5E0));
#5135=VERTEX_POINT('',#5134);
#5136=CARTESIAN_POINT('',(-8.E0,-1.85E0,-1.5E-1));
#5137=VERTEX_POINT('',#5136);
#5138=CARTESIAN_POINT('',(-7.85E0,-2.E0,0.E0));
#5139=VERTEX_POINT('',#5138);
#5140=CARTESIAN_POINT('',(-8.E0,-6.E-1,-1.5E-1));
#5141=CARTESIAN_POINT('',(-7.85E0,-5.E-1,0.E0));
#5142=VERTEX_POINT('',#5140);
#5143=VERTEX_POINT('',#5141);
#5144=CARTESIAN_POINT('',(-6.75E0,-1.25E0,0.E0));
#5145=CARTESIAN_POINT('',(-6.75E0,-7.5E-1,0.E0));
#5146=VERTEX_POINT('',#5144);
#5147=VERTEX_POINT('',#5145);
#5148=CARTESIAN_POINT('',(-7.25E0,-1.25E0,0.E0));
#5149=CARTESIAN_POINT('',(-7.25E0,-7.5E-1,0.E0));
#5150=VERTEX_POINT('',#5148);
#5151=VERTEX_POINT('',#5149);
#5152=CARTESIAN_POINT('',(-6.75E0,-1.25E0,-1.15E0));
#5153=CARTESIAN_POINT('',(-6.75E0,-7.5E-1,-1.15E0));
#5154=VERTEX_POINT('',#5152);
#5155=VERTEX_POINT('',#5153);
#5156=CARTESIAN_POINT('',(-7.25E0,-1.25E0,-1.15E0));
#5157=CARTESIAN_POINT('',(-7.25E0,-7.5E-1,-1.15E0));
#5158=VERTEX_POINT('',#5156);
#5159=VERTEX_POINT('',#5157);
#5160=CARTESIAN_POINT('',(-5.7E0,2.E0,-1.5E0));
#5161=VERTEX_POINT('',#5160);
#5162=CARTESIAN_POINT('',(-6.3E0,2.E0,-1.5E0));
#5163=VERTEX_POINT('',#5162);
#5164=CARTESIAN_POINT('',(-6.3E0,-2.E0,-1.5E0));
#5165=VERTEX_POINT('',#5164);
#5166=CARTESIAN_POINT('',(-5.7E0,-2.E0,-1.5E0));
#5167=VERTEX_POINT('',#5166);
#5168=CARTESIAN_POINT('',(-6.3E0,-6.E-1,-1.5E0));
#5169=VERTEX_POINT('',#5168);
#5170=CARTESIAN_POINT('',(-5.7E0,-6.E-1,-1.5E0));
#5171=VERTEX_POINT('',#5170);
#5172=CARTESIAN_POINT('',(-6.040229751188E0,-6.E-1,-1.196934709719E0));
#5173=VERTEX_POINT('',#5172);
#5174=CARTESIAN_POINT('',(-5.959770248812E0,-6.E-1,-1.196934709719E0));
#5175=VERTEX_POINT('',#5174);
#5176=CARTESIAN_POINT('',(-6.3E0,6.E-1,-1.5E0));
#5177=CARTESIAN_POINT('',(-6.040229751188E0,6.E-1,-1.196934709719E0));
#5178=VERTEX_POINT('',#5176);
#5179=VERTEX_POINT('',#5177);
#5180=CARTESIAN_POINT('',(-5.959770248812E0,6.E-1,-1.196934709719E0));
#5181=VERTEX_POINT('',#5180);
#5182=CARTESIAN_POINT('',(-5.7E0,6.E-1,-1.5E0));
#5183=VERTEX_POINT('',#5182);
#5184=VERTEX_POINT('',#3599);
#5185=VERTEX_POINT('',#3594);
#5186=VERTEX_POINT('',#3531);
#5187=VERTEX_POINT('',#3536);
#5188=CARTESIAN_POINT('',(-7.35E0,-2.E0,-1.5E0));
#5189=CARTESIAN_POINT('',(-7.35E0,-2.E0,-1.15E0));
#5190=VERTEX_POINT('',#5188);
#5191=VERTEX_POINT('',#5189);
#5192=CARTESIAN_POINT('',(-6.65E0,-2.E0,-1.15E0));
#5193=VERTEX_POINT('',#5192);
#5194=CARTESIAN_POINT('',(-6.65E0,-2.E0,-1.5E0));
#5195=VERTEX_POINT('',#5194);
#5196=CARTESIAN_POINT('',(-7.35E0,-6.E-1,-1.5E0));
#5197=VERTEX_POINT('',#5196);
#5198=CARTESIAN_POINT('',(-6.65E0,-6.E-1,-1.5E0));
#5199=VERTEX_POINT('',#5198);
#5200=CARTESIAN_POINT('',(-7.35E0,2.E0,-1.5E0));
#5201=CARTESIAN_POINT('',(-7.35E0,2.E0,-1.15E0));
#5202=VERTEX_POINT('',#5200);
#5203=VERTEX_POINT('',#5201);
#5204=CARTESIAN_POINT('',(-6.65E0,2.E0,-1.15E0));
#5205=VERTEX_POINT('',#5204);
#5206=CARTESIAN_POINT('',(-6.65E0,2.E0,-1.5E0));
#5207=VERTEX_POINT('',#5206);
#5208=CARTESIAN_POINT('',(-7.35E0,-6.E-1,-1.15E0));
#5209=VERTEX_POINT('',#5208);
#5210=CARTESIAN_POINT('',(-6.65E0,-6.E-1,-1.15E0));
#5211=VERTEX_POINT('',#5210);
#5212=CARTESIAN_POINT('',(-7.35E0,6.E-1,-1.15E0));
#5213=CARTESIAN_POINT('',(-7.35E0,6.E-1,-1.5E0));
#5214=VERTEX_POINT('',#5212);
#5215=VERTEX_POINT('',#5213);
#5216=CARTESIAN_POINT('',(-6.65E0,6.E-1,-1.15E0));
#5217=CARTESIAN_POINT('',(-6.65E0,6.E-1,-1.5E0));
#5218=VERTEX_POINT('',#5216);
#5219=VERTEX_POINT('',#5217);
#5220=CARTESIAN_POINT('',(8.E0,8.E-1,-5.E-1));
#5221=CARTESIAN_POINT('',(8.E0,-8.E-1,-5.E-1));
#5222=VERTEX_POINT('',#5220);
#5223=VERTEX_POINT('',#5221);
#5224=CARTESIAN_POINT('',(8.E0,8.E-1,-1.15E0));
#5225=CARTESIAN_POINT('',(8.E0,6.E-1,-1.15E0));
#5226=VERTEX_POINT('',#5224);
#5227=VERTEX_POINT('',#5225);
#5228=CARTESIAN_POINT('',(8.E0,-6.E-1,-1.15E0));
#5229=CARTESIAN_POINT('',(8.E0,-8.E-1,-1.15E0));
#5230=VERTEX_POINT('',#5228);
#5231=VERTEX_POINT('',#5229);
#5232=CARTESIAN_POINT('',(-6.75E0,7.5E-1,4.E0));
#5233=CARTESIAN_POINT('',(-6.75E0,1.25E0,4.E0));
#5234=VERTEX_POINT('',#5232);
#5235=VERTEX_POINT('',#5233);
#5236=CARTESIAN_POINT('',(-6.75E0,-1.25E0,4.E0));
#5237=CARTESIAN_POINT('',(-6.75E0,-7.5E-1,4.E0));
#5238=VERTEX_POINT('',#5236);
#5239=VERTEX_POINT('',#5237);
#5240=CARTESIAN_POINT('',(-6.75E0,-7.5E-1,-1.45E0));
#5241=CARTESIAN_POINT('',(-6.75E0,-1.75E0,-2.45E0));
#5242=VERTEX_POINT('',#5240);
#5243=VERTEX_POINT('',#5241);
#5244=CARTESIAN_POINT('',(-6.75E0,-4.8E0,-2.45E0));
#5245=VERTEX_POINT('',#5244);
#5246=CARTESIAN_POINT('',(-6.75E0,-4.8E0,-1.95E0));
#5247=VERTEX_POINT('',#5246);
#5248=CARTESIAN_POINT('',(-6.75E0,-1.75E0,-1.95E0));
#5249=VERTEX_POINT('',#5248);
#5250=CARTESIAN_POINT('',(-6.75E0,-1.25E0,-1.45E0));
#5251=VERTEX_POINT('',#5250);
#5252=CARTESIAN_POINT('',(-7.25E0,7.5E-1,4.E0));
#5253=CARTESIAN_POINT('',(-7.25E0,1.25E0,4.E0));
#5254=VERTEX_POINT('',#5252);
#5255=VERTEX_POINT('',#5253);
#5256=CARTESIAN_POINT('',(-7.25E0,-1.25E0,4.E0));
#5257=CARTESIAN_POINT('',(-7.25E0,-7.5E-1,4.E0));
#5258=VERTEX_POINT('',#5256);
#5259=VERTEX_POINT('',#5257);
#5260=CARTESIAN_POINT('',(-7.25E0,-7.5E-1,-1.45E0));
#5261=CARTESIAN_POINT('',(-7.25E0,-1.75E0,-2.45E0));
#5262=VERTEX_POINT('',#5260);
#5263=VERTEX_POINT('',#5261);
#5264=CARTESIAN_POINT('',(-7.25E0,-4.8E0,-2.45E0));
#5265=VERTEX_POINT('',#5264);
#5266=CARTESIAN_POINT('',(-7.25E0,-4.8E0,-1.95E0));
#5267=VERTEX_POINT('',#5266);
#5268=CARTESIAN_POINT('',(-7.25E0,-1.75E0,-1.95E0));
#5269=VERTEX_POINT('',#5268);
#5270=CARTESIAN_POINT('',(-7.25E0,-1.25E0,-1.45E0));
#5271=VERTEX_POINT('',#5270);
#5272=CARTESIAN_POINT('',(-6.75E0,1.25E0,0.E0));
#5273=CARTESIAN_POINT('',(-6.75E0,7.5E-1,0.E0));
#5274=VERTEX_POINT('',#5272);
#5275=VERTEX_POINT('',#5273);
#5276=CARTESIAN_POINT('',(-7.25E0,1.25E0,0.E0));
#5277=CARTESIAN_POINT('',(-7.25E0,7.5E-1,0.E0));
#5278=VERTEX_POINT('',#5276);
#5279=VERTEX_POINT('',#5277);
#5280=CARTESIAN_POINT('',(-3.954565127337E0,1.018909640690E0,
-4.242752122286E-1));
#5281=CARTESIAN_POINT('',(-3.954565127337E0,-1.018909640690E0,
-4.242752122286E-1));
#5282=VERTEX_POINT('',#5280);
#5283=VERTEX_POINT('',#5281);
#5284=CARTESIAN_POINT('',(-4.045434872663E0,1.018909640690E0,
-4.242752122286E-1));
#5285=CARTESIAN_POINT('',(-4.045434872663E0,-1.018909640690E0,
-4.242752122286E-1));
#5286=VERTEX_POINT('',#5284);
#5287=VERTEX_POINT('',#5285);
#5288=CARTESIAN_POINT('',(-4.040229751188E0,1.014213750051E0,
-1.196934709719E0));
#5289=CARTESIAN_POINT('',(-4.040229751188E0,6.E-1,-1.196934709719E0));
#5290=VERTEX_POINT('',#5288);
#5291=VERTEX_POINT('',#5289);
#5292=CARTESIAN_POINT('',(-4.040229751188E0,-6.E-1,-1.196934709719E0));
#5293=CARTESIAN_POINT('',(-4.040229751188E0,-1.014213750051E0,
-1.196934709719E0));
#5294=VERTEX_POINT('',#5292);
#5295=VERTEX_POINT('',#5293);
#5296=CARTESIAN_POINT('',(-3.959770248812E0,1.014213750051E0,
-1.196934709719E0));
#5297=CARTESIAN_POINT('',(-3.959770248812E0,6.E-1,-1.196934709719E0));
#5298=VERTEX_POINT('',#5296);
#5299=VERTEX_POINT('',#5297);
#5300=CARTESIAN_POINT('',(-3.959770248812E0,-6.E-1,-1.196934709719E0));
#5301=CARTESIAN_POINT('',(-3.959770248812E0,-1.014213750051E0,
-1.196934709719E0));
#5302=VERTEX_POINT('',#5300);
#5303=VERTEX_POINT('',#5301);
#5304=CARTESIAN_POINT('',(-5.35E0,2.E0,-1.15E0));
#5305=CARTESIAN_POINT('',(-5.35E0,6.E-1,-1.15E0));
#5306=VERTEX_POINT('',#5304);
#5307=VERTEX_POINT('',#5305);
#5308=CARTESIAN_POINT('',(-5.35E0,-6.E-1,-1.15E0));
#5309=CARTESIAN_POINT('',(-5.35E0,-2.E0,-1.15E0));
#5310=VERTEX_POINT('',#5308);
#5311=VERTEX_POINT('',#5309);
#5312=CARTESIAN_POINT('',(-4.65E0,2.E0,-1.15E0));
#5313=CARTESIAN_POINT('',(-4.65E0,6.E-1,-1.15E0));
#5314=VERTEX_POINT('',#5312);
#5315=VERTEX_POINT('',#5313);
#5316=CARTESIAN_POINT('',(-4.65E0,-6.E-1,-1.15E0));
#5317=CARTESIAN_POINT('',(-4.65E0,-2.E0,-1.15E0));
#5318=VERTEX_POINT('',#5316);
#5319=VERTEX_POINT('',#5317);
#5320=CARTESIAN_POINT('',(-4.75E0,7.5E-1,4.E0));
#5321=CARTESIAN_POINT('',(-4.75E0,1.25E0,4.E0));
#5322=VERTEX_POINT('',#5320);
#5323=VERTEX_POINT('',#5321);
#5324=CARTESIAN_POINT('',(-4.75E0,-1.25E0,4.E0));
#5325=CARTESIAN_POINT('',(-4.75E0,-7.5E-1,4.E0));
#5326=VERTEX_POINT('',#5324);
#5327=VERTEX_POINT('',#5325);
#5328=CARTESIAN_POINT('',(-4.75E0,-7.5E-1,-1.45E0));
#5329=CARTESIAN_POINT('',(-4.75E0,-1.75E0,-2.45E0));
#5330=VERTEX_POINT('',#5328);
#5331=VERTEX_POINT('',#5329);
#5332=CARTESIAN_POINT('',(-4.75E0,-4.8E0,-2.45E0));
#5333=VERTEX_POINT('',#5332);
#5334=CARTESIAN_POINT('',(-4.75E0,-4.8E0,-1.95E0));
#5335=VERTEX_POINT('',#5334);
#5336=CARTESIAN_POINT('',(-4.75E0,-1.75E0,-1.95E0));
#5337=VERTEX_POINT('',#5336);
#5338=CARTESIAN_POINT('',(-4.75E0,-1.25E0,-1.45E0));
#5339=VERTEX_POINT('',#5338);
#5340=CARTESIAN_POINT('',(-5.25E0,7.5E-1,4.E0));
#5341=CARTESIAN_POINT('',(-5.25E0,1.25E0,4.E0));
#5342=VERTEX_POINT('',#5340);
#5343=VERTEX_POINT('',#5341);
#5344=CARTESIAN_POINT('',(-5.25E0,-1.25E0,4.E0));
#5345=CARTESIAN_POINT('',(-5.25E0,-7.5E-1,4.E0));
#5346=VERTEX_POINT('',#5344);
#5347=VERTEX_POINT('',#5345);
#5348=CARTESIAN_POINT('',(-5.25E0,-7.5E-1,-1.45E0));
#5349=CARTESIAN_POINT('',(-5.25E0,-1.75E0,-2.45E0));
#5350=VERTEX_POINT('',#5348);
#5351=VERTEX_POINT('',#5349);
#5352=CARTESIAN_POINT('',(-5.25E0,-4.8E0,-2.45E0));
#5353=VERTEX_POINT('',#5352);
#5354=CARTESIAN_POINT('',(-5.25E0,-4.8E0,-1.95E0));
#5355=VERTEX_POINT('',#5354);
#5356=CARTESIAN_POINT('',(-5.25E0,-1.75E0,-1.95E0));
#5357=VERTEX_POINT('',#5356);
#5358=CARTESIAN_POINT('',(-5.25E0,-1.25E0,-1.45E0));
#5359=VERTEX_POINT('',#5358);
#5360=CARTESIAN_POINT('',(-4.75E0,7.5E-1,0.E0));
#5361=VERTEX_POINT('',#5360);
#5362=CARTESIAN_POINT('',(-4.75E0,1.25E0,0.E0));
#5363=VERTEX_POINT('',#5362);
#5364=CARTESIAN_POINT('',(-4.75E0,-1.25E0,0.E0));
#5365=VERTEX_POINT('',#5364);
#5366=CARTESIAN_POINT('',(-4.75E0,-7.5E-1,0.E0));
#5367=VERTEX_POINT('',#5366);
#5368=CARTESIAN_POINT('',(-5.25E0,7.5E-1,0.E0));
#5369=VERTEX_POINT('',#5368);
#5370=CARTESIAN_POINT('',(-5.25E0,1.25E0,0.E0));
#5371=VERTEX_POINT('',#5370);
#5372=CARTESIAN_POINT('',(-5.25E0,-1.25E0,0.E0));
#5373=VERTEX_POINT('',#5372);
#5374=CARTESIAN_POINT('',(-5.25E0,-7.5E-1,0.E0));
#5375=VERTEX_POINT('',#5374);
#5376=CARTESIAN_POINT('',(-4.3E0,2.E0,0.E0));
#5377=CARTESIAN_POINT('',(-4.3E0,-2.E0,0.E0));
#5378=VERTEX_POINT('',#5376);
#5379=VERTEX_POINT('',#5377);
#5380=CARTESIAN_POINT('',(-4.3E0,-2.E0,-1.5E0));
#5381=CARTESIAN_POINT('',(-4.3E0,-6.E-1,-1.5E0));
#5382=VERTEX_POINT('',#5380);
#5383=VERTEX_POINT('',#5381);
#5384=CARTESIAN_POINT('',(-4.3E0,6.E-1,-1.5E0));
#5385=VERTEX_POINT('',#5384);
#5386=CARTESIAN_POINT('',(-4.3E0,2.E0,-1.5E0));
#5387=VERTEX_POINT('',#5386);
#5388=CARTESIAN_POINT('',(-4.062126781252E0,-1.048507125007E0,
-3.964553645803E-1));
#5389=VERTEX_POINT('',#5388);
#5390=CARTESIAN_POINT('',(-4.062126781252E0,-1.048507125007E0,
-1.222481244794E0));
#5391=VERTEX_POINT('',#5390);
#5392=VERTEX_POINT('',#4086);
#5393=VERTEX_POINT('',#4091);
#5394=CARTESIAN_POINT('',(-5.35E0,-2.E0,-1.5E0));
#5395=VERTEX_POINT('',#5394);
#5396=CARTESIAN_POINT('',(-4.65E0,-2.E0,-1.5E0));
#5397=VERTEX_POINT('',#5396);
#5398=CARTESIAN_POINT('',(-5.35E0,-6.E-1,-1.5E0));
#5399=VERTEX_POINT('',#5398);
#5400=CARTESIAN_POINT('',(-4.65E0,-6.E-1,-1.5E0));
#5401=VERTEX_POINT('',#5400);
#5402=CARTESIAN_POINT('',(-5.35E0,2.E0,-1.5E0));
#5403=VERTEX_POINT('',#5402);
#5404=CARTESIAN_POINT('',(-4.65E0,2.E0,-1.5E0));
#5405=VERTEX_POINT('',#5404);
#5406=CARTESIAN_POINT('',(-5.35E0,6.E-1,-1.5E0));
#5407=VERTEX_POINT('',#5406);
#5408=CARTESIAN_POINT('',(-4.65E0,6.E-1,-1.5E0));
#5409=VERTEX_POINT('',#5408);
#5410=CARTESIAN_POINT('',(-6.75E0,7.5E-1,-1.15E0));
#5411=CARTESIAN_POINT('',(-6.75E0,1.25E0,-1.15E0));
#5412=VERTEX_POINT('',#5410);
#5413=VERTEX_POINT('',#5411);
#5414=CARTESIAN_POINT('',(-7.25E0,7.5E-1,-1.15E0));
#5415=CARTESIAN_POINT('',(-7.25E0,1.25E0,-1.15E0));
#5416=VERTEX_POINT('',#5414);
#5417=VERTEX_POINT('',#5415);
#5418=CARTESIAN_POINT('',(-6.75E0,1.25E0,-3.45E0));
#5419=VERTEX_POINT('',#5418);
#5420=CARTESIAN_POINT('',(-6.75E0,7.5E-1,-3.45E0));
#5421=VERTEX_POINT('',#5420);
#5422=CARTESIAN_POINT('',(-7.25E0,1.25E0,-3.45E0));
#5423=VERTEX_POINT('',#5422);
#5424=CARTESIAN_POINT('',(-7.25E0,7.5E-1,-3.45E0));
#5425=VERTEX_POINT('',#5424);
#5426=CARTESIAN_POINT('',(-4.75E0,-1.25E0,-1.15E0));
#5427=CARTESIAN_POINT('',(-4.75E0,-7.5E-1,-1.15E0));
#5428=VERTEX_POINT('',#5426);
#5429=VERTEX_POINT('',#5427);
#5430=CARTESIAN_POINT('',(-4.75E0,7.5E-1,-1.15E0));
#5431=CARTESIAN_POINT('',(-4.75E0,1.25E0,-1.15E0));
#5432=VERTEX_POINT('',#5430);
#5433=VERTEX_POINT('',#5431);
#5434=CARTESIAN_POINT('',(-5.25E0,-1.25E0,-1.15E0));
#5435=CARTESIAN_POINT('',(-5.25E0,-7.5E-1,-1.15E0));
#5436=VERTEX_POINT('',#5434);
#5437=VERTEX_POINT('',#5435);
#5438=CARTESIAN_POINT('',(-5.25E0,7.5E-1,-1.15E0));
#5439=CARTESIAN_POINT('',(-5.25E0,1.25E0,-1.15E0));
#5440=VERTEX_POINT('',#5438);
#5441=VERTEX_POINT('',#5439);
#5442=CARTESIAN_POINT('',(-4.75E0,1.25E0,-3.45E0));
#5443=VERTEX_POINT('',#5442);
#5444=CARTESIAN_POINT('',(-4.75E0,7.5E-1,-3.45E0));
#5445=VERTEX_POINT('',#5444);
#5446=CARTESIAN_POINT('',(-5.25E0,1.25E0,-3.45E0));
#5447=VERTEX_POINT('',#5446);
#5448=CARTESIAN_POINT('',(-5.25E0,7.5E-1,-3.45E0));
#5449=VERTEX_POINT('',#5448);
#5450=CARTESIAN_POINT('',(-3.7E0,2.E0,0.E0));
#5451=CARTESIAN_POINT('',(-3.7E0,-2.E0,0.E0));
#5452=VERTEX_POINT('',#5450);
#5453=VERTEX_POINT('',#5451);
#5454=CARTESIAN_POINT('',(-3.7E0,-2.E0,-1.5E0));
#5455=CARTESIAN_POINT('',(-3.7E0,-6.E-1,-1.5E0));
#5456=VERTEX_POINT('',#5454);
#5457=VERTEX_POINT('',#5455);
#5458=CARTESIAN_POINT('',(-3.7E0,6.E-1,-1.5E0));
#5459=VERTEX_POINT('',#5458);
#5460=CARTESIAN_POINT('',(-3.7E0,2.E0,-1.5E0));
#5461=VERTEX_POINT('',#5460);
#5462=CARTESIAN_POINT('',(-3.937873218748E0,-1.048507125007E0,
-3.964553645803E-1));
#5463=VERTEX_POINT('',#5462);
#5464=CARTESIAN_POINT('',(-3.937873218748E0,-1.048507125007E0,
-1.222481244794E0));
#5465=VERTEX_POINT('',#5464);
#5466=CARTESIAN_POINT('',(-3.937873218748E0,1.048507125007E0,
-3.964553645803E-1));
#5467=VERTEX_POINT('',#5466);
#5468=CARTESIAN_POINT('',(-3.937873218748E0,1.048507125007E0,
-1.222481244794E0));
#5469=VERTEX_POINT('',#5468);
#5470=CARTESIAN_POINT('',(-6.75E0,2.5E-1,-4.45E0));
#5471=VERTEX_POINT('',#5470);
#5472=CARTESIAN_POINT('',(-6.75E0,-4.8E0,-4.45E0));
#5473=VERTEX_POINT('',#5472);
#5474=CARTESIAN_POINT('',(-6.75E0,-4.8E0,-3.95E0));
#5475=VERTEX_POINT('',#5474);
#5476=CARTESIAN_POINT('',(-6.75E0,2.5E-1,-3.95E0));
#5477=VERTEX_POINT('',#5476);
#5478=CARTESIAN_POINT('',(-7.25E0,2.5E-1,-4.45E0));
#5479=VERTEX_POINT('',#5478);
#5480=CARTESIAN_POINT('',(-7.25E0,-4.8E0,-4.45E0));
#5481=VERTEX_POINT('',#5480);
#5482=CARTESIAN_POINT('',(-7.25E0,-4.8E0,-3.95E0));
#5483=VERTEX_POINT('',#5482);
#5484=CARTESIAN_POINT('',(-7.25E0,2.5E-1,-3.95E0));
#5485=VERTEX_POINT('',#5484);
#5486=CARTESIAN_POINT('',(-4.75E0,2.5E-1,-4.45E0));
#5487=VERTEX_POINT('',#5486);
#5488=CARTESIAN_POINT('',(-4.75E0,-4.8E0,-4.45E0));
#5489=VERTEX_POINT('',#5488);
#5490=CARTESIAN_POINT('',(-4.75E0,-4.8E0,-3.95E0));
#5491=VERTEX_POINT('',#5490);
#5492=CARTESIAN_POINT('',(-4.75E0,2.5E-1,-3.95E0));
#5493=VERTEX_POINT('',#5492);
#5494=CARTESIAN_POINT('',(-5.25E0,2.5E-1,-4.45E0));
#5495=VERTEX_POINT('',#5494);
#5496=CARTESIAN_POINT('',(-5.25E0,-4.8E0,-4.45E0));
#5497=VERTEX_POINT('',#5496);
#5498=CARTESIAN_POINT('',(-5.25E0,-4.8E0,-3.95E0));
#5499=VERTEX_POINT('',#5498);
#5500=CARTESIAN_POINT('',(-5.25E0,2.5E-1,-3.95E0));
#5501=VERTEX_POINT('',#5500);
#5502=CARTESIAN_POINT('',(-1.954565127337E0,1.018909640690E0,
-4.242752122286E-1));
#5503=CARTESIAN_POINT('',(-1.954565127337E0,-1.018909640690E0,
-4.242752122286E-1));
#5504=VERTEX_POINT('',#5502);
#5505=VERTEX_POINT('',#5503);
#5506=CARTESIAN_POINT('',(-2.045434872663E0,1.018909640690E0,
-4.242752122286E-1));
#5507=CARTESIAN_POINT('',(-2.045434872663E0,-1.018909640690E0,
-4.242752122286E-1));
#5508=VERTEX_POINT('',#5506);
#5509=VERTEX_POINT('',#5507);
#5510=CARTESIAN_POINT('',(-2.040229751188E0,1.014213750051E0,
-1.196934709719E0));
#5511=CARTESIAN_POINT('',(-2.040229751188E0,6.E-1,-1.196934709719E0));
#5512=VERTEX_POINT('',#5510);
#5513=VERTEX_POINT('',#5511);
#5514=CARTESIAN_POINT('',(-2.040229751188E0,-6.E-1,-1.196934709719E0));
#5515=CARTESIAN_POINT('',(-2.040229751188E0,-1.014213750051E0,
-1.196934709719E0));
#5516=VERTEX_POINT('',#5514);
#5517=VERTEX_POINT('',#5515);
#5518=CARTESIAN_POINT('',(-1.959770248812E0,1.014213750051E0,
-1.196934709719E0));
#5519=CARTESIAN_POINT('',(-1.959770248812E0,6.E-1,-1.196934709719E0));
#5520=VERTEX_POINT('',#5518);
#5521=VERTEX_POINT('',#5519);
#5522=CARTESIAN_POINT('',(-1.959770248812E0,-6.E-1,-1.196934709719E0));
#5523=CARTESIAN_POINT('',(-1.959770248812E0,-1.014213750051E0,
-1.196934709719E0));
#5524=VERTEX_POINT('',#5522);
#5525=VERTEX_POINT('',#5523);
#5526=CARTESIAN_POINT('',(-3.35E0,2.E0,-1.15E0));
#5527=CARTESIAN_POINT('',(-3.35E0,6.E-1,-1.15E0));
#5528=VERTEX_POINT('',#5526);
#5529=VERTEX_POINT('',#5527);
#5530=CARTESIAN_POINT('',(-3.35E0,-6.E-1,-1.15E0));
#5531=CARTESIAN_POINT('',(-3.35E0,-2.E0,-1.15E0));
#5532=VERTEX_POINT('',#5530);
#5533=VERTEX_POINT('',#5531);
#5534=CARTESIAN_POINT('',(-2.65E0,2.E0,-1.15E0));
#5535=CARTESIAN_POINT('',(-2.65E0,6.E-1,-1.15E0));
#5536=VERTEX_POINT('',#5534);
#5537=VERTEX_POINT('',#5535);
#5538=CARTESIAN_POINT('',(-2.65E0,-6.E-1,-1.15E0));
#5539=CARTESIAN_POINT('',(-2.65E0,-2.E0,-1.15E0));
#5540=VERTEX_POINT('',#5538);
#5541=VERTEX_POINT('',#5539);
#5542=CARTESIAN_POINT('',(-2.75E0,7.5E-1,4.E0));
#5543=CARTESIAN_POINT('',(-2.75E0,1.25E0,4.E0));
#5544=VERTEX_POINT('',#5542);
#5545=VERTEX_POINT('',#5543);
#5546=CARTESIAN_POINT('',(-2.75E0,-1.25E0,4.E0));
#5547=CARTESIAN_POINT('',(-2.75E0,-7.5E-1,4.E0));
#5548=VERTEX_POINT('',#5546);
#5549=VERTEX_POINT('',#5547);
#5550=CARTESIAN_POINT('',(-2.75E0,-7.5E-1,-1.45E0));
#5551=CARTESIAN_POINT('',(-2.75E0,-1.75E0,-2.45E0));
#5552=VERTEX_POINT('',#5550);
#5553=VERTEX_POINT('',#5551);
#5554=CARTESIAN_POINT('',(-2.75E0,-4.8E0,-2.45E0));
#5555=VERTEX_POINT('',#5554);
#5556=CARTESIAN_POINT('',(-2.75E0,-4.8E0,-1.95E0));
#5557=VERTEX_POINT('',#5556);
#5558=CARTESIAN_POINT('',(-2.75E0,-1.75E0,-1.95E0));
#5559=VERTEX_POINT('',#5558);
#5560=CARTESIAN_POINT('',(-2.75E0,-1.25E0,-1.45E0));
#5561=VERTEX_POINT('',#5560);
#5562=CARTESIAN_POINT('',(-3.25E0,7.5E-1,4.E0));
#5563=CARTESIAN_POINT('',(-3.25E0,1.25E0,4.E0));
#5564=VERTEX_POINT('',#5562);
#5565=VERTEX_POINT('',#5563);
#5566=CARTESIAN_POINT('',(-3.25E0,-1.25E0,4.E0));
#5567=CARTESIAN_POINT('',(-3.25E0,-7.5E-1,4.E0));
#5568=VERTEX_POINT('',#5566);
#5569=VERTEX_POINT('',#5567);
#5570=CARTESIAN_POINT('',(-3.25E0,-7.5E-1,-1.45E0));
#5571=CARTESIAN_POINT('',(-3.25E0,-1.75E0,-2.45E0));
#5572=VERTEX_POINT('',#5570);
#5573=VERTEX_POINT('',#5571);
#5574=CARTESIAN_POINT('',(-3.25E0,-4.8E0,-2.45E0));
#5575=VERTEX_POINT('',#5574);
#5576=CARTESIAN_POINT('',(-3.25E0,-4.8E0,-1.95E0));
#5577=VERTEX_POINT('',#5576);
#5578=CARTESIAN_POINT('',(-3.25E0,-1.75E0,-1.95E0));
#5579=VERTEX_POINT('',#5578);
#5580=CARTESIAN_POINT('',(-3.25E0,-1.25E0,-1.45E0));
#5581=VERTEX_POINT('',#5580);
#5582=CARTESIAN_POINT('',(-2.75E0,7.5E-1,0.E0));
#5583=VERTEX_POINT('',#5582);
#5584=CARTESIAN_POINT('',(-2.75E0,1.25E0,0.E0));
#5585=VERTEX_POINT('',#5584);
#5586=CARTESIAN_POINT('',(-2.75E0,-1.25E0,0.E0));
#5587=VERTEX_POINT('',#5586);
#5588=CARTESIAN_POINT('',(-2.75E0,-7.5E-1,0.E0));
#5589=VERTEX_POINT('',#5588);
#5590=CARTESIAN_POINT('',(-3.25E0,7.5E-1,0.E0));
#5591=VERTEX_POINT('',#5590);
#5592=CARTESIAN_POINT('',(-3.25E0,1.25E0,0.E0));
#5593=VERTEX_POINT('',#5592);
#5594=CARTESIAN_POINT('',(-3.25E0,-1.25E0,0.E0));
#5595=VERTEX_POINT('',#5594);
#5596=CARTESIAN_POINT('',(-3.25E0,-7.5E-1,0.E0));
#5597=VERTEX_POINT('',#5596);
#5598=CARTESIAN_POINT('',(-2.75E0,1.25E0,-1.15E0));
#5599=CARTESIAN_POINT('',(-2.75E0,1.25E0,-3.45E0));
#5600=VERTEX_POINT('',#5598);
#5601=VERTEX_POINT('',#5599);
#5602=CARTESIAN_POINT('',(-2.75E0,7.5E-1,-3.45E0));
#5603=CARTESIAN_POINT('',(-2.75E0,7.5E-1,-1.15E0));
#5604=VERTEX_POINT('',#5602);
#5605=VERTEX_POINT('',#5603);
#5606=CARTESIAN_POINT('',(-2.75E0,-7.5E-1,-1.15E0));
#5607=VERTEX_POINT('',#5606);
#5608=CARTESIAN_POINT('',(-2.75E0,-1.25E0,-1.15E0));
#5609=VERTEX_POINT('',#5608);
#5610=CARTESIAN_POINT('',(-3.25E0,1.25E0,-1.15E0));
#5611=CARTESIAN_POINT('',(-3.25E0,1.25E0,-3.45E0));
#5612=VERTEX_POINT('',#5610);
#5613=VERTEX_POINT('',#5611);
#5614=CARTESIAN_POINT('',(-3.25E0,7.5E-1,-3.45E0));
#5615=CARTESIAN_POINT('',(-3.25E0,7.5E-1,-1.15E0));
#5616=VERTEX_POINT('',#5614);
#5617=VERTEX_POINT('',#5615);
#5618=CARTESIAN_POINT('',(-3.25E0,-7.5E-1,-1.15E0));
#5619=VERTEX_POINT('',#5618);
#5620=CARTESIAN_POINT('',(-3.25E0,-1.25E0,-1.15E0));
#5621=VERTEX_POINT('',#5620);
#5622=CARTESIAN_POINT('',(-2.75E0,2.5E-1,-4.45E0));
#5623=VERTEX_POINT('',#5622);
#5624=CARTESIAN_POINT('',(-2.75E0,-4.8E0,-4.45E0));
#5625=VERTEX_POINT('',#5624);
#5626=CARTESIAN_POINT('',(-2.75E0,-4.8E0,-3.95E0));
#5627=VERTEX_POINT('',#5626);
#5628=CARTESIAN_POINT('',(-2.75E0,2.5E-1,-3.95E0));
#5629=VERTEX_POINT('',#5628);
#5630=CARTESIAN_POINT('',(-3.25E0,2.5E-1,-4.45E0));
#5631=VERTEX_POINT('',#5630);
#5632=CARTESIAN_POINT('',(-3.25E0,-4.8E0,-4.45E0));
#5633=VERTEX_POINT('',#5632);
#5634=CARTESIAN_POINT('',(-3.25E0,-4.8E0,-3.95E0));
#5635=VERTEX_POINT('',#5634);
#5636=CARTESIAN_POINT('',(-3.25E0,2.5E-1,-3.95E0));
#5637=VERTEX_POINT('',#5636);
#5638=CARTESIAN_POINT('',(4.543487266281E-2,1.018909640690E0,
-4.242752122286E-1));
#5639=CARTESIAN_POINT('',(4.543487266282E-2,-1.018909640690E0,
-4.242752122286E-1));
#5640=VERTEX_POINT('',#5638);
#5641=VERTEX_POINT('',#5639);
#5642=CARTESIAN_POINT('',(-4.543487266282E-2,1.018909640690E0,
-4.242752122286E-1));
#5643=CARTESIAN_POINT('',(-4.543487266281E-2,-1.018909640690E0,
-4.242752122286E-1));
#5644=VERTEX_POINT('',#5642);
#5645=VERTEX_POINT('',#5643);
#5646=CARTESIAN_POINT('',(-4.022975118799E-2,1.014213750051E0,
-1.196934709719E0));
#5647=CARTESIAN_POINT('',(-4.022975118799E-2,6.E-1,-1.196934709719E0));
#5648=VERTEX_POINT('',#5646);
#5649=VERTEX_POINT('',#5647);
#5650=CARTESIAN_POINT('',(-4.022975118799E-2,-6.E-1,-1.196934709719E0));
#5651=CARTESIAN_POINT('',(-4.022975118799E-2,-1.014213750051E0,
-1.196934709719E0));
#5652=VERTEX_POINT('',#5650);
#5653=VERTEX_POINT('',#5651);
#5654=CARTESIAN_POINT('',(4.022975118799E-2,1.014213750051E0,
-1.196934709719E0));
#5655=CARTESIAN_POINT('',(4.022975118799E-2,6.E-1,-1.196934709719E0));
#5656=VERTEX_POINT('',#5654);
#5657=VERTEX_POINT('',#5655);
#5658=CARTESIAN_POINT('',(4.022975118799E-2,-6.E-1,-1.196934709719E0));
#5659=CARTESIAN_POINT('',(4.022975118799E-2,-1.014213750051E0,
-1.196934709719E0));
#5660=VERTEX_POINT('',#5658);
#5661=VERTEX_POINT('',#5659);
#5662=CARTESIAN_POINT('',(-1.35E0,2.E0,-1.15E0));
#5663=CARTESIAN_POINT('',(-1.35E0,6.E-1,-1.15E0));
#5664=VERTEX_POINT('',#5662);
#5665=VERTEX_POINT('',#5663);
#5666=CARTESIAN_POINT('',(-1.35E0,-6.E-1,-1.15E0));
#5667=CARTESIAN_POINT('',(-1.35E0,-2.E0,-1.15E0));
#5668=VERTEX_POINT('',#5666);
#5669=VERTEX_POINT('',#5667);
#5670=CARTESIAN_POINT('',(-6.5E-1,2.E0,-1.15E0));
#5671=CARTESIAN_POINT('',(-6.5E-1,6.E-1,-1.15E0));
#5672=VERTEX_POINT('',#5670);
#5673=VERTEX_POINT('',#5671);
#5674=CARTESIAN_POINT('',(-6.5E-1,-6.E-1,-1.15E0));
#5675=CARTESIAN_POINT('',(-6.5E-1,-2.E0,-1.15E0));
#5676=VERTEX_POINT('',#5674);
#5677=VERTEX_POINT('',#5675);
#5678=CARTESIAN_POINT('',(-7.5E-1,7.5E-1,4.E0));
#5679=CARTESIAN_POINT('',(-7.5E-1,1.25E0,4.E0));
#5680=VERTEX_POINT('',#5678);
#5681=VERTEX_POINT('',#5679);
#5682=CARTESIAN_POINT('',(-7.5E-1,-1.25E0,4.E0));
#5683=CARTESIAN_POINT('',(-7.5E-1,-7.5E-1,4.E0));
#5684=VERTEX_POINT('',#5682);
#5685=VERTEX_POINT('',#5683);
#5686=CARTESIAN_POINT('',(-7.5E-1,-7.5E-1,-1.45E0));
#5687=CARTESIAN_POINT('',(-7.5E-1,-1.75E0,-2.45E0));
#5688=VERTEX_POINT('',#5686);
#5689=VERTEX_POINT('',#5687);
#5690=CARTESIAN_POINT('',(-7.5E-1,-4.8E0,-2.45E0));
#5691=VERTEX_POINT('',#5690);
#5692=CARTESIAN_POINT('',(-7.5E-1,-4.8E0,-1.95E0));
#5693=VERTEX_POINT('',#5692);
#5694=CARTESIAN_POINT('',(-7.5E-1,-1.75E0,-1.95E0));
#5695=VERTEX_POINT('',#5694);
#5696=CARTESIAN_POINT('',(-7.5E-1,-1.25E0,-1.45E0));
#5697=VERTEX_POINT('',#5696);
#5698=CARTESIAN_POINT('',(-1.25E0,7.5E-1,4.E0));
#5699=CARTESIAN_POINT('',(-1.25E0,1.25E0,4.E0));
#5700=VERTEX_POINT('',#5698);
#5701=VERTEX_POINT('',#5699);
#5702=CARTESIAN_POINT('',(-1.25E0,-1.25E0,4.E0));
#5703=CARTESIAN_POINT('',(-1.25E0,-7.5E-1,4.E0));
#5704=VERTEX_POINT('',#5702);
#5705=VERTEX_POINT('',#5703);
#5706=CARTESIAN_POINT('',(-1.25E0,-7.5E-1,-1.45E0));
#5707=CARTESIAN_POINT('',(-1.25E0,-1.75E0,-2.45E0));
#5708=VERTEX_POINT('',#5706);
#5709=VERTEX_POINT('',#5707);
#5710=CARTESIAN_POINT('',(-1.25E0,-4.8E0,-2.45E0));
#5711=VERTEX_POINT('',#5710);
#5712=CARTESIAN_POINT('',(-1.25E0,-4.8E0,-1.95E0));
#5713=VERTEX_POINT('',#5712);
#5714=CARTESIAN_POINT('',(-1.25E0,-1.75E0,-1.95E0));
#5715=VERTEX_POINT('',#5714);
#5716=CARTESIAN_POINT('',(-1.25E0,-1.25E0,-1.45E0));
#5717=VERTEX_POINT('',#5716);
#5718=CARTESIAN_POINT('',(-7.5E-1,7.5E-1,0.E0));
#5719=VERTEX_POINT('',#5718);
#5720=CARTESIAN_POINT('',(-7.5E-1,1.25E0,0.E0));
#5721=VERTEX_POINT('',#5720);
#5722=CARTESIAN_POINT('',(-7.5E-1,-1.25E0,0.E0));
#5723=VERTEX_POINT('',#5722);
#5724=CARTESIAN_POINT('',(-7.5E-1,-7.5E-1,0.E0));
#5725=VERTEX_POINT('',#5724);
#5726=CARTESIAN_POINT('',(-1.25E0,7.5E-1,0.E0));
#5727=VERTEX_POINT('',#5726);
#5728=CARTESIAN_POINT('',(-1.25E0,1.25E0,0.E0));
#5729=VERTEX_POINT('',#5728);
#5730=CARTESIAN_POINT('',(-1.25E0,-1.25E0,0.E0));
#5731=VERTEX_POINT('',#5730);
#5732=CARTESIAN_POINT('',(-1.25E0,-7.5E-1,0.E0));
#5733=VERTEX_POINT('',#5732);
#5734=CARTESIAN_POINT('',(-7.5E-1,1.25E0,-1.15E0));
#5735=CARTESIAN_POINT('',(-7.5E-1,1.25E0,-3.45E0));
#5736=VERTEX_POINT('',#5734);
#5737=VERTEX_POINT('',#5735);
#5738=CARTESIAN_POINT('',(-7.5E-1,7.5E-1,-3.45E0));
#5739=CARTESIAN_POINT('',(-7.5E-1,7.5E-1,-1.15E0));
#5740=VERTEX_POINT('',#5738);
#5741=VERTEX_POINT('',#5739);
#5742=CARTESIAN_POINT('',(-7.5E-1,-7.5E-1,-1.15E0));
#5743=VERTEX_POINT('',#5742);
#5744=CARTESIAN_POINT('',(-7.5E-1,-1.25E0,-1.15E0));
#5745=VERTEX_POINT('',#5744);
#5746=CARTESIAN_POINT('',(-1.25E0,1.25E0,-1.15E0));
#5747=CARTESIAN_POINT('',(-1.25E0,1.25E0,-3.45E0));
#5748=VERTEX_POINT('',#5746);
#5749=VERTEX_POINT('',#5747);
#5750=CARTESIAN_POINT('',(-1.25E0,7.5E-1,-3.45E0));
#5751=CARTESIAN_POINT('',(-1.25E0,7.5E-1,-1.15E0));
#5752=VERTEX_POINT('',#5750);
#5753=VERTEX_POINT('',#5751);
#5754=CARTESIAN_POINT('',(-1.25E0,-7.5E-1,-1.15E0));
#5755=VERTEX_POINT('',#5754);
#5756=CARTESIAN_POINT('',(-1.25E0,-1.25E0,-1.15E0));
#5757=VERTEX_POINT('',#5756);
#5758=CARTESIAN_POINT('',(-7.5E-1,2.5E-1,-4.45E0));
#5759=VERTEX_POINT('',#5758);
#5760=CARTESIAN_POINT('',(-7.5E-1,-4.8E0,-4.45E0));
#5761=VERTEX_POINT('',#5760);
#5762=CARTESIAN_POINT('',(-7.5E-1,-4.8E0,-3.95E0));
#5763=VERTEX_POINT('',#5762);
#5764=CARTESIAN_POINT('',(-7.5E-1,2.5E-1,-3.95E0));
#5765=VERTEX_POINT('',#5764);
#5766=CARTESIAN_POINT('',(-1.25E0,2.5E-1,-4.45E0));
#5767=VERTEX_POINT('',#5766);
#5768=CARTESIAN_POINT('',(-1.25E0,-4.8E0,-4.45E0));
#5769=VERTEX_POINT('',#5768);
#5770=CARTESIAN_POINT('',(-1.25E0,-4.8E0,-3.95E0));
#5771=VERTEX_POINT('',#5770);
#5772=CARTESIAN_POINT('',(-1.25E0,2.5E-1,-3.95E0));
#5773=VERTEX_POINT('',#5772);
#5774=CARTESIAN_POINT('',(2.045434872663E0,1.018909640690E0,
-4.242752122286E-1));
#5775=CARTESIAN_POINT('',(2.045434872663E0,-1.018909640690E0,
-4.242752122286E-1));
#5776=VERTEX_POINT('',#5774);
#5777=VERTEX_POINT('',#5775);
#5778=CARTESIAN_POINT('',(1.954565127337E0,1.018909640690E0,
-4.242752122286E-1));
#5779=CARTESIAN_POINT('',(1.954565127337E0,-1.018909640690E0,
-4.242752122286E-1));
#5780=VERTEX_POINT('',#5778);
#5781=VERTEX_POINT('',#5779);
#5782=CARTESIAN_POINT('',(1.959770248812E0,1.014213750051E0,-1.196934709719E0));
#5783=CARTESIAN_POINT('',(1.959770248812E0,6.E-1,-1.196934709719E0));
#5784=VERTEX_POINT('',#5782);
#5785=VERTEX_POINT('',#5783);
#5786=CARTESIAN_POINT('',(1.959770248812E0,-6.E-1,-1.196934709719E0));
#5787=CARTESIAN_POINT('',(1.959770248812E0,-1.014213750051E0,
-1.196934709719E0));
#5788=VERTEX_POINT('',#5786);
#5789=VERTEX_POINT('',#5787);
#5790=CARTESIAN_POINT('',(2.040229751188E0,1.014213750051E0,-1.196934709719E0));
#5791=CARTESIAN_POINT('',(2.040229751188E0,6.E-1,-1.196934709719E0));
#5792=VERTEX_POINT('',#5790);
#5793=VERTEX_POINT('',#5791);
#5794=CARTESIAN_POINT('',(2.040229751188E0,-6.E-1,-1.196934709719E0));
#5795=CARTESIAN_POINT('',(2.040229751188E0,-1.014213750051E0,
-1.196934709719E0));
#5796=VERTEX_POINT('',#5794);
#5797=VERTEX_POINT('',#5795);
#5798=CARTESIAN_POINT('',(6.5E-1,2.E0,-1.15E0));
#5799=CARTESIAN_POINT('',(6.5E-1,6.E-1,-1.15E0));
#5800=VERTEX_POINT('',#5798);
#5801=VERTEX_POINT('',#5799);
#5802=CARTESIAN_POINT('',(6.5E-1,-6.E-1,-1.15E0));
#5803=CARTESIAN_POINT('',(6.5E-1,-2.E0,-1.15E0));
#5804=VERTEX_POINT('',#5802);
#5805=VERTEX_POINT('',#5803);
#5806=CARTESIAN_POINT('',(1.35E0,2.E0,-1.15E0));
#5807=CARTESIAN_POINT('',(1.35E0,6.E-1,-1.15E0));
#5808=VERTEX_POINT('',#5806);
#5809=VERTEX_POINT('',#5807);
#5810=CARTESIAN_POINT('',(1.35E0,-6.E-1,-1.15E0));
#5811=CARTESIAN_POINT('',(1.35E0,-2.E0,-1.15E0));
#5812=VERTEX_POINT('',#5810);
#5813=VERTEX_POINT('',#5811);
#5814=CARTESIAN_POINT('',(1.25E0,7.5E-1,4.E0));
#5815=CARTESIAN_POINT('',(1.25E0,1.25E0,4.E0));
#5816=VERTEX_POINT('',#5814);
#5817=VERTEX_POINT('',#5815);
#5818=CARTESIAN_POINT('',(1.25E0,-1.25E0,4.E0));
#5819=CARTESIAN_POINT('',(1.25E0,-7.5E-1,4.E0));
#5820=VERTEX_POINT('',#5818);
#5821=VERTEX_POINT('',#5819);
#5822=CARTESIAN_POINT('',(1.25E0,-7.5E-1,-1.45E0));
#5823=CARTESIAN_POINT('',(1.25E0,-1.75E0,-2.45E0));
#5824=VERTEX_POINT('',#5822);
#5825=VERTEX_POINT('',#5823);
#5826=CARTESIAN_POINT('',(1.25E0,-4.8E0,-2.45E0));
#5827=VERTEX_POINT('',#5826);
#5828=CARTESIAN_POINT('',(1.25E0,-4.8E0,-1.95E0));
#5829=VERTEX_POINT('',#5828);
#5830=CARTESIAN_POINT('',(1.25E0,-1.75E0,-1.95E0));
#5831=VERTEX_POINT('',#5830);
#5832=CARTESIAN_POINT('',(1.25E0,-1.25E0,-1.45E0));
#5833=VERTEX_POINT('',#5832);
#5834=CARTESIAN_POINT('',(7.5E-1,7.5E-1,4.E0));
#5835=CARTESIAN_POINT('',(7.5E-1,1.25E0,4.E0));
#5836=VERTEX_POINT('',#5834);
#5837=VERTEX_POINT('',#5835);
#5838=CARTESIAN_POINT('',(7.5E-1,-1.25E0,4.E0));
#5839=CARTESIAN_POINT('',(7.5E-1,-7.5E-1,4.E0));
#5840=VERTEX_POINT('',#5838);
#5841=VERTEX_POINT('',#5839);
#5842=CARTESIAN_POINT('',(7.5E-1,-7.5E-1,-1.45E0));
#5843=CARTESIAN_POINT('',(7.5E-1,-1.75E0,-2.45E0));
#5844=VERTEX_POINT('',#5842);
#5845=VERTEX_POINT('',#5843);
#5846=CARTESIAN_POINT('',(7.5E-1,-4.8E0,-2.45E0));
#5847=VERTEX_POINT('',#5846);
#5848=CARTESIAN_POINT('',(7.5E-1,-4.8E0,-1.95E0));
#5849=VERTEX_POINT('',#5848);
#5850=CARTESIAN_POINT('',(7.5E-1,-1.75E0,-1.95E0));
#5851=VERTEX_POINT('',#5850);
#5852=CARTESIAN_POINT('',(7.5E-1,-1.25E0,-1.45E0));
#5853=VERTEX_POINT('',#5852);
#5854=CARTESIAN_POINT('',(1.25E0,7.5E-1,0.E0));
#5855=VERTEX_POINT('',#5854);
#5856=CARTESIAN_POINT('',(1.25E0,1.25E0,0.E0));
#5857=VERTEX_POINT('',#5856);
#5858=CARTESIAN_POINT('',(1.25E0,-1.25E0,0.E0));
#5859=VERTEX_POINT('',#5858);
#5860=CARTESIAN_POINT('',(1.25E0,-7.5E-1,0.E0));
#5861=VERTEX_POINT('',#5860);
#5862=CARTESIAN_POINT('',(7.5E-1,7.5E-1,0.E0));
#5863=VERTEX_POINT('',#5862);
#5864=CARTESIAN_POINT('',(7.5E-1,1.25E0,0.E0));
#5865=VERTEX_POINT('',#5864);
#5866=CARTESIAN_POINT('',(7.5E-1,-1.25E0,0.E0));
#5867=VERTEX_POINT('',#5866);
#5868=CARTESIAN_POINT('',(7.5E-1,-7.5E-1,0.E0));
#5869=VERTEX_POINT('',#5868);
#5870=CARTESIAN_POINT('',(1.25E0,1.25E0,-1.15E0));
#5871=CARTESIAN_POINT('',(1.25E0,1.25E0,-3.45E0));
#5872=VERTEX_POINT('',#5870);
#5873=VERTEX_POINT('',#5871);
#5874=CARTESIAN_POINT('',(1.25E0,7.5E-1,-3.45E0));
#5875=CARTESIAN_POINT('',(1.25E0,7.5E-1,-1.15E0));
#5876=VERTEX_POINT('',#5874);
#5877=VERTEX_POINT('',#5875);
#5878=CARTESIAN_POINT('',(1.25E0,-7.5E-1,-1.15E0));
#5879=VERTEX_POINT('',#5878);
#5880=CARTESIAN_POINT('',(1.25E0,-1.25E0,-1.15E0));
#5881=VERTEX_POINT('',#5880);
#5882=CARTESIAN_POINT('',(7.5E-1,1.25E0,-1.15E0));
#5883=CARTESIAN_POINT('',(7.5E-1,1.25E0,-3.45E0));
#5884=VERTEX_POINT('',#5882);
#5885=VERTEX_POINT('',#5883);
#5886=CARTESIAN_POINT('',(7.5E-1,7.5E-1,-3.45E0));
#5887=CARTESIAN_POINT('',(7.5E-1,7.5E-1,-1.15E0));
#5888=VERTEX_POINT('',#5886);
#5889=VERTEX_POINT('',#5887);
#5890=CARTESIAN_POINT('',(7.5E-1,-7.5E-1,-1.15E0));
#5891=VERTEX_POINT('',#5890);
#5892=CARTESIAN_POINT('',(7.5E-1,-1.25E0,-1.15E0));
#5893=VERTEX_POINT('',#5892);
#5894=CARTESIAN_POINT('',(1.25E0,2.5E-1,-4.45E0));
#5895=VERTEX_POINT('',#5894);
#5896=CARTESIAN_POINT('',(1.25E0,-4.8E0,-4.45E0));
#5897=VERTEX_POINT('',#5896);
#5898=CARTESIAN_POINT('',(1.25E0,-4.8E0,-3.95E0));
#5899=VERTEX_POINT('',#5898);
#5900=CARTESIAN_POINT('',(1.25E0,2.5E-1,-3.95E0));
#5901=VERTEX_POINT('',#5900);
#5902=CARTESIAN_POINT('',(7.5E-1,2.5E-1,-4.45E0));
#5903=VERTEX_POINT('',#5902);
#5904=CARTESIAN_POINT('',(7.5E-1,-4.8E0,-4.45E0));
#5905=VERTEX_POINT('',#5904);
#5906=CARTESIAN_POINT('',(7.5E-1,-4.8E0,-3.95E0));
#5907=VERTEX_POINT('',#5906);
#5908=CARTESIAN_POINT('',(7.5E-1,2.5E-1,-3.95E0));
#5909=VERTEX_POINT('',#5908);
#5910=CARTESIAN_POINT('',(4.045434872663E0,1.018909640690E0,
-4.242752122286E-1));
#5911=CARTESIAN_POINT('',(4.045434872663E0,-1.018909640690E0,
-4.242752122286E-1));
#5912=VERTEX_POINT('',#5910);
#5913=VERTEX_POINT('',#5911);
#5914=CARTESIAN_POINT('',(3.954565127337E0,1.018909640690E0,
-4.242752122286E-1));
#5915=CARTESIAN_POINT('',(3.954565127337E0,-1.018909640690E0,
-4.242752122286E-1));
#5916=VERTEX_POINT('',#5914);
#5917=VERTEX_POINT('',#5915);
#5918=CARTESIAN_POINT('',(3.959770248812E0,1.014213750051E0,-1.196934709719E0));
#5919=CARTESIAN_POINT('',(3.959770248812E0,6.E-1,-1.196934709719E0));
#5920=VERTEX_POINT('',#5918);
#5921=VERTEX_POINT('',#5919);
#5922=CARTESIAN_POINT('',(3.959770248812E0,-6.E-1,-1.196934709719E0));
#5923=CARTESIAN_POINT('',(3.959770248812E0,-1.014213750051E0,
-1.196934709719E0));
#5924=VERTEX_POINT('',#5922);
#5925=VERTEX_POINT('',#5923);
#5926=CARTESIAN_POINT('',(4.040229751188E0,1.014213750051E0,-1.196934709719E0));
#5927=CARTESIAN_POINT('',(4.040229751188E0,6.E-1,-1.196934709719E0));
#5928=VERTEX_POINT('',#5926);
#5929=VERTEX_POINT('',#5927);
#5930=CARTESIAN_POINT('',(4.040229751188E0,-6.E-1,-1.196934709719E0));
#5931=CARTESIAN_POINT('',(4.040229751188E0,-1.014213750051E0,
-1.196934709719E0));
#5932=VERTEX_POINT('',#5930);
#5933=VERTEX_POINT('',#5931);
#5934=CARTESIAN_POINT('',(2.65E0,2.E0,-1.15E0));
#5935=CARTESIAN_POINT('',(2.65E0,6.E-1,-1.15E0));
#5936=VERTEX_POINT('',#5934);
#5937=VERTEX_POINT('',#5935);
#5938=CARTESIAN_POINT('',(2.65E0,-6.E-1,-1.15E0));
#5939=CARTESIAN_POINT('',(2.65E0,-2.E0,-1.15E0));
#5940=VERTEX_POINT('',#5938);
#5941=VERTEX_POINT('',#5939);
#5942=CARTESIAN_POINT('',(3.35E0,2.E0,-1.15E0));
#5943=CARTESIAN_POINT('',(3.35E0,6.E-1,-1.15E0));
#5944=VERTEX_POINT('',#5942);
#5945=VERTEX_POINT('',#5943);
#5946=CARTESIAN_POINT('',(3.35E0,-6.E-1,-1.15E0));
#5947=CARTESIAN_POINT('',(3.35E0,-2.E0,-1.15E0));
#5948=VERTEX_POINT('',#5946);
#5949=VERTEX_POINT('',#5947);
#5950=CARTESIAN_POINT('',(3.25E0,7.5E-1,4.E0));
#5951=CARTESIAN_POINT('',(3.25E0,1.25E0,4.E0));
#5952=VERTEX_POINT('',#5950);
#5953=VERTEX_POINT('',#5951);
#5954=CARTESIAN_POINT('',(3.25E0,-1.25E0,4.E0));
#5955=CARTESIAN_POINT('',(3.25E0,-7.5E-1,4.E0));
#5956=VERTEX_POINT('',#5954);
#5957=VERTEX_POINT('',#5955);
#5958=CARTESIAN_POINT('',(3.25E0,-7.5E-1,-1.45E0));
#5959=CARTESIAN_POINT('',(3.25E0,-1.75E0,-2.45E0));
#5960=VERTEX_POINT('',#5958);
#5961=VERTEX_POINT('',#5959);
#5962=CARTESIAN_POINT('',(3.25E0,-4.8E0,-2.45E0));
#5963=VERTEX_POINT('',#5962);
#5964=CARTESIAN_POINT('',(3.25E0,-4.8E0,-1.95E0));
#5965=VERTEX_POINT('',#5964);
#5966=CARTESIAN_POINT('',(3.25E0,-1.75E0,-1.95E0));
#5967=VERTEX_POINT('',#5966);
#5968=CARTESIAN_POINT('',(3.25E0,-1.25E0,-1.45E0));
#5969=VERTEX_POINT('',#5968);
#5970=CARTESIAN_POINT('',(2.75E0,7.5E-1,4.E0));
#5971=CARTESIAN_POINT('',(2.75E0,1.25E0,4.E0));
#5972=VERTEX_POINT('',#5970);
#5973=VERTEX_POINT('',#5971);
#5974=CARTESIAN_POINT('',(2.75E0,-1.25E0,4.E0));
#5975=CARTESIAN_POINT('',(2.75E0,-7.5E-1,4.E0));
#5976=VERTEX_POINT('',#5974);
#5977=VERTEX_POINT('',#5975);
#5978=CARTESIAN_POINT('',(2.75E0,-7.5E-1,-1.45E0));
#5979=CARTESIAN_POINT('',(2.75E0,-1.75E0,-2.45E0));
#5980=VERTEX_POINT('',#5978);
#5981=VERTEX_POINT('',#5979);
#5982=CARTESIAN_POINT('',(2.75E0,-4.8E0,-2.45E0));
#5983=VERTEX_POINT('',#5982);
#5984=CARTESIAN_POINT('',(2.75E0,-4.8E0,-1.95E0));
#5985=VERTEX_POINT('',#5984);
#5986=CARTESIAN_POINT('',(2.75E0,-1.75E0,-1.95E0));
#5987=VERTEX_POINT('',#5986);
#5988=CARTESIAN_POINT('',(2.75E0,-1.25E0,-1.45E0));
#5989=VERTEX_POINT('',#5988);
#5990=CARTESIAN_POINT('',(3.25E0,7.5E-1,0.E0));
#5991=VERTEX_POINT('',#5990);
#5992=CARTESIAN_POINT('',(3.25E0,1.25E0,0.E0));
#5993=VERTEX_POINT('',#5992);
#5994=CARTESIAN_POINT('',(3.25E0,-1.25E0,0.E0));
#5995=VERTEX_POINT('',#5994);
#5996=CARTESIAN_POINT('',(3.25E0,-7.5E-1,0.E0));
#5997=VERTEX_POINT('',#5996);
#5998=CARTESIAN_POINT('',(2.75E0,7.5E-1,0.E0));
#5999=VERTEX_POINT('',#5998);
#6000=CARTESIAN_POINT('',(2.75E0,1.25E0,0.E0));
#6001=VERTEX_POINT('',#6000);
#6002=CARTESIAN_POINT('',(2.75E0,-1.25E0,0.E0));
#6003=VERTEX_POINT('',#6002);
#6004=CARTESIAN_POINT('',(2.75E0,-7.5E-1,0.E0));
#6005=VERTEX_POINT('',#6004);
#6006=CARTESIAN_POINT('',(3.25E0,1.25E0,-1.15E0));
#6007=CARTESIAN_POINT('',(3.25E0,1.25E0,-3.45E0));
#6008=VERTEX_POINT('',#6006);
#6009=VERTEX_POINT('',#6007);
#6010=CARTESIAN_POINT('',(3.25E0,7.5E-1,-3.45E0));
#6011=CARTESIAN_POINT('',(3.25E0,7.5E-1,-1.15E0));
#6012=VERTEX_POINT('',#6010);
#6013=VERTEX_POINT('',#6011);
#6014=CARTESIAN_POINT('',(3.25E0,-7.5E-1,-1.15E0));
#6015=VERTEX_POINT('',#6014);
#6016=CARTESIAN_POINT('',(3.25E0,-1.25E0,-1.15E0));
#6017=VERTEX_POINT('',#6016);
#6018=CARTESIAN_POINT('',(2.75E0,1.25E0,-1.15E0));
#6019=CARTESIAN_POINT('',(2.75E0,1.25E0,-3.45E0));
#6020=VERTEX_POINT('',#6018);
#6021=VERTEX_POINT('',#6019);
#6022=CARTESIAN_POINT('',(2.75E0,7.5E-1,-3.45E0));
#6023=CARTESIAN_POINT('',(2.75E0,7.5E-1,-1.15E0));
#6024=VERTEX_POINT('',#6022);
#6025=VERTEX_POINT('',#6023);
#6026=CARTESIAN_POINT('',(2.75E0,-7.5E-1,-1.15E0));
#6027=VERTEX_POINT('',#6026);
#6028=CARTESIAN_POINT('',(2.75E0,-1.25E0,-1.15E0));
#6029=VERTEX_POINT('',#6028);
#6030=CARTESIAN_POINT('',(3.25E0,2.5E-1,-4.45E0));
#6031=VERTEX_POINT('',#6030);
#6032=CARTESIAN_POINT('',(3.25E0,-4.8E0,-4.45E0));
#6033=VERTEX_POINT('',#6032);
#6034=CARTESIAN_POINT('',(3.25E0,-4.8E0,-3.95E0));
#6035=VERTEX_POINT('',#6034);
#6036=CARTESIAN_POINT('',(3.25E0,2.5E-1,-3.95E0));
#6037=VERTEX_POINT('',#6036);
#6038=CARTESIAN_POINT('',(2.75E0,2.5E-1,-4.45E0));
#6039=VERTEX_POINT('',#6038);
#6040=CARTESIAN_POINT('',(2.75E0,-4.8E0,-4.45E0));
#6041=VERTEX_POINT('',#6040);
#6042=CARTESIAN_POINT('',(2.75E0,-4.8E0,-3.95E0));
#6043=VERTEX_POINT('',#6042);
#6044=CARTESIAN_POINT('',(2.75E0,2.5E-1,-3.95E0));
#6045=VERTEX_POINT('',#6044);
#6046=CARTESIAN_POINT('',(6.045434872663E0,1.018909640690E0,
-4.242752122286E-1));
#6047=CARTESIAN_POINT('',(6.045434872663E0,-1.018909640690E0,
-4.242752122286E-1));
#6048=VERTEX_POINT('',#6046);
#6049=VERTEX_POINT('',#6047);
#6050=CARTESIAN_POINT('',(5.954565127337E0,1.018909640690E0,
-4.242752122286E-1));
#6051=CARTESIAN_POINT('',(5.954565127337E0,-1.018909640690E0,
-4.242752122286E-1));
#6052=VERTEX_POINT('',#6050);
#6053=VERTEX_POINT('',#6051);
#6054=CARTESIAN_POINT('',(5.959770248812E0,1.014213750051E0,-1.196934709719E0));
#6055=CARTESIAN_POINT('',(5.959770248812E0,6.E-1,-1.196934709719E0));
#6056=VERTEX_POINT('',#6054);
#6057=VERTEX_POINT('',#6055);
#6058=CARTESIAN_POINT('',(5.959770248812E0,-6.E-1,-1.196934709719E0));
#6059=CARTESIAN_POINT('',(5.959770248812E0,-1.014213750051E0,
-1.196934709719E0));
#6060=VERTEX_POINT('',#6058);
#6061=VERTEX_POINT('',#6059);
#6062=CARTESIAN_POINT('',(6.040229751188E0,1.014213750051E0,-1.196934709719E0));
#6063=CARTESIAN_POINT('',(6.040229751188E0,6.E-1,-1.196934709719E0));
#6064=VERTEX_POINT('',#6062);
#6065=VERTEX_POINT('',#6063);
#6066=CARTESIAN_POINT('',(6.040229751188E0,-6.E-1,-1.196934709719E0));
#6067=CARTESIAN_POINT('',(6.040229751188E0,-1.014213750051E0,
-1.196934709719E0));
#6068=VERTEX_POINT('',#6066);
#6069=VERTEX_POINT('',#6067);
#6070=CARTESIAN_POINT('',(4.65E0,2.E0,-1.15E0));
#6071=CARTESIAN_POINT('',(4.65E0,6.E-1,-1.15E0));
#6072=VERTEX_POINT('',#6070);
#6073=VERTEX_POINT('',#6071);
#6074=CARTESIAN_POINT('',(4.65E0,-6.E-1,-1.15E0));
#6075=CARTESIAN_POINT('',(4.65E0,-2.E0,-1.15E0));
#6076=VERTEX_POINT('',#6074);
#6077=VERTEX_POINT('',#6075);
#6078=CARTESIAN_POINT('',(5.35E0,2.E0,-1.15E0));
#6079=CARTESIAN_POINT('',(5.35E0,6.E-1,-1.15E0));
#6080=VERTEX_POINT('',#6078);
#6081=VERTEX_POINT('',#6079);
#6082=CARTESIAN_POINT('',(5.35E0,-6.E-1,-1.15E0));
#6083=CARTESIAN_POINT('',(5.35E0,-2.E0,-1.15E0));
#6084=VERTEX_POINT('',#6082);
#6085=VERTEX_POINT('',#6083);
#6086=CARTESIAN_POINT('',(5.25E0,7.5E-1,4.E0));
#6087=CARTESIAN_POINT('',(5.25E0,1.25E0,4.E0));
#6088=VERTEX_POINT('',#6086);
#6089=VERTEX_POINT('',#6087);
#6090=CARTESIAN_POINT('',(5.25E0,-1.25E0,4.E0));
#6091=CARTESIAN_POINT('',(5.25E0,-7.5E-1,4.E0));
#6092=VERTEX_POINT('',#6090);
#6093=VERTEX_POINT('',#6091);
#6094=CARTESIAN_POINT('',(5.25E0,-7.5E-1,-1.45E0));
#6095=CARTESIAN_POINT('',(5.25E0,-1.75E0,-2.45E0));
#6096=VERTEX_POINT('',#6094);
#6097=VERTEX_POINT('',#6095);
#6098=CARTESIAN_POINT('',(5.25E0,-4.8E0,-2.45E0));
#6099=VERTEX_POINT('',#6098);
#6100=CARTESIAN_POINT('',(5.25E0,-4.8E0,-1.95E0));
#6101=VERTEX_POINT('',#6100);
#6102=CARTESIAN_POINT('',(5.25E0,-1.75E0,-1.95E0));
#6103=VERTEX_POINT('',#6102);
#6104=CARTESIAN_POINT('',(5.25E0,-1.25E0,-1.45E0));
#6105=VERTEX_POINT('',#6104);
#6106=CARTESIAN_POINT('',(4.75E0,7.5E-1,4.E0));
#6107=CARTESIAN_POINT('',(4.75E0,1.25E0,4.E0));
#6108=VERTEX_POINT('',#6106);
#6109=VERTEX_POINT('',#6107);
#6110=CARTESIAN_POINT('',(4.75E0,-1.25E0,4.E0));
#6111=CARTESIAN_POINT('',(4.75E0,-7.5E-1,4.E0));
#6112=VERTEX_POINT('',#6110);
#6113=VERTEX_POINT('',#6111);
#6114=CARTESIAN_POINT('',(4.75E0,-7.5E-1,-1.45E0));
#6115=CARTESIAN_POINT('',(4.75E0,-1.75E0,-2.45E0));
#6116=VERTEX_POINT('',#6114);
#6117=VERTEX_POINT('',#6115);
#6118=CARTESIAN_POINT('',(4.75E0,-4.8E0,-2.45E0));
#6119=VERTEX_POINT('',#6118);
#6120=CARTESIAN_POINT('',(4.75E0,-4.8E0,-1.95E0));
#6121=VERTEX_POINT('',#6120);
#6122=CARTESIAN_POINT('',(4.75E0,-1.75E0,-1.95E0));
#6123=VERTEX_POINT('',#6122);
#6124=CARTESIAN_POINT('',(4.75E0,-1.25E0,-1.45E0));
#6125=VERTEX_POINT('',#6124);
#6126=CARTESIAN_POINT('',(5.25E0,7.5E-1,0.E0));
#6127=VERTEX_POINT('',#6126);
#6128=CARTESIAN_POINT('',(5.25E0,1.25E0,0.E0));
#6129=VERTEX_POINT('',#6128);
#6130=CARTESIAN_POINT('',(5.25E0,-1.25E0,0.E0));
#6131=VERTEX_POINT('',#6130);
#6132=CARTESIAN_POINT('',(5.25E0,-7.5E-1,0.E0));
#6133=VERTEX_POINT('',#6132);
#6134=CARTESIAN_POINT('',(4.75E0,7.5E-1,0.E0));
#6135=VERTEX_POINT('',#6134);
#6136=CARTESIAN_POINT('',(4.75E0,1.25E0,0.E0));
#6137=VERTEX_POINT('',#6136);
#6138=CARTESIAN_POINT('',(4.75E0,-1.25E0,0.E0));
#6139=VERTEX_POINT('',#6138);
#6140=CARTESIAN_POINT('',(4.75E0,-7.5E-1,0.E0));
#6141=VERTEX_POINT('',#6140);
#6142=CARTESIAN_POINT('',(5.25E0,1.25E0,-1.15E0));
#6143=CARTESIAN_POINT('',(5.25E0,1.25E0,-3.45E0));
#6144=VERTEX_POINT('',#6142);
#6145=VERTEX_POINT('',#6143);
#6146=CARTESIAN_POINT('',(5.25E0,7.5E-1,-3.45E0));
#6147=CARTESIAN_POINT('',(5.25E0,7.5E-1,-1.15E0));
#6148=VERTEX_POINT('',#6146);
#6149=VERTEX_POINT('',#6147);
#6150=CARTESIAN_POINT('',(5.25E0,-7.5E-1,-1.15E0));
#6151=VERTEX_POINT('',#6150);
#6152=CARTESIAN_POINT('',(5.25E0,-1.25E0,-1.15E0));
#6153=VERTEX_POINT('',#6152);
#6154=CARTESIAN_POINT('',(4.75E0,1.25E0,-1.15E0));
#6155=CARTESIAN_POINT('',(4.75E0,1.25E0,-3.45E0));
#6156=VERTEX_POINT('',#6154);
#6157=VERTEX_POINT('',#6155);
#6158=CARTESIAN_POINT('',(4.75E0,7.5E-1,-3.45E0));
#6159=CARTESIAN_POINT('',(4.75E0,7.5E-1,-1.15E0));
#6160=VERTEX_POINT('',#6158);
#6161=VERTEX_POINT('',#6159);
#6162=CARTESIAN_POINT('',(4.75E0,-7.5E-1,-1.15E0));
#6163=VERTEX_POINT('',#6162);
#6164=CARTESIAN_POINT('',(4.75E0,-1.25E0,-1.15E0));
#6165=VERTEX_POINT('',#6164);
#6166=CARTESIAN_POINT('',(5.25E0,2.5E-1,-4.45E0));
#6167=VERTEX_POINT('',#6166);
#6168=CARTESIAN_POINT('',(5.25E0,-4.8E0,-4.45E0));
#6169=VERTEX_POINT('',#6168);
#6170=CARTESIAN_POINT('',(5.25E0,-4.8E0,-3.95E0));
#6171=VERTEX_POINT('',#6170);
#6172=CARTESIAN_POINT('',(5.25E0,2.5E-1,-3.95E0));
#6173=VERTEX_POINT('',#6172);
#6174=CARTESIAN_POINT('',(4.75E0,2.5E-1,-4.45E0));
#6175=VERTEX_POINT('',#6174);
#6176=CARTESIAN_POINT('',(4.75E0,-4.8E0,-4.45E0));
#6177=VERTEX_POINT('',#6176);
#6178=CARTESIAN_POINT('',(4.75E0,-4.8E0,-3.95E0));
#6179=VERTEX_POINT('',#6178);
#6180=CARTESIAN_POINT('',(4.75E0,2.5E-1,-3.95E0));
#6181=VERTEX_POINT('',#6180);
#6182=CARTESIAN_POINT('',(-1.7E0,2.E0,0.E0));
#6183=CARTESIAN_POINT('',(-1.7E0,-2.E0,0.E0));
#6184=VERTEX_POINT('',#6182);
#6185=VERTEX_POINT('',#6183);
#6186=CARTESIAN_POINT('',(-2.3E0,2.E0,0.E0));
#6187=CARTESIAN_POINT('',(-2.3E0,-2.E0,0.E0));
#6188=VERTEX_POINT('',#6186);
#6189=VERTEX_POINT('',#6187);
#6190=CARTESIAN_POINT('',(-2.3E0,-2.E0,-1.5E0));
#6191=CARTESIAN_POINT('',(-2.3E0,-6.E-1,-1.5E0));
#6192=VERTEX_POINT('',#6190);
#6193=VERTEX_POINT('',#6191);
#6194=CARTESIAN_POINT('',(-1.7E0,-2.E0,-1.5E0));
#6195=CARTESIAN_POINT('',(-1.7E0,-6.E-1,-1.5E0));
#6196=VERTEX_POINT('',#6194);
#6197=VERTEX_POINT('',#6195);
#6198=CARTESIAN_POINT('',(-2.3E0,6.E-1,-1.5E0));
#6199=VERTEX_POINT('',#6198);
#6200=CARTESIAN_POINT('',(-1.7E0,6.E-1,-1.5E0));
#6201=VERTEX_POINT('',#6200);
#6202=CARTESIAN_POINT('',(-2.3E0,2.E0,-1.5E0));
#6203=VERTEX_POINT('',#6202);
#6204=CARTESIAN_POINT('',(-1.7E0,2.E0,-1.5E0));
#6205=VERTEX_POINT('',#6204);
#6206=CARTESIAN_POINT('',(-2.062126781252E0,-1.048507125007E0,
-3.964553645803E-1));
#6207=VERTEX_POINT('',#6206);
#6208=CARTESIAN_POINT('',(-2.062126781252E0,-1.048507125007E0,
-1.222481244794E0));
#6209=VERTEX_POINT('',#6208);
#6210=CARTESIAN_POINT('',(-1.937873218748E0,-1.048507125007E0,
-3.964553645803E-1));
#6211=VERTEX_POINT('',#6210);
#6212=CARTESIAN_POINT('',(-1.937873218748E0,-1.048507125007E0,
-1.222481244794E0));
#6213=VERTEX_POINT('',#6212);
#6214=CARTESIAN_POINT('',(-1.937873218748E0,1.048507125007E0,
-3.964553645803E-1));
#6215=VERTEX_POINT('',#6214);
#6216=CARTESIAN_POINT('',(-1.937873218748E0,1.048507125007E0,
-1.222481244794E0));
#6217=VERTEX_POINT('',#6216);
#6218=VERTEX_POINT('',#4254);
#6219=VERTEX_POINT('',#4259);
#6220=CARTESIAN_POINT('',(-3.35E0,-2.E0,-1.5E0));
#6221=VERTEX_POINT('',#6220);
#6222=CARTESIAN_POINT('',(-2.65E0,-2.E0,-1.5E0));
#6223=VERTEX_POINT('',#6222);
#6224=CARTESIAN_POINT('',(-3.35E0,-6.E-1,-1.5E0));
#6225=VERTEX_POINT('',#6224);
#6226=CARTESIAN_POINT('',(-2.65E0,-6.E-1,-1.5E0));
#6227=VERTEX_POINT('',#6226);
#6228=CARTESIAN_POINT('',(-3.35E0,2.E0,-1.5E0));
#6229=VERTEX_POINT('',#6228);
#6230=CARTESIAN_POINT('',(-2.65E0,2.E0,-1.5E0));
#6231=VERTEX_POINT('',#6230);
#6232=CARTESIAN_POINT('',(-3.35E0,6.E-1,-1.5E0));
#6233=VERTEX_POINT('',#6232);
#6234=CARTESIAN_POINT('',(-2.65E0,6.E-1,-1.5E0));
#6235=VERTEX_POINT('',#6234);
#6236=CARTESIAN_POINT('',(3.E-1,2.E0,0.E0));
#6237=CARTESIAN_POINT('',(3.E-1,-2.E0,0.E0));
#6238=VERTEX_POINT('',#6236);
#6239=VERTEX_POINT('',#6237);
#6240=CARTESIAN_POINT('',(-3.E-1,2.E0,0.E0));
#6241=CARTESIAN_POINT('',(-3.E-1,-2.E0,0.E0));
#6242=VERTEX_POINT('',#6240);
#6243=VERTEX_POINT('',#6241);
#6244=CARTESIAN_POINT('',(-3.E-1,-2.E0,-1.5E0));
#6245=CARTESIAN_POINT('',(-3.E-1,-6.E-1,-1.5E0));
#6246=VERTEX_POINT('',#6244);
#6247=VERTEX_POINT('',#6245);
#6248=CARTESIAN_POINT('',(3.E-1,-2.E0,-1.5E0));
#6249=CARTESIAN_POINT('',(3.E-1,-6.E-1,-1.5E0));
#6250=VERTEX_POINT('',#6248);
#6251=VERTEX_POINT('',#6249);
#6252=CARTESIAN_POINT('',(-3.E-1,6.E-1,-1.5E0));
#6253=VERTEX_POINT('',#6252);
#6254=CARTESIAN_POINT('',(3.E-1,6.E-1,-1.5E0));
#6255=VERTEX_POINT('',#6254);
#6256=CARTESIAN_POINT('',(-3.E-1,2.E0,-1.5E0));
#6257=VERTEX_POINT('',#6256);
#6258=CARTESIAN_POINT('',(3.E-1,2.E0,-1.5E0));
#6259=VERTEX_POINT('',#6258);
#6260=CARTESIAN_POINT('',(-6.212678125182E-2,-1.048507125007E0,
-3.964553645803E-1));
#6261=VERTEX_POINT('',#6260);
#6262=CARTESIAN_POINT('',(-6.212678125182E-2,-1.048507125007E0,
-1.222481244794E0));
#6263=VERTEX_POINT('',#6262);
#6264=CARTESIAN_POINT('',(6.212678125182E-2,-1.048507125007E0,
-3.964553645803E-1));
#6265=VERTEX_POINT('',#6264);
#6266=CARTESIAN_POINT('',(6.212678125182E-2,-1.048507125007E0,
-1.222481244794E0));
#6267=VERTEX_POINT('',#6266);
#6268=CARTESIAN_POINT('',(6.212678125182E-2,1.048507125007E0,
-3.964553645803E-1));
#6269=VERTEX_POINT('',#6268);
#6270=CARTESIAN_POINT('',(6.212678125182E-2,1.048507125007E0,
-1.222481244794E0));
#6271=VERTEX_POINT('',#6270);
#6272=VERTEX_POINT('',#4417);
#6273=VERTEX_POINT('',#4422);
#6274=CARTESIAN_POINT('',(-1.35E0,-2.E0,-1.5E0));
#6275=VERTEX_POINT('',#6274);
#6276=CARTESIAN_POINT('',(-6.5E-1,-2.E0,-1.5E0));
#6277=VERTEX_POINT('',#6276);
#6278=CARTESIAN_POINT('',(-1.35E0,-6.E-1,-1.5E0));
#6279=VERTEX_POINT('',#6278);
#6280=CARTESIAN_POINT('',(-6.5E-1,-6.E-1,-1.5E0));
#6281=VERTEX_POINT('',#6280);
#6282=CARTESIAN_POINT('',(-1.35E0,2.E0,-1.5E0));
#6283=VERTEX_POINT('',#6282);
#6284=CARTESIAN_POINT('',(-6.5E-1,2.E0,-1.5E0));
#6285=VERTEX_POINT('',#6284);
#6286=CARTESIAN_POINT('',(-1.35E0,6.E-1,-1.5E0));
#6287=VERTEX_POINT('',#6286);
#6288=CARTESIAN_POINT('',(-6.5E-1,6.E-1,-1.5E0));
#6289=VERTEX_POINT('',#6288);
#6290=CARTESIAN_POINT('',(2.3E0,2.E0,0.E0));
#6291=CARTESIAN_POINT('',(2.3E0,-2.E0,0.E0));
#6292=VERTEX_POINT('',#6290);
#6293=VERTEX_POINT('',#6291);
#6294=CARTESIAN_POINT('',(1.7E0,2.E0,0.E0));
#6295=CARTESIAN_POINT('',(1.7E0,-2.E0,0.E0));
#6296=VERTEX_POINT('',#6294);
#6297=VERTEX_POINT('',#6295);
#6298=CARTESIAN_POINT('',(1.7E0,-2.E0,-1.5E0));
#6299=CARTESIAN_POINT('',(1.7E0,-6.E-1,-1.5E0));
#6300=VERTEX_POINT('',#6298);
#6301=VERTEX_POINT('',#6299);
#6302=CARTESIAN_POINT('',(2.3E0,-2.E0,-1.5E0));
#6303=CARTESIAN_POINT('',(2.3E0,-6.E-1,-1.5E0));
#6304=VERTEX_POINT('',#6302);
#6305=VERTEX_POINT('',#6303);
#6306=CARTESIAN_POINT('',(1.7E0,6.E-1,-1.5E0));
#6307=VERTEX_POINT('',#6306);
#6308=CARTESIAN_POINT('',(2.3E0,6.E-1,-1.5E0));
#6309=VERTEX_POINT('',#6308);
#6310=CARTESIAN_POINT('',(1.7E0,2.E0,-1.5E0));
#6311=VERTEX_POINT('',#6310);
#6312=CARTESIAN_POINT('',(2.3E0,2.E0,-1.5E0));
#6313=VERTEX_POINT('',#6312);
#6314=CARTESIAN_POINT('',(1.937873218748E0,-1.048507125007E0,
-3.964553645803E-1));
#6315=VERTEX_POINT('',#6314);
#6316=CARTESIAN_POINT('',(1.937873218748E0,-1.048507125007E0,
-1.222481244794E0));
#6317=VERTEX_POINT('',#6316);
#6318=CARTESIAN_POINT('',(2.062126781252E0,-1.048507125007E0,
-3.964553645803E-1));
#6319=VERTEX_POINT('',#6318);
#6320=CARTESIAN_POINT('',(2.062126781252E0,-1.048507125007E0,
-1.222481244794E0));
#6321=VERTEX_POINT('',#6320);
#6322=CARTESIAN_POINT('',(2.062126781252E0,1.048507125007E0,
-3.964553645803E-1));
#6323=VERTEX_POINT('',#6322);
#6324=CARTESIAN_POINT('',(2.062126781252E0,1.048507125007E0,-1.222481244794E0));
#6325=VERTEX_POINT('',#6324);
#6326=VERTEX_POINT('',#4580);
#6327=VERTEX_POINT('',#4585);
#6328=CARTESIAN_POINT('',(6.5E-1,-2.E0,-1.5E0));
#6329=VERTEX_POINT('',#6328);
#6330=CARTESIAN_POINT('',(1.35E0,-2.E0,-1.5E0));
#6331=VERTEX_POINT('',#6330);
#6332=CARTESIAN_POINT('',(6.5E-1,-6.E-1,-1.5E0));
#6333=VERTEX_POINT('',#6332);
#6334=CARTESIAN_POINT('',(1.35E0,-6.E-1,-1.5E0));
#6335=VERTEX_POINT('',#6334);
#6336=CARTESIAN_POINT('',(6.5E-1,2.E0,-1.5E0));
#6337=VERTEX_POINT('',#6336);
#6338=CARTESIAN_POINT('',(1.35E0,2.E0,-1.5E0));
#6339=VERTEX_POINT('',#6338);
#6340=CARTESIAN_POINT('',(6.5E-1,6.E-1,-1.5E0));
#6341=VERTEX_POINT('',#6340);
#6342=CARTESIAN_POINT('',(1.35E0,6.E-1,-1.5E0));
#6343=VERTEX_POINT('',#6342);
#6344=CARTESIAN_POINT('',(4.3E0,2.E0,0.E0));
#6345=CARTESIAN_POINT('',(4.3E0,-2.E0,0.E0));
#6346=VERTEX_POINT('',#6344);
#6347=VERTEX_POINT('',#6345);
#6348=CARTESIAN_POINT('',(3.7E0,2.E0,0.E0));
#6349=CARTESIAN_POINT('',(3.7E0,-2.E0,0.E0));
#6350=VERTEX_POINT('',#6348);
#6351=VERTEX_POINT('',#6349);
#6352=CARTESIAN_POINT('',(3.7E0,-2.E0,-1.5E0));
#6353=CARTESIAN_POINT('',(3.7E0,-6.E-1,-1.5E0));
#6354=VERTEX_POINT('',#6352);
#6355=VERTEX_POINT('',#6353);
#6356=CARTESIAN_POINT('',(4.3E0,-2.E0,-1.5E0));
#6357=CARTESIAN_POINT('',(4.3E0,-6.E-1,-1.5E0));
#6358=VERTEX_POINT('',#6356);
#6359=VERTEX_POINT('',#6357);
#6360=CARTESIAN_POINT('',(3.7E0,6.E-1,-1.5E0));
#6361=VERTEX_POINT('',#6360);
#6362=CARTESIAN_POINT('',(4.3E0,6.E-1,-1.5E0));
#6363=VERTEX_POINT('',#6362);
#6364=CARTESIAN_POINT('',(3.7E0,2.E0,-1.5E0));
#6365=VERTEX_POINT('',#6364);
#6366=CARTESIAN_POINT('',(4.3E0,2.E0,-1.5E0));
#6367=VERTEX_POINT('',#6366);
#6368=CARTESIAN_POINT('',(3.937873218748E0,-1.048507125007E0,
-3.964553645803E-1));
#6369=VERTEX_POINT('',#6368);
#6370=CARTESIAN_POINT('',(3.937873218748E0,-1.048507125007E0,
-1.222481244794E0));
#6371=VERTEX_POINT('',#6370);
#6372=CARTESIAN_POINT('',(4.062126781252E0,-1.048507125007E0,
-3.964553645803E-1));
#6373=VERTEX_POINT('',#6372);
#6374=CARTESIAN_POINT('',(4.062126781252E0,-1.048507125007E0,
-1.222481244794E0));
#6375=VERTEX_POINT('',#6374);
#6376=CARTESIAN_POINT('',(4.062126781252E0,1.048507125007E0,
-3.964553645803E-1));
#6377=VERTEX_POINT('',#6376);
#6378=CARTESIAN_POINT('',(4.062126781252E0,1.048507125007E0,-1.222481244794E0));
#6379=VERTEX_POINT('',#6378);
#6380=VERTEX_POINT('',#4743);
#6381=VERTEX_POINT('',#4748);
#6382=CARTESIAN_POINT('',(2.65E0,-2.E0,-1.5E0));
#6383=VERTEX_POINT('',#6382);
#6384=CARTESIAN_POINT('',(3.35E0,-2.E0,-1.5E0));
#6385=VERTEX_POINT('',#6384);
#6386=CARTESIAN_POINT('',(2.65E0,-6.E-1,-1.5E0));
#6387=VERTEX_POINT('',#6386);
#6388=CARTESIAN_POINT('',(3.35E0,-6.E-1,-1.5E0));
#6389=VERTEX_POINT('',#6388);
#6390=CARTESIAN_POINT('',(2.65E0,2.E0,-1.5E0));
#6391=VERTEX_POINT('',#6390);
#6392=CARTESIAN_POINT('',(3.35E0,2.E0,-1.5E0));
#6393=VERTEX_POINT('',#6392);
#6394=CARTESIAN_POINT('',(2.65E0,6.E-1,-1.5E0));
#6395=VERTEX_POINT('',#6394);
#6396=CARTESIAN_POINT('',(3.35E0,6.E-1,-1.5E0));
#6397=VERTEX_POINT('',#6396);
#6398=CARTESIAN_POINT('',(5.7E0,2.E0,0.E0));
#6399=CARTESIAN_POINT('',(5.7E0,-2.E0,0.E0));
#6400=VERTEX_POINT('',#6398);
#6401=VERTEX_POINT('',#6399);
#6402=CARTESIAN_POINT('',(5.7E0,-2.E0,-1.5E0));
#6403=CARTESIAN_POINT('',(5.7E0,-6.E-1,-1.5E0));
#6404=VERTEX_POINT('',#6402);
#6405=VERTEX_POINT('',#6403);
#6406=CARTESIAN_POINT('',(5.7E0,6.E-1,-1.5E0));
#6407=VERTEX_POINT('',#6406);
#6408=CARTESIAN_POINT('',(5.7E0,2.E0,-1.5E0));
#6409=VERTEX_POINT('',#6408);
#6410=CARTESIAN_POINT('',(5.937873218748E0,-1.048507125007E0,
-3.964553645803E-1));
#6411=VERTEX_POINT('',#6410);
#6412=CARTESIAN_POINT('',(5.937873218748E0,-1.048507125007E0,
-1.222481244794E0));
#6413=VERTEX_POINT('',#6412);
#6414=VERTEX_POINT('',#4901);
#6415=VERTEX_POINT('',#4906);
#6416=CARTESIAN_POINT('',(4.65E0,-2.E0,-1.5E0));
#6417=VERTEX_POINT('',#6416);
#6418=CARTESIAN_POINT('',(5.35E0,-2.E0,-1.5E0));
#6419=VERTEX_POINT('',#6418);
#6420=CARTESIAN_POINT('',(4.65E0,-6.E-1,-1.5E0));
#6421=VERTEX_POINT('',#6420);
#6422=CARTESIAN_POINT('',(5.35E0,-6.E-1,-1.5E0));
#6423=VERTEX_POINT('',#6422);
#6424=CARTESIAN_POINT('',(4.65E0,2.E0,-1.5E0));
#6425=VERTEX_POINT('',#6424);
#6426=CARTESIAN_POINT('',(5.35E0,2.E0,-1.5E0));
#6427=VERTEX_POINT('',#6426);
#6428=CARTESIAN_POINT('',(4.65E0,6.E-1,-1.5E0));
#6429=VERTEX_POINT('',#6428);
#6430=CARTESIAN_POINT('',(5.35E0,6.E-1,-1.5E0));
#6431=VERTEX_POINT('',#6430);
#6432=CARTESIAN_POINT('',(6.65E0,2.E0,-1.15E0));
#6433=CARTESIAN_POINT('',(6.65E0,6.E-1,-1.15E0));
#6434=VERTEX_POINT('',#6432);
#6435=VERTEX_POINT('',#6433);
#6436=CARTESIAN_POINT('',(6.65E0,-6.E-1,-1.15E0));
#6437=CARTESIAN_POINT('',(6.65E0,-2.E0,-1.15E0));
#6438=VERTEX_POINT('',#6436);
#6439=VERTEX_POINT('',#6437);
#6440=CARTESIAN_POINT('',(7.35E0,2.E0,-1.15E0));
#6441=CARTESIAN_POINT('',(7.35E0,6.E-1,-1.15E0));
#6442=VERTEX_POINT('',#6440);
#6443=VERTEX_POINT('',#6441);
#6444=CARTESIAN_POINT('',(7.35E0,-6.E-1,-1.15E0));
#6445=CARTESIAN_POINT('',(7.35E0,-2.E0,-1.15E0));
#6446=VERTEX_POINT('',#6444);
#6447=VERTEX_POINT('',#6445);
#6448=CARTESIAN_POINT('',(7.25E0,7.5E-1,4.E0));
#6449=CARTESIAN_POINT('',(7.25E0,1.25E0,4.E0));
#6450=VERTEX_POINT('',#6448);
#6451=VERTEX_POINT('',#6449);
#6452=CARTESIAN_POINT('',(7.25E0,-1.25E0,4.E0));
#6453=CARTESIAN_POINT('',(7.25E0,-7.5E-1,4.E0));
#6454=VERTEX_POINT('',#6452);
#6455=VERTEX_POINT('',#6453);
#6456=CARTESIAN_POINT('',(7.25E0,-7.5E-1,-1.45E0));
#6457=CARTESIAN_POINT('',(7.25E0,-1.75E0,-2.45E0));
#6458=VERTEX_POINT('',#6456);
#6459=VERTEX_POINT('',#6457);
#6460=CARTESIAN_POINT('',(7.25E0,-4.8E0,-2.45E0));
#6461=VERTEX_POINT('',#6460);
#6462=CARTESIAN_POINT('',(7.25E0,-4.8E0,-1.95E0));
#6463=VERTEX_POINT('',#6462);
#6464=CARTESIAN_POINT('',(7.25E0,-1.75E0,-1.95E0));
#6465=VERTEX_POINT('',#6464);
#6466=CARTESIAN_POINT('',(7.25E0,-1.25E0,-1.45E0));
#6467=VERTEX_POINT('',#6466);
#6468=CARTESIAN_POINT('',(6.75E0,7.5E-1,4.E0));
#6469=CARTESIAN_POINT('',(6.75E0,1.25E0,4.E0));
#6470=VERTEX_POINT('',#6468);
#6471=VERTEX_POINT('',#6469);
#6472=CARTESIAN_POINT('',(6.75E0,-1.25E0,4.E0));
#6473=CARTESIAN_POINT('',(6.75E0,-7.5E-1,4.E0));
#6474=VERTEX_POINT('',#6472);
#6475=VERTEX_POINT('',#6473);
#6476=CARTESIAN_POINT('',(6.75E0,-7.5E-1,-1.45E0));
#6477=CARTESIAN_POINT('',(6.75E0,-1.75E0,-2.45E0));
#6478=VERTEX_POINT('',#6476);
#6479=VERTEX_POINT('',#6477);
#6480=CARTESIAN_POINT('',(6.75E0,-4.8E0,-2.45E0));
#6481=VERTEX_POINT('',#6480);
#6482=CARTESIAN_POINT('',(6.75E0,-4.8E0,-1.95E0));
#6483=VERTEX_POINT('',#6482);
#6484=CARTESIAN_POINT('',(6.75E0,-1.75E0,-1.95E0));
#6485=VERTEX_POINT('',#6484);
#6486=CARTESIAN_POINT('',(6.75E0,-1.25E0,-1.45E0));
#6487=VERTEX_POINT('',#6486);
#6488=CARTESIAN_POINT('',(7.25E0,7.5E-1,0.E0));
#6489=VERTEX_POINT('',#6488);
#6490=CARTESIAN_POINT('',(7.25E0,1.25E0,0.E0));
#6491=VERTEX_POINT('',#6490);
#6492=CARTESIAN_POINT('',(7.25E0,-1.25E0,0.E0));
#6493=VERTEX_POINT('',#6492);
#6494=CARTESIAN_POINT('',(7.25E0,-7.5E-1,0.E0));
#6495=VERTEX_POINT('',#6494);
#6496=CARTESIAN_POINT('',(6.75E0,7.5E-1,0.E0));
#6497=VERTEX_POINT('',#6496);
#6498=CARTESIAN_POINT('',(6.75E0,1.25E0,0.E0));
#6499=VERTEX_POINT('',#6498);
#6500=CARTESIAN_POINT('',(6.75E0,-1.25E0,0.E0));
#6501=VERTEX_POINT('',#6500);
#6502=CARTESIAN_POINT('',(6.75E0,-7.5E-1,0.E0));
#6503=VERTEX_POINT('',#6502);
#6504=CARTESIAN_POINT('',(7.25E0,1.25E0,-1.15E0));
#6505=CARTESIAN_POINT('',(7.25E0,1.25E0,-3.45E0));
#6506=VERTEX_POINT('',#6504);
#6507=VERTEX_POINT('',#6505);
#6508=CARTESIAN_POINT('',(7.25E0,7.5E-1,-3.45E0));
#6509=CARTESIAN_POINT('',(7.25E0,7.5E-1,-1.15E0));
#6510=VERTEX_POINT('',#6508);
#6511=VERTEX_POINT('',#6509);
#6512=CARTESIAN_POINT('',(7.25E0,-7.5E-1,-1.15E0));
#6513=VERTEX_POINT('',#6512);
#6514=CARTESIAN_POINT('',(7.25E0,-1.25E0,-1.15E0));
#6515=VERTEX_POINT('',#6514);
#6516=CARTESIAN_POINT('',(6.75E0,1.25E0,-1.15E0));
#6517=CARTESIAN_POINT('',(6.75E0,1.25E0,-3.45E0));
#6518=VERTEX_POINT('',#6516);
#6519=VERTEX_POINT('',#6517);
#6520=CARTESIAN_POINT('',(6.75E0,7.5E-1,-3.45E0));
#6521=CARTESIAN_POINT('',(6.75E0,7.5E-1,-1.15E0));
#6522=VERTEX_POINT('',#6520);
#6523=VERTEX_POINT('',#6521);
#6524=CARTESIAN_POINT('',(6.75E0,-7.5E-1,-1.15E0));
#6525=VERTEX_POINT('',#6524);
#6526=CARTESIAN_POINT('',(6.75E0,-1.25E0,-1.15E0));
#6527=VERTEX_POINT('',#6526);
#6528=CARTESIAN_POINT('',(7.25E0,2.5E-1,-4.45E0));
#6529=VERTEX_POINT('',#6528);
#6530=CARTESIAN_POINT('',(7.25E0,-4.8E0,-4.45E0));
#6531=VERTEX_POINT('',#6530);
#6532=CARTESIAN_POINT('',(7.25E0,-4.8E0,-3.95E0));
#6533=VERTEX_POINT('',#6532);
#6534=CARTESIAN_POINT('',(7.25E0,2.5E-1,-3.95E0));
#6535=VERTEX_POINT('',#6534);
#6536=CARTESIAN_POINT('',(6.75E0,2.5E-1,-4.45E0));
#6537=VERTEX_POINT('',#6536);
#6538=CARTESIAN_POINT('',(6.75E0,-4.8E0,-4.45E0));
#6539=VERTEX_POINT('',#6538);
#6540=CARTESIAN_POINT('',(6.75E0,-4.8E0,-3.95E0));
#6541=VERTEX_POINT('',#6540);
#6542=CARTESIAN_POINT('',(6.75E0,2.5E-1,-3.95E0));
#6543=VERTEX_POINT('',#6542);
#6544=CARTESIAN_POINT('',(6.3E0,2.E0,0.E0));
#6545=CARTESIAN_POINT('',(6.3E0,-2.E0,0.E0));
#6546=VERTEX_POINT('',#6544);
#6547=VERTEX_POINT('',#6545);
#6548=CARTESIAN_POINT('',(6.3E0,-2.E0,-1.5E0));
#6549=CARTESIAN_POINT('',(6.3E0,-6.E-1,-1.5E0));
#6550=VERTEX_POINT('',#6548);
#6551=VERTEX_POINT('',#6549);
#6552=CARTESIAN_POINT('',(6.3E0,6.E-1,-1.5E0));
#6553=VERTEX_POINT('',#6552);
#6554=CARTESIAN_POINT('',(6.3E0,2.E0,-1.5E0));
#6555=VERTEX_POINT('',#6554);
#6556=CARTESIAN_POINT('',(6.062126781252E0,-1.048507125007E0,
-3.964553645803E-1));
#6557=VERTEX_POINT('',#6556);
#6558=CARTESIAN_POINT('',(6.062126781252E0,-1.048507125007E0,
-1.222481244794E0));
#6559=VERTEX_POINT('',#6558);
#6560=CARTESIAN_POINT('',(6.062126781252E0,1.048507125007E0,
-3.964553645803E-1));
#6561=VERTEX_POINT('',#6560);
#6562=CARTESIAN_POINT('',(6.062126781252E0,1.048507125007E0,-1.222481244794E0));
#6563=VERTEX_POINT('',#6562);
#6564=CARTESIAN_POINT('',(7.7E0,2.E0,0.E0));
#6565=CARTESIAN_POINT('',(7.7E0,-2.E0,0.E0));
#6566=VERTEX_POINT('',#6564);
#6567=VERTEX_POINT('',#6565);
#6568=CARTESIAN_POINT('',(7.7E0,-2.E0,-1.5E0));
#6569=CARTESIAN_POINT('',(7.7E0,-6.E-1,-1.5E0));
#6570=VERTEX_POINT('',#6568);
#6571=VERTEX_POINT('',#6569);
#6572=CARTESIAN_POINT('',(7.7E0,6.E-1,-1.5E0));
#6573=CARTESIAN_POINT('',(7.7E0,2.E0,-1.5E0));
#6574=VERTEX_POINT('',#6572);
#6575=VERTEX_POINT('',#6573);
#6576=CARTESIAN_POINT('',(6.65E0,-2.E0,-1.5E0));
#6577=VERTEX_POINT('',#6576);
#6578=CARTESIAN_POINT('',(7.35E0,-2.E0,-1.5E0));
#6579=VERTEX_POINT('',#6578);
#6580=CARTESIAN_POINT('',(6.65E0,-6.E-1,-1.5E0));
#6581=VERTEX_POINT('',#6580);
#6582=CARTESIAN_POINT('',(7.35E0,-6.E-1,-1.5E0));
#6583=VERTEX_POINT('',#6582);
#6584=CARTESIAN_POINT('',(6.65E0,2.E0,-1.5E0));
#6585=VERTEX_POINT('',#6584);
#6586=CARTESIAN_POINT('',(7.35E0,2.E0,-1.5E0));
#6587=VERTEX_POINT('',#6586);
#6588=CARTESIAN_POINT('',(6.65E0,6.E-1,-1.5E0));
#6589=VERTEX_POINT('',#6588);
#6590=CARTESIAN_POINT('',(7.35E0,6.E-1,-1.5E0));
#6591=VERTEX_POINT('',#6590);
#6592=CARTESIAN_POINT('',(-8.E0,0.E0,0.E0));
#6593=DIRECTION('',(1.E0,0.E0,0.E0));
#6594=DIRECTION('',(0.E0,-1.E0,0.E0));
#6595=AXIS2_PLACEMENT_3D('',#6592,#6593,#6594);
#6596=PLANE('',#6595);
#6598=ORIENTED_EDGE('',*,*,#6597,.F.);
#6600=ORIENTED_EDGE('',*,*,#6599,.T.);
#6602=ORIENTED_EDGE('',*,*,#6601,.T.);
#6604=ORIENTED_EDGE('',*,*,#6603,.F.);
#6606=ORIENTED_EDGE('',*,*,#6605,.F.);
#6607=EDGE_LOOP('',(#6598,#6600,#6602,#6604,#6606));
#6608=FACE_OUTER_BOUND('',#6607,.F.);
#6610=CARTESIAN_POINT('',(-8.E0,0.E0,0.E0));
#6611=DIRECTION('',(1.E0,0.E0,0.E0));
#6612=DIRECTION('',(0.E0,-1.E0,0.E0));
#6613=AXIS2_PLACEMENT_3D('',#6610,#6611,#6612);
#6614=PLANE('',#6613);
#6616=ORIENTED_EDGE('',*,*,#6615,.F.);
#6618=ORIENTED_EDGE('',*,*,#6617,.T.);
#6620=ORIENTED_EDGE('',*,*,#6619,.F.);
#6622=ORIENTED_EDGE('',*,*,#6621,.F.);
#6624=ORIENTED_EDGE('',*,*,#6623,.F.);
#6625=EDGE_LOOP('',(#6616,#6618,#6620,#6622,#6624));
#6626=FACE_OUTER_BOUND('',#6625,.F.);
#6628=CARTESIAN_POINT('',(-7.925E0,1.3E0,-7.5E-2));
#6629=DIRECTION('',(-7.071067811865E-1,0.E0,7.071067811865E-1));
#6630=DIRECTION('',(7.071067811865E-1,0.E0,7.071067811865E-1));
#6631=AXIS2_PLACEMENT_3D('',#6628,#6629,#6630);
#6632=PLANE('',#6631);
#6634=ORIENTED_EDGE('',*,*,#6633,.T.);
#6635=ORIENTED_EDGE('',*,*,#6597,.T.);
#6637=ORIENTED_EDGE('',*,*,#6636,.F.);
#6639=ORIENTED_EDGE('',*,*,#6638,.F.);
#6640=EDGE_LOOP('',(#6634,#6635,#6637,#6639));
#6641=FACE_OUTER_BOUND('',#6640,.F.);
#6643=CARTESIAN_POINT('',(-7.85E0,5.E-1,0.E0));
#6644=DIRECTION('',(5.547001962252E-1,8.320502943378E-1,0.E0));
#6645=DIRECTION('',(-8.320502943378E-1,5.547001962252E-1,0.E0));
#6646=AXIS2_PLACEMENT_3D('',#6643,#6644,#6645);
#6647=PLANE('',#6646);
#6648=ORIENTED_EDGE('',*,*,#6633,.F.);
#6650=ORIENTED_EDGE('',*,*,#6649,.T.);
#6652=ORIENTED_EDGE('',*,*,#6651,.T.);
#6653=ORIENTED_EDGE('',*,*,#6599,.F.);
#6654=EDGE_LOOP('',(#6648,#6650,#6652,#6653));
#6655=FACE_OUTER_BOUND('',#6654,.F.);
#6657=CARTESIAN_POINT('',(-7.85E0,-5.E-1,0.E0));
#6658=DIRECTION('',(1.E0,0.E0,0.E0));
#6659=DIRECTION('',(0.E0,1.E0,0.E0));
#6660=AXIS2_PLACEMENT_3D('',#6657,#6658,#6659);
#6661=PLANE('',#6660);
#6663=ORIENTED_EDGE('',*,*,#6662,.F.);
#6665=ORIENTED_EDGE('',*,*,#6664,.T.);
#6667=ORIENTED_EDGE('',*,*,#6666,.T.);
#6668=ORIENTED_EDGE('',*,*,#6649,.F.);
#6669=EDGE_LOOP('',(#6663,#6665,#6667,#6668));
#6670=FACE_OUTER_BOUND('',#6669,.F.);
#6672=CARTESIAN_POINT('',(-8.E0,2.E0,0.E0));
#6673=DIRECTION('',(0.E0,0.E0,1.E0));
#6674=DIRECTION('',(0.E0,-1.E0,0.E0));
#6675=AXIS2_PLACEMENT_3D('',#6672,#6673,#6674);
#6676=PLANE('',#6675);
#6678=ORIENTED_EDGE('',*,*,#6677,.T.);
#6680=ORIENTED_EDGE('',*,*,#6679,.F.);
#6682=ORIENTED_EDGE('',*,*,#6681,.F.);
#6684=ORIENTED_EDGE('',*,*,#6683,.T.);
#6685=EDGE_LOOP('',(#6678,#6680,#6682,#6684));
#6686=FACE_OUTER_BOUND('',#6685,.F.);
#6688=ORIENTED_EDGE('',*,*,#6687,.F.);
#6690=ORIENTED_EDGE('',*,*,#6689,.T.);
#6692=ORIENTED_EDGE('',*,*,#6691,.T.);
#6694=ORIENTED_EDGE('',*,*,#6693,.F.);
#6695=EDGE_LOOP('',(#6688,#6690,#6692,#6694));
#6696=FACE_BOUND('',#6695,.F.);
#6698=ORIENTED_EDGE('',*,*,#6697,.F.);
#6700=ORIENTED_EDGE('',*,*,#6699,.T.);
#6702=ORIENTED_EDGE('',*,*,#6701,.T.);
#6704=ORIENTED_EDGE('',*,*,#6703,.F.);
#6705=EDGE_LOOP('',(#6698,#6700,#6702,#6704));
#6706=FACE_BOUND('',#6705,.F.);
#6708=CARTESIAN_POINT('',(-8.E0,2.E0,0.E0));
#6709=DIRECTION('',(0.E0,0.E0,1.E0));
#6710=DIRECTION('',(0.E0,-1.E0,0.E0));
#6711=AXIS2_PLACEMENT_3D('',#6708,#6709,#6710);
#6712=PLANE('',#6711);
#6714=ORIENTED_EDGE('',*,*,#6713,.T.);
#6716=ORIENTED_EDGE('',*,*,#6715,.F.);
#6718=ORIENTED_EDGE('',*,*,#6717,.F.);
#6720=ORIENTED_EDGE('',*,*,#6719,.T.);
#6721=EDGE_LOOP('',(#6714,#6716,#6718,#6720));
#6722=FACE_OUTER_BOUND('',#6721,.F.);
#6724=ORIENTED_EDGE('',*,*,#6723,.T.);
#6726=ORIENTED_EDGE('',*,*,#6725,.T.);
#6728=ORIENTED_EDGE('',*,*,#6727,.F.);
#6730=ORIENTED_EDGE('',*,*,#6729,.F.);
#6731=EDGE_LOOP('',(#6724,#6726,#6728,#6730));
#6732=FACE_BOUND('',#6731,.F.);
#6734=ORIENTED_EDGE('',*,*,#6733,.T.);
#6736=ORIENTED_EDGE('',*,*,#6735,.T.);
#6738=ORIENTED_EDGE('',*,*,#6737,.F.);
#6740=ORIENTED_EDGE('',*,*,#6739,.F.);
#6741=EDGE_LOOP('',(#6734,#6736,#6738,#6740));
#6742=FACE_BOUND('',#6741,.F.);
#6744=CARTESIAN_POINT('',(-8.E0,2.E0,0.E0));
#6745=DIRECTION('',(0.E0,0.E0,1.E0));
#6746=DIRECTION('',(0.E0,-1.E0,0.E0));
#6747=AXIS2_PLACEMENT_3D('',#6744,#6745,#6746);
#6748=PLANE('',#6747);
#6750=ORIENTED_EDGE('',*,*,#6749,.T.);
#6752=ORIENTED_EDGE('',*,*,#6751,.F.);
#6754=ORIENTED_EDGE('',*,*,#6753,.F.);
#6756=ORIENTED_EDGE('',*,*,#6755,.T.);
#6757=EDGE_LOOP('',(#6750,#6752,#6754,#6756));
#6758=FACE_OUTER_BOUND('',#6757,.F.);
#6760=ORIENTED_EDGE('',*,*,#6759,.T.);
#6762=ORIENTED_EDGE('',*,*,#6761,.T.);
#6764=ORIENTED_EDGE('',*,*,#6763,.F.);
#6766=ORIENTED_EDGE('',*,*,#6765,.F.);
#6767=EDGE_LOOP('',(#6760,#6762,#6764,#6766));
#6768=FACE_BOUND('',#6767,.F.);
#6770=ORIENTED_EDGE('',*,*,#6769,.T.);
#6772=ORIENTED_EDGE('',*,*,#6771,.T.);
#6774=ORIENTED_EDGE('',*,*,#6773,.F.);
#6776=ORIENTED_EDGE('',*,*,#6775,.F.);
#6777=EDGE_LOOP('',(#6770,#6772,#6774,#6776));
#6778=FACE_BOUND('',#6777,.F.);
#6780=CARTESIAN_POINT('',(-8.E0,2.E0,0.E0));
#6781=DIRECTION('',(0.E0,0.E0,1.E0));
#6782=DIRECTION('',(0.E0,-1.E0,0.E0));
#6783=AXIS2_PLACEMENT_3D('',#6780,#6781,#6782);
#6784=PLANE('',#6783);
#6786=ORIENTED_EDGE('',*,*,#6785,.T.);
#6788=ORIENTED_EDGE('',*,*,#6787,.F.);
#6790=ORIENTED_EDGE('',*,*,#6789,.F.);
#6792=ORIENTED_EDGE('',*,*,#6791,.T.);
#6793=EDGE_LOOP('',(#6786,#6788,#6790,#6792));
#6794=FACE_OUTER_BOUND('',#6793,.F.);
#6796=ORIENTED_EDGE('',*,*,#6795,.T.);
#6798=ORIENTED_EDGE('',*,*,#6797,.T.);
#6800=ORIENTED_EDGE('',*,*,#6799,.F.);
#6802=ORIENTED_EDGE('',*,*,#6801,.F.);
#6803=EDGE_LOOP('',(#6796,#6798,#6800,#6802));
#6804=FACE_BOUND('',#6803,.F.);
#6806=ORIENTED_EDGE('',*,*,#6805,.T.);
#6808=ORIENTED_EDGE('',*,*,#6807,.T.);
#6810=ORIENTED_EDGE('',*,*,#6809,.F.);
#6812=ORIENTED_EDGE('',*,*,#6811,.F.);
#6813=EDGE_LOOP('',(#6806,#6808,#6810,#6812));
#6814=FACE_BOUND('',#6813,.F.);
#6816=CARTESIAN_POINT('',(-8.E0,2.E0,0.E0));
#6817=DIRECTION('',(0.E0,0.E0,1.E0));
#6818=DIRECTION('',(0.E0,-1.E0,0.E0));
#6819=AXIS2_PLACEMENT_3D('',#6816,#6817,#6818);
#6820=PLANE('',#6819);
#6822=ORIENTED_EDGE('',*,*,#6821,.T.);
#6824=ORIENTED_EDGE('',*,*,#6823,.F.);
#6826=ORIENTED_EDGE('',*,*,#6825,.F.);
#6828=ORIENTED_EDGE('',*,*,#6827,.T.);
#6829=EDGE_LOOP('',(#6822,#6824,#6826,#6828));
#6830=FACE_OUTER_BOUND('',#6829,.F.);
#6832=ORIENTED_EDGE('',*,*,#6831,.T.);
#6834=ORIENTED_EDGE('',*,*,#6833,.T.);
#6836=ORIENTED_EDGE('',*,*,#6835,.F.);
#6838=ORIENTED_EDGE('',*,*,#6837,.F.);
#6839=EDGE_LOOP('',(#6832,#6834,#6836,#6838));
#6840=FACE_BOUND('',#6839,.F.);
#6842=ORIENTED_EDGE('',*,*,#6841,.T.);
#6844=ORIENTED_EDGE('',*,*,#6843,.T.);
#6846=ORIENTED_EDGE('',*,*,#6845,.F.);
#6848=ORIENTED_EDGE('',*,*,#6847,.F.);
#6849=EDGE_LOOP('',(#6842,#6844,#6846,#6848));
#6850=FACE_BOUND('',#6849,.F.);
#6852=CARTESIAN_POINT('',(-8.E0,2.E0,0.E0));
#6853=DIRECTION('',(0.E0,0.E0,1.E0));
#6854=DIRECTION('',(0.E0,-1.E0,0.E0));
#6855=AXIS2_PLACEMENT_3D('',#6852,#6853,#6854);
#6856=PLANE('',#6855);
#6858=ORIENTED_EDGE('',*,*,#6857,.T.);
#6860=ORIENTED_EDGE('',*,*,#6859,.F.);
#6862=ORIENTED_EDGE('',*,*,#6861,.F.);
#6864=ORIENTED_EDGE('',*,*,#6863,.T.);
#6865=EDGE_LOOP('',(#6858,#6860,#6862,#6864));
#6866=FACE_OUTER_BOUND('',#6865,.F.);
#6868=ORIENTED_EDGE('',*,*,#6867,.T.);
#6870=ORIENTED_EDGE('',*,*,#6869,.T.);
#6872=ORIENTED_EDGE('',*,*,#6871,.F.);
#6874=ORIENTED_EDGE('',*,*,#6873,.F.);
#6875=EDGE_LOOP('',(#6868,#6870,#6872,#6874));
#6876=FACE_BOUND('',#6875,.F.);
#6878=ORIENTED_EDGE('',*,*,#6877,.T.);
#6880=ORIENTED_EDGE('',*,*,#6879,.T.);
#6882=ORIENTED_EDGE('',*,*,#6881,.F.);
#6884=ORIENTED_EDGE('',*,*,#6883,.F.);
#6885=EDGE_LOOP('',(#6878,#6880,#6882,#6884));
#6886=FACE_BOUND('',#6885,.F.);
#6888=CARTESIAN_POINT('',(-8.E0,2.E0,0.E0));
#6889=DIRECTION('',(0.E0,0.E0,1.E0));
#6890=DIRECTION('',(0.E0,-1.E0,0.E0));
#6891=AXIS2_PLACEMENT_3D('',#6888,#6889,#6890);
#6892=PLANE('',#6891);
#6894=ORIENTED_EDGE('',*,*,#6893,.T.);
#6896=ORIENTED_EDGE('',*,*,#6895,.F.);
#6898=ORIENTED_EDGE('',*,*,#6897,.F.);
#6900=ORIENTED_EDGE('',*,*,#6899,.T.);
#6901=EDGE_LOOP('',(#6894,#6896,#6898,#6900));
#6902=FACE_OUTER_BOUND('',#6901,.F.);
#6904=ORIENTED_EDGE('',*,*,#6903,.T.);
#6906=ORIENTED_EDGE('',*,*,#6905,.T.);
#6908=ORIENTED_EDGE('',*,*,#6907,.F.);
#6910=ORIENTED_EDGE('',*,*,#6909,.F.);
#6911=EDGE_LOOP('',(#6904,#6906,#6908,#6910));
#6912=FACE_BOUND('',#6911,.F.);
#6914=ORIENTED_EDGE('',*,*,#6913,.T.);
#6916=ORIENTED_EDGE('',*,*,#6915,.T.);
#6918=ORIENTED_EDGE('',*,*,#6917,.F.);
#6920=ORIENTED_EDGE('',*,*,#6919,.F.);
#6921=EDGE_LOOP('',(#6914,#6916,#6918,#6920));
#6922=FACE_BOUND('',#6921,.F.);
#6924=CARTESIAN_POINT('',(-8.E0,2.E0,0.E0));
#6925=DIRECTION('',(0.E0,0.E0,1.E0));
#6926=DIRECTION('',(0.E0,-1.E0,0.E0));
#6927=AXIS2_PLACEMENT_3D('',#6924,#6925,#6926);
#6928=PLANE('',#6927);
#6929=ORIENTED_EDGE('',*,*,#6638,.T.);
#6931=ORIENTED_EDGE('',*,*,#6930,.T.);
#6933=ORIENTED_EDGE('',*,*,#6932,.T.);
#6935=ORIENTED_EDGE('',*,*,#6934,.F.);
#6937=ORIENTED_EDGE('',*,*,#6936,.T.);
#6938=ORIENTED_EDGE('',*,*,#6662,.T.);
#6939=EDGE_LOOP('',(#6929,#6931,#6933,#6935,#6937,#6938));
#6940=FACE_OUTER_BOUND('',#6939,.F.);
#6942=ORIENTED_EDGE('',*,*,#6941,.T.);
#6944=ORIENTED_EDGE('',*,*,#6943,.T.);
#6946=ORIENTED_EDGE('',*,*,#6945,.F.);
#6948=ORIENTED_EDGE('',*,*,#6947,.F.);
#6949=EDGE_LOOP('',(#6942,#6944,#6946,#6948));
#6950=FACE_BOUND('',#6949,.F.);
#6952=ORIENTED_EDGE('',*,*,#6951,.F.);
#6954=ORIENTED_EDGE('',*,*,#6953,.T.);
#6956=ORIENTED_EDGE('',*,*,#6955,.T.);
#6958=ORIENTED_EDGE('',*,*,#6957,.F.);
#6959=EDGE_LOOP('',(#6952,#6954,#6956,#6958));
#6960=FACE_BOUND('',#6959,.F.);
#6962=CARTESIAN_POINT('',(-6.75E0,0.E0,0.E0));
#6963=DIRECTION('',(-1.E0,0.E0,0.E0));
#6964=DIRECTION('',(0.E0,-1.E0,0.E0));
#6965=AXIS2_PLACEMENT_3D('',#6962,#6963,#6964);
#6966=PLANE('',#6965);
#6967=ORIENTED_EDGE('',*,*,#6941,.F.);
#6969=ORIENTED_EDGE('',*,*,#6968,.T.);
#6971=ORIENTED_EDGE('',*,*,#6970,.T.);
#6973=ORIENTED_EDGE('',*,*,#6972,.T.);
#6974=EDGE_LOOP('',(#6967,#6969,#6971,#6973));
#6975=FACE_OUTER_BOUND('',#6974,.F.);
#6977=CARTESIAN_POINT('',(-6.75E0,0.E0,0.E0));
#6978=DIRECTION('',(-1.E0,0.E0,0.E0));
#6979=DIRECTION('',(0.E0,-1.E0,0.E0));
#6980=AXIS2_PLACEMENT_3D('',#6977,#6978,#6979);
#6981=PLANE('',#6980);
#6983=ORIENTED_EDGE('',*,*,#6982,.T.);
#6985=ORIENTED_EDGE('',*,*,#6984,.T.);
#6987=ORIENTED_EDGE('',*,*,#6986,.T.);
#6989=ORIENTED_EDGE('',*,*,#6988,.T.);
#6991=ORIENTED_EDGE('',*,*,#6990,.T.);
#6993=ORIENTED_EDGE('',*,*,#6992,.T.);
#6995=ORIENTED_EDGE('',*,*,#6994,.T.);
#6997=ORIENTED_EDGE('',*,*,#6996,.T.);
#6998=EDGE_LOOP('',(#6983,#6985,#6987,#6989,#6991,#6993,#6995,#6997));
#6999=FACE_OUTER_BOUND('',#6998,.F.);
#7001=CARTESIAN_POINT('',(-6.75E0,0.E0,0.E0));
#7002=DIRECTION('',(-1.E0,0.E0,0.E0));
#7003=DIRECTION('',(0.E0,-1.E0,0.E0));
#7004=AXIS2_PLACEMENT_3D('',#7001,#7002,#7003);
#7005=PLANE('',#7004);
#7006=ORIENTED_EDGE('',*,*,#6951,.T.);
#7008=ORIENTED_EDGE('',*,*,#7007,.T.);
#7010=ORIENTED_EDGE('',*,*,#7009,.T.);
#7012=ORIENTED_EDGE('',*,*,#7011,.T.);
#7013=EDGE_LOOP('',(#7006,#7008,#7010,#7012));
#7014=FACE_OUTER_BOUND('',#7013,.F.);
#7016=CARTESIAN_POINT('',(-6.75E0,0.E0,0.E0));
#7017=DIRECTION('',(-1.E0,0.E0,0.E0));
#7018=DIRECTION('',(0.E0,-1.E0,0.E0));
#7019=AXIS2_PLACEMENT_3D('',#7016,#7017,#7018);
#7020=PLANE('',#7019);
#7022=ORIENTED_EDGE('',*,*,#7021,.T.);
#7024=ORIENTED_EDGE('',*,*,#7023,.T.);
#7026=ORIENTED_EDGE('',*,*,#7025,.T.);
#7028=ORIENTED_EDGE('',*,*,#7027,.T.);
#7030=ORIENTED_EDGE('',*,*,#7029,.T.);
#7032=ORIENTED_EDGE('',*,*,#7031,.T.);
#7034=ORIENTED_EDGE('',*,*,#7033,.T.);
#7036=ORIENTED_EDGE('',*,*,#7035,.T.);
#7037=EDGE_LOOP('',(#7022,#7024,#7026,#7028,#7030,#7032,#7034,#7036));
#7038=FACE_OUTER_BOUND('',#7037,.F.);
#7040=CARTESIAN_POINT('',(-6.75E0,-1.25E0,0.E0));
#7041=DIRECTION('',(0.E0,-1.E0,0.E0));
#7042=DIRECTION('',(0.E0,0.E0,1.E0));
#7043=AXIS2_PLACEMENT_3D('',#7040,#7041,#7042);
#7044=PLANE('',#7043);
#7045=ORIENTED_EDGE('',*,*,#6947,.T.);
#7047=ORIENTED_EDGE('',*,*,#7046,.T.);
#7049=ORIENTED_EDGE('',*,*,#7048,.F.);
#7050=ORIENTED_EDGE('',*,*,#6968,.F.);
#7051=EDGE_LOOP('',(#7045,#7047,#7049,#7050));
#7052=FACE_OUTER_BOUND('',#7051,.F.);
#7054=CARTESIAN_POINT('',(-7.25E0,0.E0,0.E0));
#7055=DIRECTION('',(-1.E0,0.E0,0.E0));
#7056=DIRECTION('',(0.E0,-1.E0,0.E0));
#7057=AXIS2_PLACEMENT_3D('',#7054,#7055,#7056);
#7058=PLANE('',#7057);
#7059=ORIENTED_EDGE('',*,*,#6945,.T.);
#7061=ORIENTED_EDGE('',*,*,#7060,.F.);
#7063=ORIENTED_EDGE('',*,*,#7062,.F.);
#7064=ORIENTED_EDGE('',*,*,#7046,.F.);
#7065=EDGE_LOOP('',(#7059,#7061,#7063,#7064));
#7066=FACE_OUTER_BOUND('',#7065,.F.);
#7068=CARTESIAN_POINT('',(-7.25E0,0.E0,0.E0));
#7069=DIRECTION('',(-1.E0,0.E0,0.E0));
#7070=DIRECTION('',(0.E0,-1.E0,0.E0));
#7071=AXIS2_PLACEMENT_3D('',#7068,#7069,#7070);
#7072=PLANE('',#7071);
#7074=ORIENTED_EDGE('',*,*,#7073,.F.);
#7076=ORIENTED_EDGE('',*,*,#7075,.F.);
#7078=ORIENTED_EDGE('',*,*,#7077,.F.);
#7080=ORIENTED_EDGE('',*,*,#7079,.F.);
#7082=ORIENTED_EDGE('',*,*,#7081,.F.);
#7084=ORIENTED_EDGE('',*,*,#7083,.F.);
#7086=ORIENTED_EDGE('',*,*,#7085,.F.);
#7088=ORIENTED_EDGE('',*,*,#7087,.F.);
#7089=EDGE_LOOP('',(#7074,#7076,#7078,#7080,#7082,#7084,#7086,#7088));
#7090=FACE_OUTER_BOUND('',#7089,.F.);
#7092=CARTESIAN_POINT('',(-7.25E0,0.E0,0.E0));
#7093=DIRECTION('',(-1.E0,0.E0,0.E0));
#7094=DIRECTION('',(0.E0,-1.E0,0.E0));
#7095=AXIS2_PLACEMENT_3D('',#7092,#7093,#7094);
#7096=PLANE('',#7095);
#7097=ORIENTED_EDGE('',*,*,#6955,.F.);
#7099=ORIENTED_EDGE('',*,*,#7098,.F.);
#7101=ORIENTED_EDGE('',*,*,#7100,.F.);
#7103=ORIENTED_EDGE('',*,*,#7102,.F.);
#7104=EDGE_LOOP('',(#7097,#7099,#7101,#7103));
#7105=FACE_OUTER_BOUND('',#7104,.F.);
#7107=CARTESIAN_POINT('',(-7.25E0,0.E0,0.E0));
#7108=DIRECTION('',(-1.E0,0.E0,0.E0));
#7109=DIRECTION('',(0.E0,-1.E0,0.E0));
#7110=AXIS2_PLACEMENT_3D('',#7107,#7108,#7109);
#7111=PLANE('',#7110);
#7113=ORIENTED_EDGE('',*,*,#7112,.F.);
#7115=ORIENTED_EDGE('',*,*,#7114,.F.);
#7117=ORIENTED_EDGE('',*,*,#7116,.F.);
#7119=ORIENTED_EDGE('',*,*,#7118,.F.);
#7121=ORIENTED_EDGE('',*,*,#7120,.F.);
#7123=ORIENTED_EDGE('',*,*,#7122,.F.);
#7125=ORIENTED_EDGE('',*,*,#7124,.F.);
#7127=ORIENTED_EDGE('',*,*,#7126,.F.);
#7128=EDGE_LOOP('',(#7113,#7115,#7117,#7119,#7121,#7123,#7125,#7127));
#7129=FACE_OUTER_BOUND('',#7128,.F.);
#7131=CARTESIAN_POINT('',(-6.75E0,-7.5E-1,4.E0));
#7132=DIRECTION('',(0.E0,1.E0,0.E0));
#7133=DIRECTION('',(0.E0,0.E0,-1.E0));
#7134=AXIS2_PLACEMENT_3D('',#7131,#7132,#7133);
#7135=PLANE('',#7134);
#7136=ORIENTED_EDGE('',*,*,#6943,.F.);
#7137=ORIENTED_EDGE('',*,*,#6972,.F.);
#7139=ORIENTED_EDGE('',*,*,#7138,.T.);
#7140=ORIENTED_EDGE('',*,*,#7060,.T.);
#7141=EDGE_LOOP('',(#7136,#7137,#7139,#7140));
#7142=FACE_OUTER_BOUND('',#7141,.F.);
#7144=CARTESIAN_POINT('',(-6.75E0,-1.25E0,4.E0));
#7145=DIRECTION('',(0.E0,0.E0,1.E0));
#7146=DIRECTION('',(0.E0,1.E0,0.E0));
#7147=AXIS2_PLACEMENT_3D('',#7144,#7145,#7146);
#7148=PLANE('',#7147);
#7149=ORIENTED_EDGE('',*,*,#6970,.F.);
#7150=ORIENTED_EDGE('',*,*,#7048,.T.);
#7151=ORIENTED_EDGE('',*,*,#7062,.T.);
#7152=ORIENTED_EDGE('',*,*,#7138,.F.);
#7153=EDGE_LOOP('',(#7149,#7150,#7151,#7152));
#7154=FACE_OUTER_BOUND('',#7153,.F.);
#7156=CARTESIAN_POINT('',(-8.E0,-6.E-1,-1.15E0));
#7157=DIRECTION('',(0.E0,0.E0,-1.E0));
#7158=DIRECTION('',(0.E0,1.E0,0.E0));
#7159=AXIS2_PLACEMENT_3D('',#7156,#7157,#7158);
#7160=PLANE('',#7159);
#7162=ORIENTED_EDGE('',*,*,#7161,.T.);
#7164=ORIENTED_EDGE('',*,*,#7163,.F.);
#7166=ORIENTED_EDGE('',*,*,#7165,.F.);
#7168=ORIENTED_EDGE('',*,*,#7167,.F.);
#7170=ORIENTED_EDGE('',*,*,#7169,.T.);
#7172=ORIENTED_EDGE('',*,*,#7171,.F.);
#7174=ORIENTED_EDGE('',*,*,#7173,.F.);
#7176=ORIENTED_EDGE('',*,*,#7175,.F.);
#7178=ORIENTED_EDGE('',*,*,#7177,.T.);
#7180=ORIENTED_EDGE('',*,*,#7179,.F.);
#7182=ORIENTED_EDGE('',*,*,#7181,.F.);
#7184=ORIENTED_EDGE('',*,*,#7183,.F.);
#7186=ORIENTED_EDGE('',*,*,#7185,.T.);
#7188=ORIENTED_EDGE('',*,*,#7187,.F.);
#7190=ORIENTED_EDGE('',*,*,#7189,.F.);
#7192=ORIENTED_EDGE('',*,*,#7191,.F.);
#7194=ORIENTED_EDGE('',*,*,#7193,.T.);
#7196=ORIENTED_EDGE('',*,*,#7195,.F.);
#7198=ORIENTED_EDGE('',*,*,#7197,.F.);
#7200=ORIENTED_EDGE('',*,*,#7199,.F.);
#7202=ORIENTED_EDGE('',*,*,#7201,.T.);
#7204=ORIENTED_EDGE('',*,*,#7203,.F.);
#7206=ORIENTED_EDGE('',*,*,#7205,.F.);
#7208=ORIENTED_EDGE('',*,*,#7207,.F.);
#7210=ORIENTED_EDGE('',*,*,#7209,.T.);
#7212=ORIENTED_EDGE('',*,*,#7211,.F.);
#7214=ORIENTED_EDGE('',*,*,#7213,.F.);
#7216=ORIENTED_EDGE('',*,*,#7215,.F.);
#7218=ORIENTED_EDGE('',*,*,#7217,.T.);
#7220=ORIENTED_EDGE('',*,*,#7219,.F.);
#7222=ORIENTED_EDGE('',*,*,#7221,.F.);
#7224=ORIENTED_EDGE('',*,*,#7223,.F.);
#7226=ORIENTED_EDGE('',*,*,#7225,.T.);
#7228=ORIENTED_EDGE('',*,*,#7227,.F.);
#7229=ORIENTED_EDGE('',*,*,#6651,.F.);
#7230=ORIENTED_EDGE('',*,*,#6666,.F.);
#7232=ORIENTED_EDGE('',*,*,#7231,.F.);
#7234=ORIENTED_EDGE('',*,*,#7233,.T.);
#7236=ORIENTED_EDGE('',*,*,#7235,.T.);
#7238=ORIENTED_EDGE('',*,*,#7237,.T.);
#7240=ORIENTED_EDGE('',*,*,#7239,.F.);
#7242=ORIENTED_EDGE('',*,*,#7241,.T.);
#7244=ORIENTED_EDGE('',*,*,#7243,.T.);
#7246=ORIENTED_EDGE('',*,*,#7245,.T.);
#7248=ORIENTED_EDGE('',*,*,#7247,.F.);
#7250=ORIENTED_EDGE('',*,*,#7249,.T.);
#7252=ORIENTED_EDGE('',*,*,#7251,.T.);
#7254=ORIENTED_EDGE('',*,*,#7253,.T.);
#7256=ORIENTED_EDGE('',*,*,#7255,.F.);
#7258=ORIENTED_EDGE('',*,*,#7257,.T.);
#7260=ORIENTED_EDGE('',*,*,#7259,.T.);
#7262=ORIENTED_EDGE('',*,*,#7261,.T.);
#7264=ORIENTED_EDGE('',*,*,#7263,.F.);
#7266=ORIENTED_EDGE('',*,*,#7265,.T.);
#7268=ORIENTED_EDGE('',*,*,#7267,.T.);
#7270=ORIENTED_EDGE('',*,*,#7269,.T.);
#7272=ORIENTED_EDGE('',*,*,#7271,.F.);
#7274=ORIENTED_EDGE('',*,*,#7273,.T.);
#7276=ORIENTED_EDGE('',*,*,#7275,.T.);
#7278=ORIENTED_EDGE('',*,*,#7277,.T.);
#7280=ORIENTED_EDGE('',*,*,#7279,.F.);
#7282=ORIENTED_EDGE('',*,*,#7281,.T.);
#7284=ORIENTED_EDGE('',*,*,#7283,.T.);
#7286=ORIENTED_EDGE('',*,*,#7285,.T.);
#7288=ORIENTED_EDGE('',*,*,#7287,.F.);
#7290=ORIENTED_EDGE('',*,*,#7289,.T.);
#7292=ORIENTED_EDGE('',*,*,#7291,.T.);
#7294=ORIENTED_EDGE('',*,*,#7293,.T.);
#7296=ORIENTED_EDGE('',*,*,#7295,.F.);
#7298=ORIENTED_EDGE('',*,*,#7297,.T.);
#7299=EDGE_LOOP('',(#7162,#7164,#7166,#7168,#7170,#7172,#7174,#7176,#7178,#7180,
#7182,#7184,#7186,#7188,#7190,#7192,#7194,#7196,#7198,#7200,#7202,#7204,#7206,
#7208,#7210,#7212,#7214,#7216,#7218,#7220,#7222,#7224,#7226,#7228,#7229,#7230,
#7232,#7234,#7236,#7238,#7240,#7242,#7244,#7246,#7248,#7250,#7252,#7254,#7256,
#7258,#7260,#7262,#7264,#7266,#7268,#7270,#7272,#7274,#7276,#7278,#7280,#7282,
#7284,#7286,#7288,#7290,#7292,#7294,#7296,#7298));
#7300=FACE_OUTER_BOUND('',#7299,.F.);
#7301=ORIENTED_EDGE('',*,*,#7021,.F.);
#7303=ORIENTED_EDGE('',*,*,#7302,.T.);
#7304=ORIENTED_EDGE('',*,*,#7112,.T.);
#7306=ORIENTED_EDGE('',*,*,#7305,.F.);
#7307=EDGE_LOOP('',(#7301,#7303,#7304,#7306));
#7308=FACE_BOUND('',#7307,.F.);
#7310=ORIENTED_EDGE('',*,*,#7309,.F.);
#7312=ORIENTED_EDGE('',*,*,#7311,.T.);
#7314=ORIENTED_EDGE('',*,*,#7313,.T.);
#7316=ORIENTED_EDGE('',*,*,#7315,.F.);
#7317=EDGE_LOOP('',(#7310,#7312,#7314,#7316));
#7318=FACE_BOUND('',#7317,.F.);
#7320=ORIENTED_EDGE('',*,*,#7319,.F.);
#7322=ORIENTED_EDGE('',*,*,#7321,.T.);
#7324=ORIENTED_EDGE('',*,*,#7323,.T.);
#7326=ORIENTED_EDGE('',*,*,#7325,.F.);
#7327=EDGE_LOOP('',(#7320,#7322,#7324,#7326));
#7328=FACE_BOUND('',#7327,.F.);
#7330=ORIENTED_EDGE('',*,*,#7329,.F.);
#7332=ORIENTED_EDGE('',*,*,#7331,.T.);
#7334=ORIENTED_EDGE('',*,*,#7333,.T.);
#7336=ORIENTED_EDGE('',*,*,#7335,.F.);
#7337=EDGE_LOOP('',(#7330,#7332,#7334,#7336));
#7338=FACE_BOUND('',#7337,.F.);
#7340=ORIENTED_EDGE('',*,*,#7339,.F.);
#7342=ORIENTED_EDGE('',*,*,#7341,.T.);
#7344=ORIENTED_EDGE('',*,*,#7343,.T.);
#7346=ORIENTED_EDGE('',*,*,#7345,.F.);
#7347=EDGE_LOOP('',(#7340,#7342,#7344,#7346));
#7348=FACE_BOUND('',#7347,.F.);
#7350=ORIENTED_EDGE('',*,*,#7349,.F.);
#7352=ORIENTED_EDGE('',*,*,#7351,.T.);
#7354=ORIENTED_EDGE('',*,*,#7353,.T.);
#7356=ORIENTED_EDGE('',*,*,#7355,.F.);
#7357=EDGE_LOOP('',(#7350,#7352,#7354,#7356));
#7358=FACE_BOUND('',#7357,.F.);
#7360=ORIENTED_EDGE('',*,*,#7359,.F.);
#7362=ORIENTED_EDGE('',*,*,#7361,.T.);
#7364=ORIENTED_EDGE('',*,*,#7363,.T.);
#7366=ORIENTED_EDGE('',*,*,#7365,.F.);
#7367=EDGE_LOOP('',(#7360,#7362,#7364,#7366));
#7368=FACE_BOUND('',#7367,.F.);
#7370=ORIENTED_EDGE('',*,*,#7369,.F.);
#7372=ORIENTED_EDGE('',*,*,#7371,.T.);
#7374=ORIENTED_EDGE('',*,*,#7373,.T.);
#7376=ORIENTED_EDGE('',*,*,#7375,.F.);
#7377=EDGE_LOOP('',(#7370,#7372,#7374,#7376));
#7378=FACE_BOUND('',#7377,.F.);
#7380=ORIENTED_EDGE('',*,*,#7379,.F.);
#7382=ORIENTED_EDGE('',*,*,#7381,.T.);
#7384=ORIENTED_EDGE('',*,*,#7383,.T.);
#7386=ORIENTED_EDGE('',*,*,#7385,.F.);
#7387=EDGE_LOOP('',(#7380,#7382,#7384,#7386));
#7388=FACE_BOUND('',#7387,.F.);
#7390=ORIENTED_EDGE('',*,*,#7389,.F.);
#7392=ORIENTED_EDGE('',*,*,#7391,.T.);
#7394=ORIENTED_EDGE('',*,*,#7393,.T.);
#7396=ORIENTED_EDGE('',*,*,#7395,.F.);
#7397=EDGE_LOOP('',(#7390,#7392,#7394,#7396));
#7398=FACE_BOUND('',#7397,.F.);
#7400=ORIENTED_EDGE('',*,*,#7399,.F.);
#7402=ORIENTED_EDGE('',*,*,#7401,.T.);
#7404=ORIENTED_EDGE('',*,*,#7403,.T.);
#7406=ORIENTED_EDGE('',*,*,#7405,.F.);
#7407=EDGE_LOOP('',(#7400,#7402,#7404,#7406));
#7408=FACE_BOUND('',#7407,.F.);
#7410=ORIENTED_EDGE('',*,*,#7409,.F.);
#7412=ORIENTED_EDGE('',*,*,#7411,.T.);
#7414=ORIENTED_EDGE('',*,*,#7413,.T.);
#7416=ORIENTED_EDGE('',*,*,#7415,.F.);
#7417=EDGE_LOOP('',(#7410,#7412,#7414,#7416));
#7418=FACE_BOUND('',#7417,.F.);
#7420=ORIENTED_EDGE('',*,*,#7419,.F.);
#7422=ORIENTED_EDGE('',*,*,#7421,.T.);
#7424=ORIENTED_EDGE('',*,*,#7423,.T.);
#7426=ORIENTED_EDGE('',*,*,#7425,.F.);
#7427=EDGE_LOOP('',(#7420,#7422,#7424,#7426));
#7428=FACE_BOUND('',#7427,.F.);
#7430=ORIENTED_EDGE('',*,*,#7429,.F.);
#7432=ORIENTED_EDGE('',*,*,#7431,.T.);
#7434=ORIENTED_EDGE('',*,*,#7433,.T.);
#7436=ORIENTED_EDGE('',*,*,#7435,.F.);
#7437=EDGE_LOOP('',(#7430,#7432,#7434,#7436));
#7438=FACE_BOUND('',#7437,.F.);
#7440=ORIENTED_EDGE('',*,*,#7439,.F.);
#7442=ORIENTED_EDGE('',*,*,#7441,.T.);
#7444=ORIENTED_EDGE('',*,*,#7443,.T.);
#7446=ORIENTED_EDGE('',*,*,#7445,.F.);
#7447=EDGE_LOOP('',(#7440,#7442,#7444,#7446));
#7448=FACE_BOUND('',#7447,.F.);
#7449=ORIENTED_EDGE('',*,*,#6982,.F.);
#7451=ORIENTED_EDGE('',*,*,#7450,.T.);
#7452=ORIENTED_EDGE('',*,*,#7073,.T.);
#7454=ORIENTED_EDGE('',*,*,#7453,.F.);
#7455=EDGE_LOOP('',(#7449,#7451,#7452,#7454));
#7456=FACE_BOUND('',#7455,.F.);
#7458=CARTESIAN_POINT('',(-6.75E0,-1.25E0,-1.45E0));
#7459=DIRECTION('',(0.E0,-1.E0,0.E0));
#7460=DIRECTION('',(0.E0,0.E0,1.E0));
#7461=AXIS2_PLACEMENT_3D('',#7458,#7459,#7460);
#7462=PLANE('',#7461);
#7463=ORIENTED_EDGE('',*,*,#7450,.F.);
#7464=ORIENTED_EDGE('',*,*,#6996,.F.);
#7466=ORIENTED_EDGE('',*,*,#7465,.T.);
#7467=ORIENTED_EDGE('',*,*,#7075,.T.);
#7468=EDGE_LOOP('',(#7463,#7464,#7466,#7467));
#7469=FACE_OUTER_BOUND('',#7468,.F.);
#7471=CARTESIAN_POINT('',(-6.75E0,-1.75E0,-1.45E0));
#7472=DIRECTION('',(-1.E0,0.E0,0.E0));
#7473=DIRECTION('',(0.E0,-1.E0,0.E0));
#7474=AXIS2_PLACEMENT_3D('',#7471,#7472,#7473);
#7475=CYLINDRICAL_SURFACE('',#7474,5.E-1);
#7476=ORIENTED_EDGE('',*,*,#6994,.F.);
#7478=ORIENTED_EDGE('',*,*,#7477,.T.);
#7479=ORIENTED_EDGE('',*,*,#7077,.T.);
#7480=ORIENTED_EDGE('',*,*,#7465,.F.);
#7481=EDGE_LOOP('',(#7476,#7478,#7479,#7480));
#7482=FACE_OUTER_BOUND('',#7481,.F.);
#7484=CARTESIAN_POINT('',(-6.75E0,-4.8E0,-1.95E0));
#7485=DIRECTION('',(0.E0,0.E0,1.E0));
#7486=DIRECTION('',(0.E0,1.E0,0.E0));
#7487=AXIS2_PLACEMENT_3D('',#7484,#7485,#7486);
#7488=PLANE('',#7487);
#7489=ORIENTED_EDGE('',*,*,#6992,.F.);
#7491=ORIENTED_EDGE('',*,*,#7490,.T.);
#7492=ORIENTED_EDGE('',*,*,#7079,.T.);
#7493=ORIENTED_EDGE('',*,*,#7477,.F.);
#7494=EDGE_LOOP('',(#7489,#7491,#7492,#7493));
#7495=FACE_OUTER_BOUND('',#7494,.F.);
#7497=CARTESIAN_POINT('',(-6.75E0,-4.8E0,-2.45E0));
#7498=DIRECTION('',(0.E0,-1.E0,0.E0));
#7499=DIRECTION('',(0.E0,0.E0,1.E0));
#7500=AXIS2_PLACEMENT_3D('',#7497,#7498,#7499);
#7501=PLANE('',#7500);
#7502=ORIENTED_EDGE('',*,*,#6990,.F.);
#7504=ORIENTED_EDGE('',*,*,#7503,.T.);
#7505=ORIENTED_EDGE('',*,*,#7081,.T.);
#7506=ORIENTED_EDGE('',*,*,#7490,.F.);
#7507=EDGE_LOOP('',(#7502,#7504,#7505,#7506));
#7508=FACE_OUTER_BOUND('',#7507,.F.);
#7510=CARTESIAN_POINT('',(-6.75E0,-1.75E0,-2.45E0));
#7511=DIRECTION('',(0.E0,0.E0,-1.E0));
#7512=DIRECTION('',(0.E0,-1.E0,0.E0));
#7513=AXIS2_PLACEMENT_3D('',#7510,#7511,#7512);
#7514=PLANE('',#7513);
#7515=ORIENTED_EDGE('',*,*,#6988,.F.);
#7517=ORIENTED_EDGE('',*,*,#7516,.T.);
#7518=ORIENTED_EDGE('',*,*,#7083,.T.);
#7519=ORIENTED_EDGE('',*,*,#7503,.F.);
#7520=EDGE_LOOP('',(#7515,#7517,#7518,#7519));
#7521=FACE_OUTER_BOUND('',#7520,.F.);
#7523=CARTESIAN_POINT('',(-6.75E0,-1.75E0,-1.45E0));
#7524=DIRECTION('',(-1.E0,0.E0,0.E0));
#7525=DIRECTION('',(0.E0,-1.E0,0.E0));
#7526=AXIS2_PLACEMENT_3D('',#7523,#7524,#7525);
#7527=CYLINDRICAL_SURFACE('',#7526,1.E0);
#7528=ORIENTED_EDGE('',*,*,#6986,.F.);
#7530=ORIENTED_EDGE('',*,*,#7529,.T.);
#7531=ORIENTED_EDGE('',*,*,#7085,.T.);
#7532=ORIENTED_EDGE('',*,*,#7516,.F.);
#7533=EDGE_LOOP('',(#7528,#7530,#7531,#7532));
#7534=FACE_OUTER_BOUND('',#7533,.F.);
#7536=CARTESIAN_POINT('',(-6.75E0,-7.5E-1,-1.15E0));
#7537=DIRECTION('',(0.E0,1.E0,0.E0));
#7538=DIRECTION('',(0.E0,0.E0,-1.E0));
#7539=AXIS2_PLACEMENT_3D('',#7536,#7537,#7538);
#7540=PLANE('',#7539);
#7541=ORIENTED_EDGE('',*,*,#7453,.T.);
#7542=ORIENTED_EDGE('',*,*,#7087,.T.);
#7543=ORIENTED_EDGE('',*,*,#7529,.F.);
#7544=ORIENTED_EDGE('',*,*,#6984,.F.);
#7545=EDGE_LOOP('',(#7541,#7542,#7543,#7544));
#7546=FACE_OUTER_BOUND('',#7545,.F.);
#7548=CARTESIAN_POINT('',(-6.75E0,7.5E-1,-3.45E0));
#7549=DIRECTION('',(0.E0,-1.E0,0.E0));
#7550=DIRECTION('',(0.E0,0.E0,1.E0));
#7551=AXIS2_PLACEMENT_3D('',#7548,#7549,#7550);
#7552=PLANE('',#7551);
#7553=ORIENTED_EDGE('',*,*,#7302,.F.);
#7554=ORIENTED_EDGE('',*,*,#7035,.F.);
#7556=ORIENTED_EDGE('',*,*,#7555,.T.);
#7557=ORIENTED_EDGE('',*,*,#7114,.T.);
#7558=EDGE_LOOP('',(#7553,#7554,#7556,#7557));
#7559=FACE_OUTER_BOUND('',#7558,.F.);
#7561=CARTESIAN_POINT('',(-6.75E0,2.5E-1,-3.45E0));
#7562=DIRECTION('',(-1.E0,0.E0,0.E0));
#7563=DIRECTION('',(0.E0,-1.E0,0.E0));
#7564=AXIS2_PLACEMENT_3D('',#7561,#7562,#7563);
#7565=CYLINDRICAL_SURFACE('',#7564,5.E-1);
#7566=ORIENTED_EDGE('',*,*,#7033,.F.);
#7568=ORIENTED_EDGE('',*,*,#7567,.T.);
#7569=ORIENTED_EDGE('',*,*,#7116,.T.);
#7570=ORIENTED_EDGE('',*,*,#7555,.F.);
#7571=EDGE_LOOP('',(#7566,#7568,#7569,#7570));
#7572=FACE_OUTER_BOUND('',#7571,.F.);
#7574=CARTESIAN_POINT('',(-6.75E0,-4.8E0,-3.95E0));
#7575=DIRECTION('',(0.E0,0.E0,1.E0));
#7576=DIRECTION('',(0.E0,1.E0,0.E0));
#7577=AXIS2_PLACEMENT_3D('',#7574,#7575,#7576);
#7578=PLANE('',#7577);
#7579=ORIENTED_EDGE('',*,*,#7031,.F.);
#7581=ORIENTED_EDGE('',*,*,#7580,.T.);
#7582=ORIENTED_EDGE('',*,*,#7118,.T.);
#7583=ORIENTED_EDGE('',*,*,#7567,.F.);
#7584=EDGE_LOOP('',(#7579,#7581,#7582,#7583));
#7585=FACE_OUTER_BOUND('',#7584,.F.);
#7587=CARTESIAN_POINT('',(-6.75E0,-4.8E0,-4.45E0));
#7588=DIRECTION('',(0.E0,-1.E0,0.E0));
#7589=DIRECTION('',(0.E0,0.E0,1.E0));
#7590=AXIS2_PLACEMENT_3D('',#7587,#7588,#7589);
#7591=PLANE('',#7590);
#7592=ORIENTED_EDGE('',*,*,#7029,.F.);
#7594=ORIENTED_EDGE('',*,*,#7593,.T.);
#7595=ORIENTED_EDGE('',*,*,#7120,.T.);
#7596=ORIENTED_EDGE('',*,*,#7580,.F.);
#7597=EDGE_LOOP('',(#7592,#7594,#7595,#7596));
#7598=FACE_OUTER_BOUND('',#7597,.F.);
#7600=CARTESIAN_POINT('',(-6.75E0,2.5E-1,-4.45E0));
#7601=DIRECTION('',(0.E0,0.E0,-1.E0));
#7602=DIRECTION('',(0.E0,-1.E0,0.E0));
#7603=AXIS2_PLACEMENT_3D('',#7600,#7601,#7602);
#7604=PLANE('',#7603);
#7605=ORIENTED_EDGE('',*,*,#7027,.F.);
#7607=ORIENTED_EDGE('',*,*,#7606,.T.);
#7608=ORIENTED_EDGE('',*,*,#7122,.T.);
#7609=ORIENTED_EDGE('',*,*,#7593,.F.);
#7610=EDGE_LOOP('',(#7605,#7607,#7608,#7609));
#7611=FACE_OUTER_BOUND('',#7610,.F.);
#7613=CARTESIAN_POINT('',(-6.75E0,2.5E-1,-3.45E0));
#7614=DIRECTION('',(-1.E0,0.E0,0.E0));
#7615=DIRECTION('',(0.E0,-1.E0,0.E0));
#7616=AXIS2_PLACEMENT_3D('',#7613,#7614,#7615);
#7617=CYLINDRICAL_SURFACE('',#7616,1.E0);
#7618=ORIENTED_EDGE('',*,*,#7025,.F.);
#7620=ORIENTED_EDGE('',*,*,#7619,.T.);
#7621=ORIENTED_EDGE('',*,*,#7124,.T.);
#7622=ORIENTED_EDGE('',*,*,#7606,.F.);
#7623=EDGE_LOOP('',(#7618,#7620,#7621,#7622));
#7624=FACE_OUTER_BOUND('',#7623,.F.);
#7626=CARTESIAN_POINT('',(-6.75E0,1.25E0,-1.15E0));
#7627=DIRECTION('',(0.E0,1.E0,0.E0));
#7628=DIRECTION('',(0.E0,0.E0,-1.E0));
#7629=AXIS2_PLACEMENT_3D('',#7626,#7627,#7628);
#7630=PLANE('',#7629);
#7631=ORIENTED_EDGE('',*,*,#7305,.T.);
#7632=ORIENTED_EDGE('',*,*,#7126,.T.);
#7633=ORIENTED_EDGE('',*,*,#7619,.F.);
#7634=ORIENTED_EDGE('',*,*,#7023,.F.);
#7635=EDGE_LOOP('',(#7631,#7632,#7633,#7634));
#7636=FACE_OUTER_BOUND('',#7635,.F.);
#7638=CARTESIAN_POINT('',(-4.75E0,0.E0,0.E0));
#7639=DIRECTION('',(-1.E0,0.E0,0.E0));
#7640=DIRECTION('',(0.E0,-1.E0,0.E0));
#7641=AXIS2_PLACEMENT_3D('',#7638,#7639,#7640);
#7642=PLANE('',#7641);
#7644=ORIENTED_EDGE('',*,*,#7643,.T.);
#7646=ORIENTED_EDGE('',*,*,#7645,.T.);
#7648=ORIENTED_EDGE('',*,*,#7647,.T.);
#7649=ORIENTED_EDGE('',*,*,#6697,.T.);
#7650=EDGE_LOOP('',(#7644,#7646,#7648,#7649));
#7651=FACE_OUTER_BOUND('',#7650,.F.);
#7653=CARTESIAN_POINT('',(-4.75E0,0.E0,0.E0));
#7654=DIRECTION('',(-1.E0,0.E0,0.E0));
#7655=DIRECTION('',(0.E0,-1.E0,0.E0));
#7656=AXIS2_PLACEMENT_3D('',#7653,#7654,#7655);
#7657=PLANE('',#7656);
#7659=ORIENTED_EDGE('',*,*,#7658,.T.);
#7661=ORIENTED_EDGE('',*,*,#7660,.T.);
#7663=ORIENTED_EDGE('',*,*,#7662,.T.);
#7664=ORIENTED_EDGE('',*,*,#6687,.T.);
#7665=EDGE_LOOP('',(#7659,#7661,#7663,#7664));
#7666=FACE_OUTER_BOUND('',#7665,.F.);
#7668=CARTESIAN_POINT('',(-4.75E0,0.E0,0.E0));
#7669=DIRECTION('',(-1.E0,0.E0,0.E0));
#7670=DIRECTION('',(0.E0,-1.E0,0.E0));
#7671=AXIS2_PLACEMENT_3D('',#7668,#7669,#7670);
#7672=PLANE('',#7671);
#7673=ORIENTED_EDGE('',*,*,#7309,.T.);
#7675=ORIENTED_EDGE('',*,*,#7674,.T.);
#7677=ORIENTED_EDGE('',*,*,#7676,.T.);
#7679=ORIENTED_EDGE('',*,*,#7678,.T.);
#7681=ORIENTED_EDGE('',*,*,#7680,.T.);
#7683=ORIENTED_EDGE('',*,*,#7682,.T.);
#7685=ORIENTED_EDGE('',*,*,#7684,.T.);
#7687=ORIENTED_EDGE('',*,*,#7686,.T.);
#7688=EDGE_LOOP('',(#7673,#7675,#7677,#7679,#7681,#7683,#7685,#7687));
#7689=FACE_OUTER_BOUND('',#7688,.F.);
#7691=CARTESIAN_POINT('',(-4.75E0,0.E0,0.E0));
#7692=DIRECTION('',(-1.E0,0.E0,0.E0));
#7693=DIRECTION('',(0.E0,-1.E0,0.E0));
#7694=AXIS2_PLACEMENT_3D('',#7691,#7692,#7693);
#7695=PLANE('',#7694);
#7696=ORIENTED_EDGE('',*,*,#7319,.T.);
#7698=ORIENTED_EDGE('',*,*,#7697,.T.);
#7700=ORIENTED_EDGE('',*,*,#7699,.T.);
#7702=ORIENTED_EDGE('',*,*,#7701,.T.);
#7704=ORIENTED_EDGE('',*,*,#7703,.T.);
#7706=ORIENTED_EDGE('',*,*,#7705,.T.);
#7708=ORIENTED_EDGE('',*,*,#7707,.T.);
#7710=ORIENTED_EDGE('',*,*,#7709,.T.);
#7711=EDGE_LOOP('',(#7696,#7698,#7700,#7702,#7704,#7706,#7708,#7710));
#7712=FACE_OUTER_BOUND('',#7711,.F.);
#7714=CARTESIAN_POINT('',(-4.75E0,7.5E-1,0.E0));
#7715=DIRECTION('',(0.E0,-1.E0,0.E0));
#7716=DIRECTION('',(0.E0,0.E0,1.E0));
#7717=AXIS2_PLACEMENT_3D('',#7714,#7715,#7716);
#7718=PLANE('',#7717);
#7719=ORIENTED_EDGE('',*,*,#7643,.F.);
#7720=ORIENTED_EDGE('',*,*,#6703,.T.);
#7722=ORIENTED_EDGE('',*,*,#7721,.T.);
#7724=ORIENTED_EDGE('',*,*,#7723,.F.);
#7725=EDGE_LOOP('',(#7719,#7720,#7722,#7724));
#7726=FACE_OUTER_BOUND('',#7725,.F.);
#7728=CARTESIAN_POINT('',(-5.25E0,0.E0,0.E0));
#7729=DIRECTION('',(-1.E0,0.E0,0.E0));
#7730=DIRECTION('',(0.E0,-1.E0,0.E0));
#7731=AXIS2_PLACEMENT_3D('',#7728,#7729,#7730);
#7732=PLANE('',#7731);
#7733=ORIENTED_EDGE('',*,*,#7721,.F.);
#7734=ORIENTED_EDGE('',*,*,#6701,.F.);
#7736=ORIENTED_EDGE('',*,*,#7735,.F.);
#7738=ORIENTED_EDGE('',*,*,#7737,.F.);
#7739=EDGE_LOOP('',(#7733,#7734,#7736,#7738));
#7740=FACE_OUTER_BOUND('',#7739,.F.);
#7742=CARTESIAN_POINT('',(-5.25E0,0.E0,0.E0));
#7743=DIRECTION('',(-1.E0,0.E0,0.E0));
#7744=DIRECTION('',(0.E0,-1.E0,0.E0));
#7745=AXIS2_PLACEMENT_3D('',#7742,#7743,#7744);
#7746=PLANE('',#7745);
#7748=ORIENTED_EDGE('',*,*,#7747,.F.);
#7749=ORIENTED_EDGE('',*,*,#6691,.F.);
#7751=ORIENTED_EDGE('',*,*,#7750,.F.);
#7753=ORIENTED_EDGE('',*,*,#7752,.F.);
#7754=EDGE_LOOP('',(#7748,#7749,#7751,#7753));
#7755=FACE_OUTER_BOUND('',#7754,.F.);
#7757=CARTESIAN_POINT('',(-5.25E0,0.E0,0.E0));
#7758=DIRECTION('',(-1.E0,0.E0,0.E0));
#7759=DIRECTION('',(0.E0,-1.E0,0.E0));
#7760=AXIS2_PLACEMENT_3D('',#7757,#7758,#7759);
#7761=PLANE('',#7760);
#7762=ORIENTED_EDGE('',*,*,#7313,.F.);
#7764=ORIENTED_EDGE('',*,*,#7763,.F.);
#7766=ORIENTED_EDGE('',*,*,#7765,.F.);
#7768=ORIENTED_EDGE('',*,*,#7767,.F.);
#7770=ORIENTED_EDGE('',*,*,#7769,.F.);
#7772=ORIENTED_EDGE('',*,*,#7771,.F.);
#7774=ORIENTED_EDGE('',*,*,#7773,.F.);
#7776=ORIENTED_EDGE('',*,*,#7775,.F.);
#7777=EDGE_LOOP('',(#7762,#7764,#7766,#7768,#7770,#7772,#7774,#7776));
#7778=FACE_OUTER_BOUND('',#7777,.F.);
#7780=CARTESIAN_POINT('',(-5.25E0,0.E0,0.E0));
#7781=DIRECTION('',(-1.E0,0.E0,0.E0));
#7782=DIRECTION('',(0.E0,-1.E0,0.E0));
#7783=AXIS2_PLACEMENT_3D('',#7780,#7781,#7782);
#7784=PLANE('',#7783);
#7785=ORIENTED_EDGE('',*,*,#7323,.F.);
#7787=ORIENTED_EDGE('',*,*,#7786,.F.);
#7789=ORIENTED_EDGE('',*,*,#7788,.F.);
#7791=ORIENTED_EDGE('',*,*,#7790,.F.);
#7793=ORIENTED_EDGE('',*,*,#7792,.F.);
#7795=ORIENTED_EDGE('',*,*,#7794,.F.);
#7797=ORIENTED_EDGE('',*,*,#7796,.F.);
#7799=ORIENTED_EDGE('',*,*,#7798,.F.);
#7800=EDGE_LOOP('',(#7785,#7787,#7789,#7791,#7793,#7795,#7797,#7799));
#7801=FACE_OUTER_BOUND('',#7800,.F.);
#7803=CARTESIAN_POINT('',(-4.75E0,1.25E0,4.E0));
#7804=DIRECTION('',(0.E0,1.E0,0.E0));
#7805=DIRECTION('',(0.E0,0.E0,-1.E0));
#7806=AXIS2_PLACEMENT_3D('',#7803,#7804,#7805);
#7807=PLANE('',#7806);
#7808=ORIENTED_EDGE('',*,*,#7647,.F.);
#7810=ORIENTED_EDGE('',*,*,#7809,.T.);
#7811=ORIENTED_EDGE('',*,*,#7735,.T.);
#7812=ORIENTED_EDGE('',*,*,#6699,.F.);
#7813=EDGE_LOOP('',(#7808,#7810,#7811,#7812));
#7814=FACE_OUTER_BOUND('',#7813,.F.);
#7816=CARTESIAN_POINT('',(-4.75E0,7.5E-1,4.E0));
#7817=DIRECTION('',(0.E0,0.E0,1.E0));
#7818=DIRECTION('',(0.E0,1.E0,0.E0));
#7819=AXIS2_PLACEMENT_3D('',#7816,#7817,#7818);
#7820=PLANE('',#7819);
#7821=ORIENTED_EDGE('',*,*,#7645,.F.);
#7822=ORIENTED_EDGE('',*,*,#7723,.T.);
#7823=ORIENTED_EDGE('',*,*,#7737,.T.);
#7824=ORIENTED_EDGE('',*,*,#7809,.F.);
#7825=EDGE_LOOP('',(#7821,#7822,#7823,#7824));
#7826=FACE_OUTER_BOUND('',#7825,.F.);
#7828=CARTESIAN_POINT('',(-4.75E0,-1.25E0,0.E0));
#7829=DIRECTION('',(0.E0,-1.E0,0.E0));
#7830=DIRECTION('',(0.E0,0.E0,1.E0));
#7831=AXIS2_PLACEMENT_3D('',#7828,#7829,#7830);
#7832=PLANE('',#7831);
#7833=ORIENTED_EDGE('',*,*,#7658,.F.);
#7834=ORIENTED_EDGE('',*,*,#6693,.T.);
#7835=ORIENTED_EDGE('',*,*,#7747,.T.);
#7837=ORIENTED_EDGE('',*,*,#7836,.F.);
#7838=EDGE_LOOP('',(#7833,#7834,#7835,#7837));
#7839=FACE_OUTER_BOUND('',#7838,.F.);
#7841=CARTESIAN_POINT('',(-4.75E0,-1.25E0,4.E0));
#7842=DIRECTION('',(0.E0,0.E0,1.E0));
#7843=DIRECTION('',(0.E0,1.E0,0.E0));
#7844=AXIS2_PLACEMENT_3D('',#7841,#7842,#7843);
#7845=PLANE('',#7844);
#7846=ORIENTED_EDGE('',*,*,#7660,.F.);
#7847=ORIENTED_EDGE('',*,*,#7836,.T.);
#7848=ORIENTED_EDGE('',*,*,#7752,.T.);
#7850=ORIENTED_EDGE('',*,*,#7849,.F.);
#7851=EDGE_LOOP('',(#7846,#7847,#7848,#7850));
#7852=FACE_OUTER_BOUND('',#7851,.F.);
#7854=CARTESIAN_POINT('',(-4.75E0,-7.5E-1,4.E0));
#7855=DIRECTION('',(0.E0,1.E0,0.E0));
#7856=DIRECTION('',(0.E0,0.E0,-1.E0));
#7857=AXIS2_PLACEMENT_3D('',#7854,#7855,#7856);
#7858=PLANE('',#7857);
#7859=ORIENTED_EDGE('',*,*,#7662,.F.);
#7860=ORIENTED_EDGE('',*,*,#7849,.T.);
#7861=ORIENTED_EDGE('',*,*,#7750,.T.);
#7862=ORIENTED_EDGE('',*,*,#6689,.F.);
#7863=EDGE_LOOP('',(#7859,#7860,#7861,#7862));
#7864=FACE_OUTER_BOUND('',#7863,.F.);
#7866=CARTESIAN_POINT('',(-4.75E0,-1.25E0,-1.45E0));
#7867=DIRECTION('',(0.E0,-1.E0,0.E0));
#7868=DIRECTION('',(0.E0,0.E0,1.E0));
#7869=AXIS2_PLACEMENT_3D('',#7866,#7867,#7868);
#7870=PLANE('',#7869);
#7871=ORIENTED_EDGE('',*,*,#7311,.F.);
#7872=ORIENTED_EDGE('',*,*,#7686,.F.);
#7874=ORIENTED_EDGE('',*,*,#7873,.T.);
#7875=ORIENTED_EDGE('',*,*,#7763,.T.);
#7876=EDGE_LOOP('',(#7871,#7872,#7874,#7875));
#7877=FACE_OUTER_BOUND('',#7876,.F.);
#7879=CARTESIAN_POINT('',(-4.75E0,-1.75E0,-1.45E0));
#7880=DIRECTION('',(-1.E0,0.E0,0.E0));
#7881=DIRECTION('',(0.E0,-1.E0,0.E0));
#7882=AXIS2_PLACEMENT_3D('',#7879,#7880,#7881);
#7883=CYLINDRICAL_SURFACE('',#7882,5.E-1);
#7884=ORIENTED_EDGE('',*,*,#7684,.F.);
#7886=ORIENTED_EDGE('',*,*,#7885,.T.);
#7887=ORIENTED_EDGE('',*,*,#7765,.T.);
#7888=ORIENTED_EDGE('',*,*,#7873,.F.);
#7889=EDGE_LOOP('',(#7884,#7886,#7887,#7888));
#7890=FACE_OUTER_BOUND('',#7889,.F.);
#7892=CARTESIAN_POINT('',(-4.75E0,-4.8E0,-1.95E0));
#7893=DIRECTION('',(0.E0,0.E0,1.E0));
#7894=DIRECTION('',(0.E0,1.E0,0.E0));
#7895=AXIS2_PLACEMENT_3D('',#7892,#7893,#7894);
#7896=PLANE('',#7895);
#7897=ORIENTED_EDGE('',*,*,#7682,.F.);
#7899=ORIENTED_EDGE('',*,*,#7898,.T.);
#7900=ORIENTED_EDGE('',*,*,#7767,.T.);
#7901=ORIENTED_EDGE('',*,*,#7885,.F.);
#7902=EDGE_LOOP('',(#7897,#7899,#7900,#7901));
#7903=FACE_OUTER_BOUND('',#7902,.F.);
#7905=CARTESIAN_POINT('',(-4.75E0,-4.8E0,-2.45E0));
#7906=DIRECTION('',(0.E0,-1.E0,0.E0));
#7907=DIRECTION('',(0.E0,0.E0,1.E0));
#7908=AXIS2_PLACEMENT_3D('',#7905,#7906,#7907);
#7909=PLANE('',#7908);
#7910=ORIENTED_EDGE('',*,*,#7680,.F.);
#7912=ORIENTED_EDGE('',*,*,#7911,.T.);
#7913=ORIENTED_EDGE('',*,*,#7769,.T.);
#7914=ORIENTED_EDGE('',*,*,#7898,.F.);
#7915=EDGE_LOOP('',(#7910,#7912,#7913,#7914));
#7916=FACE_OUTER_BOUND('',#7915,.F.);
#7918=CARTESIAN_POINT('',(-4.75E0,-1.75E0,-2.45E0));
#7919=DIRECTION('',(0.E0,0.E0,-1.E0));
#7920=DIRECTION('',(0.E0,-1.E0,0.E0));
#7921=AXIS2_PLACEMENT_3D('',#7918,#7919,#7920);
#7922=PLANE('',#7921);
#7923=ORIENTED_EDGE('',*,*,#7678,.F.);
#7925=ORIENTED_EDGE('',*,*,#7924,.T.);
#7926=ORIENTED_EDGE('',*,*,#7771,.T.);
#7927=ORIENTED_EDGE('',*,*,#7911,.F.);
#7928=EDGE_LOOP('',(#7923,#7925,#7926,#7927));
#7929=FACE_OUTER_BOUND('',#7928,.F.);
#7931=CARTESIAN_POINT('',(-4.75E0,-1.75E0,-1.45E0));
#7932=DIRECTION('',(-1.E0,0.E0,0.E0));
#7933=DIRECTION('',(0.E0,-1.E0,0.E0));
#7934=AXIS2_PLACEMENT_3D('',#7931,#7932,#7933);
#7935=CYLINDRICAL_SURFACE('',#7934,1.E0);
#7936=ORIENTED_EDGE('',*,*,#7676,.F.);
#7938=ORIENTED_EDGE('',*,*,#7937,.T.);
#7939=ORIENTED_EDGE('',*,*,#7773,.T.);
#7940=ORIENTED_EDGE('',*,*,#7924,.F.);
#7941=EDGE_LOOP('',(#7936,#7938,#7939,#7940));
#7942=FACE_OUTER_BOUND('',#7941,.F.);
#7944=CARTESIAN_POINT('',(-4.75E0,-7.5E-1,-1.15E0));
#7945=DIRECTION('',(0.E0,1.E0,0.E0));
#7946=DIRECTION('',(0.E0,0.E0,-1.E0));
#7947=AXIS2_PLACEMENT_3D('',#7944,#7945,#7946);
#7948=PLANE('',#7947);
#7949=ORIENTED_EDGE('',*,*,#7315,.T.);
#7950=ORIENTED_EDGE('',*,*,#7775,.T.);
#7951=ORIENTED_EDGE('',*,*,#7937,.F.);
#7952=ORIENTED_EDGE('',*,*,#7674,.F.);
#7953=EDGE_LOOP('',(#7949,#7950,#7951,#7952));
#7954=FACE_OUTER_BOUND('',#7953,.F.);
#7956=CARTESIAN_POINT('',(-4.75E0,7.5E-1,-3.45E0));
#7957=DIRECTION('',(0.E0,-1.E0,0.E0));
#7958=DIRECTION('',(0.E0,0.E0,1.E0));
#7959=AXIS2_PLACEMENT_3D('',#7956,#7957,#7958);
#7960=PLANE('',#7959);
#7961=ORIENTED_EDGE('',*,*,#7321,.F.);
#7962=ORIENTED_EDGE('',*,*,#7709,.F.);
#7964=ORIENTED_EDGE('',*,*,#7963,.T.);
#7965=ORIENTED_EDGE('',*,*,#7786,.T.);
#7966=EDGE_LOOP('',(#7961,#7962,#7964,#7965));
#7967=FACE_OUTER_BOUND('',#7966,.F.);
#7969=CARTESIAN_POINT('',(-4.75E0,2.5E-1,-3.45E0));
#7970=DIRECTION('',(-1.E0,0.E0,0.E0));
#7971=DIRECTION('',(0.E0,-1.E0,0.E0));
#7972=AXIS2_PLACEMENT_3D('',#7969,#7970,#7971);
#7973=CYLINDRICAL_SURFACE('',#7972,5.E-1);
#7974=ORIENTED_EDGE('',*,*,#7707,.F.);
#7976=ORIENTED_EDGE('',*,*,#7975,.T.);
#7977=ORIENTED_EDGE('',*,*,#7788,.T.);
#7978=ORIENTED_EDGE('',*,*,#7963,.F.);
#7979=EDGE_LOOP('',(#7974,#7976,#7977,#7978));
#7980=FACE_OUTER_BOUND('',#7979,.F.);
#7982=CARTESIAN_POINT('',(-4.75E0,-4.8E0,-3.95E0));
#7983=DIRECTION('',(0.E0,0.E0,1.E0));
#7984=DIRECTION('',(0.E0,1.E0,0.E0));
#7985=AXIS2_PLACEMENT_3D('',#7982,#7983,#7984);
#7986=PLANE('',#7985);
#7987=ORIENTED_EDGE('',*,*,#7705,.F.);
#7989=ORIENTED_EDGE('',*,*,#7988,.T.);
#7990=ORIENTED_EDGE('',*,*,#7790,.T.);
#7991=ORIENTED_EDGE('',*,*,#7975,.F.);
#7992=EDGE_LOOP('',(#7987,#7989,#7990,#7991));
#7993=FACE_OUTER_BOUND('',#7992,.F.);
#7995=CARTESIAN_POINT('',(-4.75E0,-4.8E0,-4.45E0));
#7996=DIRECTION('',(0.E0,-1.E0,0.E0));
#7997=DIRECTION('',(0.E0,0.E0,1.E0));
#7998=AXIS2_PLACEMENT_3D('',#7995,#7996,#7997);
#7999=PLANE('',#7998);
#8000=ORIENTED_EDGE('',*,*,#7703,.F.);
#8002=ORIENTED_EDGE('',*,*,#8001,.T.);
#8003=ORIENTED_EDGE('',*,*,#7792,.T.);
#8004=ORIENTED_EDGE('',*,*,#7988,.F.);
#8005=EDGE_LOOP('',(#8000,#8002,#8003,#8004));
#8006=FACE_OUTER_BOUND('',#8005,.F.);
#8008=CARTESIAN_POINT('',(-4.75E0,2.5E-1,-4.45E0));
#8009=DIRECTION('',(0.E0,0.E0,-1.E0));
#8010=DIRECTION('',(0.E0,-1.E0,0.E0));
#8011=AXIS2_PLACEMENT_3D('',#8008,#8009,#8010);
#8012=PLANE('',#8011);
#8013=ORIENTED_EDGE('',*,*,#7701,.F.);
#8015=ORIENTED_EDGE('',*,*,#8014,.T.);
#8016=ORIENTED_EDGE('',*,*,#7794,.T.);
#8017=ORIENTED_EDGE('',*,*,#8001,.F.);
#8018=EDGE_LOOP('',(#8013,#8015,#8016,#8017));
#8019=FACE_OUTER_BOUND('',#8018,.F.);
#8021=CARTESIAN_POINT('',(-4.75E0,2.5E-1,-3.45E0));
#8022=DIRECTION('',(-1.E0,0.E0,0.E0));
#8023=DIRECTION('',(0.E0,-1.E0,0.E0));
#8024=AXIS2_PLACEMENT_3D('',#8021,#8022,#8023);
#8025=CYLINDRICAL_SURFACE('',#8024,1.E0);
#8026=ORIENTED_EDGE('',*,*,#7699,.F.);
#8028=ORIENTED_EDGE('',*,*,#8027,.T.);
#8029=ORIENTED_EDGE('',*,*,#7796,.T.);
#8030=ORIENTED_EDGE('',*,*,#8014,.F.);
#8031=EDGE_LOOP('',(#8026,#8028,#8029,#8030));
#8032=FACE_OUTER_BOUND('',#8031,.F.);
#8034=CARTESIAN_POINT('',(-4.75E0,1.25E0,-1.15E0));
#8035=DIRECTION('',(0.E0,1.E0,0.E0));
#8036=DIRECTION('',(0.E0,0.E0,-1.E0));
#8037=AXIS2_PLACEMENT_3D('',#8034,#8035,#8036);
#8038=PLANE('',#8037);
#8039=ORIENTED_EDGE('',*,*,#7325,.T.);
#8040=ORIENTED_EDGE('',*,*,#7798,.T.);
#8041=ORIENTED_EDGE('',*,*,#8027,.F.);
#8042=ORIENTED_EDGE('',*,*,#7697,.F.);
#8043=EDGE_LOOP('',(#8039,#8040,#8041,#8042));
#8044=FACE_OUTER_BOUND('',#8043,.F.);
#8046=CARTESIAN_POINT('',(-2.75E0,0.E0,0.E0));
#8047=DIRECTION('',(-1.E0,0.E0,0.E0));
#8048=DIRECTION('',(0.E0,-1.E0,0.E0));
#8049=AXIS2_PLACEMENT_3D('',#8046,#8047,#8048);
#8050=PLANE('',#8049);
#8052=ORIENTED_EDGE('',*,*,#8051,.T.);
#8054=ORIENTED_EDGE('',*,*,#8053,.T.);
#8056=ORIENTED_EDGE('',*,*,#8055,.T.);
#8057=ORIENTED_EDGE('',*,*,#6733,.F.);
#8058=EDGE_LOOP('',(#8052,#8054,#8056,#8057));
#8059=FACE_OUTER_BOUND('',#8058,.F.);
#8061=CARTESIAN_POINT('',(-2.75E0,0.E0,0.E0));
#8062=DIRECTION('',(-1.E0,0.E0,0.E0));
#8063=DIRECTION('',(0.E0,-1.E0,0.E0));
#8064=AXIS2_PLACEMENT_3D('',#8061,#8062,#8063);
#8065=PLANE('',#8064);
#8067=ORIENTED_EDGE('',*,*,#8066,.T.);
#8069=ORIENTED_EDGE('',*,*,#8068,.T.);
#8071=ORIENTED_EDGE('',*,*,#8070,.T.);
#8072=ORIENTED_EDGE('',*,*,#6723,.F.);
#8073=EDGE_LOOP('',(#8067,#8069,#8071,#8072));
#8074=FACE_OUTER_BOUND('',#8073,.F.);
#8076=CARTESIAN_POINT('',(-2.75E0,0.E0,0.E0));
#8077=DIRECTION('',(-1.E0,0.E0,0.E0));
#8078=DIRECTION('',(0.E0,-1.E0,0.E0));
#8079=AXIS2_PLACEMENT_3D('',#8076,#8077,#8078);
#8080=PLANE('',#8079);
#8082=ORIENTED_EDGE('',*,*,#8081,.T.);
#8084=ORIENTED_EDGE('',*,*,#8083,.T.);
#8086=ORIENTED_EDGE('',*,*,#8085,.T.);
#8088=ORIENTED_EDGE('',*,*,#8087,.T.);
#8090=ORIENTED_EDGE('',*,*,#8089,.T.);
#8092=ORIENTED_EDGE('',*,*,#8091,.T.);
#8094=ORIENTED_EDGE('',*,*,#8093,.T.);
#8095=ORIENTED_EDGE('',*,*,#7339,.T.);
#8096=EDGE_LOOP('',(#8082,#8084,#8086,#8088,#8090,#8092,#8094,#8095));
#8097=FACE_OUTER_BOUND('',#8096,.F.);
#8099=CARTESIAN_POINT('',(-2.75E0,0.E0,0.E0));
#8100=DIRECTION('',(-1.E0,0.E0,0.E0));
#8101=DIRECTION('',(0.E0,-1.E0,0.E0));
#8102=AXIS2_PLACEMENT_3D('',#8099,#8100,#8101);
#8103=PLANE('',#8102);
#8105=ORIENTED_EDGE('',*,*,#8104,.T.);
#8107=ORIENTED_EDGE('',*,*,#8106,.T.);
#8109=ORIENTED_EDGE('',*,*,#8108,.T.);
#8111=ORIENTED_EDGE('',*,*,#8110,.T.);
#8113=ORIENTED_EDGE('',*,*,#8112,.T.);
#8115=ORIENTED_EDGE('',*,*,#8114,.T.);
#8117=ORIENTED_EDGE('',*,*,#8116,.T.);
#8118=ORIENTED_EDGE('',*,*,#7329,.T.);
#8119=EDGE_LOOP('',(#8105,#8107,#8109,#8111,#8113,#8115,#8117,#8118));
#8120=FACE_OUTER_BOUND('',#8119,.F.);
#8122=CARTESIAN_POINT('',(-2.75E0,7.5E-1,0.E0));
#8123=DIRECTION('',(0.E0,-1.E0,0.E0));
#8124=DIRECTION('',(0.E0,0.E0,1.E0));
#8125=AXIS2_PLACEMENT_3D('',#8122,#8123,#8124);
#8126=PLANE('',#8125);
#8127=ORIENTED_EDGE('',*,*,#8051,.F.);
#8128=ORIENTED_EDGE('',*,*,#6739,.T.);
#8130=ORIENTED_EDGE('',*,*,#8129,.T.);
#8132=ORIENTED_EDGE('',*,*,#8131,.F.);
#8133=EDGE_LOOP('',(#8127,#8128,#8130,#8132));
#8134=FACE_OUTER_BOUND('',#8133,.F.);
#8136=CARTESIAN_POINT('',(-3.25E0,0.E0,0.E0));
#8137=DIRECTION('',(-1.E0,0.E0,0.E0));
#8138=DIRECTION('',(0.E0,-1.E0,0.E0));
#8139=AXIS2_PLACEMENT_3D('',#8136,#8137,#8138);
#8140=PLANE('',#8139);
#8141=ORIENTED_EDGE('',*,*,#8129,.F.);
#8142=ORIENTED_EDGE('',*,*,#6737,.T.);
#8144=ORIENTED_EDGE('',*,*,#8143,.F.);
#8146=ORIENTED_EDGE('',*,*,#8145,.F.);
#8147=EDGE_LOOP('',(#8141,#8142,#8144,#8146));
#8148=FACE_OUTER_BOUND('',#8147,.F.);
#8150=CARTESIAN_POINT('',(-3.25E0,0.E0,0.E0));
#8151=DIRECTION('',(-1.E0,0.E0,0.E0));
#8152=DIRECTION('',(0.E0,-1.E0,0.E0));
#8153=AXIS2_PLACEMENT_3D('',#8150,#8151,#8152);
#8154=PLANE('',#8153);
#8156=ORIENTED_EDGE('',*,*,#8155,.F.);
#8157=ORIENTED_EDGE('',*,*,#6727,.T.);
#8159=ORIENTED_EDGE('',*,*,#8158,.F.);
#8161=ORIENTED_EDGE('',*,*,#8160,.F.);
#8162=EDGE_LOOP('',(#8156,#8157,#8159,#8161));
#8163=FACE_OUTER_BOUND('',#8162,.F.);
#8165=CARTESIAN_POINT('',(-3.25E0,0.E0,0.E0));
#8166=DIRECTION('',(-1.E0,0.E0,0.E0));
#8167=DIRECTION('',(0.E0,-1.E0,0.E0));
#8168=AXIS2_PLACEMENT_3D('',#8165,#8166,#8167);
#8169=PLANE('',#8168);
#8171=ORIENTED_EDGE('',*,*,#8170,.F.);
#8172=ORIENTED_EDGE('',*,*,#7343,.F.);
#8174=ORIENTED_EDGE('',*,*,#8173,.F.);
#8176=ORIENTED_EDGE('',*,*,#8175,.F.);
#8178=ORIENTED_EDGE('',*,*,#8177,.F.);
#8180=ORIENTED_EDGE('',*,*,#8179,.F.);
#8182=ORIENTED_EDGE('',*,*,#8181,.F.);
#8184=ORIENTED_EDGE('',*,*,#8183,.F.);
#8185=EDGE_LOOP('',(#8171,#8172,#8174,#8176,#8178,#8180,#8182,#8184));
#8186=FACE_OUTER_BOUND('',#8185,.F.);
#8188=CARTESIAN_POINT('',(-3.25E0,0.E0,0.E0));
#8189=DIRECTION('',(-1.E0,0.E0,0.E0));
#8190=DIRECTION('',(0.E0,-1.E0,0.E0));
#8191=AXIS2_PLACEMENT_3D('',#8188,#8189,#8190);
#8192=PLANE('',#8191);
#8194=ORIENTED_EDGE('',*,*,#8193,.F.);
#8195=ORIENTED_EDGE('',*,*,#7333,.F.);
#8197=ORIENTED_EDGE('',*,*,#8196,.F.);
#8199=ORIENTED_EDGE('',*,*,#8198,.F.);
#8201=ORIENTED_EDGE('',*,*,#8200,.F.);
#8203=ORIENTED_EDGE('',*,*,#8202,.F.);
#8205=ORIENTED_EDGE('',*,*,#8204,.F.);
#8207=ORIENTED_EDGE('',*,*,#8206,.F.);
#8208=EDGE_LOOP('',(#8194,#8195,#8197,#8199,#8201,#8203,#8205,#8207));
#8209=FACE_OUTER_BOUND('',#8208,.F.);
#8211=CARTESIAN_POINT('',(-2.75E0,1.25E0,4.E0));
#8212=DIRECTION('',(0.E0,1.E0,0.E0));
#8213=DIRECTION('',(0.E0,0.E0,-1.E0));
#8214=AXIS2_PLACEMENT_3D('',#8211,#8212,#8213);
#8215=PLANE('',#8214);
#8216=ORIENTED_EDGE('',*,*,#8055,.F.);
#8218=ORIENTED_EDGE('',*,*,#8217,.T.);
#8219=ORIENTED_EDGE('',*,*,#8143,.T.);
#8220=ORIENTED_EDGE('',*,*,#6735,.F.);
#8221=EDGE_LOOP('',(#8216,#8218,#8219,#8220));
#8222=FACE_OUTER_BOUND('',#8221,.F.);
#8224=CARTESIAN_POINT('',(-2.75E0,7.5E-1,4.E0));
#8225=DIRECTION('',(0.E0,0.E0,1.E0));
#8226=DIRECTION('',(0.E0,1.E0,0.E0));
#8227=AXIS2_PLACEMENT_3D('',#8224,#8225,#8226);
#8228=PLANE('',#8227);
#8229=ORIENTED_EDGE('',*,*,#8053,.F.);
#8230=ORIENTED_EDGE('',*,*,#8131,.T.);
#8231=ORIENTED_EDGE('',*,*,#8145,.T.);
#8232=ORIENTED_EDGE('',*,*,#8217,.F.);
#8233=EDGE_LOOP('',(#8229,#8230,#8231,#8232));
#8234=FACE_OUTER_BOUND('',#8233,.F.);
#8236=CARTESIAN_POINT('',(-2.75E0,-1.25E0,0.E0));
#8237=DIRECTION('',(0.E0,-1.E0,0.E0));
#8238=DIRECTION('',(0.E0,0.E0,1.E0));
#8239=AXIS2_PLACEMENT_3D('',#8236,#8237,#8238);
#8240=PLANE('',#8239);
#8241=ORIENTED_EDGE('',*,*,#8066,.F.);
#8242=ORIENTED_EDGE('',*,*,#6729,.T.);
#8243=ORIENTED_EDGE('',*,*,#8155,.T.);
#8245=ORIENTED_EDGE('',*,*,#8244,.F.);
#8246=EDGE_LOOP('',(#8241,#8242,#8243,#8245));
#8247=FACE_OUTER_BOUND('',#8246,.F.);
#8249=CARTESIAN_POINT('',(-2.75E0,-1.25E0,4.E0));
#8250=DIRECTION('',(0.E0,0.E0,1.E0));
#8251=DIRECTION('',(0.E0,1.E0,0.E0));
#8252=AXIS2_PLACEMENT_3D('',#8249,#8250,#8251);
#8253=PLANE('',#8252);
#8254=ORIENTED_EDGE('',*,*,#8068,.F.);
#8255=ORIENTED_EDGE('',*,*,#8244,.T.);
#8256=ORIENTED_EDGE('',*,*,#8160,.T.);
#8258=ORIENTED_EDGE('',*,*,#8257,.F.);
#8259=EDGE_LOOP('',(#8254,#8255,#8256,#8258));
#8260=FACE_OUTER_BOUND('',#8259,.F.);
#8262=CARTESIAN_POINT('',(-2.75E0,-7.5E-1,4.E0));
#8263=DIRECTION('',(0.E0,1.E0,0.E0));
#8264=DIRECTION('',(0.E0,0.E0,-1.E0));
#8265=AXIS2_PLACEMENT_3D('',#8262,#8263,#8264);
#8266=PLANE('',#8265);
#8267=ORIENTED_EDGE('',*,*,#8070,.F.);
#8268=ORIENTED_EDGE('',*,*,#8257,.T.);
#8269=ORIENTED_EDGE('',*,*,#8158,.T.);
#8270=ORIENTED_EDGE('',*,*,#6725,.F.);
#8271=EDGE_LOOP('',(#8267,#8268,#8269,#8270));
#8272=FACE_OUTER_BOUND('',#8271,.F.);
#8274=CARTESIAN_POINT('',(-2.75E0,1.25E0,-1.15E0));
#8275=DIRECTION('',(0.E0,1.E0,0.E0));
#8276=DIRECTION('',(0.E0,0.E0,-1.E0));
#8277=AXIS2_PLACEMENT_3D('',#8274,#8275,#8276);
#8278=PLANE('',#8277);
#8279=ORIENTED_EDGE('',*,*,#8081,.F.);
#8280=ORIENTED_EDGE('',*,*,#7345,.T.);
#8281=ORIENTED_EDGE('',*,*,#8170,.T.);
#8283=ORIENTED_EDGE('',*,*,#8282,.F.);
#8284=EDGE_LOOP('',(#8279,#8280,#8281,#8283));
#8285=FACE_OUTER_BOUND('',#8284,.F.);
#8287=CARTESIAN_POINT('',(-2.75E0,2.5E-1,-3.45E0));
#8288=DIRECTION('',(-1.E0,0.E0,0.E0));
#8289=DIRECTION('',(0.E0,-1.E0,0.E0));
#8290=AXIS2_PLACEMENT_3D('',#8287,#8288,#8289);
#8291=CYLINDRICAL_SURFACE('',#8290,1.E0);
#8292=ORIENTED_EDGE('',*,*,#8083,.F.);
#8293=ORIENTED_EDGE('',*,*,#8282,.T.);
#8294=ORIENTED_EDGE('',*,*,#8183,.T.);
#8296=ORIENTED_EDGE('',*,*,#8295,.F.);
#8297=EDGE_LOOP('',(#8292,#8293,#8294,#8296));
#8298=FACE_OUTER_BOUND('',#8297,.F.);
#8300=CARTESIAN_POINT('',(-2.75E0,2.5E-1,-4.45E0));
#8301=DIRECTION('',(0.E0,0.E0,-1.E0));
#8302=DIRECTION('',(0.E0,-1.E0,0.E0));
#8303=AXIS2_PLACEMENT_3D('',#8300,#8301,#8302);
#8304=PLANE('',#8303);
#8305=ORIENTED_EDGE('',*,*,#8085,.F.);
#8306=ORIENTED_EDGE('',*,*,#8295,.T.);
#8307=ORIENTED_EDGE('',*,*,#8181,.T.);
#8309=ORIENTED_EDGE('',*,*,#8308,.F.);
#8310=EDGE_LOOP('',(#8305,#8306,#8307,#8309));
#8311=FACE_OUTER_BOUND('',#8310,.F.);
#8313=CARTESIAN_POINT('',(-2.75E0,-4.8E0,-4.45E0));
#8314=DIRECTION('',(0.E0,-1.E0,0.E0));
#8315=DIRECTION('',(0.E0,0.E0,1.E0));
#8316=AXIS2_PLACEMENT_3D('',#8313,#8314,#8315);
#8317=PLANE('',#8316);
#8318=ORIENTED_EDGE('',*,*,#8087,.F.);
#8319=ORIENTED_EDGE('',*,*,#8308,.T.);
#8320=ORIENTED_EDGE('',*,*,#8179,.T.);
#8322=ORIENTED_EDGE('',*,*,#8321,.F.);
#8323=EDGE_LOOP('',(#8318,#8319,#8320,#8322));
#8324=FACE_OUTER_BOUND('',#8323,.F.);
#8326=CARTESIAN_POINT('',(-2.75E0,-4.8E0,-3.95E0));
#8327=DIRECTION('',(0.E0,0.E0,1.E0));
#8328=DIRECTION('',(0.E0,1.E0,0.E0));
#8329=AXIS2_PLACEMENT_3D('',#8326,#8327,#8328);
#8330=PLANE('',#8329);
#8331=ORIENTED_EDGE('',*,*,#8089,.F.);
#8332=ORIENTED_EDGE('',*,*,#8321,.T.);
#8333=ORIENTED_EDGE('',*,*,#8177,.T.);
#8335=ORIENTED_EDGE('',*,*,#8334,.F.);
#8336=EDGE_LOOP('',(#8331,#8332,#8333,#8335));
#8337=FACE_OUTER_BOUND('',#8336,.F.);
#8339=CARTESIAN_POINT('',(-2.75E0,2.5E-1,-3.45E0));
#8340=DIRECTION('',(-1.E0,0.E0,0.E0));
#8341=DIRECTION('',(0.E0,-1.E0,0.E0));
#8342=AXIS2_PLACEMENT_3D('',#8339,#8340,#8341);
#8343=CYLINDRICAL_SURFACE('',#8342,5.E-1);
#8344=ORIENTED_EDGE('',*,*,#8091,.F.);
#8345=ORIENTED_EDGE('',*,*,#8334,.T.);
#8346=ORIENTED_EDGE('',*,*,#8175,.T.);
#8348=ORIENTED_EDGE('',*,*,#8347,.F.);
#8349=EDGE_LOOP('',(#8344,#8345,#8346,#8348));
#8350=FACE_OUTER_BOUND('',#8349,.F.);
#8352=CARTESIAN_POINT('',(-2.75E0,7.5E-1,-3.45E0));
#8353=DIRECTION('',(0.E0,-1.E0,0.E0));
#8354=DIRECTION('',(0.E0,0.E0,1.E0));
#8355=AXIS2_PLACEMENT_3D('',#8352,#8353,#8354);
#8356=PLANE('',#8355);
#8357=ORIENTED_EDGE('',*,*,#8093,.F.);
#8358=ORIENTED_EDGE('',*,*,#8347,.T.);
#8359=ORIENTED_EDGE('',*,*,#8173,.T.);
#8360=ORIENTED_EDGE('',*,*,#7341,.F.);
#8361=EDGE_LOOP('',(#8357,#8358,#8359,#8360));
#8362=FACE_OUTER_BOUND('',#8361,.F.);
#8364=CARTESIAN_POINT('',(-2.75E0,-7.5E-1,-1.15E0));
#8365=DIRECTION('',(0.E0,1.E0,0.E0));
#8366=DIRECTION('',(0.E0,0.E0,-1.E0));
#8367=AXIS2_PLACEMENT_3D('',#8364,#8365,#8366);
#8368=PLANE('',#8367);
#8369=ORIENTED_EDGE('',*,*,#8104,.F.);
#8370=ORIENTED_EDGE('',*,*,#7335,.T.);
#8371=ORIENTED_EDGE('',*,*,#8193,.T.);
#8373=ORIENTED_EDGE('',*,*,#8372,.F.);
#8374=EDGE_LOOP('',(#8369,#8370,#8371,#8373));
#8375=FACE_OUTER_BOUND('',#8374,.F.);
#8377=CARTESIAN_POINT('',(-2.75E0,-1.75E0,-1.45E0));
#8378=DIRECTION('',(-1.E0,0.E0,0.E0));
#8379=DIRECTION('',(0.E0,-1.E0,0.E0));
#8380=AXIS2_PLACEMENT_3D('',#8377,#8378,#8379);
#8381=CYLINDRICAL_SURFACE('',#8380,1.E0);
#8382=ORIENTED_EDGE('',*,*,#8106,.F.);
#8383=ORIENTED_EDGE('',*,*,#8372,.T.);
#8384=ORIENTED_EDGE('',*,*,#8206,.T.);
#8386=ORIENTED_EDGE('',*,*,#8385,.F.);
#8387=EDGE_LOOP('',(#8382,#8383,#8384,#8386));
#8388=FACE_OUTER_BOUND('',#8387,.F.);
#8390=CARTESIAN_POINT('',(-2.75E0,-1.75E0,-2.45E0));
#8391=DIRECTION('',(0.E0,0.E0,-1.E0));
#8392=DIRECTION('',(0.E0,-1.E0,0.E0));
#8393=AXIS2_PLACEMENT_3D('',#8390,#8391,#8392);
#8394=PLANE('',#8393);
#8395=ORIENTED_EDGE('',*,*,#8108,.F.);
#8396=ORIENTED_EDGE('',*,*,#8385,.T.);
#8397=ORIENTED_EDGE('',*,*,#8204,.T.);
#8399=ORIENTED_EDGE('',*,*,#8398,.F.);
#8400=EDGE_LOOP('',(#8395,#8396,#8397,#8399));
#8401=FACE_OUTER_BOUND('',#8400,.F.);
#8403=CARTESIAN_POINT('',(-2.75E0,-4.8E0,-2.45E0));
#8404=DIRECTION('',(0.E0,-1.E0,0.E0));
#8405=DIRECTION('',(0.E0,0.E0,1.E0));
#8406=AXIS2_PLACEMENT_3D('',#8403,#8404,#8405);
#8407=PLANE('',#8406);
#8408=ORIENTED_EDGE('',*,*,#8110,.F.);
#8409=ORIENTED_EDGE('',*,*,#8398,.T.);
#8410=ORIENTED_EDGE('',*,*,#8202,.T.);
#8412=ORIENTED_EDGE('',*,*,#8411,.F.);
#8413=EDGE_LOOP('',(#8408,#8409,#8410,#8412));
#8414=FACE_OUTER_BOUND('',#8413,.F.);
#8416=CARTESIAN_POINT('',(-2.75E0,-4.8E0,-1.95E0));
#8417=DIRECTION('',(0.E0,0.E0,1.E0));
#8418=DIRECTION('',(0.E0,1.E0,0.E0));
#8419=AXIS2_PLACEMENT_3D('',#8416,#8417,#8418);
#8420=PLANE('',#8419);
#8421=ORIENTED_EDGE('',*,*,#8112,.F.);
#8422=ORIENTED_EDGE('',*,*,#8411,.T.);
#8423=ORIENTED_EDGE('',*,*,#8200,.T.);
#8425=ORIENTED_EDGE('',*,*,#8424,.F.);
#8426=EDGE_LOOP('',(#8421,#8422,#8423,#8425));
#8427=FACE_OUTER_BOUND('',#8426,.F.);
#8429=CARTESIAN_POINT('',(-2.75E0,-1.75E0,-1.45E0));
#8430=DIRECTION('',(-1.E0,0.E0,0.E0));
#8431=DIRECTION('',(0.E0,-1.E0,0.E0));
#8432=AXIS2_PLACEMENT_3D('',#8429,#8430,#8431);
#8433=CYLINDRICAL_SURFACE('',#8432,5.E-1);
#8434=ORIENTED_EDGE('',*,*,#8114,.F.);
#8435=ORIENTED_EDGE('',*,*,#8424,.T.);
#8436=ORIENTED_EDGE('',*,*,#8198,.T.);
#8438=ORIENTED_EDGE('',*,*,#8437,.F.);
#8439=EDGE_LOOP('',(#8434,#8435,#8436,#8438));
#8440=FACE_OUTER_BOUND('',#8439,.F.);
#8442=CARTESIAN_POINT('',(-2.75E0,-1.25E0,-1.45E0));
#8443=DIRECTION('',(0.E0,-1.E0,0.E0));
#8444=DIRECTION('',(0.E0,0.E0,1.E0));
#8445=AXIS2_PLACEMENT_3D('',#8442,#8443,#8444);
#8446=PLANE('',#8445);
#8447=ORIENTED_EDGE('',*,*,#8116,.F.);
#8448=ORIENTED_EDGE('',*,*,#8437,.T.);
#8449=ORIENTED_EDGE('',*,*,#8196,.T.);
#8450=ORIENTED_EDGE('',*,*,#7331,.F.);
#8451=EDGE_LOOP('',(#8447,#8448,#8449,#8450));
#8452=FACE_OUTER_BOUND('',#8451,.F.);
#8454=CARTESIAN_POINT('',(-7.5E-1,0.E0,0.E0));
#8455=DIRECTION('',(-1.E0,0.E0,0.E0));
#8456=DIRECTION('',(0.E0,-1.E0,0.E0));
#8457=AXIS2_PLACEMENT_3D('',#8454,#8455,#8456);
#8458=PLANE('',#8457);
#8460=ORIENTED_EDGE('',*,*,#8459,.T.);
#8462=ORIENTED_EDGE('',*,*,#8461,.T.);
#8464=ORIENTED_EDGE('',*,*,#8463,.T.);
#8465=ORIENTED_EDGE('',*,*,#6769,.F.);
#8466=EDGE_LOOP('',(#8460,#8462,#8464,#8465));
#8467=FACE_OUTER_BOUND('',#8466,.F.);
#8469=CARTESIAN_POINT('',(-7.5E-1,0.E0,0.E0));
#8470=DIRECTION('',(-1.E0,0.E0,0.E0));
#8471=DIRECTION('',(0.E0,-1.E0,0.E0));
#8472=AXIS2_PLACEMENT_3D('',#8469,#8470,#8471);
#8473=PLANE('',#8472);
#8475=ORIENTED_EDGE('',*,*,#8474,.T.);
#8477=ORIENTED_EDGE('',*,*,#8476,.T.);
#8479=ORIENTED_EDGE('',*,*,#8478,.T.);
#8480=ORIENTED_EDGE('',*,*,#6759,.F.);
#8481=EDGE_LOOP('',(#8475,#8477,#8479,#8480));
#8482=FACE_OUTER_BOUND('',#8481,.F.);
#8484=CARTESIAN_POINT('',(-7.5E-1,0.E0,0.E0));
#8485=DIRECTION('',(-1.E0,0.E0,0.E0));
#8486=DIRECTION('',(0.E0,-1.E0,0.E0));
#8487=AXIS2_PLACEMENT_3D('',#8484,#8485,#8486);
#8488=PLANE('',#8487);
#8490=ORIENTED_EDGE('',*,*,#8489,.T.);
#8492=ORIENTED_EDGE('',*,*,#8491,.T.);
#8494=ORIENTED_EDGE('',*,*,#8493,.T.);
#8496=ORIENTED_EDGE('',*,*,#8495,.T.);
#8498=ORIENTED_EDGE('',*,*,#8497,.T.);
#8500=ORIENTED_EDGE('',*,*,#8499,.T.);
#8502=ORIENTED_EDGE('',*,*,#8501,.T.);
#8503=ORIENTED_EDGE('',*,*,#7359,.T.);
#8504=EDGE_LOOP('',(#8490,#8492,#8494,#8496,#8498,#8500,#8502,#8503));
#8505=FACE_OUTER_BOUND('',#8504,.F.);
#8507=CARTESIAN_POINT('',(-7.5E-1,0.E0,0.E0));
#8508=DIRECTION('',(-1.E0,0.E0,0.E0));
#8509=DIRECTION('',(0.E0,-1.E0,0.E0));
#8510=AXIS2_PLACEMENT_3D('',#8507,#8508,#8509);
#8511=PLANE('',#8510);
#8513=ORIENTED_EDGE('',*,*,#8512,.T.);
#8515=ORIENTED_EDGE('',*,*,#8514,.T.);
#8517=ORIENTED_EDGE('',*,*,#8516,.T.);
#8519=ORIENTED_EDGE('',*,*,#8518,.T.);
#8521=ORIENTED_EDGE('',*,*,#8520,.T.);
#8523=ORIENTED_EDGE('',*,*,#8522,.T.);
#8525=ORIENTED_EDGE('',*,*,#8524,.T.);
#8526=ORIENTED_EDGE('',*,*,#7349,.T.);
#8527=EDGE_LOOP('',(#8513,#8515,#8517,#8519,#8521,#8523,#8525,#8526));
#8528=FACE_OUTER_BOUND('',#8527,.F.);
#8530=CARTESIAN_POINT('',(-7.5E-1,7.5E-1,0.E0));
#8531=DIRECTION('',(0.E0,-1.E0,0.E0));
#8532=DIRECTION('',(0.E0,0.E0,1.E0));
#8533=AXIS2_PLACEMENT_3D('',#8530,#8531,#8532);
#8534=PLANE('',#8533);
#8535=ORIENTED_EDGE('',*,*,#8459,.F.);
#8536=ORIENTED_EDGE('',*,*,#6775,.T.);
#8538=ORIENTED_EDGE('',*,*,#8537,.T.);
#8540=ORIENTED_EDGE('',*,*,#8539,.F.);
#8541=EDGE_LOOP('',(#8535,#8536,#8538,#8540));
#8542=FACE_OUTER_BOUND('',#8541,.F.);
#8544=CARTESIAN_POINT('',(-1.25E0,0.E0,0.E0));
#8545=DIRECTION('',(-1.E0,0.E0,0.E0));
#8546=DIRECTION('',(0.E0,-1.E0,0.E0));
#8547=AXIS2_PLACEMENT_3D('',#8544,#8545,#8546);
#8548=PLANE('',#8547);
#8549=ORIENTED_EDGE('',*,*,#8537,.F.);
#8550=ORIENTED_EDGE('',*,*,#6773,.T.);
#8552=ORIENTED_EDGE('',*,*,#8551,.F.);
#8554=ORIENTED_EDGE('',*,*,#8553,.F.);
#8555=EDGE_LOOP('',(#8549,#8550,#8552,#8554));
#8556=FACE_OUTER_BOUND('',#8555,.F.);
#8558=CARTESIAN_POINT('',(-1.25E0,0.E0,0.E0));
#8559=DIRECTION('',(-1.E0,0.E0,0.E0));
#8560=DIRECTION('',(0.E0,-1.E0,0.E0));
#8561=AXIS2_PLACEMENT_3D('',#8558,#8559,#8560);
#8562=PLANE('',#8561);
#8564=ORIENTED_EDGE('',*,*,#8563,.F.);
#8565=ORIENTED_EDGE('',*,*,#6763,.T.);
#8567=ORIENTED_EDGE('',*,*,#8566,.F.);
#8569=ORIENTED_EDGE('',*,*,#8568,.F.);
#8570=EDGE_LOOP('',(#8564,#8565,#8567,#8569));
#8571=FACE_OUTER_BOUND('',#8570,.F.);
#8573=CARTESIAN_POINT('',(-1.25E0,0.E0,0.E0));
#8574=DIRECTION('',(-1.E0,0.E0,0.E0));
#8575=DIRECTION('',(0.E0,-1.E0,0.E0));
#8576=AXIS2_PLACEMENT_3D('',#8573,#8574,#8575);
#8577=PLANE('',#8576);
#8579=ORIENTED_EDGE('',*,*,#8578,.F.);
#8580=ORIENTED_EDGE('',*,*,#7363,.F.);
#8582=ORIENTED_EDGE('',*,*,#8581,.F.);
#8584=ORIENTED_EDGE('',*,*,#8583,.F.);
#8586=ORIENTED_EDGE('',*,*,#8585,.F.);
#8588=ORIENTED_EDGE('',*,*,#8587,.F.);
#8590=ORIENTED_EDGE('',*,*,#8589,.F.);
#8592=ORIENTED_EDGE('',*,*,#8591,.F.);
#8593=EDGE_LOOP('',(#8579,#8580,#8582,#8584,#8586,#8588,#8590,#8592));
#8594=FACE_OUTER_BOUND('',#8593,.F.);
#8596=CARTESIAN_POINT('',(-1.25E0,0.E0,0.E0));
#8597=DIRECTION('',(-1.E0,0.E0,0.E0));
#8598=DIRECTION('',(0.E0,-1.E0,0.E0));
#8599=AXIS2_PLACEMENT_3D('',#8596,#8597,#8598);
#8600=PLANE('',#8599);
#8602=ORIENTED_EDGE('',*,*,#8601,.F.);
#8603=ORIENTED_EDGE('',*,*,#7353,.F.);
#8605=ORIENTED_EDGE('',*,*,#8604,.F.);
#8607=ORIENTED_EDGE('',*,*,#8606,.F.);
#8609=ORIENTED_EDGE('',*,*,#8608,.F.);
#8611=ORIENTED_EDGE('',*,*,#8610,.F.);
#8613=ORIENTED_EDGE('',*,*,#8612,.F.);
#8615=ORIENTED_EDGE('',*,*,#8614,.F.);
#8616=EDGE_LOOP('',(#8602,#8603,#8605,#8607,#8609,#8611,#8613,#8615));
#8617=FACE_OUTER_BOUND('',#8616,.F.);
#8619=CARTESIAN_POINT('',(-7.5E-1,1.25E0,4.E0));
#8620=DIRECTION('',(0.E0,1.E0,0.E0));
#8621=DIRECTION('',(0.E0,0.E0,-1.E0));
#8622=AXIS2_PLACEMENT_3D('',#8619,#8620,#8621);
#8623=PLANE('',#8622);
#8624=ORIENTED_EDGE('',*,*,#8463,.F.);
#8626=ORIENTED_EDGE('',*,*,#8625,.T.);
#8627=ORIENTED_EDGE('',*,*,#8551,.T.);
#8628=ORIENTED_EDGE('',*,*,#6771,.F.);
#8629=EDGE_LOOP('',(#8624,#8626,#8627,#8628));
#8630=FACE_OUTER_BOUND('',#8629,.F.);
#8632=CARTESIAN_POINT('',(-7.5E-1,7.5E-1,4.E0));
#8633=DIRECTION('',(0.E0,0.E0,1.E0));
#8634=DIRECTION('',(0.E0,1.E0,0.E0));
#8635=AXIS2_PLACEMENT_3D('',#8632,#8633,#8634);
#8636=PLANE('',#8635);
#8637=ORIENTED_EDGE('',*,*,#8461,.F.);
#8638=ORIENTED_EDGE('',*,*,#8539,.T.);
#8639=ORIENTED_EDGE('',*,*,#8553,.T.);
#8640=ORIENTED_EDGE('',*,*,#8625,.F.);
#8641=EDGE_LOOP('',(#8637,#8638,#8639,#8640));
#8642=FACE_OUTER_BOUND('',#8641,.F.);
#8644=CARTESIAN_POINT('',(-7.5E-1,-1.25E0,0.E0));
#8645=DIRECTION('',(0.E0,-1.E0,0.E0));
#8646=DIRECTION('',(0.E0,0.E0,1.E0));
#8647=AXIS2_PLACEMENT_3D('',#8644,#8645,#8646);
#8648=PLANE('',#8647);
#8649=ORIENTED_EDGE('',*,*,#8474,.F.);
#8650=ORIENTED_EDGE('',*,*,#6765,.T.);
#8651=ORIENTED_EDGE('',*,*,#8563,.T.);
#8653=ORIENTED_EDGE('',*,*,#8652,.F.);
#8654=EDGE_LOOP('',(#8649,#8650,#8651,#8653));
#8655=FACE_OUTER_BOUND('',#8654,.F.);
#8657=CARTESIAN_POINT('',(-7.5E-1,-1.25E0,4.E0));
#8658=DIRECTION('',(0.E0,0.E0,1.E0));
#8659=DIRECTION('',(0.E0,1.E0,0.E0));
#8660=AXIS2_PLACEMENT_3D('',#8657,#8658,#8659);
#8661=PLANE('',#8660);
#8662=ORIENTED_EDGE('',*,*,#8476,.F.);
#8663=ORIENTED_EDGE('',*,*,#8652,.T.);
#8664=ORIENTED_EDGE('',*,*,#8568,.T.);
#8666=ORIENTED_EDGE('',*,*,#8665,.F.);
#8667=EDGE_LOOP('',(#8662,#8663,#8664,#8666));
#8668=FACE_OUTER_BOUND('',#8667,.F.);
#8670=CARTESIAN_POINT('',(-7.5E-1,-7.5E-1,4.E0));
#8671=DIRECTION('',(0.E0,1.E0,0.E0));
#8672=DIRECTION('',(0.E0,0.E0,-1.E0));
#8673=AXIS2_PLACEMENT_3D('',#8670,#8671,#8672);
#8674=PLANE('',#8673);
#8675=ORIENTED_EDGE('',*,*,#8478,.F.);
#8676=ORIENTED_EDGE('',*,*,#8665,.T.);
#8677=ORIENTED_EDGE('',*,*,#8566,.T.);
#8678=ORIENTED_EDGE('',*,*,#6761,.F.);
#8679=EDGE_LOOP('',(#8675,#8676,#8677,#8678));
#8680=FACE_OUTER_BOUND('',#8679,.F.);
#8682=CARTESIAN_POINT('',(-7.5E-1,1.25E0,-1.15E0));
#8683=DIRECTION('',(0.E0,1.E0,0.E0));
#8684=DIRECTION('',(0.E0,0.E0,-1.E0));
#8685=AXIS2_PLACEMENT_3D('',#8682,#8683,#8684);
#8686=PLANE('',#8685);
#8687=ORIENTED_EDGE('',*,*,#8489,.F.);
#8688=ORIENTED_EDGE('',*,*,#7365,.T.);
#8689=ORIENTED_EDGE('',*,*,#8578,.T.);
#8691=ORIENTED_EDGE('',*,*,#8690,.F.);
#8692=EDGE_LOOP('',(#8687,#8688,#8689,#8691));
#8693=FACE_OUTER_BOUND('',#8692,.F.);
#8695=CARTESIAN_POINT('',(-7.5E-1,2.5E-1,-3.45E0));
#8696=DIRECTION('',(-1.E0,0.E0,0.E0));
#8697=DIRECTION('',(0.E0,-1.E0,0.E0));
#8698=AXIS2_PLACEMENT_3D('',#8695,#8696,#8697);
#8699=CYLINDRICAL_SURFACE('',#8698,1.E0);
#8700=ORIENTED_EDGE('',*,*,#8491,.F.);
#8701=ORIENTED_EDGE('',*,*,#8690,.T.);
#8702=ORIENTED_EDGE('',*,*,#8591,.T.);
#8704=ORIENTED_EDGE('',*,*,#8703,.F.);
#8705=EDGE_LOOP('',(#8700,#8701,#8702,#8704));
#8706=FACE_OUTER_BOUND('',#8705,.F.);
#8708=CARTESIAN_POINT('',(-7.5E-1,2.5E-1,-4.45E0));
#8709=DIRECTION('',(0.E0,0.E0,-1.E0));
#8710=DIRECTION('',(0.E0,-1.E0,0.E0));
#8711=AXIS2_PLACEMENT_3D('',#8708,#8709,#8710);
#8712=PLANE('',#8711);
#8713=ORIENTED_EDGE('',*,*,#8493,.F.);
#8714=ORIENTED_EDGE('',*,*,#8703,.T.);
#8715=ORIENTED_EDGE('',*,*,#8589,.T.);
#8717=ORIENTED_EDGE('',*,*,#8716,.F.);
#8718=EDGE_LOOP('',(#8713,#8714,#8715,#8717));
#8719=FACE_OUTER_BOUND('',#8718,.F.);
#8721=CARTESIAN_POINT('',(-7.5E-1,-4.8E0,-4.45E0));
#8722=DIRECTION('',(0.E0,-1.E0,0.E0));
#8723=DIRECTION('',(0.E0,0.E0,1.E0));
#8724=AXIS2_PLACEMENT_3D('',#8721,#8722,#8723);
#8725=PLANE('',#8724);
#8726=ORIENTED_EDGE('',*,*,#8495,.F.);
#8727=ORIENTED_EDGE('',*,*,#8716,.T.);
#8728=ORIENTED_EDGE('',*,*,#8587,.T.);
#8730=ORIENTED_EDGE('',*,*,#8729,.F.);
#8731=EDGE_LOOP('',(#8726,#8727,#8728,#8730));
#8732=FACE_OUTER_BOUND('',#8731,.F.);
#8734=CARTESIAN_POINT('',(-7.5E-1,-4.8E0,-3.95E0));
#8735=DIRECTION('',(0.E0,0.E0,1.E0));
#8736=DIRECTION('',(0.E0,1.E0,0.E0));
#8737=AXIS2_PLACEMENT_3D('',#8734,#8735,#8736);
#8738=PLANE('',#8737);
#8739=ORIENTED_EDGE('',*,*,#8497,.F.);
#8740=ORIENTED_EDGE('',*,*,#8729,.T.);
#8741=ORIENTED_EDGE('',*,*,#8585,.T.);
#8743=ORIENTED_EDGE('',*,*,#8742,.F.);
#8744=EDGE_LOOP('',(#8739,#8740,#8741,#8743));
#8745=FACE_OUTER_BOUND('',#8744,.F.);
#8747=CARTESIAN_POINT('',(-7.5E-1,2.5E-1,-3.45E0));
#8748=DIRECTION('',(-1.E0,0.E0,0.E0));
#8749=DIRECTION('',(0.E0,-1.E0,0.E0));
#8750=AXIS2_PLACEMENT_3D('',#8747,#8748,#8749);
#8751=CYLINDRICAL_SURFACE('',#8750,5.E-1);
#8752=ORIENTED_EDGE('',*,*,#8499,.F.);
#8753=ORIENTED_EDGE('',*,*,#8742,.T.);
#8754=ORIENTED_EDGE('',*,*,#8583,.T.);
#8756=ORIENTED_EDGE('',*,*,#8755,.F.);
#8757=EDGE_LOOP('',(#8752,#8753,#8754,#8756));
#8758=FACE_OUTER_BOUND('',#8757,.F.);
#8760=CARTESIAN_POINT('',(-7.5E-1,7.5E-1,-3.45E0));
#8761=DIRECTION('',(0.E0,-1.E0,0.E0));
#8762=DIRECTION('',(0.E0,0.E0,1.E0));
#8763=AXIS2_PLACEMENT_3D('',#8760,#8761,#8762);
#8764=PLANE('',#8763);
#8765=ORIENTED_EDGE('',*,*,#8501,.F.);
#8766=ORIENTED_EDGE('',*,*,#8755,.T.);
#8767=ORIENTED_EDGE('',*,*,#8581,.T.);
#8768=ORIENTED_EDGE('',*,*,#7361,.F.);
#8769=EDGE_LOOP('',(#8765,#8766,#8767,#8768));
#8770=FACE_OUTER_BOUND('',#8769,.F.);
#8772=CARTESIAN_POINT('',(-7.5E-1,-7.5E-1,-1.15E0));
#8773=DIRECTION('',(0.E0,1.E0,0.E0));
#8774=DIRECTION('',(0.E0,0.E0,-1.E0));
#8775=AXIS2_PLACEMENT_3D('',#8772,#8773,#8774);
#8776=PLANE('',#8775);
#8777=ORIENTED_EDGE('',*,*,#8512,.F.);
#8778=ORIENTED_EDGE('',*,*,#7355,.T.);
#8779=ORIENTED_EDGE('',*,*,#8601,.T.);
#8781=ORIENTED_EDGE('',*,*,#8780,.F.);
#8782=EDGE_LOOP('',(#8777,#8778,#8779,#8781));
#8783=FACE_OUTER_BOUND('',#8782,.F.);
#8785=CARTESIAN_POINT('',(-7.5E-1,-1.75E0,-1.45E0));
#8786=DIRECTION('',(-1.E0,0.E0,0.E0));
#8787=DIRECTION('',(0.E0,-1.E0,0.E0));
#8788=AXIS2_PLACEMENT_3D('',#8785,#8786,#8787);
#8789=CYLINDRICAL_SURFACE('',#8788,1.E0);
#8790=ORIENTED_EDGE('',*,*,#8514,.F.);
#8791=ORIENTED_EDGE('',*,*,#8780,.T.);
#8792=ORIENTED_EDGE('',*,*,#8614,.T.);
#8794=ORIENTED_EDGE('',*,*,#8793,.F.);
#8795=EDGE_LOOP('',(#8790,#8791,#8792,#8794));
#8796=FACE_OUTER_BOUND('',#8795,.F.);
#8798=CARTESIAN_POINT('',(-7.5E-1,-1.75E0,-2.45E0));
#8799=DIRECTION('',(0.E0,0.E0,-1.E0));
#8800=DIRECTION('',(0.E0,-1.E0,0.E0));
#8801=AXIS2_PLACEMENT_3D('',#8798,#8799,#8800);
#8802=PLANE('',#8801);
#8803=ORIENTED_EDGE('',*,*,#8516,.F.);
#8804=ORIENTED_EDGE('',*,*,#8793,.T.);
#8805=ORIENTED_EDGE('',*,*,#8612,.T.);
#8807=ORIENTED_EDGE('',*,*,#8806,.F.);
#8808=EDGE_LOOP('',(#8803,#8804,#8805,#8807));
#8809=FACE_OUTER_BOUND('',#8808,.F.);
#8811=CARTESIAN_POINT('',(-7.5E-1,-4.8E0,-2.45E0));
#8812=DIRECTION('',(0.E0,-1.E0,0.E0));
#8813=DIRECTION('',(0.E0,0.E0,1.E0));
#8814=AXIS2_PLACEMENT_3D('',#8811,#8812,#8813);
#8815=PLANE('',#8814);
#8816=ORIENTED_EDGE('',*,*,#8518,.F.);
#8817=ORIENTED_EDGE('',*,*,#8806,.T.);
#8818=ORIENTED_EDGE('',*,*,#8610,.T.);
#8820=ORIENTED_EDGE('',*,*,#8819,.F.);
#8821=EDGE_LOOP('',(#8816,#8817,#8818,#8820));
#8822=FACE_OUTER_BOUND('',#8821,.F.);
#8824=CARTESIAN_POINT('',(-7.5E-1,-4.8E0,-1.95E0));
#8825=DIRECTION('',(0.E0,0.E0,1.E0));
#8826=DIRECTION('',(0.E0,1.E0,0.E0));
#8827=AXIS2_PLACEMENT_3D('',#8824,#8825,#8826);
#8828=PLANE('',#8827);
#8829=ORIENTED_EDGE('',*,*,#8520,.F.);
#8830=ORIENTED_EDGE('',*,*,#8819,.T.);
#8831=ORIENTED_EDGE('',*,*,#8608,.T.);
#8833=ORIENTED_EDGE('',*,*,#8832,.F.);
#8834=EDGE_LOOP('',(#8829,#8830,#8831,#8833));
#8835=FACE_OUTER_BOUND('',#8834,.F.);
#8837=CARTESIAN_POINT('',(-7.5E-1,-1.75E0,-1.45E0));
#8838=DIRECTION('',(-1.E0,0.E0,0.E0));
#8839=DIRECTION('',(0.E0,-1.E0,0.E0));
#8840=AXIS2_PLACEMENT_3D('',#8837,#8838,#8839);
#8841=CYLINDRICAL_SURFACE('',#8840,5.E-1);
#8842=ORIENTED_EDGE('',*,*,#8522,.F.);
#8843=ORIENTED_EDGE('',*,*,#8832,.T.);
#8844=ORIENTED_EDGE('',*,*,#8606,.T.);
#8846=ORIENTED_EDGE('',*,*,#8845,.F.);
#8847=EDGE_LOOP('',(#8842,#8843,#8844,#8846));
#8848=FACE_OUTER_BOUND('',#8847,.F.);
#8850=CARTESIAN_POINT('',(-7.5E-1,-1.25E0,-1.45E0));
#8851=DIRECTION('',(0.E0,-1.E0,0.E0));
#8852=DIRECTION('',(0.E0,0.E0,1.E0));
#8853=AXIS2_PLACEMENT_3D('',#8850,#8851,#8852);
#8854=PLANE('',#8853);
#8855=ORIENTED_EDGE('',*,*,#8524,.F.);
#8856=ORIENTED_EDGE('',*,*,#8845,.T.);
#8857=ORIENTED_EDGE('',*,*,#8604,.T.);
#8858=ORIENTED_EDGE('',*,*,#7351,.F.);
#8859=EDGE_LOOP('',(#8855,#8856,#8857,#8858));
#8860=FACE_OUTER_BOUND('',#8859,.F.);
#8862=CARTESIAN_POINT('',(1.25E0,0.E0,0.E0));
#8863=DIRECTION('',(-1.E0,0.E0,0.E0));
#8864=DIRECTION('',(0.E0,-1.E0,0.E0));
#8865=AXIS2_PLACEMENT_3D('',#8862,#8863,#8864);
#8866=PLANE('',#8865);
#8868=ORIENTED_EDGE('',*,*,#8867,.T.);
#8870=ORIENTED_EDGE('',*,*,#8869,.T.);
#8872=ORIENTED_EDGE('',*,*,#8871,.T.);
#8873=ORIENTED_EDGE('',*,*,#6805,.F.);
#8874=EDGE_LOOP('',(#8868,#8870,#8872,#8873));
#8875=FACE_OUTER_BOUND('',#8874,.F.);
#8877=CARTESIAN_POINT('',(1.25E0,0.E0,0.E0));
#8878=DIRECTION('',(-1.E0,0.E0,0.E0));
#8879=DIRECTION('',(0.E0,-1.E0,0.E0));
#8880=AXIS2_PLACEMENT_3D('',#8877,#8878,#8879);
#8881=PLANE('',#8880);
#8883=ORIENTED_EDGE('',*,*,#8882,.T.);
#8885=ORIENTED_EDGE('',*,*,#8884,.T.);
#8887=ORIENTED_EDGE('',*,*,#8886,.T.);
#8888=ORIENTED_EDGE('',*,*,#6795,.F.);
#8889=EDGE_LOOP('',(#8883,#8885,#8887,#8888));
#8890=FACE_OUTER_BOUND('',#8889,.F.);
#8892=CARTESIAN_POINT('',(1.25E0,0.E0,0.E0));
#8893=DIRECTION('',(-1.E0,0.E0,0.E0));
#8894=DIRECTION('',(0.E0,-1.E0,0.E0));
#8895=AXIS2_PLACEMENT_3D('',#8892,#8893,#8894);
#8896=PLANE('',#8895);
#8898=ORIENTED_EDGE('',*,*,#8897,.T.);
#8900=ORIENTED_EDGE('',*,*,#8899,.T.);
#8902=ORIENTED_EDGE('',*,*,#8901,.T.);
#8904=ORIENTED_EDGE('',*,*,#8903,.T.);
#8906=ORIENTED_EDGE('',*,*,#8905,.T.);
#8908=ORIENTED_EDGE('',*,*,#8907,.T.);
#8910=ORIENTED_EDGE('',*,*,#8909,.T.);
#8911=ORIENTED_EDGE('',*,*,#7379,.T.);
#8912=EDGE_LOOP('',(#8898,#8900,#8902,#8904,#8906,#8908,#8910,#8911));
#8913=FACE_OUTER_BOUND('',#8912,.F.);
#8915=CARTESIAN_POINT('',(1.25E0,0.E0,0.E0));
#8916=DIRECTION('',(-1.E0,0.E0,0.E0));
#8917=DIRECTION('',(0.E0,-1.E0,0.E0));
#8918=AXIS2_PLACEMENT_3D('',#8915,#8916,#8917);
#8919=PLANE('',#8918);
#8921=ORIENTED_EDGE('',*,*,#8920,.T.);
#8923=ORIENTED_EDGE('',*,*,#8922,.T.);
#8925=ORIENTED_EDGE('',*,*,#8924,.T.);
#8927=ORIENTED_EDGE('',*,*,#8926,.T.);
#8929=ORIENTED_EDGE('',*,*,#8928,.T.);
#8931=ORIENTED_EDGE('',*,*,#8930,.T.);
#8933=ORIENTED_EDGE('',*,*,#8932,.T.);
#8934=ORIENTED_EDGE('',*,*,#7369,.T.);
#8935=EDGE_LOOP('',(#8921,#8923,#8925,#8927,#8929,#8931,#8933,#8934));
#8936=FACE_OUTER_BOUND('',#8935,.F.);
#8938=CARTESIAN_POINT('',(1.25E0,7.5E-1,0.E0));
#8939=DIRECTION('',(0.E0,-1.E0,0.E0));
#8940=DIRECTION('',(0.E0,0.E0,1.E0));
#8941=AXIS2_PLACEMENT_3D('',#8938,#8939,#8940);
#8942=PLANE('',#8941);
#8943=ORIENTED_EDGE('',*,*,#8867,.F.);
#8944=ORIENTED_EDGE('',*,*,#6811,.T.);
#8946=ORIENTED_EDGE('',*,*,#8945,.T.);
#8948=ORIENTED_EDGE('',*,*,#8947,.F.);
#8949=EDGE_LOOP('',(#8943,#8944,#8946,#8948));
#8950=FACE_OUTER_BOUND('',#8949,.F.);
#8952=CARTESIAN_POINT('',(7.5E-1,0.E0,0.E0));
#8953=DIRECTION('',(-1.E0,0.E0,0.E0));
#8954=DIRECTION('',(0.E0,-1.E0,0.E0));
#8955=AXIS2_PLACEMENT_3D('',#8952,#8953,#8954);
#8956=PLANE('',#8955);
#8957=ORIENTED_EDGE('',*,*,#8945,.F.);
#8958=ORIENTED_EDGE('',*,*,#6809,.T.);
#8960=ORIENTED_EDGE('',*,*,#8959,.F.);
#8962=ORIENTED_EDGE('',*,*,#8961,.F.);
#8963=EDGE_LOOP('',(#8957,#8958,#8960,#8962));
#8964=FACE_OUTER_BOUND('',#8963,.F.);
#8966=CARTESIAN_POINT('',(7.5E-1,0.E0,0.E0));
#8967=DIRECTION('',(-1.E0,0.E0,0.E0));
#8968=DIRECTION('',(0.E0,-1.E0,0.E0));
#8969=AXIS2_PLACEMENT_3D('',#8966,#8967,#8968);
#8970=PLANE('',#8969);
#8972=ORIENTED_EDGE('',*,*,#8971,.F.);
#8973=ORIENTED_EDGE('',*,*,#6799,.T.);
#8975=ORIENTED_EDGE('',*,*,#8974,.F.);
#8977=ORIENTED_EDGE('',*,*,#8976,.F.);
#8978=EDGE_LOOP('',(#8972,#8973,#8975,#8977));
#8979=FACE_OUTER_BOUND('',#8978,.F.);
#8981=CARTESIAN_POINT('',(7.5E-1,0.E0,0.E0));
#8982=DIRECTION('',(-1.E0,0.E0,0.E0));
#8983=DIRECTION('',(0.E0,-1.E0,0.E0));
#8984=AXIS2_PLACEMENT_3D('',#8981,#8982,#8983);
#8985=PLANE('',#8984);
#8987=ORIENTED_EDGE('',*,*,#8986,.F.);
#8988=ORIENTED_EDGE('',*,*,#7383,.F.);
#8990=ORIENTED_EDGE('',*,*,#8989,.F.);
#8992=ORIENTED_EDGE('',*,*,#8991,.F.);
#8994=ORIENTED_EDGE('',*,*,#8993,.F.);
#8996=ORIENTED_EDGE('',*,*,#8995,.F.);
#8998=ORIENTED_EDGE('',*,*,#8997,.F.);
#9000=ORIENTED_EDGE('',*,*,#8999,.F.);
#9001=EDGE_LOOP('',(#8987,#8988,#8990,#8992,#8994,#8996,#8998,#9000));
#9002=FACE_OUTER_BOUND('',#9001,.F.);
#9004=CARTESIAN_POINT('',(7.5E-1,0.E0,0.E0));
#9005=DIRECTION('',(-1.E0,0.E0,0.E0));
#9006=DIRECTION('',(0.E0,-1.E0,0.E0));
#9007=AXIS2_PLACEMENT_3D('',#9004,#9005,#9006);
#9008=PLANE('',#9007);
#9010=ORIENTED_EDGE('',*,*,#9009,.F.);
#9011=ORIENTED_EDGE('',*,*,#7373,.F.);
#9013=ORIENTED_EDGE('',*,*,#9012,.F.);
#9015=ORIENTED_EDGE('',*,*,#9014,.F.);
#9017=ORIENTED_EDGE('',*,*,#9016,.F.);
#9019=ORIENTED_EDGE('',*,*,#9018,.F.);
#9021=ORIENTED_EDGE('',*,*,#9020,.F.);
#9023=ORIENTED_EDGE('',*,*,#9022,.F.);
#9024=EDGE_LOOP('',(#9010,#9011,#9013,#9015,#9017,#9019,#9021,#9023));
#9025=FACE_OUTER_BOUND('',#9024,.F.);
#9027=CARTESIAN_POINT('',(1.25E0,1.25E0,4.E0));
#9028=DIRECTION('',(0.E0,1.E0,0.E0));
#9029=DIRECTION('',(0.E0,0.E0,-1.E0));
#9030=AXIS2_PLACEMENT_3D('',#9027,#9028,#9029);
#9031=PLANE('',#9030);
#9032=ORIENTED_EDGE('',*,*,#8871,.F.);
#9034=ORIENTED_EDGE('',*,*,#9033,.T.);
#9035=ORIENTED_EDGE('',*,*,#8959,.T.);
#9036=ORIENTED_EDGE('',*,*,#6807,.F.);
#9037=EDGE_LOOP('',(#9032,#9034,#9035,#9036));
#9038=FACE_OUTER_BOUND('',#9037,.F.);
#9040=CARTESIAN_POINT('',(1.25E0,7.5E-1,4.E0));
#9041=DIRECTION('',(0.E0,0.E0,1.E0));
#9042=DIRECTION('',(0.E0,1.E0,0.E0));
#9043=AXIS2_PLACEMENT_3D('',#9040,#9041,#9042);
#9044=PLANE('',#9043);
#9045=ORIENTED_EDGE('',*,*,#8869,.F.);
#9046=ORIENTED_EDGE('',*,*,#8947,.T.);
#9047=ORIENTED_EDGE('',*,*,#8961,.T.);
#9048=ORIENTED_EDGE('',*,*,#9033,.F.);
#9049=EDGE_LOOP('',(#9045,#9046,#9047,#9048));
#9050=FACE_OUTER_BOUND('',#9049,.F.);
#9052=CARTESIAN_POINT('',(1.25E0,-1.25E0,0.E0));
#9053=DIRECTION('',(0.E0,-1.E0,0.E0));
#9054=DIRECTION('',(0.E0,0.E0,1.E0));
#9055=AXIS2_PLACEMENT_3D('',#9052,#9053,#9054);
#9056=PLANE('',#9055);
#9057=ORIENTED_EDGE('',*,*,#8882,.F.);
#9058=ORIENTED_EDGE('',*,*,#6801,.T.);
#9059=ORIENTED_EDGE('',*,*,#8971,.T.);
#9061=ORIENTED_EDGE('',*,*,#9060,.F.);
#9062=EDGE_LOOP('',(#9057,#9058,#9059,#9061));
#9063=FACE_OUTER_BOUND('',#9062,.F.);
#9065=CARTESIAN_POINT('',(1.25E0,-1.25E0,4.E0));
#9066=DIRECTION('',(0.E0,0.E0,1.E0));
#9067=DIRECTION('',(0.E0,1.E0,0.E0));
#9068=AXIS2_PLACEMENT_3D('',#9065,#9066,#9067);
#9069=PLANE('',#9068);
#9070=ORIENTED_EDGE('',*,*,#8884,.F.);
#9071=ORIENTED_EDGE('',*,*,#9060,.T.);
#9072=ORIENTED_EDGE('',*,*,#8976,.T.);
#9074=ORIENTED_EDGE('',*,*,#9073,.F.);
#9075=EDGE_LOOP('',(#9070,#9071,#9072,#9074));
#9076=FACE_OUTER_BOUND('',#9075,.F.);
#9078=CARTESIAN_POINT('',(1.25E0,-7.5E-1,4.E0));
#9079=DIRECTION('',(0.E0,1.E0,0.E0));
#9080=DIRECTION('',(0.E0,0.E0,-1.E0));
#9081=AXIS2_PLACEMENT_3D('',#9078,#9079,#9080);
#9082=PLANE('',#9081);
#9083=ORIENTED_EDGE('',*,*,#8886,.F.);
#9084=ORIENTED_EDGE('',*,*,#9073,.T.);
#9085=ORIENTED_EDGE('',*,*,#8974,.T.);
#9086=ORIENTED_EDGE('',*,*,#6797,.F.);
#9087=EDGE_LOOP('',(#9083,#9084,#9085,#9086));
#9088=FACE_OUTER_BOUND('',#9087,.F.);
#9090=CARTESIAN_POINT('',(1.25E0,1.25E0,-1.15E0));
#9091=DIRECTION('',(0.E0,1.E0,0.E0));
#9092=DIRECTION('',(0.E0,0.E0,-1.E0));
#9093=AXIS2_PLACEMENT_3D('',#9090,#9091,#9092);
#9094=PLANE('',#9093);
#9095=ORIENTED_EDGE('',*,*,#8897,.F.);
#9096=ORIENTED_EDGE('',*,*,#7385,.T.);
#9097=ORIENTED_EDGE('',*,*,#8986,.T.);
#9099=ORIENTED_EDGE('',*,*,#9098,.F.);
#9100=EDGE_LOOP('',(#9095,#9096,#9097,#9099));
#9101=FACE_OUTER_BOUND('',#9100,.F.);
#9103=CARTESIAN_POINT('',(1.25E0,2.5E-1,-3.45E0));
#9104=DIRECTION('',(-1.E0,0.E0,0.E0));
#9105=DIRECTION('',(0.E0,-1.E0,0.E0));
#9106=AXIS2_PLACEMENT_3D('',#9103,#9104,#9105);
#9107=CYLINDRICAL_SURFACE('',#9106,1.E0);
#9108=ORIENTED_EDGE('',*,*,#8899,.F.);
#9109=ORIENTED_EDGE('',*,*,#9098,.T.);
#9110=ORIENTED_EDGE('',*,*,#8999,.T.);
#9112=ORIENTED_EDGE('',*,*,#9111,.F.);
#9113=EDGE_LOOP('',(#9108,#9109,#9110,#9112));
#9114=FACE_OUTER_BOUND('',#9113,.F.);
#9116=CARTESIAN_POINT('',(1.25E0,2.5E-1,-4.45E0));
#9117=DIRECTION('',(0.E0,0.E0,-1.E0));
#9118=DIRECTION('',(0.E0,-1.E0,0.E0));
#9119=AXIS2_PLACEMENT_3D('',#9116,#9117,#9118);
#9120=PLANE('',#9119);
#9121=ORIENTED_EDGE('',*,*,#8901,.F.);
#9122=ORIENTED_EDGE('',*,*,#9111,.T.);
#9123=ORIENTED_EDGE('',*,*,#8997,.T.);
#9125=ORIENTED_EDGE('',*,*,#9124,.F.);
#9126=EDGE_LOOP('',(#9121,#9122,#9123,#9125));
#9127=FACE_OUTER_BOUND('',#9126,.F.);
#9129=CARTESIAN_POINT('',(1.25E0,-4.8E0,-4.45E0));
#9130=DIRECTION('',(0.E0,-1.E0,0.E0));
#9131=DIRECTION('',(0.E0,0.E0,1.E0));
#9132=AXIS2_PLACEMENT_3D('',#9129,#9130,#9131);
#9133=PLANE('',#9132);
#9134=ORIENTED_EDGE('',*,*,#8903,.F.);
#9135=ORIENTED_EDGE('',*,*,#9124,.T.);
#9136=ORIENTED_EDGE('',*,*,#8995,.T.);
#9138=ORIENTED_EDGE('',*,*,#9137,.F.);
#9139=EDGE_LOOP('',(#9134,#9135,#9136,#9138));
#9140=FACE_OUTER_BOUND('',#9139,.F.);
#9142=CARTESIAN_POINT('',(1.25E0,-4.8E0,-3.95E0));
#9143=DIRECTION('',(0.E0,0.E0,1.E0));
#9144=DIRECTION('',(0.E0,1.E0,0.E0));
#9145=AXIS2_PLACEMENT_3D('',#9142,#9143,#9144);
#9146=PLANE('',#9145);
#9147=ORIENTED_EDGE('',*,*,#8905,.F.);
#9148=ORIENTED_EDGE('',*,*,#9137,.T.);
#9149=ORIENTED_EDGE('',*,*,#8993,.T.);
#9151=ORIENTED_EDGE('',*,*,#9150,.F.);
#9152=EDGE_LOOP('',(#9147,#9148,#9149,#9151));
#9153=FACE_OUTER_BOUND('',#9152,.F.);
#9155=CARTESIAN_POINT('',(1.25E0,2.5E-1,-3.45E0));
#9156=DIRECTION('',(-1.E0,0.E0,0.E0));
#9157=DIRECTION('',(0.E0,-1.E0,0.E0));
#9158=AXIS2_PLACEMENT_3D('',#9155,#9156,#9157);
#9159=CYLINDRICAL_SURFACE('',#9158,5.E-1);
#9160=ORIENTED_EDGE('',*,*,#8907,.F.);
#9161=ORIENTED_EDGE('',*,*,#9150,.T.);
#9162=ORIENTED_EDGE('',*,*,#8991,.T.);
#9164=ORIENTED_EDGE('',*,*,#9163,.F.);
#9165=EDGE_LOOP('',(#9160,#9161,#9162,#9164));
#9166=FACE_OUTER_BOUND('',#9165,.F.);
#9168=CARTESIAN_POINT('',(1.25E0,7.5E-1,-3.45E0));
#9169=DIRECTION('',(0.E0,-1.E0,0.E0));
#9170=DIRECTION('',(0.E0,0.E0,1.E0));
#9171=AXIS2_PLACEMENT_3D('',#9168,#9169,#9170);
#9172=PLANE('',#9171);
#9173=ORIENTED_EDGE('',*,*,#8909,.F.);
#9174=ORIENTED_EDGE('',*,*,#9163,.T.);
#9175=ORIENTED_EDGE('',*,*,#8989,.T.);
#9176=ORIENTED_EDGE('',*,*,#7381,.F.);
#9177=EDGE_LOOP('',(#9173,#9174,#9175,#9176));
#9178=FACE_OUTER_BOUND('',#9177,.F.);
#9180=CARTESIAN_POINT('',(1.25E0,-7.5E-1,-1.15E0));
#9181=DIRECTION('',(0.E0,1.E0,0.E0));
#9182=DIRECTION('',(0.E0,0.E0,-1.E0));
#9183=AXIS2_PLACEMENT_3D('',#9180,#9181,#9182);
#9184=PLANE('',#9183);
#9185=ORIENTED_EDGE('',*,*,#8920,.F.);
#9186=ORIENTED_EDGE('',*,*,#7375,.T.);
#9187=ORIENTED_EDGE('',*,*,#9009,.T.);
#9189=ORIENTED_EDGE('',*,*,#9188,.F.);
#9190=EDGE_LOOP('',(#9185,#9186,#9187,#9189));
#9191=FACE_OUTER_BOUND('',#9190,.F.);
#9193=CARTESIAN_POINT('',(1.25E0,-1.75E0,-1.45E0));
#9194=DIRECTION('',(-1.E0,0.E0,0.E0));
#9195=DIRECTION('',(0.E0,-1.E0,0.E0));
#9196=AXIS2_PLACEMENT_3D('',#9193,#9194,#9195);
#9197=CYLINDRICAL_SURFACE('',#9196,1.E0);
#9198=ORIENTED_EDGE('',*,*,#8922,.F.);
#9199=ORIENTED_EDGE('',*,*,#9188,.T.);
#9200=ORIENTED_EDGE('',*,*,#9022,.T.);
#9202=ORIENTED_EDGE('',*,*,#9201,.F.);
#9203=EDGE_LOOP('',(#9198,#9199,#9200,#9202));
#9204=FACE_OUTER_BOUND('',#9203,.F.);
#9206=CARTESIAN_POINT('',(1.25E0,-1.75E0,-2.45E0));
#9207=DIRECTION('',(0.E0,0.E0,-1.E0));
#9208=DIRECTION('',(0.E0,-1.E0,0.E0));
#9209=AXIS2_PLACEMENT_3D('',#9206,#9207,#9208);
#9210=PLANE('',#9209);
#9211=ORIENTED_EDGE('',*,*,#8924,.F.);
#9212=ORIENTED_EDGE('',*,*,#9201,.T.);
#9213=ORIENTED_EDGE('',*,*,#9020,.T.);
#9215=ORIENTED_EDGE('',*,*,#9214,.F.);
#9216=EDGE_LOOP('',(#9211,#9212,#9213,#9215));
#9217=FACE_OUTER_BOUND('',#9216,.F.);
#9219=CARTESIAN_POINT('',(1.25E0,-4.8E0,-2.45E0));
#9220=DIRECTION('',(0.E0,-1.E0,0.E0));
#9221=DIRECTION('',(0.E0,0.E0,1.E0));
#9222=AXIS2_PLACEMENT_3D('',#9219,#9220,#9221);
#9223=PLANE('',#9222);
#9224=ORIENTED_EDGE('',*,*,#8926,.F.);
#9225=ORIENTED_EDGE('',*,*,#9214,.T.);
#9226=ORIENTED_EDGE('',*,*,#9018,.T.);
#9228=ORIENTED_EDGE('',*,*,#9227,.F.);
#9229=EDGE_LOOP('',(#9224,#9225,#9226,#9228));
#9230=FACE_OUTER_BOUND('',#9229,.F.);
#9232=CARTESIAN_POINT('',(1.25E0,-4.8E0,-1.95E0));
#9233=DIRECTION('',(0.E0,0.E0,1.E0));
#9234=DIRECTION('',(0.E0,1.E0,0.E0));
#9235=AXIS2_PLACEMENT_3D('',#9232,#9233,#9234);
#9236=PLANE('',#9235);
#9237=ORIENTED_EDGE('',*,*,#8928,.F.);
#9238=ORIENTED_EDGE('',*,*,#9227,.T.);
#9239=ORIENTED_EDGE('',*,*,#9016,.T.);
#9241=ORIENTED_EDGE('',*,*,#9240,.F.);
#9242=EDGE_LOOP('',(#9237,#9238,#9239,#9241));
#9243=FACE_OUTER_BOUND('',#9242,.F.);
#9245=CARTESIAN_POINT('',(1.25E0,-1.75E0,-1.45E0));
#9246=DIRECTION('',(-1.E0,0.E0,0.E0));
#9247=DIRECTION('',(0.E0,-1.E0,0.E0));
#9248=AXIS2_PLACEMENT_3D('',#9245,#9246,#9247);
#9249=CYLINDRICAL_SURFACE('',#9248,5.E-1);
#9250=ORIENTED_EDGE('',*,*,#8930,.F.);
#9251=ORIENTED_EDGE('',*,*,#9240,.T.);
#9252=ORIENTED_EDGE('',*,*,#9014,.T.);
#9254=ORIENTED_EDGE('',*,*,#9253,.F.);
#9255=EDGE_LOOP('',(#9250,#9251,#9252,#9254));
#9256=FACE_OUTER_BOUND('',#9255,.F.);
#9258=CARTESIAN_POINT('',(1.25E0,-1.25E0,-1.45E0));
#9259=DIRECTION('',(0.E0,-1.E0,0.E0));
#9260=DIRECTION('',(0.E0,0.E0,1.E0));
#9261=AXIS2_PLACEMENT_3D('',#9258,#9259,#9260);
#9262=PLANE('',#9261);
#9263=ORIENTED_EDGE('',*,*,#8932,.F.);
#9264=ORIENTED_EDGE('',*,*,#9253,.T.);
#9265=ORIENTED_EDGE('',*,*,#9012,.T.);
#9266=ORIENTED_EDGE('',*,*,#7371,.F.);
#9267=EDGE_LOOP('',(#9263,#9264,#9265,#9266));
#9268=FACE_OUTER_BOUND('',#9267,.F.);
#9270=CARTESIAN_POINT('',(3.25E0,0.E0,0.E0));
#9271=DIRECTION('',(-1.E0,0.E0,0.E0));
#9272=DIRECTION('',(0.E0,-1.E0,0.E0));
#9273=AXIS2_PLACEMENT_3D('',#9270,#9271,#9272);
#9274=PLANE('',#9273);
#9276=ORIENTED_EDGE('',*,*,#9275,.T.);
#9278=ORIENTED_EDGE('',*,*,#9277,.T.);
#9280=ORIENTED_EDGE('',*,*,#9279,.T.);
#9281=ORIENTED_EDGE('',*,*,#6841,.F.);
#9282=EDGE_LOOP('',(#9276,#9278,#9280,#9281));
#9283=FACE_OUTER_BOUND('',#9282,.F.);
#9285=CARTESIAN_POINT('',(3.25E0,0.E0,0.E0));
#9286=DIRECTION('',(-1.E0,0.E0,0.E0));
#9287=DIRECTION('',(0.E0,-1.E0,0.E0));
#9288=AXIS2_PLACEMENT_3D('',#9285,#9286,#9287);
#9289=PLANE('',#9288);
#9291=ORIENTED_EDGE('',*,*,#9290,.T.);
#9293=ORIENTED_EDGE('',*,*,#9292,.T.);
#9295=ORIENTED_EDGE('',*,*,#9294,.T.);
#9296=ORIENTED_EDGE('',*,*,#6831,.F.);
#9297=EDGE_LOOP('',(#9291,#9293,#9295,#9296));
#9298=FACE_OUTER_BOUND('',#9297,.F.);
#9300=CARTESIAN_POINT('',(3.25E0,0.E0,0.E0));
#9301=DIRECTION('',(-1.E0,0.E0,0.E0));
#9302=DIRECTION('',(0.E0,-1.E0,0.E0));
#9303=AXIS2_PLACEMENT_3D('',#9300,#9301,#9302);
#9304=PLANE('',#9303);
#9306=ORIENTED_EDGE('',*,*,#9305,.T.);
#9308=ORIENTED_EDGE('',*,*,#9307,.T.);
#9310=ORIENTED_EDGE('',*,*,#9309,.T.);
#9312=ORIENTED_EDGE('',*,*,#9311,.T.);
#9314=ORIENTED_EDGE('',*,*,#9313,.T.);
#9316=ORIENTED_EDGE('',*,*,#9315,.T.);
#9318=ORIENTED_EDGE('',*,*,#9317,.T.);
#9319=ORIENTED_EDGE('',*,*,#7399,.T.);
#9320=EDGE_LOOP('',(#9306,#9308,#9310,#9312,#9314,#9316,#9318,#9319));
#9321=FACE_OUTER_BOUND('',#9320,.F.);
#9323=CARTESIAN_POINT('',(3.25E0,0.E0,0.E0));
#9324=DIRECTION('',(-1.E0,0.E0,0.E0));
#9325=DIRECTION('',(0.E0,-1.E0,0.E0));
#9326=AXIS2_PLACEMENT_3D('',#9323,#9324,#9325);
#9327=PLANE('',#9326);
#9329=ORIENTED_EDGE('',*,*,#9328,.T.);
#9331=ORIENTED_EDGE('',*,*,#9330,.T.);
#9333=ORIENTED_EDGE('',*,*,#9332,.T.);
#9335=ORIENTED_EDGE('',*,*,#9334,.T.);
#9337=ORIENTED_EDGE('',*,*,#9336,.T.);
#9339=ORIENTED_EDGE('',*,*,#9338,.T.);
#9341=ORIENTED_EDGE('',*,*,#9340,.T.);
#9342=ORIENTED_EDGE('',*,*,#7389,.T.);
#9343=EDGE_LOOP('',(#9329,#9331,#9333,#9335,#9337,#9339,#9341,#9342));
#9344=FACE_OUTER_BOUND('',#9343,.F.);
#9346=CARTESIAN_POINT('',(3.25E0,7.5E-1,0.E0));
#9347=DIRECTION('',(0.E0,-1.E0,0.E0));
#9348=DIRECTION('',(0.E0,0.E0,1.E0));
#9349=AXIS2_PLACEMENT_3D('',#9346,#9347,#9348);
#9350=PLANE('',#9349);
#9351=ORIENTED_EDGE('',*,*,#9275,.F.);
#9352=ORIENTED_EDGE('',*,*,#6847,.T.);
#9354=ORIENTED_EDGE('',*,*,#9353,.T.);
#9356=ORIENTED_EDGE('',*,*,#9355,.F.);
#9357=EDGE_LOOP('',(#9351,#9352,#9354,#9356));
#9358=FACE_OUTER_BOUND('',#9357,.F.);
#9360=CARTESIAN_POINT('',(2.75E0,0.E0,0.E0));
#9361=DIRECTION('',(-1.E0,0.E0,0.E0));
#9362=DIRECTION('',(0.E0,-1.E0,0.E0));
#9363=AXIS2_PLACEMENT_3D('',#9360,#9361,#9362);
#9364=PLANE('',#9363);
#9365=ORIENTED_EDGE('',*,*,#9353,.F.);
#9366=ORIENTED_EDGE('',*,*,#6845,.T.);
#9368=ORIENTED_EDGE('',*,*,#9367,.F.);
#9370=ORIENTED_EDGE('',*,*,#9369,.F.);
#9371=EDGE_LOOP('',(#9365,#9366,#9368,#9370));
#9372=FACE_OUTER_BOUND('',#9371,.F.);
#9374=CARTESIAN_POINT('',(2.75E0,0.E0,0.E0));
#9375=DIRECTION('',(-1.E0,0.E0,0.E0));
#9376=DIRECTION('',(0.E0,-1.E0,0.E0));
#9377=AXIS2_PLACEMENT_3D('',#9374,#9375,#9376);
#9378=PLANE('',#9377);
#9380=ORIENTED_EDGE('',*,*,#9379,.F.);
#9381=ORIENTED_EDGE('',*,*,#6835,.T.);
#9383=ORIENTED_EDGE('',*,*,#9382,.F.);
#9385=ORIENTED_EDGE('',*,*,#9384,.F.);
#9386=EDGE_LOOP('',(#9380,#9381,#9383,#9385));
#9387=FACE_OUTER_BOUND('',#9386,.F.);
#9389=CARTESIAN_POINT('',(2.75E0,0.E0,0.E0));
#9390=DIRECTION('',(-1.E0,0.E0,0.E0));
#9391=DIRECTION('',(0.E0,-1.E0,0.E0));
#9392=AXIS2_PLACEMENT_3D('',#9389,#9390,#9391);
#9393=PLANE('',#9392);
#9395=ORIENTED_EDGE('',*,*,#9394,.F.);
#9396=ORIENTED_EDGE('',*,*,#7403,.F.);
#9398=ORIENTED_EDGE('',*,*,#9397,.F.);
#9400=ORIENTED_EDGE('',*,*,#9399,.F.);
#9402=ORIENTED_EDGE('',*,*,#9401,.F.);
#9404=ORIENTED_EDGE('',*,*,#9403,.F.);
#9406=ORIENTED_EDGE('',*,*,#9405,.F.);
#9408=ORIENTED_EDGE('',*,*,#9407,.F.);
#9409=EDGE_LOOP('',(#9395,#9396,#9398,#9400,#9402,#9404,#9406,#9408));
#9410=FACE_OUTER_BOUND('',#9409,.F.);
#9412=CARTESIAN_POINT('',(2.75E0,0.E0,0.E0));
#9413=DIRECTION('',(-1.E0,0.E0,0.E0));
#9414=DIRECTION('',(0.E0,-1.E0,0.E0));
#9415=AXIS2_PLACEMENT_3D('',#9412,#9413,#9414);
#9416=PLANE('',#9415);
#9418=ORIENTED_EDGE('',*,*,#9417,.F.);
#9419=ORIENTED_EDGE('',*,*,#7393,.F.);
#9421=ORIENTED_EDGE('',*,*,#9420,.F.);
#9423=ORIENTED_EDGE('',*,*,#9422,.F.);
#9425=ORIENTED_EDGE('',*,*,#9424,.F.);
#9427=ORIENTED_EDGE('',*,*,#9426,.F.);
#9429=ORIENTED_EDGE('',*,*,#9428,.F.);
#9431=ORIENTED_EDGE('',*,*,#9430,.F.);
#9432=EDGE_LOOP('',(#9418,#9419,#9421,#9423,#9425,#9427,#9429,#9431));
#9433=FACE_OUTER_BOUND('',#9432,.F.);
#9435=CARTESIAN_POINT('',(3.25E0,1.25E0,4.E0));
#9436=DIRECTION('',(0.E0,1.E0,0.E0));
#9437=DIRECTION('',(0.E0,0.E0,-1.E0));
#9438=AXIS2_PLACEMENT_3D('',#9435,#9436,#9437);
#9439=PLANE('',#9438);
#9440=ORIENTED_EDGE('',*,*,#9279,.F.);
#9442=ORIENTED_EDGE('',*,*,#9441,.T.);
#9443=ORIENTED_EDGE('',*,*,#9367,.T.);
#9444=ORIENTED_EDGE('',*,*,#6843,.F.);
#9445=EDGE_LOOP('',(#9440,#9442,#9443,#9444));
#9446=FACE_OUTER_BOUND('',#9445,.F.);
#9448=CARTESIAN_POINT('',(3.25E0,7.5E-1,4.E0));
#9449=DIRECTION('',(0.E0,0.E0,1.E0));
#9450=DIRECTION('',(0.E0,1.E0,0.E0));
#9451=AXIS2_PLACEMENT_3D('',#9448,#9449,#9450);
#9452=PLANE('',#9451);
#9453=ORIENTED_EDGE('',*,*,#9277,.F.);
#9454=ORIENTED_EDGE('',*,*,#9355,.T.);
#9455=ORIENTED_EDGE('',*,*,#9369,.T.);
#9456=ORIENTED_EDGE('',*,*,#9441,.F.);
#9457=EDGE_LOOP('',(#9453,#9454,#9455,#9456));
#9458=FACE_OUTER_BOUND('',#9457,.F.);
#9460=CARTESIAN_POINT('',(3.25E0,-1.25E0,0.E0));
#9461=DIRECTION('',(0.E0,-1.E0,0.E0));
#9462=DIRECTION('',(0.E0,0.E0,1.E0));
#9463=AXIS2_PLACEMENT_3D('',#9460,#9461,#9462);
#9464=PLANE('',#9463);
#9465=ORIENTED_EDGE('',*,*,#9290,.F.);
#9466=ORIENTED_EDGE('',*,*,#6837,.T.);
#9467=ORIENTED_EDGE('',*,*,#9379,.T.);
#9469=ORIENTED_EDGE('',*,*,#9468,.F.);
#9470=EDGE_LOOP('',(#9465,#9466,#9467,#9469));
#9471=FACE_OUTER_BOUND('',#9470,.F.);
#9473=CARTESIAN_POINT('',(3.25E0,-1.25E0,4.E0));
#9474=DIRECTION('',(0.E0,0.E0,1.E0));
#9475=DIRECTION('',(0.E0,1.E0,0.E0));
#9476=AXIS2_PLACEMENT_3D('',#9473,#9474,#9475);
#9477=PLANE('',#9476);
#9478=ORIENTED_EDGE('',*,*,#9292,.F.);
#9479=ORIENTED_EDGE('',*,*,#9468,.T.);
#9480=ORIENTED_EDGE('',*,*,#9384,.T.);
#9482=ORIENTED_EDGE('',*,*,#9481,.F.);
#9483=EDGE_LOOP('',(#9478,#9479,#9480,#9482));
#9484=FACE_OUTER_BOUND('',#9483,.F.);
#9486=CARTESIAN_POINT('',(3.25E0,-7.5E-1,4.E0));
#9487=DIRECTION('',(0.E0,1.E0,0.E0));
#9488=DIRECTION('',(0.E0,0.E0,-1.E0));
#9489=AXIS2_PLACEMENT_3D('',#9486,#9487,#9488);
#9490=PLANE('',#9489);
#9491=ORIENTED_EDGE('',*,*,#9294,.F.);
#9492=ORIENTED_EDGE('',*,*,#9481,.T.);
#9493=ORIENTED_EDGE('',*,*,#9382,.T.);
#9494=ORIENTED_EDGE('',*,*,#6833,.F.);
#9495=EDGE_LOOP('',(#9491,#9492,#9493,#9494));
#9496=FACE_OUTER_BOUND('',#9495,.F.);
#9498=CARTESIAN_POINT('',(3.25E0,1.25E0,-1.15E0));
#9499=DIRECTION('',(0.E0,1.E0,0.E0));
#9500=DIRECTION('',(0.E0,0.E0,-1.E0));
#9501=AXIS2_PLACEMENT_3D('',#9498,#9499,#9500);
#9502=PLANE('',#9501);
#9503=ORIENTED_EDGE('',*,*,#9305,.F.);
#9504=ORIENTED_EDGE('',*,*,#7405,.T.);
#9505=ORIENTED_EDGE('',*,*,#9394,.T.);
#9507=ORIENTED_EDGE('',*,*,#9506,.F.);
#9508=EDGE_LOOP('',(#9503,#9504,#9505,#9507));
#9509=FACE_OUTER_BOUND('',#9508,.F.);
#9511=CARTESIAN_POINT('',(3.25E0,2.5E-1,-3.45E0));
#9512=DIRECTION('',(-1.E0,0.E0,0.E0));
#9513=DIRECTION('',(0.E0,-1.E0,0.E0));
#9514=AXIS2_PLACEMENT_3D('',#9511,#9512,#9513);
#9515=CYLINDRICAL_SURFACE('',#9514,1.E0);
#9516=ORIENTED_EDGE('',*,*,#9307,.F.);
#9517=ORIENTED_EDGE('',*,*,#9506,.T.);
#9518=ORIENTED_EDGE('',*,*,#9407,.T.);
#9520=ORIENTED_EDGE('',*,*,#9519,.F.);
#9521=EDGE_LOOP('',(#9516,#9517,#9518,#9520));
#9522=FACE_OUTER_BOUND('',#9521,.F.);
#9524=CARTESIAN_POINT('',(3.25E0,2.5E-1,-4.45E0));
#9525=DIRECTION('',(0.E0,0.E0,-1.E0));
#9526=DIRECTION('',(0.E0,-1.E0,0.E0));
#9527=AXIS2_PLACEMENT_3D('',#9524,#9525,#9526);
#9528=PLANE('',#9527);
#9529=ORIENTED_EDGE('',*,*,#9309,.F.);
#9530=ORIENTED_EDGE('',*,*,#9519,.T.);
#9531=ORIENTED_EDGE('',*,*,#9405,.T.);
#9533=ORIENTED_EDGE('',*,*,#9532,.F.);
#9534=EDGE_LOOP('',(#9529,#9530,#9531,#9533));
#9535=FACE_OUTER_BOUND('',#9534,.F.);
#9537=CARTESIAN_POINT('',(3.25E0,-4.8E0,-4.45E0));
#9538=DIRECTION('',(0.E0,-1.E0,0.E0));
#9539=DIRECTION('',(0.E0,0.E0,1.E0));
#9540=AXIS2_PLACEMENT_3D('',#9537,#9538,#9539);
#9541=PLANE('',#9540);
#9542=ORIENTED_EDGE('',*,*,#9311,.F.);
#9543=ORIENTED_EDGE('',*,*,#9532,.T.);
#9544=ORIENTED_EDGE('',*,*,#9403,.T.);
#9546=ORIENTED_EDGE('',*,*,#9545,.F.);
#9547=EDGE_LOOP('',(#9542,#9543,#9544,#9546));
#9548=FACE_OUTER_BOUND('',#9547,.F.);
#9550=CARTESIAN_POINT('',(3.25E0,-4.8E0,-3.95E0));
#9551=DIRECTION('',(0.E0,0.E0,1.E0));
#9552=DIRECTION('',(0.E0,1.E0,0.E0));
#9553=AXIS2_PLACEMENT_3D('',#9550,#9551,#9552);
#9554=PLANE('',#9553);
#9555=ORIENTED_EDGE('',*,*,#9313,.F.);
#9556=ORIENTED_EDGE('',*,*,#9545,.T.);
#9557=ORIENTED_EDGE('',*,*,#9401,.T.);
#9559=ORIENTED_EDGE('',*,*,#9558,.F.);
#9560=EDGE_LOOP('',(#9555,#9556,#9557,#9559));
#9561=FACE_OUTER_BOUND('',#9560,.F.);
#9563=CARTESIAN_POINT('',(3.25E0,2.5E-1,-3.45E0));
#9564=DIRECTION('',(-1.E0,0.E0,0.E0));
#9565=DIRECTION('',(0.E0,-1.E0,0.E0));
#9566=AXIS2_PLACEMENT_3D('',#9563,#9564,#9565);
#9567=CYLINDRICAL_SURFACE('',#9566,5.E-1);
#9568=ORIENTED_EDGE('',*,*,#9315,.F.);
#9569=ORIENTED_EDGE('',*,*,#9558,.T.);
#9570=ORIENTED_EDGE('',*,*,#9399,.T.);
#9572=ORIENTED_EDGE('',*,*,#9571,.F.);
#9573=EDGE_LOOP('',(#9568,#9569,#9570,#9572));
#9574=FACE_OUTER_BOUND('',#9573,.F.);
#9576=CARTESIAN_POINT('',(3.25E0,7.5E-1,-3.45E0));
#9577=DIRECTION('',(0.E0,-1.E0,0.E0));
#9578=DIRECTION('',(0.E0,0.E0,1.E0));
#9579=AXIS2_PLACEMENT_3D('',#9576,#9577,#9578);
#9580=PLANE('',#9579);
#9581=ORIENTED_EDGE('',*,*,#9317,.F.);
#9582=ORIENTED_EDGE('',*,*,#9571,.T.);
#9583=ORIENTED_EDGE('',*,*,#9397,.T.);
#9584=ORIENTED_EDGE('',*,*,#7401,.F.);
#9585=EDGE_LOOP('',(#9581,#9582,#9583,#9584));
#9586=FACE_OUTER_BOUND('',#9585,.F.);
#9588=CARTESIAN_POINT('',(3.25E0,-7.5E-1,-1.15E0));
#9589=DIRECTION('',(0.E0,1.E0,0.E0));
#9590=DIRECTION('',(0.E0,0.E0,-1.E0));
#9591=AXIS2_PLACEMENT_3D('',#9588,#9589,#9590);
#9592=PLANE('',#9591);
#9593=ORIENTED_EDGE('',*,*,#9328,.F.);
#9594=ORIENTED_EDGE('',*,*,#7395,.T.);
#9595=ORIENTED_EDGE('',*,*,#9417,.T.);
#9597=ORIENTED_EDGE('',*,*,#9596,.F.);
#9598=EDGE_LOOP('',(#9593,#9594,#9595,#9597));
#9599=FACE_OUTER_BOUND('',#9598,.F.);
#9601=CARTESIAN_POINT('',(3.25E0,-1.75E0,-1.45E0));
#9602=DIRECTION('',(-1.E0,0.E0,0.E0));
#9603=DIRECTION('',(0.E0,-1.E0,0.E0));
#9604=AXIS2_PLACEMENT_3D('',#9601,#9602,#9603);
#9605=CYLINDRICAL_SURFACE('',#9604,1.E0);
#9606=ORIENTED_EDGE('',*,*,#9330,.F.);
#9607=ORIENTED_EDGE('',*,*,#9596,.T.);
#9608=ORIENTED_EDGE('',*,*,#9430,.T.);
#9610=ORIENTED_EDGE('',*,*,#9609,.F.);
#9611=EDGE_LOOP('',(#9606,#9607,#9608,#9610));
#9612=FACE_OUTER_BOUND('',#9611,.F.);
#9614=CARTESIAN_POINT('',(3.25E0,-1.75E0,-2.45E0));
#9615=DIRECTION('',(0.E0,0.E0,-1.E0));
#9616=DIRECTION('',(0.E0,-1.E0,0.E0));
#9617=AXIS2_PLACEMENT_3D('',#9614,#9615,#9616);
#9618=PLANE('',#9617);
#9619=ORIENTED_EDGE('',*,*,#9332,.F.);
#9620=ORIENTED_EDGE('',*,*,#9609,.T.);
#9621=ORIENTED_EDGE('',*,*,#9428,.T.);
#9623=ORIENTED_EDGE('',*,*,#9622,.F.);
#9624=EDGE_LOOP('',(#9619,#9620,#9621,#9623));
#9625=FACE_OUTER_BOUND('',#9624,.F.);
#9627=CARTESIAN_POINT('',(3.25E0,-4.8E0,-2.45E0));
#9628=DIRECTION('',(0.E0,-1.E0,0.E0));
#9629=DIRECTION('',(0.E0,0.E0,1.E0));
#9630=AXIS2_PLACEMENT_3D('',#9627,#9628,#9629);
#9631=PLANE('',#9630);
#9632=ORIENTED_EDGE('',*,*,#9334,.F.);
#9633=ORIENTED_EDGE('',*,*,#9622,.T.);
#9634=ORIENTED_EDGE('',*,*,#9426,.T.);
#9636=ORIENTED_EDGE('',*,*,#9635,.F.);
#9637=EDGE_LOOP('',(#9632,#9633,#9634,#9636));
#9638=FACE_OUTER_BOUND('',#9637,.F.);
#9640=CARTESIAN_POINT('',(3.25E0,-4.8E0,-1.95E0));
#9641=DIRECTION('',(0.E0,0.E0,1.E0));
#9642=DIRECTION('',(0.E0,1.E0,0.E0));
#9643=AXIS2_PLACEMENT_3D('',#9640,#9641,#9642);
#9644=PLANE('',#9643);
#9645=ORIENTED_EDGE('',*,*,#9336,.F.);
#9646=ORIENTED_EDGE('',*,*,#9635,.T.);
#9647=ORIENTED_EDGE('',*,*,#9424,.T.);
#9649=ORIENTED_EDGE('',*,*,#9648,.F.);
#9650=EDGE_LOOP('',(#9645,#9646,#9647,#9649));
#9651=FACE_OUTER_BOUND('',#9650,.F.);
#9653=CARTESIAN_POINT('',(3.25E0,-1.75E0,-1.45E0));
#9654=DIRECTION('',(-1.E0,0.E0,0.E0));
#9655=DIRECTION('',(0.E0,-1.E0,0.E0));
#9656=AXIS2_PLACEMENT_3D('',#9653,#9654,#9655);
#9657=CYLINDRICAL_SURFACE('',#9656,5.E-1);
#9658=ORIENTED_EDGE('',*,*,#9338,.F.);
#9659=ORIENTED_EDGE('',*,*,#9648,.T.);
#9660=ORIENTED_EDGE('',*,*,#9422,.T.);
#9662=ORIENTED_EDGE('',*,*,#9661,.F.);
#9663=EDGE_LOOP('',(#9658,#9659,#9660,#9662));
#9664=FACE_OUTER_BOUND('',#9663,.F.);
#9666=CARTESIAN_POINT('',(3.25E0,-1.25E0,-1.45E0));
#9667=DIRECTION('',(0.E0,-1.E0,0.E0));
#9668=DIRECTION('',(0.E0,0.E0,1.E0));
#9669=AXIS2_PLACEMENT_3D('',#9666,#9667,#9668);
#9670=PLANE('',#9669);
#9671=ORIENTED_EDGE('',*,*,#9340,.F.);
#9672=ORIENTED_EDGE('',*,*,#9661,.T.);
#9673=ORIENTED_EDGE('',*,*,#9420,.T.);
#9674=ORIENTED_EDGE('',*,*,#7391,.F.);
#9675=EDGE_LOOP('',(#9671,#9672,#9673,#9674));
#9676=FACE_OUTER_BOUND('',#9675,.F.);
#9678=CARTESIAN_POINT('',(5.25E0,0.E0,0.E0));
#9679=DIRECTION('',(-1.E0,0.E0,0.E0));
#9680=DIRECTION('',(0.E0,-1.E0,0.E0));
#9681=AXIS2_PLACEMENT_3D('',#9678,#9679,#9680);
#9682=PLANE('',#9681);
#9684=ORIENTED_EDGE('',*,*,#9683,.T.);
#9686=ORIENTED_EDGE('',*,*,#9685,.T.);
#9688=ORIENTED_EDGE('',*,*,#9687,.T.);
#9689=ORIENTED_EDGE('',*,*,#6877,.F.);
#9690=EDGE_LOOP('',(#9684,#9686,#9688,#9689));
#9691=FACE_OUTER_BOUND('',#9690,.F.);
#9693=CARTESIAN_POINT('',(5.25E0,0.E0,0.E0));
#9694=DIRECTION('',(-1.E0,0.E0,0.E0));
#9695=DIRECTION('',(0.E0,-1.E0,0.E0));
#9696=AXIS2_PLACEMENT_3D('',#9693,#9694,#9695);
#9697=PLANE('',#9696);
#9699=ORIENTED_EDGE('',*,*,#9698,.T.);
#9701=ORIENTED_EDGE('',*,*,#9700,.T.);
#9703=ORIENTED_EDGE('',*,*,#9702,.T.);
#9704=ORIENTED_EDGE('',*,*,#6867,.F.);
#9705=EDGE_LOOP('',(#9699,#9701,#9703,#9704));
#9706=FACE_OUTER_BOUND('',#9705,.F.);
#9708=CARTESIAN_POINT('',(5.25E0,0.E0,0.E0));
#9709=DIRECTION('',(-1.E0,0.E0,0.E0));
#9710=DIRECTION('',(0.E0,-1.E0,0.E0));
#9711=AXIS2_PLACEMENT_3D('',#9708,#9709,#9710);
#9712=PLANE('',#9711);
#9714=ORIENTED_EDGE('',*,*,#9713,.T.);
#9716=ORIENTED_EDGE('',*,*,#9715,.T.);
#9718=ORIENTED_EDGE('',*,*,#9717,.T.);
#9720=ORIENTED_EDGE('',*,*,#9719,.T.);
#9722=ORIENTED_EDGE('',*,*,#9721,.T.);
#9724=ORIENTED_EDGE('',*,*,#9723,.T.);
#9726=ORIENTED_EDGE('',*,*,#9725,.T.);
#9727=ORIENTED_EDGE('',*,*,#7419,.T.);
#9728=EDGE_LOOP('',(#9714,#9716,#9718,#9720,#9722,#9724,#9726,#9727));
#9729=FACE_OUTER_BOUND('',#9728,.F.);
#9731=CARTESIAN_POINT('',(5.25E0,0.E0,0.E0));
#9732=DIRECTION('',(-1.E0,0.E0,0.E0));
#9733=DIRECTION('',(0.E0,-1.E0,0.E0));
#9734=AXIS2_PLACEMENT_3D('',#9731,#9732,#9733);
#9735=PLANE('',#9734);
#9737=ORIENTED_EDGE('',*,*,#9736,.T.);
#9739=ORIENTED_EDGE('',*,*,#9738,.T.);
#9741=ORIENTED_EDGE('',*,*,#9740,.T.);
#9743=ORIENTED_EDGE('',*,*,#9742,.T.);
#9745=ORIENTED_EDGE('',*,*,#9744,.T.);
#9747=ORIENTED_EDGE('',*,*,#9746,.T.);
#9749=ORIENTED_EDGE('',*,*,#9748,.T.);
#9750=ORIENTED_EDGE('',*,*,#7409,.T.);
#9751=EDGE_LOOP('',(#9737,#9739,#9741,#9743,#9745,#9747,#9749,#9750));
#9752=FACE_OUTER_BOUND('',#9751,.F.);
#9754=CARTESIAN_POINT('',(5.25E0,7.5E-1,0.E0));
#9755=DIRECTION('',(0.E0,-1.E0,0.E0));
#9756=DIRECTION('',(0.E0,0.E0,1.E0));
#9757=AXIS2_PLACEMENT_3D('',#9754,#9755,#9756);
#9758=PLANE('',#9757);
#9759=ORIENTED_EDGE('',*,*,#9683,.F.);
#9760=ORIENTED_EDGE('',*,*,#6883,.T.);
#9762=ORIENTED_EDGE('',*,*,#9761,.T.);
#9764=ORIENTED_EDGE('',*,*,#9763,.F.);
#9765=EDGE_LOOP('',(#9759,#9760,#9762,#9764));
#9766=FACE_OUTER_BOUND('',#9765,.F.);
#9768=CARTESIAN_POINT('',(4.75E0,0.E0,0.E0));
#9769=DIRECTION('',(-1.E0,0.E0,0.E0));
#9770=DIRECTION('',(0.E0,-1.E0,0.E0));
#9771=AXIS2_PLACEMENT_3D('',#9768,#9769,#9770);
#9772=PLANE('',#9771);
#9773=ORIENTED_EDGE('',*,*,#9761,.F.);
#9774=ORIENTED_EDGE('',*,*,#6881,.T.);
#9776=ORIENTED_EDGE('',*,*,#9775,.F.);
#9778=ORIENTED_EDGE('',*,*,#9777,.F.);
#9779=EDGE_LOOP('',(#9773,#9774,#9776,#9778));
#9780=FACE_OUTER_BOUND('',#9779,.F.);
#9782=CARTESIAN_POINT('',(4.75E0,0.E0,0.E0));
#9783=DIRECTION('',(-1.E0,0.E0,0.E0));
#9784=DIRECTION('',(0.E0,-1.E0,0.E0));
#9785=AXIS2_PLACEMENT_3D('',#9782,#9783,#9784);
#9786=PLANE('',#9785);
#9788=ORIENTED_EDGE('',*,*,#9787,.F.);
#9789=ORIENTED_EDGE('',*,*,#6871,.T.);
#9791=ORIENTED_EDGE('',*,*,#9790,.F.);
#9793=ORIENTED_EDGE('',*,*,#9792,.F.);
#9794=EDGE_LOOP('',(#9788,#9789,#9791,#9793));
#9795=FACE_OUTER_BOUND('',#9794,.F.);
#9797=CARTESIAN_POINT('',(4.75E0,0.E0,0.E0));
#9798=DIRECTION('',(-1.E0,0.E0,0.E0));
#9799=DIRECTION('',(0.E0,-1.E0,0.E0));
#9800=AXIS2_PLACEMENT_3D('',#9797,#9798,#9799);
#9801=PLANE('',#9800);
#9803=ORIENTED_EDGE('',*,*,#9802,.F.);
#9804=ORIENTED_EDGE('',*,*,#7423,.F.);
#9806=ORIENTED_EDGE('',*,*,#9805,.F.);
#9808=ORIENTED_EDGE('',*,*,#9807,.F.);
#9810=ORIENTED_EDGE('',*,*,#9809,.F.);
#9812=ORIENTED_EDGE('',*,*,#9811,.F.);
#9814=ORIENTED_EDGE('',*,*,#9813,.F.);
#9816=ORIENTED_EDGE('',*,*,#9815,.F.);
#9817=EDGE_LOOP('',(#9803,#9804,#9806,#9808,#9810,#9812,#9814,#9816));
#9818=FACE_OUTER_BOUND('',#9817,.F.);
#9820=CARTESIAN_POINT('',(4.75E0,0.E0,0.E0));
#9821=DIRECTION('',(-1.E0,0.E0,0.E0));
#9822=DIRECTION('',(0.E0,-1.E0,0.E0));
#9823=AXIS2_PLACEMENT_3D('',#9820,#9821,#9822);
#9824=PLANE('',#9823);
#9826=ORIENTED_EDGE('',*,*,#9825,.F.);
#9827=ORIENTED_EDGE('',*,*,#7413,.F.);
#9829=ORIENTED_EDGE('',*,*,#9828,.F.);
#9831=ORIENTED_EDGE('',*,*,#9830,.F.);
#9833=ORIENTED_EDGE('',*,*,#9832,.F.);
#9835=ORIENTED_EDGE('',*,*,#9834,.F.);
#9837=ORIENTED_EDGE('',*,*,#9836,.F.);
#9839=ORIENTED_EDGE('',*,*,#9838,.F.);
#9840=EDGE_LOOP('',(#9826,#9827,#9829,#9831,#9833,#9835,#9837,#9839));
#9841=FACE_OUTER_BOUND('',#9840,.F.);
#9843=CARTESIAN_POINT('',(5.25E0,1.25E0,4.E0));
#9844=DIRECTION('',(0.E0,1.E0,0.E0));
#9845=DIRECTION('',(0.E0,0.E0,-1.E0));
#9846=AXIS2_PLACEMENT_3D('',#9843,#9844,#9845);
#9847=PLANE('',#9846);
#9848=ORIENTED_EDGE('',*,*,#9687,.F.);
#9850=ORIENTED_EDGE('',*,*,#9849,.T.);
#9851=ORIENTED_EDGE('',*,*,#9775,.T.);
#9852=ORIENTED_EDGE('',*,*,#6879,.F.);
#9853=EDGE_LOOP('',(#9848,#9850,#9851,#9852));
#9854=FACE_OUTER_BOUND('',#9853,.F.);
#9856=CARTESIAN_POINT('',(5.25E0,7.5E-1,4.E0));
#9857=DIRECTION('',(0.E0,0.E0,1.E0));
#9858=DIRECTION('',(0.E0,1.E0,0.E0));
#9859=AXIS2_PLACEMENT_3D('',#9856,#9857,#9858);
#9860=PLANE('',#9859);
#9861=ORIENTED_EDGE('',*,*,#9685,.F.);
#9862=ORIENTED_EDGE('',*,*,#9763,.T.);
#9863=ORIENTED_EDGE('',*,*,#9777,.T.);
#9864=ORIENTED_EDGE('',*,*,#9849,.F.);
#9865=EDGE_LOOP('',(#9861,#9862,#9863,#9864));
#9866=FACE_OUTER_BOUND('',#9865,.F.);
#9868=CARTESIAN_POINT('',(5.25E0,-1.25E0,0.E0));
#9869=DIRECTION('',(0.E0,-1.E0,0.E0));
#9870=DIRECTION('',(0.E0,0.E0,1.E0));
#9871=AXIS2_PLACEMENT_3D('',#9868,#9869,#9870);
#9872=PLANE('',#9871);
#9873=ORIENTED_EDGE('',*,*,#9698,.F.);
#9874=ORIENTED_EDGE('',*,*,#6873,.T.);
#9875=ORIENTED_EDGE('',*,*,#9787,.T.);
#9877=ORIENTED_EDGE('',*,*,#9876,.F.);
#9878=EDGE_LOOP('',(#9873,#9874,#9875,#9877));
#9879=FACE_OUTER_BOUND('',#9878,.F.);
#9881=CARTESIAN_POINT('',(5.25E0,-1.25E0,4.E0));
#9882=DIRECTION('',(0.E0,0.E0,1.E0));
#9883=DIRECTION('',(0.E0,1.E0,0.E0));
#9884=AXIS2_PLACEMENT_3D('',#9881,#9882,#9883);
#9885=PLANE('',#9884);
#9886=ORIENTED_EDGE('',*,*,#9700,.F.);
#9887=ORIENTED_EDGE('',*,*,#9876,.T.);
#9888=ORIENTED_EDGE('',*,*,#9792,.T.);
#9890=ORIENTED_EDGE('',*,*,#9889,.F.);
#9891=EDGE_LOOP('',(#9886,#9887,#9888,#9890));
#9892=FACE_OUTER_BOUND('',#9891,.F.);
#9894=CARTESIAN_POINT('',(5.25E0,-7.5E-1,4.E0));
#9895=DIRECTION('',(0.E0,1.E0,0.E0));
#9896=DIRECTION('',(0.E0,0.E0,-1.E0));
#9897=AXIS2_PLACEMENT_3D('',#9894,#9895,#9896);
#9898=PLANE('',#9897);
#9899=ORIENTED_EDGE('',*,*,#9702,.F.);
#9900=ORIENTED_EDGE('',*,*,#9889,.T.);
#9901=ORIENTED_EDGE('',*,*,#9790,.T.);
#9902=ORIENTED_EDGE('',*,*,#6869,.F.);
#9903=EDGE_LOOP('',(#9899,#9900,#9901,#9902));
#9904=FACE_OUTER_BOUND('',#9903,.F.);
#9906=CARTESIAN_POINT('',(5.25E0,1.25E0,-1.15E0));
#9907=DIRECTION('',(0.E0,1.E0,0.E0));
#9908=DIRECTION('',(0.E0,0.E0,-1.E0));
#9909=AXIS2_PLACEMENT_3D('',#9906,#9907,#9908);
#9910=PLANE('',#9909);
#9911=ORIENTED_EDGE('',*,*,#9713,.F.);
#9912=ORIENTED_EDGE('',*,*,#7425,.T.);
#9913=ORIENTED_EDGE('',*,*,#9802,.T.);
#9915=ORIENTED_EDGE('',*,*,#9914,.F.);
#9916=EDGE_LOOP('',(#9911,#9912,#9913,#9915));
#9917=FACE_OUTER_BOUND('',#9916,.F.);
#9919=CARTESIAN_POINT('',(5.25E0,2.5E-1,-3.45E0));
#9920=DIRECTION('',(-1.E0,0.E0,0.E0));
#9921=DIRECTION('',(0.E0,-1.E0,0.E0));
#9922=AXIS2_PLACEMENT_3D('',#9919,#9920,#9921);
#9923=CYLINDRICAL_SURFACE('',#9922,1.E0);
#9924=ORIENTED_EDGE('',*,*,#9715,.F.);
#9925=ORIENTED_EDGE('',*,*,#9914,.T.);
#9926=ORIENTED_EDGE('',*,*,#9815,.T.);
#9928=ORIENTED_EDGE('',*,*,#9927,.F.);
#9929=EDGE_LOOP('',(#9924,#9925,#9926,#9928));
#9930=FACE_OUTER_BOUND('',#9929,.F.);
#9932=CARTESIAN_POINT('',(5.25E0,2.5E-1,-4.45E0));
#9933=DIRECTION('',(0.E0,0.E0,-1.E0));
#9934=DIRECTION('',(0.E0,-1.E0,0.E0));
#9935=AXIS2_PLACEMENT_3D('',#9932,#9933,#9934);
#9936=PLANE('',#9935);
#9937=ORIENTED_EDGE('',*,*,#9717,.F.);
#9938=ORIENTED_EDGE('',*,*,#9927,.T.);
#9939=ORIENTED_EDGE('',*,*,#9813,.T.);
#9941=ORIENTED_EDGE('',*,*,#9940,.F.);
#9942=EDGE_LOOP('',(#9937,#9938,#9939,#9941));
#9943=FACE_OUTER_BOUND('',#9942,.F.);
#9945=CARTESIAN_POINT('',(5.25E0,-4.8E0,-4.45E0));
#9946=DIRECTION('',(0.E0,-1.E0,0.E0));
#9947=DIRECTION('',(0.E0,0.E0,1.E0));
#9948=AXIS2_PLACEMENT_3D('',#9945,#9946,#9947);
#9949=PLANE('',#9948);
#9950=ORIENTED_EDGE('',*,*,#9719,.F.);
#9951=ORIENTED_EDGE('',*,*,#9940,.T.);
#9952=ORIENTED_EDGE('',*,*,#9811,.T.);
#9954=ORIENTED_EDGE('',*,*,#9953,.F.);
#9955=EDGE_LOOP('',(#9950,#9951,#9952,#9954));
#9956=FACE_OUTER_BOUND('',#9955,.F.);
#9958=CARTESIAN_POINT('',(5.25E0,-4.8E0,-3.95E0));
#9959=DIRECTION('',(0.E0,0.E0,1.E0));
#9960=DIRECTION('',(0.E0,1.E0,0.E0));
#9961=AXIS2_PLACEMENT_3D('',#9958,#9959,#9960);
#9962=PLANE('',#9961);
#9963=ORIENTED_EDGE('',*,*,#9721,.F.);
#9964=ORIENTED_EDGE('',*,*,#9953,.T.);
#9965=ORIENTED_EDGE('',*,*,#9809,.T.);
#9967=ORIENTED_EDGE('',*,*,#9966,.F.);
#9968=EDGE_LOOP('',(#9963,#9964,#9965,#9967));
#9969=FACE_OUTER_BOUND('',#9968,.F.);
#9971=CARTESIAN_POINT('',(5.25E0,2.5E-1,-3.45E0));
#9972=DIRECTION('',(-1.E0,0.E0,0.E0));
#9973=DIRECTION('',(0.E0,-1.E0,0.E0));
#9974=AXIS2_PLACEMENT_3D('',#9971,#9972,#9973);
#9975=CYLINDRICAL_SURFACE('',#9974,5.E-1);
#9976=ORIENTED_EDGE('',*,*,#9723,.F.);
#9977=ORIENTED_EDGE('',*,*,#9966,.T.);
#9978=ORIENTED_EDGE('',*,*,#9807,.T.);
#9980=ORIENTED_EDGE('',*,*,#9979,.F.);
#9981=EDGE_LOOP('',(#9976,#9977,#9978,#9980));
#9982=FACE_OUTER_BOUND('',#9981,.F.);
#9984=CARTESIAN_POINT('',(5.25E0,7.5E-1,-3.45E0));
#9985=DIRECTION('',(0.E0,-1.E0,0.E0));
#9986=DIRECTION('',(0.E0,0.E0,1.E0));
#9987=AXIS2_PLACEMENT_3D('',#9984,#9985,#9986);
#9988=PLANE('',#9987);
#9989=ORIENTED_EDGE('',*,*,#9725,.F.);
#9990=ORIENTED_EDGE('',*,*,#9979,.T.);
#9991=ORIENTED_EDGE('',*,*,#9805,.T.);
#9992=ORIENTED_EDGE('',*,*,#7421,.F.);
#9993=EDGE_LOOP('',(#9989,#9990,#9991,#9992));
#9994=FACE_OUTER_BOUND('',#9993,.F.);
#9996=CARTESIAN_POINT('',(5.25E0,-7.5E-1,-1.15E0));
#9997=DIRECTION('',(0.E0,1.E0,0.E0));
#9998=DIRECTION('',(0.E0,0.E0,-1.E0));
#9999=AXIS2_PLACEMENT_3D('',#9996,#9997,#9998);
#10000=PLANE('',#9999);
#10001=ORIENTED_EDGE('',*,*,#9736,.F.);
#10002=ORIENTED_EDGE('',*,*,#7415,.T.);
#10003=ORIENTED_EDGE('',*,*,#9825,.T.);
#10005=ORIENTED_EDGE('',*,*,#10004,.F.);
#10006=EDGE_LOOP('',(#10001,#10002,#10003,#10005));
#10007=FACE_OUTER_BOUND('',#10006,.F.);
#10009=CARTESIAN_POINT('',(5.25E0,-1.75E0,-1.45E0));
#10010=DIRECTION('',(-1.E0,0.E0,0.E0));
#10011=DIRECTION('',(0.E0,-1.E0,0.E0));
#10012=AXIS2_PLACEMENT_3D('',#10009,#10010,#10011);
#10013=CYLINDRICAL_SURFACE('',#10012,1.E0);
#10014=ORIENTED_EDGE('',*,*,#9738,.F.);
#10015=ORIENTED_EDGE('',*,*,#10004,.T.);
#10016=ORIENTED_EDGE('',*,*,#9838,.T.);
#10018=ORIENTED_EDGE('',*,*,#10017,.F.);
#10019=EDGE_LOOP('',(#10014,#10015,#10016,#10018));
#10020=FACE_OUTER_BOUND('',#10019,.F.);
#10022=CARTESIAN_POINT('',(5.25E0,-1.75E0,-2.45E0));
#10023=DIRECTION('',(0.E0,0.E0,-1.E0));
#10024=DIRECTION('',(0.E0,-1.E0,0.E0));
#10025=AXIS2_PLACEMENT_3D('',#10022,#10023,#10024);
#10026=PLANE('',#10025);
#10027=ORIENTED_EDGE('',*,*,#9740,.F.);
#10028=ORIENTED_EDGE('',*,*,#10017,.T.);
#10029=ORIENTED_EDGE('',*,*,#9836,.T.);
#10031=ORIENTED_EDGE('',*,*,#10030,.F.);
#10032=EDGE_LOOP('',(#10027,#10028,#10029,#10031));
#10033=FACE_OUTER_BOUND('',#10032,.F.);
#10035=CARTESIAN_POINT('',(5.25E0,-4.8E0,-2.45E0));
#10036=DIRECTION('',(0.E0,-1.E0,0.E0));
#10037=DIRECTION('',(0.E0,0.E0,1.E0));
#10038=AXIS2_PLACEMENT_3D('',#10035,#10036,#10037);
#10039=PLANE('',#10038);
#10040=ORIENTED_EDGE('',*,*,#9742,.F.);
#10041=ORIENTED_EDGE('',*,*,#10030,.T.);
#10042=ORIENTED_EDGE('',*,*,#9834,.T.);
#10044=ORIENTED_EDGE('',*,*,#10043,.F.);
#10045=EDGE_LOOP('',(#10040,#10041,#10042,#10044));
#10046=FACE_OUTER_BOUND('',#10045,.F.);
#10048=CARTESIAN_POINT('',(5.25E0,-4.8E0,-1.95E0));
#10049=DIRECTION('',(0.E0,0.E0,1.E0));
#10050=DIRECTION('',(0.E0,1.E0,0.E0));
#10051=AXIS2_PLACEMENT_3D('',#10048,#10049,#10050);
#10052=PLANE('',#10051);
#10053=ORIENTED_EDGE('',*,*,#9744,.F.);
#10054=ORIENTED_EDGE('',*,*,#10043,.T.);
#10055=ORIENTED_EDGE('',*,*,#9832,.T.);
#10057=ORIENTED_EDGE('',*,*,#10056,.F.);
#10058=EDGE_LOOP('',(#10053,#10054,#10055,#10057));
#10059=FACE_OUTER_BOUND('',#10058,.F.);
#10061=CARTESIAN_POINT('',(5.25E0,-1.75E0,-1.45E0));
#10062=DIRECTION('',(-1.E0,0.E0,0.E0));
#10063=DIRECTION('',(0.E0,-1.E0,0.E0));
#10064=AXIS2_PLACEMENT_3D('',#10061,#10062,#10063);
#10065=CYLINDRICAL_SURFACE('',#10064,5.E-1);
#10066=ORIENTED_EDGE('',*,*,#9746,.F.);
#10067=ORIENTED_EDGE('',*,*,#10056,.T.);
#10068=ORIENTED_EDGE('',*,*,#9830,.T.);
#10070=ORIENTED_EDGE('',*,*,#10069,.F.);
#10071=EDGE_LOOP('',(#10066,#10067,#10068,#10070));
#10072=FACE_OUTER_BOUND('',#10071,.F.);
#10074=CARTESIAN_POINT('',(5.25E0,-1.25E0,-1.45E0));
#10075=DIRECTION('',(0.E0,-1.E0,0.E0));
#10076=DIRECTION('',(0.E0,0.E0,1.E0));
#10077=AXIS2_PLACEMENT_3D('',#10074,#10075,#10076);
#10078=PLANE('',#10077);
#10079=ORIENTED_EDGE('',*,*,#9748,.F.);
#10080=ORIENTED_EDGE('',*,*,#10069,.T.);
#10081=ORIENTED_EDGE('',*,*,#9828,.T.);
#10082=ORIENTED_EDGE('',*,*,#7411,.F.);
#10083=EDGE_LOOP('',(#10079,#10080,#10081,#10082));
#10084=FACE_OUTER_BOUND('',#10083,.F.);
#10086=CARTESIAN_POINT('',(7.25E0,0.E0,0.E0));
#10087=DIRECTION('',(-1.E0,0.E0,0.E0));
#10088=DIRECTION('',(0.E0,-1.E0,0.E0));
#10089=AXIS2_PLACEMENT_3D('',#10086,#10087,#10088);
#10090=PLANE('',#10089);
#10092=ORIENTED_EDGE('',*,*,#10091,.T.);
#10094=ORIENTED_EDGE('',*,*,#10093,.T.);
#10096=ORIENTED_EDGE('',*,*,#10095,.T.);
#10097=ORIENTED_EDGE('',*,*,#6913,.F.);
#10098=EDGE_LOOP('',(#10092,#10094,#10096,#10097));
#10099=FACE_OUTER_BOUND('',#10098,.F.);
#10101=CARTESIAN_POINT('',(7.25E0,0.E0,0.E0));
#10102=DIRECTION('',(-1.E0,0.E0,0.E0));
#10103=DIRECTION('',(0.E0,-1.E0,0.E0));
#10104=AXIS2_PLACEMENT_3D('',#10101,#10102,#10103);
#10105=PLANE('',#10104);
#10107=ORIENTED_EDGE('',*,*,#10106,.T.);
#10109=ORIENTED_EDGE('',*,*,#10108,.T.);
#10111=ORIENTED_EDGE('',*,*,#10110,.T.);
#10112=ORIENTED_EDGE('',*,*,#6903,.F.);
#10113=EDGE_LOOP('',(#10107,#10109,#10111,#10112));
#10114=FACE_OUTER_BOUND('',#10113,.F.);
#10116=CARTESIAN_POINT('',(7.25E0,0.E0,0.E0));
#10117=DIRECTION('',(-1.E0,0.E0,0.E0));
#10118=DIRECTION('',(0.E0,-1.E0,0.E0));
#10119=AXIS2_PLACEMENT_3D('',#10116,#10117,#10118);
#10120=PLANE('',#10119);
#10122=ORIENTED_EDGE('',*,*,#10121,.T.);
#10124=ORIENTED_EDGE('',*,*,#10123,.T.);
#10126=ORIENTED_EDGE('',*,*,#10125,.T.);
#10128=ORIENTED_EDGE('',*,*,#10127,.T.);
#10130=ORIENTED_EDGE('',*,*,#10129,.T.);
#10132=ORIENTED_EDGE('',*,*,#10131,.T.);
#10134=ORIENTED_EDGE('',*,*,#10133,.T.);
#10135=ORIENTED_EDGE('',*,*,#7439,.T.);
#10136=EDGE_LOOP('',(#10122,#10124,#10126,#10128,#10130,#10132,#10134,#10135));
#10137=FACE_OUTER_BOUND('',#10136,.F.);
#10139=CARTESIAN_POINT('',(7.25E0,0.E0,0.E0));
#10140=DIRECTION('',(-1.E0,0.E0,0.E0));
#10141=DIRECTION('',(0.E0,-1.E0,0.E0));
#10142=AXIS2_PLACEMENT_3D('',#10139,#10140,#10141);
#10143=PLANE('',#10142);
#10145=ORIENTED_EDGE('',*,*,#10144,.T.);
#10147=ORIENTED_EDGE('',*,*,#10146,.T.);
#10149=ORIENTED_EDGE('',*,*,#10148,.T.);
#10151=ORIENTED_EDGE('',*,*,#10150,.T.);
#10153=ORIENTED_EDGE('',*,*,#10152,.T.);
#10155=ORIENTED_EDGE('',*,*,#10154,.T.);
#10157=ORIENTED_EDGE('',*,*,#10156,.T.);
#10158=ORIENTED_EDGE('',*,*,#7429,.T.);
#10159=EDGE_LOOP('',(#10145,#10147,#10149,#10151,#10153,#10155,#10157,#10158));
#10160=FACE_OUTER_BOUND('',#10159,.F.);
#10162=CARTESIAN_POINT('',(7.25E0,7.5E-1,0.E0));
#10163=DIRECTION('',(0.E0,-1.E0,0.E0));
#10164=DIRECTION('',(0.E0,0.E0,1.E0));
#10165=AXIS2_PLACEMENT_3D('',#10162,#10163,#10164);
#10166=PLANE('',#10165);
#10167=ORIENTED_EDGE('',*,*,#10091,.F.);
#10168=ORIENTED_EDGE('',*,*,#6919,.T.);
#10170=ORIENTED_EDGE('',*,*,#10169,.T.);
#10172=ORIENTED_EDGE('',*,*,#10171,.F.);
#10173=EDGE_LOOP('',(#10167,#10168,#10170,#10172));
#10174=FACE_OUTER_BOUND('',#10173,.F.);
#10176=CARTESIAN_POINT('',(6.75E0,0.E0,0.E0));
#10177=DIRECTION('',(-1.E0,0.E0,0.E0));
#10178=DIRECTION('',(0.E0,-1.E0,0.E0));
#10179=AXIS2_PLACEMENT_3D('',#10176,#10177,#10178);
#10180=PLANE('',#10179);
#10181=ORIENTED_EDGE('',*,*,#10169,.F.);
#10182=ORIENTED_EDGE('',*,*,#6917,.T.);
#10184=ORIENTED_EDGE('',*,*,#10183,.F.);
#10186=ORIENTED_EDGE('',*,*,#10185,.F.);
#10187=EDGE_LOOP('',(#10181,#10182,#10184,#10186));
#10188=FACE_OUTER_BOUND('',#10187,.F.);
#10190=CARTESIAN_POINT('',(6.75E0,0.E0,0.E0));
#10191=DIRECTION('',(-1.E0,0.E0,0.E0));
#10192=DIRECTION('',(0.E0,-1.E0,0.E0));
#10193=AXIS2_PLACEMENT_3D('',#10190,#10191,#10192);
#10194=PLANE('',#10193);
#10196=ORIENTED_EDGE('',*,*,#10195,.F.);
#10197=ORIENTED_EDGE('',*,*,#6907,.T.);
#10199=ORIENTED_EDGE('',*,*,#10198,.F.);
#10201=ORIENTED_EDGE('',*,*,#10200,.F.);
#10202=EDGE_LOOP('',(#10196,#10197,#10199,#10201));
#10203=FACE_OUTER_BOUND('',#10202,.F.);
#10205=CARTESIAN_POINT('',(6.75E0,0.E0,0.E0));
#10206=DIRECTION('',(-1.E0,0.E0,0.E0));
#10207=DIRECTION('',(0.E0,-1.E0,0.E0));
#10208=AXIS2_PLACEMENT_3D('',#10205,#10206,#10207);
#10209=PLANE('',#10208);
#10211=ORIENTED_EDGE('',*,*,#10210,.F.);
#10212=ORIENTED_EDGE('',*,*,#7443,.F.);
#10214=ORIENTED_EDGE('',*,*,#10213,.F.);
#10216=ORIENTED_EDGE('',*,*,#10215,.F.);
#10218=ORIENTED_EDGE('',*,*,#10217,.F.);
#10220=ORIENTED_EDGE('',*,*,#10219,.F.);
#10222=ORIENTED_EDGE('',*,*,#10221,.F.);
#10224=ORIENTED_EDGE('',*,*,#10223,.F.);
#10225=EDGE_LOOP('',(#10211,#10212,#10214,#10216,#10218,#10220,#10222,#10224));
#10226=FACE_OUTER_BOUND('',#10225,.F.);
#10228=CARTESIAN_POINT('',(6.75E0,0.E0,0.E0));
#10229=DIRECTION('',(-1.E0,0.E0,0.E0));
#10230=DIRECTION('',(0.E0,-1.E0,0.E0));
#10231=AXIS2_PLACEMENT_3D('',#10228,#10229,#10230);
#10232=PLANE('',#10231);
#10234=ORIENTED_EDGE('',*,*,#10233,.F.);
#10235=ORIENTED_EDGE('',*,*,#7433,.F.);
#10237=ORIENTED_EDGE('',*,*,#10236,.F.);
#10239=ORIENTED_EDGE('',*,*,#10238,.F.);
#10241=ORIENTED_EDGE('',*,*,#10240,.F.);
#10243=ORIENTED_EDGE('',*,*,#10242,.F.);
#10245=ORIENTED_EDGE('',*,*,#10244,.F.);
#10247=ORIENTED_EDGE('',*,*,#10246,.F.);
#10248=EDGE_LOOP('',(#10234,#10235,#10237,#10239,#10241,#10243,#10245,#10247));
#10249=FACE_OUTER_BOUND('',#10248,.F.);
#10251=CARTESIAN_POINT('',(7.25E0,1.25E0,4.E0));
#10252=DIRECTION('',(0.E0,1.E0,0.E0));
#10253=DIRECTION('',(0.E0,0.E0,-1.E0));
#10254=AXIS2_PLACEMENT_3D('',#10251,#10252,#10253);
#10255=PLANE('',#10254);
#10256=ORIENTED_EDGE('',*,*,#10095,.F.);
#10258=ORIENTED_EDGE('',*,*,#10257,.T.);
#10259=ORIENTED_EDGE('',*,*,#10183,.T.);
#10260=ORIENTED_EDGE('',*,*,#6915,.F.);
#10261=EDGE_LOOP('',(#10256,#10258,#10259,#10260));
#10262=FACE_OUTER_BOUND('',#10261,.F.);
#10264=CARTESIAN_POINT('',(7.25E0,7.5E-1,4.E0));
#10265=DIRECTION('',(0.E0,0.E0,1.E0));
#10266=DIRECTION('',(0.E0,1.E0,0.E0));
#10267=AXIS2_PLACEMENT_3D('',#10264,#10265,#10266);
#10268=PLANE('',#10267);
#10269=ORIENTED_EDGE('',*,*,#10093,.F.);
#10270=ORIENTED_EDGE('',*,*,#10171,.T.);
#10271=ORIENTED_EDGE('',*,*,#10185,.T.);
#10272=ORIENTED_EDGE('',*,*,#10257,.F.);
#10273=EDGE_LOOP('',(#10269,#10270,#10271,#10272));
#10274=FACE_OUTER_BOUND('',#10273,.F.);
#10276=CARTESIAN_POINT('',(7.25E0,-1.25E0,0.E0));
#10277=DIRECTION('',(0.E0,-1.E0,0.E0));
#10278=DIRECTION('',(0.E0,0.E0,1.E0));
#10279=AXIS2_PLACEMENT_3D('',#10276,#10277,#10278);
#10280=PLANE('',#10279);
#10281=ORIENTED_EDGE('',*,*,#10106,.F.);
#10282=ORIENTED_EDGE('',*,*,#6909,.T.);
#10283=ORIENTED_EDGE('',*,*,#10195,.T.);
#10285=ORIENTED_EDGE('',*,*,#10284,.F.);
#10286=EDGE_LOOP('',(#10281,#10282,#10283,#10285));
#10287=FACE_OUTER_BOUND('',#10286,.F.);
#10289=CARTESIAN_POINT('',(7.25E0,-1.25E0,4.E0));
#10290=DIRECTION('',(0.E0,0.E0,1.E0));
#10291=DIRECTION('',(0.E0,1.E0,0.E0));
#10292=AXIS2_PLACEMENT_3D('',#10289,#10290,#10291);
#10293=PLANE('',#10292);
#10294=ORIENTED_EDGE('',*,*,#10108,.F.);
#10295=ORIENTED_EDGE('',*,*,#10284,.T.);
#10296=ORIENTED_EDGE('',*,*,#10200,.T.);
#10298=ORIENTED_EDGE('',*,*,#10297,.F.);
#10299=EDGE_LOOP('',(#10294,#10295,#10296,#10298));
#10300=FACE_OUTER_BOUND('',#10299,.F.);
#10302=CARTESIAN_POINT('',(7.25E0,-7.5E-1,4.E0));
#10303=DIRECTION('',(0.E0,1.E0,0.E0));
#10304=DIRECTION('',(0.E0,0.E0,-1.E0));
#10305=AXIS2_PLACEMENT_3D('',#10302,#10303,#10304);
#10306=PLANE('',#10305);
#10307=ORIENTED_EDGE('',*,*,#10110,.F.);
#10308=ORIENTED_EDGE('',*,*,#10297,.T.);
#10309=ORIENTED_EDGE('',*,*,#10198,.T.);
#10310=ORIENTED_EDGE('',*,*,#6905,.F.);
#10311=EDGE_LOOP('',(#10307,#10308,#10309,#10310));
#10312=FACE_OUTER_BOUND('',#10311,.F.);
#10314=CARTESIAN_POINT('',(7.25E0,1.25E0,-1.15E0));
#10315=DIRECTION('',(0.E0,1.E0,0.E0));
#10316=DIRECTION('',(0.E0,0.E0,-1.E0));
#10317=AXIS2_PLACEMENT_3D('',#10314,#10315,#10316);
#10318=PLANE('',#10317);
#10319=ORIENTED_EDGE('',*,*,#10121,.F.);
#10320=ORIENTED_EDGE('',*,*,#7445,.T.);
#10321=ORIENTED_EDGE('',*,*,#10210,.T.);
#10323=ORIENTED_EDGE('',*,*,#10322,.F.);
#10324=EDGE_LOOP('',(#10319,#10320,#10321,#10323));
#10325=FACE_OUTER_BOUND('',#10324,.F.);
#10327=CARTESIAN_POINT('',(7.25E0,2.5E-1,-3.45E0));
#10328=DIRECTION('',(-1.E0,0.E0,0.E0));
#10329=DIRECTION('',(0.E0,-1.E0,0.E0));
#10330=AXIS2_PLACEMENT_3D('',#10327,#10328,#10329);
#10331=CYLINDRICAL_SURFACE('',#10330,1.E0);
#10332=ORIENTED_EDGE('',*,*,#10123,.F.);
#10333=ORIENTED_EDGE('',*,*,#10322,.T.);
#10334=ORIENTED_EDGE('',*,*,#10223,.T.);
#10336=ORIENTED_EDGE('',*,*,#10335,.F.);
#10337=EDGE_LOOP('',(#10332,#10333,#10334,#10336));
#10338=FACE_OUTER_BOUND('',#10337,.F.);
#10340=CARTESIAN_POINT('',(7.25E0,2.5E-1,-4.45E0));
#10341=DIRECTION('',(0.E0,0.E0,-1.E0));
#10342=DIRECTION('',(0.E0,-1.E0,0.E0));
#10343=AXIS2_PLACEMENT_3D('',#10340,#10341,#10342);
#10344=PLANE('',#10343);
#10345=ORIENTED_EDGE('',*,*,#10125,.F.);
#10346=ORIENTED_EDGE('',*,*,#10335,.T.);
#10347=ORIENTED_EDGE('',*,*,#10221,.T.);
#10349=ORIENTED_EDGE('',*,*,#10348,.F.);
#10350=EDGE_LOOP('',(#10345,#10346,#10347,#10349));
#10351=FACE_OUTER_BOUND('',#10350,.F.);
#10353=CARTESIAN_POINT('',(7.25E0,-4.8E0,-4.45E0));
#10354=DIRECTION('',(0.E0,-1.E0,0.E0));
#10355=DIRECTION('',(0.E0,0.E0,1.E0));
#10356=AXIS2_PLACEMENT_3D('',#10353,#10354,#10355);
#10357=PLANE('',#10356);
#10358=ORIENTED_EDGE('',*,*,#10127,.F.);
#10359=ORIENTED_EDGE('',*,*,#10348,.T.);
#10360=ORIENTED_EDGE('',*,*,#10219,.T.);
#10362=ORIENTED_EDGE('',*,*,#10361,.F.);
#10363=EDGE_LOOP('',(#10358,#10359,#10360,#10362));
#10364=FACE_OUTER_BOUND('',#10363,.F.);
#10366=CARTESIAN_POINT('',(7.25E0,-4.8E0,-3.95E0));
#10367=DIRECTION('',(0.E0,0.E0,1.E0));
#10368=DIRECTION('',(0.E0,1.E0,0.E0));
#10369=AXIS2_PLACEMENT_3D('',#10366,#10367,#10368);
#10370=PLANE('',#10369);
#10371=ORIENTED_EDGE('',*,*,#10129,.F.);
#10372=ORIENTED_EDGE('',*,*,#10361,.T.);
#10373=ORIENTED_EDGE('',*,*,#10217,.T.);
#10375=ORIENTED_EDGE('',*,*,#10374,.F.);
#10376=EDGE_LOOP('',(#10371,#10372,#10373,#10375));
#10377=FACE_OUTER_BOUND('',#10376,.F.);
#10379=CARTESIAN_POINT('',(7.25E0,2.5E-1,-3.45E0));
#10380=DIRECTION('',(-1.E0,0.E0,0.E0));
#10381=DIRECTION('',(0.E0,-1.E0,0.E0));
#10382=AXIS2_PLACEMENT_3D('',#10379,#10380,#10381);
#10383=CYLINDRICAL_SURFACE('',#10382,5.E-1);
#10384=ORIENTED_EDGE('',*,*,#10131,.F.);
#10385=ORIENTED_EDGE('',*,*,#10374,.T.);
#10386=ORIENTED_EDGE('',*,*,#10215,.T.);
#10388=ORIENTED_EDGE('',*,*,#10387,.F.);
#10389=EDGE_LOOP('',(#10384,#10385,#10386,#10388));
#10390=FACE_OUTER_BOUND('',#10389,.F.);
#10392=CARTESIAN_POINT('',(7.25E0,7.5E-1,-3.45E0));
#10393=DIRECTION('',(0.E0,-1.E0,0.E0));
#10394=DIRECTION('',(0.E0,0.E0,1.E0));
#10395=AXIS2_PLACEMENT_3D('',#10392,#10393,#10394);
#10396=PLANE('',#10395);
#10397=ORIENTED_EDGE('',*,*,#10133,.F.);
#10398=ORIENTED_EDGE('',*,*,#10387,.T.);
#10399=ORIENTED_EDGE('',*,*,#10213,.T.);
#10400=ORIENTED_EDGE('',*,*,#7441,.F.);
#10401=EDGE_LOOP('',(#10397,#10398,#10399,#10400));
#10402=FACE_OUTER_BOUND('',#10401,.F.);
#10404=CARTESIAN_POINT('',(7.25E0,-7.5E-1,-1.15E0));
#10405=DIRECTION('',(0.E0,1.E0,0.E0));
#10406=DIRECTION('',(0.E0,0.E0,-1.E0));
#10407=AXIS2_PLACEMENT_3D('',#10404,#10405,#10406);
#10408=PLANE('',#10407);
#10409=ORIENTED_EDGE('',*,*,#10144,.F.);
#10410=ORIENTED_EDGE('',*,*,#7435,.T.);
#10411=ORIENTED_EDGE('',*,*,#10233,.T.);
#10413=ORIENTED_EDGE('',*,*,#10412,.F.);
#10414=EDGE_LOOP('',(#10409,#10410,#10411,#10413));
#10415=FACE_OUTER_BOUND('',#10414,.F.);
#10417=CARTESIAN_POINT('',(7.25E0,-1.75E0,-1.45E0));
#10418=DIRECTION('',(-1.E0,0.E0,0.E0));
#10419=DIRECTION('',(0.E0,-1.E0,0.E0));
#10420=AXIS2_PLACEMENT_3D('',#10417,#10418,#10419);
#10421=CYLINDRICAL_SURFACE('',#10420,1.E0);
#10422=ORIENTED_EDGE('',*,*,#10146,.F.);
#10423=ORIENTED_EDGE('',*,*,#10412,.T.);
#10424=ORIENTED_EDGE('',*,*,#10246,.T.);
#10426=ORIENTED_EDGE('',*,*,#10425,.F.);
#10427=EDGE_LOOP('',(#10422,#10423,#10424,#10426));
#10428=FACE_OUTER_BOUND('',#10427,.F.);
#10430=CARTESIAN_POINT('',(7.25E0,-1.75E0,-2.45E0));
#10431=DIRECTION('',(0.E0,0.E0,-1.E0));
#10432=DIRECTION('',(0.E0,-1.E0,0.E0));
#10433=AXIS2_PLACEMENT_3D('',#10430,#10431,#10432);
#10434=PLANE('',#10433);
#10435=ORIENTED_EDGE('',*,*,#10148,.F.);
#10436=ORIENTED_EDGE('',*,*,#10425,.T.);
#10437=ORIENTED_EDGE('',*,*,#10244,.T.);
#10439=ORIENTED_EDGE('',*,*,#10438,.F.);
#10440=EDGE_LOOP('',(#10435,#10436,#10437,#10439));
#10441=FACE_OUTER_BOUND('',#10440,.F.);
#10443=CARTESIAN_POINT('',(7.25E0,-4.8E0,-2.45E0));
#10444=DIRECTION('',(0.E0,-1.E0,0.E0));
#10445=DIRECTION('',(0.E0,0.E0,1.E0));
#10446=AXIS2_PLACEMENT_3D('',#10443,#10444,#10445);
#10447=PLANE('',#10446);
#10448=ORIENTED_EDGE('',*,*,#10150,.F.);
#10449=ORIENTED_EDGE('',*,*,#10438,.T.);
#10450=ORIENTED_EDGE('',*,*,#10242,.T.);
#10452=ORIENTED_EDGE('',*,*,#10451,.F.);
#10453=EDGE_LOOP('',(#10448,#10449,#10450,#10452));
#10454=FACE_OUTER_BOUND('',#10453,.F.);
#10456=CARTESIAN_POINT('',(7.25E0,-4.8E0,-1.95E0));
#10457=DIRECTION('',(0.E0,0.E0,1.E0));
#10458=DIRECTION('',(0.E0,1.E0,0.E0));
#10459=AXIS2_PLACEMENT_3D('',#10456,#10457,#10458);
#10460=PLANE('',#10459);
#10461=ORIENTED_EDGE('',*,*,#10152,.F.);
#10462=ORIENTED_EDGE('',*,*,#10451,.T.);
#10463=ORIENTED_EDGE('',*,*,#10240,.T.);
#10465=ORIENTED_EDGE('',*,*,#10464,.F.);
#10466=EDGE_LOOP('',(#10461,#10462,#10463,#10465));
#10467=FACE_OUTER_BOUND('',#10466,.F.);
#10469=CARTESIAN_POINT('',(7.25E0,-1.75E0,-1.45E0));
#10470=DIRECTION('',(-1.E0,0.E0,0.E0));
#10471=DIRECTION('',(0.E0,-1.E0,0.E0));
#10472=AXIS2_PLACEMENT_3D('',#10469,#10470,#10471);
#10473=CYLINDRICAL_SURFACE('',#10472,5.E-1);
#10474=ORIENTED_EDGE('',*,*,#10154,.F.);
#10475=ORIENTED_EDGE('',*,*,#10464,.T.);
#10476=ORIENTED_EDGE('',*,*,#10238,.T.);
#10478=ORIENTED_EDGE('',*,*,#10477,.F.);
#10479=EDGE_LOOP('',(#10474,#10475,#10476,#10478));
#10480=FACE_OUTER_BOUND('',#10479,.F.);
#10482=CARTESIAN_POINT('',(7.25E0,-1.25E0,-1.45E0));
#10483=DIRECTION('',(0.E0,-1.E0,0.E0));
#10484=DIRECTION('',(0.E0,0.E0,1.E0));
#10485=AXIS2_PLACEMENT_3D('',#10482,#10483,#10484);
#10486=PLANE('',#10485);
#10487=ORIENTED_EDGE('',*,*,#10156,.F.);
#10488=ORIENTED_EDGE('',*,*,#10477,.T.);
#10489=ORIENTED_EDGE('',*,*,#10236,.T.);
#10490=ORIENTED_EDGE('',*,*,#7431,.F.);
#10491=EDGE_LOOP('',(#10487,#10488,#10489,#10490));
#10492=FACE_OUTER_BOUND('',#10491,.F.);
#10494=CARTESIAN_POINT('',(8.E0,0.E0,0.E0));
#10495=DIRECTION('',(1.E0,0.E0,0.E0));
#10496=DIRECTION('',(0.E0,-1.E0,0.E0));
#10497=AXIS2_PLACEMENT_3D('',#10494,#10495,#10496);
#10498=PLANE('',#10497);
#10500=ORIENTED_EDGE('',*,*,#10499,.F.);
#10502=ORIENTED_EDGE('',*,*,#10501,.T.);
#10504=ORIENTED_EDGE('',*,*,#10503,.T.);
#10505=ORIENTED_EDGE('',*,*,#7161,.F.);
#10507=ORIENTED_EDGE('',*,*,#10506,.T.);
#10509=ORIENTED_EDGE('',*,*,#10508,.F.);
#10510=EDGE_LOOP('',(#10500,#10502,#10504,#10505,#10507,#10509));
#10511=FACE_OUTER_BOUND('',#10510,.F.);
#10513=CARTESIAN_POINT('',(7.7E0,-2.E0,0.E0));
#10514=DIRECTION('',(-8.574929257125E-1,0.E0,-5.144957554275E-1));
#10515=DIRECTION('',(5.144957554275E-1,0.E0,-8.574929257125E-1));
#10516=AXIS2_PLACEMENT_3D('',#10513,#10514,#10515);
#10517=PLANE('',#10516);
#10519=ORIENTED_EDGE('',*,*,#10518,.T.);
#10520=ORIENTED_EDGE('',*,*,#6893,.F.);
#10522=ORIENTED_EDGE('',*,*,#10521,.T.);
#10523=ORIENTED_EDGE('',*,*,#10499,.T.);
#10524=EDGE_LOOP('',(#10519,#10520,#10522,#10523));
#10525=FACE_OUTER_BOUND('',#10524,.F.);
#10527=CARTESIAN_POINT('',(8.E0,-8.E-1,0.E0));
#10528=DIRECTION('',(-9.701425001453E-1,2.425356250363E-1,0.E0));
#10529=DIRECTION('',(-2.425356250363E-1,-9.701425001453E-1,0.E0));
#10530=AXIS2_PLACEMENT_3D('',#10527,#10528,#10529);
#10531=PLANE('',#10530);
#10532=ORIENTED_EDGE('',*,*,#10508,.T.);
#10534=ORIENTED_EDGE('',*,*,#10533,.F.);
#10536=ORIENTED_EDGE('',*,*,#10535,.F.);
#10537=ORIENTED_EDGE('',*,*,#10518,.F.);
#10538=EDGE_LOOP('',(#10532,#10534,#10536,#10537));
#10539=FACE_OUTER_BOUND('',#10538,.F.);
#10541=CARTESIAN_POINT('',(8.E0,-2.E0,-1.15E0));
#10542=DIRECTION('',(-7.592566023653E-1,0.E0,6.507913734560E-1));
#10543=DIRECTION('',(-6.507913734560E-1,0.E0,-7.592566023653E-1));
#10544=AXIS2_PLACEMENT_3D('',#10541,#10542,#10543);
#10545=PLANE('',#10544);
#10547=ORIENTED_EDGE('',*,*,#10546,.T.);
#10549=ORIENTED_EDGE('',*,*,#10548,.F.);
#10551=ORIENTED_EDGE('',*,*,#10550,.T.);
#10552=ORIENTED_EDGE('',*,*,#10503,.F.);
#10553=EDGE_LOOP('',(#10547,#10549,#10551,#10552));
#10554=FACE_OUTER_BOUND('',#10553,.F.);
#10556=CARTESIAN_POINT('',(8.E0,-2.E0,-1.15E0));
#10557=DIRECTION('',(-7.592566023653E-1,0.E0,6.507913734560E-1));
#10558=DIRECTION('',(-6.507913734560E-1,0.E0,-7.592566023653E-1));
#10559=AXIS2_PLACEMENT_3D('',#10556,#10557,#10558);
#10560=PLANE('',#10559);
#10562=ORIENTED_EDGE('',*,*,#10561,.T.);
#10564=ORIENTED_EDGE('',*,*,#10563,.F.);
#10565=ORIENTED_EDGE('',*,*,#10533,.T.);
#10566=ORIENTED_EDGE('',*,*,#10506,.F.);
#10567=EDGE_LOOP('',(#10562,#10564,#10565,#10566));
#10568=FACE_OUTER_BOUND('',#10567,.F.);
#10570=CARTESIAN_POINT('',(7.7E0,2.E0,0.E0));
#10571=DIRECTION('',(-9.701425001453E-1,-2.425356250363E-1,0.E0));
#10572=DIRECTION('',(2.425356250363E-1,-9.701425001453E-1,0.E0));
#10573=AXIS2_PLACEMENT_3D('',#10570,#10571,#10572);
#10574=PLANE('',#10573);
#10575=ORIENTED_EDGE('',*,*,#10501,.F.);
#10576=ORIENTED_EDGE('',*,*,#10521,.F.);
#10578=ORIENTED_EDGE('',*,*,#10577,.F.);
#10579=ORIENTED_EDGE('',*,*,#10546,.F.);
#10580=EDGE_LOOP('',(#10575,#10576,#10578,#10579));
#10581=FACE_OUTER_BOUND('',#10580,.F.);
#10583=CARTESIAN_POINT('',(-8.E0,2.E0,-1.5E0));
#10584=DIRECTION('',(0.E0,1.E0,0.E0));
#10585=DIRECTION('',(0.E0,0.E0,1.E0));
#10586=AXIS2_PLACEMENT_3D('',#10583,#10584,#10585);
#10587=PLANE('',#10586);
#10589=ORIENTED_EDGE('',*,*,#10588,.T.);
#10590=ORIENTED_EDGE('',*,*,#7215,.T.);
#10592=ORIENTED_EDGE('',*,*,#10591,.F.);
#10594=ORIENTED_EDGE('',*,*,#10593,.T.);
#10596=ORIENTED_EDGE('',*,*,#10595,.T.);
#10597=ORIENTED_EDGE('',*,*,#6683,.F.);
#10599=ORIENTED_EDGE('',*,*,#10598,.F.);
#10601=ORIENTED_EDGE('',*,*,#10600,.T.);
#10602=EDGE_LOOP('',(#10589,#10590,#10592,#10594,#10596,#10597,#10599,#10601));
#10603=FACE_OUTER_BOUND('',#10602,.F.);
#10605=CARTESIAN_POINT('',(-8.E0,2.E0,-1.5E0));
#10606=DIRECTION('',(0.E0,1.E0,0.E0));
#10607=DIRECTION('',(0.E0,0.E0,1.E0));
#10608=AXIS2_PLACEMENT_3D('',#10605,#10606,#10607);
#10609=PLANE('',#10608);
#10611=ORIENTED_EDGE('',*,*,#10610,.T.);
#10612=ORIENTED_EDGE('',*,*,#7207,.T.);
#10614=ORIENTED_EDGE('',*,*,#10613,.F.);
#10616=ORIENTED_EDGE('',*,*,#10615,.T.);
#10618=ORIENTED_EDGE('',*,*,#10617,.T.);
#10619=ORIENTED_EDGE('',*,*,#6719,.F.);
#10621=ORIENTED_EDGE('',*,*,#10620,.F.);
#10623=ORIENTED_EDGE('',*,*,#10622,.T.);
#10624=EDGE_LOOP('',(#10611,#10612,#10614,#10616,#10618,#10619,#10621,#10623));
#10625=FACE_OUTER_BOUND('',#10624,.F.);
#10627=CARTESIAN_POINT('',(-8.E0,2.E0,-1.5E0));
#10628=DIRECTION('',(0.E0,1.E0,0.E0));
#10629=DIRECTION('',(0.E0,0.E0,1.E0));
#10630=AXIS2_PLACEMENT_3D('',#10627,#10628,#10629);
#10631=PLANE('',#10630);
#10633=ORIENTED_EDGE('',*,*,#10632,.T.);
#10634=ORIENTED_EDGE('',*,*,#7199,.T.);
#10636=ORIENTED_EDGE('',*,*,#10635,.F.);
#10638=ORIENTED_EDGE('',*,*,#10637,.T.);
#10640=ORIENTED_EDGE('',*,*,#10639,.T.);
#10641=ORIENTED_EDGE('',*,*,#6755,.F.);
#10643=ORIENTED_EDGE('',*,*,#10642,.F.);
#10645=ORIENTED_EDGE('',*,*,#10644,.T.);
#10646=EDGE_LOOP('',(#10633,#10634,#10636,#10638,#10640,#10641,#10643,#10645));
#10647=FACE_OUTER_BOUND('',#10646,.F.);
#10649=CARTESIAN_POINT('',(-8.E0,2.E0,-1.5E0));
#10650=DIRECTION('',(0.E0,1.E0,0.E0));
#10651=DIRECTION('',(0.E0,0.E0,1.E0));
#10652=AXIS2_PLACEMENT_3D('',#10649,#10650,#10651);
#10653=PLANE('',#10652);
#10655=ORIENTED_EDGE('',*,*,#10654,.T.);
#10656=ORIENTED_EDGE('',*,*,#7191,.T.);
#10658=ORIENTED_EDGE('',*,*,#10657,.F.);
#10660=ORIENTED_EDGE('',*,*,#10659,.T.);
#10662=ORIENTED_EDGE('',*,*,#10661,.T.);
#10663=ORIENTED_EDGE('',*,*,#6791,.F.);
#10665=ORIENTED_EDGE('',*,*,#10664,.F.);
#10667=ORIENTED_EDGE('',*,*,#10666,.T.);
#10668=EDGE_LOOP('',(#10655,#10656,#10658,#10660,#10662,#10663,#10665,#10667));
#10669=FACE_OUTER_BOUND('',#10668,.F.);
#10671=CARTESIAN_POINT('',(-8.E0,2.E0,-1.5E0));
#10672=DIRECTION('',(0.E0,1.E0,0.E0));
#10673=DIRECTION('',(0.E0,0.E0,1.E0));
#10674=AXIS2_PLACEMENT_3D('',#10671,#10672,#10673);
#10675=PLANE('',#10674);
#10677=ORIENTED_EDGE('',*,*,#10676,.T.);
#10678=ORIENTED_EDGE('',*,*,#7183,.T.);
#10680=ORIENTED_EDGE('',*,*,#10679,.F.);
#10682=ORIENTED_EDGE('',*,*,#10681,.T.);
#10684=ORIENTED_EDGE('',*,*,#10683,.T.);
#10685=ORIENTED_EDGE('',*,*,#6827,.F.);
#10687=ORIENTED_EDGE('',*,*,#10686,.F.);
#10689=ORIENTED_EDGE('',*,*,#10688,.T.);
#10690=EDGE_LOOP('',(#10677,#10678,#10680,#10682,#10684,#10685,#10687,#10689));
#10691=FACE_OUTER_BOUND('',#10690,.F.);
#10693=CARTESIAN_POINT('',(-8.E0,2.E0,-1.5E0));
#10694=DIRECTION('',(0.E0,1.E0,0.E0));
#10695=DIRECTION('',(0.E0,0.E0,1.E0));
#10696=AXIS2_PLACEMENT_3D('',#10693,#10694,#10695);
#10697=PLANE('',#10696);
#10699=ORIENTED_EDGE('',*,*,#10698,.T.);
#10700=ORIENTED_EDGE('',*,*,#7175,.T.);
#10702=ORIENTED_EDGE('',*,*,#10701,.F.);
#10704=ORIENTED_EDGE('',*,*,#10703,.T.);
#10706=ORIENTED_EDGE('',*,*,#10705,.T.);
#10707=ORIENTED_EDGE('',*,*,#6863,.F.);
#10709=ORIENTED_EDGE('',*,*,#10708,.F.);
#10711=ORIENTED_EDGE('',*,*,#10710,.T.);
#10712=EDGE_LOOP('',(#10699,#10700,#10702,#10704,#10706,#10707,#10709,#10711));
#10713=FACE_OUTER_BOUND('',#10712,.F.);
#10715=CARTESIAN_POINT('',(-8.E0,2.E0,-1.5E0));
#10716=DIRECTION('',(0.E0,1.E0,0.E0));
#10717=DIRECTION('',(0.E0,0.E0,1.E0));
#10718=AXIS2_PLACEMENT_3D('',#10715,#10716,#10717);
#10719=PLANE('',#10718);
#10721=ORIENTED_EDGE('',*,*,#10720,.T.);
#10722=ORIENTED_EDGE('',*,*,#7167,.T.);
#10724=ORIENTED_EDGE('',*,*,#10723,.F.);
#10726=ORIENTED_EDGE('',*,*,#10725,.T.);
#10727=ORIENTED_EDGE('',*,*,#10577,.T.);
#10728=ORIENTED_EDGE('',*,*,#6899,.F.);
#10730=ORIENTED_EDGE('',*,*,#10729,.F.);
#10732=ORIENTED_EDGE('',*,*,#10731,.T.);
#10733=EDGE_LOOP('',(#10721,#10722,#10724,#10726,#10727,#10728,#10730,#10732));
#10734=FACE_OUTER_BOUND('',#10733,.F.);
#10736=CARTESIAN_POINT('',(-8.E0,2.E0,-1.5E0));
#10737=DIRECTION('',(0.E0,1.E0,0.E0));
#10738=DIRECTION('',(0.E0,0.E0,1.E0));
#10739=AXIS2_PLACEMENT_3D('',#10736,#10737,#10738);
#10740=PLANE('',#10739);
#10742=ORIENTED_EDGE('',*,*,#10741,.T.);
#10744=ORIENTED_EDGE('',*,*,#10743,.T.);
#10746=ORIENTED_EDGE('',*,*,#10745,.T.);
#10747=ORIENTED_EDGE('',*,*,#7223,.T.);
#10749=ORIENTED_EDGE('',*,*,#10748,.F.);
#10751=ORIENTED_EDGE('',*,*,#10750,.T.);
#10753=ORIENTED_EDGE('',*,*,#10752,.T.);
#10754=ORIENTED_EDGE('',*,*,#6930,.F.);
#10755=EDGE_LOOP('',(#10742,#10744,#10746,#10747,#10749,#10751,#10753,#10754));
#10756=FACE_OUTER_BOUND('',#10755,.F.);
#10758=CARTESIAN_POINT('',(-5.35E0,2.E0,-1.5E0));
#10759=DIRECTION('',(-1.E0,0.E0,0.E0));
#10760=DIRECTION('',(0.E0,0.E0,1.E0));
#10761=AXIS2_PLACEMENT_3D('',#10758,#10759,#10760);
#10762=PLANE('',#10761);
#10763=ORIENTED_EDGE('',*,*,#7217,.F.);
#10764=ORIENTED_EDGE('',*,*,#10588,.F.);
#10766=ORIENTED_EDGE('',*,*,#10765,.F.);
#10768=ORIENTED_EDGE('',*,*,#10767,.F.);
#10769=EDGE_LOOP('',(#10763,#10764,#10766,#10768));
#10770=FACE_OUTER_BOUND('',#10769,.F.);
#10772=CARTESIAN_POINT('',(-5.35E0,2.E0,-1.5E0));
#10773=DIRECTION('',(-1.E0,0.E0,0.E0));
#10774=DIRECTION('',(0.E0,0.E0,1.E0));
#10775=AXIS2_PLACEMENT_3D('',#10772,#10773,#10774);
#10776=PLANE('',#10775);
#10777=ORIENTED_EDGE('',*,*,#7243,.F.);
#10779=ORIENTED_EDGE('',*,*,#10778,.F.);
#10781=ORIENTED_EDGE('',*,*,#10780,.F.);
#10783=ORIENTED_EDGE('',*,*,#10782,.T.);
#10784=EDGE_LOOP('',(#10777,#10779,#10781,#10783));
#10785=FACE_OUTER_BOUND('',#10784,.F.);
#10787=CARTESIAN_POINT('',(-8.E0,6.E-1,-1.5E0));
#10788=DIRECTION('',(0.E0,0.E0,-1.E0));
#10789=DIRECTION('',(0.E0,1.E0,0.E0));
#10790=AXIS2_PLACEMENT_3D('',#10787,#10788,#10789);
#10791=PLANE('',#10790);
#10793=ORIENTED_EDGE('',*,*,#10792,.F.);
#10795=ORIENTED_EDGE('',*,*,#10794,.T.);
#10797=ORIENTED_EDGE('',*,*,#10796,.T.);
#10798=ORIENTED_EDGE('',*,*,#10750,.F.);
#10799=EDGE_LOOP('',(#10793,#10795,#10797,#10798));
#10800=FACE_OUTER_BOUND('',#10799,.F.);
#10802=CARTESIAN_POINT('',(-8.E0,6.E-1,-1.5E0));
#10803=DIRECTION('',(0.E0,0.E0,-1.E0));
#10804=DIRECTION('',(0.E0,1.E0,0.E0));
#10805=AXIS2_PLACEMENT_3D('',#10802,#10803,#10804);
#10806=PLANE('',#10805);
#10807=ORIENTED_EDGE('',*,*,#10765,.T.);
#10808=ORIENTED_EDGE('',*,*,#10600,.F.);
#10810=ORIENTED_EDGE('',*,*,#10809,.F.);
#10812=ORIENTED_EDGE('',*,*,#10811,.T.);
#10813=EDGE_LOOP('',(#10807,#10808,#10810,#10812));
#10814=FACE_OUTER_BOUND('',#10813,.F.);
#10816=CARTESIAN_POINT('',(-8.E0,6.E-1,-1.5E0));
#10817=DIRECTION('',(0.E0,0.E0,-1.E0));
#10818=DIRECTION('',(0.E0,1.E0,0.E0));
#10819=AXIS2_PLACEMENT_3D('',#10816,#10817,#10818);
#10820=PLANE('',#10819);
#10822=ORIENTED_EDGE('',*,*,#10821,.F.);
#10824=ORIENTED_EDGE('',*,*,#10823,.T.);
#10826=ORIENTED_EDGE('',*,*,#10825,.T.);
#10827=ORIENTED_EDGE('',*,*,#10593,.F.);
#10828=EDGE_LOOP('',(#10822,#10824,#10826,#10827));
#10829=FACE_OUTER_BOUND('',#10828,.F.);
#10831=CARTESIAN_POINT('',(-8.E0,6.E-1,-1.5E0));
#10832=DIRECTION('',(0.E0,0.E0,-1.E0));
#10833=DIRECTION('',(0.E0,1.E0,0.E0));
#10834=AXIS2_PLACEMENT_3D('',#10831,#10832,#10833);
#10835=PLANE('',#10834);
#10837=ORIENTED_EDGE('',*,*,#10836,.T.);
#10838=ORIENTED_EDGE('',*,*,#10622,.F.);
#10840=ORIENTED_EDGE('',*,*,#10839,.F.);
#10842=ORIENTED_EDGE('',*,*,#10841,.T.);
#10843=EDGE_LOOP('',(#10837,#10838,#10840,#10842));
#10844=FACE_OUTER_BOUND('',#10843,.F.);
#10846=CARTESIAN_POINT('',(-8.E0,6.E-1,-1.5E0));
#10847=DIRECTION('',(0.E0,0.E0,-1.E0));
#10848=DIRECTION('',(0.E0,1.E0,0.E0));
#10849=AXIS2_PLACEMENT_3D('',#10846,#10847,#10848);
#10850=PLANE('',#10849);
#10852=ORIENTED_EDGE('',*,*,#10851,.F.);
#10854=ORIENTED_EDGE('',*,*,#10853,.T.);
#10856=ORIENTED_EDGE('',*,*,#10855,.T.);
#10857=ORIENTED_EDGE('',*,*,#10615,.F.);
#10858=EDGE_LOOP('',(#10852,#10854,#10856,#10857));
#10859=FACE_OUTER_BOUND('',#10858,.F.);
#10861=CARTESIAN_POINT('',(-8.E0,6.E-1,-1.5E0));
#10862=DIRECTION('',(0.E0,0.E0,-1.E0));
#10863=DIRECTION('',(0.E0,1.E0,0.E0));
#10864=AXIS2_PLACEMENT_3D('',#10861,#10862,#10863);
#10865=PLANE('',#10864);
#10867=ORIENTED_EDGE('',*,*,#10866,.T.);
#10868=ORIENTED_EDGE('',*,*,#10644,.F.);
#10870=ORIENTED_EDGE('',*,*,#10869,.F.);
#10872=ORIENTED_EDGE('',*,*,#10871,.T.);
#10873=EDGE_LOOP('',(#10867,#10868,#10870,#10872));
#10874=FACE_OUTER_BOUND('',#10873,.F.);
#10876=CARTESIAN_POINT('',(-8.E0,6.E-1,-1.5E0));
#10877=DIRECTION('',(0.E0,0.E0,-1.E0));
#10878=DIRECTION('',(0.E0,1.E0,0.E0));
#10879=AXIS2_PLACEMENT_3D('',#10876,#10877,#10878);
#10880=PLANE('',#10879);
#10882=ORIENTED_EDGE('',*,*,#10881,.F.);
#10884=ORIENTED_EDGE('',*,*,#10883,.T.);
#10886=ORIENTED_EDGE('',*,*,#10885,.T.);
#10887=ORIENTED_EDGE('',*,*,#10637,.F.);
#10888=EDGE_LOOP('',(#10882,#10884,#10886,#10887));
#10889=FACE_OUTER_BOUND('',#10888,.F.);
#10891=CARTESIAN_POINT('',(-8.E0,6.E-1,-1.5E0));
#10892=DIRECTION('',(0.E0,0.E0,-1.E0));
#10893=DIRECTION('',(0.E0,1.E0,0.E0));
#10894=AXIS2_PLACEMENT_3D('',#10891,#10892,#10893);
#10895=PLANE('',#10894);
#10897=ORIENTED_EDGE('',*,*,#10896,.T.);
#10898=ORIENTED_EDGE('',*,*,#10666,.F.);
#10900=ORIENTED_EDGE('',*,*,#10899,.F.);
#10902=ORIENTED_EDGE('',*,*,#10901,.T.);
#10903=EDGE_LOOP('',(#10897,#10898,#10900,#10902));
#10904=FACE_OUTER_BOUND('',#10903,.F.);
#10906=CARTESIAN_POINT('',(-8.E0,6.E-1,-1.5E0));
#10907=DIRECTION('',(0.E0,0.E0,-1.E0));
#10908=DIRECTION('',(0.E0,1.E0,0.E0));
#10909=AXIS2_PLACEMENT_3D('',#10906,#10907,#10908);
#10910=PLANE('',#10909);
#10912=ORIENTED_EDGE('',*,*,#10911,.F.);
#10914=ORIENTED_EDGE('',*,*,#10913,.T.);
#10916=ORIENTED_EDGE('',*,*,#10915,.T.);
#10917=ORIENTED_EDGE('',*,*,#10659,.F.);
#10918=EDGE_LOOP('',(#10912,#10914,#10916,#10917));
#10919=FACE_OUTER_BOUND('',#10918,.F.);
#10921=CARTESIAN_POINT('',(-8.E0,6.E-1,-1.5E0));
#10922=DIRECTION('',(0.E0,0.E0,-1.E0));
#10923=DIRECTION('',(0.E0,1.E0,0.E0));
#10924=AXIS2_PLACEMENT_3D('',#10921,#10922,#10923);
#10925=PLANE('',#10924);
#10927=ORIENTED_EDGE('',*,*,#10926,.T.);
#10928=ORIENTED_EDGE('',*,*,#10688,.F.);
#10930=ORIENTED_EDGE('',*,*,#10929,.F.);
#10932=ORIENTED_EDGE('',*,*,#10931,.T.);
#10933=EDGE_LOOP('',(#10927,#10928,#10930,#10932));
#10934=FACE_OUTER_BOUND('',#10933,.F.);
#10936=CARTESIAN_POINT('',(-8.E0,6.E-1,-1.5E0));
#10937=DIRECTION('',(0.E0,0.E0,-1.E0));
#10938=DIRECTION('',(0.E0,1.E0,0.E0));
#10939=AXIS2_PLACEMENT_3D('',#10936,#10937,#10938);
#10940=PLANE('',#10939);
#10942=ORIENTED_EDGE('',*,*,#10941,.F.);
#10944=ORIENTED_EDGE('',*,*,#10943,.T.);
#10946=ORIENTED_EDGE('',*,*,#10945,.T.);
#10947=ORIENTED_EDGE('',*,*,#10681,.F.);
#10948=EDGE_LOOP('',(#10942,#10944,#10946,#10947));
#10949=FACE_OUTER_BOUND('',#10948,.F.);
#10951=CARTESIAN_POINT('',(-8.E0,6.E-1,-1.5E0));
#10952=DIRECTION('',(0.E0,0.E0,-1.E0));
#10953=DIRECTION('',(0.E0,1.E0,0.E0));
#10954=AXIS2_PLACEMENT_3D('',#10951,#10952,#10953);
#10955=PLANE('',#10954);
#10957=ORIENTED_EDGE('',*,*,#10956,.T.);
#10958=ORIENTED_EDGE('',*,*,#10710,.F.);
#10960=ORIENTED_EDGE('',*,*,#10959,.F.);
#10962=ORIENTED_EDGE('',*,*,#10961,.T.);
#10963=EDGE_LOOP('',(#10957,#10958,#10960,#10962));
#10964=FACE_OUTER_BOUND('',#10963,.F.);
#10966=CARTESIAN_POINT('',(-8.E0,6.E-1,-1.5E0));
#10967=DIRECTION('',(0.E0,0.E0,-1.E0));
#10968=DIRECTION('',(0.E0,1.E0,0.E0));
#10969=AXIS2_PLACEMENT_3D('',#10966,#10967,#10968);
#10970=PLANE('',#10969);
#10972=ORIENTED_EDGE('',*,*,#10971,.F.);
#10974=ORIENTED_EDGE('',*,*,#10973,.T.);
#10976=ORIENTED_EDGE('',*,*,#10975,.T.);
#10977=ORIENTED_EDGE('',*,*,#10703,.F.);
#10978=EDGE_LOOP('',(#10972,#10974,#10976,#10977));
#10979=FACE_OUTER_BOUND('',#10978,.F.);
#10981=CARTESIAN_POINT('',(-8.E0,6.E-1,-1.5E0));
#10982=DIRECTION('',(0.E0,0.E0,-1.E0));
#10983=DIRECTION('',(0.E0,1.E0,0.E0));
#10984=AXIS2_PLACEMENT_3D('',#10981,#10982,#10983);
#10985=PLANE('',#10984);
#10987=ORIENTED_EDGE('',*,*,#10986,.T.);
#10988=ORIENTED_EDGE('',*,*,#10731,.F.);
#10990=ORIENTED_EDGE('',*,*,#10989,.F.);
#10992=ORIENTED_EDGE('',*,*,#10991,.T.);
#10993=EDGE_LOOP('',(#10987,#10988,#10990,#10992));
#10994=FACE_OUTER_BOUND('',#10993,.F.);
#10996=CARTESIAN_POINT('',(-8.E0,6.E-1,-1.5E0));
#10997=DIRECTION('',(0.E0,0.E0,-1.E0));
#10998=DIRECTION('',(0.E0,1.E0,0.E0));
#10999=AXIS2_PLACEMENT_3D('',#10996,#10997,#10998);
#11000=PLANE('',#10999);
#11002=ORIENTED_EDGE('',*,*,#11001,.F.);
#11004=ORIENTED_EDGE('',*,*,#11003,.T.);
#11005=ORIENTED_EDGE('',*,*,#10548,.T.);
#11006=ORIENTED_EDGE('',*,*,#10725,.F.);
#11007=EDGE_LOOP('',(#11002,#11004,#11005,#11006));
#11008=FACE_OUTER_BOUND('',#11007,.F.);
#11010=CARTESIAN_POINT('',(-8.E0,6.E-1,-1.5E0));
#11011=DIRECTION('',(0.E0,0.E0,-1.E0));
#11012=DIRECTION('',(0.E0,1.E0,0.E0));
#11013=AXIS2_PLACEMENT_3D('',#11010,#11011,#11012);
#11014=PLANE('',#11013);
#11016=ORIENTED_EDGE('',*,*,#11015,.T.);
#11018=ORIENTED_EDGE('',*,*,#11017,.T.);
#11020=ORIENTED_EDGE('',*,*,#11019,.T.);
#11021=ORIENTED_EDGE('',*,*,#10743,.F.);
#11022=EDGE_LOOP('',(#11016,#11018,#11020,#11021));
#11023=FACE_OUTER_BOUND('',#11022,.F.);
#11025=CARTESIAN_POINT('',(-6.65E0,2.E0,-1.15E0));
#11026=DIRECTION('',(1.E0,0.E0,0.E0));
#11027=DIRECTION('',(0.E0,0.E0,-1.E0));
#11028=AXIS2_PLACEMENT_3D('',#11025,#11026,#11027);
#11029=PLANE('',#11028);
#11031=ORIENTED_EDGE('',*,*,#11030,.F.);
#11033=ORIENTED_EDGE('',*,*,#11032,.T.);
#11035=ORIENTED_EDGE('',*,*,#11034,.T.);
#11036=ORIENTED_EDGE('',*,*,#7239,.T.);
#11037=EDGE_LOOP('',(#11031,#11033,#11035,#11036));
#11038=FACE_OUTER_BOUND('',#11037,.F.);
#11040=CARTESIAN_POINT('',(-6.65E0,2.E0,-1.15E0));
#11041=DIRECTION('',(1.E0,0.E0,0.E0));
#11042=DIRECTION('',(0.E0,0.E0,-1.E0));
#11043=AXIS2_PLACEMENT_3D('',#11040,#11041,#11042);
#11044=PLANE('',#11043);
#11045=ORIENTED_EDGE('',*,*,#10748,.T.);
#11046=ORIENTED_EDGE('',*,*,#7221,.T.);
#11048=ORIENTED_EDGE('',*,*,#11047,.T.);
#11049=ORIENTED_EDGE('',*,*,#10792,.T.);
#11050=EDGE_LOOP('',(#11045,#11046,#11048,#11049));
#11051=FACE_OUTER_BOUND('',#11050,.F.);
#11053=CARTESIAN_POINT('',(-8.E0,-2.E0,0.E0));
#11054=DIRECTION('',(0.E0,-1.E0,0.E0));
#11055=DIRECTION('',(0.E0,0.E0,-1.E0));
#11056=AXIS2_PLACEMENT_3D('',#11053,#11054,#11055);
#11057=PLANE('',#11056);
#11058=ORIENTED_EDGE('',*,*,#10782,.F.);
#11060=ORIENTED_EDGE('',*,*,#11059,.F.);
#11062=ORIENTED_EDGE('',*,*,#11061,.F.);
#11063=ORIENTED_EDGE('',*,*,#6679,.T.);
#11065=ORIENTED_EDGE('',*,*,#11064,.T.);
#11067=ORIENTED_EDGE('',*,*,#11066,.F.);
#11069=ORIENTED_EDGE('',*,*,#11068,.T.);
#11070=ORIENTED_EDGE('',*,*,#7245,.F.);
#11071=EDGE_LOOP('',(#11058,#11060,#11062,#11063,#11065,#11067,#11069,#11070));
#11072=FACE_OUTER_BOUND('',#11071,.F.);
#11074=CARTESIAN_POINT('',(-8.E0,-2.E0,0.E0));
#11075=DIRECTION('',(0.E0,-1.E0,0.E0));
#11076=DIRECTION('',(0.E0,0.E0,-1.E0));
#11077=AXIS2_PLACEMENT_3D('',#11074,#11075,#11076);
#11078=PLANE('',#11077);
#11080=ORIENTED_EDGE('',*,*,#11079,.F.);
#11082=ORIENTED_EDGE('',*,*,#11081,.F.);
#11084=ORIENTED_EDGE('',*,*,#11083,.F.);
#11085=ORIENTED_EDGE('',*,*,#6715,.T.);
#11087=ORIENTED_EDGE('',*,*,#11086,.T.);
#11089=ORIENTED_EDGE('',*,*,#11088,.F.);
#11091=ORIENTED_EDGE('',*,*,#11090,.T.);
#11092=ORIENTED_EDGE('',*,*,#7253,.F.);
#11093=EDGE_LOOP('',(#11080,#11082,#11084,#11085,#11087,#11089,#11091,#11092));
#11094=FACE_OUTER_BOUND('',#11093,.F.);
#11096=CARTESIAN_POINT('',(-8.E0,-2.E0,0.E0));
#11097=DIRECTION('',(0.E0,-1.E0,0.E0));
#11098=DIRECTION('',(0.E0,0.E0,-1.E0));
#11099=AXIS2_PLACEMENT_3D('',#11096,#11097,#11098);
#11100=PLANE('',#11099);
#11102=ORIENTED_EDGE('',*,*,#11101,.F.);
#11104=ORIENTED_EDGE('',*,*,#11103,.F.);
#11106=ORIENTED_EDGE('',*,*,#11105,.F.);
#11107=ORIENTED_EDGE('',*,*,#6751,.T.);
#11109=ORIENTED_EDGE('',*,*,#11108,.T.);
#11111=ORIENTED_EDGE('',*,*,#11110,.F.);
#11113=ORIENTED_EDGE('',*,*,#11112,.T.);
#11114=ORIENTED_EDGE('',*,*,#7261,.F.);
#11115=EDGE_LOOP('',(#11102,#11104,#11106,#11107,#11109,#11111,#11113,#11114));
#11116=FACE_OUTER_BOUND('',#11115,.F.);
#11118=CARTESIAN_POINT('',(-8.E0,-2.E0,0.E0));
#11119=DIRECTION('',(0.E0,-1.E0,0.E0));
#11120=DIRECTION('',(0.E0,0.E0,-1.E0));
#11121=AXIS2_PLACEMENT_3D('',#11118,#11119,#11120);
#11122=PLANE('',#11121);
#11124=ORIENTED_EDGE('',*,*,#11123,.F.);
#11126=ORIENTED_EDGE('',*,*,#11125,.F.);
#11128=ORIENTED_EDGE('',*,*,#11127,.F.);
#11129=ORIENTED_EDGE('',*,*,#6787,.T.);
#11131=ORIENTED_EDGE('',*,*,#11130,.T.);
#11133=ORIENTED_EDGE('',*,*,#11132,.F.);
#11135=ORIENTED_EDGE('',*,*,#11134,.T.);
#11136=ORIENTED_EDGE('',*,*,#7269,.F.);
#11137=EDGE_LOOP('',(#11124,#11126,#11128,#11129,#11131,#11133,#11135,#11136));
#11138=FACE_OUTER_BOUND('',#11137,.F.);
#11140=CARTESIAN_POINT('',(-8.E0,-2.E0,0.E0));
#11141=DIRECTION('',(0.E0,-1.E0,0.E0));
#11142=DIRECTION('',(0.E0,0.E0,-1.E0));
#11143=AXIS2_PLACEMENT_3D('',#11140,#11141,#11142);
#11144=PLANE('',#11143);
#11146=ORIENTED_EDGE('',*,*,#11145,.F.);
#11148=ORIENTED_EDGE('',*,*,#11147,.F.);
#11150=ORIENTED_EDGE('',*,*,#11149,.F.);
#11151=ORIENTED_EDGE('',*,*,#6823,.T.);
#11153=ORIENTED_EDGE('',*,*,#11152,.T.);
#11155=ORIENTED_EDGE('',*,*,#11154,.F.);
#11157=ORIENTED_EDGE('',*,*,#11156,.T.);
#11158=ORIENTED_EDGE('',*,*,#7277,.F.);
#11159=EDGE_LOOP('',(#11146,#11148,#11150,#11151,#11153,#11155,#11157,#11158));
#11160=FACE_OUTER_BOUND('',#11159,.F.);
#11162=CARTESIAN_POINT('',(-8.E0,-2.E0,0.E0));
#11163=DIRECTION('',(0.E0,-1.E0,0.E0));
#11164=DIRECTION('',(0.E0,0.E0,-1.E0));
#11165=AXIS2_PLACEMENT_3D('',#11162,#11163,#11164);
#11166=PLANE('',#11165);
#11168=ORIENTED_EDGE('',*,*,#11167,.F.);
#11170=ORIENTED_EDGE('',*,*,#11169,.F.);
#11172=ORIENTED_EDGE('',*,*,#11171,.F.);
#11173=ORIENTED_EDGE('',*,*,#6859,.T.);
#11175=ORIENTED_EDGE('',*,*,#11174,.T.);
#11177=ORIENTED_EDGE('',*,*,#11176,.F.);
#11179=ORIENTED_EDGE('',*,*,#11178,.T.);
#11180=ORIENTED_EDGE('',*,*,#7285,.F.);
#11181=EDGE_LOOP('',(#11168,#11170,#11172,#11173,#11175,#11177,#11179,#11180));
#11182=FACE_OUTER_BOUND('',#11181,.F.);
#11184=CARTESIAN_POINT('',(-8.E0,-2.E0,0.E0));
#11185=DIRECTION('',(0.E0,-1.E0,0.E0));
#11186=DIRECTION('',(0.E0,0.E0,-1.E0));
#11187=AXIS2_PLACEMENT_3D('',#11184,#11185,#11186);
#11188=PLANE('',#11187);
#11190=ORIENTED_EDGE('',*,*,#11189,.F.);
#11192=ORIENTED_EDGE('',*,*,#11191,.F.);
#11194=ORIENTED_EDGE('',*,*,#11193,.F.);
#11195=ORIENTED_EDGE('',*,*,#6895,.T.);
#11196=ORIENTED_EDGE('',*,*,#10535,.T.);
#11198=ORIENTED_EDGE('',*,*,#11197,.F.);
#11200=ORIENTED_EDGE('',*,*,#11199,.T.);
#11201=ORIENTED_EDGE('',*,*,#7293,.F.);
#11202=EDGE_LOOP('',(#11190,#11192,#11194,#11195,#11196,#11198,#11200,#11201));
#11203=FACE_OUTER_BOUND('',#11202,.F.);
#11205=CARTESIAN_POINT('',(-8.E0,-2.E0,0.E0));
#11206=DIRECTION('',(0.E0,-1.E0,0.E0));
#11207=DIRECTION('',(0.E0,0.E0,-1.E0));
#11208=AXIS2_PLACEMENT_3D('',#11205,#11206,#11207);
#11209=PLANE('',#11208);
#11211=ORIENTED_EDGE('',*,*,#11210,.T.);
#11212=ORIENTED_EDGE('',*,*,#6934,.T.);
#11214=ORIENTED_EDGE('',*,*,#11213,.T.);
#11216=ORIENTED_EDGE('',*,*,#11215,.F.);
#11217=ORIENTED_EDGE('',*,*,#11030,.T.);
#11218=ORIENTED_EDGE('',*,*,#7237,.F.);
#11220=ORIENTED_EDGE('',*,*,#11219,.F.);
#11222=ORIENTED_EDGE('',*,*,#11221,.F.);
#11223=EDGE_LOOP('',(#11211,#11212,#11214,#11216,#11217,#11218,#11220,#11222));
#11224=FACE_OUTER_BOUND('',#11223,.F.);
#11226=CARTESIAN_POINT('',(-8.E0,-2.E0,-1.5E0));
#11227=DIRECTION('',(0.E0,0.E0,-1.E0));
#11228=DIRECTION('',(0.E0,1.E0,0.E0));
#11229=AXIS2_PLACEMENT_3D('',#11226,#11227,#11228);
#11230=PLANE('',#11229);
#11231=ORIENTED_EDGE('',*,*,#11032,.F.);
#11232=ORIENTED_EDGE('',*,*,#11215,.T.);
#11234=ORIENTED_EDGE('',*,*,#11233,.T.);
#11236=ORIENTED_EDGE('',*,*,#11235,.F.);
#11237=EDGE_LOOP('',(#11231,#11232,#11234,#11236));
#11238=FACE_OUTER_BOUND('',#11237,.F.);
#11240=CARTESIAN_POINT('',(-8.E0,-2.E0,-1.5E0));
#11241=DIRECTION('',(0.E0,0.E0,-1.E0));
#11242=DIRECTION('',(0.E0,1.E0,0.E0));
#11243=AXIS2_PLACEMENT_3D('',#11240,#11241,#11242);
#11244=PLANE('',#11243);
#11245=ORIENTED_EDGE('',*,*,#10780,.T.);
#11247=ORIENTED_EDGE('',*,*,#11246,.F.);
#11249=ORIENTED_EDGE('',*,*,#11248,.F.);
#11250=ORIENTED_EDGE('',*,*,#11059,.T.);
#11251=EDGE_LOOP('',(#11245,#11247,#11249,#11250));
#11252=FACE_OUTER_BOUND('',#11251,.F.);
#11254=CARTESIAN_POINT('',(-8.E0,-2.E0,-1.5E0));
#11255=DIRECTION('',(0.E0,0.E0,-1.E0));
#11256=DIRECTION('',(0.E0,1.E0,0.E0));
#11257=AXIS2_PLACEMENT_3D('',#11254,#11255,#11256);
#11258=PLANE('',#11257);
#11260=ORIENTED_EDGE('',*,*,#11259,.F.);
#11261=ORIENTED_EDGE('',*,*,#11066,.T.);
#11263=ORIENTED_EDGE('',*,*,#11262,.T.);
#11265=ORIENTED_EDGE('',*,*,#11264,.F.);
#11266=EDGE_LOOP('',(#11260,#11261,#11263,#11265));
#11267=FACE_OUTER_BOUND('',#11266,.F.);
#11269=CARTESIAN_POINT('',(-8.E0,-2.E0,-1.5E0));
#11270=DIRECTION('',(0.E0,0.E0,-1.E0));
#11271=DIRECTION('',(0.E0,1.E0,0.E0));
#11272=AXIS2_PLACEMENT_3D('',#11269,#11270,#11271);
#11273=PLANE('',#11272);
#11275=ORIENTED_EDGE('',*,*,#11274,.T.);
#11277=ORIENTED_EDGE('',*,*,#11276,.F.);
#11279=ORIENTED_EDGE('',*,*,#11278,.F.);
#11280=ORIENTED_EDGE('',*,*,#11081,.T.);
#11281=EDGE_LOOP('',(#11275,#11277,#11279,#11280));
#11282=FACE_OUTER_BOUND('',#11281,.F.);
#11284=CARTESIAN_POINT('',(-8.E0,-2.E0,-1.5E0));
#11285=DIRECTION('',(0.E0,0.E0,-1.E0));
#11286=DIRECTION('',(0.E0,1.E0,0.E0));
#11287=AXIS2_PLACEMENT_3D('',#11284,#11285,#11286);
#11288=PLANE('',#11287);
#11290=ORIENTED_EDGE('',*,*,#11289,.F.);
#11291=ORIENTED_EDGE('',*,*,#11088,.T.);
#11293=ORIENTED_EDGE('',*,*,#11292,.T.);
#11295=ORIENTED_EDGE('',*,*,#11294,.F.);
#11296=EDGE_LOOP('',(#11290,#11291,#11293,#11295));
#11297=FACE_OUTER_BOUND('',#11296,.F.);
#11299=CARTESIAN_POINT('',(-8.E0,-2.E0,-1.5E0));
#11300=DIRECTION('',(0.E0,0.E0,-1.E0));
#11301=DIRECTION('',(0.E0,1.E0,0.E0));
#11302=AXIS2_PLACEMENT_3D('',#11299,#11300,#11301);
#11303=PLANE('',#11302);
#11305=ORIENTED_EDGE('',*,*,#11304,.T.);
#11307=ORIENTED_EDGE('',*,*,#11306,.F.);
#11309=ORIENTED_EDGE('',*,*,#11308,.F.);
#11310=ORIENTED_EDGE('',*,*,#11103,.T.);
#11311=EDGE_LOOP('',(#11305,#11307,#11309,#11310));
#11312=FACE_OUTER_BOUND('',#11311,.F.);
#11314=CARTESIAN_POINT('',(-8.E0,-2.E0,-1.5E0));
#11315=DIRECTION('',(0.E0,0.E0,-1.E0));
#11316=DIRECTION('',(0.E0,1.E0,0.E0));
#11317=AXIS2_PLACEMENT_3D('',#11314,#11315,#11316);
#11318=PLANE('',#11317);
#11320=ORIENTED_EDGE('',*,*,#11319,.F.);
#11321=ORIENTED_EDGE('',*,*,#11110,.T.);
#11323=ORIENTED_EDGE('',*,*,#11322,.T.);
#11325=ORIENTED_EDGE('',*,*,#11324,.F.);
#11326=EDGE_LOOP('',(#11320,#11321,#11323,#11325));
#11327=FACE_OUTER_BOUND('',#11326,.F.);
#11329=CARTESIAN_POINT('',(-8.E0,-2.E0,-1.5E0));
#11330=DIRECTION('',(0.E0,0.E0,-1.E0));
#11331=DIRECTION('',(0.E0,1.E0,0.E0));
#11332=AXIS2_PLACEMENT_3D('',#11329,#11330,#11331);
#11333=PLANE('',#11332);
#11335=ORIENTED_EDGE('',*,*,#11334,.T.);
#11337=ORIENTED_EDGE('',*,*,#11336,.F.);
#11339=ORIENTED_EDGE('',*,*,#11338,.F.);
#11340=ORIENTED_EDGE('',*,*,#11125,.T.);
#11341=EDGE_LOOP('',(#11335,#11337,#11339,#11340));
#11342=FACE_OUTER_BOUND('',#11341,.F.);
#11344=CARTESIAN_POINT('',(-8.E0,-2.E0,-1.5E0));
#11345=DIRECTION('',(0.E0,0.E0,-1.E0));
#11346=DIRECTION('',(0.E0,1.E0,0.E0));
#11347=AXIS2_PLACEMENT_3D('',#11344,#11345,#11346);
#11348=PLANE('',#11347);
#11350=ORIENTED_EDGE('',*,*,#11349,.F.);
#11351=ORIENTED_EDGE('',*,*,#11132,.T.);
#11353=ORIENTED_EDGE('',*,*,#11352,.T.);
#11355=ORIENTED_EDGE('',*,*,#11354,.F.);
#11356=EDGE_LOOP('',(#11350,#11351,#11353,#11355));
#11357=FACE_OUTER_BOUND('',#11356,.F.);
#11359=CARTESIAN_POINT('',(-8.E0,-2.E0,-1.5E0));
#11360=DIRECTION('',(0.E0,0.E0,-1.E0));
#11361=DIRECTION('',(0.E0,1.E0,0.E0));
#11362=AXIS2_PLACEMENT_3D('',#11359,#11360,#11361);
#11363=PLANE('',#11362);
#11365=ORIENTED_EDGE('',*,*,#11364,.T.);
#11367=ORIENTED_EDGE('',*,*,#11366,.F.);
#11369=ORIENTED_EDGE('',*,*,#11368,.F.);
#11370=ORIENTED_EDGE('',*,*,#11147,.T.);
#11371=EDGE_LOOP('',(#11365,#11367,#11369,#11370));
#11372=FACE_OUTER_BOUND('',#11371,.F.);
#11374=CARTESIAN_POINT('',(-8.E0,-2.E0,-1.5E0));
#11375=DIRECTION('',(0.E0,0.E0,-1.E0));
#11376=DIRECTION('',(0.E0,1.E0,0.E0));
#11377=AXIS2_PLACEMENT_3D('',#11374,#11375,#11376);
#11378=PLANE('',#11377);
#11380=ORIENTED_EDGE('',*,*,#11379,.F.);
#11381=ORIENTED_EDGE('',*,*,#11154,.T.);
#11383=ORIENTED_EDGE('',*,*,#11382,.T.);
#11385=ORIENTED_EDGE('',*,*,#11384,.F.);
#11386=EDGE_LOOP('',(#11380,#11381,#11383,#11385));
#11387=FACE_OUTER_BOUND('',#11386,.F.);
#11389=CARTESIAN_POINT('',(-8.E0,-2.E0,-1.5E0));
#11390=DIRECTION('',(0.E0,0.E0,-1.E0));
#11391=DIRECTION('',(0.E0,1.E0,0.E0));
#11392=AXIS2_PLACEMENT_3D('',#11389,#11390,#11391);
#11393=PLANE('',#11392);
#11395=ORIENTED_EDGE('',*,*,#11394,.T.);
#11397=ORIENTED_EDGE('',*,*,#11396,.F.);
#11399=ORIENTED_EDGE('',*,*,#11398,.F.);
#11400=ORIENTED_EDGE('',*,*,#11169,.T.);
#11401=EDGE_LOOP('',(#11395,#11397,#11399,#11400));
#11402=FACE_OUTER_BOUND('',#11401,.F.);
#11404=CARTESIAN_POINT('',(-8.E0,-2.E0,-1.5E0));
#11405=DIRECTION('',(0.E0,0.E0,-1.E0));
#11406=DIRECTION('',(0.E0,1.E0,0.E0));
#11407=AXIS2_PLACEMENT_3D('',#11404,#11405,#11406);
#11408=PLANE('',#11407);
#11410=ORIENTED_EDGE('',*,*,#11409,.F.);
#11411=ORIENTED_EDGE('',*,*,#11176,.T.);
#11413=ORIENTED_EDGE('',*,*,#11412,.T.);
#11415=ORIENTED_EDGE('',*,*,#11414,.F.);
#11416=EDGE_LOOP('',(#11410,#11411,#11413,#11415));
#11417=FACE_OUTER_BOUND('',#11416,.F.);
#11419=CARTESIAN_POINT('',(-8.E0,-2.E0,-1.5E0));
#11420=DIRECTION('',(0.E0,0.E0,-1.E0));
#11421=DIRECTION('',(0.E0,1.E0,0.E0));
#11422=AXIS2_PLACEMENT_3D('',#11419,#11420,#11421);
#11423=PLANE('',#11422);
#11425=ORIENTED_EDGE('',*,*,#11424,.T.);
#11427=ORIENTED_EDGE('',*,*,#11426,.F.);
#11429=ORIENTED_EDGE('',*,*,#11428,.F.);
#11430=ORIENTED_EDGE('',*,*,#11191,.T.);
#11431=EDGE_LOOP('',(#11425,#11427,#11429,#11430));
#11432=FACE_OUTER_BOUND('',#11431,.F.);
#11434=CARTESIAN_POINT('',(-8.E0,-2.E0,-1.5E0));
#11435=DIRECTION('',(0.E0,0.E0,-1.E0));
#11436=DIRECTION('',(0.E0,1.E0,0.E0));
#11437=AXIS2_PLACEMENT_3D('',#11434,#11435,#11436);
#11438=PLANE('',#11437);
#11440=ORIENTED_EDGE('',*,*,#11439,.F.);
#11441=ORIENTED_EDGE('',*,*,#11197,.T.);
#11442=ORIENTED_EDGE('',*,*,#10563,.T.);
#11444=ORIENTED_EDGE('',*,*,#11443,.F.);
#11445=EDGE_LOOP('',(#11440,#11441,#11442,#11444));
#11446=FACE_OUTER_BOUND('',#11445,.F.);
#11448=CARTESIAN_POINT('',(-8.E0,-2.E0,-1.5E0));
#11449=DIRECTION('',(0.E0,0.E0,-1.E0));
#11450=DIRECTION('',(0.E0,1.E0,0.E0));
#11451=AXIS2_PLACEMENT_3D('',#11448,#11449,#11450);
#11452=PLANE('',#11451);
#11454=ORIENTED_EDGE('',*,*,#11453,.T.);
#11455=ORIENTED_EDGE('',*,*,#11221,.T.);
#11457=ORIENTED_EDGE('',*,*,#11456,.T.);
#11459=ORIENTED_EDGE('',*,*,#11458,.F.);
#11460=EDGE_LOOP('',(#11454,#11455,#11457,#11459));
#11461=FACE_OUTER_BOUND('',#11460,.F.);
#11463=CARTESIAN_POINT('',(-6.3E0,2.E0,-1.5E0));
#11464=DIRECTION('',(-7.592566023653E-1,0.E0,6.507913734560E-1));
#11465=DIRECTION('',(6.507913734560E-1,0.E0,7.592566023653E-1));
#11466=AXIS2_PLACEMENT_3D('',#11463,#11464,#11465);
#11467=PLANE('',#11466);
#11468=ORIENTED_EDGE('',*,*,#11233,.F.);
#11470=ORIENTED_EDGE('',*,*,#11469,.T.);
#11472=ORIENTED_EDGE('',*,*,#11471,.T.);
#11474=ORIENTED_EDGE('',*,*,#11473,.F.);
#11476=ORIENTED_EDGE('',*,*,#11475,.F.);
#11477=EDGE_LOOP('',(#11468,#11470,#11472,#11474,#11476));
#11478=FACE_OUTER_BOUND('',#11477,.F.);
#11480=CARTESIAN_POINT('',(-6.3E0,2.E0,-1.5E0));
#11481=DIRECTION('',(-7.592566023653E-1,0.E0,6.507913734560E-1));
#11482=DIRECTION('',(6.507913734560E-1,0.E0,7.592566023653E-1));
#11483=AXIS2_PLACEMENT_3D('',#11480,#11481,#11482);
#11484=PLANE('',#11483);
#11486=ORIENTED_EDGE('',*,*,#11485,.T.);
#11488=ORIENTED_EDGE('',*,*,#11487,.F.);
#11490=ORIENTED_EDGE('',*,*,#11489,.T.);
#11492=ORIENTED_EDGE('',*,*,#11491,.T.);
#11493=ORIENTED_EDGE('',*,*,#10796,.F.);
#11494=EDGE_LOOP('',(#11486,#11488,#11490,#11492,#11493));
#11495=FACE_OUTER_BOUND('',#11494,.F.);
#11497=CARTESIAN_POINT('',(-6.3E0,-2.E0,-1.5E0));
#11498=DIRECTION('',(-9.701425001453E-1,2.425356250363E-1,0.E0));
#11499=DIRECTION('',(2.425356250363E-1,9.701425001453E-1,0.E0));
#11500=AXIS2_PLACEMENT_3D('',#11497,#11498,#11499);
#11501=PLANE('',#11500);
#11503=ORIENTED_EDGE('',*,*,#11502,.F.);
#11505=ORIENTED_EDGE('',*,*,#11504,.F.);
#11506=ORIENTED_EDGE('',*,*,#11469,.F.);
#11507=ORIENTED_EDGE('',*,*,#11213,.F.);
#11508=EDGE_LOOP('',(#11503,#11505,#11506,#11507));
#11509=FACE_OUTER_BOUND('',#11508,.F.);
#11511=CARTESIAN_POINT('',(-6.045434872663E0,2.E0,-4.242752122286E-1));
#11512=DIRECTION('',(-8.574929257125E-1,0.E0,-5.144957554275E-1));
#11513=DIRECTION('',(-5.144957554275E-1,0.E0,8.574929257125E-1));
#11514=AXIS2_PLACEMENT_3D('',#11511,#11512,#11513);
#11515=PLANE('',#11514);
#11516=ORIENTED_EDGE('',*,*,#6932,.F.);
#11518=ORIENTED_EDGE('',*,*,#11517,.F.);
#11520=ORIENTED_EDGE('',*,*,#11519,.F.);
#11522=ORIENTED_EDGE('',*,*,#11521,.T.);
#11524=ORIENTED_EDGE('',*,*,#11523,.F.);
#11525=ORIENTED_EDGE('',*,*,#11502,.T.);
#11526=EDGE_LOOP('',(#11516,#11518,#11520,#11522,#11524,#11525));
#11527=FACE_OUTER_BOUND('',#11526,.F.);
#11529=CARTESIAN_POINT('',(-6.062126781252E0,1.048507125007E0,-1.5E0));
#11530=DIRECTION('',(-9.701425001453E-1,-2.425356250363E-1,0.E0));
#11531=DIRECTION('',(-2.425356250363E-1,9.701425001453E-1,0.E0));
#11532=AXIS2_PLACEMENT_3D('',#11529,#11530,#11531);
#11533=PLANE('',#11532);
#11534=ORIENTED_EDGE('',*,*,#11517,.T.);
#11535=ORIENTED_EDGE('',*,*,#10752,.F.);
#11536=ORIENTED_EDGE('',*,*,#11491,.F.);
#11538=ORIENTED_EDGE('',*,*,#11537,.T.);
#11539=EDGE_LOOP('',(#11534,#11535,#11536,#11538));
#11540=FACE_OUTER_BOUND('',#11539,.F.);
#11542=CARTESIAN_POINT('',(-6.E0,1.064038820320E0,-1.5E0));
#11543=DIRECTION('',(0.E0,0.E0,-1.E0));
#11544=DIRECTION('',(1.E0,0.E0,0.E0));
#11545=AXIS2_PLACEMENT_3D('',#11542,#11543,#11544);
#11546=CYLINDRICAL_SURFACE('',#11545,6.403882032022E-2);
#11548=ORIENTED_EDGE('',*,*,#11547,.F.);
#11549=ORIENTED_EDGE('',*,*,#11519,.T.);
#11550=ORIENTED_EDGE('',*,*,#11537,.F.);
#11551=ORIENTED_EDGE('',*,*,#11489,.F.);
#11553=ORIENTED_EDGE('',*,*,#11552,.F.);
#11555=ORIENTED_EDGE('',*,*,#11554,.F.);
#11557=ORIENTED_EDGE('',*,*,#11556,.T.);
#11559=ORIENTED_EDGE('',*,*,#11558,.T.);
#11560=EDGE_LOOP('',(#11548,#11549,#11550,#11551,#11553,#11555,#11557,#11559));
#11561=FACE_OUTER_BOUND('',#11560,.F.);
#11563=CARTESIAN_POINT('',(-6.E0,2.E0,-3.970142886309E-1));
#11564=DIRECTION('',(0.E0,1.E0,0.E0));
#11565=DIRECTION('',(1.E0,0.E0,0.E0));
#11566=AXIS2_PLACEMENT_3D('',#11563,#11564,#11565);
#11567=CYLINDRICAL_SURFACE('',#11566,5.298571136907E-2);
#11569=ORIENTED_EDGE('',*,*,#11568,.T.);
#11570=ORIENTED_EDGE('',*,*,#11521,.F.);
#11571=ORIENTED_EDGE('',*,*,#11547,.T.);
#11573=ORIENTED_EDGE('',*,*,#11572,.T.);
#11574=EDGE_LOOP('',(#11569,#11570,#11571,#11573));
#11575=FACE_OUTER_BOUND('',#11574,.F.);
#11577=CARTESIAN_POINT('',(-6.E0,-1.064038820320E0,-1.5E0));
#11578=DIRECTION('',(0.E0,0.E0,-1.E0));
#11579=DIRECTION('',(1.E0,0.E0,0.E0));
#11580=AXIS2_PLACEMENT_3D('',#11577,#11578,#11579);
#11581=CYLINDRICAL_SURFACE('',#11580,6.403882032022E-2);
#11582=ORIENTED_EDGE('',*,*,#11568,.F.);
#11584=ORIENTED_EDGE('',*,*,#11583,.T.);
#11586=ORIENTED_EDGE('',*,*,#11585,.F.);
#11588=ORIENTED_EDGE('',*,*,#11587,.F.);
#11590=ORIENTED_EDGE('',*,*,#11589,.F.);
#11591=ORIENTED_EDGE('',*,*,#11471,.F.);
#11592=ORIENTED_EDGE('',*,*,#11504,.T.);
#11593=ORIENTED_EDGE('',*,*,#11523,.T.);
#11594=EDGE_LOOP('',(#11582,#11584,#11586,#11588,#11590,#11591,#11592,#11593));
#11595=FACE_OUTER_BOUND('',#11594,.F.);
#11597=CARTESIAN_POINT('',(-5.7E0,2.E0,0.E0));
#11598=DIRECTION('',(8.574929257125E-1,0.E0,-5.144957554275E-1));
#11599=DIRECTION('',(-5.144957554275E-1,0.E0,-8.574929257125E-1));
#11600=AXIS2_PLACEMENT_3D('',#11597,#11598,#11599);
#11601=PLANE('',#11600);
#11602=ORIENTED_EDGE('',*,*,#6681,.T.);
#11604=ORIENTED_EDGE('',*,*,#11603,.T.);
#11605=ORIENTED_EDGE('',*,*,#11583,.F.);
#11606=ORIENTED_EDGE('',*,*,#11572,.F.);
#11607=ORIENTED_EDGE('',*,*,#11558,.F.);
#11609=ORIENTED_EDGE('',*,*,#11608,.F.);
#11610=EDGE_LOOP('',(#11602,#11604,#11605,#11606,#11607,#11609));
#11611=FACE_OUTER_BOUND('',#11610,.F.);
#11613=CARTESIAN_POINT('',(-5.937873218748E0,-1.048507125007E0,-1.5E0));
#11614=DIRECTION('',(9.701425001453E-1,2.425356250363E-1,0.E0));
#11615=DIRECTION('',(2.425356250363E-1,-9.701425001453E-1,0.E0));
#11616=AXIS2_PLACEMENT_3D('',#11613,#11614,#11615);
#11617=PLANE('',#11616);
#11618=ORIENTED_EDGE('',*,*,#11603,.F.);
#11619=ORIENTED_EDGE('',*,*,#11061,.T.);
#11621=ORIENTED_EDGE('',*,*,#11620,.F.);
#11622=ORIENTED_EDGE('',*,*,#11585,.T.);
#11623=EDGE_LOOP('',(#11618,#11619,#11621,#11622));
#11624=FACE_OUTER_BOUND('',#11623,.F.);
#11626=CARTESIAN_POINT('',(-5.959770248812E0,2.E0,-1.196934709719E0));
#11627=DIRECTION('',(7.592566023653E-1,0.E0,6.507913734560E-1));
#11628=DIRECTION('',(6.507913734560E-1,0.E0,-7.592566023653E-1));
#11629=AXIS2_PLACEMENT_3D('',#11626,#11627,#11628);
#11630=PLANE('',#11629);
#11631=ORIENTED_EDGE('',*,*,#11248,.T.);
#11633=ORIENTED_EDGE('',*,*,#11632,.F.);
#11635=ORIENTED_EDGE('',*,*,#11634,.T.);
#11636=ORIENTED_EDGE('',*,*,#11587,.T.);
#11637=ORIENTED_EDGE('',*,*,#11620,.T.);
#11638=EDGE_LOOP('',(#11631,#11633,#11635,#11636,#11637));
#11639=FACE_OUTER_BOUND('',#11638,.F.);
#11641=CARTESIAN_POINT('',(-5.959770248812E0,2.E0,-1.196934709719E0));
#11642=DIRECTION('',(7.592566023653E-1,0.E0,6.507913734560E-1));
#11643=DIRECTION('',(6.507913734560E-1,0.E0,-7.592566023653E-1));
#11644=AXIS2_PLACEMENT_3D('',#11641,#11642,#11643);
#11645=PLANE('',#11644);
#11647=ORIENTED_EDGE('',*,*,#11646,.T.);
#11648=ORIENTED_EDGE('',*,*,#10809,.T.);
#11650=ORIENTED_EDGE('',*,*,#11649,.T.);
#11651=ORIENTED_EDGE('',*,*,#11554,.T.);
#11653=ORIENTED_EDGE('',*,*,#11652,.T.);
#11654=EDGE_LOOP('',(#11647,#11648,#11650,#11651,#11653));
#11655=FACE_OUTER_BOUND('',#11654,.F.);
#11657=CARTESIAN_POINT('',(-8.E0,-6.E-1,-1.5E0));
#11658=DIRECTION('',(0.E0,1.E0,0.E0));
#11659=DIRECTION('',(0.E0,0.E0,1.E0));
#11660=AXIS2_PLACEMENT_3D('',#11657,#11658,#11659);
#11661=PLANE('',#11660);
#11662=ORIENTED_EDGE('',*,*,#10778,.T.);
#11663=ORIENTED_EDGE('',*,*,#7241,.F.);
#11664=ORIENTED_EDGE('',*,*,#11034,.F.);
#11665=ORIENTED_EDGE('',*,*,#11235,.T.);
#11666=ORIENTED_EDGE('',*,*,#11475,.T.);
#11668=ORIENTED_EDGE('',*,*,#11667,.T.);
#11669=ORIENTED_EDGE('',*,*,#11632,.T.);
#11670=ORIENTED_EDGE('',*,*,#11246,.T.);
#11671=EDGE_LOOP('',(#11662,#11663,#11664,#11665,#11666,#11668,#11669,#11670));
#11672=FACE_OUTER_BOUND('',#11671,.F.);
#11674=CARTESIAN_POINT('',(-8.E0,-6.E-1,-1.5E0));
#11675=DIRECTION('',(0.E0,1.E0,0.E0));
#11676=DIRECTION('',(0.E0,0.E0,1.E0));
#11677=AXIS2_PLACEMENT_3D('',#11674,#11675,#11676);
#11678=PLANE('',#11677);
#11680=ORIENTED_EDGE('',*,*,#11679,.T.);
#11681=ORIENTED_EDGE('',*,*,#7249,.F.);
#11683=ORIENTED_EDGE('',*,*,#11682,.F.);
#11684=ORIENTED_EDGE('',*,*,#11264,.T.);
#11686=ORIENTED_EDGE('',*,*,#11685,.T.);
#11688=ORIENTED_EDGE('',*,*,#11687,.T.);
#11690=ORIENTED_EDGE('',*,*,#11689,.T.);
#11691=ORIENTED_EDGE('',*,*,#11276,.T.);
#11692=EDGE_LOOP('',(#11680,#11681,#11683,#11684,#11686,#11688,#11690,#11691));
#11693=FACE_OUTER_BOUND('',#11692,.F.);
#11695=CARTESIAN_POINT('',(-8.E0,-6.E-1,-1.5E0));
#11696=DIRECTION('',(0.E0,1.E0,0.E0));
#11697=DIRECTION('',(0.E0,0.E0,1.E0));
#11698=AXIS2_PLACEMENT_3D('',#11695,#11696,#11697);
#11699=PLANE('',#11698);
#11701=ORIENTED_EDGE('',*,*,#11700,.T.);
#11702=ORIENTED_EDGE('',*,*,#7257,.F.);
#11704=ORIENTED_EDGE('',*,*,#11703,.F.);
#11705=ORIENTED_EDGE('',*,*,#11294,.T.);
#11707=ORIENTED_EDGE('',*,*,#11706,.T.);
#11709=ORIENTED_EDGE('',*,*,#11708,.T.);
#11711=ORIENTED_EDGE('',*,*,#11710,.T.);
#11712=ORIENTED_EDGE('',*,*,#11306,.T.);
#11713=EDGE_LOOP('',(#11701,#11702,#11704,#11705,#11707,#11709,#11711,#11712));
#11714=FACE_OUTER_BOUND('',#11713,.F.);
#11716=CARTESIAN_POINT('',(-8.E0,-6.E-1,-1.5E0));
#11717=DIRECTION('',(0.E0,1.E0,0.E0));
#11718=DIRECTION('',(0.E0,0.E0,1.E0));
#11719=AXIS2_PLACEMENT_3D('',#11716,#11717,#11718);
#11720=PLANE('',#11719);
#11722=ORIENTED_EDGE('',*,*,#11721,.T.);
#11723=ORIENTED_EDGE('',*,*,#7265,.F.);
#11725=ORIENTED_EDGE('',*,*,#11724,.F.);
#11726=ORIENTED_EDGE('',*,*,#11324,.T.);
#11728=ORIENTED_EDGE('',*,*,#11727,.T.);
#11730=ORIENTED_EDGE('',*,*,#11729,.T.);
#11732=ORIENTED_EDGE('',*,*,#11731,.T.);
#11733=ORIENTED_EDGE('',*,*,#11336,.T.);
#11734=EDGE_LOOP('',(#11722,#11723,#11725,#11726,#11728,#11730,#11732,#11733));
#11735=FACE_OUTER_BOUND('',#11734,.F.);
#11737=CARTESIAN_POINT('',(-8.E0,-6.E-1,-1.5E0));
#11738=DIRECTION('',(0.E0,1.E0,0.E0));
#11739=DIRECTION('',(0.E0,0.E0,1.E0));
#11740=AXIS2_PLACEMENT_3D('',#11737,#11738,#11739);
#11741=PLANE('',#11740);
#11743=ORIENTED_EDGE('',*,*,#11742,.T.);
#11744=ORIENTED_EDGE('',*,*,#7273,.F.);
#11746=ORIENTED_EDGE('',*,*,#11745,.F.);
#11747=ORIENTED_EDGE('',*,*,#11354,.T.);
#11749=ORIENTED_EDGE('',*,*,#11748,.T.);
#11751=ORIENTED_EDGE('',*,*,#11750,.T.);
#11753=ORIENTED_EDGE('',*,*,#11752,.T.);
#11754=ORIENTED_EDGE('',*,*,#11366,.T.);
#11755=EDGE_LOOP('',(#11743,#11744,#11746,#11747,#11749,#11751,#11753,#11754));
#11756=FACE_OUTER_BOUND('',#11755,.F.);
#11758=CARTESIAN_POINT('',(-8.E0,-6.E-1,-1.5E0));
#11759=DIRECTION('',(0.E0,1.E0,0.E0));
#11760=DIRECTION('',(0.E0,0.E0,1.E0));
#11761=AXIS2_PLACEMENT_3D('',#11758,#11759,#11760);
#11762=PLANE('',#11761);
#11764=ORIENTED_EDGE('',*,*,#11763,.T.);
#11765=ORIENTED_EDGE('',*,*,#7281,.F.);
#11767=ORIENTED_EDGE('',*,*,#11766,.F.);
#11768=ORIENTED_EDGE('',*,*,#11384,.T.);
#11770=ORIENTED_EDGE('',*,*,#11769,.T.);
#11772=ORIENTED_EDGE('',*,*,#11771,.T.);
#11774=ORIENTED_EDGE('',*,*,#11773,.T.);
#11775=ORIENTED_EDGE('',*,*,#11396,.T.);
#11776=EDGE_LOOP('',(#11764,#11765,#11767,#11768,#11770,#11772,#11774,#11775));
#11777=FACE_OUTER_BOUND('',#11776,.F.);
#11779=CARTESIAN_POINT('',(-8.E0,-6.E-1,-1.5E0));
#11780=DIRECTION('',(0.E0,1.E0,0.E0));
#11781=DIRECTION('',(0.E0,0.E0,1.E0));
#11782=AXIS2_PLACEMENT_3D('',#11779,#11780,#11781);
#11783=PLANE('',#11782);
#11785=ORIENTED_EDGE('',*,*,#11784,.T.);
#11786=ORIENTED_EDGE('',*,*,#7289,.F.);
#11788=ORIENTED_EDGE('',*,*,#11787,.F.);
#11789=ORIENTED_EDGE('',*,*,#11414,.T.);
#11791=ORIENTED_EDGE('',*,*,#11790,.T.);
#11793=ORIENTED_EDGE('',*,*,#11792,.T.);
#11795=ORIENTED_EDGE('',*,*,#11794,.T.);
#11796=ORIENTED_EDGE('',*,*,#11426,.T.);
#11797=EDGE_LOOP('',(#11785,#11786,#11788,#11789,#11791,#11793,#11795,#11796));
#11798=FACE_OUTER_BOUND('',#11797,.F.);
#11800=CARTESIAN_POINT('',(-8.E0,-6.E-1,-1.5E0));
#11801=DIRECTION('',(0.E0,1.E0,0.E0));
#11802=DIRECTION('',(0.E0,0.E0,1.E0));
#11803=AXIS2_PLACEMENT_3D('',#11800,#11801,#11802);
#11804=PLANE('',#11803);
#11805=ORIENTED_EDGE('',*,*,#10561,.F.);
#11806=ORIENTED_EDGE('',*,*,#7297,.F.);
#11808=ORIENTED_EDGE('',*,*,#11807,.F.);
#11809=ORIENTED_EDGE('',*,*,#11443,.T.);
#11810=EDGE_LOOP('',(#11805,#11806,#11808,#11809));
#11811=FACE_OUTER_BOUND('',#11810,.F.);
#11813=CARTESIAN_POINT('',(-8.E0,-6.E-1,-1.5E0));
#11814=DIRECTION('',(0.E0,1.E0,0.E0));
#11815=DIRECTION('',(0.E0,0.E0,1.E0));
#11816=AXIS2_PLACEMENT_3D('',#11813,#11814,#11815);
#11817=PLANE('',#11816);
#11819=ORIENTED_EDGE('',*,*,#11818,.F.);
#11820=ORIENTED_EDGE('',*,*,#11458,.T.);
#11822=ORIENTED_EDGE('',*,*,#11821,.T.);
#11823=ORIENTED_EDGE('',*,*,#7233,.F.);
#11824=ORIENTED_EDGE('',*,*,#6617,.F.);
#11825=EDGE_LOOP('',(#11819,#11820,#11822,#11823,#11824));
#11826=FACE_OUTER_BOUND('',#11825,.F.);
#11828=CARTESIAN_POINT('',(-6.E0,2.E0,-1.231417353595E0));
#11829=DIRECTION('',(0.E0,1.E0,0.E0));
#11830=DIRECTION('',(1.E0,0.E0,0.E0));
#11831=AXIS2_PLACEMENT_3D('',#11828,#11829,#11830);
#11832=CYLINDRICAL_SURFACE('',#11831,5.298571136907E-2);
#11833=ORIENTED_EDGE('',*,*,#11667,.F.);
#11834=ORIENTED_EDGE('',*,*,#11473,.T.);
#11835=ORIENTED_EDGE('',*,*,#11589,.T.);
#11836=ORIENTED_EDGE('',*,*,#11634,.F.);
#11837=EDGE_LOOP('',(#11833,#11834,#11835,#11836));
#11838=FACE_OUTER_BOUND('',#11837,.F.);
#11840=CARTESIAN_POINT('',(-6.E0,2.E0,-1.231417353595E0));
#11841=DIRECTION('',(0.E0,1.E0,0.E0));
#11842=DIRECTION('',(1.E0,0.E0,0.E0));
#11843=AXIS2_PLACEMENT_3D('',#11840,#11841,#11842);
#11844=CYLINDRICAL_SURFACE('',#11843,5.298571136907E-2);
#11846=ORIENTED_EDGE('',*,*,#11845,.T.);
#11847=ORIENTED_EDGE('',*,*,#11652,.F.);
#11848=ORIENTED_EDGE('',*,*,#11552,.T.);
#11849=ORIENTED_EDGE('',*,*,#11487,.T.);
#11850=EDGE_LOOP('',(#11846,#11847,#11848,#11849));
#11851=FACE_OUTER_BOUND('',#11850,.F.);
#11853=CARTESIAN_POINT('',(-8.E0,6.E-1,-1.15E0));
#11854=DIRECTION('',(0.E0,-1.E0,0.E0));
#11855=DIRECTION('',(0.E0,0.E0,-1.E0));
#11856=AXIS2_PLACEMENT_3D('',#11853,#11854,#11855);
#11857=PLANE('',#11856);
#11858=ORIENTED_EDGE('',*,*,#10767,.T.);
#11859=ORIENTED_EDGE('',*,*,#10811,.F.);
#11860=ORIENTED_EDGE('',*,*,#11646,.F.);
#11861=ORIENTED_EDGE('',*,*,#11845,.F.);
#11862=ORIENTED_EDGE('',*,*,#11485,.F.);
#11863=ORIENTED_EDGE('',*,*,#10794,.F.);
#11864=ORIENTED_EDGE('',*,*,#11047,.F.);
#11865=ORIENTED_EDGE('',*,*,#7219,.T.);
#11866=EDGE_LOOP('',(#11858,#11859,#11860,#11861,#11862,#11863,#11864,#11865));
#11867=FACE_OUTER_BOUND('',#11866,.F.);
#11869=CARTESIAN_POINT('',(-8.E0,6.E-1,-1.15E0));
#11870=DIRECTION('',(0.E0,-1.E0,0.E0));
#11871=DIRECTION('',(0.E0,0.E0,-1.E0));
#11872=AXIS2_PLACEMENT_3D('',#11869,#11870,#11871);
#11873=PLANE('',#11872);
#11875=ORIENTED_EDGE('',*,*,#11874,.T.);
#11876=ORIENTED_EDGE('',*,*,#10841,.F.);
#11878=ORIENTED_EDGE('',*,*,#11877,.F.);
#11880=ORIENTED_EDGE('',*,*,#11879,.F.);
#11882=ORIENTED_EDGE('',*,*,#11881,.F.);
#11883=ORIENTED_EDGE('',*,*,#10823,.F.);
#11885=ORIENTED_EDGE('',*,*,#11884,.F.);
#11886=ORIENTED_EDGE('',*,*,#7211,.T.);
#11887=EDGE_LOOP('',(#11875,#11876,#11878,#11880,#11882,#11883,#11885,#11886));
#11888=FACE_OUTER_BOUND('',#11887,.F.);
#11890=CARTESIAN_POINT('',(-8.E0,6.E-1,-1.15E0));
#11891=DIRECTION('',(0.E0,-1.E0,0.E0));
#11892=DIRECTION('',(0.E0,0.E0,-1.E0));
#11893=AXIS2_PLACEMENT_3D('',#11890,#11891,#11892);
#11894=PLANE('',#11893);
#11896=ORIENTED_EDGE('',*,*,#11895,.T.);
#11897=ORIENTED_EDGE('',*,*,#10871,.F.);
#11899=ORIENTED_EDGE('',*,*,#11898,.F.);
#11901=ORIENTED_EDGE('',*,*,#11900,.F.);
#11903=ORIENTED_EDGE('',*,*,#11902,.F.);
#11904=ORIENTED_EDGE('',*,*,#10853,.F.);
#11906=ORIENTED_EDGE('',*,*,#11905,.F.);
#11907=ORIENTED_EDGE('',*,*,#7203,.T.);
#11908=EDGE_LOOP('',(#11896,#11897,#11899,#11901,#11903,#11904,#11906,#11907));
#11909=FACE_OUTER_BOUND('',#11908,.F.);
#11911=CARTESIAN_POINT('',(-8.E0,6.E-1,-1.15E0));
#11912=DIRECTION('',(0.E0,-1.E0,0.E0));
#11913=DIRECTION('',(0.E0,0.E0,-1.E0));
#11914=AXIS2_PLACEMENT_3D('',#11911,#11912,#11913);
#11915=PLANE('',#11914);
#11917=ORIENTED_EDGE('',*,*,#11916,.T.);
#11918=ORIENTED_EDGE('',*,*,#10901,.F.);
#11920=ORIENTED_EDGE('',*,*,#11919,.F.);
#11922=ORIENTED_EDGE('',*,*,#11921,.F.);
#11924=ORIENTED_EDGE('',*,*,#11923,.F.);
#11925=ORIENTED_EDGE('',*,*,#10883,.F.);
#11927=ORIENTED_EDGE('',*,*,#11926,.F.);
#11928=ORIENTED_EDGE('',*,*,#7195,.T.);
#11929=EDGE_LOOP('',(#11917,#11918,#11920,#11922,#11924,#11925,#11927,#11928));
#11930=FACE_OUTER_BOUND('',#11929,.F.);
#11932=CARTESIAN_POINT('',(-8.E0,6.E-1,-1.15E0));
#11933=DIRECTION('',(0.E0,-1.E0,0.E0));
#11934=DIRECTION('',(0.E0,0.E0,-1.E0));
#11935=AXIS2_PLACEMENT_3D('',#11932,#11933,#11934);
#11936=PLANE('',#11935);
#11938=ORIENTED_EDGE('',*,*,#11937,.T.);
#11939=ORIENTED_EDGE('',*,*,#10931,.F.);
#11941=ORIENTED_EDGE('',*,*,#11940,.F.);
#11943=ORIENTED_EDGE('',*,*,#11942,.F.);
#11945=ORIENTED_EDGE('',*,*,#11944,.F.);
#11946=ORIENTED_EDGE('',*,*,#10913,.F.);
#11948=ORIENTED_EDGE('',*,*,#11947,.F.);
#11949=ORIENTED_EDGE('',*,*,#7187,.T.);
#11950=EDGE_LOOP('',(#11938,#11939,#11941,#11943,#11945,#11946,#11948,#11949));
#11951=FACE_OUTER_BOUND('',#11950,.F.);
#11953=CARTESIAN_POINT('',(-8.E0,6.E-1,-1.15E0));
#11954=DIRECTION('',(0.E0,-1.E0,0.E0));
#11955=DIRECTION('',(0.E0,0.E0,-1.E0));
#11956=AXIS2_PLACEMENT_3D('',#11953,#11954,#11955);
#11957=PLANE('',#11956);
#11959=ORIENTED_EDGE('',*,*,#11958,.T.);
#11960=ORIENTED_EDGE('',*,*,#10961,.F.);
#11962=ORIENTED_EDGE('',*,*,#11961,.F.);
#11964=ORIENTED_EDGE('',*,*,#11963,.F.);
#11966=ORIENTED_EDGE('',*,*,#11965,.F.);
#11967=ORIENTED_EDGE('',*,*,#10943,.F.);
#11969=ORIENTED_EDGE('',*,*,#11968,.F.);
#11970=ORIENTED_EDGE('',*,*,#7179,.T.);
#11971=EDGE_LOOP('',(#11959,#11960,#11962,#11964,#11966,#11967,#11969,#11970));
#11972=FACE_OUTER_BOUND('',#11971,.F.);
#11974=CARTESIAN_POINT('',(-8.E0,6.E-1,-1.15E0));
#11975=DIRECTION('',(0.E0,-1.E0,0.E0));
#11976=DIRECTION('',(0.E0,0.E0,-1.E0));
#11977=AXIS2_PLACEMENT_3D('',#11974,#11975,#11976);
#11978=PLANE('',#11977);
#11980=ORIENTED_EDGE('',*,*,#11979,.T.);
#11981=ORIENTED_EDGE('',*,*,#10991,.F.);
#11983=ORIENTED_EDGE('',*,*,#11982,.F.);
#11985=ORIENTED_EDGE('',*,*,#11984,.F.);
#11987=ORIENTED_EDGE('',*,*,#11986,.F.);
#11988=ORIENTED_EDGE('',*,*,#10973,.F.);
#11990=ORIENTED_EDGE('',*,*,#11989,.F.);
#11991=ORIENTED_EDGE('',*,*,#7171,.T.);
#11992=EDGE_LOOP('',(#11980,#11981,#11983,#11985,#11987,#11988,#11990,#11991));
#11993=FACE_OUTER_BOUND('',#11992,.F.);
#11995=CARTESIAN_POINT('',(-8.E0,6.E-1,-1.15E0));
#11996=DIRECTION('',(0.E0,-1.E0,0.E0));
#11997=DIRECTION('',(0.E0,0.E0,-1.E0));
#11998=AXIS2_PLACEMENT_3D('',#11995,#11996,#11997);
#11999=PLANE('',#11998);
#12000=ORIENTED_EDGE('',*,*,#10550,.F.);
#12001=ORIENTED_EDGE('',*,*,#11003,.F.);
#12003=ORIENTED_EDGE('',*,*,#12002,.F.);
#12004=ORIENTED_EDGE('',*,*,#7163,.T.);
#12005=EDGE_LOOP('',(#12000,#12001,#12003,#12004));
#12006=FACE_OUTER_BOUND('',#12005,.F.);
#12008=CARTESIAN_POINT('',(-8.E0,6.E-1,-1.15E0));
#12009=DIRECTION('',(0.E0,-1.E0,0.E0));
#12010=DIRECTION('',(0.E0,0.E0,-1.E0));
#12011=AXIS2_PLACEMENT_3D('',#12008,#12009,#12010);
#12012=PLANE('',#12011);
#12014=ORIENTED_EDGE('',*,*,#12013,.F.);
#12015=ORIENTED_EDGE('',*,*,#6601,.F.);
#12016=ORIENTED_EDGE('',*,*,#7227,.T.);
#12018=ORIENTED_EDGE('',*,*,#12017,.T.);
#12019=ORIENTED_EDGE('',*,*,#11017,.F.);
#12020=EDGE_LOOP('',(#12014,#12015,#12016,#12018,#12019));
#12021=FACE_OUTER_BOUND('',#12020,.F.);
#12023=CARTESIAN_POINT('',(-3.35E0,2.E0,-1.5E0));
#12024=DIRECTION('',(-1.E0,0.E0,0.E0));
#12025=DIRECTION('',(0.E0,0.E0,1.E0));
#12026=AXIS2_PLACEMENT_3D('',#12023,#12024,#12025);
#12027=PLANE('',#12026);
#12028=ORIENTED_EDGE('',*,*,#7209,.F.);
#12029=ORIENTED_EDGE('',*,*,#10610,.F.);
#12030=ORIENTED_EDGE('',*,*,#10836,.F.);
#12031=ORIENTED_EDGE('',*,*,#11874,.F.);
#12032=EDGE_LOOP('',(#12028,#12029,#12030,#12031));
#12033=FACE_OUTER_BOUND('',#12032,.F.);
#12035=CARTESIAN_POINT('',(-3.35E0,2.E0,-1.5E0));
#12036=DIRECTION('',(-1.E0,0.E0,0.E0));
#12037=DIRECTION('',(0.E0,0.E0,1.E0));
#12038=AXIS2_PLACEMENT_3D('',#12035,#12036,#12037);
#12039=PLANE('',#12038);
#12040=ORIENTED_EDGE('',*,*,#7251,.F.);
#12041=ORIENTED_EDGE('',*,*,#11679,.F.);
#12042=ORIENTED_EDGE('',*,*,#11274,.F.);
#12043=ORIENTED_EDGE('',*,*,#11079,.T.);
#12044=EDGE_LOOP('',(#12040,#12041,#12042,#12043));
#12045=FACE_OUTER_BOUND('',#12044,.F.);
#12047=CARTESIAN_POINT('',(-3.959770248812E0,2.E0,-1.196934709719E0));
#12048=DIRECTION('',(7.592566023653E-1,0.E0,6.507913734560E-1));
#12049=DIRECTION('',(6.507913734560E-1,0.E0,-7.592566023653E-1));
#12050=AXIS2_PLACEMENT_3D('',#12047,#12048,#12049);
#12051=PLANE('',#12050);
#12053=ORIENTED_EDGE('',*,*,#12052,.T.);
#12054=ORIENTED_EDGE('',*,*,#11877,.T.);
#12055=ORIENTED_EDGE('',*,*,#10839,.T.);
#12057=ORIENTED_EDGE('',*,*,#12056,.T.);
#12059=ORIENTED_EDGE('',*,*,#12058,.T.);
#12060=EDGE_LOOP('',(#12053,#12054,#12055,#12057,#12059));
#12061=FACE_OUTER_BOUND('',#12060,.F.);
#12063=CARTESIAN_POINT('',(-3.959770248812E0,2.E0,-1.196934709719E0));
#12064=DIRECTION('',(7.592566023653E-1,0.E0,6.507913734560E-1));
#12065=DIRECTION('',(6.507913734560E-1,0.E0,-7.592566023653E-1));
#12066=AXIS2_PLACEMENT_3D('',#12063,#12064,#12065);
#12067=PLANE('',#12066);
#12069=ORIENTED_EDGE('',*,*,#12068,.T.);
#12071=ORIENTED_EDGE('',*,*,#12070,.T.);
#12073=ORIENTED_EDGE('',*,*,#12072,.T.);
#12074=ORIENTED_EDGE('',*,*,#11278,.T.);
#12075=ORIENTED_EDGE('',*,*,#11689,.F.);
#12076=EDGE_LOOP('',(#12069,#12071,#12073,#12074,#12075));
#12077=FACE_OUTER_BOUND('',#12076,.F.);
#12079=CARTESIAN_POINT('',(-4.E0,2.E0,-1.231417353595E0));
#12080=DIRECTION('',(0.E0,1.E0,0.E0));
#12081=DIRECTION('',(1.E0,0.E0,0.E0));
#12082=AXIS2_PLACEMENT_3D('',#12079,#12080,#12081);
#12083=CYLINDRICAL_SURFACE('',#12082,5.298571136907E-2);
#12085=ORIENTED_EDGE('',*,*,#12084,.T.);
#12086=ORIENTED_EDGE('',*,*,#11879,.T.);
#12087=ORIENTED_EDGE('',*,*,#12052,.F.);
#12089=ORIENTED_EDGE('',*,*,#12088,.T.);
#12090=EDGE_LOOP('',(#12085,#12086,#12087,#12089));
#12091=FACE_OUTER_BOUND('',#12090,.F.);
#12093=CARTESIAN_POINT('',(-4.E0,2.E0,-1.231417353595E0));
#12094=DIRECTION('',(0.E0,1.E0,0.E0));
#12095=DIRECTION('',(1.E0,0.E0,0.E0));
#12096=AXIS2_PLACEMENT_3D('',#12093,#12094,#12095);
#12097=CYLINDRICAL_SURFACE('',#12096,5.298571136907E-2);
#12099=ORIENTED_EDGE('',*,*,#12098,.T.);
#12101=ORIENTED_EDGE('',*,*,#12100,.T.);
#12102=ORIENTED_EDGE('',*,*,#12068,.F.);
#12103=ORIENTED_EDGE('',*,*,#11687,.F.);
#12104=EDGE_LOOP('',(#12099,#12101,#12102,#12103));
#12105=FACE_OUTER_BOUND('',#12104,.F.);
#12107=CARTESIAN_POINT('',(-4.3E0,2.E0,-1.5E0));
#12108=DIRECTION('',(-7.592566023653E-1,0.E0,6.507913734560E-1));
#12109=DIRECTION('',(6.507913734560E-1,0.E0,7.592566023653E-1));
#12110=AXIS2_PLACEMENT_3D('',#12107,#12108,#12109);
#12111=PLANE('',#12110);
#12112=ORIENTED_EDGE('',*,*,#12084,.F.);
#12114=ORIENTED_EDGE('',*,*,#12113,.T.);
#12116=ORIENTED_EDGE('',*,*,#12115,.T.);
#12117=ORIENTED_EDGE('',*,*,#10825,.F.);
#12118=ORIENTED_EDGE('',*,*,#11881,.T.);
#12119=EDGE_LOOP('',(#12112,#12114,#12116,#12117,#12118));
#12120=FACE_OUTER_BOUND('',#12119,.F.);
#12122=CARTESIAN_POINT('',(-4.3E0,2.E0,-1.5E0));
#12123=DIRECTION('',(-7.592566023653E-1,0.E0,6.507913734560E-1));
#12124=DIRECTION('',(6.507913734560E-1,0.E0,7.592566023653E-1));
#12125=AXIS2_PLACEMENT_3D('',#12122,#12123,#12124);
#12126=PLANE('',#12125);
#12127=ORIENTED_EDGE('',*,*,#12098,.F.);
#12128=ORIENTED_EDGE('',*,*,#11685,.F.);
#12129=ORIENTED_EDGE('',*,*,#11262,.F.);
#12131=ORIENTED_EDGE('',*,*,#12130,.T.);
#12133=ORIENTED_EDGE('',*,*,#12132,.T.);
#12134=EDGE_LOOP('',(#12127,#12128,#12129,#12131,#12133));
#12135=FACE_OUTER_BOUND('',#12134,.F.);
#12137=CARTESIAN_POINT('',(-4.E0,1.064038820320E0,-1.5E0));
#12138=DIRECTION('',(0.E0,0.E0,-1.E0));
#12139=DIRECTION('',(1.E0,0.E0,0.E0));
#12140=AXIS2_PLACEMENT_3D('',#12137,#12138,#12139);
#12141=CYLINDRICAL_SURFACE('',#12140,6.403882032022E-2);
#12143=ORIENTED_EDGE('',*,*,#12142,.F.);
#12145=ORIENTED_EDGE('',*,*,#12144,.T.);
#12147=ORIENTED_EDGE('',*,*,#12146,.F.);
#12148=ORIENTED_EDGE('',*,*,#12113,.F.);
#12149=ORIENTED_EDGE('',*,*,#12088,.F.);
#12150=ORIENTED_EDGE('',*,*,#12058,.F.);
#12152=ORIENTED_EDGE('',*,*,#12151,.T.);
#12154=ORIENTED_EDGE('',*,*,#12153,.T.);
#12155=EDGE_LOOP('',(#12143,#12145,#12147,#12148,#12149,#12150,#12152,#12154));
#12156=FACE_OUTER_BOUND('',#12155,.F.);
#12158=CARTESIAN_POINT('',(-4.E0,2.E0,-3.970142886309E-1));
#12159=DIRECTION('',(0.E0,1.E0,0.E0));
#12160=DIRECTION('',(1.E0,0.E0,0.E0));
#12161=AXIS2_PLACEMENT_3D('',#12158,#12159,#12160);
#12162=CYLINDRICAL_SURFACE('',#12161,5.298571136907E-2);
#12164=ORIENTED_EDGE('',*,*,#12163,.T.);
#12166=ORIENTED_EDGE('',*,*,#12165,.T.);
#12168=ORIENTED_EDGE('',*,*,#12167,.F.);
#12169=ORIENTED_EDGE('',*,*,#12142,.T.);
#12170=EDGE_LOOP('',(#12164,#12166,#12168,#12169));
#12171=FACE_OUTER_BOUND('',#12170,.F.);
#12173=CARTESIAN_POINT('',(-3.7E0,2.E0,0.E0));
#12174=DIRECTION('',(8.574929257125E-1,0.E0,-5.144957554275E-1));
#12175=DIRECTION('',(-5.144957554275E-1,0.E0,-8.574929257125E-1));
#12176=AXIS2_PLACEMENT_3D('',#12173,#12174,#12175);
#12177=PLANE('',#12176);
#12178=ORIENTED_EDGE('',*,*,#12163,.F.);
#12179=ORIENTED_EDGE('',*,*,#12153,.F.);
#12181=ORIENTED_EDGE('',*,*,#12180,.F.);
#12182=ORIENTED_EDGE('',*,*,#6717,.T.);
#12184=ORIENTED_EDGE('',*,*,#12183,.F.);
#12186=ORIENTED_EDGE('',*,*,#12185,.F.);
#12187=EDGE_LOOP('',(#12178,#12179,#12181,#12182,#12184,#12186));
#12188=FACE_OUTER_BOUND('',#12187,.F.);
#12190=CARTESIAN_POINT('',(-3.7E0,2.E0,-1.5E0));
#12191=DIRECTION('',(9.701425001453E-1,-2.425356250363E-1,0.E0));
#12192=DIRECTION('',(-2.425356250363E-1,-9.701425001453E-1,0.E0));
#12193=AXIS2_PLACEMENT_3D('',#12190,#12191,#12192);
#12194=PLANE('',#12193);
#12195=ORIENTED_EDGE('',*,*,#12180,.T.);
#12196=ORIENTED_EDGE('',*,*,#12151,.F.);
#12197=ORIENTED_EDGE('',*,*,#12056,.F.);
#12198=ORIENTED_EDGE('',*,*,#10620,.T.);
#12199=EDGE_LOOP('',(#12195,#12196,#12197,#12198));
#12200=FACE_OUTER_BOUND('',#12199,.F.);
#12202=CARTESIAN_POINT('',(-3.937873218748E0,-1.048507125007E0,-1.5E0));
#12203=DIRECTION('',(9.701425001453E-1,2.425356250363E-1,0.E0));
#12204=DIRECTION('',(2.425356250363E-1,-9.701425001453E-1,0.E0));
#12205=AXIS2_PLACEMENT_3D('',#12202,#12203,#12204);
#12206=PLANE('',#12205);
#12207=ORIENTED_EDGE('',*,*,#12183,.T.);
#12208=ORIENTED_EDGE('',*,*,#11083,.T.);
#12209=ORIENTED_EDGE('',*,*,#12072,.F.);
#12211=ORIENTED_EDGE('',*,*,#12210,.T.);
#12212=EDGE_LOOP('',(#12207,#12208,#12209,#12211));
#12213=FACE_OUTER_BOUND('',#12212,.F.);
#12215=CARTESIAN_POINT('',(-4.E0,-1.064038820320E0,-1.5E0));
#12216=DIRECTION('',(0.E0,0.E0,-1.E0));
#12217=DIRECTION('',(1.E0,0.E0,0.E0));
#12218=AXIS2_PLACEMENT_3D('',#12215,#12216,#12217);
#12219=CYLINDRICAL_SURFACE('',#12218,6.403882032022E-2);
#12220=ORIENTED_EDGE('',*,*,#12165,.F.);
#12221=ORIENTED_EDGE('',*,*,#12185,.T.);
#12222=ORIENTED_EDGE('',*,*,#12210,.F.);
#12223=ORIENTED_EDGE('',*,*,#12070,.F.);
#12224=ORIENTED_EDGE('',*,*,#12100,.F.);
#12225=ORIENTED_EDGE('',*,*,#12132,.F.);
#12227=ORIENTED_EDGE('',*,*,#12226,.T.);
#12229=ORIENTED_EDGE('',*,*,#12228,.T.);
#12230=EDGE_LOOP('',(#12220,#12221,#12222,#12223,#12224,#12225,#12227,#12229));
#12231=FACE_OUTER_BOUND('',#12230,.F.);
#12233=CARTESIAN_POINT('',(-4.3E0,-2.E0,-1.5E0));
#12234=DIRECTION('',(-9.701425001453E-1,2.425356250363E-1,0.E0));
#12235=DIRECTION('',(2.425356250363E-1,9.701425001453E-1,0.E0));
#12236=AXIS2_PLACEMENT_3D('',#12233,#12234,#12235);
#12237=PLANE('',#12236);
#12239=ORIENTED_EDGE('',*,*,#12238,.T.);
#12240=ORIENTED_EDGE('',*,*,#12226,.F.);
#12241=ORIENTED_EDGE('',*,*,#12130,.F.);
#12242=ORIENTED_EDGE('',*,*,#11064,.F.);
#12243=EDGE_LOOP('',(#12239,#12240,#12241,#12242));
#12244=FACE_OUTER_BOUND('',#12243,.F.);
#12246=CARTESIAN_POINT('',(-4.045434872663E0,2.E0,-4.242752122286E-1));
#12247=DIRECTION('',(-8.574929257125E-1,0.E0,-5.144957554275E-1));
#12248=DIRECTION('',(-5.144957554275E-1,0.E0,8.574929257125E-1));
#12249=AXIS2_PLACEMENT_3D('',#12246,#12247,#12248);
#12250=PLANE('',#12249);
#12251=ORIENTED_EDGE('',*,*,#12167,.T.);
#12252=ORIENTED_EDGE('',*,*,#12228,.F.);
#12253=ORIENTED_EDGE('',*,*,#12238,.F.);
#12254=ORIENTED_EDGE('',*,*,#6677,.F.);
#12256=ORIENTED_EDGE('',*,*,#12255,.F.);
#12257=ORIENTED_EDGE('',*,*,#12144,.F.);
#12258=EDGE_LOOP('',(#12251,#12252,#12253,#12254,#12256,#12257));
#12259=FACE_OUTER_BOUND('',#12258,.F.);
#12261=CARTESIAN_POINT('',(-4.062126781252E0,1.048507125007E0,-1.5E0));
#12262=DIRECTION('',(-9.701425001453E-1,-2.425356250363E-1,0.E0));
#12263=DIRECTION('',(-2.425356250363E-1,9.701425001453E-1,0.E0));
#12264=AXIS2_PLACEMENT_3D('',#12261,#12262,#12263);
#12265=PLANE('',#12264);
#12266=ORIENTED_EDGE('',*,*,#12255,.T.);
#12267=ORIENTED_EDGE('',*,*,#10595,.F.);
#12268=ORIENTED_EDGE('',*,*,#12115,.F.);
#12269=ORIENTED_EDGE('',*,*,#12146,.T.);
#12270=EDGE_LOOP('',(#12266,#12267,#12268,#12269));
#12271=FACE_OUTER_BOUND('',#12270,.F.);
#12273=CARTESIAN_POINT('',(-4.65E0,2.E0,-1.15E0));
#12274=DIRECTION('',(1.E0,0.E0,0.E0));
#12275=DIRECTION('',(0.E0,0.E0,-1.E0));
#12276=AXIS2_PLACEMENT_3D('',#12273,#12274,#12275);
#12277=PLANE('',#12276);
#12278=ORIENTED_EDGE('',*,*,#7213,.T.);
#12279=ORIENTED_EDGE('',*,*,#11884,.T.);
#12280=ORIENTED_EDGE('',*,*,#10821,.T.);
#12281=ORIENTED_EDGE('',*,*,#10591,.T.);
#12282=EDGE_LOOP('',(#12278,#12279,#12280,#12281));
#12283=FACE_OUTER_BOUND('',#12282,.F.);
#12285=CARTESIAN_POINT('',(-4.65E0,2.E0,-1.15E0));
#12286=DIRECTION('',(1.E0,0.E0,0.E0));
#12287=DIRECTION('',(0.E0,0.E0,-1.E0));
#12288=AXIS2_PLACEMENT_3D('',#12285,#12286,#12287);
#12289=PLANE('',#12288);
#12290=ORIENTED_EDGE('',*,*,#7247,.T.);
#12291=ORIENTED_EDGE('',*,*,#11068,.F.);
#12292=ORIENTED_EDGE('',*,*,#11259,.T.);
#12293=ORIENTED_EDGE('',*,*,#11682,.T.);
#12294=EDGE_LOOP('',(#12290,#12291,#12292,#12293));
#12295=FACE_OUTER_BOUND('',#12294,.F.);
#12297=CARTESIAN_POINT('',(-1.35E0,2.E0,-1.5E0));
#12298=DIRECTION('',(-1.E0,0.E0,0.E0));
#12299=DIRECTION('',(0.E0,0.E0,1.E0));
#12300=AXIS2_PLACEMENT_3D('',#12297,#12298,#12299);
#12301=PLANE('',#12300);
#12302=ORIENTED_EDGE('',*,*,#7201,.F.);
#12303=ORIENTED_EDGE('',*,*,#10632,.F.);
#12304=ORIENTED_EDGE('',*,*,#10866,.F.);
#12305=ORIENTED_EDGE('',*,*,#11895,.F.);
#12306=EDGE_LOOP('',(#12302,#12303,#12304,#12305));
#12307=FACE_OUTER_BOUND('',#12306,.F.);
#12309=CARTESIAN_POINT('',(-1.35E0,2.E0,-1.5E0));
#12310=DIRECTION('',(-1.E0,0.E0,0.E0));
#12311=DIRECTION('',(0.E0,0.E0,1.E0));
#12312=AXIS2_PLACEMENT_3D('',#12309,#12310,#12311);
#12313=PLANE('',#12312);
#12314=ORIENTED_EDGE('',*,*,#7259,.F.);
#12315=ORIENTED_EDGE('',*,*,#11700,.F.);
#12316=ORIENTED_EDGE('',*,*,#11304,.F.);
#12317=ORIENTED_EDGE('',*,*,#11101,.T.);
#12318=EDGE_LOOP('',(#12314,#12315,#12316,#12317));
#12319=FACE_OUTER_BOUND('',#12318,.F.);
#12321=CARTESIAN_POINT('',(-1.959770248812E0,2.E0,-1.196934709719E0));
#12322=DIRECTION('',(7.592566023653E-1,0.E0,6.507913734560E-1));
#12323=DIRECTION('',(6.507913734560E-1,0.E0,-7.592566023653E-1));
#12324=AXIS2_PLACEMENT_3D('',#12321,#12322,#12323);
#12325=PLANE('',#12324);
#12327=ORIENTED_EDGE('',*,*,#12326,.T.);
#12328=ORIENTED_EDGE('',*,*,#11898,.T.);
#12329=ORIENTED_EDGE('',*,*,#10869,.T.);
#12331=ORIENTED_EDGE('',*,*,#12330,.T.);
#12333=ORIENTED_EDGE('',*,*,#12332,.T.);
#12334=EDGE_LOOP('',(#12327,#12328,#12329,#12331,#12333));
#12335=FACE_OUTER_BOUND('',#12334,.F.);
#12337=CARTESIAN_POINT('',(-1.959770248812E0,2.E0,-1.196934709719E0));
#12338=DIRECTION('',(7.592566023653E-1,0.E0,6.507913734560E-1));
#12339=DIRECTION('',(6.507913734560E-1,0.E0,-7.592566023653E-1));
#12340=AXIS2_PLACEMENT_3D('',#12337,#12338,#12339);
#12341=PLANE('',#12340);
#12343=ORIENTED_EDGE('',*,*,#12342,.T.);
#12345=ORIENTED_EDGE('',*,*,#12344,.T.);
#12347=ORIENTED_EDGE('',*,*,#12346,.T.);
#12348=ORIENTED_EDGE('',*,*,#11308,.T.);
#12349=ORIENTED_EDGE('',*,*,#11710,.F.);
#12350=EDGE_LOOP('',(#12343,#12345,#12347,#12348,#12349));
#12351=FACE_OUTER_BOUND('',#12350,.F.);
#12353=CARTESIAN_POINT('',(-2.E0,2.E0,-1.231417353595E0));
#12354=DIRECTION('',(0.E0,1.E0,0.E0));
#12355=DIRECTION('',(1.E0,0.E0,0.E0));
#12356=AXIS2_PLACEMENT_3D('',#12353,#12354,#12355);
#12357=CYLINDRICAL_SURFACE('',#12356,5.298571136907E-2);
#12359=ORIENTED_EDGE('',*,*,#12358,.T.);
#12360=ORIENTED_EDGE('',*,*,#11900,.T.);
#12361=ORIENTED_EDGE('',*,*,#12326,.F.);
#12363=ORIENTED_EDGE('',*,*,#12362,.T.);
#12364=EDGE_LOOP('',(#12359,#12360,#12361,#12363));
#12365=FACE_OUTER_BOUND('',#12364,.F.);
#12367=CARTESIAN_POINT('',(-2.E0,2.E0,-1.231417353595E0));
#12368=DIRECTION('',(0.E0,1.E0,0.E0));
#12369=DIRECTION('',(1.E0,0.E0,0.E0));
#12370=AXIS2_PLACEMENT_3D('',#12367,#12368,#12369);
#12371=CYLINDRICAL_SURFACE('',#12370,5.298571136907E-2);
#12373=ORIENTED_EDGE('',*,*,#12372,.T.);
#12375=ORIENTED_EDGE('',*,*,#12374,.T.);
#12376=ORIENTED_EDGE('',*,*,#12342,.F.);
#12377=ORIENTED_EDGE('',*,*,#11708,.F.);
#12378=EDGE_LOOP('',(#12373,#12375,#12376,#12377));
#12379=FACE_OUTER_BOUND('',#12378,.F.);
#12381=CARTESIAN_POINT('',(-2.3E0,2.E0,-1.5E0));
#12382=DIRECTION('',(-7.592566023653E-1,0.E0,6.507913734560E-1));
#12383=DIRECTION('',(6.507913734560E-1,0.E0,7.592566023653E-1));
#12384=AXIS2_PLACEMENT_3D('',#12381,#12382,#12383);
#12385=PLANE('',#12384);
#12386=ORIENTED_EDGE('',*,*,#12358,.F.);
#12388=ORIENTED_EDGE('',*,*,#12387,.T.);
#12390=ORIENTED_EDGE('',*,*,#12389,.T.);
#12391=ORIENTED_EDGE('',*,*,#10855,.F.);
#12392=ORIENTED_EDGE('',*,*,#11902,.T.);
#12393=EDGE_LOOP('',(#12386,#12388,#12390,#12391,#12392));
#12394=FACE_OUTER_BOUND('',#12393,.F.);
#12396=CARTESIAN_POINT('',(-2.3E0,2.E0,-1.5E0));
#12397=DIRECTION('',(-7.592566023653E-1,0.E0,6.507913734560E-1));
#12398=DIRECTION('',(6.507913734560E-1,0.E0,7.592566023653E-1));
#12399=AXIS2_PLACEMENT_3D('',#12396,#12397,#12398);
#12400=PLANE('',#12399);
#12401=ORIENTED_EDGE('',*,*,#12372,.F.);
#12402=ORIENTED_EDGE('',*,*,#11706,.F.);
#12403=ORIENTED_EDGE('',*,*,#11292,.F.);
#12405=ORIENTED_EDGE('',*,*,#12404,.T.);
#12407=ORIENTED_EDGE('',*,*,#12406,.T.);
#12408=EDGE_LOOP('',(#12401,#12402,#12403,#12405,#12407));
#12409=FACE_OUTER_BOUND('',#12408,.F.);
#12411=CARTESIAN_POINT('',(-2.E0,1.064038820320E0,-1.5E0));
#12412=DIRECTION('',(0.E0,0.E0,-1.E0));
#12413=DIRECTION('',(1.E0,0.E0,0.E0));
#12414=AXIS2_PLACEMENT_3D('',#12411,#12412,#12413);
#12415=CYLINDRICAL_SURFACE('',#12414,6.403882032022E-2);
#12417=ORIENTED_EDGE('',*,*,#12416,.T.);
#12419=ORIENTED_EDGE('',*,*,#12418,.F.);
#12421=ORIENTED_EDGE('',*,*,#12420,.T.);
#12423=ORIENTED_EDGE('',*,*,#12422,.F.);
#12424=ORIENTED_EDGE('',*,*,#12387,.F.);
#12425=ORIENTED_EDGE('',*,*,#12362,.F.);
#12426=ORIENTED_EDGE('',*,*,#12332,.F.);
#12428=ORIENTED_EDGE('',*,*,#12427,.T.);
#12429=EDGE_LOOP('',(#12417,#12419,#12421,#12423,#12424,#12425,#12426,#12428));
#12430=FACE_OUTER_BOUND('',#12429,.F.);
#12432=CARTESIAN_POINT('',(-1.7E0,2.E0,0.E0));
#12433=DIRECTION('',(8.574929257125E-1,0.E0,-5.144957554275E-1));
#12434=DIRECTION('',(-5.144957554275E-1,0.E0,-8.574929257125E-1));
#12435=AXIS2_PLACEMENT_3D('',#12432,#12433,#12434);
#12436=PLANE('',#12435);
#12438=ORIENTED_EDGE('',*,*,#12437,.F.);
#12439=ORIENTED_EDGE('',*,*,#12416,.F.);
#12441=ORIENTED_EDGE('',*,*,#12440,.F.);
#12442=ORIENTED_EDGE('',*,*,#6753,.T.);
#12444=ORIENTED_EDGE('',*,*,#12443,.F.);
#12446=ORIENTED_EDGE('',*,*,#12445,.F.);
#12447=EDGE_LOOP('',(#12438,#12439,#12441,#12442,#12444,#12446));
#12448=FACE_OUTER_BOUND('',#12447,.F.);
#12450=CARTESIAN_POINT('',(-2.E0,2.E0,-3.970142886309E-1));
#12451=DIRECTION('',(0.E0,1.E0,0.E0));
#12452=DIRECTION('',(1.E0,0.E0,0.E0));
#12453=AXIS2_PLACEMENT_3D('',#12450,#12451,#12452);
#12454=CYLINDRICAL_SURFACE('',#12453,5.298571136907E-2);
#12455=ORIENTED_EDGE('',*,*,#12437,.T.);
#12457=ORIENTED_EDGE('',*,*,#12456,.T.);
#12459=ORIENTED_EDGE('',*,*,#12458,.F.);
#12460=ORIENTED_EDGE('',*,*,#12418,.T.);
#12461=EDGE_LOOP('',(#12455,#12457,#12459,#12460));
#12462=FACE_OUTER_BOUND('',#12461,.F.);
#12464=CARTESIAN_POINT('',(-2.E0,-1.064038820320E0,-1.5E0));
#12465=DIRECTION('',(0.E0,0.E0,-1.E0));
#12466=DIRECTION('',(1.E0,0.E0,0.E0));
#12467=AXIS2_PLACEMENT_3D('',#12464,#12465,#12466);
#12468=CYLINDRICAL_SURFACE('',#12467,6.403882032022E-2);
#12469=ORIENTED_EDGE('',*,*,#12445,.T.);
#12471=ORIENTED_EDGE('',*,*,#12470,.F.);
#12472=ORIENTED_EDGE('',*,*,#12344,.F.);
#12473=ORIENTED_EDGE('',*,*,#12374,.F.);
#12474=ORIENTED_EDGE('',*,*,#12406,.F.);
#12476=ORIENTED_EDGE('',*,*,#12475,.T.);
#12478=ORIENTED_EDGE('',*,*,#12477,.T.);
#12479=ORIENTED_EDGE('',*,*,#12456,.F.);
#12480=EDGE_LOOP('',(#12469,#12471,#12472,#12473,#12474,#12476,#12478,#12479));
#12481=FACE_OUTER_BOUND('',#12480,.F.);
#12483=CARTESIAN_POINT('',(-1.937873218748E0,-1.048507125007E0,-1.5E0));
#12484=DIRECTION('',(9.701425001453E-1,2.425356250363E-1,0.E0));
#12485=DIRECTION('',(2.425356250363E-1,-9.701425001453E-1,0.E0));
#12486=AXIS2_PLACEMENT_3D('',#12483,#12484,#12485);
#12487=PLANE('',#12486);
#12488=ORIENTED_EDGE('',*,*,#12443,.T.);
#12489=ORIENTED_EDGE('',*,*,#11105,.T.);
#12490=ORIENTED_EDGE('',*,*,#12346,.F.);
#12491=ORIENTED_EDGE('',*,*,#12470,.T.);
#12492=EDGE_LOOP('',(#12488,#12489,#12490,#12491));
#12493=FACE_OUTER_BOUND('',#12492,.F.);
#12495=CARTESIAN_POINT('',(-2.3E0,-2.E0,-1.5E0));
#12496=DIRECTION('',(-9.701425001453E-1,2.425356250363E-1,0.E0));
#12497=DIRECTION('',(2.425356250363E-1,9.701425001453E-1,0.E0));
#12498=AXIS2_PLACEMENT_3D('',#12495,#12496,#12497);
#12499=PLANE('',#12498);
#12501=ORIENTED_EDGE('',*,*,#12500,.T.);
#12502=ORIENTED_EDGE('',*,*,#12475,.F.);
#12503=ORIENTED_EDGE('',*,*,#12404,.F.);
#12504=ORIENTED_EDGE('',*,*,#11086,.F.);
#12505=EDGE_LOOP('',(#12501,#12502,#12503,#12504));
#12506=FACE_OUTER_BOUND('',#12505,.F.);
#12508=CARTESIAN_POINT('',(-2.045434872663E0,2.E0,-4.242752122286E-1));
#12509=DIRECTION('',(-8.574929257125E-1,0.E0,-5.144957554275E-1));
#12510=DIRECTION('',(-5.144957554275E-1,0.E0,8.574929257125E-1));
#12511=AXIS2_PLACEMENT_3D('',#12508,#12509,#12510);
#12512=PLANE('',#12511);
#12513=ORIENTED_EDGE('',*,*,#12458,.T.);
#12514=ORIENTED_EDGE('',*,*,#12477,.F.);
#12515=ORIENTED_EDGE('',*,*,#12500,.F.);
#12516=ORIENTED_EDGE('',*,*,#6713,.F.);
#12518=ORIENTED_EDGE('',*,*,#12517,.F.);
#12519=ORIENTED_EDGE('',*,*,#12420,.F.);
#12520=EDGE_LOOP('',(#12513,#12514,#12515,#12516,#12518,#12519));
#12521=FACE_OUTER_BOUND('',#12520,.F.);
#12523=CARTESIAN_POINT('',(-2.062126781252E0,1.048507125007E0,-1.5E0));
#12524=DIRECTION('',(-9.701425001453E-1,-2.425356250363E-1,0.E0));
#12525=DIRECTION('',(-2.425356250363E-1,9.701425001453E-1,0.E0));
#12526=AXIS2_PLACEMENT_3D('',#12523,#12524,#12525);
#12527=PLANE('',#12526);
#12528=ORIENTED_EDGE('',*,*,#12517,.T.);
#12529=ORIENTED_EDGE('',*,*,#10617,.F.);
#12530=ORIENTED_EDGE('',*,*,#12389,.F.);
#12531=ORIENTED_EDGE('',*,*,#12422,.T.);
#12532=EDGE_LOOP('',(#12528,#12529,#12530,#12531));
#12533=FACE_OUTER_BOUND('',#12532,.F.);
#12535=CARTESIAN_POINT('',(-1.7E0,2.E0,-1.5E0));
#12536=DIRECTION('',(9.701425001453E-1,-2.425356250363E-1,0.E0));
#12537=DIRECTION('',(-2.425356250363E-1,-9.701425001453E-1,0.E0));
#12538=AXIS2_PLACEMENT_3D('',#12535,#12536,#12537);
#12539=PLANE('',#12538);
#12540=ORIENTED_EDGE('',*,*,#12440,.T.);
#12541=ORIENTED_EDGE('',*,*,#12427,.F.);
#12542=ORIENTED_EDGE('',*,*,#12330,.F.);
#12543=ORIENTED_EDGE('',*,*,#10642,.T.);
#12544=EDGE_LOOP('',(#12540,#12541,#12542,#12543));
#12545=FACE_OUTER_BOUND('',#12544,.F.);
#12547=CARTESIAN_POINT('',(-2.65E0,2.E0,-1.15E0));
#12548=DIRECTION('',(1.E0,0.E0,0.E0));
#12549=DIRECTION('',(0.E0,0.E0,-1.E0));
#12550=AXIS2_PLACEMENT_3D('',#12547,#12548,#12549);
#12551=PLANE('',#12550);
#12552=ORIENTED_EDGE('',*,*,#7205,.T.);
#12553=ORIENTED_EDGE('',*,*,#11905,.T.);
#12554=ORIENTED_EDGE('',*,*,#10851,.T.);
#12555=ORIENTED_EDGE('',*,*,#10613,.T.);
#12556=EDGE_LOOP('',(#12552,#12553,#12554,#12555));
#12557=FACE_OUTER_BOUND('',#12556,.F.);
#12559=CARTESIAN_POINT('',(-2.65E0,2.E0,-1.15E0));
#12560=DIRECTION('',(1.E0,0.E0,0.E0));
#12561=DIRECTION('',(0.E0,0.E0,-1.E0));
#12562=AXIS2_PLACEMENT_3D('',#12559,#12560,#12561);
#12563=PLANE('',#12562);
#12564=ORIENTED_EDGE('',*,*,#7255,.T.);
#12565=ORIENTED_EDGE('',*,*,#11090,.F.);
#12566=ORIENTED_EDGE('',*,*,#11289,.T.);
#12567=ORIENTED_EDGE('',*,*,#11703,.T.);
#12568=EDGE_LOOP('',(#12564,#12565,#12566,#12567));
#12569=FACE_OUTER_BOUND('',#12568,.F.);
#12571=CARTESIAN_POINT('',(6.5E-1,2.E0,-1.5E0));
#12572=DIRECTION('',(-1.E0,0.E0,0.E0));
#12573=DIRECTION('',(0.E0,0.E0,1.E0));
#12574=AXIS2_PLACEMENT_3D('',#12571,#12572,#12573);
#12575=PLANE('',#12574);
#12576=ORIENTED_EDGE('',*,*,#7193,.F.);
#12577=ORIENTED_EDGE('',*,*,#10654,.F.);
#12578=ORIENTED_EDGE('',*,*,#10896,.F.);
#12579=ORIENTED_EDGE('',*,*,#11916,.F.);
#12580=EDGE_LOOP('',(#12576,#12577,#12578,#12579));
#12581=FACE_OUTER_BOUND('',#12580,.F.);
#12583=CARTESIAN_POINT('',(6.5E-1,2.E0,-1.5E0));
#12584=DIRECTION('',(-1.E0,0.E0,0.E0));
#12585=DIRECTION('',(0.E0,0.E0,1.E0));
#12586=AXIS2_PLACEMENT_3D('',#12583,#12584,#12585);
#12587=PLANE('',#12586);
#12588=ORIENTED_EDGE('',*,*,#7267,.F.);
#12589=ORIENTED_EDGE('',*,*,#11721,.F.);
#12590=ORIENTED_EDGE('',*,*,#11334,.F.);
#12591=ORIENTED_EDGE('',*,*,#11123,.T.);
#12592=EDGE_LOOP('',(#12588,#12589,#12590,#12591));
#12593=FACE_OUTER_BOUND('',#12592,.F.);
#12595=CARTESIAN_POINT('',(4.022975118799E-2,2.E0,-1.196934709719E0));
#12596=DIRECTION('',(7.592566023653E-1,0.E0,6.507913734560E-1));
#12597=DIRECTION('',(6.507913734560E-1,0.E0,-7.592566023653E-1));
#12598=AXIS2_PLACEMENT_3D('',#12595,#12596,#12597);
#12599=PLANE('',#12598);
#12601=ORIENTED_EDGE('',*,*,#12600,.T.);
#12602=ORIENTED_EDGE('',*,*,#11919,.T.);
#12603=ORIENTED_EDGE('',*,*,#10899,.T.);
#12605=ORIENTED_EDGE('',*,*,#12604,.T.);
#12607=ORIENTED_EDGE('',*,*,#12606,.T.);
#12608=EDGE_LOOP('',(#12601,#12602,#12603,#12605,#12607));
#12609=FACE_OUTER_BOUND('',#12608,.F.);
#12611=CARTESIAN_POINT('',(4.022975118799E-2,2.E0,-1.196934709719E0));
#12612=DIRECTION('',(7.592566023653E-1,0.E0,6.507913734560E-1));
#12613=DIRECTION('',(6.507913734560E-1,0.E0,-7.592566023653E-1));
#12614=AXIS2_PLACEMENT_3D('',#12611,#12612,#12613);
#12615=PLANE('',#12614);
#12617=ORIENTED_EDGE('',*,*,#12616,.T.);
#12619=ORIENTED_EDGE('',*,*,#12618,.T.);
#12621=ORIENTED_EDGE('',*,*,#12620,.T.);
#12622=ORIENTED_EDGE('',*,*,#11338,.T.);
#12623=ORIENTED_EDGE('',*,*,#11731,.F.);
#12624=EDGE_LOOP('',(#12617,#12619,#12621,#12622,#12623));
#12625=FACE_OUTER_BOUND('',#12624,.F.);
#12627=CARTESIAN_POINT('',(0.E0,2.E0,-1.231417353595E0));
#12628=DIRECTION('',(0.E0,1.E0,0.E0));
#12629=DIRECTION('',(1.E0,0.E0,0.E0));
#12630=AXIS2_PLACEMENT_3D('',#12627,#12628,#12629);
#12631=CYLINDRICAL_SURFACE('',#12630,5.298571136907E-2);
#12633=ORIENTED_EDGE('',*,*,#12632,.T.);
#12634=ORIENTED_EDGE('',*,*,#11921,.T.);
#12635=ORIENTED_EDGE('',*,*,#12600,.F.);
#12637=ORIENTED_EDGE('',*,*,#12636,.T.);
#12638=EDGE_LOOP('',(#12633,#12634,#12635,#12637));
#12639=FACE_OUTER_BOUND('',#12638,.F.);
#12641=CARTESIAN_POINT('',(0.E0,2.E0,-1.231417353595E0));
#12642=DIRECTION('',(0.E0,1.E0,0.E0));
#12643=DIRECTION('',(1.E0,0.E0,0.E0));
#12644=AXIS2_PLACEMENT_3D('',#12641,#12642,#12643);
#12645=CYLINDRICAL_SURFACE('',#12644,5.298571136907E-2);
#12647=ORIENTED_EDGE('',*,*,#12646,.T.);
#12649=ORIENTED_EDGE('',*,*,#12648,.T.);
#12650=ORIENTED_EDGE('',*,*,#12616,.F.);
#12651=ORIENTED_EDGE('',*,*,#11729,.F.);
#12652=EDGE_LOOP('',(#12647,#12649,#12650,#12651));
#12653=FACE_OUTER_BOUND('',#12652,.F.);
#12655=CARTESIAN_POINT('',(-3.E-1,2.E0,-1.5E0));
#12656=DIRECTION('',(-7.592566023653E-1,0.E0,6.507913734560E-1));
#12657=DIRECTION('',(6.507913734560E-1,0.E0,7.592566023653E-1));
#12658=AXIS2_PLACEMENT_3D('',#12655,#12656,#12657);
#12659=PLANE('',#12658);
#12660=ORIENTED_EDGE('',*,*,#12632,.F.);
#12662=ORIENTED_EDGE('',*,*,#12661,.T.);
#12664=ORIENTED_EDGE('',*,*,#12663,.T.);
#12665=ORIENTED_EDGE('',*,*,#10885,.F.);
#12666=ORIENTED_EDGE('',*,*,#11923,.T.);
#12667=EDGE_LOOP('',(#12660,#12662,#12664,#12665,#12666));
#12668=FACE_OUTER_BOUND('',#12667,.F.);
#12670=CARTESIAN_POINT('',(-3.E-1,2.E0,-1.5E0));
#12671=DIRECTION('',(-7.592566023653E-1,0.E0,6.507913734560E-1));
#12672=DIRECTION('',(6.507913734560E-1,0.E0,7.592566023653E-1));
#12673=AXIS2_PLACEMENT_3D('',#12670,#12671,#12672);
#12674=PLANE('',#12673);
#12675=ORIENTED_EDGE('',*,*,#12646,.F.);
#12676=ORIENTED_EDGE('',*,*,#11727,.F.);
#12677=ORIENTED_EDGE('',*,*,#11322,.F.);
#12679=ORIENTED_EDGE('',*,*,#12678,.T.);
#12681=ORIENTED_EDGE('',*,*,#12680,.T.);
#12682=EDGE_LOOP('',(#12675,#12676,#12677,#12679,#12681));
#12683=FACE_OUTER_BOUND('',#12682,.F.);
#12685=CARTESIAN_POINT('',(0.E0,1.064038820320E0,-1.5E0));
#12686=DIRECTION('',(0.E0,0.E0,-1.E0));
#12687=DIRECTION('',(1.E0,0.E0,0.E0));
#12688=AXIS2_PLACEMENT_3D('',#12685,#12686,#12687);
#12689=CYLINDRICAL_SURFACE('',#12688,6.403882032022E-2);
#12691=ORIENTED_EDGE('',*,*,#12690,.T.);
#12693=ORIENTED_EDGE('',*,*,#12692,.F.);
#12695=ORIENTED_EDGE('',*,*,#12694,.T.);
#12697=ORIENTED_EDGE('',*,*,#12696,.F.);
#12698=ORIENTED_EDGE('',*,*,#12661,.F.);
#12699=ORIENTED_EDGE('',*,*,#12636,.F.);
#12700=ORIENTED_EDGE('',*,*,#12606,.F.);
#12702=ORIENTED_EDGE('',*,*,#12701,.T.);
#12703=EDGE_LOOP('',(#12691,#12693,#12695,#12697,#12698,#12699,#12700,#12702));
#12704=FACE_OUTER_BOUND('',#12703,.F.);
#12706=CARTESIAN_POINT('',(3.E-1,2.E0,0.E0));
#12707=DIRECTION('',(8.574929257125E-1,0.E0,-5.144957554275E-1));
#12708=DIRECTION('',(-5.144957554275E-1,0.E0,-8.574929257125E-1));
#12709=AXIS2_PLACEMENT_3D('',#12706,#12707,#12708);
#12710=PLANE('',#12709);
#12712=ORIENTED_EDGE('',*,*,#12711,.F.);
#12713=ORIENTED_EDGE('',*,*,#12690,.F.);
#12715=ORIENTED_EDGE('',*,*,#12714,.F.);
#12716=ORIENTED_EDGE('',*,*,#6789,.T.);
#12718=ORIENTED_EDGE('',*,*,#12717,.F.);
#12720=ORIENTED_EDGE('',*,*,#12719,.F.);
#12721=EDGE_LOOP('',(#12712,#12713,#12715,#12716,#12718,#12720));
#12722=FACE_OUTER_BOUND('',#12721,.F.);
#12724=CARTESIAN_POINT('',(0.E0,2.E0,-3.970142886309E-1));
#12725=DIRECTION('',(0.E0,1.E0,0.E0));
#12726=DIRECTION('',(1.E0,0.E0,0.E0));
#12727=AXIS2_PLACEMENT_3D('',#12724,#12725,#12726);
#12728=CYLINDRICAL_SURFACE('',#12727,5.298571136907E-2);
#12729=ORIENTED_EDGE('',*,*,#12711,.T.);
#12731=ORIENTED_EDGE('',*,*,#12730,.T.);
#12733=ORIENTED_EDGE('',*,*,#12732,.F.);
#12734=ORIENTED_EDGE('',*,*,#12692,.T.);
#12735=EDGE_LOOP('',(#12729,#12731,#12733,#12734));
#12736=FACE_OUTER_BOUND('',#12735,.F.);
#12738=CARTESIAN_POINT('',(0.E0,-1.064038820320E0,-1.5E0));
#12739=DIRECTION('',(0.E0,0.E0,-1.E0));
#12740=DIRECTION('',(1.E0,0.E0,0.E0));
#12741=AXIS2_PLACEMENT_3D('',#12738,#12739,#12740);
#12742=CYLINDRICAL_SURFACE('',#12741,6.403882032022E-2);
#12743=ORIENTED_EDGE('',*,*,#12719,.T.);
#12745=ORIENTED_EDGE('',*,*,#12744,.F.);
#12746=ORIENTED_EDGE('',*,*,#12618,.F.);
#12747=ORIENTED_EDGE('',*,*,#12648,.F.);
#12748=ORIENTED_EDGE('',*,*,#12680,.F.);
#12750=ORIENTED_EDGE('',*,*,#12749,.T.);
#12752=ORIENTED_EDGE('',*,*,#12751,.T.);
#12753=ORIENTED_EDGE('',*,*,#12730,.F.);
#12754=EDGE_LOOP('',(#12743,#12745,#12746,#12747,#12748,#12750,#12752,#12753));
#12755=FACE_OUTER_BOUND('',#12754,.F.);
#12757=CARTESIAN_POINT('',(6.212678125182E-2,-1.048507125007E0,-1.5E0));
#12758=DIRECTION('',(9.701425001453E-1,2.425356250363E-1,0.E0));
#12759=DIRECTION('',(2.425356250363E-1,-9.701425001453E-1,0.E0));
#12760=AXIS2_PLACEMENT_3D('',#12757,#12758,#12759);
#12761=PLANE('',#12760);
#12762=ORIENTED_EDGE('',*,*,#12717,.T.);
#12763=ORIENTED_EDGE('',*,*,#11127,.T.);
#12764=ORIENTED_EDGE('',*,*,#12620,.F.);
#12765=ORIENTED_EDGE('',*,*,#12744,.T.);
#12766=EDGE_LOOP('',(#12762,#12763,#12764,#12765));
#12767=FACE_OUTER_BOUND('',#12766,.F.);
#12769=CARTESIAN_POINT('',(-3.E-1,-2.E0,-1.5E0));
#12770=DIRECTION('',(-9.701425001453E-1,2.425356250363E-1,0.E0));
#12771=DIRECTION('',(2.425356250363E-1,9.701425001453E-1,0.E0));
#12772=AXIS2_PLACEMENT_3D('',#12769,#12770,#12771);
#12773=PLANE('',#12772);
#12775=ORIENTED_EDGE('',*,*,#12774,.T.);
#12776=ORIENTED_EDGE('',*,*,#12749,.F.);
#12777=ORIENTED_EDGE('',*,*,#12678,.F.);
#12778=ORIENTED_EDGE('',*,*,#11108,.F.);
#12779=EDGE_LOOP('',(#12775,#12776,#12777,#12778));
#12780=FACE_OUTER_BOUND('',#12779,.F.);
#12782=CARTESIAN_POINT('',(-4.543487266283E-2,2.E0,-4.242752122286E-1));
#12783=DIRECTION('',(-8.574929257125E-1,0.E0,-5.144957554275E-1));
#12784=DIRECTION('',(-5.144957554275E-1,0.E0,8.574929257125E-1));
#12785=AXIS2_PLACEMENT_3D('',#12782,#12783,#12784);
#12786=PLANE('',#12785);
#12787=ORIENTED_EDGE('',*,*,#12732,.T.);
#12788=ORIENTED_EDGE('',*,*,#12751,.F.);
#12789=ORIENTED_EDGE('',*,*,#12774,.F.);
#12790=ORIENTED_EDGE('',*,*,#6749,.F.);
#12792=ORIENTED_EDGE('',*,*,#12791,.F.);
#12793=ORIENTED_EDGE('',*,*,#12694,.F.);
#12794=EDGE_LOOP('',(#12787,#12788,#12789,#12790,#12792,#12793));
#12795=FACE_OUTER_BOUND('',#12794,.F.);
#12797=CARTESIAN_POINT('',(-6.212678125182E-2,1.048507125007E0,-1.5E0));
#12798=DIRECTION('',(-9.701425001453E-1,-2.425356250363E-1,0.E0));
#12799=DIRECTION('',(-2.425356250363E-1,9.701425001453E-1,0.E0));
#12800=AXIS2_PLACEMENT_3D('',#12797,#12798,#12799);
#12801=PLANE('',#12800);
#12802=ORIENTED_EDGE('',*,*,#12791,.T.);
#12803=ORIENTED_EDGE('',*,*,#10639,.F.);
#12804=ORIENTED_EDGE('',*,*,#12663,.F.);
#12805=ORIENTED_EDGE('',*,*,#12696,.T.);
#12806=EDGE_LOOP('',(#12802,#12803,#12804,#12805));
#12807=FACE_OUTER_BOUND('',#12806,.F.);
#12809=CARTESIAN_POINT('',(3.E-1,2.E0,-1.5E0));
#12810=DIRECTION('',(9.701425001453E-1,-2.425356250363E-1,0.E0));
#12811=DIRECTION('',(-2.425356250363E-1,-9.701425001453E-1,0.E0));
#12812=AXIS2_PLACEMENT_3D('',#12809,#12810,#12811);
#12813=PLANE('',#12812);
#12814=ORIENTED_EDGE('',*,*,#12714,.T.);
#12815=ORIENTED_EDGE('',*,*,#12701,.F.);
#12816=ORIENTED_EDGE('',*,*,#12604,.F.);
#12817=ORIENTED_EDGE('',*,*,#10664,.T.);
#12818=EDGE_LOOP('',(#12814,#12815,#12816,#12817));
#12819=FACE_OUTER_BOUND('',#12818,.F.);
#12821=CARTESIAN_POINT('',(-6.5E-1,2.E0,-1.15E0));
#12822=DIRECTION('',(1.E0,0.E0,0.E0));
#12823=DIRECTION('',(0.E0,0.E0,-1.E0));
#12824=AXIS2_PLACEMENT_3D('',#12821,#12822,#12823);
#12825=PLANE('',#12824);
#12826=ORIENTED_EDGE('',*,*,#7197,.T.);
#12827=ORIENTED_EDGE('',*,*,#11926,.T.);
#12828=ORIENTED_EDGE('',*,*,#10881,.T.);
#12829=ORIENTED_EDGE('',*,*,#10635,.T.);
#12830=EDGE_LOOP('',(#12826,#12827,#12828,#12829));
#12831=FACE_OUTER_BOUND('',#12830,.F.);
#12833=CARTESIAN_POINT('',(-6.5E-1,2.E0,-1.15E0));
#12834=DIRECTION('',(1.E0,0.E0,0.E0));
#12835=DIRECTION('',(0.E0,0.E0,-1.E0));
#12836=AXIS2_PLACEMENT_3D('',#12833,#12834,#12835);
#12837=PLANE('',#12836);
#12838=ORIENTED_EDGE('',*,*,#7263,.T.);
#12839=ORIENTED_EDGE('',*,*,#11112,.F.);
#12840=ORIENTED_EDGE('',*,*,#11319,.T.);
#12841=ORIENTED_EDGE('',*,*,#11724,.T.);
#12842=EDGE_LOOP('',(#12838,#12839,#12840,#12841));
#12843=FACE_OUTER_BOUND('',#12842,.F.);
#12845=CARTESIAN_POINT('',(2.65E0,2.E0,-1.5E0));
#12846=DIRECTION('',(-1.E0,0.E0,0.E0));
#12847=DIRECTION('',(0.E0,0.E0,1.E0));
#12848=AXIS2_PLACEMENT_3D('',#12845,#12846,#12847);
#12849=PLANE('',#12848);
#12850=ORIENTED_EDGE('',*,*,#7185,.F.);
#12851=ORIENTED_EDGE('',*,*,#10676,.F.);
#12852=ORIENTED_EDGE('',*,*,#10926,.F.);
#12853=ORIENTED_EDGE('',*,*,#11937,.F.);
#12854=EDGE_LOOP('',(#12850,#12851,#12852,#12853));
#12855=FACE_OUTER_BOUND('',#12854,.F.);
#12857=CARTESIAN_POINT('',(2.65E0,2.E0,-1.5E0));
#12858=DIRECTION('',(-1.E0,0.E0,0.E0));
#12859=DIRECTION('',(0.E0,0.E0,1.E0));
#12860=AXIS2_PLACEMENT_3D('',#12857,#12858,#12859);
#12861=PLANE('',#12860);
#12862=ORIENTED_EDGE('',*,*,#7275,.F.);
#12863=ORIENTED_EDGE('',*,*,#11742,.F.);
#12864=ORIENTED_EDGE('',*,*,#11364,.F.);
#12865=ORIENTED_EDGE('',*,*,#11145,.T.);
#12866=EDGE_LOOP('',(#12862,#12863,#12864,#12865));
#12867=FACE_OUTER_BOUND('',#12866,.F.);
#12869=CARTESIAN_POINT('',(2.040229751188E0,2.E0,-1.196934709719E0));
#12870=DIRECTION('',(7.592566023653E-1,0.E0,6.507913734560E-1));
#12871=DIRECTION('',(6.507913734560E-1,0.E0,-7.592566023653E-1));
#12872=AXIS2_PLACEMENT_3D('',#12869,#12870,#12871);
#12873=PLANE('',#12872);
#12875=ORIENTED_EDGE('',*,*,#12874,.T.);
#12876=ORIENTED_EDGE('',*,*,#11940,.T.);
#12877=ORIENTED_EDGE('',*,*,#10929,.T.);
#12879=ORIENTED_EDGE('',*,*,#12878,.T.);
#12881=ORIENTED_EDGE('',*,*,#12880,.T.);
#12882=EDGE_LOOP('',(#12875,#12876,#12877,#12879,#12881));
#12883=FACE_OUTER_BOUND('',#12882,.F.);
#12885=CARTESIAN_POINT('',(2.040229751188E0,2.E0,-1.196934709719E0));
#12886=DIRECTION('',(7.592566023653E-1,0.E0,6.507913734560E-1));
#12887=DIRECTION('',(6.507913734560E-1,0.E0,-7.592566023653E-1));
#12888=AXIS2_PLACEMENT_3D('',#12885,#12886,#12887);
#12889=PLANE('',#12888);
#12891=ORIENTED_EDGE('',*,*,#12890,.T.);
#12893=ORIENTED_EDGE('',*,*,#12892,.T.);
#12895=ORIENTED_EDGE('',*,*,#12894,.T.);
#12896=ORIENTED_EDGE('',*,*,#11368,.T.);
#12897=ORIENTED_EDGE('',*,*,#11752,.F.);
#12898=EDGE_LOOP('',(#12891,#12893,#12895,#12896,#12897));
#12899=FACE_OUTER_BOUND('',#12898,.F.);
#12901=CARTESIAN_POINT('',(2.E0,2.E0,-1.231417353595E0));
#12902=DIRECTION('',(0.E0,1.E0,0.E0));
#12903=DIRECTION('',(1.E0,0.E0,0.E0));
#12904=AXIS2_PLACEMENT_3D('',#12901,#12902,#12903);
#12905=CYLINDRICAL_SURFACE('',#12904,5.298571136907E-2);
#12907=ORIENTED_EDGE('',*,*,#12906,.T.);
#12908=ORIENTED_EDGE('',*,*,#11942,.T.);
#12909=ORIENTED_EDGE('',*,*,#12874,.F.);
#12911=ORIENTED_EDGE('',*,*,#12910,.T.);
#12912=EDGE_LOOP('',(#12907,#12908,#12909,#12911));
#12913=FACE_OUTER_BOUND('',#12912,.F.);
#12915=CARTESIAN_POINT('',(2.E0,2.E0,-1.231417353595E0));
#12916=DIRECTION('',(0.E0,1.E0,0.E0));
#12917=DIRECTION('',(1.E0,0.E0,0.E0));
#12918=AXIS2_PLACEMENT_3D('',#12915,#12916,#12917);
#12919=CYLINDRICAL_SURFACE('',#12918,5.298571136907E-2);
#12921=ORIENTED_EDGE('',*,*,#12920,.T.);
#12923=ORIENTED_EDGE('',*,*,#12922,.T.);
#12924=ORIENTED_EDGE('',*,*,#12890,.F.);
#12925=ORIENTED_EDGE('',*,*,#11750,.F.);
#12926=EDGE_LOOP('',(#12921,#12923,#12924,#12925));
#12927=FACE_OUTER_BOUND('',#12926,.F.);
#12929=CARTESIAN_POINT('',(1.7E0,2.E0,-1.5E0));
#12930=DIRECTION('',(-7.592566023653E-1,0.E0,6.507913734560E-1));
#12931=DIRECTION('',(6.507913734560E-1,0.E0,7.592566023653E-1));
#12932=AXIS2_PLACEMENT_3D('',#12929,#12930,#12931);
#12933=PLANE('',#12932);
#12934=ORIENTED_EDGE('',*,*,#12906,.F.);
#12936=ORIENTED_EDGE('',*,*,#12935,.T.);
#12938=ORIENTED_EDGE('',*,*,#12937,.T.);
#12939=ORIENTED_EDGE('',*,*,#10915,.F.);
#12940=ORIENTED_EDGE('',*,*,#11944,.T.);
#12941=EDGE_LOOP('',(#12934,#12936,#12938,#12939,#12940));
#12942=FACE_OUTER_BOUND('',#12941,.F.);
#12944=CARTESIAN_POINT('',(1.7E0,2.E0,-1.5E0));
#12945=DIRECTION('',(-7.592566023653E-1,0.E0,6.507913734560E-1));
#12946=DIRECTION('',(6.507913734560E-1,0.E0,7.592566023653E-1));
#12947=AXIS2_PLACEMENT_3D('',#12944,#12945,#12946);
#12948=PLANE('',#12947);
#12949=ORIENTED_EDGE('',*,*,#12920,.F.);
#12950=ORIENTED_EDGE('',*,*,#11748,.F.);
#12951=ORIENTED_EDGE('',*,*,#11352,.F.);
#12953=ORIENTED_EDGE('',*,*,#12952,.T.);
#12955=ORIENTED_EDGE('',*,*,#12954,.T.);
#12956=EDGE_LOOP('',(#12949,#12950,#12951,#12953,#12955));
#12957=FACE_OUTER_BOUND('',#12956,.F.);
#12959=CARTESIAN_POINT('',(2.E0,1.064038820320E0,-1.5E0));
#12960=DIRECTION('',(0.E0,0.E0,-1.E0));
#12961=DIRECTION('',(1.E0,0.E0,0.E0));
#12962=AXIS2_PLACEMENT_3D('',#12959,#12960,#12961);
#12963=CYLINDRICAL_SURFACE('',#12962,6.403882032022E-2);
#12965=ORIENTED_EDGE('',*,*,#12964,.T.);
#12967=ORIENTED_EDGE('',*,*,#12966,.F.);
#12969=ORIENTED_EDGE('',*,*,#12968,.T.);
#12971=ORIENTED_EDGE('',*,*,#12970,.F.);
#12972=ORIENTED_EDGE('',*,*,#12935,.F.);
#12973=ORIENTED_EDGE('',*,*,#12910,.F.);
#12974=ORIENTED_EDGE('',*,*,#12880,.F.);
#12976=ORIENTED_EDGE('',*,*,#12975,.T.);
#12977=EDGE_LOOP('',(#12965,#12967,#12969,#12971,#12972,#12973,#12974,#12976));
#12978=FACE_OUTER_BOUND('',#12977,.F.);
#12980=CARTESIAN_POINT('',(2.3E0,2.E0,0.E0));
#12981=DIRECTION('',(8.574929257125E-1,0.E0,-5.144957554275E-1));
#12982=DIRECTION('',(-5.144957554275E-1,0.E0,-8.574929257125E-1));
#12983=AXIS2_PLACEMENT_3D('',#12980,#12981,#12982);
#12984=PLANE('',#12983);
#12986=ORIENTED_EDGE('',*,*,#12985,.F.);
#12987=ORIENTED_EDGE('',*,*,#12964,.F.);
#12989=ORIENTED_EDGE('',*,*,#12988,.F.);
#12990=ORIENTED_EDGE('',*,*,#6825,.T.);
#12992=ORIENTED_EDGE('',*,*,#12991,.F.);
#12994=ORIENTED_EDGE('',*,*,#12993,.F.);
#12995=EDGE_LOOP('',(#12986,#12987,#12989,#12990,#12992,#12994));
#12996=FACE_OUTER_BOUND('',#12995,.F.);
#12998=CARTESIAN_POINT('',(2.E0,2.E0,-3.970142886309E-1));
#12999=DIRECTION('',(0.E0,1.E0,0.E0));
#13000=DIRECTION('',(1.E0,0.E0,0.E0));
#13001=AXIS2_PLACEMENT_3D('',#12998,#12999,#13000);
#13002=CYLINDRICAL_SURFACE('',#13001,5.298571136907E-2);
#13003=ORIENTED_EDGE('',*,*,#12985,.T.);
#13005=ORIENTED_EDGE('',*,*,#13004,.T.);
#13007=ORIENTED_EDGE('',*,*,#13006,.F.);
#13008=ORIENTED_EDGE('',*,*,#12966,.T.);
#13009=EDGE_LOOP('',(#13003,#13005,#13007,#13008));
#13010=FACE_OUTER_BOUND('',#13009,.F.);
#13012=CARTESIAN_POINT('',(2.E0,-1.064038820320E0,-1.5E0));
#13013=DIRECTION('',(0.E0,0.E0,-1.E0));
#13014=DIRECTION('',(1.E0,0.E0,0.E0));
#13015=AXIS2_PLACEMENT_3D('',#13012,#13013,#13014);
#13016=CYLINDRICAL_SURFACE('',#13015,6.403882032022E-2);
#13017=ORIENTED_EDGE('',*,*,#12993,.T.);
#13019=ORIENTED_EDGE('',*,*,#13018,.F.);
#13020=ORIENTED_EDGE('',*,*,#12892,.F.);
#13021=ORIENTED_EDGE('',*,*,#12922,.F.);
#13022=ORIENTED_EDGE('',*,*,#12954,.F.);
#13024=ORIENTED_EDGE('',*,*,#13023,.T.);
#13026=ORIENTED_EDGE('',*,*,#13025,.T.);
#13027=ORIENTED_EDGE('',*,*,#13004,.F.);
#13028=EDGE_LOOP('',(#13017,#13019,#13020,#13021,#13022,#13024,#13026,#13027));
#13029=FACE_OUTER_BOUND('',#13028,.F.);
#13031=CARTESIAN_POINT('',(2.062126781252E0,-1.048507125007E0,-1.5E0));
#13032=DIRECTION('',(9.701425001453E-1,2.425356250363E-1,0.E0));
#13033=DIRECTION('',(2.425356250363E-1,-9.701425001453E-1,0.E0));
#13034=AXIS2_PLACEMENT_3D('',#13031,#13032,#13033);
#13035=PLANE('',#13034);
#13036=ORIENTED_EDGE('',*,*,#12991,.T.);
#13037=ORIENTED_EDGE('',*,*,#11149,.T.);
#13038=ORIENTED_EDGE('',*,*,#12894,.F.);
#13039=ORIENTED_EDGE('',*,*,#13018,.T.);
#13040=EDGE_LOOP('',(#13036,#13037,#13038,#13039));
#13041=FACE_OUTER_BOUND('',#13040,.F.);
#13043=CARTESIAN_POINT('',(1.7E0,-2.E0,-1.5E0));
#13044=DIRECTION('',(-9.701425001453E-1,2.425356250363E-1,0.E0));
#13045=DIRECTION('',(2.425356250363E-1,9.701425001453E-1,0.E0));
#13046=AXIS2_PLACEMENT_3D('',#13043,#13044,#13045);
#13047=PLANE('',#13046);
#13049=ORIENTED_EDGE('',*,*,#13048,.T.);
#13050=ORIENTED_EDGE('',*,*,#13023,.F.);
#13051=ORIENTED_EDGE('',*,*,#12952,.F.);
#13052=ORIENTED_EDGE('',*,*,#11130,.F.);
#13053=EDGE_LOOP('',(#13049,#13050,#13051,#13052));
#13054=FACE_OUTER_BOUND('',#13053,.F.);
#13056=CARTESIAN_POINT('',(1.954565127337E0,2.E0,-4.242752122286E-1));
#13057=DIRECTION('',(-8.574929257125E-1,0.E0,-5.144957554275E-1));
#13058=DIRECTION('',(-5.144957554275E-1,0.E0,8.574929257125E-1));
#13059=AXIS2_PLACEMENT_3D('',#13056,#13057,#13058);
#13060=PLANE('',#13059);
#13061=ORIENTED_EDGE('',*,*,#13006,.T.);
#13062=ORIENTED_EDGE('',*,*,#13025,.F.);
#13063=ORIENTED_EDGE('',*,*,#13048,.F.);
#13064=ORIENTED_EDGE('',*,*,#6785,.F.);
#13066=ORIENTED_EDGE('',*,*,#13065,.F.);
#13067=ORIENTED_EDGE('',*,*,#12968,.F.);
#13068=EDGE_LOOP('',(#13061,#13062,#13063,#13064,#13066,#13067));
#13069=FACE_OUTER_BOUND('',#13068,.F.);
#13071=CARTESIAN_POINT('',(1.937873218748E0,1.048507125007E0,-1.5E0));
#13072=DIRECTION('',(-9.701425001453E-1,-2.425356250363E-1,0.E0));
#13073=DIRECTION('',(-2.425356250363E-1,9.701425001453E-1,0.E0));
#13074=AXIS2_PLACEMENT_3D('',#13071,#13072,#13073);
#13075=PLANE('',#13074);
#13076=ORIENTED_EDGE('',*,*,#13065,.T.);
#13077=ORIENTED_EDGE('',*,*,#10661,.F.);
#13078=ORIENTED_EDGE('',*,*,#12937,.F.);
#13079=ORIENTED_EDGE('',*,*,#12970,.T.);
#13080=EDGE_LOOP('',(#13076,#13077,#13078,#13079));
#13081=FACE_OUTER_BOUND('',#13080,.F.);
#13083=CARTESIAN_POINT('',(2.3E0,2.E0,-1.5E0));
#13084=DIRECTION('',(9.701425001453E-1,-2.425356250363E-1,0.E0));
#13085=DIRECTION('',(-2.425356250363E-1,-9.701425001453E-1,0.E0));
#13086=AXIS2_PLACEMENT_3D('',#13083,#13084,#13085);
#13087=PLANE('',#13086);
#13088=ORIENTED_EDGE('',*,*,#12988,.T.);
#13089=ORIENTED_EDGE('',*,*,#12975,.F.);
#13090=ORIENTED_EDGE('',*,*,#12878,.F.);
#13091=ORIENTED_EDGE('',*,*,#10686,.T.);
#13092=EDGE_LOOP('',(#13088,#13089,#13090,#13091));
#13093=FACE_OUTER_BOUND('',#13092,.F.);
#13095=CARTESIAN_POINT('',(1.35E0,2.E0,-1.15E0));
#13096=DIRECTION('',(1.E0,0.E0,0.E0));
#13097=DIRECTION('',(0.E0,0.E0,-1.E0));
#13098=AXIS2_PLACEMENT_3D('',#13095,#13096,#13097);
#13099=PLANE('',#13098);
#13100=ORIENTED_EDGE('',*,*,#7189,.T.);
#13101=ORIENTED_EDGE('',*,*,#11947,.T.);
#13102=ORIENTED_EDGE('',*,*,#10911,.T.);
#13103=ORIENTED_EDGE('',*,*,#10657,.T.);
#13104=EDGE_LOOP('',(#13100,#13101,#13102,#13103));
#13105=FACE_OUTER_BOUND('',#13104,.F.);
#13107=CARTESIAN_POINT('',(1.35E0,2.E0,-1.15E0));
#13108=DIRECTION('',(1.E0,0.E0,0.E0));
#13109=DIRECTION('',(0.E0,0.E0,-1.E0));
#13110=AXIS2_PLACEMENT_3D('',#13107,#13108,#13109);
#13111=PLANE('',#13110);
#13112=ORIENTED_EDGE('',*,*,#7271,.T.);
#13113=ORIENTED_EDGE('',*,*,#11134,.F.);
#13114=ORIENTED_EDGE('',*,*,#11349,.T.);
#13115=ORIENTED_EDGE('',*,*,#11745,.T.);
#13116=EDGE_LOOP('',(#13112,#13113,#13114,#13115));
#13117=FACE_OUTER_BOUND('',#13116,.F.);
#13119=CARTESIAN_POINT('',(4.65E0,2.E0,-1.5E0));
#13120=DIRECTION('',(-1.E0,0.E0,0.E0));
#13121=DIRECTION('',(0.E0,0.E0,1.E0));
#13122=AXIS2_PLACEMENT_3D('',#13119,#13120,#13121);
#13123=PLANE('',#13122);
#13124=ORIENTED_EDGE('',*,*,#7177,.F.);
#13125=ORIENTED_EDGE('',*,*,#10698,.F.);
#13126=ORIENTED_EDGE('',*,*,#10956,.F.);
#13127=ORIENTED_EDGE('',*,*,#11958,.F.);
#13128=EDGE_LOOP('',(#13124,#13125,#13126,#13127));
#13129=FACE_OUTER_BOUND('',#13128,.F.);
#13131=CARTESIAN_POINT('',(4.65E0,2.E0,-1.5E0));
#13132=DIRECTION('',(-1.E0,0.E0,0.E0));
#13133=DIRECTION('',(0.E0,0.E0,1.E0));
#13134=AXIS2_PLACEMENT_3D('',#13131,#13132,#13133);
#13135=PLANE('',#13134);
#13136=ORIENTED_EDGE('',*,*,#7283,.F.);
#13137=ORIENTED_EDGE('',*,*,#11763,.F.);
#13138=ORIENTED_EDGE('',*,*,#11394,.F.);
#13139=ORIENTED_EDGE('',*,*,#11167,.T.);
#13140=EDGE_LOOP('',(#13136,#13137,#13138,#13139));
#13141=FACE_OUTER_BOUND('',#13140,.F.);
#13143=CARTESIAN_POINT('',(4.040229751188E0,2.E0,-1.196934709719E0));
#13144=DIRECTION('',(7.592566023653E-1,0.E0,6.507913734560E-1));
#13145=DIRECTION('',(6.507913734560E-1,0.E0,-7.592566023653E-1));
#13146=AXIS2_PLACEMENT_3D('',#13143,#13144,#13145);
#13147=PLANE('',#13146);
#13149=ORIENTED_EDGE('',*,*,#13148,.T.);
#13150=ORIENTED_EDGE('',*,*,#11961,.T.);
#13151=ORIENTED_EDGE('',*,*,#10959,.T.);
#13153=ORIENTED_EDGE('',*,*,#13152,.T.);
#13155=ORIENTED_EDGE('',*,*,#13154,.T.);
#13156=EDGE_LOOP('',(#13149,#13150,#13151,#13153,#13155));
#13157=FACE_OUTER_BOUND('',#13156,.F.);
#13159=CARTESIAN_POINT('',(4.040229751188E0,2.E0,-1.196934709719E0));
#13160=DIRECTION('',(7.592566023653E-1,0.E0,6.507913734560E-1));
#13161=DIRECTION('',(6.507913734560E-1,0.E0,-7.592566023653E-1));
#13162=AXIS2_PLACEMENT_3D('',#13159,#13160,#13161);
#13163=PLANE('',#13162);
#13165=ORIENTED_EDGE('',*,*,#13164,.T.);
#13167=ORIENTED_EDGE('',*,*,#13166,.T.);
#13169=ORIENTED_EDGE('',*,*,#13168,.T.);
#13170=ORIENTED_EDGE('',*,*,#11398,.T.);
#13171=ORIENTED_EDGE('',*,*,#11773,.F.);
#13172=EDGE_LOOP('',(#13165,#13167,#13169,#13170,#13171));
#13173=FACE_OUTER_BOUND('',#13172,.F.);
#13175=CARTESIAN_POINT('',(4.E0,2.E0,-1.231417353595E0));
#13176=DIRECTION('',(0.E0,1.E0,0.E0));
#13177=DIRECTION('',(1.E0,0.E0,0.E0));
#13178=AXIS2_PLACEMENT_3D('',#13175,#13176,#13177);
#13179=CYLINDRICAL_SURFACE('',#13178,5.298571136907E-2);
#13181=ORIENTED_EDGE('',*,*,#13180,.T.);
#13182=ORIENTED_EDGE('',*,*,#11963,.T.);
#13183=ORIENTED_EDGE('',*,*,#13148,.F.);
#13185=ORIENTED_EDGE('',*,*,#13184,.T.);
#13186=EDGE_LOOP('',(#13181,#13182,#13183,#13185));
#13187=FACE_OUTER_BOUND('',#13186,.F.);
#13189=CARTESIAN_POINT('',(4.E0,2.E0,-1.231417353595E0));
#13190=DIRECTION('',(0.E0,1.E0,0.E0));
#13191=DIRECTION('',(1.E0,0.E0,0.E0));
#13192=AXIS2_PLACEMENT_3D('',#13189,#13190,#13191);
#13193=CYLINDRICAL_SURFACE('',#13192,5.298571136907E-2);
#13195=ORIENTED_EDGE('',*,*,#13194,.T.);
#13197=ORIENTED_EDGE('',*,*,#13196,.T.);
#13198=ORIENTED_EDGE('',*,*,#13164,.F.);
#13199=ORIENTED_EDGE('',*,*,#11771,.F.);
#13200=EDGE_LOOP('',(#13195,#13197,#13198,#13199));
#13201=FACE_OUTER_BOUND('',#13200,.F.);
#13203=CARTESIAN_POINT('',(3.7E0,2.E0,-1.5E0));
#13204=DIRECTION('',(-7.592566023653E-1,0.E0,6.507913734560E-1));
#13205=DIRECTION('',(6.507913734560E-1,0.E0,7.592566023653E-1));
#13206=AXIS2_PLACEMENT_3D('',#13203,#13204,#13205);
#13207=PLANE('',#13206);
#13208=ORIENTED_EDGE('',*,*,#13180,.F.);
#13210=ORIENTED_EDGE('',*,*,#13209,.T.);
#13212=ORIENTED_EDGE('',*,*,#13211,.T.);
#13213=ORIENTED_EDGE('',*,*,#10945,.F.);
#13214=ORIENTED_EDGE('',*,*,#11965,.T.);
#13215=EDGE_LOOP('',(#13208,#13210,#13212,#13213,#13214));
#13216=FACE_OUTER_BOUND('',#13215,.F.);
#13218=CARTESIAN_POINT('',(3.7E0,2.E0,-1.5E0));
#13219=DIRECTION('',(-7.592566023653E-1,0.E0,6.507913734560E-1));
#13220=DIRECTION('',(6.507913734560E-1,0.E0,7.592566023653E-1));
#13221=AXIS2_PLACEMENT_3D('',#13218,#13219,#13220);
#13222=PLANE('',#13221);
#13223=ORIENTED_EDGE('',*,*,#13194,.F.);
#13224=ORIENTED_EDGE('',*,*,#11769,.F.);
#13225=ORIENTED_EDGE('',*,*,#11382,.F.);
#13227=ORIENTED_EDGE('',*,*,#13226,.T.);
#13229=ORIENTED_EDGE('',*,*,#13228,.T.);
#13230=EDGE_LOOP('',(#13223,#13224,#13225,#13227,#13229));
#13231=FACE_OUTER_BOUND('',#13230,.F.);
#13233=CARTESIAN_POINT('',(4.E0,1.064038820320E0,-1.5E0));
#13234=DIRECTION('',(0.E0,0.E0,-1.E0));
#13235=DIRECTION('',(1.E0,0.E0,0.E0));
#13236=AXIS2_PLACEMENT_3D('',#13233,#13234,#13235);
#13237=CYLINDRICAL_SURFACE('',#13236,6.403882032022E-2);
#13239=ORIENTED_EDGE('',*,*,#13238,.T.);
#13241=ORIENTED_EDGE('',*,*,#13240,.F.);
#13243=ORIENTED_EDGE('',*,*,#13242,.T.);
#13245=ORIENTED_EDGE('',*,*,#13244,.F.);
#13246=ORIENTED_EDGE('',*,*,#13209,.F.);
#13247=ORIENTED_EDGE('',*,*,#13184,.F.);
#13248=ORIENTED_EDGE('',*,*,#13154,.F.);
#13250=ORIENTED_EDGE('',*,*,#13249,.T.);
#13251=EDGE_LOOP('',(#13239,#13241,#13243,#13245,#13246,#13247,#13248,#13250));
#13252=FACE_OUTER_BOUND('',#13251,.F.);
#13254=CARTESIAN_POINT('',(4.3E0,2.E0,0.E0));
#13255=DIRECTION('',(8.574929257125E-1,0.E0,-5.144957554275E-1));
#13256=DIRECTION('',(-5.144957554275E-1,0.E0,-8.574929257125E-1));
#13257=AXIS2_PLACEMENT_3D('',#13254,#13255,#13256);
#13258=PLANE('',#13257);
#13260=ORIENTED_EDGE('',*,*,#13259,.F.);
#13261=ORIENTED_EDGE('',*,*,#13238,.F.);
#13263=ORIENTED_EDGE('',*,*,#13262,.F.);
#13264=ORIENTED_EDGE('',*,*,#6861,.T.);
#13266=ORIENTED_EDGE('',*,*,#13265,.F.);
#13268=ORIENTED_EDGE('',*,*,#13267,.F.);
#13269=EDGE_LOOP('',(#13260,#13261,#13263,#13264,#13266,#13268));
#13270=FACE_OUTER_BOUND('',#13269,.F.);
#13272=CARTESIAN_POINT('',(4.E0,2.E0,-3.970142886309E-1));
#13273=DIRECTION('',(0.E0,1.E0,0.E0));
#13274=DIRECTION('',(1.E0,0.E0,0.E0));
#13275=AXIS2_PLACEMENT_3D('',#13272,#13273,#13274);
#13276=CYLINDRICAL_SURFACE('',#13275,5.298571136907E-2);
#13277=ORIENTED_EDGE('',*,*,#13259,.T.);
#13279=ORIENTED_EDGE('',*,*,#13278,.T.);
#13281=ORIENTED_EDGE('',*,*,#13280,.F.);
#13282=ORIENTED_EDGE('',*,*,#13240,.T.);
#13283=EDGE_LOOP('',(#13277,#13279,#13281,#13282));
#13284=FACE_OUTER_BOUND('',#13283,.F.);
#13286=CARTESIAN_POINT('',(4.E0,-1.064038820320E0,-1.5E0));
#13287=DIRECTION('',(0.E0,0.E0,-1.E0));
#13288=DIRECTION('',(1.E0,0.E0,0.E0));
#13289=AXIS2_PLACEMENT_3D('',#13286,#13287,#13288);
#13290=CYLINDRICAL_SURFACE('',#13289,6.403882032022E-2);
#13291=ORIENTED_EDGE('',*,*,#13267,.T.);
#13293=ORIENTED_EDGE('',*,*,#13292,.F.);
#13294=ORIENTED_EDGE('',*,*,#13166,.F.);
#13295=ORIENTED_EDGE('',*,*,#13196,.F.);
#13296=ORIENTED_EDGE('',*,*,#13228,.F.);
#13298=ORIENTED_EDGE('',*,*,#13297,.T.);
#13300=ORIENTED_EDGE('',*,*,#13299,.T.);
#13301=ORIENTED_EDGE('',*,*,#13278,.F.);
#13302=EDGE_LOOP('',(#13291,#13293,#13294,#13295,#13296,#13298,#13300,#13301));
#13303=FACE_OUTER_BOUND('',#13302,.F.);
#13305=CARTESIAN_POINT('',(4.062126781252E0,-1.048507125007E0,-1.5E0));
#13306=DIRECTION('',(9.701425001453E-1,2.425356250363E-1,0.E0));
#13307=DIRECTION('',(2.425356250363E-1,-9.701425001453E-1,0.E0));
#13308=AXIS2_PLACEMENT_3D('',#13305,#13306,#13307);
#13309=PLANE('',#13308);
#13310=ORIENTED_EDGE('',*,*,#13265,.T.);
#13311=ORIENTED_EDGE('',*,*,#11171,.T.);
#13312=ORIENTED_EDGE('',*,*,#13168,.F.);
#13313=ORIENTED_EDGE('',*,*,#13292,.T.);
#13314=EDGE_LOOP('',(#13310,#13311,#13312,#13313));
#13315=FACE_OUTER_BOUND('',#13314,.F.);
#13317=CARTESIAN_POINT('',(3.7E0,-2.E0,-1.5E0));
#13318=DIRECTION('',(-9.701425001453E-1,2.425356250363E-1,0.E0));
#13319=DIRECTION('',(2.425356250363E-1,9.701425001453E-1,0.E0));
#13320=AXIS2_PLACEMENT_3D('',#13317,#13318,#13319);
#13321=PLANE('',#13320);
#13323=ORIENTED_EDGE('',*,*,#13322,.T.);
#13324=ORIENTED_EDGE('',*,*,#13297,.F.);
#13325=ORIENTED_EDGE('',*,*,#13226,.F.);
#13326=ORIENTED_EDGE('',*,*,#11152,.F.);
#13327=EDGE_LOOP('',(#13323,#13324,#13325,#13326));
#13328=FACE_OUTER_BOUND('',#13327,.F.);
#13330=CARTESIAN_POINT('',(3.954565127337E0,2.E0,-4.242752122286E-1));
#13331=DIRECTION('',(-8.574929257125E-1,0.E0,-5.144957554275E-1));
#13332=DIRECTION('',(-5.144957554275E-1,0.E0,8.574929257125E-1));
#13333=AXIS2_PLACEMENT_3D('',#13330,#13331,#13332);
#13334=PLANE('',#13333);
#13335=ORIENTED_EDGE('',*,*,#13280,.T.);
#13336=ORIENTED_EDGE('',*,*,#13299,.F.);
#13337=ORIENTED_EDGE('',*,*,#13322,.F.);
#13338=ORIENTED_EDGE('',*,*,#6821,.F.);
#13340=ORIENTED_EDGE('',*,*,#13339,.F.);
#13341=ORIENTED_EDGE('',*,*,#13242,.F.);
#13342=EDGE_LOOP('',(#13335,#13336,#13337,#13338,#13340,#13341));
#13343=FACE_OUTER_BOUND('',#13342,.F.);
#13345=CARTESIAN_POINT('',(3.937873218748E0,1.048507125007E0,-1.5E0));
#13346=DIRECTION('',(-9.701425001453E-1,-2.425356250363E-1,0.E0));
#13347=DIRECTION('',(-2.425356250363E-1,9.701425001453E-1,0.E0));
#13348=AXIS2_PLACEMENT_3D('',#13345,#13346,#13347);
#13349=PLANE('',#13348);
#13350=ORIENTED_EDGE('',*,*,#13339,.T.);
#13351=ORIENTED_EDGE('',*,*,#10683,.F.);
#13352=ORIENTED_EDGE('',*,*,#13211,.F.);
#13353=ORIENTED_EDGE('',*,*,#13244,.T.);
#13354=EDGE_LOOP('',(#13350,#13351,#13352,#13353));
#13355=FACE_OUTER_BOUND('',#13354,.F.);
#13357=CARTESIAN_POINT('',(4.3E0,2.E0,-1.5E0));
#13358=DIRECTION('',(9.701425001453E-1,-2.425356250363E-1,0.E0));
#13359=DIRECTION('',(-2.425356250363E-1,-9.701425001453E-1,0.E0));
#13360=AXIS2_PLACEMENT_3D('',#13357,#13358,#13359);
#13361=PLANE('',#13360);
#13362=ORIENTED_EDGE('',*,*,#13262,.T.);
#13363=ORIENTED_EDGE('',*,*,#13249,.F.);
#13364=ORIENTED_EDGE('',*,*,#13152,.F.);
#13365=ORIENTED_EDGE('',*,*,#10708,.T.);
#13366=EDGE_LOOP('',(#13362,#13363,#13364,#13365));
#13367=FACE_OUTER_BOUND('',#13366,.F.);
#13369=CARTESIAN_POINT('',(3.35E0,2.E0,-1.15E0));
#13370=DIRECTION('',(1.E0,0.E0,0.E0));
#13371=DIRECTION('',(0.E0,0.E0,-1.E0));
#13372=AXIS2_PLACEMENT_3D('',#13369,#13370,#13371);
#13373=PLANE('',#13372);
#13374=ORIENTED_EDGE('',*,*,#7181,.T.);
#13375=ORIENTED_EDGE('',*,*,#11968,.T.);
#13376=ORIENTED_EDGE('',*,*,#10941,.T.);
#13377=ORIENTED_EDGE('',*,*,#10679,.T.);
#13378=EDGE_LOOP('',(#13374,#13375,#13376,#13377));
#13379=FACE_OUTER_BOUND('',#13378,.F.);
#13381=CARTESIAN_POINT('',(3.35E0,2.E0,-1.15E0));
#13382=DIRECTION('',(1.E0,0.E0,0.E0));
#13383=DIRECTION('',(0.E0,0.E0,-1.E0));
#13384=AXIS2_PLACEMENT_3D('',#13381,#13382,#13383);
#13385=PLANE('',#13384);
#13386=ORIENTED_EDGE('',*,*,#7279,.T.);
#13387=ORIENTED_EDGE('',*,*,#11156,.F.);
#13388=ORIENTED_EDGE('',*,*,#11379,.T.);
#13389=ORIENTED_EDGE('',*,*,#11766,.T.);
#13390=EDGE_LOOP('',(#13386,#13387,#13388,#13389));
#13391=FACE_OUTER_BOUND('',#13390,.F.);
#13393=CARTESIAN_POINT('',(6.65E0,2.E0,-1.5E0));
#13394=DIRECTION('',(-1.E0,0.E0,0.E0));
#13395=DIRECTION('',(0.E0,0.E0,1.E0));
#13396=AXIS2_PLACEMENT_3D('',#13393,#13394,#13395);
#13397=PLANE('',#13396);
#13398=ORIENTED_EDGE('',*,*,#7169,.F.);
#13399=ORIENTED_EDGE('',*,*,#10720,.F.);
#13400=ORIENTED_EDGE('',*,*,#10986,.F.);
#13401=ORIENTED_EDGE('',*,*,#11979,.F.);
#13402=EDGE_LOOP('',(#13398,#13399,#13400,#13401));
#13403=FACE_OUTER_BOUND('',#13402,.F.);
#13405=CARTESIAN_POINT('',(6.65E0,2.E0,-1.5E0));
#13406=DIRECTION('',(-1.E0,0.E0,0.E0));
#13407=DIRECTION('',(0.E0,0.E0,1.E0));
#13408=AXIS2_PLACEMENT_3D('',#13405,#13406,#13407);
#13409=PLANE('',#13408);
#13410=ORIENTED_EDGE('',*,*,#7291,.F.);
#13411=ORIENTED_EDGE('',*,*,#11784,.F.);
#13412=ORIENTED_EDGE('',*,*,#11424,.F.);
#13413=ORIENTED_EDGE('',*,*,#11189,.T.);
#13414=EDGE_LOOP('',(#13410,#13411,#13412,#13413));
#13415=FACE_OUTER_BOUND('',#13414,.F.);
#13417=CARTESIAN_POINT('',(6.040229751188E0,2.E0,-1.196934709719E0));
#13418=DIRECTION('',(7.592566023653E-1,0.E0,6.507913734560E-1));
#13419=DIRECTION('',(6.507913734560E-1,0.E0,-7.592566023653E-1));
#13420=AXIS2_PLACEMENT_3D('',#13417,#13418,#13419);
#13421=PLANE('',#13420);
#13423=ORIENTED_EDGE('',*,*,#13422,.T.);
#13424=ORIENTED_EDGE('',*,*,#11982,.T.);
#13425=ORIENTED_EDGE('',*,*,#10989,.T.);
#13427=ORIENTED_EDGE('',*,*,#13426,.T.);
#13429=ORIENTED_EDGE('',*,*,#13428,.T.);
#13430=EDGE_LOOP('',(#13423,#13424,#13425,#13427,#13429));
#13431=FACE_OUTER_BOUND('',#13430,.F.);
#13433=CARTESIAN_POINT('',(6.040229751188E0,2.E0,-1.196934709719E0));
#13434=DIRECTION('',(7.592566023653E-1,0.E0,6.507913734560E-1));
#13435=DIRECTION('',(6.507913734560E-1,0.E0,-7.592566023653E-1));
#13436=AXIS2_PLACEMENT_3D('',#13433,#13434,#13435);
#13437=PLANE('',#13436);
#13439=ORIENTED_EDGE('',*,*,#13438,.T.);
#13441=ORIENTED_EDGE('',*,*,#13440,.T.);
#13443=ORIENTED_EDGE('',*,*,#13442,.T.);
#13444=ORIENTED_EDGE('',*,*,#11428,.T.);
#13445=ORIENTED_EDGE('',*,*,#11794,.F.);
#13446=EDGE_LOOP('',(#13439,#13441,#13443,#13444,#13445));
#13447=FACE_OUTER_BOUND('',#13446,.F.);
#13449=CARTESIAN_POINT('',(6.E0,2.E0,-1.231417353595E0));
#13450=DIRECTION('',(0.E0,1.E0,0.E0));
#13451=DIRECTION('',(1.E0,0.E0,0.E0));
#13452=AXIS2_PLACEMENT_3D('',#13449,#13450,#13451);
#13453=CYLINDRICAL_SURFACE('',#13452,5.298571136907E-2);
#13455=ORIENTED_EDGE('',*,*,#13454,.T.);
#13456=ORIENTED_EDGE('',*,*,#11984,.T.);
#13457=ORIENTED_EDGE('',*,*,#13422,.F.);
#13459=ORIENTED_EDGE('',*,*,#13458,.T.);
#13460=EDGE_LOOP('',(#13455,#13456,#13457,#13459));
#13461=FACE_OUTER_BOUND('',#13460,.F.);
#13463=CARTESIAN_POINT('',(6.E0,2.E0,-1.231417353595E0));
#13464=DIRECTION('',(0.E0,1.E0,0.E0));
#13465=DIRECTION('',(1.E0,0.E0,0.E0));
#13466=AXIS2_PLACEMENT_3D('',#13463,#13464,#13465);
#13467=CYLINDRICAL_SURFACE('',#13466,5.298571136907E-2);
#13469=ORIENTED_EDGE('',*,*,#13468,.T.);
#13471=ORIENTED_EDGE('',*,*,#13470,.T.);
#13472=ORIENTED_EDGE('',*,*,#13438,.F.);
#13473=ORIENTED_EDGE('',*,*,#11792,.F.);
#13474=EDGE_LOOP('',(#13469,#13471,#13472,#13473));
#13475=FACE_OUTER_BOUND('',#13474,.F.);
#13477=CARTESIAN_POINT('',(5.7E0,2.E0,-1.5E0));
#13478=DIRECTION('',(-7.592566023653E-1,0.E0,6.507913734560E-1));
#13479=DIRECTION('',(6.507913734560E-1,0.E0,7.592566023653E-1));
#13480=AXIS2_PLACEMENT_3D('',#13477,#13478,#13479);
#13481=PLANE('',#13480);
#13482=ORIENTED_EDGE('',*,*,#13454,.F.);
#13484=ORIENTED_EDGE('',*,*,#13483,.T.);
#13486=ORIENTED_EDGE('',*,*,#13485,.T.);
#13487=ORIENTED_EDGE('',*,*,#10975,.F.);
#13488=ORIENTED_EDGE('',*,*,#11986,.T.);
#13489=EDGE_LOOP('',(#13482,#13484,#13486,#13487,#13488));
#13490=FACE_OUTER_BOUND('',#13489,.F.);
#13492=CARTESIAN_POINT('',(5.7E0,2.E0,-1.5E0));
#13493=DIRECTION('',(-7.592566023653E-1,0.E0,6.507913734560E-1));
#13494=DIRECTION('',(6.507913734560E-1,0.E0,7.592566023653E-1));
#13495=AXIS2_PLACEMENT_3D('',#13492,#13493,#13494);
#13496=PLANE('',#13495);
#13497=ORIENTED_EDGE('',*,*,#13468,.F.);
#13498=ORIENTED_EDGE('',*,*,#11790,.F.);
#13499=ORIENTED_EDGE('',*,*,#11412,.F.);
#13501=ORIENTED_EDGE('',*,*,#13500,.T.);
#13503=ORIENTED_EDGE('',*,*,#13502,.T.);
#13504=EDGE_LOOP('',(#13497,#13498,#13499,#13501,#13503));
#13505=FACE_OUTER_BOUND('',#13504,.F.);
#13507=CARTESIAN_POINT('',(6.E0,1.064038820320E0,-1.5E0));
#13508=DIRECTION('',(0.E0,0.E0,-1.E0));
#13509=DIRECTION('',(1.E0,0.E0,0.E0));
#13510=AXIS2_PLACEMENT_3D('',#13507,#13508,#13509);
#13511=CYLINDRICAL_SURFACE('',#13510,6.403882032022E-2);
#13513=ORIENTED_EDGE('',*,*,#13512,.F.);
#13515=ORIENTED_EDGE('',*,*,#13514,.T.);
#13517=ORIENTED_EDGE('',*,*,#13516,.F.);
#13518=ORIENTED_EDGE('',*,*,#13483,.F.);
#13519=ORIENTED_EDGE('',*,*,#13458,.F.);
#13520=ORIENTED_EDGE('',*,*,#13428,.F.);
#13522=ORIENTED_EDGE('',*,*,#13521,.T.);
#13524=ORIENTED_EDGE('',*,*,#13523,.T.);
#13525=EDGE_LOOP('',(#13513,#13515,#13517,#13518,#13519,#13520,#13522,#13524));
#13526=FACE_OUTER_BOUND('',#13525,.F.);
#13528=CARTESIAN_POINT('',(6.E0,2.E0,-3.970142886309E-1));
#13529=DIRECTION('',(0.E0,1.E0,0.E0));
#13530=DIRECTION('',(1.E0,0.E0,0.E0));
#13531=AXIS2_PLACEMENT_3D('',#13528,#13529,#13530);
#13532=CYLINDRICAL_SURFACE('',#13531,5.298571136907E-2);
#13534=ORIENTED_EDGE('',*,*,#13533,.T.);
#13536=ORIENTED_EDGE('',*,*,#13535,.T.);
#13538=ORIENTED_EDGE('',*,*,#13537,.F.);
#13539=ORIENTED_EDGE('',*,*,#13512,.T.);
#13540=EDGE_LOOP('',(#13534,#13536,#13538,#13539));
#13541=FACE_OUTER_BOUND('',#13540,.F.);
#13543=CARTESIAN_POINT('',(6.3E0,2.E0,0.E0));
#13544=DIRECTION('',(8.574929257125E-1,0.E0,-5.144957554275E-1));
#13545=DIRECTION('',(-5.144957554275E-1,0.E0,-8.574929257125E-1));
#13546=AXIS2_PLACEMENT_3D('',#13543,#13544,#13545);
#13547=PLANE('',#13546);
#13548=ORIENTED_EDGE('',*,*,#13533,.F.);
#13549=ORIENTED_EDGE('',*,*,#13523,.F.);
#13551=ORIENTED_EDGE('',*,*,#13550,.F.);
#13552=ORIENTED_EDGE('',*,*,#6897,.T.);
#13554=ORIENTED_EDGE('',*,*,#13553,.F.);
#13556=ORIENTED_EDGE('',*,*,#13555,.F.);
#13557=EDGE_LOOP('',(#13548,#13549,#13551,#13552,#13554,#13556));
#13558=FACE_OUTER_BOUND('',#13557,.F.);
#13560=CARTESIAN_POINT('',(6.3E0,2.E0,-1.5E0));
#13561=DIRECTION('',(9.701425001453E-1,-2.425356250363E-1,0.E0));
#13562=DIRECTION('',(-2.425356250363E-1,-9.701425001453E-1,0.E0));
#13563=AXIS2_PLACEMENT_3D('',#13560,#13561,#13562);
#13564=PLANE('',#13563);
#13565=ORIENTED_EDGE('',*,*,#13550,.T.);
#13566=ORIENTED_EDGE('',*,*,#13521,.F.);
#13567=ORIENTED_EDGE('',*,*,#13426,.F.);
#13568=ORIENTED_EDGE('',*,*,#10729,.T.);
#13569=EDGE_LOOP('',(#13565,#13566,#13567,#13568));
#13570=FACE_OUTER_BOUND('',#13569,.F.);
#13572=CARTESIAN_POINT('',(6.062126781252E0,-1.048507125007E0,-1.5E0));
#13573=DIRECTION('',(9.701425001453E-1,2.425356250363E-1,0.E0));
#13574=DIRECTION('',(2.425356250363E-1,-9.701425001453E-1,0.E0));
#13575=AXIS2_PLACEMENT_3D('',#13572,#13573,#13574);
#13576=PLANE('',#13575);
#13577=ORIENTED_EDGE('',*,*,#13553,.T.);
#13578=ORIENTED_EDGE('',*,*,#11193,.T.);
#13579=ORIENTED_EDGE('',*,*,#13442,.F.);
#13581=ORIENTED_EDGE('',*,*,#13580,.T.);
#13582=EDGE_LOOP('',(#13577,#13578,#13579,#13581));
#13583=FACE_OUTER_BOUND('',#13582,.F.);
#13585=CARTESIAN_POINT('',(6.E0,-1.064038820320E0,-1.5E0));
#13586=DIRECTION('',(0.E0,0.E0,-1.E0));
#13587=DIRECTION('',(1.E0,0.E0,0.E0));
#13588=AXIS2_PLACEMENT_3D('',#13585,#13586,#13587);
#13589=CYLINDRICAL_SURFACE('',#13588,6.403882032022E-2);
#13590=ORIENTED_EDGE('',*,*,#13535,.F.);
#13591=ORIENTED_EDGE('',*,*,#13555,.T.);
#13592=ORIENTED_EDGE('',*,*,#13580,.F.);
#13593=ORIENTED_EDGE('',*,*,#13440,.F.);
#13594=ORIENTED_EDGE('',*,*,#13470,.F.);
#13595=ORIENTED_EDGE('',*,*,#13502,.F.);
#13597=ORIENTED_EDGE('',*,*,#13596,.T.);
#13599=ORIENTED_EDGE('',*,*,#13598,.T.);
#13600=EDGE_LOOP('',(#13590,#13591,#13592,#13593,#13594,#13595,#13597,#13599));
#13601=FACE_OUTER_BOUND('',#13600,.F.);
#13603=CARTESIAN_POINT('',(5.7E0,-2.E0,-1.5E0));
#13604=DIRECTION('',(-9.701425001453E-1,2.425356250363E-1,0.E0));
#13605=DIRECTION('',(2.425356250363E-1,9.701425001453E-1,0.E0));
#13606=AXIS2_PLACEMENT_3D('',#13603,#13604,#13605);
#13607=PLANE('',#13606);
#13609=ORIENTED_EDGE('',*,*,#13608,.T.);
#13610=ORIENTED_EDGE('',*,*,#13596,.F.);
#13611=ORIENTED_EDGE('',*,*,#13500,.F.);
#13612=ORIENTED_EDGE('',*,*,#11174,.F.);
#13613=EDGE_LOOP('',(#13609,#13610,#13611,#13612));
#13614=FACE_OUTER_BOUND('',#13613,.F.);
#13616=CARTESIAN_POINT('',(5.954565127337E0,2.E0,-4.242752122286E-1));
#13617=DIRECTION('',(-8.574929257125E-1,0.E0,-5.144957554275E-1));
#13618=DIRECTION('',(-5.144957554275E-1,0.E0,8.574929257125E-1));
#13619=AXIS2_PLACEMENT_3D('',#13616,#13617,#13618);
#13620=PLANE('',#13619);
#13621=ORIENTED_EDGE('',*,*,#13537,.T.);
#13622=ORIENTED_EDGE('',*,*,#13598,.F.);
#13623=ORIENTED_EDGE('',*,*,#13608,.F.);
#13624=ORIENTED_EDGE('',*,*,#6857,.F.);
#13626=ORIENTED_EDGE('',*,*,#13625,.F.);
#13627=ORIENTED_EDGE('',*,*,#13514,.F.);
#13628=EDGE_LOOP('',(#13621,#13622,#13623,#13624,#13626,#13627));
#13629=FACE_OUTER_BOUND('',#13628,.F.);
#13631=CARTESIAN_POINT('',(5.937873218748E0,1.048507125007E0,-1.5E0));
#13632=DIRECTION('',(-9.701425001453E-1,-2.425356250363E-1,0.E0));
#13633=DIRECTION('',(-2.425356250363E-1,9.701425001453E-1,0.E0));
#13634=AXIS2_PLACEMENT_3D('',#13631,#13632,#13633);
#13635=PLANE('',#13634);
#13636=ORIENTED_EDGE('',*,*,#13625,.T.);
#13637=ORIENTED_EDGE('',*,*,#10705,.F.);
#13638=ORIENTED_EDGE('',*,*,#13485,.F.);
#13639=ORIENTED_EDGE('',*,*,#13516,.T.);
#13640=EDGE_LOOP('',(#13636,#13637,#13638,#13639));
#13641=FACE_OUTER_BOUND('',#13640,.F.);
#13643=CARTESIAN_POINT('',(5.35E0,2.E0,-1.15E0));
#13644=DIRECTION('',(1.E0,0.E0,0.E0));
#13645=DIRECTION('',(0.E0,0.E0,-1.E0));
#13646=AXIS2_PLACEMENT_3D('',#13643,#13644,#13645);
#13647=PLANE('',#13646);
#13648=ORIENTED_EDGE('',*,*,#7173,.T.);
#13649=ORIENTED_EDGE('',*,*,#11989,.T.);
#13650=ORIENTED_EDGE('',*,*,#10971,.T.);
#13651=ORIENTED_EDGE('',*,*,#10701,.T.);
#13652=EDGE_LOOP('',(#13648,#13649,#13650,#13651));
#13653=FACE_OUTER_BOUND('',#13652,.F.);
#13655=CARTESIAN_POINT('',(5.35E0,2.E0,-1.15E0));
#13656=DIRECTION('',(1.E0,0.E0,0.E0));
#13657=DIRECTION('',(0.E0,0.E0,-1.E0));
#13658=AXIS2_PLACEMENT_3D('',#13655,#13656,#13657);
#13659=PLANE('',#13658);
#13660=ORIENTED_EDGE('',*,*,#7287,.T.);
#13661=ORIENTED_EDGE('',*,*,#11178,.F.);
#13662=ORIENTED_EDGE('',*,*,#11409,.T.);
#13663=ORIENTED_EDGE('',*,*,#11787,.T.);
#13664=EDGE_LOOP('',(#13660,#13661,#13662,#13663));
#13665=FACE_OUTER_BOUND('',#13664,.F.);
#13667=CARTESIAN_POINT('',(7.35E0,2.E0,-1.15E0));
#13668=DIRECTION('',(1.E0,0.E0,0.E0));
#13669=DIRECTION('',(0.E0,0.E0,-1.E0));
#13670=AXIS2_PLACEMENT_3D('',#13667,#13668,#13669);
#13671=PLANE('',#13670);
#13672=ORIENTED_EDGE('',*,*,#7165,.T.);
#13673=ORIENTED_EDGE('',*,*,#12002,.T.);
#13674=ORIENTED_EDGE('',*,*,#11001,.T.);
#13675=ORIENTED_EDGE('',*,*,#10723,.T.);
#13676=EDGE_LOOP('',(#13672,#13673,#13674,#13675));
#13677=FACE_OUTER_BOUND('',#13676,.F.);
#13679=CARTESIAN_POINT('',(7.35E0,2.E0,-1.15E0));
#13680=DIRECTION('',(1.E0,0.E0,0.E0));
#13681=DIRECTION('',(0.E0,0.E0,-1.E0));
#13682=AXIS2_PLACEMENT_3D('',#13679,#13680,#13681);
#13683=PLANE('',#13682);
#13684=ORIENTED_EDGE('',*,*,#7295,.T.);
#13685=ORIENTED_EDGE('',*,*,#11199,.F.);
#13686=ORIENTED_EDGE('',*,*,#11439,.T.);
#13687=ORIENTED_EDGE('',*,*,#11807,.T.);
#13688=EDGE_LOOP('',(#13684,#13685,#13686,#13687));
#13689=FACE_OUTER_BOUND('',#13688,.F.);
#13691=CARTESIAN_POINT('',(-7.925E0,1.3E0,-1.425E0));
#13692=DIRECTION('',(-7.071067811865E-1,0.E0,-7.071067811865E-1));
#13693=DIRECTION('',(7.071067811865E-1,0.E0,-7.071067811865E-1));
#13694=AXIS2_PLACEMENT_3D('',#13691,#13692,#13693);
#13695=PLANE('',#13694);
#13696=ORIENTED_EDGE('',*,*,#12013,.T.);
#13697=ORIENTED_EDGE('',*,*,#11015,.F.);
#13699=ORIENTED_EDGE('',*,*,#13698,.T.);
#13700=ORIENTED_EDGE('',*,*,#6603,.T.);
#13701=EDGE_LOOP('',(#13696,#13697,#13699,#13700));
#13702=FACE_OUTER_BOUND('',#13701,.F.);
#13704=CARTESIAN_POINT('',(-7.925E0,1.925E0,-7.5E-1));
#13705=DIRECTION('',(-7.071067811865E-1,7.071067811865E-1,0.E0));
#13706=DIRECTION('',(7.071067811865E-1,7.071067811865E-1,0.E0));
#13707=AXIS2_PLACEMENT_3D('',#13704,#13705,#13706);
#13708=PLANE('',#13707);
#13709=ORIENTED_EDGE('',*,*,#10741,.F.);
#13710=ORIENTED_EDGE('',*,*,#6636,.T.);
#13711=ORIENTED_EDGE('',*,*,#6605,.T.);
#13712=ORIENTED_EDGE('',*,*,#13698,.F.);
#13713=EDGE_LOOP('',(#13709,#13710,#13711,#13712));
#13714=FACE_OUTER_BOUND('',#13713,.F.);
#13716=CARTESIAN_POINT('',(-7.35E0,2.E0,-1.5E0));
#13717=DIRECTION('',(-1.E0,0.E0,0.E0));
#13718=DIRECTION('',(0.E0,0.E0,1.E0));
#13719=AXIS2_PLACEMENT_3D('',#13716,#13717,#13718);
#13720=PLANE('',#13719);
#13721=ORIENTED_EDGE('',*,*,#11219,.T.);
#13722=ORIENTED_EDGE('',*,*,#7235,.F.);
#13723=ORIENTED_EDGE('',*,*,#11821,.F.);
#13724=ORIENTED_EDGE('',*,*,#11456,.F.);
#13725=EDGE_LOOP('',(#13721,#13722,#13723,#13724));
#13726=FACE_OUTER_BOUND('',#13725,.F.);
#13728=CARTESIAN_POINT('',(-7.35E0,2.E0,-1.5E0));
#13729=DIRECTION('',(-1.E0,0.E0,0.E0));
#13730=DIRECTION('',(0.E0,0.E0,1.E0));
#13731=AXIS2_PLACEMENT_3D('',#13728,#13729,#13730);
#13732=PLANE('',#13731);
#13733=ORIENTED_EDGE('',*,*,#10745,.F.);
#13734=ORIENTED_EDGE('',*,*,#11019,.F.);
#13735=ORIENTED_EDGE('',*,*,#12017,.F.);
#13736=ORIENTED_EDGE('',*,*,#7225,.F.);
#13737=EDGE_LOOP('',(#13733,#13734,#13735,#13736));
#13738=FACE_OUTER_BOUND('',#13737,.F.);
#13740=CARTESIAN_POINT('',(-7.925E0,-1.3E0,-1.425E0));
#13741=DIRECTION('',(-7.071067811865E-1,0.E0,-7.071067811865E-1));
#13742=DIRECTION('',(7.071067811865E-1,0.E0,-7.071067811865E-1));
#13743=AXIS2_PLACEMENT_3D('',#13740,#13741,#13742);
#13744=PLANE('',#13743);
#13745=ORIENTED_EDGE('',*,*,#11818,.T.);
#13746=ORIENTED_EDGE('',*,*,#6615,.T.);
#13748=ORIENTED_EDGE('',*,*,#13747,.F.);
#13749=ORIENTED_EDGE('',*,*,#11453,.F.);
#13750=EDGE_LOOP('',(#13745,#13746,#13748,#13749));
#13751=FACE_OUTER_BOUND('',#13750,.F.);
#13753=CARTESIAN_POINT('',(-7.925E0,-1.925E0,-7.5E-1));
#13754=DIRECTION('',(-7.071067811865E-1,-7.071067811865E-1,0.E0));
#13755=DIRECTION('',(7.071067811865E-1,-7.071067811865E-1,0.E0));
#13756=AXIS2_PLACEMENT_3D('',#13753,#13754,#13755);
#13757=PLANE('',#13756);
#13758=ORIENTED_EDGE('',*,*,#6623,.T.);
#13760=ORIENTED_EDGE('',*,*,#13759,.F.);
#13761=ORIENTED_EDGE('',*,*,#11210,.F.);
#13762=ORIENTED_EDGE('',*,*,#13747,.T.);
#13763=EDGE_LOOP('',(#13758,#13760,#13761,#13762));
#13764=FACE_OUTER_BOUND('',#13763,.F.);
#13766=CARTESIAN_POINT('',(-7.925E0,-1.3E0,-7.5E-2));
#13767=DIRECTION('',(-7.071067811865E-1,0.E0,7.071067811865E-1));
#13768=DIRECTION('',(7.071067811865E-1,0.E0,7.071067811865E-1));
#13769=AXIS2_PLACEMENT_3D('',#13766,#13767,#13768);
#13770=PLANE('',#13769);
#13772=ORIENTED_EDGE('',*,*,#13771,.T.);
#13773=ORIENTED_EDGE('',*,*,#6936,.F.);
#13774=ORIENTED_EDGE('',*,*,#13759,.T.);
#13775=ORIENTED_EDGE('',*,*,#6621,.T.);
#13776=EDGE_LOOP('',(#13772,#13773,#13774,#13775));
#13777=FACE_OUTER_BOUND('',#13776,.F.);
#13779=CARTESIAN_POINT('',(-8.E0,-6.E-1,0.E0));
#13780=DIRECTION('',(5.547001962252E-1,-8.320502943378E-1,0.E0));
#13781=DIRECTION('',(8.320502943378E-1,5.547001962252E-1,0.E0));
#13782=AXIS2_PLACEMENT_3D('',#13779,#13780,#13781);
#13783=PLANE('',#13782);
#13784=ORIENTED_EDGE('',*,*,#13771,.F.);
#13785=ORIENTED_EDGE('',*,*,#6619,.T.);
#13786=ORIENTED_EDGE('',*,*,#7231,.T.);
#13787=ORIENTED_EDGE('',*,*,#6664,.F.);
#13788=EDGE_LOOP('',(#13784,#13785,#13786,#13787));
#13789=FACE_OUTER_BOUND('',#13788,.F.);
#13791=CARTESIAN_POINT('',(-5.7E0,2.E0,-1.5E0));
#13792=DIRECTION('',(9.701425001453E-1,-2.425356250363E-1,0.E0));
#13793=DIRECTION('',(-2.425356250363E-1,-9.701425001453E-1,0.E0));
#13794=AXIS2_PLACEMENT_3D('',#13791,#13792,#13793);
#13795=PLANE('',#13794);
#13796=ORIENTED_EDGE('',*,*,#11608,.T.);
#13797=ORIENTED_EDGE('',*,*,#11556,.F.);
#13798=ORIENTED_EDGE('',*,*,#11649,.F.);
#13799=ORIENTED_EDGE('',*,*,#10598,.T.);
#13800=EDGE_LOOP('',(#13796,#13797,#13798,#13799));
#13801=FACE_OUTER_BOUND('',#13800,.F.);
#13803=CARTESIAN_POINT('',(-6.75E0,1.25E0,4.E0));
#13804=DIRECTION('',(0.E0,1.E0,0.E0));
#13805=DIRECTION('',(0.E0,0.E0,-1.E0));
#13806=AXIS2_PLACEMENT_3D('',#13803,#13804,#13805);
#13807=PLANE('',#13806);
#13808=ORIENTED_EDGE('',*,*,#6953,.F.);
#13809=ORIENTED_EDGE('',*,*,#7011,.F.);
#13811=ORIENTED_EDGE('',*,*,#13810,.T.);
#13812=ORIENTED_EDGE('',*,*,#7098,.T.);
#13813=EDGE_LOOP('',(#13808,#13809,#13811,#13812));
#13814=FACE_OUTER_BOUND('',#13813,.F.);
#13816=CARTESIAN_POINT('',(-6.75E0,7.5E-1,4.E0));
#13817=DIRECTION('',(0.E0,0.E0,1.E0));
#13818=DIRECTION('',(0.E0,1.E0,0.E0));
#13819=AXIS2_PLACEMENT_3D('',#13816,#13817,#13818);
#13820=PLANE('',#13819);
#13821=ORIENTED_EDGE('',*,*,#7009,.F.);
#13823=ORIENTED_EDGE('',*,*,#13822,.T.);
#13824=ORIENTED_EDGE('',*,*,#7100,.T.);
#13825=ORIENTED_EDGE('',*,*,#13810,.F.);
#13826=EDGE_LOOP('',(#13821,#13823,#13824,#13825));
#13827=FACE_OUTER_BOUND('',#13826,.F.);
#13829=CARTESIAN_POINT('',(-6.75E0,7.5E-1,0.E0));
#13830=DIRECTION('',(0.E0,-1.E0,0.E0));
#13831=DIRECTION('',(0.E0,0.E0,1.E0));
#13832=AXIS2_PLACEMENT_3D('',#13829,#13830,#13831);
#13833=PLANE('',#13832);
#13834=ORIENTED_EDGE('',*,*,#6957,.T.);
#13835=ORIENTED_EDGE('',*,*,#7102,.T.);
#13836=ORIENTED_EDGE('',*,*,#13822,.F.);
#13837=ORIENTED_EDGE('',*,*,#7007,.F.);
#13838=EDGE_LOOP('',(#13834,#13835,#13836,#13837));
#13839=FACE_OUTER_BOUND('',#13838,.F.);
#13841=CLOSED_SHELL('',(#6609,#6627,#6642,#6656,#6671,#6707,#6743,#6779,#6815,
#6851,#6887,#6923,#6961,#6976,#7000,#7015,#7039,#7053,#7067,#7091,#7106,#7130,
#7143,#7155,#7457,#7470,#7483,#7496,#7509,#7522,#7535,#7547,#7560,#7573,#7586,
#7599,#7612,#7625,#7637,#7652,#7667,#7690,#7713,#7727,#7741,#7756,#7779,#7802,
#7815,#7827,#7840,#7853,#7865,#7878,#7891,#7904,#7917,#7930,#7943,#7955,#7968,
#7981,#7994,#8007,#8020,#8033,#8045,#8060,#8075,#8098,#8121,#8135,#8149,#8164,
#8187,#8210,#8223,#8235,#8248,#8261,#8273,#8286,#8299,#8312,#8325,#8338,#8351,
#8363,#8376,#8389,#8402,#8415,#8428,#8441,#8453,#8468,#8483,#8506,#8529,#8543,
#8557,#8572,#8595,#8618,#8631,#8643,#8656,#8669,#8681,#8694,#8707,#8720,#8733,
#8746,#8759,#8771,#8784,#8797,#8810,#8823,#8836,#8849,#8861,#8876,#8891,#8914,
#8937,#8951,#8965,#8980,#9003,#9026,#9039,#9051,#9064,#9077,#9089,#9102,#9115,
#9128,#9141,#9154,#9167,#9179,#9192,#9205,#9218,#9231,#9244,#9257,#9269,#9284,
#9299,#9322,#9345,#9359,#9373,#9388,#9411,#9434,#9447,#9459,#9472,#9485,#9497,
#9510,#9523,#9536,#9549,#9562,#9575,#9587,#9600,#9613,#9626,#9639,#9652,#9665,
#9677,#9692,#9707,#9730,#9753,#9767,#9781,#9796,#9819,#9842,#9855,#9867,#9880,
#9893,#9905,#9918,#9931,#9944,#9957,#9970,#9983,#9995,#10008,#10021,#10034,
#10047,#10060,#10073,#10085,#10100,#10115,#10138,#10161,#10175,#10189,#10204,
#10227,#10250,#10263,#10275,#10288,#10301,#10313,#10326,#10339,#10352,#10365,
#10378,#10391,#10403,#10416,#10429,#10442,#10455,#10468,#10481,#10493,#10512,
#10526,#10540,#10555,#10569,#10582,#10604,#10626,#10648,#10670,#10692,#10714,
#10735,#10757,#10771,#10786,#10801,#10815,#10830,#10845,#10860,#10875,#10890,
#10905,#10920,#10935,#10950,#10965,#10980,#10995,#11009,#11024,#11039,#11052,
#11073,#11095,#11117,#11139,#11161,#11183,#11204,#11225,#11239,#11253,#11268,
#11283,#11298,#11313,#11328,#11343,#11358,#11373,#11388,#11403,#11418,#11433,
#11447,#11462,#11479,#11496,#11510,#11528,#11541,#11562,#11576,#11596,#11612,
#11625,#11640,#11656,#11673,#11694,#11715,#11736,#11757,#11778,#11799,#11812,
#11827,#11839,#11852,#11868,#11889,#11910,#11931,#11952,#11973,#11994,#12007,
#12022,#12034,#12046,#12062,#12078,#12092,#12106,#12121,#12136,#12157,#12172,
#12189,#12201,#12214,#12232,#12245,#12260,#12272,#12284,#12296,#12308,#12320,
#12336,#12352,#12366,#12380,#12395,#12410,#12431,#12449,#12463,#12482,#12494,
#12507,#12522,#12534,#12546,#12558,#12570,#12582,#12594,#12610,#12626,#12640,
#12654,#12669,#12684,#12705,#12723,#12737,#12756,#12768,#12781,#12796,#12808,
#12820,#12832,#12844,#12856,#12868,#12884,#12900,#12914,#12928,#12943,#12958,
#12979,#12997,#13011,#13030,#13042,#13055,#13070,#13082,#13094,#13106,#13118,
#13130,#13142,#13158,#13174,#13188,#13202,#13217,#13232,#13253,#13271,#13285,
#13304,#13316,#13329,#13344,#13356,#13368,#13380,#13392,#13404,#13416,#13432,
#13448,#13462,#13476,#13491,#13506,#13527,#13542,#13559,#13571,#13584,#13602,
#13615,#13630,#13642,#13654,#13666,#13678,#13690,#13703,#13715,#13727,#13739,
#13752,#13765,#13778,#13790,#13802,#13815,#13828,#13840));
#13842=MANIFOLD_SOLID_BREP('',#13841);
#13845=PLANE_ANGLE_MEASURE_WITH_UNIT(PLANE_ANGLE_MEASURE(1.745329251994E-2),
#13844);
#13846=(CONVERSION_BASED_UNIT('DEGREE',#13845)NAMED_UNIT(*)PLANE_ANGLE_UNIT());
#13848=UNCERTAINTY_MEASURE_WITH_UNIT(LENGTH_MEASURE(1.E-3),#13843,
'distance_accuracy_value',
'Maximum model space distance between geometric entities at asserted connectivities');
#13851=APPLICATION_CONTEXT('automotive_design');
#13852=APPLICATION_PROTOCOL_DEFINITION('international standard',
'automotive_design',2001,#13851);
#13853=PRODUCT_DEFINITION_CONTEXT('part definition',#13851,'design');
#13854=PRODUCT_CONTEXT('',#13851,'mechanical');
#13855=PRODUCT('C-1-2823140-6','C-1-2823140-6','NOT SPECIFIED',(#13854));
#13856=PRODUCT_DEFINITION_FORMATION('1','LAST_VERSION',#13855);
#13864=DERIVED_UNIT_ELEMENT(#13863,2.E0);
#13865=DERIVED_UNIT((#13864));
#13866=MEASURE_REPRESENTATION_ITEM('surface area measure',AREA_MEASURE(
5.632997703863E2),#13865);
#13871=DERIVED_UNIT_ELEMENT(#13870,3.E0);
#13872=DERIVED_UNIT((#13871));
#13873=MEASURE_REPRESENTATION_ITEM('volume measure',VOLUME_MEASURE(
1.140145191407E2),#13872);
#13877=CARTESIAN_POINT('centre point',(-3.453179364913E-2,-3.522003637586E-1,
-8.509219727739E-1));
#13882=DERIVED_UNIT_ELEMENT(#13881,2.E0);
#13883=DERIVED_UNIT((#13882));
#13884=MEASURE_REPRESENTATION_ITEM('surface area measure',AREA_MEASURE(
5.632997703863E2),#13883);
#13889=DERIVED_UNIT_ELEMENT(#13888,3.E0);
#13890=DERIVED_UNIT((#13889));
#13891=MEASURE_REPRESENTATION_ITEM('volume measure',VOLUME_MEASURE(
1.140145191407E2),#13890);
#13895=CARTESIAN_POINT('centre point',(-3.453179364913E-2,-3.522003637586E-1,
-8.509219727739E-1));
#13900=PRODUCT_RELATED_PRODUCT_CATEGORY('part','',(#13855));
#1=COLOUR_RGB('',8.784E-1,9.49E-1,1.E0);
#2=COLOUR_RGB('',1.E0,0.E0,2.E-1);
#439=CIRCLE('',#438,1.E0);
#456=CIRCLE('',#455,5.E-1);
#481=CIRCLE('',#480,1.E0);
#498=CIRCLE('',#497,5.E-1);
#523=CIRCLE('',#522,5.E-1);
#540=CIRCLE('',#539,1.E0);
#565=CIRCLE('',#564,5.E-1);
#582=CIRCLE('',#581,1.E0);
#1043=CIRCLE('',#1042,1.E0);
#1060=CIRCLE('',#1059,5.E-1);
#1073=CIRCLE('',#1072,1.E0);
#1090=CIRCLE('',#1089,5.E-1);
#1127=CIRCLE('',#1126,5.E-1);
#1144=CIRCLE('',#1143,1.E0);
#1157=CIRCLE('',#1156,5.E-1);
#1174=CIRCLE('',#1173,1.E0);
#1275=CIRCLE('',#1274,1.E0);
#1292=CIRCLE('',#1291,5.E-1);
#1305=CIRCLE('',#1304,1.E0);
#1322=CIRCLE('',#1321,5.E-1);
#1363=CIRCLE('',#1362,5.E-1);
#1380=CIRCLE('',#1379,1.E0);
#1393=CIRCLE('',#1392,5.E-1);
#1410=CIRCLE('',#1409,1.E0);
#1507=CIRCLE('',#1506,1.E0);
#1524=CIRCLE('',#1523,5.E-1);
#1537=CIRCLE('',#1536,1.E0);
#1554=CIRCLE('',#1553,5.E-1);
#1595=CIRCLE('',#1594,5.E-1);
#1612=CIRCLE('',#1611,1.E0);
#1625=CIRCLE('',#1624,5.E-1);
#1642=CIRCLE('',#1641,1.E0);
#1739=CIRCLE('',#1738,1.E0);
#1756=CIRCLE('',#1755,5.E-1);
#1769=CIRCLE('',#1768,1.E0);
#1786=CIRCLE('',#1785,5.E-1);
#1827=CIRCLE('',#1826,5.E-1);
#1844=CIRCLE('',#1843,1.E0);
#1857=CIRCLE('',#1856,5.E-1);
#1874=CIRCLE('',#1873,1.E0);
#1971=CIRCLE('',#1970,1.E0);
#1988=CIRCLE('',#1987,5.E-1);
#2001=CIRCLE('',#2000,1.E0);
#2018=CIRCLE('',#2017,5.E-1);
#2059=CIRCLE('',#2058,5.E-1);
#2076=CIRCLE('',#2075,1.E0);
#2089=CIRCLE('',#2088,5.E-1);
#2106=CIRCLE('',#2105,1.E0);
#2203=CIRCLE('',#2202,1.E0);
#2220=CIRCLE('',#2219,5.E-1);
#2233=CIRCLE('',#2232,1.E0);
#2250=CIRCLE('',#2249,5.E-1);
#2291=CIRCLE('',#2290,5.E-1);
#2308=CIRCLE('',#2307,1.E0);
#2321=CIRCLE('',#2320,5.E-1);
#2338=CIRCLE('',#2337,1.E0);
#2435=CIRCLE('',#2434,1.E0);
#2452=CIRCLE('',#2451,5.E-1);
#2465=CIRCLE('',#2464,1.E0);
#2482=CIRCLE('',#2481,5.E-1);
#2523=CIRCLE('',#2522,5.E-1);
#2540=CIRCLE('',#2539,1.E0);
#2553=CIRCLE('',#2552,5.E-1);
#2570=CIRCLE('',#2569,1.E0);
#3525=B_SPLINE_CURVE_WITH_KNOTS('',3,(#3515,#3516,#3517,#3518,#3519,#3520,#3521,
#3522,#3523,#3524),.UNSPECIFIED.,.F.,.F.,(4,1,1,1,1,1,1,4),(0.E0,
1.428571428571E-1,2.857142857143E-1,4.285714285714E-1,5.714285714286E-1,
7.142857142857E-1,8.571428571429E-1,1.E0),.UNSPECIFIED.);
#3530=B_SPLINE_CURVE_WITH_KNOTS('',3,(#3526,#3527,#3528,#3529),.UNSPECIFIED.,
.F.,.F.,(4,4),(0.E0,1.E0),.UNSPECIFIED.);
#3535=B_SPLINE_CURVE_WITH_KNOTS('',3,(#3531,#3532,#3533,#3534),.UNSPECIFIED.,
.F.,.F.,(4,4),(0.E0,1.E0),.UNSPECIFIED.);
#3545=B_SPLINE_CURVE_WITH_KNOTS('',3,(#3536,#3537,#3538,#3539,#3540,#3541,#3542,
#3543,#3544),.UNSPECIFIED.,.F.,.F.,(4,1,1,1,1,1,4),(0.E0,1.666666666667E-1,
3.333333333333E-1,5.E-1,6.666666666667E-1,8.333333333333E-1,1.E0),
.UNSPECIFIED.);
#3550=B_SPLINE_CURVE_WITH_KNOTS('',3,(#3546,#3547,#3548,#3549),.UNSPECIFIED.,
.F.,.F.,(4,4),(0.E0,1.E0),.UNSPECIFIED.);
#3559=B_SPLINE_CURVE_WITH_KNOTS('',3,(#3555,#3556,#3557,#3558),.UNSPECIFIED.,
.F.,.F.,(4,4),(0.E0,1.E0),.UNSPECIFIED.);
#3575=B_SPLINE_CURVE_WITH_KNOTS('',3,(#3564,#3565,#3566,#3567,#3568,#3569,#3570,
#3571,#3572,#3573,#3574),.UNSPECIFIED.,.F.,.F.,(4,1,1,1,1,1,1,1,4),(0.E0,
1.25E-1,2.5E-1,3.75E-1,5.E-1,6.25E-1,7.5E-1,8.75E-1,1.E0),.UNSPECIFIED.);
#3580=B_SPLINE_CURVE_WITH_KNOTS('',3,(#3576,#3577,#3578,#3579),.UNSPECIFIED.,
.F.,.F.,(4,4),(0.E0,1.E0),.UNSPECIFIED.);
#3585=B_SPLINE_CURVE_WITH_KNOTS('',3,(#3581,#3582,#3583,#3584),.UNSPECIFIED.,
.F.,.F.,(4,4),(0.E0,1.E0),.UNSPECIFIED.);
#3595=B_SPLINE_CURVE_WITH_KNOTS('',3,(#3586,#3587,#3588,#3589,#3590,#3591,#3592,
#3593,#3594),.UNSPECIFIED.,.F.,.F.,(4,1,1,1,1,1,4),(0.E0,1.666666666667E-1,
3.333333333333E-1,5.E-1,6.666666666667E-1,8.333333333333E-1,1.E0),
.UNSPECIFIED.);
#3600=B_SPLINE_CURVE_WITH_KNOTS('',3,(#3596,#3597,#3598,#3599),.UNSPECIFIED.,
.F.,.F.,(4,4),(0.E0,1.E0),.UNSPECIFIED.);
#3609=B_SPLINE_CURVE_WITH_KNOTS('',3,(#3605,#3606,#3607,#3608),.UNSPECIFIED.,
.F.,.F.,(4,4),(0.E0,1.E0),.UNSPECIFIED.);
#3650=CIRCLE('',#3649,5.298571136907E-2);
#3679=CIRCLE('',#3678,5.298571136907E-2);
#3708=CIRCLE('',#3707,5.298571136907E-2);
#3737=CIRCLE('',#3736,5.298571136907E-2);
#3766=CIRCLE('',#3765,5.298571136907E-2);
#3795=CIRCLE('',#3794,5.298571136907E-2);
#3824=CIRCLE('',#3823,5.298571136907E-2);
#3873=CIRCLE('',#3872,5.298571136907E-2);
#3898=CIRCLE('',#3897,5.298571136907E-2);
#3923=CIRCLE('',#3922,5.298571136907E-2);
#3948=CIRCLE('',#3947,5.298571136907E-2);
#3973=CIRCLE('',#3972,5.298571136907E-2);
#3998=CIRCLE('',#3997,5.298571136907E-2);
#4023=CIRCLE('',#4022,5.298571136907E-2);
#4082=B_SPLINE_CURVE_WITH_KNOTS('',3,(#4072,#4073,#4074,#4075,#4076,#4077,#4078,
#4079,#4080,#4081),.UNSPECIFIED.,.F.,.F.,(4,1,1,1,1,1,1,4),(0.E0,
1.428571428571E-1,2.857142857143E-1,4.285714285714E-1,5.714285714286E-1,
7.142857142857E-1,8.571428571429E-1,1.E0),.UNSPECIFIED.);
#4087=B_SPLINE_CURVE_WITH_KNOTS('',3,(#4083,#4084,#4085,#4086),.UNSPECIFIED.,
.F.,.F.,(4,4),(0.E0,1.E0),.UNSPECIFIED.);
#4092=B_SPLINE_CURVE_WITH_KNOTS('',3,(#4088,#4089,#4090,#4091),.UNSPECIFIED.,
.F.,.F.,(4,4),(0.E0,1.E0),.UNSPECIFIED.);
#4102=B_SPLINE_CURVE_WITH_KNOTS('',3,(#4093,#4094,#4095,#4096,#4097,#4098,#4099,
#4100,#4101),.UNSPECIFIED.,.F.,.F.,(4,1,1,1,1,1,4),(0.E0,1.666666666667E-1,
3.333333333333E-1,5.E-1,6.666666666667E-1,8.333333333333E-1,1.E0),
.UNSPECIFIED.);
#4107=B_SPLINE_CURVE_WITH_KNOTS('',3,(#4103,#4104,#4105,#4106),.UNSPECIFIED.,
.F.,.F.,(4,4),(0.E0,1.E0),.UNSPECIFIED.);
#4116=B_SPLINE_CURVE_WITH_KNOTS('',3,(#4112,#4113,#4114,#4115),.UNSPECIFIED.,
.F.,.F.,(4,4),(0.E0,1.E0),.UNSPECIFIED.);
#4152=B_SPLINE_CURVE_WITH_KNOTS('',3,(#4141,#4142,#4143,#4144,#4145,#4146,#4147,
#4148,#4149,#4150,#4151),.UNSPECIFIED.,.F.,.F.,(4,1,1,1,1,1,1,1,4),(0.E0,
1.25E-1,2.5E-1,3.75E-1,5.E-1,6.25E-1,7.5E-1,8.75E-1,1.E0),.UNSPECIFIED.);
#4157=B_SPLINE_CURVE_WITH_KNOTS('',3,(#4153,#4154,#4155,#4156),.UNSPECIFIED.,
.F.,.F.,(4,4),(0.E0,1.E0),.UNSPECIFIED.);
#4162=B_SPLINE_CURVE_WITH_KNOTS('',3,(#4158,#4159,#4160,#4161),.UNSPECIFIED.,
.F.,.F.,(4,4),(0.E0,1.E0),.UNSPECIFIED.);
#4172=B_SPLINE_CURVE_WITH_KNOTS('',3,(#4163,#4164,#4165,#4166,#4167,#4168,#4169,
#4170,#4171),.UNSPECIFIED.,.F.,.F.,(4,1,1,1,1,1,4),(0.E0,1.666666666667E-1,
3.333333333333E-1,5.E-1,6.666666666667E-1,8.333333333333E-1,1.E0),
.UNSPECIFIED.);
#4177=B_SPLINE_CURVE_WITH_KNOTS('',3,(#4173,#4174,#4175,#4176),.UNSPECIFIED.,
.F.,.F.,(4,4),(0.E0,1.E0),.UNSPECIFIED.);
#4186=B_SPLINE_CURVE_WITH_KNOTS('',3,(#4182,#4183,#4184,#4185),.UNSPECIFIED.,
.F.,.F.,(4,4),(0.E0,1.E0),.UNSPECIFIED.);
#4239=B_SPLINE_CURVE_WITH_KNOTS('',3,(#4235,#4236,#4237,#4238),.UNSPECIFIED.,
.F.,.F.,(4,4),(0.E0,1.E0),.UNSPECIFIED.);
#4250=B_SPLINE_CURVE_WITH_KNOTS('',3,(#4240,#4241,#4242,#4243,#4244,#4245,#4246,
#4247,#4248,#4249),.UNSPECIFIED.,.F.,.F.,(4,1,1,1,1,1,1,4),(0.E0,
1.428571428571E-1,2.857142857143E-1,4.285714285714E-1,5.714285714286E-1,
7.142857142857E-1,8.571428571429E-1,1.E0),.UNSPECIFIED.);
#4255=B_SPLINE_CURVE_WITH_KNOTS('',3,(#4251,#4252,#4253,#4254),.UNSPECIFIED.,
.F.,.F.,(4,4),(0.E0,1.E0),.UNSPECIFIED.);
#4260=B_SPLINE_CURVE_WITH_KNOTS('',3,(#4256,#4257,#4258,#4259),.UNSPECIFIED.,
.F.,.F.,(4,4),(0.E0,1.E0),.UNSPECIFIED.);
#4270=B_SPLINE_CURVE_WITH_KNOTS('',3,(#4261,#4262,#4263,#4264,#4265,#4266,#4267,
#4268,#4269),.UNSPECIFIED.,.F.,.F.,(4,1,1,1,1,1,4),(0.E0,1.666666666667E-1,
3.333333333333E-1,5.E-1,6.666666666667E-1,8.333333333333E-1,1.E0),
.UNSPECIFIED.);
#4275=B_SPLINE_CURVE_WITH_KNOTS('',3,(#4271,#4272,#4273,#4274),.UNSPECIFIED.,
.F.,.F.,(4,4),(0.E0,1.E0),.UNSPECIFIED.);
#4288=B_SPLINE_CURVE_WITH_KNOTS('',3,(#4284,#4285,#4286,#4287),.UNSPECIFIED.,
.F.,.F.,(4,4),(0.E0,1.E0),.UNSPECIFIED.);
#4293=B_SPLINE_CURVE_WITH_KNOTS('',3,(#4289,#4290,#4291,#4292),.UNSPECIFIED.,
.F.,.F.,(4,4),(0.E0,1.E0),.UNSPECIFIED.);
#4303=B_SPLINE_CURVE_WITH_KNOTS('',3,(#4294,#4295,#4296,#4297,#4298,#4299,#4300,
#4301,#4302),.UNSPECIFIED.,.F.,.F.,(4,1,1,1,1,1,4),(0.E0,1.666666666667E-1,
3.333333333333E-1,5.E-1,6.666666666667E-1,8.333333333333E-1,1.E0),
.UNSPECIFIED.);
#4308=B_SPLINE_CURVE_WITH_KNOTS('',3,(#4304,#4305,#4306,#4307),.UNSPECIFIED.,
.F.,.F.,(4,4),(0.E0,1.E0),.UNSPECIFIED.);
#4317=B_SPLINE_CURVE_WITH_KNOTS('',3,(#4313,#4314,#4315,#4316),.UNSPECIFIED.,
.F.,.F.,(4,4),(0.E0,1.E0),.UNSPECIFIED.);
#4329=B_SPLINE_CURVE_WITH_KNOTS('',3,(#4318,#4319,#4320,#4321,#4322,#4323,#4324,
#4325,#4326,#4327,#4328),.UNSPECIFIED.,.F.,.F.,(4,1,1,1,1,1,1,1,4),(0.E0,
1.25E-1,2.5E-1,3.75E-1,5.E-1,6.25E-1,7.5E-1,8.75E-1,1.E0),.UNSPECIFIED.);
#4402=B_SPLINE_CURVE_WITH_KNOTS('',3,(#4398,#4399,#4400,#4401),.UNSPECIFIED.,
.F.,.F.,(4,4),(0.E0,1.E0),.UNSPECIFIED.);
#4413=B_SPLINE_CURVE_WITH_KNOTS('',3,(#4403,#4404,#4405,#4406,#4407,#4408,#4409,
#4410,#4411,#4412),.UNSPECIFIED.,.F.,.F.,(4,1,1,1,1,1,1,4),(0.E0,
1.428571428571E-1,2.857142857143E-1,4.285714285714E-1,5.714285714286E-1,
7.142857142857E-1,8.571428571429E-1,1.E0),.UNSPECIFIED.);
#4418=B_SPLINE_CURVE_WITH_KNOTS('',3,(#4414,#4415,#4416,#4417),.UNSPECIFIED.,
.F.,.F.,(4,4),(0.E0,1.E0),.UNSPECIFIED.);
#4423=B_SPLINE_CURVE_WITH_KNOTS('',3,(#4419,#4420,#4421,#4422),.UNSPECIFIED.,
.F.,.F.,(4,4),(0.E0,1.E0),.UNSPECIFIED.);
#4433=B_SPLINE_CURVE_WITH_KNOTS('',3,(#4424,#4425,#4426,#4427,#4428,#4429,#4430,
#4431,#4432),.UNSPECIFIED.,.F.,.F.,(4,1,1,1,1,1,4),(0.E0,1.666666666667E-1,
3.333333333333E-1,5.E-1,6.666666666667E-1,8.333333333333E-1,1.E0),
.UNSPECIFIED.);
#4438=B_SPLINE_CURVE_WITH_KNOTS('',3,(#4434,#4435,#4436,#4437),.UNSPECIFIED.,
.F.,.F.,(4,4),(0.E0,1.E0),.UNSPECIFIED.);
#4451=B_SPLINE_CURVE_WITH_KNOTS('',3,(#4447,#4448,#4449,#4450),.UNSPECIFIED.,
.F.,.F.,(4,4),(0.E0,1.E0),.UNSPECIFIED.);
#4456=B_SPLINE_CURVE_WITH_KNOTS('',3,(#4452,#4453,#4454,#4455),.UNSPECIFIED.,
.F.,.F.,(4,4),(0.E0,1.E0),.UNSPECIFIED.);
#4466=B_SPLINE_CURVE_WITH_KNOTS('',3,(#4457,#4458,#4459,#4460,#4461,#4462,#4463,
#4464,#4465),.UNSPECIFIED.,.F.,.F.,(4,1,1,1,1,1,4),(0.E0,1.666666666667E-1,
3.333333333333E-1,5.E-1,6.666666666667E-1,8.333333333333E-1,1.E0),
.UNSPECIFIED.);
#4471=B_SPLINE_CURVE_WITH_KNOTS('',3,(#4467,#4468,#4469,#4470),.UNSPECIFIED.,
.F.,.F.,(4,4),(0.E0,1.E0),.UNSPECIFIED.);
#4480=B_SPLINE_CURVE_WITH_KNOTS('',3,(#4476,#4477,#4478,#4479),.UNSPECIFIED.,
.F.,.F.,(4,4),(0.E0,1.E0),.UNSPECIFIED.);
#4492=B_SPLINE_CURVE_WITH_KNOTS('',3,(#4481,#4482,#4483,#4484,#4485,#4486,#4487,
#4488,#4489,#4490,#4491),.UNSPECIFIED.,.F.,.F.,(4,1,1,1,1,1,1,1,4),(0.E0,
1.25E-1,2.5E-1,3.75E-1,5.E-1,6.25E-1,7.5E-1,8.75E-1,1.E0),.UNSPECIFIED.);
#4565=B_SPLINE_CURVE_WITH_KNOTS('',3,(#4561,#4562,#4563,#4564),.UNSPECIFIED.,
.F.,.F.,(4,4),(0.E0,1.E0),.UNSPECIFIED.);
#4576=B_SPLINE_CURVE_WITH_KNOTS('',3,(#4566,#4567,#4568,#4569,#4570,#4571,#4572,
#4573,#4574,#4575),.UNSPECIFIED.,.F.,.F.,(4,1,1,1,1,1,1,4),(0.E0,
1.428571428571E-1,2.857142857143E-1,4.285714285714E-1,5.714285714286E-1,
7.142857142857E-1,8.571428571429E-1,1.E0),.UNSPECIFIED.);
#4581=B_SPLINE_CURVE_WITH_KNOTS('',3,(#4577,#4578,#4579,#4580),.UNSPECIFIED.,
.F.,.F.,(4,4),(0.E0,1.E0),.UNSPECIFIED.);
#4586=B_SPLINE_CURVE_WITH_KNOTS('',3,(#4582,#4583,#4584,#4585),.UNSPECIFIED.,
.F.,.F.,(4,4),(0.E0,1.E0),.UNSPECIFIED.);
#4596=B_SPLINE_CURVE_WITH_KNOTS('',3,(#4587,#4588,#4589,#4590,#4591,#4592,#4593,
#4594,#4595),.UNSPECIFIED.,.F.,.F.,(4,1,1,1,1,1,4),(0.E0,1.666666666667E-1,
3.333333333333E-1,5.E-1,6.666666666667E-1,8.333333333333E-1,1.E0),
.UNSPECIFIED.);
#4601=B_SPLINE_CURVE_WITH_KNOTS('',3,(#4597,#4598,#4599,#4600),.UNSPECIFIED.,
.F.,.F.,(4,4),(0.E0,1.E0),.UNSPECIFIED.);
#4614=B_SPLINE_CURVE_WITH_KNOTS('',3,(#4610,#4611,#4612,#4613),.UNSPECIFIED.,
.F.,.F.,(4,4),(0.E0,1.E0),.UNSPECIFIED.);
#4619=B_SPLINE_CURVE_WITH_KNOTS('',3,(#4615,#4616,#4617,#4618),.UNSPECIFIED.,
.F.,.F.,(4,4),(0.E0,1.E0),.UNSPECIFIED.);
#4629=B_SPLINE_CURVE_WITH_KNOTS('',3,(#4620,#4621,#4622,#4623,#4624,#4625,#4626,
#4627,#4628),.UNSPECIFIED.,.F.,.F.,(4,1,1,1,1,1,4),(0.E0,1.666666666667E-1,
3.333333333333E-1,5.E-1,6.666666666667E-1,8.333333333333E-1,1.E0),
.UNSPECIFIED.);
#4634=B_SPLINE_CURVE_WITH_KNOTS('',3,(#4630,#4631,#4632,#4633),.UNSPECIFIED.,
.F.,.F.,(4,4),(0.E0,1.E0),.UNSPECIFIED.);
#4643=B_SPLINE_CURVE_WITH_KNOTS('',3,(#4639,#4640,#4641,#4642),.UNSPECIFIED.,
.F.,.F.,(4,4),(0.E0,1.E0),.UNSPECIFIED.);
#4655=B_SPLINE_CURVE_WITH_KNOTS('',3,(#4644,#4645,#4646,#4647,#4648,#4649,#4650,
#4651,#4652,#4653,#4654),.UNSPECIFIED.,.F.,.F.,(4,1,1,1,1,1,1,1,4),(0.E0,
1.25E-1,2.5E-1,3.75E-1,5.E-1,6.25E-1,7.5E-1,8.75E-1,1.E0),.UNSPECIFIED.);
#4728=B_SPLINE_CURVE_WITH_KNOTS('',3,(#4724,#4725,#4726,#4727),.UNSPECIFIED.,
.F.,.F.,(4,4),(0.E0,1.E0),.UNSPECIFIED.);
#4739=B_SPLINE_CURVE_WITH_KNOTS('',3,(#4729,#4730,#4731,#4732,#4733,#4734,#4735,
#4736,#4737,#4738),.UNSPECIFIED.,.F.,.F.,(4,1,1,1,1,1,1,4),(0.E0,
1.428571428571E-1,2.857142857143E-1,4.285714285714E-1,5.714285714286E-1,
7.142857142857E-1,8.571428571429E-1,1.E0),.UNSPECIFIED.);
#4744=B_SPLINE_CURVE_WITH_KNOTS('',3,(#4740,#4741,#4742,#4743),.UNSPECIFIED.,
.F.,.F.,(4,4),(0.E0,1.E0),.UNSPECIFIED.);
#4749=B_SPLINE_CURVE_WITH_KNOTS('',3,(#4745,#4746,#4747,#4748),.UNSPECIFIED.,
.F.,.F.,(4,4),(0.E0,1.E0),.UNSPECIFIED.);
#4759=B_SPLINE_CURVE_WITH_KNOTS('',3,(#4750,#4751,#4752,#4753,#4754,#4755,#4756,
#4757,#4758),.UNSPECIFIED.,.F.,.F.,(4,1,1,1,1,1,4),(0.E0,1.666666666667E-1,
3.333333333333E-1,5.E-1,6.666666666667E-1,8.333333333333E-1,1.E0),
.UNSPECIFIED.);
#4764=B_SPLINE_CURVE_WITH_KNOTS('',3,(#4760,#4761,#4762,#4763),.UNSPECIFIED.,
.F.,.F.,(4,4),(0.E0,1.E0),.UNSPECIFIED.);
#4777=B_SPLINE_CURVE_WITH_KNOTS('',3,(#4773,#4774,#4775,#4776),.UNSPECIFIED.,
.F.,.F.,(4,4),(0.E0,1.E0),.UNSPECIFIED.);
#4782=B_SPLINE_CURVE_WITH_KNOTS('',3,(#4778,#4779,#4780,#4781),.UNSPECIFIED.,
.F.,.F.,(4,4),(0.E0,1.E0),.UNSPECIFIED.);
#4792=B_SPLINE_CURVE_WITH_KNOTS('',3,(#4783,#4784,#4785,#4786,#4787,#4788,#4789,
#4790,#4791),.UNSPECIFIED.,.F.,.F.,(4,1,1,1,1,1,4),(0.E0,1.666666666667E-1,
3.333333333333E-1,5.E-1,6.666666666667E-1,8.333333333333E-1,1.E0),
.UNSPECIFIED.);
#4797=B_SPLINE_CURVE_WITH_KNOTS('',3,(#4793,#4794,#4795,#4796),.UNSPECIFIED.,
.F.,.F.,(4,4),(0.E0,1.E0),.UNSPECIFIED.);
#4806=B_SPLINE_CURVE_WITH_KNOTS('',3,(#4802,#4803,#4804,#4805),.UNSPECIFIED.,
.F.,.F.,(4,4),(0.E0,1.E0),.UNSPECIFIED.);
#4818=B_SPLINE_CURVE_WITH_KNOTS('',3,(#4807,#4808,#4809,#4810,#4811,#4812,#4813,
#4814,#4815,#4816,#4817),.UNSPECIFIED.,.F.,.F.,(4,1,1,1,1,1,1,1,4),(0.E0,
1.25E-1,2.5E-1,3.75E-1,5.E-1,6.25E-1,7.5E-1,8.75E-1,1.E0),.UNSPECIFIED.);
#4897=B_SPLINE_CURVE_WITH_KNOTS('',3,(#4887,#4888,#4889,#4890,#4891,#4892,#4893,
#4894,#4895,#4896),.UNSPECIFIED.,.F.,.F.,(4,1,1,1,1,1,1,4),(0.E0,
1.428571428571E-1,2.857142857143E-1,4.285714285714E-1,5.714285714286E-1,
7.142857142857E-1,8.571428571429E-1,1.E0),.UNSPECIFIED.);
#4902=B_SPLINE_CURVE_WITH_KNOTS('',3,(#4898,#4899,#4900,#4901),.UNSPECIFIED.,
.F.,.F.,(4,4),(0.E0,1.E0),.UNSPECIFIED.);
#4907=B_SPLINE_CURVE_WITH_KNOTS('',3,(#4903,#4904,#4905,#4906),.UNSPECIFIED.,
.F.,.F.,(4,4),(0.E0,1.E0),.UNSPECIFIED.);
#4917=B_SPLINE_CURVE_WITH_KNOTS('',3,(#4908,#4909,#4910,#4911,#4912,#4913,#4914,
#4915,#4916),.UNSPECIFIED.,.F.,.F.,(4,1,1,1,1,1,4),(0.E0,1.666666666667E-1,
3.333333333333E-1,5.E-1,6.666666666667E-1,8.333333333333E-1,1.E0),
.UNSPECIFIED.);
#4922=B_SPLINE_CURVE_WITH_KNOTS('',3,(#4918,#4919,#4920,#4921),.UNSPECIFIED.,
.F.,.F.,(4,4),(0.E0,1.E0),.UNSPECIFIED.);
#4931=B_SPLINE_CURVE_WITH_KNOTS('',3,(#4927,#4928,#4929,#4930),.UNSPECIFIED.,
.F.,.F.,(4,4),(0.E0,1.E0),.UNSPECIFIED.);
#4967=B_SPLINE_CURVE_WITH_KNOTS('',3,(#4956,#4957,#4958,#4959,#4960,#4961,#4962,
#4963,#4964,#4965,#4966),.UNSPECIFIED.,.F.,.F.,(4,1,1,1,1,1,1,1,4),(0.E0,
1.25E-1,2.5E-1,3.75E-1,5.E-1,6.25E-1,7.5E-1,8.75E-1,1.E0),.UNSPECIFIED.);
#4972=B_SPLINE_CURVE_WITH_KNOTS('',3,(#4968,#4969,#4970,#4971),.UNSPECIFIED.,
.F.,.F.,(4,4),(0.E0,1.E0),.UNSPECIFIED.);
#4977=B_SPLINE_CURVE_WITH_KNOTS('',3,(#4973,#4974,#4975,#4976),.UNSPECIFIED.,
.F.,.F.,(4,4),(0.E0,1.E0),.UNSPECIFIED.);
#4987=B_SPLINE_CURVE_WITH_KNOTS('',3,(#4978,#4979,#4980,#4981,#4982,#4983,#4984,
#4985,#4986),.UNSPECIFIED.,.F.,.F.,(4,1,1,1,1,1,4),(0.E0,1.666666666667E-1,
3.333333333333E-1,5.E-1,6.666666666667E-1,8.333333333333E-1,1.E0),
.UNSPECIFIED.);
#4992=B_SPLINE_CURVE_WITH_KNOTS('',3,(#4988,#4989,#4990,#4991),.UNSPECIFIED.,
.F.,.F.,(4,4),(0.E0,1.E0),.UNSPECIFIED.);
#5001=B_SPLINE_CURVE_WITH_KNOTS('',3,(#4997,#4998,#4999,#5000),.UNSPECIFIED.,
.F.,.F.,(4,4),(0.E0,1.E0),.UNSPECIFIED.);
#6597=EDGE_CURVE('',#5115,#5117,#6,.T.);
#6599=EDGE_CURVE('',#5115,#5107,#10,.T.);
#6601=EDGE_CURVE('',#5107,#5126,#14,.T.);
#6603=EDGE_CURVE('',#5123,#5126,#18,.T.);
#6605=EDGE_CURVE('',#5117,#5123,#22,.T.);
#6609=ADVANCED_FACE('',(#6608),#6596,.F.);
#6615=EDGE_CURVE('',#5131,#5133,#26,.T.);
#6617=EDGE_CURVE('',#5131,#5110,#30,.T.);
#6619=EDGE_CURVE('',#5142,#5110,#34,.T.);
#6621=EDGE_CURVE('',#5137,#5142,#38,.T.);
#6623=EDGE_CURVE('',#5133,#5137,#42,.T.);
#6627=ADVANCED_FACE('',(#6626),#6614,.F.);
#6633=EDGE_CURVE('',#5114,#5115,#50,.T.);
#6636=EDGE_CURVE('',#5119,#5117,#46,.T.);
#6638=EDGE_CURVE('',#5114,#5119,#402,.T.);
#6642=ADVANCED_FACE('',(#6641),#6632,.T.);
#6649=EDGE_CURVE('',#5114,#5106,#54,.T.);
#6651=EDGE_CURVE('',#5106,#5107,#886,.T.);
#6656=ADVANCED_FACE('',(#6655),#6647,.F.);
#6662=EDGE_CURVE('',#5143,#5114,#418,.T.);
#6664=EDGE_CURVE('',#5143,#5111,#58,.T.);
#6666=EDGE_CURVE('',#5111,#5106,#890,.T.);
#6671=ADVANCED_FACE('',(#6670),#6661,.F.);
#6677=EDGE_CURVE('',#5378,#5379,#94,.T.);
#6679=EDGE_CURVE('',#5077,#5379,#3118,.T.);
#6681=EDGE_CURVE('',#5076,#5077,#98,.T.);
#6683=EDGE_CURVE('',#5076,#5378,#102,.T.);
#6687=EDGE_CURVE('',#5367,#5365,#106,.T.);
#6689=EDGE_CURVE('',#5367,#5375,#110,.T.);
#6691=EDGE_CURVE('',#5375,#5373,#114,.T.);
#6693=EDGE_CURVE('',#5365,#5373,#118,.T.);
#6697=EDGE_CURVE('',#5363,#5361,#122,.T.);
#6699=EDGE_CURVE('',#5363,#5371,#126,.T.);
#6701=EDGE_CURVE('',#5371,#5369,#130,.T.);
#6703=EDGE_CURVE('',#5361,#5369,#134,.T.);
#6707=ADVANCED_FACE('',(#6686,#6696,#6706),#6676,.T.);
#6713=EDGE_CURVE('',#6188,#6189,#138,.T.);
#6715=EDGE_CURVE('',#5453,#6189,#3142,.T.);
#6717=EDGE_CURVE('',#5452,#5453,#142,.T.);
#6719=EDGE_CURVE('',#5452,#6188,#146,.T.);
#6723=EDGE_CURVE('',#5587,#5589,#150,.T.);
#6725=EDGE_CURVE('',#5589,#5597,#154,.T.);
#6727=EDGE_CURVE('',#5595,#5597,#158,.T.);
#6729=EDGE_CURVE('',#5587,#5595,#162,.T.);
#6733=EDGE_CURVE('',#5583,#5585,#166,.T.);
#6735=EDGE_CURVE('',#5585,#5593,#170,.T.);
#6737=EDGE_CURVE('',#5591,#5593,#174,.T.);
#6739=EDGE_CURVE('',#5583,#5591,#178,.T.);
#6743=ADVANCED_FACE('',(#6722,#6732,#6742),#6712,.T.);
#6749=EDGE_CURVE('',#6242,#6243,#182,.T.);
#6751=EDGE_CURVE('',#6185,#6243,#3166,.T.);
#6753=EDGE_CURVE('',#6184,#6185,#186,.T.);
#6755=EDGE_CURVE('',#6184,#6242,#190,.T.);
#6759=EDGE_CURVE('',#5723,#5725,#194,.T.);
#6761=EDGE_CURVE('',#5725,#5733,#198,.T.);
#6763=EDGE_CURVE('',#5731,#5733,#202,.T.);
#6765=EDGE_CURVE('',#5723,#5731,#206,.T.);
#6769=EDGE_CURVE('',#5719,#5721,#210,.T.);
#6771=EDGE_CURVE('',#5721,#5729,#214,.T.);
#6773=EDGE_CURVE('',#5727,#5729,#218,.T.);
#6775=EDGE_CURVE('',#5719,#5727,#222,.T.);
#6779=ADVANCED_FACE('',(#6758,#6768,#6778),#6748,.T.);
#6785=EDGE_CURVE('',#6296,#6297,#226,.T.);
#6787=EDGE_CURVE('',#6239,#6297,#3190,.T.);
#6789=EDGE_CURVE('',#6238,#6239,#230,.T.);
#6791=EDGE_CURVE('',#6238,#6296,#234,.T.);
#6795=EDGE_CURVE('',#5859,#5861,#238,.T.);
#6797=EDGE_CURVE('',#5861,#5869,#242,.T.);
#6799=EDGE_CURVE('',#5867,#5869,#246,.T.);
#6801=EDGE_CURVE('',#5859,#5867,#250,.T.);
#6805=EDGE_CURVE('',#5855,#5857,#254,.T.);
#6807=EDGE_CURVE('',#5857,#5865,#258,.T.);
#6809=EDGE_CURVE('',#5863,#5865,#262,.T.);
#6811=EDGE_CURVE('',#5855,#5863,#266,.T.);
#6815=ADVANCED_FACE('',(#6794,#6804,#6814),#6784,.T.);
#6821=EDGE_CURVE('',#6350,#6351,#270,.T.);
#6823=EDGE_CURVE('',#6293,#6351,#3214,.T.);
#6825=EDGE_CURVE('',#6292,#6293,#274,.T.);
#6827=EDGE_CURVE('',#6292,#6350,#278,.T.);
#6831=EDGE_CURVE('',#5995,#5997,#282,.T.);
#6833=EDGE_CURVE('',#5997,#6005,#286,.T.);
#6835=EDGE_CURVE('',#6003,#6005,#290,.T.);
#6837=EDGE_CURVE('',#5995,#6003,#294,.T.);
#6841=EDGE_CURVE('',#5991,#5993,#298,.T.);
#6843=EDGE_CURVE('',#5993,#6001,#302,.T.);
#6845=EDGE_CURVE('',#5999,#6001,#306,.T.);
#6847=EDGE_CURVE('',#5991,#5999,#310,.T.);
#6851=ADVANCED_FACE('',(#6830,#6840,#6850),#6820,.T.);
#6857=EDGE_CURVE('',#6400,#6401,#314,.T.);
#6859=EDGE_CURVE('',#6347,#6401,#3238,.T.);
#6861=EDGE_CURVE('',#6346,#6347,#318,.T.);
#6863=EDGE_CURVE('',#6346,#6400,#322,.T.);
#6867=EDGE_CURVE('',#6131,#6133,#326,.T.);
#6869=EDGE_CURVE('',#6133,#6141,#330,.T.);
#6871=EDGE_CURVE('',#6139,#6141,#334,.T.);
#6873=EDGE_CURVE('',#6131,#6139,#338,.T.);
#6877=EDGE_CURVE('',#6127,#6129,#342,.T.);
#6879=EDGE_CURVE('',#6129,#6137,#346,.T.);
#6881=EDGE_CURVE('',#6135,#6137,#350,.T.);
#6883=EDGE_CURVE('',#6127,#6135,#354,.T.);
#6887=ADVANCED_FACE('',(#6866,#6876,#6886),#6856,.T.);
#6893=EDGE_CURVE('',#6566,#6567,#358,.T.);
#6895=EDGE_CURVE('',#6547,#6567,#3262,.T.);
#6897=EDGE_CURVE('',#6546,#6547,#362,.T.);
#6899=EDGE_CURVE('',#6546,#6566,#366,.T.);
#6903=EDGE_CURVE('',#6493,#6495,#370,.T.);
#6905=EDGE_CURVE('',#6495,#6503,#374,.T.);
#6907=EDGE_CURVE('',#6501,#6503,#378,.T.);
#6909=EDGE_CURVE('',#6493,#6501,#382,.T.);
#6913=EDGE_CURVE('',#6489,#6491,#386,.T.);
#6915=EDGE_CURVE('',#6491,#6499,#390,.T.);
#6917=EDGE_CURVE('',#6497,#6499,#394,.T.);
#6919=EDGE_CURVE('',#6489,#6497,#398,.T.);
#6923=ADVANCED_FACE('',(#6902,#6912,#6922),#6892,.T.);
#6930=EDGE_CURVE('',#5119,#5080,#406,.T.);
#6932=EDGE_CURVE('',#5080,#5081,#410,.T.);
#6934=EDGE_CURVE('',#5139,#5081,#3282,.T.);
#6936=EDGE_CURVE('',#5139,#5143,#414,.T.);
#6941=EDGE_CURVE('',#5146,#5147,#62,.T.);
#6943=EDGE_CURVE('',#5147,#5151,#66,.T.);
#6945=EDGE_CURVE('',#5150,#5151,#70,.T.);
#6947=EDGE_CURVE('',#5146,#5150,#74,.T.);
#6951=EDGE_CURVE('',#5274,#5275,#78,.T.);
#6953=EDGE_CURVE('',#5274,#5278,#82,.T.);
#6955=EDGE_CURVE('',#5278,#5279,#86,.T.);
#6957=EDGE_CURVE('',#5275,#5279,#90,.T.);
#6961=ADVANCED_FACE('',(#6940,#6950,#6960),#6928,.T.);
#6968=EDGE_CURVE('',#5146,#5238,#422,.T.);
#6970=EDGE_CURVE('',#5238,#5239,#426,.T.);
#6972=EDGE_CURVE('',#5239,#5147,#430,.T.);
#6976=ADVANCED_FACE('',(#6975),#6966,.F.);
#6982=EDGE_CURVE('',#5154,#5155,#598,.T.);
#6984=EDGE_CURVE('',#5155,#5242,#434,.T.);
#6986=EDGE_CURVE('',#5242,#5243,#439,.T.);
#6988=EDGE_CURVE('',#5243,#5245,#443,.T.);
#6990=EDGE_CURVE('',#5245,#5247,#447,.T.);
#6992=EDGE_CURVE('',#5247,#5249,#451,.T.);
#6994=EDGE_CURVE('',#5249,#5251,#456,.T.);
#6996=EDGE_CURVE('',#5251,#5154,#460,.T.);
#7000=ADVANCED_FACE('',(#6999),#6981,.F.);
#7007=EDGE_CURVE('',#5275,#5234,#464,.T.);
#7009=EDGE_CURVE('',#5234,#5235,#468,.T.);
#7011=EDGE_CURVE('',#5235,#5274,#472,.T.);
#7015=ADVANCED_FACE('',(#7014),#7005,.F.);
#7021=EDGE_CURVE('',#5412,#5413,#614,.T.);
#7023=EDGE_CURVE('',#5413,#5419,#476,.T.);
#7025=EDGE_CURVE('',#5419,#5471,#481,.T.);
#7027=EDGE_CURVE('',#5471,#5473,#485,.T.);
#7029=EDGE_CURVE('',#5473,#5475,#489,.T.);
#7031=EDGE_CURVE('',#5475,#5477,#493,.T.);
#7033=EDGE_CURVE('',#5477,#5421,#498,.T.);
#7035=EDGE_CURVE('',#5421,#5412,#502,.T.);
#7039=ADVANCED_FACE('',(#7038),#7020,.F.);
#7046=EDGE_CURVE('',#5150,#5258,#514,.T.);
#7048=EDGE_CURVE('',#5238,#5258,#594,.T.);
#7053=ADVANCED_FACE('',(#7052),#7044,.T.);
#7060=EDGE_CURVE('',#5259,#5151,#506,.T.);
#7062=EDGE_CURVE('',#5258,#5259,#510,.T.);
#7067=ADVANCED_FACE('',(#7066),#7058,.T.);
#7073=EDGE_CURVE('',#5158,#5159,#606,.T.);
#7075=EDGE_CURVE('',#5271,#5158,#518,.T.);
#7077=EDGE_CURVE('',#5269,#5271,#523,.T.);
#7079=EDGE_CURVE('',#5267,#5269,#527,.T.);
#7081=EDGE_CURVE('',#5265,#5267,#531,.T.);
#7083=EDGE_CURVE('',#5263,#5265,#535,.T.);
#7085=EDGE_CURVE('',#5262,#5263,#540,.T.);
#7087=EDGE_CURVE('',#5159,#5262,#544,.T.);
#7091=ADVANCED_FACE('',(#7090),#7072,.T.);
#7098=EDGE_CURVE('',#5255,#5278,#548,.T.);
#7100=EDGE_CURVE('',#5254,#5255,#552,.T.);
#7102=EDGE_CURVE('',#5279,#5254,#556,.T.);
#7106=ADVANCED_FACE('',(#7105),#7096,.T.);
#7112=EDGE_CURVE('',#5416,#5417,#622,.T.);
#7114=EDGE_CURVE('',#5425,#5416,#560,.T.);
#7116=EDGE_CURVE('',#5485,#5425,#565,.T.);
#7118=EDGE_CURVE('',#5483,#5485,#569,.T.);
#7120=EDGE_CURVE('',#5481,#5483,#573,.T.);
#7122=EDGE_CURVE('',#5479,#5481,#577,.T.);
#7124=EDGE_CURVE('',#5423,#5479,#582,.T.);
#7126=EDGE_CURVE('',#5417,#5423,#586,.T.);
#7130=ADVANCED_FACE('',(#7129),#7111,.T.);
#7138=EDGE_CURVE('',#5239,#5259,#590,.T.);
#7143=ADVANCED_FACE('',(#7142),#7135,.T.);
#7155=ADVANCED_FACE('',(#7154),#7148,.T.);
#7161=EDGE_CURVE('',#5230,#5227,#2650,.T.);
#7163=EDGE_CURVE('',#6443,#5227,#4043,.T.);
#7165=EDGE_CURVE('',#6442,#6443,#5037,.T.);
#7167=EDGE_CURVE('',#6434,#6442,#2858,.T.);
#7169=EDGE_CURVE('',#6434,#6435,#854,.T.);
#7171=EDGE_CURVE('',#6081,#6435,#4035,.T.);
#7173=EDGE_CURVE('',#6080,#6081,#5029,.T.);
#7175=EDGE_CURVE('',#6072,#6080,#2830,.T.);
#7177=EDGE_CURVE('',#6072,#6073,#858,.T.);
#7179=EDGE_CURVE('',#5945,#6073,#4010,.T.);
#7181=EDGE_CURVE('',#5944,#5945,#4866,.T.);
#7183=EDGE_CURVE('',#5936,#5944,#2802,.T.);
#7185=EDGE_CURVE('',#5936,#5937,#862,.T.);
#7187=EDGE_CURVE('',#5809,#5937,#3985,.T.);
#7189=EDGE_CURVE('',#5808,#5809,#4703,.T.);
#7191=EDGE_CURVE('',#5800,#5808,#2774,.T.);
#7193=EDGE_CURVE('',#5800,#5801,#866,.T.);
#7195=EDGE_CURVE('',#5673,#5801,#3960,.T.);
#7197=EDGE_CURVE('',#5672,#5673,#4540,.T.);
#7199=EDGE_CURVE('',#5664,#5672,#2746,.T.);
#7201=EDGE_CURVE('',#5664,#5665,#870,.T.);
#7203=EDGE_CURVE('',#5537,#5665,#3935,.T.);
#7205=EDGE_CURVE('',#5536,#5537,#4377,.T.);
#7207=EDGE_CURVE('',#5528,#5536,#2718,.T.);
#7209=EDGE_CURVE('',#5528,#5529,#874,.T.);
#7211=EDGE_CURVE('',#5315,#5529,#3910,.T.);
#7213=EDGE_CURVE('',#5314,#5315,#4214,.T.);
#7215=EDGE_CURVE('',#5306,#5314,#2690,.T.);
#7217=EDGE_CURVE('',#5306,#5307,#878,.T.);
#7219=EDGE_CURVE('',#5218,#5307,#3885,.T.);
#7221=EDGE_CURVE('',#5205,#5218,#3106,.T.);
#7223=EDGE_CURVE('',#5203,#5205,#2894,.T.);
#7225=EDGE_CURVE('',#5203,#5214,#882,.T.);
#7227=EDGE_CURVE('',#5107,#5214,#4051,.T.);
#7231=EDGE_CURVE('',#5110,#5111,#894,.T.);
#7233=EDGE_CURVE('',#5110,#5209,#898,.T.);
#7235=EDGE_CURVE('',#5209,#5191,#902,.T.);
#7237=EDGE_CURVE('',#5191,#5193,#3294,.T.);
#7239=EDGE_CURVE('',#5211,#5193,#3102,.T.);
#7241=EDGE_CURVE('',#5211,#5310,#906,.T.);
#7243=EDGE_CURVE('',#5310,#5311,#910,.T.);
#7245=EDGE_CURVE('',#5311,#5319,#3130,.T.);
#7247=EDGE_CURVE('',#5318,#5319,#4218,.T.);
#7249=EDGE_CURVE('',#5318,#5532,#914,.T.);
#7251=EDGE_CURVE('',#5532,#5533,#918,.T.);
#7253=EDGE_CURVE('',#5533,#5541,#3154,.T.);
#7255=EDGE_CURVE('',#5540,#5541,#4381,.T.);
#7257=EDGE_CURVE('',#5540,#5668,#922,.T.);
#7259=EDGE_CURVE('',#5668,#5669,#926,.T.);
#7261=EDGE_CURVE('',#5669,#5677,#3178,.T.);
#7263=EDGE_CURVE('',#5676,#5677,#4544,.T.);
#7265=EDGE_CURVE('',#5676,#5804,#930,.T.);
#7267=EDGE_CURVE('',#5804,#5805,#934,.T.);
#7269=EDGE_CURVE('',#5805,#5813,#3202,.T.);
#7271=EDGE_CURVE('',#5812,#5813,#4707,.T.);
#7273=EDGE_CURVE('',#5812,#5940,#938,.T.);
#7275=EDGE_CURVE('',#5940,#5941,#942,.T.);
#7277=EDGE_CURVE('',#5941,#5949,#3226,.T.);
#7279=EDGE_CURVE('',#5948,#5949,#4870,.T.);
#7281=EDGE_CURVE('',#5948,#6076,#946,.T.);
#7283=EDGE_CURVE('',#6076,#6077,#950,.T.);
#7285=EDGE_CURVE('',#6077,#6085,#3250,.T.);
#7287=EDGE_CURVE('',#6084,#6085,#5033,.T.);
#7289=EDGE_CURVE('',#6084,#6438,#954,.T.);
#7291=EDGE_CURVE('',#6438,#6439,#958,.T.);
#7293=EDGE_CURVE('',#6439,#6447,#3274,.T.);
#7295=EDGE_CURVE('',#6446,#6447,#5041,.T.);
#7297=EDGE_CURVE('',#6446,#5230,#962,.T.);
#7302=EDGE_CURVE('',#5412,#5416,#618,.T.);
#7305=EDGE_CURVE('',#5413,#5417,#626,.T.);
#7309=EDGE_CURVE('',#5428,#5429,#630,.T.);
#7311=EDGE_CURVE('',#5428,#5436,#634,.T.);
#7313=EDGE_CURVE('',#5436,#5437,#638,.T.);
#7315=EDGE_CURVE('',#5429,#5437,#642,.T.);
#7319=EDGE_CURVE('',#5432,#5433,#646,.T.);
#7321=EDGE_CURVE('',#5432,#5440,#650,.T.);
#7323=EDGE_CURVE('',#5440,#5441,#654,.T.);
#7325=EDGE_CURVE('',#5433,#5441,#658,.T.);
#7329=EDGE_CURVE('',#5609,#5607,#662,.T.);
#7331=EDGE_CURVE('',#5609,#5621,#666,.T.);
#7333=EDGE_CURVE('',#5621,#5619,#670,.T.);
#7335=EDGE_CURVE('',#5607,#5619,#674,.T.);
#7339=EDGE_CURVE('',#5605,#5600,#678,.T.);
#7341=EDGE_CURVE('',#5605,#5617,#682,.T.);
#7343=EDGE_CURVE('',#5617,#5612,#686,.T.);
#7345=EDGE_CURVE('',#5600,#5612,#690,.T.);
#7349=EDGE_CURVE('',#5745,#5743,#694,.T.);
#7351=EDGE_CURVE('',#5745,#5757,#698,.T.);
#7353=EDGE_CURVE('',#5757,#5755,#702,.T.);
#7355=EDGE_CURVE('',#5743,#5755,#706,.T.);
#7359=EDGE_CURVE('',#5741,#5736,#710,.T.);
#7361=EDGE_CURVE('',#5741,#5753,#714,.T.);
#7363=EDGE_CURVE('',#5753,#5748,#718,.T.);
#7365=EDGE_CURVE('',#5736,#5748,#722,.T.);
#7369=EDGE_CURVE('',#5881,#5879,#726,.T.);
#7371=EDGE_CURVE('',#5881,#5893,#730,.T.);
#7373=EDGE_CURVE('',#5893,#5891,#734,.T.);
#7375=EDGE_CURVE('',#5879,#5891,#738,.T.);
#7379=EDGE_CURVE('',#5877,#5872,#742,.T.);
#7381=EDGE_CURVE('',#5877,#5889,#746,.T.);
#7383=EDGE_CURVE('',#5889,#5884,#750,.T.);
#7385=EDGE_CURVE('',#5872,#5884,#754,.T.);
#7389=EDGE_CURVE('',#6017,#6015,#758,.T.);
#7391=EDGE_CURVE('',#6017,#6029,#762,.T.);
#7393=EDGE_CURVE('',#6029,#6027,#766,.T.);
#7395=EDGE_CURVE('',#6015,#6027,#770,.T.);
#7399=EDGE_CURVE('',#6013,#6008,#774,.T.);
#7401=EDGE_CURVE('',#6013,#6025,#778,.T.);
#7403=EDGE_CURVE('',#6025,#6020,#782,.T.);
#7405=EDGE_CURVE('',#6008,#6020,#786,.T.);
#7409=EDGE_CURVE('',#6153,#6151,#790,.T.);
#7411=EDGE_CURVE('',#6153,#6165,#794,.T.);
#7413=EDGE_CURVE('',#6165,#6163,#798,.T.);
#7415=EDGE_CURVE('',#6151,#6163,#802,.T.);
#7419=EDGE_CURVE('',#6149,#6144,#806,.T.);
#7421=EDGE_CURVE('',#6149,#6161,#810,.T.);
#7423=EDGE_CURVE('',#6161,#6156,#814,.T.);
#7425=EDGE_CURVE('',#6144,#6156,#818,.T.);
#7429=EDGE_CURVE('',#6515,#6513,#822,.T.);
#7431=EDGE_CURVE('',#6515,#6527,#826,.T.);
#7433=EDGE_CURVE('',#6527,#6525,#830,.T.);
#7435=EDGE_CURVE('',#6513,#6525,#834,.T.);
#7439=EDGE_CURVE('',#6511,#6506,#838,.T.);
#7441=EDGE_CURVE('',#6511,#6523,#842,.T.);
#7443=EDGE_CURVE('',#6523,#6518,#846,.T.);
#7445=EDGE_CURVE('',#6506,#6518,#850,.T.);
#7450=EDGE_CURVE('',#5154,#5158,#602,.T.);
#7453=EDGE_CURVE('',#5155,#5159,#610,.T.);
#7457=ADVANCED_FACE('',(#7300,#7308,#7318,#7328,#7338,#7348,#7358,#7368,#7378,
#7388,#7398,#7408,#7418,#7428,#7438,#7448,#7456),#7160,.T.);
#7465=EDGE_CURVE('',#5251,#5271,#966,.T.);
#7470=ADVANCED_FACE('',(#7469),#7462,.T.);
#7477=EDGE_CURVE('',#5249,#5269,#970,.T.);
#7483=ADVANCED_FACE('',(#7482),#7475,.F.);
#7490=EDGE_CURVE('',#5247,#5267,#974,.T.);
#7496=ADVANCED_FACE('',(#7495),#7488,.T.);
#7503=EDGE_CURVE('',#5245,#5265,#978,.T.);
#7509=ADVANCED_FACE('',(#7508),#7501,.T.);
#7516=EDGE_CURVE('',#5243,#5263,#982,.T.);
#7522=ADVANCED_FACE('',(#7521),#7514,.T.);
#7529=EDGE_CURVE('',#5242,#5262,#986,.T.);
#7535=ADVANCED_FACE('',(#7534),#7527,.T.);
#7547=ADVANCED_FACE('',(#7546),#7540,.T.);
#7555=EDGE_CURVE('',#5421,#5425,#990,.T.);
#7560=ADVANCED_FACE('',(#7559),#7552,.T.);
#7567=EDGE_CURVE('',#5477,#5485,#994,.T.);
#7573=ADVANCED_FACE('',(#7572),#7565,.F.);
#7580=EDGE_CURVE('',#5475,#5483,#998,.T.);
#7586=ADVANCED_FACE('',(#7585),#7578,.T.);
#7593=EDGE_CURVE('',#5473,#5481,#1002,.T.);
#7599=ADVANCED_FACE('',(#7598),#7591,.T.);
#7606=EDGE_CURVE('',#5471,#5479,#1006,.T.);
#7612=ADVANCED_FACE('',(#7611),#7604,.T.);
#7619=EDGE_CURVE('',#5419,#5423,#1010,.T.);
#7625=ADVANCED_FACE('',(#7624),#7617,.T.);
#7637=ADVANCED_FACE('',(#7636),#7630,.T.);
#7643=EDGE_CURVE('',#5361,#5322,#1014,.T.);
#7645=EDGE_CURVE('',#5322,#5323,#1018,.T.);
#7647=EDGE_CURVE('',#5323,#5363,#1022,.T.);
#7652=ADVANCED_FACE('',(#7651),#7642,.F.);
#7658=EDGE_CURVE('',#5365,#5326,#1026,.T.);
#7660=EDGE_CURVE('',#5326,#5327,#1030,.T.);
#7662=EDGE_CURVE('',#5327,#5367,#1034,.T.);
#7667=ADVANCED_FACE('',(#7666),#7657,.F.);
#7674=EDGE_CURVE('',#5429,#5330,#1038,.T.);
#7676=EDGE_CURVE('',#5330,#5331,#1043,.T.);
#7678=EDGE_CURVE('',#5331,#5333,#1047,.T.);
#7680=EDGE_CURVE('',#5333,#5335,#1051,.T.);
#7682=EDGE_CURVE('',#5335,#5337,#1055,.T.);
#7684=EDGE_CURVE('',#5337,#5339,#1060,.T.);
#7686=EDGE_CURVE('',#5339,#5428,#1064,.T.);
#7690=ADVANCED_FACE('',(#7689),#7672,.F.);
#7697=EDGE_CURVE('',#5433,#5443,#1068,.T.);
#7699=EDGE_CURVE('',#5443,#5487,#1073,.T.);
#7701=EDGE_CURVE('',#5487,#5489,#1077,.T.);
#7703=EDGE_CURVE('',#5489,#5491,#1081,.T.);
#7705=EDGE_CURVE('',#5491,#5493,#1085,.T.);
#7707=EDGE_CURVE('',#5493,#5445,#1090,.T.);
#7709=EDGE_CURVE('',#5445,#5432,#1094,.T.);
#7713=ADVANCED_FACE('',(#7712),#7695,.F.);
#7721=EDGE_CURVE('',#5369,#5342,#1098,.T.);
#7723=EDGE_CURVE('',#5322,#5342,#1186,.T.);
#7727=ADVANCED_FACE('',(#7726),#7718,.T.);
#7735=EDGE_CURVE('',#5343,#5371,#1102,.T.);
#7737=EDGE_CURVE('',#5342,#5343,#1106,.T.);
#7741=ADVANCED_FACE('',(#7740),#7732,.T.);
#7747=EDGE_CURVE('',#5373,#5346,#1110,.T.);
#7750=EDGE_CURVE('',#5347,#5375,#1114,.T.);
#7752=EDGE_CURVE('',#5346,#5347,#1118,.T.);
#7756=ADVANCED_FACE('',(#7755),#7746,.T.);
#7763=EDGE_CURVE('',#5359,#5436,#1122,.T.);
#7765=EDGE_CURVE('',#5357,#5359,#1127,.T.);
#7767=EDGE_CURVE('',#5355,#5357,#1131,.T.);
#7769=EDGE_CURVE('',#5353,#5355,#1135,.T.);
#7771=EDGE_CURVE('',#5351,#5353,#1139,.T.);
#7773=EDGE_CURVE('',#5350,#5351,#1144,.T.);
#7775=EDGE_CURVE('',#5437,#5350,#1148,.T.);
#7779=ADVANCED_FACE('',(#7778),#7761,.T.);
#7786=EDGE_CURVE('',#5449,#5440,#1152,.T.);
#7788=EDGE_CURVE('',#5501,#5449,#1157,.T.);
#7790=EDGE_CURVE('',#5499,#5501,#1161,.T.);
#7792=EDGE_CURVE('',#5497,#5499,#1165,.T.);
#7794=EDGE_CURVE('',#5495,#5497,#1169,.T.);
#7796=EDGE_CURVE('',#5447,#5495,#1174,.T.);
#7798=EDGE_CURVE('',#5441,#5447,#1178,.T.);
#7802=ADVANCED_FACE('',(#7801),#7784,.T.);
#7809=EDGE_CURVE('',#5323,#5343,#1182,.T.);
#7815=ADVANCED_FACE('',(#7814),#7807,.T.);
#7827=ADVANCED_FACE('',(#7826),#7820,.T.);
#7836=EDGE_CURVE('',#5326,#5346,#1190,.T.);
#7840=ADVANCED_FACE('',(#7839),#7832,.T.);
#7849=EDGE_CURVE('',#5327,#5347,#1194,.T.);
#7853=ADVANCED_FACE('',(#7852),#7845,.T.);
#7865=ADVANCED_FACE('',(#7864),#7858,.T.);
#7873=EDGE_CURVE('',#5339,#5359,#1198,.T.);
#7878=ADVANCED_FACE('',(#7877),#7870,.T.);
#7885=EDGE_CURVE('',#5337,#5357,#1202,.T.);
#7891=ADVANCED_FACE('',(#7890),#7883,.F.);
#7898=EDGE_CURVE('',#5335,#5355,#1206,.T.);
#7904=ADVANCED_FACE('',(#7903),#7896,.T.);
#7911=EDGE_CURVE('',#5333,#5353,#1210,.T.);
#7917=ADVANCED_FACE('',(#7916),#7909,.T.);
#7924=EDGE_CURVE('',#5331,#5351,#1214,.T.);
#7930=ADVANCED_FACE('',(#7929),#7922,.T.);
#7937=EDGE_CURVE('',#5330,#5350,#1218,.T.);
#7943=ADVANCED_FACE('',(#7942),#7935,.T.);
#7955=ADVANCED_FACE('',(#7954),#7948,.T.);
#7963=EDGE_CURVE('',#5445,#5449,#1222,.T.);
#7968=ADVANCED_FACE('',(#7967),#7960,.T.);
#7975=EDGE_CURVE('',#5493,#5501,#1226,.T.);
#7981=ADVANCED_FACE('',(#7980),#7973,.F.);
#7988=EDGE_CURVE('',#5491,#5499,#1230,.T.);
#7994=ADVANCED_FACE('',(#7993),#7986,.T.);
#8001=EDGE_CURVE('',#5489,#5497,#1234,.T.);
#8007=ADVANCED_FACE('',(#8006),#7999,.T.);
#8014=EDGE_CURVE('',#5487,#5495,#1238,.T.);
#8020=ADVANCED_FACE('',(#8019),#8012,.T.);
#8027=EDGE_CURVE('',#5443,#5447,#1242,.T.);
#8033=ADVANCED_FACE('',(#8032),#8025,.T.);
#8045=ADVANCED_FACE('',(#8044),#8038,.T.);
#8051=EDGE_CURVE('',#5583,#5544,#1246,.T.);
#8053=EDGE_CURVE('',#5544,#5545,#1250,.T.);
#8055=EDGE_CURVE('',#5545,#5585,#1254,.T.);
#8060=ADVANCED_FACE('',(#8059),#8050,.F.);
#8066=EDGE_CURVE('',#5587,#5548,#1258,.T.);
#8068=EDGE_CURVE('',#5548,#5549,#1262,.T.);
#8070=EDGE_CURVE('',#5549,#5589,#1266,.T.);
#8075=ADVANCED_FACE('',(#8074),#8065,.F.);
#8081=EDGE_CURVE('',#5600,#5601,#1270,.T.);
#8083=EDGE_CURVE('',#5601,#5623,#1275,.T.);
#8085=EDGE_CURVE('',#5623,#5625,#1279,.T.);
#8087=EDGE_CURVE('',#5625,#5627,#1283,.T.);
#8089=EDGE_CURVE('',#5627,#5629,#1287,.T.);
#8091=EDGE_CURVE('',#5629,#5604,#1292,.T.);
#8093=EDGE_CURVE('',#5604,#5605,#1296,.T.);
#8098=ADVANCED_FACE('',(#8097),#8080,.F.);
#8104=EDGE_CURVE('',#5607,#5552,#1300,.T.);
#8106=EDGE_CURVE('',#5552,#5553,#1305,.T.);
#8108=EDGE_CURVE('',#5553,#5555,#1309,.T.);
#8110=EDGE_CURVE('',#5555,#5557,#1313,.T.);
#8112=EDGE_CURVE('',#5557,#5559,#1317,.T.);
#8114=EDGE_CURVE('',#5559,#5561,#1322,.T.);
#8116=EDGE_CURVE('',#5561,#5609,#1326,.T.);
#8121=ADVANCED_FACE('',(#8120),#8103,.F.);
#8129=EDGE_CURVE('',#5591,#5564,#1330,.T.);
#8131=EDGE_CURVE('',#5544,#5564,#1418,.T.);
#8135=ADVANCED_FACE('',(#8134),#8126,.T.);
#8143=EDGE_CURVE('',#5565,#5593,#1334,.T.);
#8145=EDGE_CURVE('',#5564,#5565,#1338,.T.);
#8149=ADVANCED_FACE('',(#8148),#8140,.T.);
#8155=EDGE_CURVE('',#5595,#5568,#1342,.T.);
#8158=EDGE_CURVE('',#5569,#5597,#1346,.T.);
#8160=EDGE_CURVE('',#5568,#5569,#1350,.T.);
#8164=ADVANCED_FACE('',(#8163),#8154,.T.);
#8170=EDGE_CURVE('',#5612,#5613,#1354,.T.);
#8173=EDGE_CURVE('',#5616,#5617,#1358,.T.);
#8175=EDGE_CURVE('',#5637,#5616,#1363,.T.);
#8177=EDGE_CURVE('',#5635,#5637,#1367,.T.);
#8179=EDGE_CURVE('',#5633,#5635,#1371,.T.);
#8181=EDGE_CURVE('',#5631,#5633,#1375,.T.);
#8183=EDGE_CURVE('',#5613,#5631,#1380,.T.);
#8187=ADVANCED_FACE('',(#8186),#8169,.T.);
#8193=EDGE_CURVE('',#5619,#5572,#1384,.T.);
#8196=EDGE_CURVE('',#5581,#5621,#1388,.T.);
#8198=EDGE_CURVE('',#5579,#5581,#1393,.T.);
#8200=EDGE_CURVE('',#5577,#5579,#1397,.T.);
#8202=EDGE_CURVE('',#5575,#5577,#1401,.T.);
#8204=EDGE_CURVE('',#5573,#5575,#1405,.T.);
#8206=EDGE_CURVE('',#5572,#5573,#1410,.T.);
#8210=ADVANCED_FACE('',(#8209),#8192,.T.);
#8217=EDGE_CURVE('',#5545,#5565,#1414,.T.);
#8223=ADVANCED_FACE('',(#8222),#8215,.T.);
#8235=ADVANCED_FACE('',(#8234),#8228,.T.);
#8244=EDGE_CURVE('',#5548,#5568,#1422,.T.);
#8248=ADVANCED_FACE('',(#8247),#8240,.T.);
#8257=EDGE_CURVE('',#5549,#5569,#1426,.T.);
#8261=ADVANCED_FACE('',(#8260),#8253,.T.);
#8273=ADVANCED_FACE('',(#8272),#8266,.T.);
#8282=EDGE_CURVE('',#5601,#5613,#1430,.T.);
#8286=ADVANCED_FACE('',(#8285),#8278,.T.);
#8295=EDGE_CURVE('',#5623,#5631,#1434,.T.);
#8299=ADVANCED_FACE('',(#8298),#8291,.T.);
#8308=EDGE_CURVE('',#5625,#5633,#1438,.T.);
#8312=ADVANCED_FACE('',(#8311),#8304,.T.);
#8321=EDGE_CURVE('',#5627,#5635,#1442,.T.);
#8325=ADVANCED_FACE('',(#8324),#8317,.T.);
#8334=EDGE_CURVE('',#5629,#5637,#1446,.T.);
#8338=ADVANCED_FACE('',(#8337),#8330,.T.);
#8347=EDGE_CURVE('',#5604,#5616,#1450,.T.);
#8351=ADVANCED_FACE('',(#8350),#8343,.F.);
#8363=ADVANCED_FACE('',(#8362),#8356,.T.);
#8372=EDGE_CURVE('',#5552,#5572,#1454,.T.);
#8376=ADVANCED_FACE('',(#8375),#8368,.T.);
#8385=EDGE_CURVE('',#5553,#5573,#1458,.T.);
#8389=ADVANCED_FACE('',(#8388),#8381,.T.);
#8398=EDGE_CURVE('',#5555,#5575,#1462,.T.);
#8402=ADVANCED_FACE('',(#8401),#8394,.T.);
#8411=EDGE_CURVE('',#5557,#5577,#1466,.T.);
#8415=ADVANCED_FACE('',(#8414),#8407,.T.);
#8424=EDGE_CURVE('',#5559,#5579,#1470,.T.);
#8428=ADVANCED_FACE('',(#8427),#8420,.T.);
#8437=EDGE_CURVE('',#5561,#5581,#1474,.T.);
#8441=ADVANCED_FACE('',(#8440),#8433,.F.);
#8453=ADVANCED_FACE('',(#8452),#8446,.T.);
#8459=EDGE_CURVE('',#5719,#5680,#1478,.T.);
#8461=EDGE_CURVE('',#5680,#5681,#1482,.T.);
#8463=EDGE_CURVE('',#5681,#5721,#1486,.T.);
#8468=ADVANCED_FACE('',(#8467),#8458,.F.);
#8474=EDGE_CURVE('',#5723,#5684,#1490,.T.);
#8476=EDGE_CURVE('',#5684,#5685,#1494,.T.);
#8478=EDGE_CURVE('',#5685,#5725,#1498,.T.);
#8483=ADVANCED_FACE('',(#8482),#8473,.F.);
#8489=EDGE_CURVE('',#5736,#5737,#1502,.T.);
#8491=EDGE_CURVE('',#5737,#5759,#1507,.T.);
#8493=EDGE_CURVE('',#5759,#5761,#1511,.T.);
#8495=EDGE_CURVE('',#5761,#5763,#1515,.T.);
#8497=EDGE_CURVE('',#5763,#5765,#1519,.T.);
#8499=EDGE_CURVE('',#5765,#5740,#1524,.T.);
#8501=EDGE_CURVE('',#5740,#5741,#1528,.T.);
#8506=ADVANCED_FACE('',(#8505),#8488,.F.);
#8512=EDGE_CURVE('',#5743,#5688,#1532,.T.);
#8514=EDGE_CURVE('',#5688,#5689,#1537,.T.);
#8516=EDGE_CURVE('',#5689,#5691,#1541,.T.);
#8518=EDGE_CURVE('',#5691,#5693,#1545,.T.);
#8520=EDGE_CURVE('',#5693,#5695,#1549,.T.);
#8522=EDGE_CURVE('',#5695,#5697,#1554,.T.);
#8524=EDGE_CURVE('',#5697,#5745,#1558,.T.);
#8529=ADVANCED_FACE('',(#8528),#8511,.F.);
#8537=EDGE_CURVE('',#5727,#5700,#1562,.T.);
#8539=EDGE_CURVE('',#5680,#5700,#1650,.T.);
#8543=ADVANCED_FACE('',(#8542),#8534,.T.);
#8551=EDGE_CURVE('',#5701,#5729,#1566,.T.);
#8553=EDGE_CURVE('',#5700,#5701,#1570,.T.);
#8557=ADVANCED_FACE('',(#8556),#8548,.T.);
#8563=EDGE_CURVE('',#5731,#5704,#1574,.T.);
#8566=EDGE_CURVE('',#5705,#5733,#1578,.T.);
#8568=EDGE_CURVE('',#5704,#5705,#1582,.T.);
#8572=ADVANCED_FACE('',(#8571),#8562,.T.);
#8578=EDGE_CURVE('',#5748,#5749,#1586,.T.);
#8581=EDGE_CURVE('',#5752,#5753,#1590,.T.);
#8583=EDGE_CURVE('',#5773,#5752,#1595,.T.);
#8585=EDGE_CURVE('',#5771,#5773,#1599,.T.);
#8587=EDGE_CURVE('',#5769,#5771,#1603,.T.);
#8589=EDGE_CURVE('',#5767,#5769,#1607,.T.);
#8591=EDGE_CURVE('',#5749,#5767,#1612,.T.);
#8595=ADVANCED_FACE('',(#8594),#8577,.T.);
#8601=EDGE_CURVE('',#5755,#5708,#1616,.T.);
#8604=EDGE_CURVE('',#5717,#5757,#1620,.T.);
#8606=EDGE_CURVE('',#5715,#5717,#1625,.T.);
#8608=EDGE_CURVE('',#5713,#5715,#1629,.T.);
#8610=EDGE_CURVE('',#5711,#5713,#1633,.T.);
#8612=EDGE_CURVE('',#5709,#5711,#1637,.T.);
#8614=EDGE_CURVE('',#5708,#5709,#1642,.T.);
#8618=ADVANCED_FACE('',(#8617),#8600,.T.);
#8625=EDGE_CURVE('',#5681,#5701,#1646,.T.);
#8631=ADVANCED_FACE('',(#8630),#8623,.T.);
#8643=ADVANCED_FACE('',(#8642),#8636,.T.);
#8652=EDGE_CURVE('',#5684,#5704,#1654,.T.);
#8656=ADVANCED_FACE('',(#8655),#8648,.T.);
#8665=EDGE_CURVE('',#5685,#5705,#1658,.T.);
#8669=ADVANCED_FACE('',(#8668),#8661,.T.);
#8681=ADVANCED_FACE('',(#8680),#8674,.T.);
#8690=EDGE_CURVE('',#5737,#5749,#1662,.T.);
#8694=ADVANCED_FACE('',(#8693),#8686,.T.);
#8703=EDGE_CURVE('',#5759,#5767,#1666,.T.);
#8707=ADVANCED_FACE('',(#8706),#8699,.T.);
#8716=EDGE_CURVE('',#5761,#5769,#1670,.T.);
#8720=ADVANCED_FACE('',(#8719),#8712,.T.);
#8729=EDGE_CURVE('',#5763,#5771,#1674,.T.);
#8733=ADVANCED_FACE('',(#8732),#8725,.T.);
#8742=EDGE_CURVE('',#5765,#5773,#1678,.T.);
#8746=ADVANCED_FACE('',(#8745),#8738,.T.);
#8755=EDGE_CURVE('',#5740,#5752,#1682,.T.);
#8759=ADVANCED_FACE('',(#8758),#8751,.F.);
#8771=ADVANCED_FACE('',(#8770),#8764,.T.);
#8780=EDGE_CURVE('',#5688,#5708,#1686,.T.);
#8784=ADVANCED_FACE('',(#8783),#8776,.T.);
#8793=EDGE_CURVE('',#5689,#5709,#1690,.T.);
#8797=ADVANCED_FACE('',(#8796),#8789,.T.);
#8806=EDGE_CURVE('',#5691,#5711,#1694,.T.);
#8810=ADVANCED_FACE('',(#8809),#8802,.T.);
#8819=EDGE_CURVE('',#5693,#5713,#1698,.T.);
#8823=ADVANCED_FACE('',(#8822),#8815,.T.);
#8832=EDGE_CURVE('',#5695,#5715,#1702,.T.);
#8836=ADVANCED_FACE('',(#8835),#8828,.T.);
#8845=EDGE_CURVE('',#5697,#5717,#1706,.T.);
#8849=ADVANCED_FACE('',(#8848),#8841,.F.);
#8861=ADVANCED_FACE('',(#8860),#8854,.T.);
#8867=EDGE_CURVE('',#5855,#5816,#1710,.T.);
#8869=EDGE_CURVE('',#5816,#5817,#1714,.T.);
#8871=EDGE_CURVE('',#5817,#5857,#1718,.T.);
#8876=ADVANCED_FACE('',(#8875),#8866,.F.);
#8882=EDGE_CURVE('',#5859,#5820,#1722,.T.);
#8884=EDGE_CURVE('',#5820,#5821,#1726,.T.);
#8886=EDGE_CURVE('',#5821,#5861,#1730,.T.);
#8891=ADVANCED_FACE('',(#8890),#8881,.F.);
#8897=EDGE_CURVE('',#5872,#5873,#1734,.T.);
#8899=EDGE_CURVE('',#5873,#5895,#1739,.T.);
#8901=EDGE_CURVE('',#5895,#5897,#1743,.T.);
#8903=EDGE_CURVE('',#5897,#5899,#1747,.T.);
#8905=EDGE_CURVE('',#5899,#5901,#1751,.T.);
#8907=EDGE_CURVE('',#5901,#5876,#1756,.T.);
#8909=EDGE_CURVE('',#5876,#5877,#1760,.T.);
#8914=ADVANCED_FACE('',(#8913),#8896,.F.);
#8920=EDGE_CURVE('',#5879,#5824,#1764,.T.);
#8922=EDGE_CURVE('',#5824,#5825,#1769,.T.);
#8924=EDGE_CURVE('',#5825,#5827,#1773,.T.);
#8926=EDGE_CURVE('',#5827,#5829,#1777,.T.);
#8928=EDGE_CURVE('',#5829,#5831,#1781,.T.);
#8930=EDGE_CURVE('',#5831,#5833,#1786,.T.);
#8932=EDGE_CURVE('',#5833,#5881,#1790,.T.);
#8937=ADVANCED_FACE('',(#8936),#8919,.F.);
#8945=EDGE_CURVE('',#5863,#5836,#1794,.T.);
#8947=EDGE_CURVE('',#5816,#5836,#1882,.T.);
#8951=ADVANCED_FACE('',(#8950),#8942,.T.);
#8959=EDGE_CURVE('',#5837,#5865,#1798,.T.);
#8961=EDGE_CURVE('',#5836,#5837,#1802,.T.);
#8965=ADVANCED_FACE('',(#8964),#8956,.T.);
#8971=EDGE_CURVE('',#5867,#5840,#1806,.T.);
#8974=EDGE_CURVE('',#5841,#5869,#1810,.T.);
#8976=EDGE_CURVE('',#5840,#5841,#1814,.T.);
#8980=ADVANCED_FACE('',(#8979),#8970,.T.);
#8986=EDGE_CURVE('',#5884,#5885,#1818,.T.);
#8989=EDGE_CURVE('',#5888,#5889,#1822,.T.);
#8991=EDGE_CURVE('',#5909,#5888,#1827,.T.);
#8993=EDGE_CURVE('',#5907,#5909,#1831,.T.);
#8995=EDGE_CURVE('',#5905,#5907,#1835,.T.);
#8997=EDGE_CURVE('',#5903,#5905,#1839,.T.);
#8999=EDGE_CURVE('',#5885,#5903,#1844,.T.);
#9003=ADVANCED_FACE('',(#9002),#8985,.T.);
#9009=EDGE_CURVE('',#5891,#5844,#1848,.T.);
#9012=EDGE_CURVE('',#5853,#5893,#1852,.T.);
#9014=EDGE_CURVE('',#5851,#5853,#1857,.T.);
#9016=EDGE_CURVE('',#5849,#5851,#1861,.T.);
#9018=EDGE_CURVE('',#5847,#5849,#1865,.T.);
#9020=EDGE_CURVE('',#5845,#5847,#1869,.T.);
#9022=EDGE_CURVE('',#5844,#5845,#1874,.T.);
#9026=ADVANCED_FACE('',(#9025),#9008,.T.);
#9033=EDGE_CURVE('',#5817,#5837,#1878,.T.);
#9039=ADVANCED_FACE('',(#9038),#9031,.T.);
#9051=ADVANCED_FACE('',(#9050),#9044,.T.);
#9060=EDGE_CURVE('',#5820,#5840,#1886,.T.);
#9064=ADVANCED_FACE('',(#9063),#9056,.T.);
#9073=EDGE_CURVE('',#5821,#5841,#1890,.T.);
#9077=ADVANCED_FACE('',(#9076),#9069,.T.);
#9089=ADVANCED_FACE('',(#9088),#9082,.T.);
#9098=EDGE_CURVE('',#5873,#5885,#1894,.T.);
#9102=ADVANCED_FACE('',(#9101),#9094,.T.);
#9111=EDGE_CURVE('',#5895,#5903,#1898,.T.);
#9115=ADVANCED_FACE('',(#9114),#9107,.T.);
#9124=EDGE_CURVE('',#5897,#5905,#1902,.T.);
#9128=ADVANCED_FACE('',(#9127),#9120,.T.);
#9137=EDGE_CURVE('',#5899,#5907,#1906,.T.);
#9141=ADVANCED_FACE('',(#9140),#9133,.T.);
#9150=EDGE_CURVE('',#5901,#5909,#1910,.T.);
#9154=ADVANCED_FACE('',(#9153),#9146,.T.);
#9163=EDGE_CURVE('',#5876,#5888,#1914,.T.);
#9167=ADVANCED_FACE('',(#9166),#9159,.F.);
#9179=ADVANCED_FACE('',(#9178),#9172,.T.);
#9188=EDGE_CURVE('',#5824,#5844,#1918,.T.);
#9192=ADVANCED_FACE('',(#9191),#9184,.T.);
#9201=EDGE_CURVE('',#5825,#5845,#1922,.T.);
#9205=ADVANCED_FACE('',(#9204),#9197,.T.);
#9214=EDGE_CURVE('',#5827,#5847,#1926,.T.);
#9218=ADVANCED_FACE('',(#9217),#9210,.T.);
#9227=EDGE_CURVE('',#5829,#5849,#1930,.T.);
#9231=ADVANCED_FACE('',(#9230),#9223,.T.);
#9240=EDGE_CURVE('',#5831,#5851,#1934,.T.);
#9244=ADVANCED_FACE('',(#9243),#9236,.T.);
#9253=EDGE_CURVE('',#5833,#5853,#1938,.T.);
#9257=ADVANCED_FACE('',(#9256),#9249,.F.);
#9269=ADVANCED_FACE('',(#9268),#9262,.T.);
#9275=EDGE_CURVE('',#5991,#5952,#1942,.T.);
#9277=EDGE_CURVE('',#5952,#5953,#1946,.T.);
#9279=EDGE_CURVE('',#5953,#5993,#1950,.T.);
#9284=ADVANCED_FACE('',(#9283),#9274,.F.);
#9290=EDGE_CURVE('',#5995,#5956,#1954,.T.);
#9292=EDGE_CURVE('',#5956,#5957,#1958,.T.);
#9294=EDGE_CURVE('',#5957,#5997,#1962,.T.);
#9299=ADVANCED_FACE('',(#9298),#9289,.F.);
#9305=EDGE_CURVE('',#6008,#6009,#1966,.T.);
#9307=EDGE_CURVE('',#6009,#6031,#1971,.T.);
#9309=EDGE_CURVE('',#6031,#6033,#1975,.T.);
#9311=EDGE_CURVE('',#6033,#6035,#1979,.T.);
#9313=EDGE_CURVE('',#6035,#6037,#1983,.T.);
#9315=EDGE_CURVE('',#6037,#6012,#1988,.T.);
#9317=EDGE_CURVE('',#6012,#6013,#1992,.T.);
#9322=ADVANCED_FACE('',(#9321),#9304,.F.);
#9328=EDGE_CURVE('',#6015,#5960,#1996,.T.);
#9330=EDGE_CURVE('',#5960,#5961,#2001,.T.);
#9332=EDGE_CURVE('',#5961,#5963,#2005,.T.);
#9334=EDGE_CURVE('',#5963,#5965,#2009,.T.);
#9336=EDGE_CURVE('',#5965,#5967,#2013,.T.);
#9338=EDGE_CURVE('',#5967,#5969,#2018,.T.);
#9340=EDGE_CURVE('',#5969,#6017,#2022,.T.);
#9345=ADVANCED_FACE('',(#9344),#9327,.F.);
#9353=EDGE_CURVE('',#5999,#5972,#2026,.T.);
#9355=EDGE_CURVE('',#5952,#5972,#2114,.T.);
#9359=ADVANCED_FACE('',(#9358),#9350,.T.);
#9367=EDGE_CURVE('',#5973,#6001,#2030,.T.);
#9369=EDGE_CURVE('',#5972,#5973,#2034,.T.);
#9373=ADVANCED_FACE('',(#9372),#9364,.T.);
#9379=EDGE_CURVE('',#6003,#5976,#2038,.T.);
#9382=EDGE_CURVE('',#5977,#6005,#2042,.T.);
#9384=EDGE_CURVE('',#5976,#5977,#2046,.T.);
#9388=ADVANCED_FACE('',(#9387),#9378,.T.);
#9394=EDGE_CURVE('',#6020,#6021,#2050,.T.);
#9397=EDGE_CURVE('',#6024,#6025,#2054,.T.);
#9399=EDGE_CURVE('',#6045,#6024,#2059,.T.);
#9401=EDGE_CURVE('',#6043,#6045,#2063,.T.);
#9403=EDGE_CURVE('',#6041,#6043,#2067,.T.);
#9405=EDGE_CURVE('',#6039,#6041,#2071,.T.);
#9407=EDGE_CURVE('',#6021,#6039,#2076,.T.);
#9411=ADVANCED_FACE('',(#9410),#9393,.T.);
#9417=EDGE_CURVE('',#6027,#5980,#2080,.T.);
#9420=EDGE_CURVE('',#5989,#6029,#2084,.T.);
#9422=EDGE_CURVE('',#5987,#5989,#2089,.T.);
#9424=EDGE_CURVE('',#5985,#5987,#2093,.T.);
#9426=EDGE_CURVE('',#5983,#5985,#2097,.T.);
#9428=EDGE_CURVE('',#5981,#5983,#2101,.T.);
#9430=EDGE_CURVE('',#5980,#5981,#2106,.T.);
#9434=ADVANCED_FACE('',(#9433),#9416,.T.);
#9441=EDGE_CURVE('',#5953,#5973,#2110,.T.);
#9447=ADVANCED_FACE('',(#9446),#9439,.T.);
#9459=ADVANCED_FACE('',(#9458),#9452,.T.);
#9468=EDGE_CURVE('',#5956,#5976,#2118,.T.);
#9472=ADVANCED_FACE('',(#9471),#9464,.T.);
#9481=EDGE_CURVE('',#5957,#5977,#2122,.T.);
#9485=ADVANCED_FACE('',(#9484),#9477,.T.);
#9497=ADVANCED_FACE('',(#9496),#9490,.T.);
#9506=EDGE_CURVE('',#6009,#6021,#2126,.T.);
#9510=ADVANCED_FACE('',(#9509),#9502,.T.);
#9519=EDGE_CURVE('',#6031,#6039,#2130,.T.);
#9523=ADVANCED_FACE('',(#9522),#9515,.T.);
#9532=EDGE_CURVE('',#6033,#6041,#2134,.T.);
#9536=ADVANCED_FACE('',(#9535),#9528,.T.);
#9545=EDGE_CURVE('',#6035,#6043,#2138,.T.);
#9549=ADVANCED_FACE('',(#9548),#9541,.T.);
#9558=EDGE_CURVE('',#6037,#6045,#2142,.T.);
#9562=ADVANCED_FACE('',(#9561),#9554,.T.);
#9571=EDGE_CURVE('',#6012,#6024,#2146,.T.);
#9575=ADVANCED_FACE('',(#9574),#9567,.F.);
#9587=ADVANCED_FACE('',(#9586),#9580,.T.);
#9596=EDGE_CURVE('',#5960,#5980,#2150,.T.);
#9600=ADVANCED_FACE('',(#9599),#9592,.T.);
#9609=EDGE_CURVE('',#5961,#5981,#2154,.T.);
#9613=ADVANCED_FACE('',(#9612),#9605,.T.);
#9622=EDGE_CURVE('',#5963,#5983,#2158,.T.);
#9626=ADVANCED_FACE('',(#9625),#9618,.T.);
#9635=EDGE_CURVE('',#5965,#5985,#2162,.T.);
#9639=ADVANCED_FACE('',(#9638),#9631,.T.);
#9648=EDGE_CURVE('',#5967,#5987,#2166,.T.);
#9652=ADVANCED_FACE('',(#9651),#9644,.T.);
#9661=EDGE_CURVE('',#5969,#5989,#2170,.T.);
#9665=ADVANCED_FACE('',(#9664),#9657,.F.);
#9677=ADVANCED_FACE('',(#9676),#9670,.T.);
#9683=EDGE_CURVE('',#6127,#6088,#2174,.T.);
#9685=EDGE_CURVE('',#6088,#6089,#2178,.T.);
#9687=EDGE_CURVE('',#6089,#6129,#2182,.T.);
#9692=ADVANCED_FACE('',(#9691),#9682,.F.);
#9698=EDGE_CURVE('',#6131,#6092,#2186,.T.);
#9700=EDGE_CURVE('',#6092,#6093,#2190,.T.);
#9702=EDGE_CURVE('',#6093,#6133,#2194,.T.);
#9707=ADVANCED_FACE('',(#9706),#9697,.F.);
#9713=EDGE_CURVE('',#6144,#6145,#2198,.T.);
#9715=EDGE_CURVE('',#6145,#6167,#2203,.T.);
#9717=EDGE_CURVE('',#6167,#6169,#2207,.T.);
#9719=EDGE_CURVE('',#6169,#6171,#2211,.T.);
#9721=EDGE_CURVE('',#6171,#6173,#2215,.T.);
#9723=EDGE_CURVE('',#6173,#6148,#2220,.T.);
#9725=EDGE_CURVE('',#6148,#6149,#2224,.T.);
#9730=ADVANCED_FACE('',(#9729),#9712,.F.);
#9736=EDGE_CURVE('',#6151,#6096,#2228,.T.);
#9738=EDGE_CURVE('',#6096,#6097,#2233,.T.);
#9740=EDGE_CURVE('',#6097,#6099,#2237,.T.);
#9742=EDGE_CURVE('',#6099,#6101,#2241,.T.);
#9744=EDGE_CURVE('',#6101,#6103,#2245,.T.);
#9746=EDGE_CURVE('',#6103,#6105,#2250,.T.);
#9748=EDGE_CURVE('',#6105,#6153,#2254,.T.);
#9753=ADVANCED_FACE('',(#9752),#9735,.F.);
#9761=EDGE_CURVE('',#6135,#6108,#2258,.T.);
#9763=EDGE_CURVE('',#6088,#6108,#2346,.T.);
#9767=ADVANCED_FACE('',(#9766),#9758,.T.);
#9775=EDGE_CURVE('',#6109,#6137,#2262,.T.);
#9777=EDGE_CURVE('',#6108,#6109,#2266,.T.);
#9781=ADVANCED_FACE('',(#9780),#9772,.T.);
#9787=EDGE_CURVE('',#6139,#6112,#2270,.T.);
#9790=EDGE_CURVE('',#6113,#6141,#2274,.T.);
#9792=EDGE_CURVE('',#6112,#6113,#2278,.T.);
#9796=ADVANCED_FACE('',(#9795),#9786,.T.);
#9802=EDGE_CURVE('',#6156,#6157,#2282,.T.);
#9805=EDGE_CURVE('',#6160,#6161,#2286,.T.);
#9807=EDGE_CURVE('',#6181,#6160,#2291,.T.);
#9809=EDGE_CURVE('',#6179,#6181,#2295,.T.);
#9811=EDGE_CURVE('',#6177,#6179,#2299,.T.);
#9813=EDGE_CURVE('',#6175,#6177,#2303,.T.);
#9815=EDGE_CURVE('',#6157,#6175,#2308,.T.);
#9819=ADVANCED_FACE('',(#9818),#9801,.T.);
#9825=EDGE_CURVE('',#6163,#6116,#2312,.T.);
#9828=EDGE_CURVE('',#6125,#6165,#2316,.T.);
#9830=EDGE_CURVE('',#6123,#6125,#2321,.T.);
#9832=EDGE_CURVE('',#6121,#6123,#2325,.T.);
#9834=EDGE_CURVE('',#6119,#6121,#2329,.T.);
#9836=EDGE_CURVE('',#6117,#6119,#2333,.T.);
#9838=EDGE_CURVE('',#6116,#6117,#2338,.T.);
#9842=ADVANCED_FACE('',(#9841),#9824,.T.);
#9849=EDGE_CURVE('',#6089,#6109,#2342,.T.);
#9855=ADVANCED_FACE('',(#9854),#9847,.T.);
#9867=ADVANCED_FACE('',(#9866),#9860,.T.);
#9876=EDGE_CURVE('',#6092,#6112,#2350,.T.);
#9880=ADVANCED_FACE('',(#9879),#9872,.T.);
#9889=EDGE_CURVE('',#6093,#6113,#2354,.T.);
#9893=ADVANCED_FACE('',(#9892),#9885,.T.);
#9905=ADVANCED_FACE('',(#9904),#9898,.T.);
#9914=EDGE_CURVE('',#6145,#6157,#2358,.T.);
#9918=ADVANCED_FACE('',(#9917),#9910,.T.);
#9927=EDGE_CURVE('',#6167,#6175,#2362,.T.);
#9931=ADVANCED_FACE('',(#9930),#9923,.T.);
#9940=EDGE_CURVE('',#6169,#6177,#2366,.T.);
#9944=ADVANCED_FACE('',(#9943),#9936,.T.);
#9953=EDGE_CURVE('',#6171,#6179,#2370,.T.);
#9957=ADVANCED_FACE('',(#9956),#9949,.T.);
#9966=EDGE_CURVE('',#6173,#6181,#2374,.T.);
#9970=ADVANCED_FACE('',(#9969),#9962,.T.);
#9979=EDGE_CURVE('',#6148,#6160,#2378,.T.);
#9983=ADVANCED_FACE('',(#9982),#9975,.F.);
#9995=ADVANCED_FACE('',(#9994),#9988,.T.);
#10004=EDGE_CURVE('',#6096,#6116,#2382,.T.);
#10008=ADVANCED_FACE('',(#10007),#10000,.T.);
#10017=EDGE_CURVE('',#6097,#6117,#2386,.T.);
#10021=ADVANCED_FACE('',(#10020),#10013,.T.);
#10030=EDGE_CURVE('',#6099,#6119,#2390,.T.);
#10034=ADVANCED_FACE('',(#10033),#10026,.T.);
#10043=EDGE_CURVE('',#6101,#6121,#2394,.T.);
#10047=ADVANCED_FACE('',(#10046),#10039,.T.);
#10056=EDGE_CURVE('',#6103,#6123,#2398,.T.);
#10060=ADVANCED_FACE('',(#10059),#10052,.T.);
#10069=EDGE_CURVE('',#6105,#6125,#2402,.T.);
#10073=ADVANCED_FACE('',(#10072),#10065,.F.);
#10085=ADVANCED_FACE('',(#10084),#10078,.T.);
#10091=EDGE_CURVE('',#6489,#6450,#2406,.T.);
#10093=EDGE_CURVE('',#6450,#6451,#2410,.T.);
#10095=EDGE_CURVE('',#6451,#6491,#2414,.T.);
#10100=ADVANCED_FACE('',(#10099),#10090,.F.);
#10106=EDGE_CURVE('',#6493,#6454,#2418,.T.);
#10108=EDGE_CURVE('',#6454,#6455,#2422,.T.);
#10110=EDGE_CURVE('',#6455,#6495,#2426,.T.);
#10115=ADVANCED_FACE('',(#10114),#10105,.F.);
#10121=EDGE_CURVE('',#6506,#6507,#2430,.T.);
#10123=EDGE_CURVE('',#6507,#6529,#2435,.T.);
#10125=EDGE_CURVE('',#6529,#6531,#2439,.T.);
#10127=EDGE_CURVE('',#6531,#6533,#2443,.T.);
#10129=EDGE_CURVE('',#6533,#6535,#2447,.T.);
#10131=EDGE_CURVE('',#6535,#6510,#2452,.T.);
#10133=EDGE_CURVE('',#6510,#6511,#2456,.T.);
#10138=ADVANCED_FACE('',(#10137),#10120,.F.);
#10144=EDGE_CURVE('',#6513,#6458,#2460,.T.);
#10146=EDGE_CURVE('',#6458,#6459,#2465,.T.);
#10148=EDGE_CURVE('',#6459,#6461,#2469,.T.);
#10150=EDGE_CURVE('',#6461,#6463,#2473,.T.);
#10152=EDGE_CURVE('',#6463,#6465,#2477,.T.);
#10154=EDGE_CURVE('',#6465,#6467,#2482,.T.);
#10156=EDGE_CURVE('',#6467,#6515,#2486,.T.);
#10161=ADVANCED_FACE('',(#10160),#10143,.F.);
#10169=EDGE_CURVE('',#6497,#6470,#2490,.T.);
#10171=EDGE_CURVE('',#6450,#6470,#2578,.T.);
#10175=ADVANCED_FACE('',(#10174),#10166,.T.);
#10183=EDGE_CURVE('',#6471,#6499,#2494,.T.);
#10185=EDGE_CURVE('',#6470,#6471,#2498,.T.);
#10189=ADVANCED_FACE('',(#10188),#10180,.T.);
#10195=EDGE_CURVE('',#6501,#6474,#2502,.T.);
#10198=EDGE_CURVE('',#6475,#6503,#2506,.T.);
#10200=EDGE_CURVE('',#6474,#6475,#2510,.T.);
#10204=ADVANCED_FACE('',(#10203),#10194,.T.);
#10210=EDGE_CURVE('',#6518,#6519,#2514,.T.);
#10213=EDGE_CURVE('',#6522,#6523,#2518,.T.);
#10215=EDGE_CURVE('',#6543,#6522,#2523,.T.);
#10217=EDGE_CURVE('',#6541,#6543,#2527,.T.);
#10219=EDGE_CURVE('',#6539,#6541,#2531,.T.);
#10221=EDGE_CURVE('',#6537,#6539,#2535,.T.);
#10223=EDGE_CURVE('',#6519,#6537,#2540,.T.);
#10227=ADVANCED_FACE('',(#10226),#10209,.T.);
#10233=EDGE_CURVE('',#6525,#6478,#2544,.T.);
#10236=EDGE_CURVE('',#6487,#6527,#2548,.T.);
#10238=EDGE_CURVE('',#6485,#6487,#2553,.T.);
#10240=EDGE_CURVE('',#6483,#6485,#2557,.T.);
#10242=EDGE_CURVE('',#6481,#6483,#2561,.T.);
#10244=EDGE_CURVE('',#6479,#6481,#2565,.T.);
#10246=EDGE_CURVE('',#6478,#6479,#2570,.T.);
#10250=ADVANCED_FACE('',(#10249),#10232,.T.);
#10257=EDGE_CURVE('',#6451,#6471,#2574,.T.);
#10263=ADVANCED_FACE('',(#10262),#10255,.T.);
#10275=ADVANCED_FACE('',(#10274),#10268,.T.);
#10284=EDGE_CURVE('',#6454,#6474,#2582,.T.);
#10288=ADVANCED_FACE('',(#10287),#10280,.T.);
#10297=EDGE_CURVE('',#6455,#6475,#2586,.T.);
#10301=ADVANCED_FACE('',(#10300),#10293,.T.);
#10313=ADVANCED_FACE('',(#10312),#10306,.T.);
#10322=EDGE_CURVE('',#6507,#6519,#2590,.T.);
#10326=ADVANCED_FACE('',(#10325),#10318,.T.);
#10335=EDGE_CURVE('',#6529,#6537,#2594,.T.);
#10339=ADVANCED_FACE('',(#10338),#10331,.T.);
#10348=EDGE_CURVE('',#6531,#6539,#2598,.T.);
#10352=ADVANCED_FACE('',(#10351),#10344,.T.);
#10361=EDGE_CURVE('',#6533,#6541,#2602,.T.);
#10365=ADVANCED_FACE('',(#10364),#10357,.T.);
#10374=EDGE_CURVE('',#6535,#6543,#2606,.T.);
#10378=ADVANCED_FACE('',(#10377),#10370,.T.);
#10387=EDGE_CURVE('',#6510,#6522,#2610,.T.);
#10391=ADVANCED_FACE('',(#10390),#10383,.F.);
#10403=ADVANCED_FACE('',(#10402),#10396,.T.);
#10412=EDGE_CURVE('',#6458,#6478,#2614,.T.);
#10416=ADVANCED_FACE('',(#10415),#10408,.T.);
#10425=EDGE_CURVE('',#6459,#6479,#2618,.T.);
#10429=ADVANCED_FACE('',(#10428),#10421,.T.);
#10438=EDGE_CURVE('',#6461,#6481,#2622,.T.);
#10442=ADVANCED_FACE('',(#10441),#10434,.T.);
#10451=EDGE_CURVE('',#6463,#6483,#2626,.T.);
#10455=ADVANCED_FACE('',(#10454),#10447,.T.);
#10464=EDGE_CURVE('',#6465,#6485,#2630,.T.);
#10468=ADVANCED_FACE('',(#10467),#10460,.T.);
#10477=EDGE_CURVE('',#6467,#6487,#2634,.T.);
#10481=ADVANCED_FACE('',(#10480),#10473,.F.);
#10493=ADVANCED_FACE('',(#10492),#10486,.T.);
#10499=EDGE_CURVE('',#5222,#5223,#2638,.T.);
#10501=EDGE_CURVE('',#5222,#5226,#2642,.T.);
#10503=EDGE_CURVE('',#5226,#5227,#2646,.T.);
#10506=EDGE_CURVE('',#5230,#5231,#2654,.T.);
#10508=EDGE_CURVE('',#5223,#5231,#2658,.T.);
#10512=ADVANCED_FACE('',(#10511),#10498,.T.);
#10518=EDGE_CURVE('',#5223,#6567,#2662,.T.);
#10521=EDGE_CURVE('',#6566,#5222,#2666,.T.);
#10526=ADVANCED_FACE('',(#10525),#10517,.F.);
#10533=EDGE_CURVE('',#6570,#5231,#2682,.T.);
#10535=EDGE_CURVE('',#6567,#6570,#3266,.T.);
#10540=ADVANCED_FACE('',(#10539),#10531,.F.);
#10546=EDGE_CURVE('',#5226,#6575,#2670,.T.);
#10548=EDGE_CURVE('',#6574,#6575,#3086,.T.);
#10550=EDGE_CURVE('',#6574,#5227,#2674,.T.);
#10555=ADVANCED_FACE('',(#10554),#10545,.F.);
#10561=EDGE_CURVE('',#5230,#6571,#2678,.T.);
#10563=EDGE_CURVE('',#6570,#6571,#3478,.T.);
#10569=ADVANCED_FACE('',(#10568),#10560,.F.);
#10577=EDGE_CURVE('',#6575,#6566,#2870,.T.);
#10582=ADVANCED_FACE('',(#10581),#10574,.F.);
#10588=EDGE_CURVE('',#5403,#5306,#2686,.T.);
#10591=EDGE_CURVE('',#5405,#5314,#2694,.T.);
#10593=EDGE_CURVE('',#5405,#5387,#2698,.T.);
#10595=EDGE_CURVE('',#5387,#5378,#2702,.T.);
#10598=EDGE_CURVE('',#5161,#5076,#2706,.T.);
#10600=EDGE_CURVE('',#5161,#5403,#2710,.T.);
#10604=ADVANCED_FACE('',(#10603),#10587,.T.);
#10610=EDGE_CURVE('',#6229,#5528,#2714,.T.);
#10613=EDGE_CURVE('',#6231,#5536,#2722,.T.);
#10615=EDGE_CURVE('',#6231,#6203,#2726,.T.);
#10617=EDGE_CURVE('',#6203,#6188,#2730,.T.);
#10620=EDGE_CURVE('',#5461,#5452,#2734,.T.);
#10622=EDGE_CURVE('',#5461,#6229,#2738,.T.);
#10626=ADVANCED_FACE('',(#10625),#10609,.T.);
#10632=EDGE_CURVE('',#6283,#5664,#2742,.T.);
#10635=EDGE_CURVE('',#6285,#5672,#2750,.T.);
#10637=EDGE_CURVE('',#6285,#6257,#2754,.T.);
#10639=EDGE_CURVE('',#6257,#6242,#2758,.T.);
#10642=EDGE_CURVE('',#6205,#6184,#2762,.T.);
#10644=EDGE_CURVE('',#6205,#6283,#2766,.T.);
#10648=ADVANCED_FACE('',(#10647),#10631,.T.);
#10654=EDGE_CURVE('',#6337,#5800,#2770,.T.);
#10657=EDGE_CURVE('',#6339,#5808,#2778,.T.);
#10659=EDGE_CURVE('',#6339,#6311,#2782,.T.);
#10661=EDGE_CURVE('',#6311,#6296,#2786,.T.);
#10664=EDGE_CURVE('',#6259,#6238,#2790,.T.);
#10666=EDGE_CURVE('',#6259,#6337,#2794,.T.);
#10670=ADVANCED_FACE('',(#10669),#10653,.T.);
#10676=EDGE_CURVE('',#6391,#5936,#2798,.T.);
#10679=EDGE_CURVE('',#6393,#5944,#2806,.T.);
#10681=EDGE_CURVE('',#6393,#6365,#2810,.T.);
#10683=EDGE_CURVE('',#6365,#6350,#2814,.T.);
#10686=EDGE_CURVE('',#6313,#6292,#2818,.T.);
#10688=EDGE_CURVE('',#6313,#6391,#2822,.T.);
#10692=ADVANCED_FACE('',(#10691),#10675,.T.);
#10698=EDGE_CURVE('',#6425,#6072,#2826,.T.);
#10701=EDGE_CURVE('',#6427,#6080,#2834,.T.);
#10703=EDGE_CURVE('',#6427,#6409,#2838,.T.);
#10705=EDGE_CURVE('',#6409,#6400,#2842,.T.);
#10708=EDGE_CURVE('',#6367,#6346,#2846,.T.);
#10710=EDGE_CURVE('',#6367,#6425,#2850,.T.);
#10714=ADVANCED_FACE('',(#10713),#10697,.T.);
#10720=EDGE_CURVE('',#6585,#6434,#2854,.T.);
#10723=EDGE_CURVE('',#6587,#6442,#2862,.T.);
#10725=EDGE_CURVE('',#6587,#6575,#2866,.T.);
#10729=EDGE_CURVE('',#6555,#6546,#2874,.T.);
#10731=EDGE_CURVE('',#6555,#6585,#2878,.T.);
#10735=ADVANCED_FACE('',(#10734),#10719,.T.);
#10741=EDGE_CURVE('',#5119,#5121,#2882,.T.);
#10743=EDGE_CURVE('',#5121,#5202,#2886,.T.);
#10745=EDGE_CURVE('',#5202,#5203,#2890,.T.);
#10748=EDGE_CURVE('',#5207,#5205,#2898,.T.);
#10750=EDGE_CURVE('',#5207,#5163,#2902,.T.);
#10752=EDGE_CURVE('',#5163,#5080,#2906,.T.);
#10757=ADVANCED_FACE('',(#10756),#10740,.T.);
#10765=EDGE_CURVE('',#5407,#5403,#2922,.T.);
#10767=EDGE_CURVE('',#5307,#5407,#3864,.T.);
#10771=ADVANCED_FACE('',(#10770),#10762,.F.);
#10778=EDGE_CURVE('',#5399,#5310,#3633,.T.);
#10780=EDGE_CURVE('',#5395,#5399,#3314,.T.);
#10782=EDGE_CURVE('',#5395,#5311,#3110,.T.);
#10786=ADVANCED_FACE('',(#10785),#10776,.F.);
#10792=EDGE_CURVE('',#5219,#5207,#2910,.T.);
#10794=EDGE_CURVE('',#5219,#5178,#2914,.T.);
#10796=EDGE_CURVE('',#5178,#5163,#2918,.T.);
#10801=ADVANCED_FACE('',(#10800),#10791,.T.);
#10809=EDGE_CURVE('',#5183,#5161,#2926,.T.);
#10811=EDGE_CURVE('',#5183,#5407,#2930,.T.);
#10815=ADVANCED_FACE('',(#10814),#10806,.T.);
#10821=EDGE_CURVE('',#5409,#5405,#2934,.T.);
#10823=EDGE_CURVE('',#5409,#5385,#2938,.T.);
#10825=EDGE_CURVE('',#5385,#5387,#2942,.T.);
#10830=ADVANCED_FACE('',(#10829),#10820,.T.);
#10836=EDGE_CURVE('',#6233,#6229,#2946,.T.);
#10839=EDGE_CURVE('',#5459,#5461,#2950,.T.);
#10841=EDGE_CURVE('',#5459,#6233,#2954,.T.);
#10845=ADVANCED_FACE('',(#10844),#10835,.T.);
#10851=EDGE_CURVE('',#6235,#6231,#2958,.T.);
#10853=EDGE_CURVE('',#6235,#6199,#2962,.T.);
#10855=EDGE_CURVE('',#6199,#6203,#2966,.T.);
#10860=ADVANCED_FACE('',(#10859),#10850,.T.);
#10866=EDGE_CURVE('',#6287,#6283,#2970,.T.);
#10869=EDGE_CURVE('',#6201,#6205,#2974,.T.);
#10871=EDGE_CURVE('',#6201,#6287,#2978,.T.);
#10875=ADVANCED_FACE('',(#10874),#10865,.T.);
#10881=EDGE_CURVE('',#6289,#6285,#2982,.T.);
#10883=EDGE_CURVE('',#6289,#6253,#2986,.T.);
#10885=EDGE_CURVE('',#6253,#6257,#2990,.T.);
#10890=ADVANCED_FACE('',(#10889),#10880,.T.);
#10896=EDGE_CURVE('',#6341,#6337,#2994,.T.);
#10899=EDGE_CURVE('',#6255,#6259,#2998,.T.);
#10901=EDGE_CURVE('',#6255,#6341,#3002,.T.);
#10905=ADVANCED_FACE('',(#10904),#10895,.T.);
#10911=EDGE_CURVE('',#6343,#6339,#3006,.T.);
#10913=EDGE_CURVE('',#6343,#6307,#3010,.T.);
#10915=EDGE_CURVE('',#6307,#6311,#3014,.T.);
#10920=ADVANCED_FACE('',(#10919),#10910,.T.);
#10926=EDGE_CURVE('',#6395,#6391,#3018,.T.);
#10929=EDGE_CURVE('',#6309,#6313,#3022,.T.);
#10931=EDGE_CURVE('',#6309,#6395,#3026,.T.);
#10935=ADVANCED_FACE('',(#10934),#10925,.T.);
#10941=EDGE_CURVE('',#6397,#6393,#3030,.T.);
#10943=EDGE_CURVE('',#6397,#6361,#3034,.T.);
#10945=EDGE_CURVE('',#6361,#6365,#3038,.T.);
#10950=ADVANCED_FACE('',(#10949),#10940,.T.);
#10956=EDGE_CURVE('',#6429,#6425,#3042,.T.);
#10959=EDGE_CURVE('',#6363,#6367,#3046,.T.);
#10961=EDGE_CURVE('',#6363,#6429,#3050,.T.);
#10965=ADVANCED_FACE('',(#10964),#10955,.T.);
#10971=EDGE_CURVE('',#6431,#6427,#3054,.T.);
#10973=EDGE_CURVE('',#6431,#6407,#3058,.T.);
#10975=EDGE_CURVE('',#6407,#6409,#3062,.T.);
#10980=ADVANCED_FACE('',(#10979),#10970,.T.);
#10986=EDGE_CURVE('',#6589,#6585,#3066,.T.);
#10989=EDGE_CURVE('',#6553,#6555,#3070,.T.);
#10991=EDGE_CURVE('',#6553,#6589,#3074,.T.);
#10995=ADVANCED_FACE('',(#10994),#10985,.T.);
#11001=EDGE_CURVE('',#6591,#6587,#3078,.T.);
#11003=EDGE_CURVE('',#6591,#6574,#3082,.T.);
#11009=ADVANCED_FACE('',(#11008),#11000,.T.);
#11015=EDGE_CURVE('',#5121,#5127,#3090,.T.);
#11017=EDGE_CURVE('',#5127,#5215,#3094,.T.);
#11019=EDGE_CURVE('',#5215,#5202,#3098,.T.);
#11024=ADVANCED_FACE('',(#11023),#11014,.T.);
#11030=EDGE_CURVE('',#5195,#5193,#3290,.T.);
#11032=EDGE_CURVE('',#5195,#5199,#3302,.T.);
#11034=EDGE_CURVE('',#5199,#5211,#3637,.T.);
#11039=ADVANCED_FACE('',(#11038),#11029,.F.);
#11047=EDGE_CURVE('',#5218,#5219,#3881,.T.);
#11052=ADVANCED_FACE('',(#11051),#11044,.F.);
#11059=EDGE_CURVE('',#5167,#5395,#3322,.T.);
#11061=EDGE_CURVE('',#5077,#5167,#3114,.T.);
#11064=EDGE_CURVE('',#5379,#5382,#3122,.T.);
#11066=EDGE_CURVE('',#5397,#5382,#3330,.T.);
#11068=EDGE_CURVE('',#5397,#5319,#3126,.T.);
#11073=ADVANCED_FACE('',(#11072),#11057,.T.);
#11079=EDGE_CURVE('',#6221,#5533,#3134,.T.);
#11081=EDGE_CURVE('',#5456,#6221,#3346,.T.);
#11083=EDGE_CURVE('',#5453,#5456,#3138,.T.);
#11086=EDGE_CURVE('',#6189,#6192,#3146,.T.);
#11088=EDGE_CURVE('',#6223,#6192,#3354,.T.);
#11090=EDGE_CURVE('',#6223,#5541,#3150,.T.);
#11095=ADVANCED_FACE('',(#11094),#11078,.T.);
#11101=EDGE_CURVE('',#6275,#5669,#3158,.T.);
#11103=EDGE_CURVE('',#6196,#6275,#3370,.T.);
#11105=EDGE_CURVE('',#6185,#6196,#3162,.T.);
#11108=EDGE_CURVE('',#6243,#6246,#3170,.T.);
#11110=EDGE_CURVE('',#6277,#6246,#3378,.T.);
#11112=EDGE_CURVE('',#6277,#5677,#3174,.T.);
#11117=ADVANCED_FACE('',(#11116),#11100,.T.);
#11123=EDGE_CURVE('',#6329,#5805,#3182,.T.);
#11125=EDGE_CURVE('',#6250,#6329,#3394,.T.);
#11127=EDGE_CURVE('',#6239,#6250,#3186,.T.);
#11130=EDGE_CURVE('',#6297,#6300,#3194,.T.);
#11132=EDGE_CURVE('',#6331,#6300,#3402,.T.);
#11134=EDGE_CURVE('',#6331,#5813,#3198,.T.);
#11139=ADVANCED_FACE('',(#11138),#11122,.T.);
#11145=EDGE_CURVE('',#6383,#5941,#3206,.T.);
#11147=EDGE_CURVE('',#6304,#6383,#3418,.T.);
#11149=EDGE_CURVE('',#6293,#6304,#3210,.T.);
#11152=EDGE_CURVE('',#6351,#6354,#3218,.T.);
#11154=EDGE_CURVE('',#6385,#6354,#3426,.T.);
#11156=EDGE_CURVE('',#6385,#5949,#3222,.T.);
#11161=ADVANCED_FACE('',(#11160),#11144,.T.);
#11167=EDGE_CURVE('',#6417,#6077,#3230,.T.);
#11169=EDGE_CURVE('',#6358,#6417,#3442,.T.);
#11171=EDGE_CURVE('',#6347,#6358,#3234,.T.);
#11174=EDGE_CURVE('',#6401,#6404,#3242,.T.);
#11176=EDGE_CURVE('',#6419,#6404,#3450,.T.);
#11178=EDGE_CURVE('',#6419,#6085,#3246,.T.);
#11183=ADVANCED_FACE('',(#11182),#11166,.T.);
#11189=EDGE_CURVE('',#6577,#6439,#3254,.T.);
#11191=EDGE_CURVE('',#6550,#6577,#3466,.T.);
#11193=EDGE_CURVE('',#6547,#6550,#3258,.T.);
#11197=EDGE_CURVE('',#6579,#6570,#3474,.T.);
#11199=EDGE_CURVE('',#6579,#6447,#3270,.T.);
#11204=ADVANCED_FACE('',(#11203),#11188,.T.);
#11210=EDGE_CURVE('',#5135,#5139,#3278,.T.);
#11213=EDGE_CURVE('',#5081,#5165,#3286,.T.);
#11215=EDGE_CURVE('',#5195,#5165,#3306,.T.);
#11219=EDGE_CURVE('',#5190,#5191,#3298,.T.);
#11221=EDGE_CURVE('',#5135,#5190,#3486,.T.);
#11225=ADVANCED_FACE('',(#11224),#11209,.T.);
#11233=EDGE_CURVE('',#5165,#5169,#3310,.T.);
#11235=EDGE_CURVE('',#5199,#5169,#3641,.T.);
#11239=ADVANCED_FACE('',(#11238),#11230,.T.);
#11246=EDGE_CURVE('',#5171,#5399,#3658,.T.);
#11248=EDGE_CURVE('',#5167,#5171,#3318,.T.);
#11253=ADVANCED_FACE('',(#11252),#11244,.T.);
#11259=EDGE_CURVE('',#5397,#5401,#3326,.T.);
#11262=EDGE_CURVE('',#5382,#5383,#3334,.T.);
#11264=EDGE_CURVE('',#5401,#5383,#3670,.T.);
#11268=ADVANCED_FACE('',(#11267),#11258,.T.);
#11274=EDGE_CURVE('',#6221,#6225,#3338,.T.);
#11276=EDGE_CURVE('',#5457,#6225,#3687,.T.);
#11278=EDGE_CURVE('',#5456,#5457,#3342,.T.);
#11283=ADVANCED_FACE('',(#11282),#11273,.T.);
#11289=EDGE_CURVE('',#6223,#6227,#3350,.T.);
#11292=EDGE_CURVE('',#6192,#6193,#3358,.T.);
#11294=EDGE_CURVE('',#6227,#6193,#3699,.T.);
#11298=ADVANCED_FACE('',(#11297),#11288,.T.);
#11304=EDGE_CURVE('',#6275,#6279,#3362,.T.);
#11306=EDGE_CURVE('',#6197,#6279,#3716,.T.);
#11308=EDGE_CURVE('',#6196,#6197,#3366,.T.);
#11313=ADVANCED_FACE('',(#11312),#11303,.T.);
#11319=EDGE_CURVE('',#6277,#6281,#3374,.T.);
#11322=EDGE_CURVE('',#6246,#6247,#3382,.T.);
#11324=EDGE_CURVE('',#6281,#6247,#3728,.T.);
#11328=ADVANCED_FACE('',(#11327),#11318,.T.);
#11334=EDGE_CURVE('',#6329,#6333,#3386,.T.);
#11336=EDGE_CURVE('',#6251,#6333,#3745,.T.);
#11338=EDGE_CURVE('',#6250,#6251,#3390,.T.);
#11343=ADVANCED_FACE('',(#11342),#11333,.T.);
#11349=EDGE_CURVE('',#6331,#6335,#3398,.T.);
#11352=EDGE_CURVE('',#6300,#6301,#3406,.T.);
#11354=EDGE_CURVE('',#6335,#6301,#3757,.T.);
#11358=ADVANCED_FACE('',(#11357),#11348,.T.);
#11364=EDGE_CURVE('',#6383,#6387,#3410,.T.);
#11366=EDGE_CURVE('',#6305,#6387,#3774,.T.);
#11368=EDGE_CURVE('',#6304,#6305,#3414,.T.);
#11373=ADVANCED_FACE('',(#11372),#11363,.T.);
#11379=EDGE_CURVE('',#6385,#6389,#3422,.T.);
#11382=EDGE_CURVE('',#6354,#6355,#3430,.T.);
#11384=EDGE_CURVE('',#6389,#6355,#3786,.T.);
#11388=ADVANCED_FACE('',(#11387),#11378,.T.);
#11394=EDGE_CURVE('',#6417,#6421,#3434,.T.);
#11396=EDGE_CURVE('',#6359,#6421,#3803,.T.);
#11398=EDGE_CURVE('',#6358,#6359,#3438,.T.);
#11403=ADVANCED_FACE('',(#11402),#11393,.T.);
#11409=EDGE_CURVE('',#6419,#6423,#3446,.T.);
#11412=EDGE_CURVE('',#6404,#6405,#3454,.T.);
#11414=EDGE_CURVE('',#6423,#6405,#3815,.T.);
#11418=ADVANCED_FACE('',(#11417),#11408,.T.);
#11424=EDGE_CURVE('',#6577,#6581,#3458,.T.);
#11426=EDGE_CURVE('',#6551,#6581,#3832,.T.);
#11428=EDGE_CURVE('',#6550,#6551,#3462,.T.);
#11433=ADVANCED_FACE('',(#11432),#11423,.T.);
#11439=EDGE_CURVE('',#6579,#6583,#3470,.T.);
#11443=EDGE_CURVE('',#6583,#6571,#3840,.T.);
#11447=ADVANCED_FACE('',(#11446),#11438,.T.);
#11453=EDGE_CURVE('',#5130,#5135,#3482,.T.);
#11456=EDGE_CURVE('',#5190,#5197,#3490,.T.);
#11458=EDGE_CURVE('',#5130,#5197,#3848,.T.);
#11462=ADVANCED_FACE('',(#11461),#11452,.T.);
#11469=EDGE_CURVE('',#5165,#5089,#3498,.T.);
#11471=EDGE_CURVE('',#5089,#5184,#3600,.T.);
#11473=EDGE_CURVE('',#5173,#5184,#3856,.T.);
#11475=EDGE_CURVE('',#5169,#5173,#3645,.T.);
#11479=ADVANCED_FACE('',(#11478),#11467,.F.);
#11485=EDGE_CURVE('',#5178,#5179,#3877,.T.);
#11487=EDGE_CURVE('',#5186,#5179,#3860,.T.);
#11489=EDGE_CURVE('',#5186,#5103,#3535,.T.);
#11491=EDGE_CURVE('',#5103,#5163,#3510,.T.);
#11496=ADVANCED_FACE('',(#11495),#11484,.F.);
#11502=EDGE_CURVE('',#5083,#5081,#3494,.T.);
#11504=EDGE_CURVE('',#5089,#5083,#3604,.T.);
#11510=ADVANCED_FACE('',(#11509),#11501,.F.);
#11517=EDGE_CURVE('',#5099,#5080,#3506,.T.);
#11519=EDGE_CURVE('',#5095,#5099,#3530,.T.);
#11521=EDGE_CURVE('',#5095,#5087,#3502,.T.);
#11523=EDGE_CURVE('',#5083,#5087,#3609,.T.);
#11528=ADVANCED_FACE('',(#11527),#11515,.F.);
#11537=EDGE_CURVE('',#5103,#5099,#3514,.T.);
#11541=ADVANCED_FACE('',(#11540),#11533,.F.);
#11547=EDGE_CURVE('',#5095,#5093,#3525,.T.);
#11552=EDGE_CURVE('',#5187,#5186,#3545,.T.);
#11554=EDGE_CURVE('',#5101,#5187,#3550,.T.);
#11556=EDGE_CURVE('',#5101,#5097,#3554,.T.);
#11558=EDGE_CURVE('',#5097,#5093,#3559,.T.);
#11562=ADVANCED_FACE('',(#11561),#11546,.F.);
#11568=EDGE_CURVE('',#5086,#5087,#3575,.T.);
#11572=EDGE_CURVE('',#5093,#5086,#3563,.T.);
#11576=ADVANCED_FACE('',(#11575),#11567,.F.);
#11583=EDGE_CURVE('',#5086,#5085,#3580,.T.);
#11585=EDGE_CURVE('',#5091,#5085,#3621,.T.);
#11587=EDGE_CURVE('',#5185,#5091,#3585,.T.);
#11589=EDGE_CURVE('',#5184,#5185,#3595,.T.);
#11596=ADVANCED_FACE('',(#11595),#11581,.F.);
#11603=EDGE_CURVE('',#5077,#5085,#3613,.T.);
#11608=EDGE_CURVE('',#5076,#5097,#5061,.T.);
#11612=ADVANCED_FACE('',(#11611),#11601,.F.);
#11620=EDGE_CURVE('',#5091,#5167,#3617,.T.);
#11625=ADVANCED_FACE('',(#11624),#11617,.F.);
#11632=EDGE_CURVE('',#5175,#5171,#3654,.T.);
#11634=EDGE_CURVE('',#5175,#5185,#3625,.T.);
#11640=ADVANCED_FACE('',(#11639),#11630,.F.);
#11646=EDGE_CURVE('',#5181,#5183,#3868,.T.);
#11649=EDGE_CURVE('',#5161,#5101,#5065,.T.);
#11652=EDGE_CURVE('',#5187,#5181,#3629,.T.);
#11656=ADVANCED_FACE('',(#11655),#11645,.F.);
#11667=EDGE_CURVE('',#5173,#5175,#3650,.T.);
#11673=ADVANCED_FACE('',(#11672),#11661,.T.);
#11679=EDGE_CURVE('',#6225,#5532,#3662,.T.);
#11682=EDGE_CURVE('',#5401,#5318,#3666,.T.);
#11685=EDGE_CURVE('',#5383,#5294,#3674,.T.);
#11687=EDGE_CURVE('',#5294,#5302,#3679,.T.);
#11689=EDGE_CURVE('',#5302,#5457,#3683,.T.);
#11694=ADVANCED_FACE('',(#11693),#11678,.T.);
#11700=EDGE_CURVE('',#6279,#5668,#3691,.T.);
#11703=EDGE_CURVE('',#6227,#5540,#3695,.T.);
#11706=EDGE_CURVE('',#6193,#5516,#3703,.T.);
#11708=EDGE_CURVE('',#5516,#5524,#3708,.T.);
#11710=EDGE_CURVE('',#5524,#6197,#3712,.T.);
#11715=ADVANCED_FACE('',(#11714),#11699,.T.);
#11721=EDGE_CURVE('',#6333,#5804,#3720,.T.);
#11724=EDGE_CURVE('',#6281,#5676,#3724,.T.);
#11727=EDGE_CURVE('',#6247,#5652,#3732,.T.);
#11729=EDGE_CURVE('',#5652,#5660,#3737,.T.);
#11731=EDGE_CURVE('',#5660,#6251,#3741,.T.);
#11736=ADVANCED_FACE('',(#11735),#11720,.T.);
#11742=EDGE_CURVE('',#6387,#5940,#3749,.T.);
#11745=EDGE_CURVE('',#6335,#5812,#3753,.T.);
#11748=EDGE_CURVE('',#6301,#5788,#3761,.T.);
#11750=EDGE_CURVE('',#5788,#5796,#3766,.T.);
#11752=EDGE_CURVE('',#5796,#6305,#3770,.T.);
#11757=ADVANCED_FACE('',(#11756),#11741,.T.);
#11763=EDGE_CURVE('',#6421,#6076,#3778,.T.);
#11766=EDGE_CURVE('',#6389,#5948,#3782,.T.);
#11769=EDGE_CURVE('',#6355,#5924,#3790,.T.);
#11771=EDGE_CURVE('',#5924,#5932,#3795,.T.);
#11773=EDGE_CURVE('',#5932,#6359,#3799,.T.);
#11778=ADVANCED_FACE('',(#11777),#11762,.T.);
#11784=EDGE_CURVE('',#6581,#6438,#3807,.T.);
#11787=EDGE_CURVE('',#6423,#6084,#3811,.T.);
#11790=EDGE_CURVE('',#6405,#6060,#3819,.T.);
#11792=EDGE_CURVE('',#6060,#6068,#3824,.T.);
#11794=EDGE_CURVE('',#6068,#6551,#3828,.T.);
#11799=ADVANCED_FACE('',(#11798),#11783,.T.);
#11807=EDGE_CURVE('',#6583,#6446,#3836,.T.);
#11812=ADVANCED_FACE('',(#11811),#11804,.T.);
#11818=EDGE_CURVE('',#5130,#5131,#3844,.T.);
#11821=EDGE_CURVE('',#5197,#5209,#3852,.T.);
#11827=ADVANCED_FACE('',(#11826),#11817,.T.);
#11839=ADVANCED_FACE('',(#11838),#11832,.F.);
#11845=EDGE_CURVE('',#5179,#5181,#3873,.T.);
#11852=ADVANCED_FACE('',(#11851),#11844,.F.);
#11868=ADVANCED_FACE('',(#11867),#11857,.T.);
#11874=EDGE_CURVE('',#5529,#6233,#3889,.T.);
#11877=EDGE_CURVE('',#5299,#5459,#3893,.T.);
#11879=EDGE_CURVE('',#5291,#5299,#3898,.T.);
#11881=EDGE_CURVE('',#5385,#5291,#3902,.T.);
#11884=EDGE_CURVE('',#5315,#5409,#3906,.T.);
#11889=ADVANCED_FACE('',(#11888),#11873,.T.);
#11895=EDGE_CURVE('',#5665,#6287,#3914,.T.);
#11898=EDGE_CURVE('',#5521,#6201,#3918,.T.);
#11900=EDGE_CURVE('',#5513,#5521,#3923,.T.);
#11902=EDGE_CURVE('',#6199,#5513,#3927,.T.);
#11905=EDGE_CURVE('',#5537,#6235,#3931,.T.);
#11910=ADVANCED_FACE('',(#11909),#11894,.T.);
#11916=EDGE_CURVE('',#5801,#6341,#3939,.T.);
#11919=EDGE_CURVE('',#5657,#6255,#3943,.T.);
#11921=EDGE_CURVE('',#5649,#5657,#3948,.T.);
#11923=EDGE_CURVE('',#6253,#5649,#3952,.T.);
#11926=EDGE_CURVE('',#5673,#6289,#3956,.T.);
#11931=ADVANCED_FACE('',(#11930),#11915,.T.);
#11937=EDGE_CURVE('',#5937,#6395,#3964,.T.);
#11940=EDGE_CURVE('',#5793,#6309,#3968,.T.);
#11942=EDGE_CURVE('',#5785,#5793,#3973,.T.);
#11944=EDGE_CURVE('',#6307,#5785,#3977,.T.);
#11947=EDGE_CURVE('',#5809,#6343,#3981,.T.);
#11952=ADVANCED_FACE('',(#11951),#11936,.T.);
#11958=EDGE_CURVE('',#6073,#6429,#3989,.T.);
#11961=EDGE_CURVE('',#5929,#6363,#3993,.T.);
#11963=EDGE_CURVE('',#5921,#5929,#3998,.T.);
#11965=EDGE_CURVE('',#6361,#5921,#4002,.T.);
#11968=EDGE_CURVE('',#5945,#6397,#4006,.T.);
#11973=ADVANCED_FACE('',(#11972),#11957,.T.);
#11979=EDGE_CURVE('',#6435,#6589,#4014,.T.);
#11982=EDGE_CURVE('',#6065,#6553,#4018,.T.);
#11984=EDGE_CURVE('',#6057,#6065,#4023,.T.);
#11986=EDGE_CURVE('',#6407,#6057,#4027,.T.);
#11989=EDGE_CURVE('',#6081,#6431,#4031,.T.);
#11994=ADVANCED_FACE('',(#11993),#11978,.T.);
#12002=EDGE_CURVE('',#6443,#6591,#4039,.T.);
#12007=ADVANCED_FACE('',(#12006),#11999,.T.);
#12013=EDGE_CURVE('',#5126,#5127,#4047,.T.);
#12017=EDGE_CURVE('',#5214,#5215,#4055,.T.);
#12022=ADVANCED_FACE('',(#12021),#12012,.T.);
#12034=ADVANCED_FACE('',(#12033),#12027,.F.);
#12046=ADVANCED_FACE('',(#12045),#12039,.F.);
#12052=EDGE_CURVE('',#5298,#5299,#4059,.T.);
#12056=EDGE_CURVE('',#5461,#5469,#4128,.T.);
#12058=EDGE_CURVE('',#5469,#5298,#4107,.T.);
#12062=ADVANCED_FACE('',(#12061),#12051,.F.);
#12068=EDGE_CURVE('',#5302,#5303,#4063,.T.);
#12070=EDGE_CURVE('',#5303,#5465,#4162,.T.);
#12072=EDGE_CURVE('',#5465,#5456,#4136,.T.);
#12078=ADVANCED_FACE('',(#12077),#12067,.F.);
#12084=EDGE_CURVE('',#5290,#5291,#4067,.T.);
#12088=EDGE_CURVE('',#5298,#5290,#4102,.T.);
#12092=ADVANCED_FACE('',(#12091),#12083,.F.);
#12098=EDGE_CURVE('',#5294,#5295,#4071,.T.);
#12100=EDGE_CURVE('',#5295,#5303,#4172,.T.);
#12106=ADVANCED_FACE('',(#12105),#12097,.F.);
#12113=EDGE_CURVE('',#5290,#5393,#4092,.T.);
#12115=EDGE_CURVE('',#5393,#5387,#4206,.T.);
#12121=ADVANCED_FACE('',(#12120),#12111,.F.);
#12130=EDGE_CURVE('',#5382,#5391,#4194,.T.);
#12132=EDGE_CURVE('',#5391,#5295,#4177,.T.);
#12136=ADVANCED_FACE('',(#12135),#12126,.F.);
#12142=EDGE_CURVE('',#5286,#5282,#4082,.T.);
#12144=EDGE_CURVE('',#5286,#5392,#4087,.T.);
#12146=EDGE_CURVE('',#5393,#5392,#4210,.T.);
#12151=EDGE_CURVE('',#5469,#5467,#4111,.T.);
#12153=EDGE_CURVE('',#5467,#5282,#4116,.T.);
#12157=ADVANCED_FACE('',(#12156),#12141,.F.);
#12163=EDGE_CURVE('',#5282,#5283,#4120,.T.);
#12165=EDGE_CURVE('',#5283,#5287,#4152,.T.);
#12167=EDGE_CURVE('',#5286,#5287,#4198,.T.);
#12172=ADVANCED_FACE('',(#12171),#12162,.F.);
#12180=EDGE_CURVE('',#5452,#5467,#4124,.T.);
#12183=EDGE_CURVE('',#5463,#5453,#4132,.T.);
#12185=EDGE_CURVE('',#5283,#5463,#4157,.T.);
#12189=ADVANCED_FACE('',(#12188),#12177,.F.);
#12201=ADVANCED_FACE('',(#12200),#12194,.F.);
#12210=EDGE_CURVE('',#5465,#5463,#4140,.T.);
#12214=ADVANCED_FACE('',(#12213),#12206,.F.);
#12226=EDGE_CURVE('',#5391,#5389,#4181,.T.);
#12228=EDGE_CURVE('',#5389,#5287,#4186,.T.);
#12232=ADVANCED_FACE('',(#12231),#12219,.F.);
#12238=EDGE_CURVE('',#5379,#5389,#4190,.T.);
#12245=ADVANCED_FACE('',(#12244),#12237,.F.);
#12255=EDGE_CURVE('',#5392,#5378,#4202,.T.);
#12260=ADVANCED_FACE('',(#12259),#12250,.F.);
#12272=ADVANCED_FACE('',(#12271),#12265,.F.);
#12284=ADVANCED_FACE('',(#12283),#12277,.F.);
#12296=ADVANCED_FACE('',(#12295),#12289,.F.);
#12308=ADVANCED_FACE('',(#12307),#12301,.F.);
#12320=ADVANCED_FACE('',(#12319),#12313,.F.);
#12326=EDGE_CURVE('',#5520,#5521,#4222,.T.);
#12330=EDGE_CURVE('',#6205,#6217,#4373,.T.);
#12332=EDGE_CURVE('',#6217,#5520,#4275,.T.);
#12336=ADVANCED_FACE('',(#12335),#12325,.F.);
#12342=EDGE_CURVE('',#5524,#5525,#4226,.T.);
#12344=EDGE_CURVE('',#5525,#6213,#4293,.T.);
#12346=EDGE_CURVE('',#6213,#6196,#4337,.T.);
#12352=ADVANCED_FACE('',(#12351),#12341,.F.);
#12358=EDGE_CURVE('',#5512,#5513,#4230,.T.);
#12362=EDGE_CURVE('',#5520,#5512,#4270,.T.);
#12366=ADVANCED_FACE('',(#12365),#12357,.F.);
#12372=EDGE_CURVE('',#5516,#5517,#4234,.T.);
#12374=EDGE_CURVE('',#5517,#5525,#4303,.T.);
#12380=ADVANCED_FACE('',(#12379),#12371,.F.);
#12387=EDGE_CURVE('',#5512,#6219,#4260,.T.);
#12389=EDGE_CURVE('',#6219,#6203,#4361,.T.);
#12395=ADVANCED_FACE('',(#12394),#12385,.F.);
#12404=EDGE_CURVE('',#6192,#6209,#4349,.T.);
#12406=EDGE_CURVE('',#6209,#5517,#4308,.T.);
#12410=ADVANCED_FACE('',(#12409),#12400,.F.);
#12416=EDGE_CURVE('',#6215,#5504,#4239,.T.);
#12418=EDGE_CURVE('',#5508,#5504,#4250,.T.);
#12420=EDGE_CURVE('',#5508,#6218,#4255,.T.);
#12422=EDGE_CURVE('',#6219,#6218,#4365,.T.);
#12427=EDGE_CURVE('',#6217,#6215,#4279,.T.);
#12431=ADVANCED_FACE('',(#12430),#12415,.F.);
#12437=EDGE_CURVE('',#5504,#5505,#4283,.T.);
#12440=EDGE_CURVE('',#6184,#6215,#4369,.T.);
#12443=EDGE_CURVE('',#6211,#6185,#4333,.T.);
#12445=EDGE_CURVE('',#5505,#6211,#4288,.T.);
#12449=ADVANCED_FACE('',(#12448),#12436,.F.);
#12456=EDGE_CURVE('',#5505,#5509,#4329,.T.);
#12458=EDGE_CURVE('',#5508,#5509,#4353,.T.);
#12463=ADVANCED_FACE('',(#12462),#12454,.F.);
#12470=EDGE_CURVE('',#6213,#6211,#4341,.T.);
#12475=EDGE_CURVE('',#6209,#6207,#4312,.T.);
#12477=EDGE_CURVE('',#6207,#5509,#4317,.T.);
#12482=ADVANCED_FACE('',(#12481),#12468,.F.);
#12494=ADVANCED_FACE('',(#12493),#12487,.F.);
#12500=EDGE_CURVE('',#6189,#6207,#4345,.T.);
#12507=ADVANCED_FACE('',(#12506),#12499,.F.);
#12517=EDGE_CURVE('',#6218,#6188,#4357,.T.);
#12522=ADVANCED_FACE('',(#12521),#12512,.F.);
#12534=ADVANCED_FACE('',(#12533),#12527,.F.);
#12546=ADVANCED_FACE('',(#12545),#12539,.F.);
#12558=ADVANCED_FACE('',(#12557),#12551,.F.);
#12570=ADVANCED_FACE('',(#12569),#12563,.F.);
#12582=ADVANCED_FACE('',(#12581),#12575,.F.);
#12594=ADVANCED_FACE('',(#12593),#12587,.F.);
#12600=EDGE_CURVE('',#5656,#5657,#4385,.T.);
#12604=EDGE_CURVE('',#6259,#6271,#4536,.T.);
#12606=EDGE_CURVE('',#6271,#5656,#4438,.T.);
#12610=ADVANCED_FACE('',(#12609),#12599,.F.);
#12616=EDGE_CURVE('',#5660,#5661,#4389,.T.);
#12618=EDGE_CURVE('',#5661,#6267,#4456,.T.);
#12620=EDGE_CURVE('',#6267,#6250,#4500,.T.);
#12626=ADVANCED_FACE('',(#12625),#12615,.F.);
#12632=EDGE_CURVE('',#5648,#5649,#4393,.T.);
#12636=EDGE_CURVE('',#5656,#5648,#4433,.T.);
#12640=ADVANCED_FACE('',(#12639),#12631,.F.);
#12646=EDGE_CURVE('',#5652,#5653,#4397,.T.);
#12648=EDGE_CURVE('',#5653,#5661,#4466,.T.);
#12654=ADVANCED_FACE('',(#12653),#12645,.F.);
#12661=EDGE_CURVE('',#5648,#6273,#4423,.T.);
#12663=EDGE_CURVE('',#6273,#6257,#4524,.T.);
#12669=ADVANCED_FACE('',(#12668),#12659,.F.);
#12678=EDGE_CURVE('',#6246,#6263,#4512,.T.);
#12680=EDGE_CURVE('',#6263,#5653,#4471,.T.);
#12684=ADVANCED_FACE('',(#12683),#12674,.F.);
#12690=EDGE_CURVE('',#6269,#5640,#4402,.T.);
#12692=EDGE_CURVE('',#5644,#5640,#4413,.T.);
#12694=EDGE_CURVE('',#5644,#6272,#4418,.T.);
#12696=EDGE_CURVE('',#6273,#6272,#4528,.T.);
#12701=EDGE_CURVE('',#6271,#6269,#4442,.T.);
#12705=ADVANCED_FACE('',(#12704),#12689,.F.);
#12711=EDGE_CURVE('',#5640,#5641,#4446,.T.);
#12714=EDGE_CURVE('',#6238,#6269,#4532,.T.);
#12717=EDGE_CURVE('',#6265,#6239,#4496,.T.);
#12719=EDGE_CURVE('',#5641,#6265,#4451,.T.);
#12723=ADVANCED_FACE('',(#12722),#12710,.F.);
#12730=EDGE_CURVE('',#5641,#5645,#4492,.T.);
#12732=EDGE_CURVE('',#5644,#5645,#4516,.T.);
#12737=ADVANCED_FACE('',(#12736),#12728,.F.);
#12744=EDGE_CURVE('',#6267,#6265,#4504,.T.);
#12749=EDGE_CURVE('',#6263,#6261,#4475,.T.);
#12751=EDGE_CURVE('',#6261,#5645,#4480,.T.);
#12756=ADVANCED_FACE('',(#12755),#12742,.F.);
#12768=ADVANCED_FACE('',(#12767),#12761,.F.);
#12774=EDGE_CURVE('',#6243,#6261,#4508,.T.);
#12781=ADVANCED_FACE('',(#12780),#12773,.F.);
#12791=EDGE_CURVE('',#6272,#6242,#4520,.T.);
#12796=ADVANCED_FACE('',(#12795),#12786,.F.);
#12808=ADVANCED_FACE('',(#12807),#12801,.F.);
#12820=ADVANCED_FACE('',(#12819),#12813,.F.);
#12832=ADVANCED_FACE('',(#12831),#12825,.F.);
#12844=ADVANCED_FACE('',(#12843),#12837,.F.);
#12856=ADVANCED_FACE('',(#12855),#12849,.F.);
#12868=ADVANCED_FACE('',(#12867),#12861,.F.);
#12874=EDGE_CURVE('',#5792,#5793,#4548,.T.);
#12878=EDGE_CURVE('',#6313,#6325,#4699,.T.);
#12880=EDGE_CURVE('',#6325,#5792,#4601,.T.);
#12884=ADVANCED_FACE('',(#12883),#12873,.F.);
#12890=EDGE_CURVE('',#5796,#5797,#4552,.T.);
#12892=EDGE_CURVE('',#5797,#6321,#4619,.T.);
#12894=EDGE_CURVE('',#6321,#6304,#4663,.T.);
#12900=ADVANCED_FACE('',(#12899),#12889,.F.);
#12906=EDGE_CURVE('',#5784,#5785,#4556,.T.);
#12910=EDGE_CURVE('',#5792,#5784,#4596,.T.);
#12914=ADVANCED_FACE('',(#12913),#12905,.F.);
#12920=EDGE_CURVE('',#5788,#5789,#4560,.T.);
#12922=EDGE_CURVE('',#5789,#5797,#4629,.T.);
#12928=ADVANCED_FACE('',(#12927),#12919,.F.);
#12935=EDGE_CURVE('',#5784,#6327,#4586,.T.);
#12937=EDGE_CURVE('',#6327,#6311,#4687,.T.);
#12943=ADVANCED_FACE('',(#12942),#12933,.F.);
#12952=EDGE_CURVE('',#6300,#6317,#4675,.T.);
#12954=EDGE_CURVE('',#6317,#5789,#4634,.T.);
#12958=ADVANCED_FACE('',(#12957),#12948,.F.);
#12964=EDGE_CURVE('',#6323,#5776,#4565,.T.);
#12966=EDGE_CURVE('',#5780,#5776,#4576,.T.);
#12968=EDGE_CURVE('',#5780,#6326,#4581,.T.);
#12970=EDGE_CURVE('',#6327,#6326,#4691,.T.);
#12975=EDGE_CURVE('',#6325,#6323,#4605,.T.);
#12979=ADVANCED_FACE('',(#12978),#12963,.F.);
#12985=EDGE_CURVE('',#5776,#5777,#4609,.T.);
#12988=EDGE_CURVE('',#6292,#6323,#4695,.T.);
#12991=EDGE_CURVE('',#6319,#6293,#4659,.T.);
#12993=EDGE_CURVE('',#5777,#6319,#4614,.T.);
#12997=ADVANCED_FACE('',(#12996),#12984,.F.);
#13004=EDGE_CURVE('',#5777,#5781,#4655,.T.);
#13006=EDGE_CURVE('',#5780,#5781,#4679,.T.);
#13011=ADVANCED_FACE('',(#13010),#13002,.F.);
#13018=EDGE_CURVE('',#6321,#6319,#4667,.T.);
#13023=EDGE_CURVE('',#6317,#6315,#4638,.T.);
#13025=EDGE_CURVE('',#6315,#5781,#4643,.T.);
#13030=ADVANCED_FACE('',(#13029),#13016,.F.);
#13042=ADVANCED_FACE('',(#13041),#13035,.F.);
#13048=EDGE_CURVE('',#6297,#6315,#4671,.T.);
#13055=ADVANCED_FACE('',(#13054),#13047,.F.);
#13065=EDGE_CURVE('',#6326,#6296,#4683,.T.);
#13070=ADVANCED_FACE('',(#13069),#13060,.F.);
#13082=ADVANCED_FACE('',(#13081),#13075,.F.);
#13094=ADVANCED_FACE('',(#13093),#13087,.F.);
#13106=ADVANCED_FACE('',(#13105),#13099,.F.);
#13118=ADVANCED_FACE('',(#13117),#13111,.F.);
#13130=ADVANCED_FACE('',(#13129),#13123,.F.);
#13142=ADVANCED_FACE('',(#13141),#13135,.F.);
#13148=EDGE_CURVE('',#5928,#5929,#4711,.T.);
#13152=EDGE_CURVE('',#6367,#6379,#4862,.T.);
#13154=EDGE_CURVE('',#6379,#5928,#4764,.T.);
#13158=ADVANCED_FACE('',(#13157),#13147,.F.);
#13164=EDGE_CURVE('',#5932,#5933,#4715,.T.);
#13166=EDGE_CURVE('',#5933,#6375,#4782,.T.);
#13168=EDGE_CURVE('',#6375,#6358,#4826,.T.);
#13174=ADVANCED_FACE('',(#13173),#13163,.F.);
#13180=EDGE_CURVE('',#5920,#5921,#4719,.T.);
#13184=EDGE_CURVE('',#5928,#5920,#4759,.T.);
#13188=ADVANCED_FACE('',(#13187),#13179,.F.);
#13194=EDGE_CURVE('',#5924,#5925,#4723,.T.);
#13196=EDGE_CURVE('',#5925,#5933,#4792,.T.);
#13202=ADVANCED_FACE('',(#13201),#13193,.F.);
#13209=EDGE_CURVE('',#5920,#6381,#4749,.T.);
#13211=EDGE_CURVE('',#6381,#6365,#4850,.T.);
#13217=ADVANCED_FACE('',(#13216),#13207,.F.);
#13226=EDGE_CURVE('',#6354,#6371,#4838,.T.);
#13228=EDGE_CURVE('',#6371,#5925,#4797,.T.);
#13232=ADVANCED_FACE('',(#13231),#13222,.F.);
#13238=EDGE_CURVE('',#6377,#5912,#4728,.T.);
#13240=EDGE_CURVE('',#5916,#5912,#4739,.T.);
#13242=EDGE_CURVE('',#5916,#6380,#4744,.T.);
#13244=EDGE_CURVE('',#6381,#6380,#4854,.T.);
#13249=EDGE_CURVE('',#6379,#6377,#4768,.T.);
#13253=ADVANCED_FACE('',(#13252),#13237,.F.);
#13259=EDGE_CURVE('',#5912,#5913,#4772,.T.);
#13262=EDGE_CURVE('',#6346,#6377,#4858,.T.);
#13265=EDGE_CURVE('',#6373,#6347,#4822,.T.);
#13267=EDGE_CURVE('',#5913,#6373,#4777,.T.);
#13271=ADVANCED_FACE('',(#13270),#13258,.F.);
#13278=EDGE_CURVE('',#5913,#5917,#4818,.T.);
#13280=EDGE_CURVE('',#5916,#5917,#4842,.T.);
#13285=ADVANCED_FACE('',(#13284),#13276,.F.);
#13292=EDGE_CURVE('',#6375,#6373,#4830,.T.);
#13297=EDGE_CURVE('',#6371,#6369,#4801,.T.);
#13299=EDGE_CURVE('',#6369,#5917,#4806,.T.);
#13304=ADVANCED_FACE('',(#13303),#13290,.F.);
#13316=ADVANCED_FACE('',(#13315),#13309,.F.);
#13322=EDGE_CURVE('',#6351,#6369,#4834,.T.);
#13329=ADVANCED_FACE('',(#13328),#13321,.F.);
#13339=EDGE_CURVE('',#6380,#6350,#4846,.T.);
#13344=ADVANCED_FACE('',(#13343),#13334,.F.);
#13356=ADVANCED_FACE('',(#13355),#13349,.F.);
#13368=ADVANCED_FACE('',(#13367),#13361,.F.);
#13380=ADVANCED_FACE('',(#13379),#13373,.F.);
#13392=ADVANCED_FACE('',(#13391),#13385,.F.);
#13404=ADVANCED_FACE('',(#13403),#13397,.F.);
#13416=ADVANCED_FACE('',(#13415),#13409,.F.);
#13422=EDGE_CURVE('',#6064,#6065,#4874,.T.);
#13426=EDGE_CURVE('',#6555,#6563,#4943,.T.);
#13428=EDGE_CURVE('',#6563,#6064,#4922,.T.);
#13432=ADVANCED_FACE('',(#13431),#13421,.F.);
#13438=EDGE_CURVE('',#6068,#6069,#4878,.T.);
#13440=EDGE_CURVE('',#6069,#6559,#4977,.T.);
#13442=EDGE_CURVE('',#6559,#6550,#4951,.T.);
#13448=ADVANCED_FACE('',(#13447),#13437,.F.);
#13454=EDGE_CURVE('',#6056,#6057,#4882,.T.);
#13458=EDGE_CURVE('',#6064,#6056,#4917,.T.);
#13462=ADVANCED_FACE('',(#13461),#13453,.F.);
#13468=EDGE_CURVE('',#6060,#6061,#4886,.T.);
#13470=EDGE_CURVE('',#6061,#6069,#4987,.T.);
#13476=ADVANCED_FACE('',(#13475),#13467,.F.);
#13483=EDGE_CURVE('',#6056,#6415,#4907,.T.);
#13485=EDGE_CURVE('',#6415,#6409,#5021,.T.);
#13491=ADVANCED_FACE('',(#13490),#13481,.F.);
#13500=EDGE_CURVE('',#6404,#6413,#5009,.T.);
#13502=EDGE_CURVE('',#6413,#6061,#4992,.T.);
#13506=ADVANCED_FACE('',(#13505),#13496,.F.);
#13512=EDGE_CURVE('',#6052,#6048,#4897,.T.);
#13514=EDGE_CURVE('',#6052,#6414,#4902,.T.);
#13516=EDGE_CURVE('',#6415,#6414,#5025,.T.);
#13521=EDGE_CURVE('',#6563,#6561,#4926,.T.);
#13523=EDGE_CURVE('',#6561,#6048,#4931,.T.);
#13527=ADVANCED_FACE('',(#13526),#13511,.F.);
#13533=EDGE_CURVE('',#6048,#6049,#4935,.T.);
#13535=EDGE_CURVE('',#6049,#6053,#4967,.T.);
#13537=EDGE_CURVE('',#6052,#6053,#5013,.T.);
#13542=ADVANCED_FACE('',(#13541),#13532,.F.);
#13550=EDGE_CURVE('',#6546,#6561,#4939,.T.);
#13553=EDGE_CURVE('',#6557,#6547,#4947,.T.);
#13555=EDGE_CURVE('',#6049,#6557,#4972,.T.);
#13559=ADVANCED_FACE('',(#13558),#13547,.F.);
#13571=ADVANCED_FACE('',(#13570),#13564,.F.);
#13580=EDGE_CURVE('',#6559,#6557,#4955,.T.);
#13584=ADVANCED_FACE('',(#13583),#13576,.F.);
#13596=EDGE_CURVE('',#6413,#6411,#4996,.T.);
#13598=EDGE_CURVE('',#6411,#6053,#5001,.T.);
#13602=ADVANCED_FACE('',(#13601),#13589,.F.);
#13608=EDGE_CURVE('',#6401,#6411,#5005,.T.);
#13615=ADVANCED_FACE('',(#13614),#13607,.F.);
#13625=EDGE_CURVE('',#6414,#6400,#5017,.T.);
#13630=ADVANCED_FACE('',(#13629),#13620,.F.);
#13642=ADVANCED_FACE('',(#13641),#13635,.F.);
#13654=ADVANCED_FACE('',(#13653),#13647,.F.);
#13666=ADVANCED_FACE('',(#13665),#13659,.F.);
#13678=ADVANCED_FACE('',(#13677),#13671,.F.);
#13690=ADVANCED_FACE('',(#13689),#13683,.F.);
#13698=EDGE_CURVE('',#5121,#5123,#5045,.T.);
#13703=ADVANCED_FACE('',(#13702),#13695,.T.);
#13715=ADVANCED_FACE('',(#13714),#13708,.T.);
#13727=ADVANCED_FACE('',(#13726),#13720,.F.);
#13739=ADVANCED_FACE('',(#13738),#13732,.F.);
#13747=EDGE_CURVE('',#5135,#5133,#5049,.T.);
#13752=ADVANCED_FACE('',(#13751),#13744,.T.);
#13759=EDGE_CURVE('',#5139,#5137,#5053,.T.);
#13765=ADVANCED_FACE('',(#13764),#13757,.T.);
#13771=EDGE_CURVE('',#5142,#5143,#5057,.T.);
#13778=ADVANCED_FACE('',(#13777),#13770,.T.);
#13790=ADVANCED_FACE('',(#13789),#13783,.F.);
#13802=ADVANCED_FACE('',(#13801),#13795,.F.);
#13810=EDGE_CURVE('',#5235,#5255,#5069,.T.);
#13815=ADVANCED_FACE('',(#13814),#13807,.T.);
#13822=EDGE_CURVE('',#5234,#5254,#5073,.T.);
#13828=ADVANCED_FACE('',(#13827),#13820,.T.);
#13840=ADVANCED_FACE('',(#13839),#13833,.T.);
#13843=(LENGTH_UNIT()NAMED_UNIT(*)SI_UNIT(.MILLI.,.METRE.));
#13844=(NAMED_UNIT(*)PLANE_ANGLE_UNIT()SI_UNIT($,.RADIAN.));
#13847=(NAMED_UNIT(*)SI_UNIT($,.STERADIAN.)SOLID_ANGLE_UNIT());
#13849=(GEOMETRIC_REPRESENTATION_CONTEXT(3)GLOBAL_UNCERTAINTY_ASSIGNED_CONTEXT((
#13848))GLOBAL_UNIT_ASSIGNED_CONTEXT((#13843,#13846,#13847))REPRESENTATION_CONTEXT('ID1','3'));
#13850=ADVANCED_BREP_SHAPE_REPRESENTATION('',(#13842),#13849);
#13857=PRODUCT_DEFINITION('part definition','',#13856,#13853);
#13858=PRODUCT_DEFINITION_SHAPE('','SHAPE FOR C-1-2823140-6.',#13857);
#13859=SHAPE_ASPECT('','solid data associated with C-1-2823140-6',#13858,.F.);
#13860=PROPERTY_DEFINITION('',
'shape for solid data with which properties are associated',#13859);
#13861=SHAPE_REPRESENTATION('',(#13842),#13849);
#13862=SHAPE_DEFINITION_REPRESENTATION(#13860,#13861);
#13863=(LENGTH_UNIT()NAMED_UNIT(*)SI_UNIT(.MILLI.,.METRE.));
#13867=PROPERTY_DEFINITION('geometric validation property',
'area of C-1-2823140-6',#13859);
#13868=REPRESENTATION('surface area',(#13866),#13849);
#13869=PROPERTY_DEFINITION_REPRESENTATION(#13867,#13868);
#13870=(LENGTH_UNIT()NAMED_UNIT(*)SI_UNIT(.MILLI.,.METRE.));
#13874=PROPERTY_DEFINITION('geometric validation property',
'volume of C-1-2823140-6',#13859);
#13875=REPRESENTATION('volume',(#13873),#13849);
#13876=PROPERTY_DEFINITION_REPRESENTATION(#13874,#13875);
#13878=PROPERTY_DEFINITION('geometric validation property',
'centroid of C-1-2823140-6',#13859);
#13879=REPRESENTATION('centroid',(#13877),#13849);
#13880=PROPERTY_DEFINITION_REPRESENTATION(#13878,#13879);
#13881=(LENGTH_UNIT()NAMED_UNIT(*)SI_UNIT(.MILLI.,.METRE.));
#13885=PROPERTY_DEFINITION('geometric validation property',
'area of C-1-2823140-6',#13858);
#13886=REPRESENTATION('surface area',(#13884),#13849);
#13887=PROPERTY_DEFINITION_REPRESENTATION(#13885,#13886);
#13888=(LENGTH_UNIT()NAMED_UNIT(*)SI_UNIT(.MILLI.,.METRE.));
#13892=PROPERTY_DEFINITION('geometric validation property',
'volume of C-1-2823140-6',#13858);
#13893=REPRESENTATION('volume',(#13891),#13849);
#13894=PROPERTY_DEFINITION_REPRESENTATION(#13892,#13893);
#13896=PROPERTY_DEFINITION('geometric validation property',
'centroid of C-1-2823140-6',#13858);
#13897=REPRESENTATION('centroid',(#13895),#13849);
#13898=PROPERTY_DEFINITION_REPRESENTATION(#13896,#13897);
#13899=SHAPE_DEFINITION_REPRESENTATION(#13858,#13850);
ENDSEC;
END-ISO-10303-21;
