ISO-10303-21;
HEADER;
FILE_DESCRIPTION( ( 'Unknown' ), '1' );
FILE_NAME( '//Sbs-server/\X2\00F6\X0\ffentliche daten/Zeichnungen/W\X2\00FC\X0\rth eiSos Zeichnungen/PDF und STEP Dateien/STEP Dateien/7461062.stp', 'Unknown', ( 'Unknown' ), ( 'Unknown' ), 'PSStep 14.0', 'Unknown', '  ' );
FILE_SCHEMA( ( 'AUTOMOTIVE_DESIGN { 1 0 10303 214 1 1 1 1 }' ) );
ENDSEC;
DATA;
#1 = MECHANICAL_DESIGN_GEOMETRIC_PRESENTATION_REPRESENTATION( ' ', ( #10, #11, #12, #13, #14, #15, #16, #17, #18, #19, #20, #21, #22, #23, #24, #25, #26, #27, #28, #29, #30, #31, #32, #33, #34, #35, #36, #37, #38, #39, #40, #41, #42, #43, #44, #45, #46, #47, #48, #49, #50, #51, #52, #53, #54, #55, #56, #57, #58, #59, #60, #61, #62, #63, #64, #65, #66, #67, #68, #69, #70, #71, #72, #73, #74 ), #6 );
#2 = PRODUCT_DEFINITION_CONTEXT( '', #75, 'design' );
#3 = APPLICATION_PROTOCOL_DEFINITION( 'international standard', 'automotive_design', 2001, #75 );
#4 = PRODUCT_CATEGORY_RELATIONSHIP( 'NONE', 'NONE', #76, #77 );
#5 = SHAPE_DEFINITION_REPRESENTATION( #78, #79 );
#6 =  ( GEOMETRIC_REPRESENTATION_CONTEXT( 3 )GLOBAL_UNCERTAINTY_ASSIGNED_CONTEXT( ( #82 ) )GLOBAL_UNIT_ASSIGNED_CONTEXT( ( #84, #85, #86 ) )REPRESENTATION_CONTEXT( 'NONE', 'WORKSPACE' ) );
#10 = STYLED_ITEM( '', ( #88 ), #89 );
#11 = STYLED_ITEM( '', ( #90 ), #91 );
#12 = STYLED_ITEM( '', ( #92 ), #93 );
#13 = STYLED_ITEM( '', ( #94 ), #95 );
#14 = STYLED_ITEM( '', ( #96 ), #97 );
#15 = STYLED_ITEM( '', ( #98 ), #99 );
#16 = STYLED_ITEM( '', ( #100 ), #101 );
#17 = STYLED_ITEM( '', ( #102 ), #103 );
#18 = STYLED_ITEM( '', ( #104 ), #105 );
#19 = STYLED_ITEM( '', ( #106 ), #107 );
#20 = STYLED_ITEM( '', ( #108 ), #109 );
#21 = STYLED_ITEM( '', ( #110 ), #111 );
#22 = STYLED_ITEM( '', ( #112 ), #113 );
#23 = STYLED_ITEM( '', ( #114 ), #115 );
#24 = STYLED_ITEM( '', ( #116 ), #117 );
#25 = STYLED_ITEM( '', ( #118 ), #119 );
#26 = STYLED_ITEM( '', ( #120 ), #121 );
#27 = STYLED_ITEM( '', ( #122 ), #123 );
#28 = STYLED_ITEM( '', ( #124 ), #125 );
#29 = STYLED_ITEM( '', ( #126 ), #127 );
#30 = STYLED_ITEM( '', ( #128 ), #129 );
#31 = STYLED_ITEM( '', ( #130 ), #131 );
#32 = STYLED_ITEM( '', ( #132 ), #133 );
#33 = STYLED_ITEM( '', ( #134 ), #135 );
#34 = STYLED_ITEM( '', ( #136 ), #137 );
#35 = STYLED_ITEM( '', ( #138 ), #139 );
#36 = STYLED_ITEM( '', ( #140 ), #141 );
#37 = STYLED_ITEM( '', ( #142 ), #143 );
#38 = STYLED_ITEM( '', ( #144 ), #145 );
#39 = STYLED_ITEM( '', ( #146 ), #147 );
#40 = STYLED_ITEM( '', ( #148 ), #149 );
#41 = STYLED_ITEM( '', ( #150 ), #151 );
#42 = STYLED_ITEM( '', ( #152 ), #153 );
#43 = STYLED_ITEM( '', ( #154 ), #155 );
#44 = STYLED_ITEM( '', ( #156 ), #157 );
#45 = STYLED_ITEM( '', ( #158 ), #159 );
#46 = STYLED_ITEM( '', ( #160 ), #161 );
#47 = STYLED_ITEM( '', ( #162 ), #163 );
#48 = STYLED_ITEM( '', ( #164 ), #165 );
#49 = STYLED_ITEM( '', ( #166 ), #167 );
#50 = STYLED_ITEM( '', ( #168 ), #169 );
#51 = STYLED_ITEM( '', ( #170 ), #171 );
#52 = STYLED_ITEM( '', ( #172 ), #173 );
#53 = STYLED_ITEM( '', ( #174 ), #175 );
#54 = STYLED_ITEM( '', ( #176 ), #177 );
#55 = STYLED_ITEM( '', ( #178 ), #179 );
#56 = STYLED_ITEM( '', ( #180 ), #181 );
#57 = STYLED_ITEM( '', ( #182 ), #183 );
#58 = STYLED_ITEM( '', ( #184 ), #185 );
#59 = STYLED_ITEM( '', ( #186 ), #187 );
#60 = STYLED_ITEM( '', ( #188 ), #189 );
#61 = STYLED_ITEM( '', ( #190 ), #191 );
#62 = STYLED_ITEM( '', ( #192 ), #193 );
#63 = STYLED_ITEM( '', ( #194 ), #195 );
#64 = STYLED_ITEM( '', ( #196 ), #197 );
#65 = STYLED_ITEM( '', ( #198 ), #199 );
#66 = STYLED_ITEM( '', ( #200 ), #201 );
#67 = STYLED_ITEM( '', ( #202 ), #203 );
#68 = STYLED_ITEM( '', ( #204 ), #205 );
#69 = STYLED_ITEM( '', ( #206 ), #207 );
#70 = STYLED_ITEM( '', ( #208 ), #209 );
#71 = STYLED_ITEM( '', ( #210 ), #211 );
#72 = STYLED_ITEM( '', ( #212 ), #213 );
#73 = STYLED_ITEM( '', ( #214 ), #215 );
#74 = STYLED_ITEM( '', ( #216 ), #217 );
#75 = APPLICATION_CONTEXT( 'core data for automotive mechanical design processes' );
#76 = PRODUCT_CATEGORY( 'part', 'NONE' );
#77 = PRODUCT_RELATED_PRODUCT_CATEGORY( 'detail', ' ', ( #218 ) );
#78 = PRODUCT_DEFINITION_SHAPE( 'NONE', 'NONE', #219 );
#79 = ADVANCED_BREP_SHAPE_REPRESENTATION( '1', ( #220, #221 ), #6 );
#82 = UNCERTAINTY_MEASURE_WITH_UNIT( LENGTH_MEASURE( 0.00100000000000000 ), #84, '', '' );
#84 =  ( CONVERSION_BASED_UNIT( 'MILLIMETRE', #224 )LENGTH_UNIT(  )NAMED_UNIT( #227 ) );
#85 =  ( NAMED_UNIT( #229 )PLANE_ANGLE_UNIT(  )SI_UNIT( $, .RADIAN. ) );
#86 =  ( NAMED_UNIT( #229 )SI_UNIT( $, .STERADIAN. )SOLID_ANGLE_UNIT(  ) );
#88 = PRESENTATION_STYLE_ASSIGNMENT( ( #235 ) );
#89 = ADVANCED_FACE( '', ( #236 ), #237, .F. );
#90 = PRESENTATION_STYLE_ASSIGNMENT( ( #238 ) );
#91 = ADVANCED_FACE( '', ( #239 ), #240, .F. );
#92 = PRESENTATION_STYLE_ASSIGNMENT( ( #241 ) );
#93 = ADVANCED_FACE( '', ( #242 ), #243, .F. );
#94 = PRESENTATION_STYLE_ASSIGNMENT( ( #244 ) );
#95 = ADVANCED_FACE( '', ( #245 ), #246, .T. );
#96 = PRESENTATION_STYLE_ASSIGNMENT( ( #247 ) );
#97 = ADVANCED_FACE( '', ( #248 ), #249, .F. );
#98 = PRESENTATION_STYLE_ASSIGNMENT( ( #250 ) );
#99 = ADVANCED_FACE( '', ( #251 ), #252, .F. );
#100 = PRESENTATION_STYLE_ASSIGNMENT( ( #253 ) );
#101 = ADVANCED_FACE( '', ( #254 ), #255, .F. );
#102 = PRESENTATION_STYLE_ASSIGNMENT( ( #256 ) );
#103 = ADVANCED_FACE( '', ( #257 ), #258, .T. );
#104 = PRESENTATION_STYLE_ASSIGNMENT( ( #259 ) );
#105 = ADVANCED_FACE( '', ( #260 ), #261, .T. );
#106 = PRESENTATION_STYLE_ASSIGNMENT( ( #262 ) );
#107 = ADVANCED_FACE( '', ( #263 ), #264, .T. );
#108 = PRESENTATION_STYLE_ASSIGNMENT( ( #265 ) );
#109 = ADVANCED_FACE( '', ( #266 ), #267, .F. );
#110 = PRESENTATION_STYLE_ASSIGNMENT( ( #268 ) );
#111 = ADVANCED_FACE( '', ( #269 ), #270, .T. );
#112 = PRESENTATION_STYLE_ASSIGNMENT( ( #271 ) );
#113 = ADVANCED_FACE( '', ( #272 ), #273, .T. );
#114 = PRESENTATION_STYLE_ASSIGNMENT( ( #274 ) );
#115 = ADVANCED_FACE( '', ( #275 ), #276, .F. );
#116 = PRESENTATION_STYLE_ASSIGNMENT( ( #277 ) );
#117 = ADVANCED_FACE( '', ( #278 ), #279, .F. );
#118 = PRESENTATION_STYLE_ASSIGNMENT( ( #280 ) );
#119 = ADVANCED_FACE( '', ( #281 ), #282, .T. );
#120 = PRESENTATION_STYLE_ASSIGNMENT( ( #283 ) );
#121 = ADVANCED_FACE( '', ( #284 ), #285, .T. );
#122 = PRESENTATION_STYLE_ASSIGNMENT( ( #286 ) );
#123 = ADVANCED_FACE( '', ( #287 ), #288, .T. );
#124 = PRESENTATION_STYLE_ASSIGNMENT( ( #289 ) );
#125 = ADVANCED_FACE( '', ( #290 ), #291, .F. );
#126 = PRESENTATION_STYLE_ASSIGNMENT( ( #292 ) );
#127 = ADVANCED_FACE( '', ( #293 ), #294, .F. );
#128 = PRESENTATION_STYLE_ASSIGNMENT( ( #295 ) );
#129 = ADVANCED_FACE( '', ( #296 ), #297, .T. );
#130 = PRESENTATION_STYLE_ASSIGNMENT( ( #298 ) );
#131 = ADVANCED_FACE( '', ( #299 ), #300, .T. );
#132 = PRESENTATION_STYLE_ASSIGNMENT( ( #301 ) );
#133 = ADVANCED_FACE( '', ( #302 ), #303, .F. );
#134 = PRESENTATION_STYLE_ASSIGNMENT( ( #304 ) );
#135 = ADVANCED_FACE( '', ( #305 ), #306, .T. );
#136 = PRESENTATION_STYLE_ASSIGNMENT( ( #307 ) );
#137 = ADVANCED_FACE( '', ( #308, #309 ), #310, .F. );
#138 = PRESENTATION_STYLE_ASSIGNMENT( ( #311 ) );
#139 = ADVANCED_FACE( '', ( #312 ), #313, .T. );
#140 = PRESENTATION_STYLE_ASSIGNMENT( ( #314 ) );
#141 = ADVANCED_FACE( '', ( #315 ), #316, .T. );
#142 = PRESENTATION_STYLE_ASSIGNMENT( ( #317 ) );
#143 = ADVANCED_FACE( '', ( #318 ), #319, .T. );
#144 = PRESENTATION_STYLE_ASSIGNMENT( ( #320 ) );
#145 = ADVANCED_FACE( '', ( #321 ), #322, .T. );
#146 = PRESENTATION_STYLE_ASSIGNMENT( ( #323 ) );
#147 = ADVANCED_FACE( '', ( #324, #325 ), #326, .T. );
#148 = PRESENTATION_STYLE_ASSIGNMENT( ( #327 ) );
#149 = ADVANCED_FACE( '', ( #328, #329 ), #330, .F. );
#150 = PRESENTATION_STYLE_ASSIGNMENT( ( #331 ) );
#151 = ADVANCED_FACE( '', ( #332 ), #333, .T. );
#152 = PRESENTATION_STYLE_ASSIGNMENT( ( #334 ) );
#153 = ADVANCED_FACE( '', ( #335 ), #336, .T. );
#154 = PRESENTATION_STYLE_ASSIGNMENT( ( #337 ) );
#155 = ADVANCED_FACE( '', ( #338 ), #339, .T. );
#156 = PRESENTATION_STYLE_ASSIGNMENT( ( #340 ) );
#157 = ADVANCED_FACE( '', ( #341 ), #342, .T. );
#158 = PRESENTATION_STYLE_ASSIGNMENT( ( #343 ) );
#159 = ADVANCED_FACE( '', ( #344 ), #345, .T. );
#160 = PRESENTATION_STYLE_ASSIGNMENT( ( #346 ) );
#161 = ADVANCED_FACE( '', ( #347 ), #348, .F. );
#162 = PRESENTATION_STYLE_ASSIGNMENT( ( #349 ) );
#163 = ADVANCED_FACE( '', ( #350 ), #351, .F. );
#164 = PRESENTATION_STYLE_ASSIGNMENT( ( #352 ) );
#165 = ADVANCED_FACE( '', ( #353, #354 ), #355, .F. );
#166 = PRESENTATION_STYLE_ASSIGNMENT( ( #356 ) );
#167 = ADVANCED_FACE( '', ( #357 ), #358, .F. );
#168 = PRESENTATION_STYLE_ASSIGNMENT( ( #359 ) );
#169 = ADVANCED_FACE( '', ( #360, #361 ), #362, .F. );
#170 = PRESENTATION_STYLE_ASSIGNMENT( ( #363 ) );
#171 = ADVANCED_FACE( '', ( #364 ), #365, .T. );
#172 = PRESENTATION_STYLE_ASSIGNMENT( ( #366 ) );
#173 = ADVANCED_FACE( '', ( #367 ), #368, .F. );
#174 = PRESENTATION_STYLE_ASSIGNMENT( ( #369 ) );
#175 = ADVANCED_FACE( '', ( #370 ), #371, .T. );
#176 = PRESENTATION_STYLE_ASSIGNMENT( ( #372 ) );
#177 = ADVANCED_FACE( '', ( #373 ), #374, .T. );
#178 = PRESENTATION_STYLE_ASSIGNMENT( ( #375 ) );
#179 = ADVANCED_FACE( '', ( #376 ), #377, .T. );
#180 = PRESENTATION_STYLE_ASSIGNMENT( ( #378 ) );
#181 = ADVANCED_FACE( '', ( #379 ), #380, .F. );
#182 = PRESENTATION_STYLE_ASSIGNMENT( ( #381 ) );
#183 = ADVANCED_FACE( '', ( #382 ), #383, .T. );
#184 = PRESENTATION_STYLE_ASSIGNMENT( ( #384 ) );
#185 = ADVANCED_FACE( '', ( #385 ), #386, .F. );
#186 = PRESENTATION_STYLE_ASSIGNMENT( ( #387 ) );
#187 = ADVANCED_FACE( '', ( #388 ), #389, .F. );
#188 = PRESENTATION_STYLE_ASSIGNMENT( ( #390 ) );
#189 = ADVANCED_FACE( '', ( #391 ), #392, .T. );
#190 = PRESENTATION_STYLE_ASSIGNMENT( ( #393 ) );
#191 = ADVANCED_FACE( '', ( #394 ), #395, .T. );
#192 = PRESENTATION_STYLE_ASSIGNMENT( ( #396 ) );
#193 = ADVANCED_FACE( '', ( #397 ), #398, .F. );
#194 = PRESENTATION_STYLE_ASSIGNMENT( ( #399 ) );
#195 = ADVANCED_FACE( '', ( #400 ), #401, .F. );
#196 = PRESENTATION_STYLE_ASSIGNMENT( ( #402 ) );
#197 = ADVANCED_FACE( '', ( #403 ), #404, .T. );
#198 = PRESENTATION_STYLE_ASSIGNMENT( ( #405 ) );
#199 = ADVANCED_FACE( '', ( #406 ), #407, .F. );
#200 = PRESENTATION_STYLE_ASSIGNMENT( ( #408 ) );
#201 = ADVANCED_FACE( '', ( #409 ), #410, .T. );
#202 = PRESENTATION_STYLE_ASSIGNMENT( ( #411 ) );
#203 = ADVANCED_FACE( '', ( #412, #413, #414, #415, #416, #417, #418 ), #419, .F. );
#204 = PRESENTATION_STYLE_ASSIGNMENT( ( #420 ) );
#205 = ADVANCED_FACE( '', ( #421 ), #422, .F. );
#206 = PRESENTATION_STYLE_ASSIGNMENT( ( #423 ) );
#207 = ADVANCED_FACE( '', ( #424 ), #425, .F. );
#208 = PRESENTATION_STYLE_ASSIGNMENT( ( #426 ) );
#209 = ADVANCED_FACE( '', ( #427 ), #428, .T. );
#210 = PRESENTATION_STYLE_ASSIGNMENT( ( #429 ) );
#211 = ADVANCED_FACE( '', ( #430 ), #431, .T. );
#212 = PRESENTATION_STYLE_ASSIGNMENT( ( #432 ) );
#213 = ADVANCED_FACE( '', ( #433 ), #434, .F. );
#214 = PRESENTATION_STYLE_ASSIGNMENT( ( #435 ) );
#215 = ADVANCED_FACE( '', ( #436 ), #437, .F. );
#216 = PRESENTATION_STYLE_ASSIGNMENT( ( #438 ) );
#217 = ADVANCED_FACE( '', ( #439 ), #440, .F. );
#218 = PRODUCT( '1', '1', 'PART-1-DESC', ( #441 ) );
#219 = PRODUCT_DEFINITION( 'NONE', 'NONE', #442, #2 );
#220 = MANIFOLD_SOLID_BREP( '1', #443 );
#221 = AXIS2_PLACEMENT_3D( '', #444, #445, #446 );
#224 = LENGTH_MEASURE_WITH_UNIT( LENGTH_MEASURE( 1.00000000000000 ), #447 );
#227 = DIMENSIONAL_EXPONENTS( 1.00000000000000, 0.000000000000000, 0.000000000000000, 0.000000000000000, 0.000000000000000, 0.000000000000000, 0.000000000000000 );
#229 = DIMENSIONAL_EXPONENTS( 0.000000000000000, 0.000000000000000, 0.000000000000000, 0.000000000000000, 0.000000000000000, 0.000000000000000, 0.000000000000000 );
#235 = SURFACE_STYLE_USAGE( .BOTH., #448 );
#236 = FACE_OUTER_BOUND( '', #449, .T. );
#237 = PLANE( '', #450 );
#238 = SURFACE_STYLE_USAGE( .BOTH., #451 );
#239 = FACE_OUTER_BOUND( '', #452, .T. );
#240 = PLANE( '', #453 );
#241 = SURFACE_STYLE_USAGE( .BOTH., #454 );
#242 = FACE_OUTER_BOUND( '', #455, .T. );
#243 = PLANE( '', #456 );
#244 = SURFACE_STYLE_USAGE( .BOTH., #457 );
#245 = FACE_OUTER_BOUND( '', #458, .T. );
#246 = PLANE( '', #459 );
#247 = SURFACE_STYLE_USAGE( .BOTH., #460 );
#248 = FACE_OUTER_BOUND( '', #461, .T. );
#249 = PLANE( '', #462 );
#250 = SURFACE_STYLE_USAGE( .BOTH., #463 );
#251 = FACE_OUTER_BOUND( '', #464, .T. );
#252 = PLANE( '', #465 );
#253 = SURFACE_STYLE_USAGE( .BOTH., #466 );
#254 = FACE_OUTER_BOUND( '', #467, .T. );
#255 = PLANE( '', #468 );
#256 = SURFACE_STYLE_USAGE( .BOTH., #469 );
#257 = FACE_OUTER_BOUND( '', #470, .T. );
#258 = PLANE( '', #471 );
#259 = SURFACE_STYLE_USAGE( .BOTH., #472 );
#260 = FACE_OUTER_BOUND( '', #473, .T. );
#261 = PLANE( '', #474 );
#262 = SURFACE_STYLE_USAGE( .BOTH., #475 );
#263 = FACE_OUTER_BOUND( '', #476, .T. );
#264 = PLANE( '', #477 );
#265 = SURFACE_STYLE_USAGE( .BOTH., #478 );
#266 = FACE_OUTER_BOUND( '', #479, .T. );
#267 = PLANE( '', #480 );
#268 = SURFACE_STYLE_USAGE( .BOTH., #481 );
#269 = FACE_OUTER_BOUND( '', #482, .T. );
#270 = PLANE( '', #483 );
#271 = SURFACE_STYLE_USAGE( .BOTH., #484 );
#272 = FACE_OUTER_BOUND( '', #485, .T. );
#273 = PLANE( '', #486 );
#274 = SURFACE_STYLE_USAGE( .BOTH., #487 );
#275 = FACE_OUTER_BOUND( '', #488, .T. );
#276 = PLANE( '', #489 );
#277 = SURFACE_STYLE_USAGE( .BOTH., #490 );
#278 = FACE_OUTER_BOUND( '', #491, .T. );
#279 = PLANE( '', #492 );
#280 = SURFACE_STYLE_USAGE( .BOTH., #493 );
#281 = FACE_OUTER_BOUND( '', #494, .T. );
#282 = PLANE( '', #495 );
#283 = SURFACE_STYLE_USAGE( .BOTH., #496 );
#284 = FACE_OUTER_BOUND( '', #497, .T. );
#285 = PLANE( '', #498 );
#286 = SURFACE_STYLE_USAGE( .BOTH., #499 );
#287 = FACE_OUTER_BOUND( '', #500, .T. );
#288 = PLANE( '', #501 );
#289 = SURFACE_STYLE_USAGE( .BOTH., #502 );
#290 = FACE_OUTER_BOUND( '', #503, .T. );
#291 = PLANE( '', #504 );
#292 = SURFACE_STYLE_USAGE( .BOTH., #505 );
#293 = FACE_OUTER_BOUND( '', #506, .T. );
#294 = PLANE( '', #507 );
#295 = SURFACE_STYLE_USAGE( .BOTH., #508 );
#296 = FACE_OUTER_BOUND( '', #509, .T. );
#297 = PLANE( '', #510 );
#298 = SURFACE_STYLE_USAGE( .BOTH., #511 );
#299 = FACE_OUTER_BOUND( '', #512, .T. );
#300 = PLANE( '', #513 );
#301 = SURFACE_STYLE_USAGE( .BOTH., #514 );
#302 = FACE_OUTER_BOUND( '', #515, .T. );
#303 = PLANE( '', #516 );
#304 = SURFACE_STYLE_USAGE( .BOTH., #517 );
#305 = FACE_OUTER_BOUND( '', #518, .T. );
#306 = PLANE( '', #519 );
#307 = SURFACE_STYLE_USAGE( .BOTH., #520 );
#308 = FACE_OUTER_BOUND( '', #521, .T. );
#309 = FACE_OUTER_BOUND( '', #522, .T. );
#310 = CYLINDRICAL_SURFACE( '', #523, 1.60000000000000 );
#311 = SURFACE_STYLE_USAGE( .BOTH., #524 );
#312 = FACE_OUTER_BOUND( '', #525, .T. );
#313 = PLANE( '', #526 );
#314 = SURFACE_STYLE_USAGE( .BOTH., #527 );
#315 = FACE_OUTER_BOUND( '', #528, .T. );
#316 = PLANE( '', #529 );
#317 = SURFACE_STYLE_USAGE( .BOTH., #530 );
#318 = FACE_OUTER_BOUND( '', #531, .T. );
#319 = PLANE( '', #532 );
#320 = SURFACE_STYLE_USAGE( .BOTH., #533 );
#321 = FACE_OUTER_BOUND( '', #534, .T. );
#322 = PLANE( '', #535 );
#323 = SURFACE_STYLE_USAGE( .BOTH., #536 );
#324 = FACE_BOUND( '', #537, .T. );
#325 = FACE_OUTER_BOUND( '', #538, .T. );
#326 = PLANE( '', #539 );
#327 = SURFACE_STYLE_USAGE( .BOTH., #540 );
#328 = FACE_OUTER_BOUND( '', #541, .T. );
#329 = FACE_BOUND( '', #542, .T. );
#330 = CONICAL_SURFACE( '', #543, 1.60000000000000, 0.785398163397448 );
#331 = SURFACE_STYLE_USAGE( .BOTH., #544 );
#332 = FACE_OUTER_BOUND( '', #545, .T. );
#333 = PLANE( '', #546 );
#334 = SURFACE_STYLE_USAGE( .BOTH., #547 );
#335 = FACE_OUTER_BOUND( '', #548, .T. );
#336 = PLANE( '', #549 );
#337 = SURFACE_STYLE_USAGE( .BOTH., #550 );
#338 = FACE_OUTER_BOUND( '', #551, .T. );
#339 = PLANE( '', #552 );
#340 = SURFACE_STYLE_USAGE( .BOTH., #553 );
#341 = FACE_OUTER_BOUND( '', #554, .T. );
#342 = PLANE( '', #555 );
#343 = SURFACE_STYLE_USAGE( .BOTH., #556 );
#344 = FACE_OUTER_BOUND( '', #557, .T. );
#345 = PLANE( '', #558 );
#346 = SURFACE_STYLE_USAGE( .BOTH., #559 );
#347 = FACE_OUTER_BOUND( '', #560, .T. );
#348 = PLANE( '', #561 );
#349 = SURFACE_STYLE_USAGE( .BOTH., #562 );
#350 = FACE_OUTER_BOUND( '', #563, .T. );
#351 = PLANE( '', #564 );
#352 = SURFACE_STYLE_USAGE( .BOTH., #565 );
#353 = FACE_BOUND( '', #566, .T. );
#354 = FACE_OUTER_BOUND( '', #567, .T. );
#355 = PLANE( '', #568 );
#356 = SURFACE_STYLE_USAGE( .BOTH., #569 );
#357 = FACE_OUTER_BOUND( '', #570, .T. );
#358 = PLANE( '', #571 );
#359 = SURFACE_STYLE_USAGE( .BOTH., #572 );
#360 = FACE_BOUND( '', #573, .T. );
#361 = FACE_OUTER_BOUND( '', #574, .T. );
#362 = CONICAL_SURFACE( '', #575, 1.80000000000000, 0.785398163397449 );
#363 = SURFACE_STYLE_USAGE( .BOTH., #576 );
#364 = FACE_OUTER_BOUND( '', #577, .T. );
#365 = PLANE( '', #578 );
#366 = SURFACE_STYLE_USAGE( .BOTH., #579 );
#367 = FACE_OUTER_BOUND( '', #580, .T. );
#368 = PLANE( '', #581 );
#369 = SURFACE_STYLE_USAGE( .BOTH., #582 );
#370 = FACE_OUTER_BOUND( '', #583, .T. );
#371 = PLANE( '', #584 );
#372 = SURFACE_STYLE_USAGE( .BOTH., #585 );
#373 = FACE_OUTER_BOUND( '', #586, .T. );
#374 = PLANE( '', #587 );
#375 = SURFACE_STYLE_USAGE( .BOTH., #588 );
#376 = FACE_OUTER_BOUND( '', #589, .T. );
#377 = PLANE( '', #590 );
#378 = SURFACE_STYLE_USAGE( .BOTH., #591 );
#379 = FACE_OUTER_BOUND( '', #592, .T. );
#380 = PLANE( '', #593 );
#381 = SURFACE_STYLE_USAGE( .BOTH., #594 );
#382 = FACE_OUTER_BOUND( '', #595, .T. );
#383 = PLANE( '', #596 );
#384 = SURFACE_STYLE_USAGE( .BOTH., #597 );
#385 = FACE_OUTER_BOUND( '', #598, .T. );
#386 = PLANE( '', #599 );
#387 = SURFACE_STYLE_USAGE( .BOTH., #600 );
#388 = FACE_OUTER_BOUND( '', #601, .T. );
#389 = PLANE( '', #602 );
#390 = SURFACE_STYLE_USAGE( .BOTH., #603 );
#391 = FACE_OUTER_BOUND( '', #604, .T. );
#392 = PLANE( '', #605 );
#393 = SURFACE_STYLE_USAGE( .BOTH., #606 );
#394 = FACE_OUTER_BOUND( '', #607, .T. );
#395 = PLANE( '', #608 );
#396 = SURFACE_STYLE_USAGE( .BOTH., #609 );
#397 = FACE_OUTER_BOUND( '', #610, .T. );
#398 = PLANE( '', #611 );
#399 = SURFACE_STYLE_USAGE( .BOTH., #612 );
#400 = FACE_OUTER_BOUND( '', #613, .T. );
#401 = PLANE( '', #614 );
#402 = SURFACE_STYLE_USAGE( .BOTH., #615 );
#403 = FACE_OUTER_BOUND( '', #616, .T. );
#404 = PLANE( '', #617 );
#405 = SURFACE_STYLE_USAGE( .BOTH., #618 );
#406 = FACE_OUTER_BOUND( '', #619, .T. );
#407 = PLANE( '', #620 );
#408 = SURFACE_STYLE_USAGE( .BOTH., #621 );
#409 = FACE_OUTER_BOUND( '', #622, .T. );
#410 = PLANE( '', #623 );
#411 = SURFACE_STYLE_USAGE( .BOTH., #624 );
#412 = FACE_BOUND( '', #625, .T. );
#413 = FACE_BOUND( '', #626, .T. );
#414 = FACE_BOUND( '', #627, .T. );
#415 = FACE_BOUND( '', #628, .T. );
#416 = FACE_BOUND( '', #629, .T. );
#417 = FACE_OUTER_BOUND( '', #630, .T. );
#418 = FACE_BOUND( '', #631, .T. );
#419 = PLANE( '', #632 );
#420 = SURFACE_STYLE_USAGE( .BOTH., #633 );
#421 = FACE_OUTER_BOUND( '', #634, .T. );
#422 = PLANE( '', #635 );
#423 = SURFACE_STYLE_USAGE( .BOTH., #636 );
#424 = FACE_OUTER_BOUND( '', #637, .T. );
#425 = PLANE( '', #638 );
#426 = SURFACE_STYLE_USAGE( .BOTH., #639 );
#427 = FACE_OUTER_BOUND( '', #640, .T. );
#428 = PLANE( '', #641 );
#429 = SURFACE_STYLE_USAGE( .BOTH., #642 );
#430 = FACE_OUTER_BOUND( '', #643, .T. );
#431 = PLANE( '', #644 );
#432 = SURFACE_STYLE_USAGE( .BOTH., #645 );
#433 = FACE_OUTER_BOUND( '', #646, .T. );
#434 = PLANE( '', #647 );
#435 = SURFACE_STYLE_USAGE( .BOTH., #648 );
#436 = FACE_OUTER_BOUND( '', #649, .T. );
#437 = PLANE( '', #650 );
#438 = SURFACE_STYLE_USAGE( .BOTH., #651 );
#439 = FACE_OUTER_BOUND( '', #652, .T. );
#440 = PLANE( '', #653 );
#441 = PRODUCT_CONTEXT( '', #75, 'mechanical' );
#442 = PRODUCT_DEFINITION_FORMATION_WITH_SPECIFIED_SOURCE( ' ', 'NONE', #218, .NOT_KNOWN. );
#443 = CLOSED_SHELL( '', ( #217, #169, #147, #131, #185, #149, #137, #139, #165, #203, #167, #89, #163, #97, #197, #175, #105, #191, #193, #145, #155, #93, #115, #215, #187, #189, #171, #121, #129, #151, #101, #117, #173, #161, #153, #111, #119, #201, #143, #207, #133, #195, #181, #135, #211, #113, #209, #157, #91, #199, #109, #213, #177, #123, #159, #183, #95, #205, #127, #125, #99, #179, #103, #107, #141 ) );
#444 = CARTESIAN_POINT( '', ( 0.000000000000000, 0.000000000000000, 0.000000000000000 ) );
#445 = DIRECTION( '', ( 0.000000000000000, 0.000000000000000, 1.00000000000000 ) );
#446 = DIRECTION( '', ( 1.00000000000000, 0.000000000000000, 0.000000000000000 ) );
#447 =  ( LENGTH_UNIT(  )NAMED_UNIT( #227 )SI_UNIT( .MILLI., .METRE. ) );
#448 = SURFACE_SIDE_STYLE( '', ( #655 ) );
#449 = EDGE_LOOP( '', ( #656, #657, #658, #659 ) );
#450 = AXIS2_PLACEMENT_3D( '', #660, #661, #662 );
#451 = SURFACE_SIDE_STYLE( '', ( #663 ) );
#452 = EDGE_LOOP( '', ( #664, #665, #666, #667 ) );
#453 = AXIS2_PLACEMENT_3D( '', #668, #669, #670 );
#454 = SURFACE_SIDE_STYLE( '', ( #671 ) );
#455 = EDGE_LOOP( '', ( #672, #673, #674, #675 ) );
#456 = AXIS2_PLACEMENT_3D( '', #676, #677, #678 );
#457 = SURFACE_SIDE_STYLE( '', ( #679 ) );
#458 = EDGE_LOOP( '', ( #680, #681, #682, #683 ) );
#459 = AXIS2_PLACEMENT_3D( '', #684, #685, #686 );
#460 = SURFACE_SIDE_STYLE( '', ( #687 ) );
#461 = EDGE_LOOP( '', ( #688, #689, #690, #691 ) );
#462 = AXIS2_PLACEMENT_3D( '', #692, #693, #694 );
#463 = SURFACE_SIDE_STYLE( '', ( #695 ) );
#464 = EDGE_LOOP( '', ( #696, #697, #698, #699 ) );
#465 = AXIS2_PLACEMENT_3D( '', #700, #701, #702 );
#466 = SURFACE_SIDE_STYLE( '', ( #703 ) );
#467 = EDGE_LOOP( '', ( #704, #705, #706, #707 ) );
#468 = AXIS2_PLACEMENT_3D( '', #708, #709, #710 );
#469 = SURFACE_SIDE_STYLE( '', ( #711 ) );
#470 = EDGE_LOOP( '', ( #712, #713, #714, #715 ) );
#471 = AXIS2_PLACEMENT_3D( '', #716, #717, #718 );
#472 = SURFACE_SIDE_STYLE( '', ( #719 ) );
#473 = EDGE_LOOP( '', ( #720, #721, #722, #723 ) );
#474 = AXIS2_PLACEMENT_3D( '', #724, #725, #726 );
#475 = SURFACE_SIDE_STYLE( '', ( #727 ) );
#476 = EDGE_LOOP( '', ( #728, #729, #730, #731 ) );
#477 = AXIS2_PLACEMENT_3D( '', #732, #733, #734 );
#478 = SURFACE_SIDE_STYLE( '', ( #735 ) );
#479 = EDGE_LOOP( '', ( #736, #737, #738, #739 ) );
#480 = AXIS2_PLACEMENT_3D( '', #740, #741, #742 );
#481 = SURFACE_SIDE_STYLE( '', ( #743 ) );
#482 = EDGE_LOOP( '', ( #744, #745, #746, #747 ) );
#483 = AXIS2_PLACEMENT_3D( '', #748, #749, #750 );
#484 = SURFACE_SIDE_STYLE( '', ( #751 ) );
#485 = EDGE_LOOP( '', ( #752, #753, #754, #755 ) );
#486 = AXIS2_PLACEMENT_3D( '', #756, #757, #758 );
#487 = SURFACE_SIDE_STYLE( '', ( #759 ) );
#488 = EDGE_LOOP( '', ( #760, #761, #762, #763 ) );
#489 = AXIS2_PLACEMENT_3D( '', #764, #765, #766 );
#490 = SURFACE_SIDE_STYLE( '', ( #767 ) );
#491 = EDGE_LOOP( '', ( #768, #769, #770, #771 ) );
#492 = AXIS2_PLACEMENT_3D( '', #772, #773, #774 );
#493 = SURFACE_SIDE_STYLE( '', ( #775 ) );
#494 = EDGE_LOOP( '', ( #776, #777, #778, #779 ) );
#495 = AXIS2_PLACEMENT_3D( '', #780, #781, #782 );
#496 = SURFACE_SIDE_STYLE( '', ( #783 ) );
#497 = EDGE_LOOP( '', ( #784, #785, #786, #787 ) );
#498 = AXIS2_PLACEMENT_3D( '', #788, #789, #790 );
#499 = SURFACE_SIDE_STYLE( '', ( #791 ) );
#500 = EDGE_LOOP( '', ( #792, #793, #794, #795 ) );
#501 = AXIS2_PLACEMENT_3D( '', #796, #797, #798 );
#502 = SURFACE_SIDE_STYLE( '', ( #799 ) );
#503 = EDGE_LOOP( '', ( #800, #801, #802, #803 ) );
#504 = AXIS2_PLACEMENT_3D( '', #804, #805, #806 );
#505 = SURFACE_SIDE_STYLE( '', ( #807 ) );
#506 = EDGE_LOOP( '', ( #808, #809, #810, #811 ) );
#507 = AXIS2_PLACEMENT_3D( '', #812, #813, #814 );
#508 = SURFACE_SIDE_STYLE( '', ( #815 ) );
#509 = EDGE_LOOP( '', ( #816, #817, #818, #819 ) );
#510 = AXIS2_PLACEMENT_3D( '', #820, #821, #822 );
#511 = SURFACE_SIDE_STYLE( '', ( #823 ) );
#512 = EDGE_LOOP( '', ( #824, #825, #826, #827 ) );
#513 = AXIS2_PLACEMENT_3D( '', #828, #829, #830 );
#514 = SURFACE_SIDE_STYLE( '', ( #831 ) );
#515 = EDGE_LOOP( '', ( #832, #833, #834, #835 ) );
#516 = AXIS2_PLACEMENT_3D( '', #836, #837, #838 );
#517 = SURFACE_SIDE_STYLE( '', ( #839 ) );
#518 = EDGE_LOOP( '', ( #840, #841, #842, #843 ) );
#519 = AXIS2_PLACEMENT_3D( '', #844, #845, #846 );
#520 = SURFACE_SIDE_STYLE( '', ( #847 ) );
#521 = EDGE_LOOP( '', ( #848 ) );
#522 = EDGE_LOOP( '', ( #849 ) );
#523 = AXIS2_PLACEMENT_3D( '', #850, #851, #852 );
#524 = SURFACE_SIDE_STYLE( '', ( #853 ) );
#525 = EDGE_LOOP( '', ( #854, #855, #856, #857 ) );
#526 = AXIS2_PLACEMENT_3D( '', #858, #859, #860 );
#527 = SURFACE_SIDE_STYLE( '', ( #861 ) );
#528 = EDGE_LOOP( '', ( #862, #863, #864, #865 ) );
#529 = AXIS2_PLACEMENT_3D( '', #866, #867, #868 );
#530 = SURFACE_SIDE_STYLE( '', ( #869 ) );
#531 = EDGE_LOOP( '', ( #870, #871, #872, #873 ) );
#532 = AXIS2_PLACEMENT_3D( '', #874, #875, #876 );
#533 = SURFACE_SIDE_STYLE( '', ( #877 ) );
#534 = EDGE_LOOP( '', ( #878, #879, #880, #881 ) );
#535 = AXIS2_PLACEMENT_3D( '', #882, #883, #884 );
#536 = SURFACE_SIDE_STYLE( '', ( #885 ) );
#537 = EDGE_LOOP( '', ( #886 ) );
#538 = EDGE_LOOP( '', ( #887, #888, #889, #890 ) );
#539 = AXIS2_PLACEMENT_3D( '', #891, #892, #893 );
#540 = SURFACE_SIDE_STYLE( '', ( #894 ) );
#541 = EDGE_LOOP( '', ( #895 ) );
#542 = EDGE_LOOP( '', ( #896 ) );
#543 = AXIS2_PLACEMENT_3D( '', #897, #898, #899 );
#544 = SURFACE_SIDE_STYLE( '', ( #900 ) );
#545 = EDGE_LOOP( '', ( #901, #902, #903, #904 ) );
#546 = AXIS2_PLACEMENT_3D( '', #905, #906, #907 );
#547 = SURFACE_SIDE_STYLE( '', ( #908 ) );
#548 = EDGE_LOOP( '', ( #909, #910, #911, #912 ) );
#549 = AXIS2_PLACEMENT_3D( '', #913, #914, #915 );
#550 = SURFACE_SIDE_STYLE( '', ( #916 ) );
#551 = EDGE_LOOP( '', ( #917, #918, #919, #920 ) );
#552 = AXIS2_PLACEMENT_3D( '', #921, #922, #923 );
#553 = SURFACE_SIDE_STYLE( '', ( #924 ) );
#554 = EDGE_LOOP( '', ( #925, #926, #927, #928 ) );
#555 = AXIS2_PLACEMENT_3D( '', #929, #930, #931 );
#556 = SURFACE_SIDE_STYLE( '', ( #932 ) );
#557 = EDGE_LOOP( '', ( #933, #934, #935, #936 ) );
#558 = AXIS2_PLACEMENT_3D( '', #937, #938, #939 );
#559 = SURFACE_SIDE_STYLE( '', ( #940 ) );
#560 = EDGE_LOOP( '', ( #941, #942, #943, #944 ) );
#561 = AXIS2_PLACEMENT_3D( '', #945, #946, #947 );
#562 = SURFACE_SIDE_STYLE( '', ( #948 ) );
#563 = EDGE_LOOP( '', ( #949, #950, #951, #952 ) );
#564 = AXIS2_PLACEMENT_3D( '', #953, #954, #955 );
#565 = SURFACE_SIDE_STYLE( '', ( #956 ) );
#566 = EDGE_LOOP( '', ( #957 ) );
#567 = EDGE_LOOP( '', ( #958, #959, #960, #961 ) );
#568 = AXIS2_PLACEMENT_3D( '', #962, #963, #964 );
#569 = SURFACE_SIDE_STYLE( '', ( #965 ) );
#570 = EDGE_LOOP( '', ( #966, #967, #968, #969, #970, #971 ) );
#571 = AXIS2_PLACEMENT_3D( '', #972, #973, #974 );
#572 = SURFACE_SIDE_STYLE( '', ( #975 ) );
#573 = EDGE_LOOP( '', ( #976 ) );
#574 = EDGE_LOOP( '', ( #977 ) );
#575 = AXIS2_PLACEMENT_3D( '', #978, #979, #980 );
#576 = SURFACE_SIDE_STYLE( '', ( #981 ) );
#577 = EDGE_LOOP( '', ( #982, #983, #984, #985 ) );
#578 = AXIS2_PLACEMENT_3D( '', #986, #987, #988 );
#579 = SURFACE_SIDE_STYLE( '', ( #989 ) );
#580 = EDGE_LOOP( '', ( #990, #991, #992, #993 ) );
#581 = AXIS2_PLACEMENT_3D( '', #994, #995, #996 );
#582 = SURFACE_SIDE_STYLE( '', ( #997 ) );
#583 = EDGE_LOOP( '', ( #998, #999, #1000, #1001 ) );
#584 = AXIS2_PLACEMENT_3D( '', #1002, #1003, #1004 );
#585 = SURFACE_SIDE_STYLE( '', ( #1005 ) );
#586 = EDGE_LOOP( '', ( #1006, #1007, #1008, #1009 ) );
#587 = AXIS2_PLACEMENT_3D( '', #1010, #1011, #1012 );
#588 = SURFACE_SIDE_STYLE( '', ( #1013 ) );
#589 = EDGE_LOOP( '', ( #1014, #1015, #1016, #1017 ) );
#590 = AXIS2_PLACEMENT_3D( '', #1018, #1019, #1020 );
#591 = SURFACE_SIDE_STYLE( '', ( #1021 ) );
#592 = EDGE_LOOP( '', ( #1022, #1023, #1024, #1025 ) );
#593 = AXIS2_PLACEMENT_3D( '', #1026, #1027, #1028 );
#594 = SURFACE_SIDE_STYLE( '', ( #1029 ) );
#595 = EDGE_LOOP( '', ( #1030, #1031, #1032, #1033 ) );
#596 = AXIS2_PLACEMENT_3D( '', #1034, #1035, #1036 );
#597 = SURFACE_SIDE_STYLE( '', ( #1037 ) );
#598 = EDGE_LOOP( '', ( #1038, #1039, #1040, #1041, #1042, #1043 ) );
#599 = AXIS2_PLACEMENT_3D( '', #1044, #1045, #1046 );
#600 = SURFACE_SIDE_STYLE( '', ( #1047 ) );
#601 = EDGE_LOOP( '', ( #1048, #1049, #1050, #1051 ) );
#602 = AXIS2_PLACEMENT_3D( '', #1052, #1053, #1054 );
#603 = SURFACE_SIDE_STYLE( '', ( #1055 ) );
#604 = EDGE_LOOP( '', ( #1056, #1057, #1058, #1059 ) );
#605 = AXIS2_PLACEMENT_3D( '', #1060, #1061, #1062 );
#606 = SURFACE_SIDE_STYLE( '', ( #1063 ) );
#607 = EDGE_LOOP( '', ( #1064, #1065, #1066, #1067 ) );
#608 = AXIS2_PLACEMENT_3D( '', #1068, #1069, #1070 );
#609 = SURFACE_SIDE_STYLE( '', ( #1071 ) );
#610 = EDGE_LOOP( '', ( #1072, #1073, #1074, #1075 ) );
#611 = AXIS2_PLACEMENT_3D( '', #1076, #1077, #1078 );
#612 = SURFACE_SIDE_STYLE( '', ( #1079 ) );
#613 = EDGE_LOOP( '', ( #1080, #1081, #1082, #1083 ) );
#614 = AXIS2_PLACEMENT_3D( '', #1084, #1085, #1086 );
#615 = SURFACE_SIDE_STYLE( '', ( #1087 ) );
#616 = EDGE_LOOP( '', ( #1088, #1089, #1090, #1091 ) );
#617 = AXIS2_PLACEMENT_3D( '', #1092, #1093, #1094 );
#618 = SURFACE_SIDE_STYLE( '', ( #1095 ) );
#619 = EDGE_LOOP( '', ( #1096, #1097, #1098, #1099 ) );
#620 = AXIS2_PLACEMENT_3D( '', #1100, #1101, #1102 );
#621 = SURFACE_SIDE_STYLE( '', ( #1103 ) );
#622 = EDGE_LOOP( '', ( #1104, #1105, #1106, #1107 ) );
#623 = AXIS2_PLACEMENT_3D( '', #1108, #1109, #1110 );
#624 = SURFACE_SIDE_STYLE( '', ( #1111 ) );
#625 = EDGE_LOOP( '', ( #1112, #1113, #1114, #1115 ) );
#626 = EDGE_LOOP( '', ( #1116, #1117, #1118, #1119 ) );
#627 = EDGE_LOOP( '', ( #1120, #1121, #1122, #1123 ) );
#628 = EDGE_LOOP( '', ( #1124, #1125, #1126, #1127 ) );
#629 = EDGE_LOOP( '', ( #1128, #1129, #1130, #1131 ) );
#630 = EDGE_LOOP( '', ( #1132, #1133, #1134, #1135 ) );
#631 = EDGE_LOOP( '', ( #1136, #1137, #1138, #1139 ) );
#632 = AXIS2_PLACEMENT_3D( '', #1140, #1141, #1142 );
#633 = SURFACE_SIDE_STYLE( '', ( #1143 ) );
#634 = EDGE_LOOP( '', ( #1144, #1145, #1146, #1147 ) );
#635 = AXIS2_PLACEMENT_3D( '', #1148, #1149, #1150 );
#636 = SURFACE_SIDE_STYLE( '', ( #1151 ) );
#637 = EDGE_LOOP( '', ( #1152, #1153, #1154, #1155 ) );
#638 = AXIS2_PLACEMENT_3D( '', #1156, #1157, #1158 );
#639 = SURFACE_SIDE_STYLE( '', ( #1159 ) );
#640 = EDGE_LOOP( '', ( #1160, #1161, #1162, #1163 ) );
#641 = AXIS2_PLACEMENT_3D( '', #1164, #1165, #1166 );
#642 = SURFACE_SIDE_STYLE( '', ( #1167 ) );
#643 = EDGE_LOOP( '', ( #1168, #1169, #1170, #1171 ) );
#644 = AXIS2_PLACEMENT_3D( '', #1172, #1173, #1174 );
#645 = SURFACE_SIDE_STYLE( '', ( #1175 ) );
#646 = EDGE_LOOP( '', ( #1176, #1177, #1178, #1179 ) );
#647 = AXIS2_PLACEMENT_3D( '', #1180, #1181, #1182 );
#648 = SURFACE_SIDE_STYLE( '', ( #1183 ) );
#649 = EDGE_LOOP( '', ( #1184, #1185, #1186, #1187 ) );
#650 = AXIS2_PLACEMENT_3D( '', #1188, #1189, #1190 );
#651 = SURFACE_SIDE_STYLE( '', ( #1191 ) );
#652 = EDGE_LOOP( '', ( #1192, #1193, #1194, #1195 ) );
#653 = AXIS2_PLACEMENT_3D( '', #1196, #1197, #1198 );
#655 = SURFACE_STYLE_FILL_AREA( #1199 );
#656 = ORIENTED_EDGE( '', *, *, #1200, .F. );
#657 = ORIENTED_EDGE( '', *, *, #1201, .T. );
#658 = ORIENTED_EDGE( '', *, *, #1202, .T. );
#659 = ORIENTED_EDGE( '', *, *, #1203, .T. );
#660 = CARTESIAN_POINT( '', ( -3.10500000000000, -1.97500000000000, -3.50000000000000 ) );
#661 = DIRECTION( '', ( -6.14061407425420E-015, -1.00000000000000, 0.000000000000000 ) );
#662 = DIRECTION( '', ( 1.00000000000000, -6.14061407425420E-015, 0.000000000000000 ) );
#663 = SURFACE_STYLE_FILL_AREA( #1204 );
#664 = ORIENTED_EDGE( '', *, *, #1205, .F. );
#665 = ORIENTED_EDGE( '', *, *, #1206, .T. );
#666 = ORIENTED_EDGE( '', *, *, #1207, .T. );
#667 = ORIENTED_EDGE( '', *, *, #1208, .T. );
#668 = CARTESIAN_POINT( '', ( 3.10500000000000, -3.10500000000000, -3.50000000000000 ) );
#669 = DIRECTION( '', ( -3.07030703712710E-015, 1.00000000000000, 0.000000000000000 ) );
#670 = DIRECTION( '', ( -1.00000000000000, -3.07030703712710E-015, 0.000000000000000 ) );
#671 = SURFACE_STYLE_FILL_AREA( #1209 );
#672 = ORIENTED_EDGE( '', *, *, #1210, .F. );
#673 = ORIENTED_EDGE( '', *, *, #1211, .T. );
#674 = ORIENTED_EDGE( '', *, *, #1212, .T. );
#675 = ORIENTED_EDGE( '', *, *, #1213, .T. );
#676 = CARTESIAN_POINT( '', ( -1.97500000000000, 1.97500000000000, -3.50000000000000 ) );
#677 = DIRECTION( '', ( -3.07030703712710E-015, 1.00000000000000, 0.000000000000000 ) );
#678 = DIRECTION( '', ( -1.00000000000000, -3.07030703712710E-015, 0.000000000000000 ) );
#679 = SURFACE_STYLE_FILL_AREA( #1214 );
#680 = ORIENTED_EDGE( '', *, *, #1215, .T. );
#681 = ORIENTED_EDGE( '', *, *, #1216, .T. );
#682 = ORIENTED_EDGE( '', *, *, #1217, .T. );
#683 = ORIENTED_EDGE( '', *, *, #1218, .T. );
#684 = CARTESIAN_POINT( '', ( 1.97500000000000, 3.10500000000000, -3.50000000000000 ) );
#685 = DIRECTION( '', ( 0.000000000000000, 0.000000000000000, -1.00000000000000 ) );
#686 = DIRECTION( '', ( -1.00000000000000, 0.000000000000000, 0.000000000000000 ) );
#687 = SURFACE_STYLE_FILL_AREA( #1219 );
#688 = ORIENTED_EDGE( '', *, *, #1220, .F. );
#689 = ORIENTED_EDGE( '', *, *, #1221, .T. );
#690 = ORIENTED_EDGE( '', *, *, #1222, .T. );
#691 = ORIENTED_EDGE( '', *, *, #1223, .T. );
#692 = CARTESIAN_POINT( '', ( -1.97500000000000, -3.10500000000000, -3.50000000000000 ) );
#693 = DIRECTION( '', ( -3.07030703712710E-015, 1.00000000000000, 0.000000000000000 ) );
#694 = DIRECTION( '', ( -1.00000000000000, -3.07030703712710E-015, 0.000000000000000 ) );
#695 = SURFACE_STYLE_FILL_AREA( #1224 );
#696 = ORIENTED_EDGE( '', *, *, #1225, .F. );
#697 = ORIENTED_EDGE( '', *, *, #1226, .T. );
#698 = ORIENTED_EDGE( '', *, *, #1227, .T. );
#699 = ORIENTED_EDGE( '', *, *, #1228, .T. );
#700 = CARTESIAN_POINT( '', ( 1.97500000000000, 1.97500000000000, -3.50000000000000 ) );
#701 = DIRECTION( '', ( 1.00000000000000, 1.53515351856353E-015, 0.000000000000000 ) );
#702 = DIRECTION( '', ( -1.53515351856353E-015, 1.00000000000000, 0.000000000000000 ) );
#703 = SURFACE_STYLE_FILL_AREA( #1229 );
#704 = ORIENTED_EDGE( '', *, *, #1230, .F. );
#705 = ORIENTED_EDGE( '', *, *, #1231, .T. );
#706 = ORIENTED_EDGE( '', *, *, #1232, .T. );
#707 = ORIENTED_EDGE( '', *, *, #1233, .T. );
#708 = CARTESIAN_POINT( '', ( 0.565000000000000, -3.10500000000000, -3.50000000000000 ) );
#709 = DIRECTION( '', ( -3.07030703712710E-015, 1.00000000000000, 0.000000000000000 ) );
#710 = DIRECTION( '', ( -1.00000000000000, -3.07030703712710E-015, 0.000000000000000 ) );
#711 = SURFACE_STYLE_FILL_AREA( #1234 );
#712 = ORIENTED_EDGE( '', *, *, #1235, .F. );
#713 = ORIENTED_EDGE( '', *, *, #1236, .F. );
#714 = ORIENTED_EDGE( '', *, *, #1237, .F. );
#715 = ORIENTED_EDGE( '', *, *, #1218, .F. );
#716 = CARTESIAN_POINT( '', ( 1.97500000000000, 2.80500000000000, -3.50000000000000 ) );
#717 = DIRECTION( '', ( 4.34206985255469E-015, 0.707106781186548, -0.707106781186548 ) );
#718 = DIRECTION( '', ( 0.000000000000000, 0.707106781186548, 0.707106781186548 ) );
#719 = SURFACE_STYLE_FILL_AREA( #1238 );
#720 = ORIENTED_EDGE( '', *, *, #1239, .T. );
#721 = ORIENTED_EDGE( '', *, *, #1240, .T. );
#722 = ORIENTED_EDGE( '', *, *, #1241, .T. );
#723 = ORIENTED_EDGE( '', *, *, #1242, .T. );
#724 = CARTESIAN_POINT( '', ( -3.10500000000000, -1.97500000000000, -3.50000000000000 ) );
#725 = DIRECTION( '', ( 0.000000000000000, 0.000000000000000, -1.00000000000000 ) );
#726 = DIRECTION( '', ( -1.00000000000000, 0.000000000000000, 0.000000000000000 ) );
#727 = SURFACE_STYLE_FILL_AREA( #1243 );
#728 = ORIENTED_EDGE( '', *, *, #1237, .T. );
#729 = ORIENTED_EDGE( '', *, *, #1244, .F. );
#730 = ORIENTED_EDGE( '', *, *, #1245, .F. );
#731 = ORIENTED_EDGE( '', *, *, #1215, .F. );
#732 = CARTESIAN_POINT( '', ( 2.80500000000000, 3.10500000000000, -3.50000000000000 ) );
#733 = DIRECTION( '', ( 0.707106781186548, 1.08551746313867E-015, -0.707106781186548 ) );
#734 = DIRECTION( '', ( -0.707106781186548, 0.000000000000000, -0.707106781186548 ) );
#735 = SURFACE_STYLE_FILL_AREA( #1246 );
#736 = ORIENTED_EDGE( '', *, *, #1247, .F. );
#737 = ORIENTED_EDGE( '', *, *, #1248, .T. );
#738 = ORIENTED_EDGE( '', *, *, #1249, .T. );
#739 = ORIENTED_EDGE( '', *, *, #1250, .T. );
#740 = CARTESIAN_POINT( '', ( 1.97500000000000, -1.97500000000000, -3.50000000000000 ) );
#741 = DIRECTION( '', ( -6.14061407425420E-015, -1.00000000000000, 0.000000000000000 ) );
#742 = DIRECTION( '', ( 1.00000000000000, -6.14061407425420E-015, 0.000000000000000 ) );
#743 = SURFACE_STYLE_FILL_AREA( #1251 );
#744 = ORIENTED_EDGE( '', *, *, #1252, .F. );
#745 = ORIENTED_EDGE( '', *, *, #1253, .F. );
#746 = ORIENTED_EDGE( '', *, *, #1254, .F. );
#747 = ORIENTED_EDGE( '', *, *, #1255, .F. );
#748 = CARTESIAN_POINT( '', ( -0.565000000000000, -2.27500000000000, -3.50000000000000 ) );
#749 = DIRECTION( '', ( 4.34206985255469E-015, 0.707106781186548, -0.707106781186548 ) );
#750 = DIRECTION( '', ( 0.000000000000000, 0.707106781186548, 0.707106781186548 ) );
#751 = SURFACE_STYLE_FILL_AREA( #1256 );
#752 = ORIENTED_EDGE( '', *, *, #1257, .T. );
#753 = ORIENTED_EDGE( '', *, *, #1258, .F. );
#754 = ORIENTED_EDGE( '', *, *, #1259, .F. );
#755 = ORIENTED_EDGE( '', *, *, #1260, .F. );
#756 = CARTESIAN_POINT( '', ( 0.265000000000000, 3.10500000000000, -3.50000000000000 ) );
#757 = DIRECTION( '', ( 0.707106781186548, 1.08551746313867E-015, -0.707106781186548 ) );
#758 = DIRECTION( '', ( -0.707106781186548, 0.000000000000000, -0.707106781186548 ) );
#759 = SURFACE_STYLE_FILL_AREA( #1261 );
#760 = ORIENTED_EDGE( '', *, *, #1212, .F. );
#761 = ORIENTED_EDGE( '', *, *, #1262, .T. );
#762 = ORIENTED_EDGE( '', *, *, #1263, .T. );
#763 = ORIENTED_EDGE( '', *, *, #1264, .T. );
#764 = CARTESIAN_POINT( '', ( -1.97500000000000, 3.10500000000000, -3.50000000000000 ) );
#765 = DIRECTION( '', ( -1.00000000000000, -1.53515351856355E-015, 0.000000000000000 ) );
#766 = DIRECTION( '', ( 1.53515351856355E-015, -1.00000000000000, 0.000000000000000 ) );
#767 = SURFACE_STYLE_FILL_AREA( #1265 );
#768 = ORIENTED_EDGE( '', *, *, #1232, .F. );
#769 = ORIENTED_EDGE( '', *, *, #1266, .T. );
#770 = ORIENTED_EDGE( '', *, *, #1267, .T. );
#771 = ORIENTED_EDGE( '', *, *, #1268, .T. );
#772 = CARTESIAN_POINT( '', ( 0.565000000000000, -1.97500000000000, -3.50000000000000 ) );
#773 = DIRECTION( '', ( -1.00000000000000, -1.53515351856355E-015, 0.000000000000000 ) );
#774 = DIRECTION( '', ( 1.53515351856355E-015, -1.00000000000000, 0.000000000000000 ) );
#775 = SURFACE_STYLE_FILL_AREA( #1269 );
#776 = ORIENTED_EDGE( '', *, *, #1254, .T. );
#777 = ORIENTED_EDGE( '', *, *, #1266, .F. );
#778 = ORIENTED_EDGE( '', *, *, #1270, .F. );
#779 = ORIENTED_EDGE( '', *, *, #1271, .F. );
#780 = CARTESIAN_POINT( '', ( 0.265000000000000, -1.97500000000000, -3.50000000000000 ) );
#781 = DIRECTION( '', ( 0.707106781186548, 1.08551746313867E-015, -0.707106781186548 ) );
#782 = DIRECTION( '', ( -0.707106781186548, 0.000000000000000, -0.707106781186548 ) );
#783 = SURFACE_STYLE_FILL_AREA( #1272 );
#784 = ORIENTED_EDGE( '', *, *, #1273, .T. );
#785 = ORIENTED_EDGE( '', *, *, #1262, .F. );
#786 = ORIENTED_EDGE( '', *, *, #1274, .F. );
#787 = ORIENTED_EDGE( '', *, *, #1275, .F. );
#788 = CARTESIAN_POINT( '', ( -2.27500000000000, 3.10500000000000, -3.50000000000000 ) );
#789 = DIRECTION( '', ( 0.707106781186548, 1.08551746313867E-015, -0.707106781186548 ) );
#790 = DIRECTION( '', ( -0.707106781186548, 0.000000000000000, -0.707106781186548 ) );
#791 = SURFACE_STYLE_FILL_AREA( #1276 );
#792 = ORIENTED_EDGE( '', *, *, #1277, .F. );
#793 = ORIENTED_EDGE( '', *, *, #1248, .F. );
#794 = ORIENTED_EDGE( '', *, *, #1278, .F. );
#795 = ORIENTED_EDGE( '', *, *, #1279, .F. );
#796 = CARTESIAN_POINT( '', ( 1.97500000000000, -2.27500000000000, -3.50000000000000 ) );
#797 = DIRECTION( '', ( 4.34206985255469E-015, 0.707106781186548, -0.707106781186548 ) );
#798 = DIRECTION( '', ( 0.000000000000000, 0.707106781186548, 0.707106781186548 ) );
#799 = SURFACE_STYLE_FILL_AREA( #1280 );
#800 = ORIENTED_EDGE( '', *, *, #1281, .F. );
#801 = ORIENTED_EDGE( '', *, *, #1236, .T. );
#802 = ORIENTED_EDGE( '', *, *, #1225, .T. );
#803 = ORIENTED_EDGE( '', *, *, #1282, .T. );
#804 = CARTESIAN_POINT( '', ( 1.97500000000000, 3.10500000000000, -3.50000000000000 ) );
#805 = DIRECTION( '', ( -6.14061407425420E-015, -1.00000000000000, 0.000000000000000 ) );
#806 = DIRECTION( '', ( 1.00000000000000, -6.14061407425420E-015, 0.000000000000000 ) );
#807 = SURFACE_STYLE_FILL_AREA( #1283 );
#808 = ORIENTED_EDGE( '', *, *, #1284, .F. );
#809 = ORIENTED_EDGE( '', *, *, #1244, .T. );
#810 = ORIENTED_EDGE( '', *, *, #1281, .T. );
#811 = ORIENTED_EDGE( '', *, *, #1285, .T. );
#812 = CARTESIAN_POINT( '', ( 3.10500000000000, 3.10500000000000, -3.50000000000000 ) );
#813 = DIRECTION( '', ( -1.00000000000000, -1.53515351856355E-015, 0.000000000000000 ) );
#814 = DIRECTION( '', ( 1.53515351856355E-015, -1.00000000000000, 0.000000000000000 ) );
#815 = SURFACE_STYLE_FILL_AREA( #1286 );
#816 = ORIENTED_EDGE( '', *, *, #1274, .T. );
#817 = ORIENTED_EDGE( '', *, *, #1211, .F. );
#818 = ORIENTED_EDGE( '', *, *, #1287, .T. );
#819 = ORIENTED_EDGE( '', *, *, #1288, .F. );
#820 = CARTESIAN_POINT( '', ( -3.10500000000000, 2.27500000000000, -3.50000000000000 ) );
#821 = DIRECTION( '', ( 2.17103492627735E-015, -0.707106781186548, -0.707106781186548 ) );
#822 = DIRECTION( '', ( 0.000000000000000, 0.707106781186548, -0.707106781186548 ) );
#823 = SURFACE_STYLE_FILL_AREA( #1289 );
#824 = ORIENTED_EDGE( '', *, *, #1290, .F. );
#825 = ORIENTED_EDGE( '', *, *, #1291, .T. );
#826 = ORIENTED_EDGE( '', *, *, #1292, .T. );
#827 = ORIENTED_EDGE( '', *, *, #1293, .T. );
#828 = CARTESIAN_POINT( '', ( -3.50000000000000, -3.50000000000000, 14.0000000000000 ) );
#829 = DIRECTION( '', ( 0.000000000000000, 0.000000000000000, 1.00000000000000 ) );
#830 = DIRECTION( '', ( 1.00000000000000, 0.000000000000000, 0.000000000000000 ) );
#831 = SURFACE_STYLE_FILL_AREA( #1294 );
#832 = ORIENTED_EDGE( '', *, *, #1295, .F. );
#833 = ORIENTED_EDGE( '', *, *, #1258, .T. );
#834 = ORIENTED_EDGE( '', *, *, #1296, .T. );
#835 = ORIENTED_EDGE( '', *, *, #1297, .T. );
#836 = CARTESIAN_POINT( '', ( 0.565000000000000, 3.10500000000000, -3.50000000000000 ) );
#837 = DIRECTION( '', ( -1.00000000000000, -1.53515351856355E-015, 0.000000000000000 ) );
#838 = DIRECTION( '', ( 1.53515351856355E-015, -1.00000000000000, 0.000000000000000 ) );
#839 = SURFACE_STYLE_FILL_AREA( #1298 );
#840 = ORIENTED_EDGE( '', *, *, #1299, .T. );
#841 = ORIENTED_EDGE( '', *, *, #1300, .F. );
#842 = ORIENTED_EDGE( '', *, *, #1301, .F. );
#843 = ORIENTED_EDGE( '', *, *, #1302, .F. );
#844 = CARTESIAN_POINT( '', ( -0.265000000000000, 3.10500000000000, -3.50000000000000 ) );
#845 = DIRECTION( '', ( -0.707106781186548, -1.08551746313866E-015, -0.707106781186548 ) );
#846 = DIRECTION( '', ( -0.707106781186548, 0.000000000000000, 0.707106781186548 ) );
#847 = SURFACE_STYLE_FILL_AREA( #1303 );
#848 = ORIENTED_EDGE( '', *, *, #1304, .T. );
#849 = ORIENTED_EDGE( '', *, *, #1305, .T. );
#850 = CARTESIAN_POINT( '', ( 3.50000000000000, -7.26844998089738E-016, 9.00000000000000 ) );
#851 = DIRECTION( '', ( 1.00000000000000, 1.23908819712629E-016, -0.000000000000000 ) );
#852 = DIRECTION( '', ( -1.23908819712629E-016, 1.00000000000000, 0.000000000000000 ) );
#853 = SURFACE_STYLE_FILL_AREA( #1306 );
#854 = ORIENTED_EDGE( '', *, *, #1307, .T. );
#855 = ORIENTED_EDGE( '', *, *, #1308, .T. );
#856 = ORIENTED_EDGE( '', *, *, #1309, .F. );
#857 = ORIENTED_EDGE( '', *, *, #1310, .F. );
#858 = CARTESIAN_POINT( '', ( -0.300000000000000, 16.6059692628831, 3.00000000000000 ) );
#859 = DIRECTION( '', ( -2.71050543121376E-016, -6.71711057612736E-032, 1.00000000000000 ) );
#860 = DIRECTION( '', ( 1.00000000000000, 0.000000000000000, 2.71050543121376E-016 ) );
#861 = SURFACE_STYLE_FILL_AREA( #1311 );
#862 = ORIENTED_EDGE( '', *, *, #1245, .T. );
#863 = ORIENTED_EDGE( '', *, *, #1312, .F. );
#864 = ORIENTED_EDGE( '', *, *, #1313, .T. );
#865 = ORIENTED_EDGE( '', *, *, #1216, .F. );
#866 = CARTESIAN_POINT( '', ( 1.97500000000000, 2.27500000000000, -3.50000000000000 ) );
#867 = DIRECTION( '', ( 2.17103492627735E-015, -0.707106781186548, -0.707106781186548 ) );
#868 = DIRECTION( '', ( 0.000000000000000, 0.707106781186548, -0.707106781186548 ) );
#869 = SURFACE_STYLE_FILL_AREA( #1314 );
#870 = ORIENTED_EDGE( '', *, *, #1260, .T. );
#871 = ORIENTED_EDGE( '', *, *, #1315, .T. );
#872 = ORIENTED_EDGE( '', *, *, #1300, .T. );
#873 = ORIENTED_EDGE( '', *, *, #1316, .T. );
#874 = CARTESIAN_POINT( '', ( -0.565000000000000, 3.10500000000000, -3.50000000000000 ) );
#875 = DIRECTION( '', ( 0.000000000000000, 0.000000000000000, -1.00000000000000 ) );
#876 = DIRECTION( '', ( -1.00000000000000, 0.000000000000000, 0.000000000000000 ) );
#877 = SURFACE_STYLE_FILL_AREA( #1317 );
#878 = ORIENTED_EDGE( '', *, *, #1318, .F. );
#879 = ORIENTED_EDGE( '', *, *, #1201, .F. );
#880 = ORIENTED_EDGE( '', *, *, #1319, .F. );
#881 = ORIENTED_EDGE( '', *, *, #1242, .F. );
#882 = CARTESIAN_POINT( '', ( -3.10500000000000, -2.27500000000000, -3.50000000000000 ) );
#883 = DIRECTION( '', ( 4.34206985255469E-015, 0.707106781186548, -0.707106781186548 ) );
#884 = DIRECTION( '', ( 0.000000000000000, 0.707106781186548, 0.707106781186548 ) );
#885 = SURFACE_STYLE_FILL_AREA( #1320 );
#886 = ORIENTED_EDGE( '', *, *, #1321, .T. );
#887 = ORIENTED_EDGE( '', *, *, #1322, .T. );
#888 = ORIENTED_EDGE( '', *, *, #1310, .T. );
#889 = ORIENTED_EDGE( '', *, *, #1323, .F. );
#890 = ORIENTED_EDGE( '', *, *, #1290, .T. );
#891 = CARTESIAN_POINT( '', ( -0.300000000000000, 16.6059692628831, 14.0000000000000 ) );
#892 = DIRECTION( '', ( -1.00000000000000, -2.47817639425258E-016, -1.23204792327898E-016 ) );
#893 = DIRECTION( '', ( 2.47817639425258E-016, -1.00000000000000, 0.000000000000000 ) );
#894 = SURFACE_STYLE_FILL_AREA( #1324 );
#895 = ORIENTED_EDGE( '', *, *, #1321, .F. );
#896 = ORIENTED_EDGE( '', *, *, #1304, .F. );
#897 = CARTESIAN_POINT( '', ( -0.0999999999999981, -1.17291674905520E-015, 9.00000000000000 ) );
#898 = DIRECTION( '', ( -1.00000000000000, -1.23908819712629E-016, 0.000000000000000 ) );
#899 = DIRECTION( '', ( 1.23908819712629E-016, -1.00000000000000, 0.000000000000000 ) );
#900 = SURFACE_STYLE_FILL_AREA( #1325 );
#901 = ORIENTED_EDGE( '', *, *, #1271, .T. );
#902 = ORIENTED_EDGE( '', *, *, #1326, .T. );
#903 = ORIENTED_EDGE( '', *, *, #1327, .T. );
#904 = ORIENTED_EDGE( '', *, *, #1255, .T. );
#905 = CARTESIAN_POINT( '', ( -0.565000000000000, -1.97500000000000, -3.50000000000000 ) );
#906 = DIRECTION( '', ( 0.000000000000000, 0.000000000000000, -1.00000000000000 ) );
#907 = DIRECTION( '', ( -1.00000000000000, 0.000000000000000, 0.000000000000000 ) );
#908 = SURFACE_STYLE_FILL_AREA( #1328 );
#909 = ORIENTED_EDGE( '', *, *, #1252, .T. );
#910 = ORIENTED_EDGE( '', *, *, #1327, .F. );
#911 = ORIENTED_EDGE( '', *, *, #1329, .F. );
#912 = ORIENTED_EDGE( '', *, *, #1330, .F. );
#913 = CARTESIAN_POINT( '', ( -0.265000000000000, -1.97500000000000, -3.50000000000000 ) );
#914 = DIRECTION( '', ( -0.707106781186548, -1.08551746313866E-015, -0.707106781186548 ) );
#915 = DIRECTION( '', ( -0.707106781186548, 0.000000000000000, 0.707106781186548 ) );
#916 = SURFACE_STYLE_FILL_AREA( #1331 );
#917 = ORIENTED_EDGE( '', *, *, #1275, .T. );
#918 = ORIENTED_EDGE( '', *, *, #1288, .T. );
#919 = ORIENTED_EDGE( '', *, *, #1332, .T. );
#920 = ORIENTED_EDGE( '', *, *, #1333, .T. );
#921 = CARTESIAN_POINT( '', ( -3.10500000000000, 3.10500000000000, -3.50000000000000 ) );
#922 = DIRECTION( '', ( 0.000000000000000, 0.000000000000000, -1.00000000000000 ) );
#923 = DIRECTION( '', ( -1.00000000000000, 0.000000000000000, 0.000000000000000 ) );
#924 = SURFACE_STYLE_FILL_AREA( #1334 );
#925 = ORIENTED_EDGE( '', *, *, #1335, .T. );
#926 = ORIENTED_EDGE( '', *, *, #1336, .T. );
#927 = ORIENTED_EDGE( '', *, *, #1337, .T. );
#928 = ORIENTED_EDGE( '', *, *, #1279, .T. );
#929 = CARTESIAN_POINT( '', ( 1.97500000000000, -1.97500000000000, -3.50000000000000 ) );
#930 = DIRECTION( '', ( 0.000000000000000, 0.000000000000000, -1.00000000000000 ) );
#931 = DIRECTION( '', ( -1.00000000000000, 0.000000000000000, 0.000000000000000 ) );
#932 = SURFACE_STYLE_FILL_AREA( #1338 );
#933 = ORIENTED_EDGE( '', *, *, #1278, .T. );
#934 = ORIENTED_EDGE( '', *, *, #1339, .F. );
#935 = ORIENTED_EDGE( '', *, *, #1340, .F. );
#936 = ORIENTED_EDGE( '', *, *, #1335, .F. );
#937 = CARTESIAN_POINT( '', ( 2.80500000000000, -1.97500000000000, -3.50000000000000 ) );
#938 = DIRECTION( '', ( 0.707106781186548, 1.08551746313867E-015, -0.707106781186548 ) );
#939 = DIRECTION( '', ( -0.707106781186548, 0.000000000000000, -0.707106781186548 ) );
#940 = SURFACE_STYLE_FILL_AREA( #1341 );
#941 = ORIENTED_EDGE( '', *, *, #1342, .F. );
#942 = ORIENTED_EDGE( '', *, *, #1330, .T. );
#943 = ORIENTED_EDGE( '', *, *, #1230, .T. );
#944 = ORIENTED_EDGE( '', *, *, #1343, .T. );
#945 = CARTESIAN_POINT( '', ( -0.565000000000000, -3.10500000000000, -3.50000000000000 ) );
#946 = DIRECTION( '', ( 1.00000000000000, 1.53515351856353E-015, 0.000000000000000 ) );
#947 = DIRECTION( '', ( -1.53515351856353E-015, 1.00000000000000, 0.000000000000000 ) );
#948 = SURFACE_STYLE_FILL_AREA( #1344 );
#949 = ORIENTED_EDGE( '', *, *, #1202, .F. );
#950 = ORIENTED_EDGE( '', *, *, #1345, .T. );
#951 = ORIENTED_EDGE( '', *, *, #1220, .T. );
#952 = ORIENTED_EDGE( '', *, *, #1346, .T. );
#953 = CARTESIAN_POINT( '', ( -3.10500000000000, -3.10500000000000, -3.50000000000000 ) );
#954 = DIRECTION( '', ( 1.00000000000000, 1.53515351856353E-015, 0.000000000000000 ) );
#955 = DIRECTION( '', ( -1.53515351856353E-015, 1.00000000000000, 0.000000000000000 ) );
#956 = SURFACE_STYLE_FILL_AREA( #1347 );
#957 = ORIENTED_EDGE( '', *, *, #1348, .T. );
#958 = ORIENTED_EDGE( '', *, *, #1349, .T. );
#959 = ORIENTED_EDGE( '', *, *, #1350, .F. );
#960 = ORIENTED_EDGE( '', *, *, #1292, .F. );
#961 = ORIENTED_EDGE( '', *, *, #1351, .T. );
#962 = CARTESIAN_POINT( '', ( 3.50000000000000, -3.50000000000000, 14.0000000000000 ) );
#963 = DIRECTION( '', ( -1.00000000000000, -1.23908819712629E-016, 0.000000000000000 ) );
#964 = DIRECTION( '', ( 1.23908819712629E-016, -1.00000000000000, 0.000000000000000 ) );
#965 = SURFACE_STYLE_FILL_AREA( #1352 );
#966 = ORIENTED_EDGE( '', *, *, #1322, .F. );
#967 = ORIENTED_EDGE( '', *, *, #1293, .F. );
#968 = ORIENTED_EDGE( '', *, *, #1350, .T. );
#969 = ORIENTED_EDGE( '', *, *, #1353, .T. );
#970 = ORIENTED_EDGE( '', *, *, #1354, .F. );
#971 = ORIENTED_EDGE( '', *, *, #1307, .F. );
#972 = CARTESIAN_POINT( '', ( 3.50000000000000, 3.50000000000000, 14.0000000000000 ) );
#973 = DIRECTION( '', ( 0.000000000000000, -1.00000000000000, 0.000000000000000 ) );
#974 = DIRECTION( '', ( 0.000000000000000, 0.000000000000000, -1.00000000000000 ) );
#975 = SURFACE_STYLE_FILL_AREA( #1355 );
#976 = ORIENTED_EDGE( '', *, *, #1305, .F. );
#977 = ORIENTED_EDGE( '', *, *, #1348, .F. );
#978 = CARTESIAN_POINT( '', ( 3.50000000000000, -7.26844998089737E-016, 9.00000000000000 ) );
#979 = DIRECTION( '', ( 1.00000000000000, 1.23908819712629E-016, -0.000000000000000 ) );
#980 = DIRECTION( '', ( -1.23908819712629E-016, 1.00000000000000, 0.000000000000000 ) );
#981 = SURFACE_STYLE_FILL_AREA( #1356 );
#982 = ORIENTED_EDGE( '', *, *, #1357, .F. );
#983 = ORIENTED_EDGE( '', *, *, #1358, .F. );
#984 = ORIENTED_EDGE( '', *, *, #1273, .F. );
#985 = ORIENTED_EDGE( '', *, *, #1333, .F. );
#986 = CARTESIAN_POINT( '', ( -3.10500000000000, 2.80500000000000, -3.50000000000000 ) );
#987 = DIRECTION( '', ( 4.34206985255469E-015, 0.707106781186548, -0.707106781186548 ) );
#988 = DIRECTION( '', ( 0.000000000000000, 0.707106781186548, 0.707106781186548 ) );
#989 = SURFACE_STYLE_FILL_AREA( #1359 );
#990 = ORIENTED_EDGE( '', *, *, #1267, .F. );
#991 = ORIENTED_EDGE( '', *, *, #1253, .T. );
#992 = ORIENTED_EDGE( '', *, *, #1342, .T. );
#993 = ORIENTED_EDGE( '', *, *, #1360, .T. );
#994 = CARTESIAN_POINT( '', ( -0.565000000000000, -1.97500000000000, -3.50000000000000 ) );
#995 = DIRECTION( '', ( -6.14061407425420E-015, -1.00000000000000, 0.000000000000000 ) );
#996 = DIRECTION( '', ( 1.00000000000000, -6.14061407425420E-015, 0.000000000000000 ) );
#997 = SURFACE_STYLE_FILL_AREA( #1361 );
#998 = ORIENTED_EDGE( '', *, *, #1318, .T. );
#999 = ORIENTED_EDGE( '', *, *, #1241, .F. );
#1000 = ORIENTED_EDGE( '', *, *, #1362, .F. );
#1001 = ORIENTED_EDGE( '', *, *, #1345, .F. );
#1002 = CARTESIAN_POINT( '', ( -2.80500000000000, -1.97500000000000, -3.50000000000000 ) );
#1003 = DIRECTION( '', ( -0.707106781186548, -1.08551746313866E-015, -0.707106781186548 ) );
#1004 = DIRECTION( '', ( -0.707106781186548, 0.000000000000000, 0.707106781186548 ) );
#1005 = SURFACE_STYLE_FILL_AREA( #1363 );
#1006 = ORIENTED_EDGE( '', *, *, #1277, .T. );
#1007 = ORIENTED_EDGE( '', *, *, #1337, .F. );
#1008 = ORIENTED_EDGE( '', *, *, #1364, .F. );
#1009 = ORIENTED_EDGE( '', *, *, #1365, .F. );
#1010 = CARTESIAN_POINT( '', ( 2.27500000000000, -1.97500000000000, -3.50000000000000 ) );
#1011 = DIRECTION( '', ( -0.707106781186548, -1.08551746313866E-015, -0.707106781186548 ) );
#1012 = DIRECTION( '', ( -0.707106781186548, 0.000000000000000, 0.707106781186548 ) );
#1013 = SURFACE_STYLE_FILL_AREA( #1366 );
#1014 = ORIENTED_EDGE( '', *, *, #1235, .T. );
#1015 = ORIENTED_EDGE( '', *, *, #1217, .F. );
#1016 = ORIENTED_EDGE( '', *, *, #1313, .F. );
#1017 = ORIENTED_EDGE( '', *, *, #1226, .F. );
#1018 = CARTESIAN_POINT( '', ( 2.27500000000000, 3.10500000000000, -3.50000000000000 ) );
#1019 = DIRECTION( '', ( -0.707106781186548, -1.08551746313866E-015, -0.707106781186548 ) );
#1020 = DIRECTION( '', ( -0.707106781186548, 0.000000000000000, 0.707106781186548 ) );
#1021 = SURFACE_STYLE_FILL_AREA( #1367 );
#1022 = ORIENTED_EDGE( '', *, *, #1368, .F. );
#1023 = ORIENTED_EDGE( '', *, *, #1302, .T. );
#1024 = ORIENTED_EDGE( '', *, *, #1369, .T. );
#1025 = ORIENTED_EDGE( '', *, *, #1370, .T. );
#1026 = CARTESIAN_POINT( '', ( -0.565000000000000, 1.97500000000000, -3.50000000000000 ) );
#1027 = DIRECTION( '', ( 1.00000000000000, 1.53515351856353E-015, 0.000000000000000 ) );
#1028 = DIRECTION( '', ( -1.53515351856353E-015, 1.00000000000000, 0.000000000000000 ) );
#1029 = SURFACE_STYLE_FILL_AREA( #1371 );
#1030 = ORIENTED_EDGE( '', *, *, #1340, .T. );
#1031 = ORIENTED_EDGE( '', *, *, #1206, .F. );
#1032 = ORIENTED_EDGE( '', *, *, #1364, .T. );
#1033 = ORIENTED_EDGE( '', *, *, #1336, .F. );
#1034 = CARTESIAN_POINT( '', ( 1.97500000000000, -2.80500000000000, -3.50000000000000 ) );
#1035 = DIRECTION( '', ( 2.17103492627735E-015, -0.707106781186548, -0.707106781186548 ) );
#1036 = DIRECTION( '', ( 0.000000000000000, 0.707106781186548, -0.707106781186548 ) );
#1037 = SURFACE_STYLE_FILL_AREA( #1372 );
#1038 = ORIENTED_EDGE( '', *, *, #1323, .T. );
#1039 = ORIENTED_EDGE( '', *, *, #1309, .T. );
#1040 = ORIENTED_EDGE( '', *, *, #1373, .T. );
#1041 = ORIENTED_EDGE( '', *, *, #1374, .T. );
#1042 = ORIENTED_EDGE( '', *, *, #1351, .F. );
#1043 = ORIENTED_EDGE( '', *, *, #1291, .F. );
#1044 = CARTESIAN_POINT( '', ( -3.50000000000000, -3.50000000000000, 14.0000000000000 ) );
#1045 = DIRECTION( '', ( -2.47817639425258E-016, 1.00000000000000, 0.000000000000000 ) );
#1046 = DIRECTION( '', ( -1.00000000000000, -2.47817639425258E-016, 0.000000000000000 ) );
#1047 = SURFACE_STYLE_FILL_AREA( #1375 );
#1048 = ORIENTED_EDGE( '', *, *, #1376, .F. );
#1049 = ORIENTED_EDGE( '', *, *, #1377, .T. );
#1050 = ORIENTED_EDGE( '', *, *, #1210, .T. );
#1051 = ORIENTED_EDGE( '', *, *, #1378, .T. );
#1052 = CARTESIAN_POINT( '', ( -3.10500000000000, 1.97500000000000, -3.50000000000000 ) );
#1053 = DIRECTION( '', ( 1.00000000000000, 1.53515351856353E-015, 0.000000000000000 ) );
#1054 = DIRECTION( '', ( -1.53515351856353E-015, 1.00000000000000, 0.000000000000000 ) );
#1055 = SURFACE_STYLE_FILL_AREA( #1379 );
#1056 = ORIENTED_EDGE( '', *, *, #1357, .T. );
#1057 = ORIENTED_EDGE( '', *, *, #1332, .F. );
#1058 = ORIENTED_EDGE( '', *, *, #1287, .F. );
#1059 = ORIENTED_EDGE( '', *, *, #1377, .F. );
#1060 = CARTESIAN_POINT( '', ( -2.80500000000000, 3.10500000000000, -3.50000000000000 ) );
#1061 = DIRECTION( '', ( -0.707106781186548, -1.08551746313866E-015, -0.707106781186548 ) );
#1062 = DIRECTION( '', ( -0.707106781186548, 0.000000000000000, 0.707106781186548 ) );
#1063 = SURFACE_STYLE_FILL_AREA( #1380 );
#1064 = ORIENTED_EDGE( '', *, *, #1319, .T. );
#1065 = ORIENTED_EDGE( '', *, *, #1381, .F. );
#1066 = ORIENTED_EDGE( '', *, *, #1382, .F. );
#1067 = ORIENTED_EDGE( '', *, *, #1239, .F. );
#1068 = CARTESIAN_POINT( '', ( -2.27500000000000, -1.97500000000000, -3.50000000000000 ) );
#1069 = DIRECTION( '', ( 0.707106781186548, 1.08551746313867E-015, -0.707106781186548 ) );
#1070 = DIRECTION( '', ( -0.707106781186548, 0.000000000000000, -0.707106781186548 ) );
#1071 = SURFACE_STYLE_FILL_AREA( #1383 );
#1072 = ORIENTED_EDGE( '', *, *, #1222, .F. );
#1073 = ORIENTED_EDGE( '', *, *, #1381, .T. );
#1074 = ORIENTED_EDGE( '', *, *, #1200, .T. );
#1075 = ORIENTED_EDGE( '', *, *, #1384, .T. );
#1076 = CARTESIAN_POINT( '', ( -1.97500000000000, -1.97500000000000, -3.50000000000000 ) );
#1077 = DIRECTION( '', ( -1.00000000000000, -1.53515351856355E-015, 0.000000000000000 ) );
#1078 = DIRECTION( '', ( 1.53515351856355E-015, -1.00000000000000, 0.000000000000000 ) );
#1079 = SURFACE_STYLE_FILL_AREA( #1385 );
#1080 = ORIENTED_EDGE( '', *, *, #1296, .F. );
#1081 = ORIENTED_EDGE( '', *, *, #1386, .T. );
#1082 = ORIENTED_EDGE( '', *, *, #1368, .T. );
#1083 = ORIENTED_EDGE( '', *, *, #1387, .T. );
#1084 = CARTESIAN_POINT( '', ( -0.565000000000000, 3.10500000000000, -3.50000000000000 ) );
#1085 = DIRECTION( '', ( -6.14061407425420E-015, -1.00000000000000, 0.000000000000000 ) );
#1086 = DIRECTION( '', ( 1.00000000000000, -6.14061407425420E-015, 0.000000000000000 ) );
#1087 = SURFACE_STYLE_FILL_AREA( #1388 );
#1088 = ORIENTED_EDGE( '', *, *, #1382, .T. );
#1089 = ORIENTED_EDGE( '', *, *, #1221, .F. );
#1090 = ORIENTED_EDGE( '', *, *, #1362, .T. );
#1091 = ORIENTED_EDGE( '', *, *, #1240, .F. );
#1092 = CARTESIAN_POINT( '', ( -3.10500000000000, -2.80500000000000, -3.50000000000000 ) );
#1093 = DIRECTION( '', ( 2.17103492627735E-015, -0.707106781186548, -0.707106781186548 ) );
#1094 = DIRECTION( '', ( 0.000000000000000, 0.707106781186548, -0.707106781186548 ) );
#1095 = SURFACE_STYLE_FILL_AREA( #1389 );
#1096 = ORIENTED_EDGE( '', *, *, #1207, .F. );
#1097 = ORIENTED_EDGE( '', *, *, #1339, .T. );
#1098 = ORIENTED_EDGE( '', *, *, #1247, .T. );
#1099 = ORIENTED_EDGE( '', *, *, #1390, .T. );
#1100 = CARTESIAN_POINT( '', ( 3.10500000000000, -1.97500000000000, -3.50000000000000 ) );
#1101 = DIRECTION( '', ( -1.00000000000000, -1.53515351856355E-015, 0.000000000000000 ) );
#1102 = DIRECTION( '', ( 1.53515351856355E-015, -1.00000000000000, 0.000000000000000 ) );
#1103 = SURFACE_STYLE_FILL_AREA( #1391 );
#1104 = ORIENTED_EDGE( '', *, *, #1270, .T. );
#1105 = ORIENTED_EDGE( '', *, *, #1231, .F. );
#1106 = ORIENTED_EDGE( '', *, *, #1329, .T. );
#1107 = ORIENTED_EDGE( '', *, *, #1326, .F. );
#1108 = CARTESIAN_POINT( '', ( -0.565000000000000, -2.80500000000000, -3.50000000000000 ) );
#1109 = DIRECTION( '', ( 2.17103492627735E-015, -0.707106781186548, -0.707106781186548 ) );
#1110 = DIRECTION( '', ( 0.000000000000000, 0.707106781186548, -0.707106781186548 ) );
#1111 = SURFACE_STYLE_FILL_AREA( #1392 );
#1112 = ORIENTED_EDGE( '', *, *, #1228, .F. );
#1113 = ORIENTED_EDGE( '', *, *, #1393, .F. );
#1114 = ORIENTED_EDGE( '', *, *, #1285, .F. );
#1115 = ORIENTED_EDGE( '', *, *, #1282, .F. );
#1116 = ORIENTED_EDGE( '', *, *, #1394, .F. );
#1117 = ORIENTED_EDGE( '', *, *, #1208, .F. );
#1118 = ORIENTED_EDGE( '', *, *, #1390, .F. );
#1119 = ORIENTED_EDGE( '', *, *, #1250, .F. );
#1120 = ORIENTED_EDGE( '', *, *, #1370, .F. );
#1121 = ORIENTED_EDGE( '', *, *, #1395, .F. );
#1122 = ORIENTED_EDGE( '', *, *, #1297, .F. );
#1123 = ORIENTED_EDGE( '', *, *, #1387, .F. );
#1124 = ORIENTED_EDGE( '', *, *, #1343, .F. );
#1125 = ORIENTED_EDGE( '', *, *, #1233, .F. );
#1126 = ORIENTED_EDGE( '', *, *, #1268, .F. );
#1127 = ORIENTED_EDGE( '', *, *, #1360, .F. );
#1128 = ORIENTED_EDGE( '', *, *, #1378, .F. );
#1129 = ORIENTED_EDGE( '', *, *, #1213, .F. );
#1130 = ORIENTED_EDGE( '', *, *, #1264, .F. );
#1131 = ORIENTED_EDGE( '', *, *, #1396, .F. );
#1132 = ORIENTED_EDGE( '', *, *, #1397, .F. );
#1133 = ORIENTED_EDGE( '', *, *, #1353, .F. );
#1134 = ORIENTED_EDGE( '', *, *, #1349, .F. );
#1135 = ORIENTED_EDGE( '', *, *, #1374, .F. );
#1136 = ORIENTED_EDGE( '', *, *, #1346, .F. );
#1137 = ORIENTED_EDGE( '', *, *, #1223, .F. );
#1138 = ORIENTED_EDGE( '', *, *, #1384, .F. );
#1139 = ORIENTED_EDGE( '', *, *, #1203, .F. );
#1140 = CARTESIAN_POINT( '', ( -3.50000000000000, -3.50000000000000, 0.000000000000000 ) );
#1141 = DIRECTION( '', ( 0.000000000000000, 0.000000000000000, 1.00000000000000 ) );
#1142 = DIRECTION( '', ( 1.00000000000000, 0.000000000000000, 0.000000000000000 ) );
#1143 = SURFACE_STYLE_FILL_AREA( #1398 );
#1144 = ORIENTED_EDGE( '', *, *, #1227, .F. );
#1145 = ORIENTED_EDGE( '', *, *, #1312, .T. );
#1146 = ORIENTED_EDGE( '', *, *, #1284, .T. );
#1147 = ORIENTED_EDGE( '', *, *, #1393, .T. );
#1148 = CARTESIAN_POINT( '', ( 3.10500000000000, 1.97500000000000, -3.50000000000000 ) );
#1149 = DIRECTION( '', ( -3.07030703712710E-015, 1.00000000000000, 0.000000000000000 ) );
#1150 = DIRECTION( '', ( -1.00000000000000, -3.07030703712710E-015, 0.000000000000000 ) );
#1151 = SURFACE_STYLE_FILL_AREA( #1399 );
#1152 = ORIENTED_EDGE( '', *, *, #1369, .F. );
#1153 = ORIENTED_EDGE( '', *, *, #1400, .T. );
#1154 = ORIENTED_EDGE( '', *, *, #1295, .T. );
#1155 = ORIENTED_EDGE( '', *, *, #1395, .T. );
#1156 = CARTESIAN_POINT( '', ( 0.565000000000000, 1.97500000000000, -3.50000000000000 ) );
#1157 = DIRECTION( '', ( -3.07030703712710E-015, 1.00000000000000, 0.000000000000000 ) );
#1158 = DIRECTION( '', ( -1.00000000000000, -3.07030703712710E-015, 0.000000000000000 ) );
#1159 = SURFACE_STYLE_FILL_AREA( #1401 );
#1160 = ORIENTED_EDGE( '', *, *, #1259, .T. );
#1161 = ORIENTED_EDGE( '', *, *, #1400, .F. );
#1162 = ORIENTED_EDGE( '', *, *, #1301, .T. );
#1163 = ORIENTED_EDGE( '', *, *, #1315, .F. );
#1164 = CARTESIAN_POINT( '', ( -0.565000000000000, 2.27500000000000, -3.50000000000000 ) );
#1165 = DIRECTION( '', ( 2.17103492627735E-015, -0.707106781186548, -0.707106781186548 ) );
#1166 = DIRECTION( '', ( 0.000000000000000, 0.707106781186548, -0.707106781186548 ) );
#1167 = SURFACE_STYLE_FILL_AREA( #1402 );
#1168 = ORIENTED_EDGE( '', *, *, #1299, .F. );
#1169 = ORIENTED_EDGE( '', *, *, #1386, .F. );
#1170 = ORIENTED_EDGE( '', *, *, #1257, .F. );
#1171 = ORIENTED_EDGE( '', *, *, #1316, .F. );
#1172 = CARTESIAN_POINT( '', ( -0.565000000000000, 2.80500000000000, -3.50000000000000 ) );
#1173 = DIRECTION( '', ( 4.34206985255469E-015, 0.707106781186548, -0.707106781186548 ) );
#1174 = DIRECTION( '', ( 0.000000000000000, 0.707106781186548, 0.707106781186548 ) );
#1175 = SURFACE_STYLE_FILL_AREA( #1403 );
#1176 = ORIENTED_EDGE( '', *, *, #1249, .F. );
#1177 = ORIENTED_EDGE( '', *, *, #1365, .T. );
#1178 = ORIENTED_EDGE( '', *, *, #1205, .T. );
#1179 = ORIENTED_EDGE( '', *, *, #1394, .T. );
#1180 = CARTESIAN_POINT( '', ( 1.97500000000000, -3.10500000000000, -3.50000000000000 ) );
#1181 = DIRECTION( '', ( 1.00000000000000, 1.53515351856353E-015, 0.000000000000000 ) );
#1182 = DIRECTION( '', ( -1.53515351856353E-015, 1.00000000000000, 0.000000000000000 ) );
#1183 = SURFACE_STYLE_FILL_AREA( #1404 );
#1184 = ORIENTED_EDGE( '', *, *, #1263, .F. );
#1185 = ORIENTED_EDGE( '', *, *, #1358, .T. );
#1186 = ORIENTED_EDGE( '', *, *, #1376, .T. );
#1187 = ORIENTED_EDGE( '', *, *, #1396, .T. );
#1188 = CARTESIAN_POINT( '', ( -3.10500000000000, 3.10500000000000, -3.50000000000000 ) );
#1189 = DIRECTION( '', ( -6.14061407425420E-015, -1.00000000000000, 0.000000000000000 ) );
#1190 = DIRECTION( '', ( 1.00000000000000, -6.14061407425420E-015, 0.000000000000000 ) );
#1191 = SURFACE_STYLE_FILL_AREA( #1405 );
#1192 = ORIENTED_EDGE( '', *, *, #1308, .F. );
#1193 = ORIENTED_EDGE( '', *, *, #1354, .T. );
#1194 = ORIENTED_EDGE( '', *, *, #1397, .T. );
#1195 = ORIENTED_EDGE( '', *, *, #1373, .F. );
#1196 = CARTESIAN_POINT( '', ( -3.50000000000000, 3.50000000000000, 14.0000000000000 ) );
#1197 = DIRECTION( '', ( 1.00000000000000, 1.23908819712629E-016, 0.000000000000000 ) );
#1198 = DIRECTION( '', ( -1.23908819712629E-016, 1.00000000000000, 0.000000000000000 ) );
#1199 = FILL_AREA_STYLE( '', ( #1406 ) );
#1200 = EDGE_CURVE( '', #1407, #1408, #1409, .T. );
#1201 = EDGE_CURVE( '', #1407, #1410, #1411, .T. );
#1202 = EDGE_CURVE( '', #1410, #1412, #1413, .T. );
#1203 = EDGE_CURVE( '', #1412, #1408, #1414, .T. );
#1204 = FILL_AREA_STYLE( '', ( #1415 ) );
#1205 = EDGE_CURVE( '', #1416, #1417, #1418, .T. );
#1206 = EDGE_CURVE( '', #1416, #1419, #1420, .T. );
#1207 = EDGE_CURVE( '', #1419, #1421, #1422, .T. );
#1208 = EDGE_CURVE( '', #1421, #1417, #1423, .T. );
#1209 = FILL_AREA_STYLE( '', ( #1424 ) );
#1210 = EDGE_CURVE( '', #1425, #1426, #1427, .T. );
#1211 = EDGE_CURVE( '', #1425, #1428, #1429, .T. );
#1212 = EDGE_CURVE( '', #1428, #1430, #1431, .T. );
#1213 = EDGE_CURVE( '', #1430, #1426, #1432, .T. );
#1214 = FILL_AREA_STYLE( '', ( #1433 ) );
#1215 = EDGE_CURVE( '', #1434, #1435, #1436, .T. );
#1216 = EDGE_CURVE( '', #1435, #1437, #1438, .T. );
#1217 = EDGE_CURVE( '', #1437, #1439, #1440, .T. );
#1218 = EDGE_CURVE( '', #1439, #1434, #1441, .T. );
#1219 = FILL_AREA_STYLE( '', ( #1442 ) );
#1220 = EDGE_CURVE( '', #1443, #1444, #1445, .T. );
#1221 = EDGE_CURVE( '', #1443, #1446, #1447, .T. );
#1222 = EDGE_CURVE( '', #1446, #1448, #1449, .T. );
#1223 = EDGE_CURVE( '', #1448, #1444, #1450, .T. );
#1224 = FILL_AREA_STYLE( '', ( #1451 ) );
#1225 = EDGE_CURVE( '', #1452, #1453, #1454, .T. );
#1226 = EDGE_CURVE( '', #1452, #1455, #1456, .T. );
#1227 = EDGE_CURVE( '', #1455, #1457, #1458, .T. );
#1228 = EDGE_CURVE( '', #1457, #1453, #1459, .T. );
#1229 = FILL_AREA_STYLE( '', ( #1460 ) );
#1230 = EDGE_CURVE( '', #1461, #1462, #1463, .T. );
#1231 = EDGE_CURVE( '', #1461, #1464, #1465, .T. );
#1232 = EDGE_CURVE( '', #1464, #1466, #1467, .T. );
#1233 = EDGE_CURVE( '', #1466, #1462, #1468, .T. );
#1234 = FILL_AREA_STYLE( '', ( #1469 ) );
#1235 = EDGE_CURVE( '', #1452, #1439, #1470, .T. );
#1236 = EDGE_CURVE( '', #1471, #1452, #1472, .T. );
#1237 = EDGE_CURVE( '', #1434, #1471, #1473, .F. );
#1238 = FILL_AREA_STYLE( '', ( #1474 ) );
#1239 = EDGE_CURVE( '', #1475, #1476, #1477, .T. );
#1240 = EDGE_CURVE( '', #1476, #1478, #1479, .T. );
#1241 = EDGE_CURVE( '', #1478, #1480, #1481, .T. );
#1242 = EDGE_CURVE( '', #1480, #1475, #1482, .T. );
#1243 = FILL_AREA_STYLE( '', ( #1483 ) );
#1244 = EDGE_CURVE( '', #1484, #1471, #1485, .T. );
#1245 = EDGE_CURVE( '', #1435, #1484, #1486, .F. );
#1246 = FILL_AREA_STYLE( '', ( #1487 ) );
#1247 = EDGE_CURVE( '', #1488, #1489, #1490, .T. );
#1248 = EDGE_CURVE( '', #1488, #1491, #1492, .T. );
#1249 = EDGE_CURVE( '', #1491, #1493, #1494, .T. );
#1250 = EDGE_CURVE( '', #1493, #1489, #1495, .T. );
#1251 = FILL_AREA_STYLE( '', ( #1496 ) );
#1252 = EDGE_CURVE( '', #1497, #1498, #1499, .T. );
#1253 = EDGE_CURVE( '', #1500, #1497, #1501, .T. );
#1254 = EDGE_CURVE( '', #1502, #1500, #1503, .F. );
#1255 = EDGE_CURVE( '', #1498, #1502, #1504, .T. );
#1256 = FILL_AREA_STYLE( '', ( #1505 ) );
#1257 = EDGE_CURVE( '', #1506, #1507, #1508, .F. );
#1258 = EDGE_CURVE( '', #1509, #1507, #1510, .T. );
#1259 = EDGE_CURVE( '', #1511, #1509, #1512, .F. );
#1260 = EDGE_CURVE( '', #1506, #1511, #1513, .T. );
#1261 = FILL_AREA_STYLE( '', ( #1514 ) );
#1262 = EDGE_CURVE( '', #1428, #1515, #1516, .T. );
#1263 = EDGE_CURVE( '', #1515, #1517, #1518, .T. );
#1264 = EDGE_CURVE( '', #1517, #1430, #1519, .T. );
#1265 = FILL_AREA_STYLE( '', ( #1520 ) );
#1266 = EDGE_CURVE( '', #1464, #1500, #1521, .T. );
#1267 = EDGE_CURVE( '', #1500, #1522, #1523, .T. );
#1268 = EDGE_CURVE( '', #1522, #1466, #1524, .T. );
#1269 = FILL_AREA_STYLE( '', ( #1525 ) );
#1270 = EDGE_CURVE( '', #1526, #1464, #1527, .F. );
#1271 = EDGE_CURVE( '', #1502, #1526, #1528, .T. );
#1272 = FILL_AREA_STYLE( '', ( #1529 ) );
#1273 = EDGE_CURVE( '', #1530, #1515, #1531, .F. );
#1274 = EDGE_CURVE( '', #1532, #1428, #1533, .F. );
#1275 = EDGE_CURVE( '', #1530, #1532, #1534, .T. );
#1276 = FILL_AREA_STYLE( '', ( #1535 ) );
#1277 = EDGE_CURVE( '', #1491, #1536, #1537, .T. );
#1278 = EDGE_CURVE( '', #1538, #1488, #1539, .F. );
#1279 = EDGE_CURVE( '', #1536, #1538, #1540, .T. );
#1280 = FILL_AREA_STYLE( '', ( #1541 ) );
#1281 = EDGE_CURVE( '', #1471, #1542, #1543, .T. );
#1282 = EDGE_CURVE( '', #1453, #1542, #1544, .T. );
#1283 = FILL_AREA_STYLE( '', ( #1545 ) );
#1284 = EDGE_CURVE( '', #1484, #1546, #1547, .T. );
#1285 = EDGE_CURVE( '', #1542, #1546, #1548, .T. );
#1286 = FILL_AREA_STYLE( '', ( #1549 ) );
#1287 = EDGE_CURVE( '', #1425, #1550, #1551, .F. );
#1288 = EDGE_CURVE( '', #1532, #1550, #1552, .T. );
#1289 = FILL_AREA_STYLE( '', ( #1553 ) );
#1290 = EDGE_CURVE( '', #1554, #1555, #1556, .T. );
#1291 = EDGE_CURVE( '', #1554, #1557, #1558, .T. );
#1292 = EDGE_CURVE( '', #1557, #1559, #1560, .T. );
#1293 = EDGE_CURVE( '', #1559, #1555, #1561, .T. );
#1294 = FILL_AREA_STYLE( '', ( #1562 ) );
#1295 = EDGE_CURVE( '', #1509, #1563, #1564, .T. );
#1296 = EDGE_CURVE( '', #1507, #1565, #1566, .T. );
#1297 = EDGE_CURVE( '', #1565, #1563, #1567, .T. );
#1298 = FILL_AREA_STYLE( '', ( #1568 ) );
#1299 = EDGE_CURVE( '', #1569, #1570, #1571, .T. );
#1300 = EDGE_CURVE( '', #1572, #1570, #1573, .T. );
#1301 = EDGE_CURVE( '', #1574, #1572, #1575, .F. );
#1302 = EDGE_CURVE( '', #1569, #1574, #1576, .T. );
#1303 = FILL_AREA_STYLE( '', ( #1577 ) );
#1304 = EDGE_CURVE( '', #1578, #1578, #1579, .T. );
#1305 = EDGE_CURVE( '', #1580, #1580, #1581, .F. );
#1306 = FILL_AREA_STYLE( '', ( #1582 ) );
#1307 = EDGE_CURVE( '', #1583, #1584, #1585, .T. );
#1308 = EDGE_CURVE( '', #1584, #1586, #1587, .T. );
#1309 = EDGE_CURVE( '', #1588, #1586, #1589, .T. );
#1310 = EDGE_CURVE( '', #1583, #1588, #1590, .T. );
#1311 = FILL_AREA_STYLE( '', ( #1591 ) );
#1312 = EDGE_CURVE( '', #1455, #1484, #1592, .T. );
#1313 = EDGE_CURVE( '', #1455, #1437, #1593, .F. );
#1314 = FILL_AREA_STYLE( '', ( #1594 ) );
#1315 = EDGE_CURVE( '', #1511, #1572, #1595, .T. );
#1316 = EDGE_CURVE( '', #1570, #1506, #1596, .T. );
#1317 = FILL_AREA_STYLE( '', ( #1597 ) );
#1318 = EDGE_CURVE( '', #1410, #1480, #1598, .T. );
#1319 = EDGE_CURVE( '', #1475, #1407, #1599, .F. );
#1320 = FILL_AREA_STYLE( '', ( #1600 ) );
#1321 = EDGE_CURVE( '', #1601, #1601, #1602, .F. );
#1322 = EDGE_CURVE( '', #1555, #1583, #1603, .T. );
#1323 = EDGE_CURVE( '', #1554, #1588, #1604, .T. );
#1324 = FILL_AREA_STYLE( '', ( #1605 ) );
#1325 = FILL_AREA_STYLE( '', ( #1606 ) );
#1326 = EDGE_CURVE( '', #1526, #1607, #1608, .T. );
#1327 = EDGE_CURVE( '', #1607, #1498, #1609, .T. );
#1328 = FILL_AREA_STYLE( '', ( #1610 ) );
#1329 = EDGE_CURVE( '', #1461, #1607, #1611, .F. );
#1330 = EDGE_CURVE( '', #1497, #1461, #1612, .T. );
#1331 = FILL_AREA_STYLE( '', ( #1613 ) );
#1332 = EDGE_CURVE( '', #1550, #1614, #1615, .T. );
#1333 = EDGE_CURVE( '', #1614, #1530, #1616, .T. );
#1334 = FILL_AREA_STYLE( '', ( #1617 ) );
#1335 = EDGE_CURVE( '', #1538, #1618, #1619, .T. );
#1336 = EDGE_CURVE( '', #1618, #1620, #1621, .T. );
#1337 = EDGE_CURVE( '', #1620, #1536, #1622, .T. );
#1338 = FILL_AREA_STYLE( '', ( #1623 ) );
#1339 = EDGE_CURVE( '', #1419, #1488, #1624, .T. );
#1340 = EDGE_CURVE( '', #1618, #1419, #1625, .F. );
#1341 = FILL_AREA_STYLE( '', ( #1626 ) );
#1342 = EDGE_CURVE( '', #1497, #1627, #1628, .T. );
#1343 = EDGE_CURVE( '', #1462, #1627, #1629, .T. );
#1344 = FILL_AREA_STYLE( '', ( #1630 ) );
#1345 = EDGE_CURVE( '', #1410, #1443, #1631, .T. );
#1346 = EDGE_CURVE( '', #1444, #1412, #1632, .T. );
#1347 = FILL_AREA_STYLE( '', ( #1633 ) );
#1348 = EDGE_CURVE( '', #1634, #1634, #1635, .T. );
#1349 = EDGE_CURVE( '', #1636, #1637, #1638, .T. );
#1350 = EDGE_CURVE( '', #1559, #1637, #1639, .T. );
#1351 = EDGE_CURVE( '', #1557, #1636, #1640, .T. );
#1352 = FILL_AREA_STYLE( '', ( #1641 ) );
#1353 = EDGE_CURVE( '', #1637, #1642, #1643, .T. );
#1354 = EDGE_CURVE( '', #1584, #1642, #1644, .T. );
#1355 = FILL_AREA_STYLE( '', ( #1645 ) );
#1356 = FILL_AREA_STYLE( '', ( #1646 ) );
#1357 = EDGE_CURVE( '', #1647, #1614, #1648, .T. );
#1358 = EDGE_CURVE( '', #1515, #1647, #1649, .T. );
#1359 = FILL_AREA_STYLE( '', ( #1650 ) );
#1360 = EDGE_CURVE( '', #1627, #1522, #1651, .T. );
#1361 = FILL_AREA_STYLE( '', ( #1652 ) );
#1362 = EDGE_CURVE( '', #1443, #1478, #1653, .F. );
#1363 = FILL_AREA_STYLE( '', ( #1654 ) );
#1364 = EDGE_CURVE( '', #1416, #1620, #1655, .F. );
#1365 = EDGE_CURVE( '', #1491, #1416, #1656, .T. );
#1366 = FILL_AREA_STYLE( '', ( #1657 ) );
#1367 = FILL_AREA_STYLE( '', ( #1658 ) );
#1368 = EDGE_CURVE( '', #1569, #1659, #1660, .T. );
#1369 = EDGE_CURVE( '', #1574, #1661, #1662, .T. );
#1370 = EDGE_CURVE( '', #1661, #1659, #1663, .T. );
#1371 = FILL_AREA_STYLE( '', ( #1664 ) );
#1372 = FILL_AREA_STYLE( '', ( #1665 ) );
#1373 = EDGE_CURVE( '', #1586, #1666, #1667, .T. );
#1374 = EDGE_CURVE( '', #1666, #1636, #1668, .T. );
#1375 = FILL_AREA_STYLE( '', ( #1669 ) );
#1376 = EDGE_CURVE( '', #1647, #1670, #1671, .T. );
#1377 = EDGE_CURVE( '', #1647, #1425, #1672, .T. );
#1378 = EDGE_CURVE( '', #1426, #1670, #1673, .T. );
#1379 = FILL_AREA_STYLE( '', ( #1674 ) );
#1380 = FILL_AREA_STYLE( '', ( #1675 ) );
#1381 = EDGE_CURVE( '', #1446, #1407, #1676, .T. );
#1382 = EDGE_CURVE( '', #1476, #1446, #1677, .F. );
#1383 = FILL_AREA_STYLE( '', ( #1678 ) );
#1384 = EDGE_CURVE( '', #1408, #1448, #1679, .T. );
#1385 = FILL_AREA_STYLE( '', ( #1680 ) );
#1386 = EDGE_CURVE( '', #1507, #1569, #1681, .T. );
#1387 = EDGE_CURVE( '', #1659, #1565, #1682, .T. );
#1388 = FILL_AREA_STYLE( '', ( #1683 ) );
#1389 = FILL_AREA_STYLE( '', ( #1684 ) );
#1390 = EDGE_CURVE( '', #1489, #1421, #1685, .T. );
#1391 = FILL_AREA_STYLE( '', ( #1686 ) );
#1392 = FILL_AREA_STYLE( '', ( #1687 ) );
#1393 = EDGE_CURVE( '', #1546, #1457, #1688, .T. );
#1394 = EDGE_CURVE( '', #1417, #1493, #1689, .T. );
#1395 = EDGE_CURVE( '', #1563, #1661, #1690, .T. );
#1396 = EDGE_CURVE( '', #1670, #1517, #1691, .T. );
#1397 = EDGE_CURVE( '', #1642, #1666, #1692, .T. );
#1398 = FILL_AREA_STYLE( '', ( #1693 ) );
#1399 = FILL_AREA_STYLE( '', ( #1694 ) );
#1400 = EDGE_CURVE( '', #1574, #1509, #1695, .T. );
#1401 = FILL_AREA_STYLE( '', ( #1696 ) );
#1402 = FILL_AREA_STYLE( '', ( #1697 ) );
#1403 = FILL_AREA_STYLE( '', ( #1698 ) );
#1404 = FILL_AREA_STYLE( '', ( #1699 ) );
#1405 = FILL_AREA_STYLE( '', ( #1700 ) );
#1406 = FILL_AREA_STYLE_COLOUR( '', #1701 );
#1407 = VERTEX_POINT( '', #1702 );
#1408 = VERTEX_POINT( '', #1703 );
#1409 = LINE( '', #1704, #1705 );
#1410 = VERTEX_POINT( '', #1706 );
#1411 = LINE( '', #1707, #1708 );
#1412 = VERTEX_POINT( '', #1709 );
#1413 = LINE( '', #1710, #1711 );
#1414 = LINE( '', #1712, #1713 );
#1415 = FILL_AREA_STYLE_COLOUR( '', #1714 );
#1416 = VERTEX_POINT( '', #1715 );
#1417 = VERTEX_POINT( '', #1716 );
#1418 = LINE( '', #1717, #1718 );
#1419 = VERTEX_POINT( '', #1719 );
#1420 = LINE( '', #1720, #1721 );
#1421 = VERTEX_POINT( '', #1722 );
#1422 = LINE( '', #1723, #1724 );
#1423 = LINE( '', #1725, #1726 );
#1424 = FILL_AREA_STYLE_COLOUR( '', #1727 );
#1425 = VERTEX_POINT( '', #1728 );
#1426 = VERTEX_POINT( '', #1729 );
#1427 = LINE( '', #1730, #1731 );
#1428 = VERTEX_POINT( '', #1732 );
#1429 = LINE( '', #1733, #1734 );
#1430 = VERTEX_POINT( '', #1735 );
#1431 = LINE( '', #1736, #1737 );
#1432 = LINE( '', #1738, #1739 );
#1433 = FILL_AREA_STYLE_COLOUR( '', #1740 );
#1434 = VERTEX_POINT( '', #1741 );
#1435 = VERTEX_POINT( '', #1742 );
#1436 = LINE( '', #1743, #1744 );
#1437 = VERTEX_POINT( '', #1745 );
#1438 = LINE( '', #1746, #1747 );
#1439 = VERTEX_POINT( '', #1748 );
#1440 = LINE( '', #1749, #1750 );
#1441 = LINE( '', #1751, #1752 );
#1442 = FILL_AREA_STYLE_COLOUR( '', #1753 );
#1443 = VERTEX_POINT( '', #1754 );
#1444 = VERTEX_POINT( '', #1755 );
#1445 = LINE( '', #1756, #1757 );
#1446 = VERTEX_POINT( '', #1758 );
#1447 = LINE( '', #1759, #1760 );
#1448 = VERTEX_POINT( '', #1761 );
#1449 = LINE( '', #1762, #1763 );
#1450 = LINE( '', #1764, #1765 );
#1451 = FILL_AREA_STYLE_COLOUR( '', #1766 );
#1452 = VERTEX_POINT( '', #1767 );
#1453 = VERTEX_POINT( '', #1768 );
#1454 = LINE( '', #1769, #1770 );
#1455 = VERTEX_POINT( '', #1771 );
#1456 = LINE( '', #1772, #1773 );
#1457 = VERTEX_POINT( '', #1774 );
#1458 = LINE( '', #1775, #1776 );
#1459 = LINE( '', #1777, #1778 );
#1460 = FILL_AREA_STYLE_COLOUR( '', #1779 );
#1461 = VERTEX_POINT( '', #1780 );
#1462 = VERTEX_POINT( '', #1781 );
#1463 = LINE( '', #1782, #1783 );
#1464 = VERTEX_POINT( '', #1784 );
#1465 = LINE( '', #1785, #1786 );
#1466 = VERTEX_POINT( '', #1787 );
#1467 = LINE( '', #1788, #1789 );
#1468 = LINE( '', #1790, #1791 );
#1469 = FILL_AREA_STYLE_COLOUR( '', #1792 );
#1470 = LINE( '', #1793, #1794 );
#1471 = VERTEX_POINT( '', #1795 );
#1472 = LINE( '', #1796, #1797 );
#1473 = LINE( '', #1798, #1799 );
#1474 = FILL_AREA_STYLE_COLOUR( '', #1800 );
#1475 = VERTEX_POINT( '', #1801 );
#1476 = VERTEX_POINT( '', #1802 );
#1477 = LINE( '', #1803, #1804 );
#1478 = VERTEX_POINT( '', #1805 );
#1479 = LINE( '', #1806, #1807 );
#1480 = VERTEX_POINT( '', #1808 );
#1481 = LINE( '', #1809, #1810 );
#1482 = LINE( '', #1811, #1812 );
#1483 = FILL_AREA_STYLE_COLOUR( '', #1813 );
#1484 = VERTEX_POINT( '', #1814 );
#1485 = LINE( '', #1815, #1816 );
#1486 = LINE( '', #1817, #1818 );
#1487 = FILL_AREA_STYLE_COLOUR( '', #1819 );
#1488 = VERTEX_POINT( '', #1820 );
#1489 = VERTEX_POINT( '', #1821 );
#1490 = LINE( '', #1822, #1823 );
#1491 = VERTEX_POINT( '', #1824 );
#1492 = LINE( '', #1825, #1826 );
#1493 = VERTEX_POINT( '', #1827 );
#1494 = LINE( '', #1828, #1829 );
#1495 = LINE( '', #1830, #1831 );
#1496 = FILL_AREA_STYLE_COLOUR( '', #1832 );
#1497 = VERTEX_POINT( '', #1833 );
#1498 = VERTEX_POINT( '', #1834 );
#1499 = LINE( '', #1835, #1836 );
#1500 = VERTEX_POINT( '', #1837 );
#1501 = LINE( '', #1838, #1839 );
#1502 = VERTEX_POINT( '', #1840 );
#1503 = LINE( '', #1841, #1842 );
#1504 = LINE( '', #1843, #1844 );
#1505 = FILL_AREA_STYLE_COLOUR( '', #1845 );
#1506 = VERTEX_POINT( '', #1846 );
#1507 = VERTEX_POINT( '', #1847 );
#1508 = LINE( '', #1848, #1849 );
#1509 = VERTEX_POINT( '', #1850 );
#1510 = LINE( '', #1851, #1852 );
#1511 = VERTEX_POINT( '', #1853 );
#1512 = LINE( '', #1854, #1855 );
#1513 = LINE( '', #1856, #1857 );
#1514 = FILL_AREA_STYLE_COLOUR( '', #1858 );
#1515 = VERTEX_POINT( '', #1859 );
#1516 = LINE( '', #1860, #1861 );
#1517 = VERTEX_POINT( '', #1862 );
#1518 = LINE( '', #1863, #1864 );
#1519 = LINE( '', #1865, #1866 );
#1520 = FILL_AREA_STYLE_COLOUR( '', #1867 );
#1521 = LINE( '', #1868, #1869 );
#1522 = VERTEX_POINT( '', #1870 );
#1523 = LINE( '', #1871, #1872 );
#1524 = LINE( '', #1873, #1874 );
#1525 = FILL_AREA_STYLE_COLOUR( '', #1875 );
#1526 = VERTEX_POINT( '', #1876 );
#1527 = LINE( '', #1877, #1878 );
#1528 = LINE( '', #1879, #1880 );
#1529 = FILL_AREA_STYLE_COLOUR( '', #1881 );
#1530 = VERTEX_POINT( '', #1882 );
#1531 = LINE( '', #1883, #1884 );
#1532 = VERTEX_POINT( '', #1885 );
#1533 = LINE( '', #1886, #1887 );
#1534 = LINE( '', #1888, #1889 );
#1535 = FILL_AREA_STYLE_COLOUR( '', #1890 );
#1536 = VERTEX_POINT( '', #1891 );
#1537 = LINE( '', #1892, #1893 );
#1538 = VERTEX_POINT( '', #1894 );
#1539 = LINE( '', #1895, #1896 );
#1540 = LINE( '', #1897, #1898 );
#1541 = FILL_AREA_STYLE_COLOUR( '', #1899 );
#1542 = VERTEX_POINT( '', #1900 );
#1543 = LINE( '', #1901, #1902 );
#1544 = LINE( '', #1903, #1904 );
#1545 = FILL_AREA_STYLE_COLOUR( '', #1905 );
#1546 = VERTEX_POINT( '', #1906 );
#1547 = LINE( '', #1907, #1908 );
#1548 = LINE( '', #1909, #1910 );
#1549 = FILL_AREA_STYLE_COLOUR( '', #1911 );
#1550 = VERTEX_POINT( '', #1912 );
#1551 = LINE( '', #1913, #1914 );
#1552 = LINE( '', #1915, #1916 );
#1553 = FILL_AREA_STYLE_COLOUR( '', #1917 );
#1554 = VERTEX_POINT( '', #1918 );
#1555 = VERTEX_POINT( '', #1919 );
#1556 = LINE( '', #1920, #1921 );
#1557 = VERTEX_POINT( '', #1922 );
#1558 = LINE( '', #1923, #1924 );
#1559 = VERTEX_POINT( '', #1925 );
#1560 = LINE( '', #1926, #1927 );
#1561 = LINE( '', #1928, #1929 );
#1562 = FILL_AREA_STYLE_COLOUR( '', #1930 );
#1563 = VERTEX_POINT( '', #1931 );
#1564 = LINE( '', #1932, #1933 );
#1565 = VERTEX_POINT( '', #1934 );
#1566 = LINE( '', #1935, #1936 );
#1567 = LINE( '', #1937, #1938 );
#1568 = FILL_AREA_STYLE_COLOUR( '', #1939 );
#1569 = VERTEX_POINT( '', #1940 );
#1570 = VERTEX_POINT( '', #1941 );
#1571 = LINE( '', #1942, #1943 );
#1572 = VERTEX_POINT( '', #1944 );
#1573 = LINE( '', #1945, #1946 );
#1574 = VERTEX_POINT( '', #1947 );
#1575 = LINE( '', #1948, #1949 );
#1576 = LINE( '', #1950, #1951 );
#1577 = FILL_AREA_STYLE_COLOUR( '', #1952 );
#1578 = VERTEX_POINT( '', #1953 );
#1579 = CIRCLE( '', #1954, 1.60000000000000 );
#1580 = VERTEX_POINT( '', #1955 );
#1581 = CIRCLE( '', #1956, 1.60000000000000 );
#1582 = FILL_AREA_STYLE_COLOUR( '', #1957 );
#1583 = VERTEX_POINT( '', #1958 );
#1584 = VERTEX_POINT( '', #1959 );
#1585 = LINE( '', #1960, #1961 );
#1586 = VERTEX_POINT( '', #1962 );
#1587 = LINE( '', #1963, #1964 );
#1588 = VERTEX_POINT( '', #1965 );
#1589 = LINE( '', #1966, #1967 );
#1590 = LINE( '', #1968, #1969 );
#1591 = FILL_AREA_STYLE_COLOUR( '', #1970 );
#1592 = LINE( '', #1971, #1972 );
#1593 = LINE( '', #1973, #1974 );
#1594 = FILL_AREA_STYLE_COLOUR( '', #1975 );
#1595 = LINE( '', #1976, #1977 );
#1596 = LINE( '', #1978, #1979 );
#1597 = FILL_AREA_STYLE_COLOUR( '', #1980 );
#1598 = LINE( '', #1981, #1982 );
#1599 = LINE( '', #1983, #1984 );
#1600 = FILL_AREA_STYLE_COLOUR( '', #1985 );
#1601 = VERTEX_POINT( '', #1986 );
#1602 = CIRCLE( '', #1987, 1.80000000000000 );
#1603 = LINE( '', #1988, #1989 );
#1604 = LINE( '', #1990, #1991 );
#1605 = FILL_AREA_STYLE_COLOUR( '', #1992 );
#1606 = FILL_AREA_STYLE_COLOUR( '', #1993 );
#1607 = VERTEX_POINT( '', #1994 );
#1608 = LINE( '', #1995, #1996 );
#1609 = LINE( '', #1997, #1998 );
#1610 = FILL_AREA_STYLE_COLOUR( '', #1999 );
#1611 = LINE( '', #2000, #2001 );
#1612 = LINE( '', #2002, #2003 );
#1613 = FILL_AREA_STYLE_COLOUR( '', #2004 );
#1614 = VERTEX_POINT( '', #2005 );
#1615 = LINE( '', #2006, #2007 );
#1616 = LINE( '', #2008, #2009 );
#1617 = FILL_AREA_STYLE_COLOUR( '', #2010 );
#1618 = VERTEX_POINT( '', #2011 );
#1619 = LINE( '', #2012, #2013 );
#1620 = VERTEX_POINT( '', #2014 );
#1621 = LINE( '', #2015, #2016 );
#1622 = LINE( '', #2017, #2018 );
#1623 = FILL_AREA_STYLE_COLOUR( '', #2019 );
#1624 = LINE( '', #2020, #2021 );
#1625 = LINE( '', #2022, #2023 );
#1626 = FILL_AREA_STYLE_COLOUR( '', #2024 );
#1627 = VERTEX_POINT( '', #2025 );
#1628 = LINE( '', #2026, #2027 );
#1629 = LINE( '', #2028, #2029 );
#1630 = FILL_AREA_STYLE_COLOUR( '', #2030 );
#1631 = LINE( '', #2031, #2032 );
#1632 = LINE( '', #2033, #2034 );
#1633 = FILL_AREA_STYLE_COLOUR( '', #2035 );
#1634 = VERTEX_POINT( '', #2036 );
#1635 = CIRCLE( '', #2037, 1.80000000000000 );
#1636 = VERTEX_POINT( '', #2038 );
#1637 = VERTEX_POINT( '', #2039 );
#1638 = LINE( '', #2040, #2041 );
#1639 = LINE( '', #2042, #2043 );
#1640 = LINE( '', #2044, #2045 );
#1641 = FILL_AREA_STYLE_COLOUR( '', #2046 );
#1642 = VERTEX_POINT( '', #2047 );
#1643 = LINE( '', #2048, #2049 );
#1644 = LINE( '', #2050, #2051 );
#1645 = FILL_AREA_STYLE_COLOUR( '', #2052 );
#1646 = FILL_AREA_STYLE_COLOUR( '', #2053 );
#1647 = VERTEX_POINT( '', #2054 );
#1648 = LINE( '', #2055, #2056 );
#1649 = LINE( '', #2057, #2058 );
#1650 = FILL_AREA_STYLE_COLOUR( '', #2059 );
#1651 = LINE( '', #2060, #2061 );
#1652 = FILL_AREA_STYLE_COLOUR( '', #2062 );
#1653 = LINE( '', #2063, #2064 );
#1654 = FILL_AREA_STYLE_COLOUR( '', #2065 );
#1655 = LINE( '', #2066, #2067 );
#1656 = LINE( '', #2068, #2069 );
#1657 = FILL_AREA_STYLE_COLOUR( '', #2070 );
#1658 = FILL_AREA_STYLE_COLOUR( '', #2071 );
#1659 = VERTEX_POINT( '', #2072 );
#1660 = LINE( '', #2073, #2074 );
#1661 = VERTEX_POINT( '', #2075 );
#1662 = LINE( '', #2076, #2077 );
#1663 = LINE( '', #2078, #2079 );
#1664 = FILL_AREA_STYLE_COLOUR( '', #2080 );
#1665 = FILL_AREA_STYLE_COLOUR( '', #2081 );
#1666 = VERTEX_POINT( '', #2082 );
#1667 = LINE( '', #2083, #2084 );
#1668 = LINE( '', #2085, #2086 );
#1669 = FILL_AREA_STYLE_COLOUR( '', #2087 );
#1670 = VERTEX_POINT( '', #2088 );
#1671 = LINE( '', #2089, #2090 );
#1672 = LINE( '', #2091, #2092 );
#1673 = LINE( '', #2093, #2094 );
#1674 = FILL_AREA_STYLE_COLOUR( '', #2095 );
#1675 = FILL_AREA_STYLE_COLOUR( '', #2096 );
#1676 = LINE( '', #2097, #2098 );
#1677 = LINE( '', #2099, #2100 );
#1678 = FILL_AREA_STYLE_COLOUR( '', #2101 );
#1679 = LINE( '', #2102, #2103 );
#1680 = FILL_AREA_STYLE_COLOUR( '', #2104 );
#1681 = LINE( '', #2105, #2106 );
#1682 = LINE( '', #2107, #2108 );
#1683 = FILL_AREA_STYLE_COLOUR( '', #2109 );
#1684 = FILL_AREA_STYLE_COLOUR( '', #2110 );
#1685 = LINE( '', #2111, #2112 );
#1686 = FILL_AREA_STYLE_COLOUR( '', #2113 );
#1687 = FILL_AREA_STYLE_COLOUR( '', #2114 );
#1688 = LINE( '', #2115, #2116 );
#1689 = LINE( '', #2117, #2118 );
#1690 = LINE( '', #2119, #2120 );
#1691 = LINE( '', #2121, #2122 );
#1692 = LINE( '', #2123, #2124 );
#1693 = FILL_AREA_STYLE_COLOUR( '', #2125 );
#1694 = FILL_AREA_STYLE_COLOUR( '', #2126 );
#1695 = LINE( '', #2127, #2128 );
#1696 = FILL_AREA_STYLE_COLOUR( '', #2129 );
#1697 = FILL_AREA_STYLE_COLOUR( '', #2130 );
#1698 = FILL_AREA_STYLE_COLOUR( '', #2131 );
#1699 = FILL_AREA_STYLE_COLOUR( '', #2132 );
#1700 = FILL_AREA_STYLE_COLOUR( '', #2133 );
#1701 = COLOUR_RGB( '', 0.780392169952393, 0.564705908298492, 0.109803922474384 );
#1702 = CARTESIAN_POINT( '', ( -1.97500000000000, -1.97500000000000, -3.20000000000000 ) );
#1703 = CARTESIAN_POINT( '', ( -1.97500000000000, -1.97500000000000, 0.000000000000000 ) );
#1704 = CARTESIAN_POINT( '', ( -1.97500000000000, -1.97500000000000, -3.50000000000000 ) );
#1705 = VECTOR( '', #2134, 1000.00000000000 );
#1706 = CARTESIAN_POINT( '', ( -3.10500000000000, -1.97500000000000, -3.20000000000000 ) );
#1707 = CARTESIAN_POINT( '', ( -3.10500000000000, -1.97500000000000, -3.20000000000000 ) );
#1708 = VECTOR( '', #2135, 1000.00000000000 );
#1709 = CARTESIAN_POINT( '', ( -3.10500000000000, -1.97500000000000, 0.000000000000000 ) );
#1710 = CARTESIAN_POINT( '', ( -3.10500000000000, -1.97500000000000, -3.50000000000000 ) );
#1711 = VECTOR( '', #2136, 1000.00000000000 );
#1712 = CARTESIAN_POINT( '', ( -3.10500000000000, -1.97500000000000, 0.000000000000000 ) );
#1713 = VECTOR( '', #2137, 1000.00000000000 );
#1714 = COLOUR_RGB( '', 0.780392169952393, 0.564705908298492, 0.109803922474384 );
#1715 = CARTESIAN_POINT( '', ( 1.97500000000000, -3.10500000000000, -3.20000000000000 ) );
#1716 = CARTESIAN_POINT( '', ( 1.97500000000000, -3.10500000000000, 0.000000000000000 ) );
#1717 = CARTESIAN_POINT( '', ( 1.97500000000000, -3.10500000000000, -3.50000000000000 ) );
#1718 = VECTOR( '', #2138, 1000.00000000000 );
#1719 = CARTESIAN_POINT( '', ( 3.10500000000000, -3.10500000000000, -3.20000000000000 ) );
#1720 = CARTESIAN_POINT( '', ( 3.10500000000000, -3.10500000000000, -3.20000000000000 ) );
#1721 = VECTOR( '', #2139, 1000.00000000000 );
#1722 = CARTESIAN_POINT( '', ( 3.10500000000000, -3.10500000000000, 0.000000000000000 ) );
#1723 = CARTESIAN_POINT( '', ( 3.10500000000000, -3.10500000000000, -3.50000000000000 ) );
#1724 = VECTOR( '', #2140, 1000.00000000000 );
#1725 = CARTESIAN_POINT( '', ( 3.10500000000000, -3.10500000000000, 0.000000000000000 ) );
#1726 = VECTOR( '', #2141, 1000.00000000000 );
#1727 = COLOUR_RGB( '', 0.780392169952393, 0.564705908298492, 0.109803922474384 );
#1728 = CARTESIAN_POINT( '', ( -3.10500000000000, 1.97500000000000, -3.20000000000000 ) );
#1729 = CARTESIAN_POINT( '', ( -3.10500000000000, 1.97500000000000, 0.000000000000000 ) );
#1730 = CARTESIAN_POINT( '', ( -3.10500000000000, 1.97500000000000, -3.50000000000000 ) );
#1731 = VECTOR( '', #2142, 1000.00000000000 );
#1732 = CARTESIAN_POINT( '', ( -1.97500000000000, 1.97500000000000, -3.20000000000000 ) );
#1733 = CARTESIAN_POINT( '', ( -1.97500000000000, 1.97500000000000, -3.20000000000000 ) );
#1734 = VECTOR( '', #2143, 1000.00000000000 );
#1735 = CARTESIAN_POINT( '', ( -1.97500000000000, 1.97500000000000, 0.000000000000000 ) );
#1736 = CARTESIAN_POINT( '', ( -1.97500000000000, 1.97500000000000, -3.50000000000000 ) );
#1737 = VECTOR( '', #2144, 1000.00000000000 );
#1738 = CARTESIAN_POINT( '', ( -1.97500000000000, 1.97500000000000, 0.000000000000000 ) );
#1739 = VECTOR( '', #2145, 1000.00000000000 );
#1740 = COLOUR_RGB( '', 0.780392169952393, 0.564705908298492, 0.109803922474384 );
#1741 = CARTESIAN_POINT( '', ( 2.80500000000000, 2.80500000000000, -3.50000000000000 ) );
#1742 = CARTESIAN_POINT( '', ( 2.80500000000000, 2.27500000000000, -3.50000000000000 ) );
#1743 = CARTESIAN_POINT( '', ( 2.80500000000000, 1.97500000000000, -3.50000000000000 ) );
#1744 = VECTOR( '', #2146, 1000.00000000000 );
#1745 = CARTESIAN_POINT( '', ( 2.27500000000000, 2.27500000000000, -3.50000000000000 ) );
#1746 = CARTESIAN_POINT( '', ( 1.97500000000000, 2.27500000000000, -3.50000000000000 ) );
#1747 = VECTOR( '', #2147, 1000.00000000000 );
#1748 = CARTESIAN_POINT( '', ( 2.27500000000000, 2.80500000000000, -3.50000000000000 ) );
#1749 = CARTESIAN_POINT( '', ( 2.27500000000000, 3.10500000000000, -3.50000000000000 ) );
#1750 = VECTOR( '', #2148, 1000.00000000000 );
#1751 = CARTESIAN_POINT( '', ( 3.10500000000000, 2.80500000000000, -3.50000000000000 ) );
#1752 = VECTOR( '', #2149, 1000.00000000000 );
#1753 = COLOUR_RGB( '', 0.780392169952393, 0.564705908298492, 0.109803922474384 );
#1754 = CARTESIAN_POINT( '', ( -3.10500000000000, -3.10500000000000, -3.20000000000000 ) );
#1755 = CARTESIAN_POINT( '', ( -3.10500000000000, -3.10500000000000, 0.000000000000000 ) );
#1756 = CARTESIAN_POINT( '', ( -3.10500000000000, -3.10500000000000, -3.50000000000000 ) );
#1757 = VECTOR( '', #2150, 1000.00000000000 );
#1758 = CARTESIAN_POINT( '', ( -1.97500000000000, -3.10500000000000, -3.20000000000000 ) );
#1759 = CARTESIAN_POINT( '', ( -1.97500000000000, -3.10500000000000, -3.20000000000000 ) );
#1760 = VECTOR( '', #2151, 1000.00000000000 );
#1761 = CARTESIAN_POINT( '', ( -1.97500000000000, -3.10500000000000, 0.000000000000000 ) );
#1762 = CARTESIAN_POINT( '', ( -1.97500000000000, -3.10500000000000, -3.50000000000000 ) );
#1763 = VECTOR( '', #2152, 1000.00000000000 );
#1764 = CARTESIAN_POINT( '', ( -1.97500000000000, -3.10500000000000, 0.000000000000000 ) );
#1765 = VECTOR( '', #2153, 1000.00000000000 );
#1766 = COLOUR_RGB( '', 0.780392169952393, 0.564705908298492, 0.109803922474384 );
#1767 = CARTESIAN_POINT( '', ( 1.97500000000000, 3.10500000000000, -3.20000000000000 ) );
#1768 = CARTESIAN_POINT( '', ( 1.97500000000000, 3.10500000000000, 0.000000000000000 ) );
#1769 = CARTESIAN_POINT( '', ( 1.97500000000000, 3.10500000000000, -3.50000000000000 ) );
#1770 = VECTOR( '', #2154, 1000.00000000000 );
#1771 = CARTESIAN_POINT( '', ( 1.97500000000000, 1.97500000000000, -3.20000000000000 ) );
#1772 = CARTESIAN_POINT( '', ( 1.97500000000000, 1.97500000000000, -3.20000000000000 ) );
#1773 = VECTOR( '', #2155, 1000.00000000000 );
#1774 = CARTESIAN_POINT( '', ( 1.97500000000000, 1.97500000000000, 0.000000000000000 ) );
#1775 = CARTESIAN_POINT( '', ( 1.97500000000000, 1.97500000000000, -3.50000000000000 ) );
#1776 = VECTOR( '', #2156, 1000.00000000000 );
#1777 = CARTESIAN_POINT( '', ( 1.97500000000000, 1.97500000000000, 0.000000000000000 ) );
#1778 = VECTOR( '', #2157, 1000.00000000000 );
#1779 = COLOUR_RGB( '', 0.780392169952393, 0.564705908298492, 0.109803922474384 );
#1780 = CARTESIAN_POINT( '', ( -0.565000000000000, -3.10500000000000, -3.20000000000000 ) );
#1781 = CARTESIAN_POINT( '', ( -0.565000000000000, -3.10500000000000, 0.000000000000000 ) );
#1782 = CARTESIAN_POINT( '', ( -0.565000000000000, -3.10500000000000, -3.50000000000000 ) );
#1783 = VECTOR( '', #2158, 1000.00000000000 );
#1784 = CARTESIAN_POINT( '', ( 0.565000000000000, -3.10500000000000, -3.20000000000000 ) );
#1785 = CARTESIAN_POINT( '', ( 0.565000000000000, -3.10500000000000, -3.20000000000000 ) );
#1786 = VECTOR( '', #2159, 1000.00000000000 );
#1787 = CARTESIAN_POINT( '', ( 0.565000000000000, -3.10500000000000, 0.000000000000000 ) );
#1788 = CARTESIAN_POINT( '', ( 0.565000000000000, -3.10500000000000, -3.50000000000000 ) );
#1789 = VECTOR( '', #2160, 1000.00000000000 );
#1790 = CARTESIAN_POINT( '', ( 0.565000000000000, -3.10500000000000, 0.000000000000000 ) );
#1791 = VECTOR( '', #2161, 1000.00000000000 );
#1792 = COLOUR_RGB( '', 0.780392169952393, 0.564705908298492, 0.109803922474384 );
#1793 = CARTESIAN_POINT( '', ( 2.17500000000000, 2.90500000000000, -3.40000000000000 ) );
#1794 = VECTOR( '', #2162, 1000.00000000000 );
#1795 = CARTESIAN_POINT( '', ( 3.10500000000000, 3.10500000000000, -3.20000000000000 ) );
#1796 = CARTESIAN_POINT( '', ( 1.97500000000000, 3.10500000000000, -3.20000000000000 ) );
#1797 = VECTOR( '', #2163, 1000.00000000000 );
#1798 = CARTESIAN_POINT( '', ( 2.52833333333334, 2.52833333333334, -3.77666666666667 ) );
#1799 = VECTOR( '', #2164, 1000.00000000000 );
#1800 = COLOUR_RGB( '', 0.780392169952393, 0.564705908298492, 0.109803922474384 );
#1801 = CARTESIAN_POINT( '', ( -2.27500000000000, -2.27500000000000, -3.50000000000000 ) );
#1802 = CARTESIAN_POINT( '', ( -2.27500000000000, -2.80500000000000, -3.50000000000000 ) );
#1803 = CARTESIAN_POINT( '', ( -2.27500000000000, -3.10500000000000, -3.50000000000000 ) );
#1804 = VECTOR( '', #2165, 1000.00000000000 );
#1805 = CARTESIAN_POINT( '', ( -2.80500000000000, -2.80500000000000, -3.50000000000000 ) );
#1806 = CARTESIAN_POINT( '', ( -3.10500000000000, -2.80500000000000, -3.50000000000000 ) );
#1807 = VECTOR( '', #2166, 1000.00000000000 );
#1808 = CARTESIAN_POINT( '', ( -2.80500000000000, -2.27500000000000, -3.50000000000000 ) );
#1809 = CARTESIAN_POINT( '', ( -2.80500000000000, -1.97500000000000, -3.50000000000000 ) );
#1810 = VECTOR( '', #2167, 1000.00000000000 );
#1811 = CARTESIAN_POINT( '', ( -1.97500000000000, -2.27500000000000, -3.50000000000000 ) );
#1812 = VECTOR( '', #2168, 1000.00000000000 );
#1813 = COLOUR_RGB( '', 0.780392169952393, 0.564705908298492, 0.109803922474384 );
#1814 = CARTESIAN_POINT( '', ( 3.10500000000000, 1.97500000000000, -3.20000000000000 ) );
#1815 = CARTESIAN_POINT( '', ( 3.10500000000000, 3.10500000000000, -3.20000000000000 ) );
#1816 = VECTOR( '', #2169, 1000.00000000000 );
#1817 = CARTESIAN_POINT( '', ( 2.52833333333334, 2.55166666666667, -3.77666666666667 ) );
#1818 = VECTOR( '', #2170, 1000.00000000000 );
#1819 = COLOUR_RGB( '', 0.780392169952393, 0.564705908298492, 0.109803922474384 );
#1820 = CARTESIAN_POINT( '', ( 3.10500000000000, -1.97500000000000, -3.20000000000000 ) );
#1821 = CARTESIAN_POINT( '', ( 3.10500000000000, -1.97500000000000, 0.000000000000000 ) );
#1822 = CARTESIAN_POINT( '', ( 3.10500000000000, -1.97500000000000, -3.50000000000000 ) );
#1823 = VECTOR( '', #2171, 1000.00000000000 );
#1824 = CARTESIAN_POINT( '', ( 1.97500000000000, -1.97500000000000, -3.20000000000000 ) );
#1825 = CARTESIAN_POINT( '', ( 1.97500000000000, -1.97500000000000, -3.20000000000000 ) );
#1826 = VECTOR( '', #2172, 1000.00000000000 );
#1827 = CARTESIAN_POINT( '', ( 1.97500000000000, -1.97500000000000, 0.000000000000000 ) );
#1828 = CARTESIAN_POINT( '', ( 1.97500000000000, -1.97500000000000, -3.50000000000000 ) );
#1829 = VECTOR( '', #2173, 1000.00000000000 );
#1830 = CARTESIAN_POINT( '', ( 1.97500000000000, -1.97500000000000, 0.000000000000000 ) );
#1831 = VECTOR( '', #2174, 1000.00000000000 );
#1832 = COLOUR_RGB( '', 0.780392169952393, 0.564705908298492, 0.109803922474384 );
#1833 = CARTESIAN_POINT( '', ( -0.565000000000000, -1.97500000000000, -3.20000000000000 ) );
#1834 = CARTESIAN_POINT( '', ( -0.265000000000000, -2.27500000000000, -3.50000000000000 ) );
#1835 = CARTESIAN_POINT( '', ( -0.365000000000000, -2.17500000000000, -3.40000000000000 ) );
#1836 = VECTOR( '', #2175, 1000.00000000000 );
#1837 = CARTESIAN_POINT( '', ( 0.565000000000000, -1.97500000000000, -3.20000000000000 ) );
#1838 = CARTESIAN_POINT( '', ( -0.565000000000000, -1.97500000000000, -3.20000000000000 ) );
#1839 = VECTOR( '', #2176, 1000.00000000000 );
#1840 = CARTESIAN_POINT( '', ( 0.265000000000000, -2.27500000000000, -3.50000000000000 ) );
#1841 = CARTESIAN_POINT( '', ( -0.0116666666666650, -2.55166666666666, -3.77666666666667 ) );
#1842 = VECTOR( '', #2177, 1000.00000000000 );
#1843 = CARTESIAN_POINT( '', ( 0.565000000000000, -2.27500000000000, -3.50000000000000 ) );
#1844 = VECTOR( '', #2178, 1000.00000000000 );
#1845 = COLOUR_RGB( '', 0.780392169952393, 0.564705908298492, 0.109803922474384 );
#1846 = CARTESIAN_POINT( '', ( 0.265000000000000, 2.80500000000000, -3.50000000000000 ) );
#1847 = CARTESIAN_POINT( '', ( 0.565000000000000, 3.10500000000000, -3.20000000000000 ) );
#1848 = CARTESIAN_POINT( '', ( -0.0116666666666650, 2.52833333333334, -3.77666666666667 ) );
#1849 = VECTOR( '', #2179, 1000.00000000000 );
#1850 = CARTESIAN_POINT( '', ( 0.565000000000000, 1.97500000000000, -3.20000000000000 ) );
#1851 = CARTESIAN_POINT( '', ( 0.565000000000000, 3.10500000000000, -3.20000000000000 ) );
#1852 = VECTOR( '', #2180, 1000.00000000000 );
#1853 = CARTESIAN_POINT( '', ( 0.265000000000000, 2.27500000000000, -3.50000000000000 ) );
#1854 = CARTESIAN_POINT( '', ( -0.0116666666666689, 2.55166666666667, -3.77666666666667 ) );
#1855 = VECTOR( '', #2181, 1000.00000000000 );
#1856 = CARTESIAN_POINT( '', ( 0.265000000000000, 1.97500000000000, -3.50000000000000 ) );
#1857 = VECTOR( '', #2182, 1000.00000000000 );
#1858 = COLOUR_RGB( '', 0.780392169952393, 0.564705908298492, 0.109803922474384 );
#1859 = CARTESIAN_POINT( '', ( -1.97500000000000, 3.10500000000000, -3.20000000000000 ) );
#1860 = CARTESIAN_POINT( '', ( -1.97500000000000, 3.10500000000000, -3.20000000000000 ) );
#1861 = VECTOR( '', #2183, 1000.00000000000 );
#1862 = CARTESIAN_POINT( '', ( -1.97500000000000, 3.10500000000000, 0.000000000000000 ) );
#1863 = CARTESIAN_POINT( '', ( -1.97500000000000, 3.10500000000000, -3.50000000000000 ) );
#1864 = VECTOR( '', #2184, 1000.00000000000 );
#1865 = CARTESIAN_POINT( '', ( -1.97500000000000, 3.10500000000000, 0.000000000000000 ) );
#1866 = VECTOR( '', #2185, 1000.00000000000 );
#1867 = COLOUR_RGB( '', 0.780392169952393, 0.564705908298492, 0.109803922474384 );
#1868 = CARTESIAN_POINT( '', ( 0.565000000000000, -1.97500000000000, -3.20000000000000 ) );
#1869 = VECTOR( '', #2186, 1000.00000000000 );
#1870 = CARTESIAN_POINT( '', ( 0.565000000000000, -1.97500000000000, 0.000000000000000 ) );
#1871 = CARTESIAN_POINT( '', ( 0.565000000000000, -1.97500000000000, -3.50000000000000 ) );
#1872 = VECTOR( '', #2187, 1000.00000000000 );
#1873 = CARTESIAN_POINT( '', ( 0.565000000000000, -1.97500000000000, 0.000000000000000 ) );
#1874 = VECTOR( '', #2188, 1000.00000000000 );
#1875 = COLOUR_RGB( '', 0.780392169952393, 0.564705908298492, 0.109803922474384 );
#1876 = CARTESIAN_POINT( '', ( 0.265000000000000, -2.80500000000000, -3.50000000000000 ) );
#1877 = CARTESIAN_POINT( '', ( -0.0116666666666689, -2.52833333333334, -3.77666666666667 ) );
#1878 = VECTOR( '', #2189, 1000.00000000000 );
#1879 = CARTESIAN_POINT( '', ( 0.265000000000000, -3.10500000000000, -3.50000000000000 ) );
#1880 = VECTOR( '', #2190, 1000.00000000000 );
#1881 = COLOUR_RGB( '', 0.780392169952393, 0.564705908298492, 0.109803922474384 );
#1882 = CARTESIAN_POINT( '', ( -2.27500000000000, 2.80500000000000, -3.50000000000000 ) );
#1883 = CARTESIAN_POINT( '', ( -2.55166666666667, 2.52833333333334, -3.77666666666667 ) );
#1884 = VECTOR( '', #2191, 1000.00000000000 );
#1885 = CARTESIAN_POINT( '', ( -2.27500000000000, 2.27500000000000, -3.50000000000000 ) );
#1886 = CARTESIAN_POINT( '', ( -2.55166666666667, 2.55166666666667, -3.77666666666667 ) );
#1887 = VECTOR( '', #2192, 1000.00000000000 );
#1888 = CARTESIAN_POINT( '', ( -2.27500000000000, 1.97500000000000, -3.50000000000000 ) );
#1889 = VECTOR( '', #2193, 1000.00000000000 );
#1890 = COLOUR_RGB( '', 0.780392169952393, 0.564705908298492, 0.109803922474384 );
#1891 = CARTESIAN_POINT( '', ( 2.27500000000000, -2.27500000000000, -3.50000000000000 ) );
#1892 = CARTESIAN_POINT( '', ( 2.17500000000000, -2.17500000000000, -3.40000000000000 ) );
#1893 = VECTOR( '', #2194, 1000.00000000000 );
#1894 = CARTESIAN_POINT( '', ( 2.80500000000000, -2.27500000000000, -3.50000000000000 ) );
#1895 = CARTESIAN_POINT( '', ( 2.52833333333334, -2.55166666666666, -3.77666666666667 ) );
#1896 = VECTOR( '', #2195, 1000.00000000000 );
#1897 = CARTESIAN_POINT( '', ( 3.10500000000000, -2.27500000000000, -3.50000000000000 ) );
#1898 = VECTOR( '', #2196, 1000.00000000000 );
#1899 = COLOUR_RGB( '', 0.780392169952393, 0.564705908298492, 0.109803922474384 );
#1900 = CARTESIAN_POINT( '', ( 3.10500000000000, 3.10500000000000, 0.000000000000000 ) );
#1901 = CARTESIAN_POINT( '', ( 3.10500000000000, 3.10500000000000, -3.50000000000000 ) );
#1902 = VECTOR( '', #2197, 1000.00000000000 );
#1903 = CARTESIAN_POINT( '', ( 1.97500000000000, 3.10500000000000, 0.000000000000000 ) );
#1904 = VECTOR( '', #2198, 1000.00000000000 );
#1905 = COLOUR_RGB( '', 0.780392169952393, 0.564705908298492, 0.109803922474384 );
#1906 = CARTESIAN_POINT( '', ( 3.10500000000000, 1.97500000000000, 0.000000000000000 ) );
#1907 = CARTESIAN_POINT( '', ( 3.10500000000000, 1.97500000000000, -3.50000000000000 ) );
#1908 = VECTOR( '', #2199, 1000.00000000000 );
#1909 = CARTESIAN_POINT( '', ( 3.10500000000000, 3.10500000000000, 0.000000000000000 ) );
#1910 = VECTOR( '', #2200, 1000.00000000000 );
#1911 = COLOUR_RGB( '', 0.780392169952393, 0.564705908298492, 0.109803922474384 );
#1912 = CARTESIAN_POINT( '', ( -2.80500000000000, 2.27500000000000, -3.50000000000000 ) );
#1913 = CARTESIAN_POINT( '', ( -2.52833333333333, 2.55166666666667, -3.77666666666667 ) );
#1914 = VECTOR( '', #2201, 1000.00000000000 );
#1915 = CARTESIAN_POINT( '', ( -3.10500000000000, 2.27500000000000, -3.50000000000000 ) );
#1916 = VECTOR( '', #2202, 1000.00000000000 );
#1917 = COLOUR_RGB( '', 0.780392169952393, 0.564705908298492, 0.109803922474384 );
#1918 = CARTESIAN_POINT( '', ( -0.300000000000000, -3.50000000000000, 14.0000000000000 ) );
#1919 = CARTESIAN_POINT( '', ( -0.300000000000000, 3.50000000000000, 14.0000000000000 ) );
#1920 = CARTESIAN_POINT( '', ( -0.300000000000000, -3.50000000000000, 14.0000000000000 ) );
#1921 = VECTOR( '', #2203, 1000.00000000000 );
#1922 = CARTESIAN_POINT( '', ( 3.50000000000000, -3.50000000000000, 14.0000000000000 ) );
#1923 = CARTESIAN_POINT( '', ( -3.50000000000000, -3.50000000000000, 14.0000000000000 ) );
#1924 = VECTOR( '', #2204, 1000.00000000000 );
#1925 = CARTESIAN_POINT( '', ( 3.50000000000000, 3.50000000000000, 14.0000000000000 ) );
#1926 = CARTESIAN_POINT( '', ( 3.50000000000000, -3.50000000000000, 14.0000000000000 ) );
#1927 = VECTOR( '', #2205, 1000.00000000000 );
#1928 = CARTESIAN_POINT( '', ( 3.50000000000000, 3.50000000000000, 14.0000000000000 ) );
#1929 = VECTOR( '', #2206, 1000.00000000000 );
#1930 = COLOUR_RGB( '', 0.780392169952393, 0.564705908298492, 0.109803922474384 );
#1931 = CARTESIAN_POINT( '', ( 0.565000000000000, 1.97500000000000, 0.000000000000000 ) );
#1932 = CARTESIAN_POINT( '', ( 0.565000000000000, 1.97500000000000, -3.50000000000000 ) );
#1933 = VECTOR( '', #2207, 1000.00000000000 );
#1934 = CARTESIAN_POINT( '', ( 0.565000000000000, 3.10500000000000, 0.000000000000000 ) );
#1935 = CARTESIAN_POINT( '', ( 0.565000000000000, 3.10500000000000, -3.50000000000000 ) );
#1936 = VECTOR( '', #2208, 1000.00000000000 );
#1937 = CARTESIAN_POINT( '', ( 0.565000000000000, 3.10500000000000, 0.000000000000000 ) );
#1938 = VECTOR( '', #2209, 1000.00000000000 );
#1939 = COLOUR_RGB( '', 0.780392169952393, 0.564705908298492, 0.109803922474384 );
#1940 = CARTESIAN_POINT( '', ( -0.565000000000000, 3.10500000000000, -3.20000000000000 ) );
#1941 = CARTESIAN_POINT( '', ( -0.265000000000000, 2.80500000000000, -3.50000000000000 ) );
#1942 = CARTESIAN_POINT( '', ( -0.365000000000000, 2.90500000000000, -3.40000000000000 ) );
#1943 = VECTOR( '', #2210, 1000.00000000000 );
#1944 = CARTESIAN_POINT( '', ( -0.265000000000000, 2.27500000000000, -3.50000000000000 ) );
#1945 = CARTESIAN_POINT( '', ( -0.265000000000000, 3.10500000000000, -3.50000000000000 ) );
#1946 = VECTOR( '', #2211, 1000.00000000000 );
#1947 = CARTESIAN_POINT( '', ( -0.565000000000000, 1.97500000000000, -3.20000000000000 ) );
#1948 = CARTESIAN_POINT( '', ( 0.0116666666666728, 2.55166666666667, -3.77666666666667 ) );
#1949 = VECTOR( '', #2212, 1000.00000000000 );
#1950 = CARTESIAN_POINT( '', ( -0.565000000000000, 1.97500000000000, -3.20000000000000 ) );
#1951 = VECTOR( '', #2213, 1000.00000000000 );
#1952 = COLOUR_RGB( '', 0.780392169952393, 0.564705908298492, 0.109803922474384 );
#1953 = CARTESIAN_POINT( '', ( -0.0999999999999979, -1.60000000000000, 9.00000000000000 ) );
#1954 = AXIS2_PLACEMENT_3D( '', #2214, #2215, #2216 );
#1955 = CARTESIAN_POINT( '', ( 3.30000000000000, -1.60000000000000, 9.00000000000000 ) );
#1956 = AXIS2_PLACEMENT_3D( '', #2217, #2218, #2219 );
#1957 = COLOUR_RGB( '', 0.780392169952393, 0.564705908298492, 0.109803922474384 );
#1958 = CARTESIAN_POINT( '', ( -0.300000000000000, 3.50000000000000, 3.00000000000000 ) );
#1959 = CARTESIAN_POINT( '', ( -3.50000000000000, 3.50000000000000, 3.00000000000000 ) );
#1960 = CARTESIAN_POINT( '', ( 3.50000000000000, 3.50000000000000, 3.00000000000000 ) );
#1961 = VECTOR( '', #2220, 1000.00000000000 );
#1962 = CARTESIAN_POINT( '', ( -3.50000000000000, -3.50000000000000, 3.00000000000000 ) );
#1963 = CARTESIAN_POINT( '', ( -3.50000000000000, 16.6059692628831, 3.00000000000000 ) );
#1964 = VECTOR( '', #2221, 1000.00000000000 );
#1965 = CARTESIAN_POINT( '', ( -0.299999999999996, -3.50000000000000, 3.00000000000000 ) );
#1966 = CARTESIAN_POINT( '', ( -0.299999999999996, -3.50000000000000, 3.00000000000000 ) );
#1967 = VECTOR( '', #2222, 1000.00000000000 );
#1968 = CARTESIAN_POINT( '', ( -0.300000000000000, 16.6059692628831, 3.00000000000000 ) );
#1969 = VECTOR( '', #2223, 1000.00000000000 );
#1970 = COLOUR_RGB( '', 0.780392169952393, 0.564705908298492, 0.109803922474384 );
#1971 = CARTESIAN_POINT( '', ( 3.10500000000000, 1.97500000000000, -3.20000000000000 ) );
#1972 = VECTOR( '', #2224, 1000.00000000000 );
#1973 = CARTESIAN_POINT( '', ( 2.55166666666668, 2.55166666666667, -3.77666666666667 ) );
#1974 = VECTOR( '', #2225, 1000.00000000000 );
#1975 = COLOUR_RGB( '', 0.780392169952393, 0.564705908298492, 0.109803922474384 );
#1976 = CARTESIAN_POINT( '', ( -0.565000000000000, 2.27500000000000, -3.50000000000000 ) );
#1977 = VECTOR( '', #2226, 1000.00000000000 );
#1978 = CARTESIAN_POINT( '', ( 0.565000000000000, 2.80500000000000, -3.50000000000000 ) );
#1979 = VECTOR( '', #2227, 1000.00000000000 );
#1980 = COLOUR_RGB( '', 0.780392169952393, 0.564705908298492, 0.109803922474384 );
#1981 = CARTESIAN_POINT( '', ( -2.90500000000000, -2.17500000000000, -3.40000000000000 ) );
#1982 = VECTOR( '', #2228, 1000.00000000000 );
#1983 = CARTESIAN_POINT( '', ( -2.55166666666667, -2.55166666666666, -3.77666666666667 ) );
#1984 = VECTOR( '', #2229, 1000.00000000000 );
#1985 = COLOUR_RGB( '', 0.780392169952393, 0.564705908298492, 0.109803922474384 );
#1986 = CARTESIAN_POINT( '', ( -0.300000000000000, -1.80000000000000, 9.00000000000000 ) );
#1987 = AXIS2_PLACEMENT_3D( '', #2230, #2231, #2232 );
#1988 = CARTESIAN_POINT( '', ( -0.300000000000000, 3.50000000000000, 14.0000000000000 ) );
#1989 = VECTOR( '', #2233, 1000.00000000000 );
#1990 = CARTESIAN_POINT( '', ( -0.300000000000000, -3.50000000000000, 14.0000000000000 ) );
#1991 = VECTOR( '', #2234, 1000.00000000000 );
#1992 = COLOUR_RGB( '', 0.780392169952393, 0.564705908298492, 0.109803922474384 );
#1993 = COLOUR_RGB( '', 0.780392169952393, 0.564705908298492, 0.109803922474384 );
#1994 = CARTESIAN_POINT( '', ( -0.265000000000000, -2.80500000000000, -3.50000000000000 ) );
#1995 = CARTESIAN_POINT( '', ( -0.565000000000000, -2.80500000000000, -3.50000000000000 ) );
#1996 = VECTOR( '', #2235, 1000.00000000000 );
#1997 = CARTESIAN_POINT( '', ( -0.265000000000000, -1.97500000000000, -3.50000000000000 ) );
#1998 = VECTOR( '', #2236, 1000.00000000000 );
#1999 = COLOUR_RGB( '', 0.780392169952393, 0.564705908298492, 0.109803922474384 );
#2000 = CARTESIAN_POINT( '', ( 0.0116666666666728, -2.52833333333333, -3.77666666666667 ) );
#2001 = VECTOR( '', #2237, 1000.00000000000 );
#2002 = CARTESIAN_POINT( '', ( -0.565000000000000, -3.10500000000000, -3.20000000000000 ) );
#2003 = VECTOR( '', #2238, 1000.00000000000 );
#2004 = COLOUR_RGB( '', 0.780392169952393, 0.564705908298492, 0.109803922474384 );
#2005 = CARTESIAN_POINT( '', ( -2.80500000000000, 2.80500000000000, -3.50000000000000 ) );
#2006 = CARTESIAN_POINT( '', ( -2.80500000000000, 3.10500000000000, -3.50000000000000 ) );
#2007 = VECTOR( '', #2239, 1000.00000000000 );
#2008 = CARTESIAN_POINT( '', ( -1.97500000000000, 2.80500000000000, -3.50000000000000 ) );
#2009 = VECTOR( '', #2240, 1000.00000000000 );
#2010 = COLOUR_RGB( '', 0.780392169952393, 0.564705908298492, 0.109803922474384 );
#2011 = CARTESIAN_POINT( '', ( 2.80500000000000, -2.80500000000000, -3.50000000000000 ) );
#2012 = CARTESIAN_POINT( '', ( 2.80500000000000, -3.10500000000000, -3.50000000000000 ) );
#2013 = VECTOR( '', #2241, 1000.00000000000 );
#2014 = CARTESIAN_POINT( '', ( 2.27500000000000, -2.80500000000000, -3.50000000000000 ) );
#2015 = CARTESIAN_POINT( '', ( 1.97500000000000, -2.80500000000000, -3.50000000000000 ) );
#2016 = VECTOR( '', #2242, 1000.00000000000 );
#2017 = CARTESIAN_POINT( '', ( 2.27500000000000, -1.97500000000000, -3.50000000000000 ) );
#2018 = VECTOR( '', #2243, 1000.00000000000 );
#2019 = COLOUR_RGB( '', 0.780392169952393, 0.564705908298492, 0.109803922474384 );
#2020 = CARTESIAN_POINT( '', ( 3.10500000000000, -1.97500000000000, -3.20000000000000 ) );
#2021 = VECTOR( '', #2244, 1000.00000000000 );
#2022 = CARTESIAN_POINT( '', ( 2.52833333333334, -2.52833333333334, -3.77666666666667 ) );
#2023 = VECTOR( '', #2245, 1000.00000000000 );
#2024 = COLOUR_RGB( '', 0.780392169952393, 0.564705908298492, 0.109803922474384 );
#2025 = CARTESIAN_POINT( '', ( -0.565000000000000, -1.97500000000000, 0.000000000000000 ) );
#2026 = CARTESIAN_POINT( '', ( -0.565000000000000, -1.97500000000000, -3.50000000000000 ) );
#2027 = VECTOR( '', #2246, 1000.00000000000 );
#2028 = CARTESIAN_POINT( '', ( -0.565000000000000, -3.10500000000000, 0.000000000000000 ) );
#2029 = VECTOR( '', #2247, 1000.00000000000 );
#2030 = COLOUR_RGB( '', 0.780392169952393, 0.564705908298492, 0.109803922474384 );
#2031 = CARTESIAN_POINT( '', ( -3.10500000000000, -3.10500000000000, -3.20000000000000 ) );
#2032 = VECTOR( '', #2248, 1000.00000000000 );
#2033 = CARTESIAN_POINT( '', ( -3.10500000000000, -3.10500000000000, 0.000000000000000 ) );
#2034 = VECTOR( '', #2249, 1000.00000000000 );
#2035 = COLOUR_RGB( '', 0.780392169952393, 0.564705908298492, 0.109803922474384 );
#2036 = CARTESIAN_POINT( '', ( 3.50000000000000, -1.80000000000000, 9.00000000000000 ) );
#2037 = AXIS2_PLACEMENT_3D( '', #2250, #2251, #2252 );
#2038 = CARTESIAN_POINT( '', ( 3.50000000000000, -3.50000000000000, 0.000000000000000 ) );
#2039 = CARTESIAN_POINT( '', ( 3.50000000000000, 3.50000000000000, 0.000000000000000 ) );
#2040 = CARTESIAN_POINT( '', ( 3.50000000000000, -3.50000000000000, 0.000000000000000 ) );
#2041 = VECTOR( '', #2253, 1000.00000000000 );
#2042 = CARTESIAN_POINT( '', ( 3.50000000000000, 3.50000000000000, 14.0000000000000 ) );
#2043 = VECTOR( '', #2254, 1000.00000000000 );
#2044 = CARTESIAN_POINT( '', ( 3.50000000000000, -3.50000000000000, 14.0000000000000 ) );
#2045 = VECTOR( '', #2255, 1000.00000000000 );
#2046 = COLOUR_RGB( '', 0.780392169952393, 0.564705908298492, 0.109803922474384 );
#2047 = CARTESIAN_POINT( '', ( -3.50000000000000, 3.50000000000000, 0.000000000000000 ) );
#2048 = CARTESIAN_POINT( '', ( 3.50000000000000, 3.50000000000000, 0.000000000000000 ) );
#2049 = VECTOR( '', #2256, 1000.00000000000 );
#2050 = CARTESIAN_POINT( '', ( -3.50000000000000, 3.50000000000000, 14.0000000000000 ) );
#2051 = VECTOR( '', #2257, 1000.00000000000 );
#2052 = COLOUR_RGB( '', 0.780392169952393, 0.564705908298492, 0.109803922474384 );
#2053 = COLOUR_RGB( '', 0.780392169952393, 0.564705908298492, 0.109803922474384 );
#2054 = CARTESIAN_POINT( '', ( -3.10500000000000, 3.10500000000000, -3.20000000000000 ) );
#2055 = CARTESIAN_POINT( '', ( -2.90500000000000, 2.90500000000000, -3.40000000000000 ) );
#2056 = VECTOR( '', #2258, 1000.00000000000 );
#2057 = CARTESIAN_POINT( '', ( -3.10500000000000, 3.10500000000000, -3.20000000000000 ) );
#2058 = VECTOR( '', #2259, 1000.00000000000 );
#2059 = COLOUR_RGB( '', 0.780392169952393, 0.564705908298492, 0.109803922474384 );
#2060 = CARTESIAN_POINT( '', ( -0.565000000000000, -1.97500000000000, 0.000000000000000 ) );
#2061 = VECTOR( '', #2260, 1000.00000000000 );
#2062 = COLOUR_RGB( '', 0.780392169952393, 0.564705908298492, 0.109803922474384 );
#2063 = CARTESIAN_POINT( '', ( -2.52833333333333, -2.52833333333333, -3.77666666666667 ) );
#2064 = VECTOR( '', #2261, 1000.00000000000 );
#2065 = COLOUR_RGB( '', 0.780392169952393, 0.564705908298492, 0.109803922474384 );
#2066 = CARTESIAN_POINT( '', ( 2.55166666666668, -2.52833333333333, -3.77666666666667 ) );
#2067 = VECTOR( '', #2262, 1000.00000000000 );
#2068 = CARTESIAN_POINT( '', ( 1.97500000000000, -3.10500000000000, -3.20000000000000 ) );
#2069 = VECTOR( '', #2263, 1000.00000000000 );
#2070 = COLOUR_RGB( '', 0.780392169952393, 0.564705908298492, 0.109803922474384 );
#2071 = COLOUR_RGB( '', 0.780392169952393, 0.564705908298492, 0.109803922474384 );
#2072 = CARTESIAN_POINT( '', ( -0.565000000000000, 3.10500000000000, 0.000000000000000 ) );
#2073 = CARTESIAN_POINT( '', ( -0.565000000000000, 3.10500000000000, -3.50000000000000 ) );
#2074 = VECTOR( '', #2264, 1000.00000000000 );
#2075 = CARTESIAN_POINT( '', ( -0.565000000000000, 1.97500000000000, 0.000000000000000 ) );
#2076 = CARTESIAN_POINT( '', ( -0.565000000000000, 1.97500000000000, -3.50000000000000 ) );
#2077 = VECTOR( '', #2265, 1000.00000000000 );
#2078 = CARTESIAN_POINT( '', ( -0.565000000000000, 1.97500000000000, 0.000000000000000 ) );
#2079 = VECTOR( '', #2266, 1000.00000000000 );
#2080 = COLOUR_RGB( '', 0.780392169952393, 0.564705908298492, 0.109803922474384 );
#2081 = COLOUR_RGB( '', 0.780392169952393, 0.564705908298492, 0.109803922474384 );
#2082 = CARTESIAN_POINT( '', ( -3.50000000000000, -3.50000000000000, 0.000000000000000 ) );
#2083 = CARTESIAN_POINT( '', ( -3.50000000000000, -3.50000000000000, 14.0000000000000 ) );
#2084 = VECTOR( '', #2267, 1000.00000000000 );
#2085 = CARTESIAN_POINT( '', ( -3.50000000000000, -3.50000000000000, 0.000000000000000 ) );
#2086 = VECTOR( '', #2268, 1000.00000000000 );
#2087 = COLOUR_RGB( '', 0.780392169952393, 0.564705908298492, 0.109803922474384 );
#2088 = CARTESIAN_POINT( '', ( -3.10500000000000, 3.10500000000000, 0.000000000000000 ) );
#2089 = CARTESIAN_POINT( '', ( -3.10500000000000, 3.10500000000000, -3.50000000000000 ) );
#2090 = VECTOR( '', #2269, 1000.00000000000 );
#2091 = CARTESIAN_POINT( '', ( -3.10500000000000, 1.97500000000000, -3.20000000000000 ) );
#2092 = VECTOR( '', #2270, 1000.00000000000 );
#2093 = CARTESIAN_POINT( '', ( -3.10500000000000, 1.97500000000000, 0.000000000000000 ) );
#2094 = VECTOR( '', #2271, 1000.00000000000 );
#2095 = COLOUR_RGB( '', 0.780392169952393, 0.564705908298492, 0.109803922474384 );
#2096 = COLOUR_RGB( '', 0.780392169952393, 0.564705908298492, 0.109803922474384 );
#2097 = CARTESIAN_POINT( '', ( -1.97500000000000, -1.97500000000000, -3.20000000000000 ) );
#2098 = VECTOR( '', #2272, 1000.00000000000 );
#2099 = CARTESIAN_POINT( '', ( -2.55166666666667, -2.52833333333334, -3.77666666666667 ) );
#2100 = VECTOR( '', #2273, 1000.00000000000 );
#2101 = COLOUR_RGB( '', 0.780392169952393, 0.564705908298492, 0.109803922474384 );
#2102 = CARTESIAN_POINT( '', ( -1.97500000000000, -1.97500000000000, 0.000000000000000 ) );
#2103 = VECTOR( '', #2274, 1000.00000000000 );
#2104 = COLOUR_RGB( '', 0.780392169952393, 0.564705908298492, 0.109803922474384 );
#2105 = CARTESIAN_POINT( '', ( -0.565000000000000, 3.10500000000000, -3.20000000000000 ) );
#2106 = VECTOR( '', #2275, 1000.00000000000 );
#2107 = CARTESIAN_POINT( '', ( -0.565000000000000, 3.10500000000000, 0.000000000000000 ) );
#2108 = VECTOR( '', #2276, 1000.00000000000 );
#2109 = COLOUR_RGB( '', 0.780392169952393, 0.564705908298492, 0.109803922474384 );
#2110 = COLOUR_RGB( '', 0.780392169952393, 0.564705908298492, 0.109803922474384 );
#2111 = CARTESIAN_POINT( '', ( 3.10500000000000, -1.97500000000000, 0.000000000000000 ) );
#2112 = VECTOR( '', #2277, 1000.00000000000 );
#2113 = COLOUR_RGB( '', 0.780392169952393, 0.564705908298492, 0.109803922474384 );
#2114 = COLOUR_RGB( '', 0.780392169952393, 0.564705908298492, 0.109803922474384 );
#2115 = CARTESIAN_POINT( '', ( 3.10500000000000, 1.97500000000000, 0.000000000000000 ) );
#2116 = VECTOR( '', #2278, 1000.00000000000 );
#2117 = CARTESIAN_POINT( '', ( 1.97500000000000, -3.10500000000000, 0.000000000000000 ) );
#2118 = VECTOR( '', #2279, 1000.00000000000 );
#2119 = CARTESIAN_POINT( '', ( 0.565000000000000, 1.97500000000000, 0.000000000000000 ) );
#2120 = VECTOR( '', #2280, 1000.00000000000 );
#2121 = CARTESIAN_POINT( '', ( -3.10500000000000, 3.10500000000000, 0.000000000000000 ) );
#2122 = VECTOR( '', #2281, 1000.00000000000 );
#2123 = CARTESIAN_POINT( '', ( -3.50000000000000, 3.50000000000000, 0.000000000000000 ) );
#2124 = VECTOR( '', #2282, 1000.00000000000 );
#2125 = COLOUR_RGB( '', 0.780392169952393, 0.564705908298492, 0.109803922474384 );
#2126 = COLOUR_RGB( '', 0.780392169952393, 0.564705908298492, 0.109803922474384 );
#2127 = CARTESIAN_POINT( '', ( 0.565000000000000, 1.97500000000000, -3.20000000000000 ) );
#2128 = VECTOR( '', #2283, 1000.00000000000 );
#2129 = COLOUR_RGB( '', 0.780392169952393, 0.564705908298492, 0.109803922474384 );
#2130 = COLOUR_RGB( '', 0.780392169952393, 0.564705908298492, 0.109803922474384 );
#2131 = COLOUR_RGB( '', 0.780392169952393, 0.564705908298492, 0.109803922474384 );
#2132 = COLOUR_RGB( '', 0.780392169952393, 0.564705908298492, 0.109803922474384 );
#2133 = COLOUR_RGB( '', 0.780392169952393, 0.564705908298492, 0.109803922474384 );
#2134 = DIRECTION( '', ( 0.000000000000000, 0.000000000000000, 1.00000000000000 ) );
#2135 = DIRECTION( '', ( -1.00000000000000, 6.14061407425420E-015, 0.000000000000000 ) );
#2136 = DIRECTION( '', ( 0.000000000000000, 0.000000000000000, 1.00000000000000 ) );
#2137 = DIRECTION( '', ( 1.00000000000000, -6.14061407425420E-015, 0.000000000000000 ) );
#2138 = DIRECTION( '', ( 0.000000000000000, 0.000000000000000, 1.00000000000000 ) );
#2139 = DIRECTION( '', ( 1.00000000000000, 3.07030703712710E-015, 0.000000000000000 ) );
#2140 = DIRECTION( '', ( 0.000000000000000, 0.000000000000000, 1.00000000000000 ) );
#2141 = DIRECTION( '', ( -1.00000000000000, -3.07030703712710E-015, 0.000000000000000 ) );
#2142 = DIRECTION( '', ( 0.000000000000000, 0.000000000000000, 1.00000000000000 ) );
#2143 = DIRECTION( '', ( 1.00000000000000, 3.07030703712710E-015, 0.000000000000000 ) );
#2144 = DIRECTION( '', ( 0.000000000000000, 0.000000000000000, 1.00000000000000 ) );
#2145 = DIRECTION( '', ( -1.00000000000000, -3.07030703712710E-015, 0.000000000000000 ) );
#2146 = DIRECTION( '', ( 1.53515351856355E-015, -1.00000000000000, 0.000000000000000 ) );
#2147 = DIRECTION( '', ( -1.00000000000000, -3.07030703712710E-015, 0.000000000000000 ) );
#2148 = DIRECTION( '', ( -1.53515351856353E-015, 1.00000000000000, 0.000000000000000 ) );
#2149 = DIRECTION( '', ( 1.00000000000000, -6.14061407425420E-015, 0.000000000000000 ) );
#2150 = DIRECTION( '', ( 0.000000000000000, 0.000000000000000, 1.00000000000000 ) );
#2151 = DIRECTION( '', ( 1.00000000000000, 3.07030703712710E-015, 0.000000000000000 ) );
#2152 = DIRECTION( '', ( 0.000000000000000, 0.000000000000000, 1.00000000000000 ) );
#2153 = DIRECTION( '', ( -1.00000000000000, -3.07030703712710E-015, 0.000000000000000 ) );
#2154 = DIRECTION( '', ( 0.000000000000000, 0.000000000000000, 1.00000000000000 ) );
#2155 = DIRECTION( '', ( 1.53515351856353E-015, -1.00000000000000, 0.000000000000000 ) );
#2156 = DIRECTION( '', ( 0.000000000000000, 0.000000000000000, 1.00000000000000 ) );
#2157 = DIRECTION( '', ( -1.53515351856353E-015, 1.00000000000000, 0.000000000000000 ) );
#2158 = DIRECTION( '', ( 0.000000000000000, 0.000000000000000, 1.00000000000000 ) );
#2159 = DIRECTION( '', ( 1.00000000000000, 3.07030703712710E-015, 0.000000000000000 ) );
#2160 = DIRECTION( '', ( 0.000000000000000, 0.000000000000000, 1.00000000000000 ) );
#2161 = DIRECTION( '', ( -1.00000000000000, -3.07030703712710E-015, 0.000000000000000 ) );
#2162 = DIRECTION( '', ( 0.577350269189625, -0.577350269189628, -0.577350269189624 ) );
#2163 = DIRECTION( '', ( -1.00000000000000, 6.14061407425420E-015, 0.000000000000000 ) );
#2164 = DIRECTION( '', ( -0.577350269189626, -0.577350269189624, -0.577350269189627 ) );
#2165 = DIRECTION( '', ( 1.53515351856355E-015, -1.00000000000000, 0.000000000000000 ) );
#2166 = DIRECTION( '', ( -1.00000000000000, -3.07030703712710E-015, 0.000000000000000 ) );
#2167 = DIRECTION( '', ( -1.53515351856353E-015, 1.00000000000000, 0.000000000000000 ) );
#2168 = DIRECTION( '', ( 1.00000000000000, -6.14061407425420E-015, 0.000000000000000 ) );
#2169 = DIRECTION( '', ( -1.53515351856355E-015, 1.00000000000000, 0.000000000000000 ) );
#2170 = DIRECTION( '', ( -0.577350269189627, 0.577350269189624, -0.577350269189626 ) );
#2171 = DIRECTION( '', ( 0.000000000000000, 0.000000000000000, 1.00000000000000 ) );
#2172 = DIRECTION( '', ( -1.00000000000000, 6.14061407425420E-015, 0.000000000000000 ) );
#2173 = DIRECTION( '', ( 0.000000000000000, 0.000000000000000, 1.00000000000000 ) );
#2174 = DIRECTION( '', ( 1.00000000000000, -6.14061407425420E-015, 0.000000000000000 ) );
#2175 = DIRECTION( '', ( 0.577350269189625, -0.577350269189628, -0.577350269189624 ) );
#2176 = DIRECTION( '', ( -1.00000000000000, 6.14061407425420E-015, 0.000000000000000 ) );
#2177 = DIRECTION( '', ( -0.577350269189626, -0.577350269189624, -0.577350269189627 ) );
#2178 = DIRECTION( '', ( 1.00000000000000, -6.14061407425420E-015, 0.000000000000000 ) );
#2179 = DIRECTION( '', ( -0.577350269189626, -0.577350269189624, -0.577350269189627 ) );
#2180 = DIRECTION( '', ( -1.53515351856355E-015, 1.00000000000000, 0.000000000000000 ) );
#2181 = DIRECTION( '', ( -0.577350269189627, 0.577350269189624, -0.577350269189626 ) );
#2182 = DIRECTION( '', ( 1.53515351856355E-015, -1.00000000000000, 0.000000000000000 ) );
#2183 = DIRECTION( '', ( -1.53515351856355E-015, 1.00000000000000, 0.000000000000000 ) );
#2184 = DIRECTION( '', ( 0.000000000000000, 0.000000000000000, 1.00000000000000 ) );
#2185 = DIRECTION( '', ( 1.53515351856355E-015, -1.00000000000000, 0.000000000000000 ) );
#2186 = DIRECTION( '', ( -1.53515351856355E-015, 1.00000000000000, 0.000000000000000 ) );
#2187 = DIRECTION( '', ( 0.000000000000000, 0.000000000000000, 1.00000000000000 ) );
#2188 = DIRECTION( '', ( 1.53515351856355E-015, -1.00000000000000, 0.000000000000000 ) );
#2189 = DIRECTION( '', ( -0.577350269189627, 0.577350269189624, -0.577350269189626 ) );
#2190 = DIRECTION( '', ( 1.53515351856355E-015, -1.00000000000000, 0.000000000000000 ) );
#2191 = DIRECTION( '', ( -0.577350269189626, -0.577350269189624, -0.577350269189627 ) );
#2192 = DIRECTION( '', ( -0.577350269189627, 0.577350269189624, -0.577350269189626 ) );
#2193 = DIRECTION( '', ( 1.53515351856355E-015, -1.00000000000000, 0.000000000000000 ) );
#2194 = DIRECTION( '', ( 0.577350269189625, -0.577350269189628, -0.577350269189624 ) );
#2195 = DIRECTION( '', ( -0.577350269189626, -0.577350269189624, -0.577350269189627 ) );
#2196 = DIRECTION( '', ( 1.00000000000000, -6.14061407425420E-015, 0.000000000000000 ) );
#2197 = DIRECTION( '', ( 0.000000000000000, 0.000000000000000, 1.00000000000000 ) );
#2198 = DIRECTION( '', ( 1.00000000000000, -6.14061407425420E-015, 0.000000000000000 ) );
#2199 = DIRECTION( '', ( 0.000000000000000, 0.000000000000000, 1.00000000000000 ) );
#2200 = DIRECTION( '', ( 1.53515351856355E-015, -1.00000000000000, 0.000000000000000 ) );
#2201 = DIRECTION( '', ( -0.577350269189625, -0.577350269189627, 0.577350269189625 ) );
#2202 = DIRECTION( '', ( -1.00000000000000, -3.07030703712710E-015, 0.000000000000000 ) );
#2203 = DIRECTION( '', ( -2.47817639425258E-016, 1.00000000000000, 0.000000000000000 ) );
#2204 = DIRECTION( '', ( 1.00000000000000, 2.47817639425258E-016, 0.000000000000000 ) );
#2205 = DIRECTION( '', ( -1.23908819712629E-016, 1.00000000000000, 0.000000000000000 ) );
#2206 = DIRECTION( '', ( -1.00000000000000, 0.000000000000000, 0.000000000000000 ) );
#2207 = DIRECTION( '', ( 0.000000000000000, 0.000000000000000, 1.00000000000000 ) );
#2208 = DIRECTION( '', ( 0.000000000000000, 0.000000000000000, 1.00000000000000 ) );
#2209 = DIRECTION( '', ( 1.53515351856355E-015, -1.00000000000000, 0.000000000000000 ) );
#2210 = DIRECTION( '', ( 0.577350269189625, -0.577350269189628, -0.577350269189624 ) );
#2211 = DIRECTION( '', ( -1.53515351856353E-015, 1.00000000000000, 0.000000000000000 ) );
#2212 = DIRECTION( '', ( -0.577350269189625, -0.577350269189627, 0.577350269189625 ) );
#2213 = DIRECTION( '', ( 1.53515351856353E-015, -1.00000000000000, 0.000000000000000 ) );
#2214 = CARTESIAN_POINT( '', ( -0.0999999999999981, -1.17291674905520E-015, 9.00000000000000 ) );
#2215 = DIRECTION( '', ( -1.00000000000000, -1.23908819712629E-016, 0.000000000000000 ) );
#2216 = DIRECTION( '', ( 1.23908819712629E-016, -1.00000000000000, 0.000000000000000 ) );
#2217 = CARTESIAN_POINT( '', ( 3.30000000000000, -7.51626762032263E-016, 9.00000000000000 ) );
#2218 = DIRECTION( '', ( -1.00000000000000, -1.23908819712629E-016, 0.000000000000000 ) );
#2219 = DIRECTION( '', ( 1.23908819712629E-016, -1.00000000000000, 0.000000000000000 ) );
#2220 = DIRECTION( '', ( -1.00000000000000, 0.000000000000000, -2.71050543121376E-016 ) );
#2221 = DIRECTION( '', ( 2.47817639425258E-016, -1.00000000000000, 0.000000000000000 ) );
#2222 = DIRECTION( '', ( -1.00000000000000, -2.47817639425258E-016, -2.71050543121376E-016 ) );
#2223 = DIRECTION( '', ( 2.47817639425258E-016, -1.00000000000000, 0.000000000000000 ) );
#2224 = DIRECTION( '', ( 1.00000000000000, 3.07030703712710E-015, 0.000000000000000 ) );
#2225 = DIRECTION( '', ( -0.577350269189625, -0.577350269189627, 0.577350269189625 ) );
#2226 = DIRECTION( '', ( -1.00000000000000, -3.07030703712710E-015, 0.000000000000000 ) );
#2227 = DIRECTION( '', ( 1.00000000000000, -6.14061407425420E-015, 0.000000000000000 ) );
#2228 = DIRECTION( '', ( 0.577350269189625, -0.577350269189628, -0.577350269189624 ) );
#2229 = DIRECTION( '', ( -0.577350269189626, -0.577350269189624, -0.577350269189627 ) );
#2230 = CARTESIAN_POINT( '', ( -0.300000000000000, -1.19769851299773E-015, 9.00000000000000 ) );
#2231 = DIRECTION( '', ( -1.00000000000000, -2.47817639425258E-016, -1.23204792327898E-016 ) );
#2232 = DIRECTION( '', ( 2.47817639425258E-016, -1.00000000000000, 0.000000000000000 ) );
#2233 = DIRECTION( '', ( 1.23204792327898E-016, 0.000000000000000, -1.00000000000000 ) );
#2234 = DIRECTION( '', ( 1.23204792327898E-016, 3.05323208005789E-032, -1.00000000000000 ) );
#2235 = DIRECTION( '', ( -1.00000000000000, -3.07030703712710E-015, 0.000000000000000 ) );
#2236 = DIRECTION( '', ( -1.53515351856353E-015, 1.00000000000000, 0.000000000000000 ) );
#2237 = DIRECTION( '', ( -0.577350269189625, -0.577350269189627, 0.577350269189625 ) );
#2238 = DIRECTION( '', ( 1.53515351856353E-015, -1.00000000000000, 0.000000000000000 ) );
#2239 = DIRECTION( '', ( -1.53515351856353E-015, 1.00000000000000, 0.000000000000000 ) );
#2240 = DIRECTION( '', ( 1.00000000000000, -6.14061407425420E-015, 0.000000000000000 ) );
#2241 = DIRECTION( '', ( 1.53515351856355E-015, -1.00000000000000, 0.000000000000000 ) );
#2242 = DIRECTION( '', ( -1.00000000000000, -3.07030703712710E-015, 0.000000000000000 ) );
#2243 = DIRECTION( '', ( -1.53515351856353E-015, 1.00000000000000, 0.000000000000000 ) );
#2244 = DIRECTION( '', ( -1.53515351856355E-015, 1.00000000000000, 0.000000000000000 ) );
#2245 = DIRECTION( '', ( -0.577350269189627, 0.577350269189624, -0.577350269189626 ) );
#2246 = DIRECTION( '', ( 0.000000000000000, 0.000000000000000, 1.00000000000000 ) );
#2247 = DIRECTION( '', ( -1.53515351856353E-015, 1.00000000000000, 0.000000000000000 ) );
#2248 = DIRECTION( '', ( 1.53515351856353E-015, -1.00000000000000, 0.000000000000000 ) );
#2249 = DIRECTION( '', ( -1.53515351856353E-015, 1.00000000000000, 0.000000000000000 ) );
#2250 = CARTESIAN_POINT( '', ( 3.50000000000000, -7.26844998089737E-016, 9.00000000000000 ) );
#2251 = DIRECTION( '', ( -1.00000000000000, -1.23908819712629E-016, 0.000000000000000 ) );
#2252 = DIRECTION( '', ( 1.23908819712629E-016, -1.00000000000000, 0.000000000000000 ) );
#2253 = DIRECTION( '', ( -1.23908819712629E-016, 1.00000000000000, 0.000000000000000 ) );
#2254 = DIRECTION( '', ( 0.000000000000000, 0.000000000000000, -1.00000000000000 ) );
#2255 = DIRECTION( '', ( 0.000000000000000, 0.000000000000000, -1.00000000000000 ) );
#2256 = DIRECTION( '', ( -1.00000000000000, 0.000000000000000, 0.000000000000000 ) );
#2257 = DIRECTION( '', ( 0.000000000000000, 0.000000000000000, -1.00000000000000 ) );
#2258 = DIRECTION( '', ( 0.577350269189625, -0.577350269189628, -0.577350269189624 ) );
#2259 = DIRECTION( '', ( -1.00000000000000, 6.14061407425420E-015, 0.000000000000000 ) );
#2260 = DIRECTION( '', ( 1.00000000000000, -6.14061407425420E-015, 0.000000000000000 ) );
#2261 = DIRECTION( '', ( -0.577350269189625, -0.577350269189627, 0.577350269189625 ) );
#2262 = DIRECTION( '', ( -0.577350269189625, -0.577350269189627, 0.577350269189625 ) );
#2263 = DIRECTION( '', ( 1.53515351856353E-015, -1.00000000000000, 0.000000000000000 ) );
#2264 = DIRECTION( '', ( 0.000000000000000, 0.000000000000000, 1.00000000000000 ) );
#2265 = DIRECTION( '', ( 0.000000000000000, 0.000000000000000, 1.00000000000000 ) );
#2266 = DIRECTION( '', ( -1.53515351856353E-015, 1.00000000000000, 0.000000000000000 ) );
#2267 = DIRECTION( '', ( 0.000000000000000, 0.000000000000000, -1.00000000000000 ) );
#2268 = DIRECTION( '', ( 1.00000000000000, 2.47817639425258E-016, 0.000000000000000 ) );
#2269 = DIRECTION( '', ( 0.000000000000000, 0.000000000000000, 1.00000000000000 ) );
#2270 = DIRECTION( '', ( 1.53515351856353E-015, -1.00000000000000, 0.000000000000000 ) );
#2271 = DIRECTION( '', ( -1.53515351856353E-015, 1.00000000000000, 0.000000000000000 ) );
#2272 = DIRECTION( '', ( -1.53515351856355E-015, 1.00000000000000, 0.000000000000000 ) );
#2273 = DIRECTION( '', ( -0.577350269189627, 0.577350269189624, -0.577350269189626 ) );
#2274 = DIRECTION( '', ( 1.53515351856355E-015, -1.00000000000000, 0.000000000000000 ) );
#2275 = DIRECTION( '', ( -1.00000000000000, 6.14061407425420E-015, 0.000000000000000 ) );
#2276 = DIRECTION( '', ( 1.00000000000000, -6.14061407425420E-015, 0.000000000000000 ) );
#2277 = DIRECTION( '', ( 1.53515351856355E-015, -1.00000000000000, 0.000000000000000 ) );
#2278 = DIRECTION( '', ( -1.00000000000000, -3.07030703712710E-015, 0.000000000000000 ) );
#2279 = DIRECTION( '', ( -1.53515351856353E-015, 1.00000000000000, 0.000000000000000 ) );
#2280 = DIRECTION( '', ( -1.00000000000000, -3.07030703712710E-015, 0.000000000000000 ) );
#2281 = DIRECTION( '', ( 1.00000000000000, -6.14061407425420E-015, 0.000000000000000 ) );
#2282 = DIRECTION( '', ( 1.23908819712629E-016, -1.00000000000000, 0.000000000000000 ) );
#2283 = DIRECTION( '', ( 1.00000000000000, 3.07030703712710E-015, 0.000000000000000 ) );
ENDSEC;
END-ISO-10303-21;
