ISO-10303-21;
HEADER;
FILE_DESCRIPTION (( 'STEP AP214' ),
    '1' );
FILE_NAME ('CCS_CCSTD_1812_L4.9W3.5T1.85B0.7.STEP',
    '2024-09-06T12:59:42',
    ( '' ),
    ( '' ),
    'SwSTEP 2.0',
    'SolidWorks 2021',
    '' );
FILE_SCHEMA (( 'AUTOMOTIVE_DESIGN' ));
ENDSEC;

DATA;
#1 = FILL_AREA_STYLE ('',( #755 ) ) ;
#2 =( GEOMETRIC_REPRESENTATION_CONTEXT ( 3 ) GLOBAL_UNCERTAINTY_ASSIGNED_CONTEXT ( ( #433 ) ) GLOBAL_UNIT_ASSIGNED_CONTEXT ( ( #2036, #4170, #3457 ) ) REPRESENTATION_CONTEXT ( 'NONE', 'WORKASPACE' ) );
#3 = DIRECTION ( 'NONE',  ( -0.000000000000000000, -1.000000000000000000, 0.000000000000000000 ) ) ;
#4 = EDGE_CURVE ( 'NONE', #4546, #403, #3046, .T. ) ;
#5 = EDGE_LOOP ( 'NONE', ( #3691, #4090, #2078 ) ) ;
#6 = MECHANICAL_DESIGN_GEOMETRIC_PRESENTATION_REPRESENTATION (  '', ( #4298 ), #2133 ) ;
#7 = EDGE_LOOP ( 'NONE', ( #3948, #1142, #616, #818 ) ) ;
#8 = CARTESIAN_POINT ( 'NONE',  ( 2.646000000000010122, 1.777199999999999891, -0.7760298214970402508 ) ) ;
#9 = ORIENTED_EDGE ( 'NONE', *, *, #1085, .T. ) ;
#10 = LINE ( 'NONE', #364, #2638 ) ;
#11 = SURFACE_STYLE_FILL_AREA ( #2945 ) ;
#12 = LINE ( 'NONE', #4327, #3914 ) ;
#13 = UNCERTAINTY_MEASURE_WITH_UNIT (LENGTH_MEASURE( 1.000000000000000082E-05 ), #1518, 'distance_accuracy_value', 'NONE');
#14 = CARTESIAN_POINT ( 'NONE',  ( 2.548108729707782238, 1.777199999999999891, -1.164510496710604137 ) ) ;
#15 = ORIENTED_EDGE ( 'NONE', *, *, #4093, .T. ) ;
#16 = DIRECTION ( 'NONE',  ( -0.9601763114346046901, 0.000000000000000000, -0.2793947940814874853 ) ) ;
#17 = CARTESIAN_POINT ( 'NONE',  ( 1.049999999999999600, 0.1456000000000000349, -3.427200000000000024 ) ) ;
#18 = PLANE ( 'NONE',  #1727 ) ;
#19 = VERTEX_POINT ( 'NONE', #3393 ) ;
#20 = CARTESIAN_POINT ( 'NONE',  ( 4.900000000000000355, 1.849999999999999867, -3.427200000000000024 ) ) ;
#21 = ORIENTED_EDGE ( 'NONE', *, *, #1367, .F. ) ;
#22 =( NAMED_UNIT ( * ) PLANE_ANGLE_UNIT ( ) SI_UNIT ( $, .RADIAN. ) );
#23 = B_SPLINE_CURVE_WITH_KNOTS ( 'NONE', 3,
 ( #2281, #1842, #2581, #4006, #1157, #771, #3701, #3645, #3720, #1863 ),
 .UNSPECIFIED., .F., .F.,
 ( 4, 3, 3, 4 ),
 ( 0.000000000000000000, 2.291429526389507455E-05, 4.570773099061638701E-05, 5.697602054444590996E-05 ),
 .UNSPECIFIED. ) ;
#24 = DIRECTION ( 'NONE',  ( -0.8843386665637650301, 0.000000000000000000, -0.4668459304955137057 ) ) ;
#25 = SURFACE_STYLE_FILL_AREA ( #3204 ) ;
#26 = ADVANCED_FACE ( 'NONE', ( #3728 ), #4057, .F. ) ;
#27 = ORIENTED_EDGE ( 'NONE', *, *, #3850, .T. ) ;
#28 =( NAMED_UNIT ( * ) PLANE_ANGLE_UNIT ( ) SI_UNIT ( $, .RADIAN. ) );
#29 = ORIENTED_EDGE ( 'NONE', *, *, #2546, .T. ) ;
#30 = SURFACE_STYLE_USAGE ( .BOTH. , #3254 ) ;
#31 = ORIENTED_EDGE ( 'NONE', *, *, #3178, .T. ) ;
#32 = DIRECTION ( 'NONE',  ( -0.9999960426590096541, 0.000000000000000000, -0.002813301676014987734 ) ) ;
#33 = ADVANCED_FACE ( 'NONE', ( #900 ), #522, .T. ) ;
#34 = CARTESIAN_POINT ( 'NONE',  ( 1.049999999999999600, 0.07280000000000003135, -3.427200000000000024 ) ) ;
#35 = ORIENTED_EDGE ( 'NONE', *, *, #1669, .F. ) ;
#36 = VECTOR ( 'NONE', #1744, 1000.000000000000000 ) ;
#37 = LINE ( 'NONE', #1112, #3752 ) ;
#38 = ADVANCED_FACE ( 'NONE', ( #192 ), #1259, .T. ) ;
#39 = FACE_OUTER_BOUND ( 'NONE', #3067, .T. ) ;
#40 = VECTOR ( 'NONE', #188, 1000.000000000000000 ) ;
#41 = LINE ( 'NONE', #4455, #4219 ) ;
#42 = EDGE_LOOP ( 'NONE', ( #1977, #4283, #2144, #2172 ) ) ;
#43 = SURFACE_STYLE_USAGE ( .BOTH. , #1866 ) ;
#44 = CIRCLE ( 'NONE', #2763, 0.07280000000000003135 ) ;
#45 = DIRECTION ( 'NONE',  ( -0.9985542843760948362, 0.000000000000000000, -0.05375259206908063192 ) ) ;
#46 = EDGE_CURVE ( 'NONE', #234, #2598, #2755, .T. ) ;
#47 = EDGE_LOOP ( 'NONE', ( #930, #3516, #978, #2323, #3106, #1513, #148, #4229, #3971, #912, #2403, #527, #3226, #2422, #1897, #1511, #3031, #3962, #2256, #4384, #3668, #3410, #3210 ) ) ;
#48 = MECHANICAL_DESIGN_GEOMETRIC_PRESENTATION_REPRESENTATION (  '', ( #3205 ), #3892 ) ;
#49 = ORIENTED_EDGE ( 'NONE', *, *, #1409, .T. ) ;
#50 = STYLED_ITEM ( 'NONE', ( #2892 ), #2358 ) ;
#51 = COLOUR_RGB ( '',0.7686274509803920907, 0.7686274509803920907, 0.7686274509803920907 ) ;
#52 = ORIENTED_EDGE ( 'NONE', *, *, #1617, .T. ) ;
#53 =( NAMED_UNIT ( * ) PLANE_ANGLE_UNIT ( ) SI_UNIT ( $, .RADIAN. ) );
#54 = AXIS2_PLACEMENT_3D ( 'NONE', #519, #1624, #2825 ) ;
#55 = PRESENTATION_LAYER_ASSIGNMENT (  '', '', ( #2023 ) ) ;
#56 = ORIENTED_EDGE ( 'NONE', *, *, #4319, .F. ) ;
#57 = SURFACE_STYLE_USAGE ( .BOTH. , #3661 ) ;
#58 = DIRECTION ( 'NONE',  ( 1.000000000000000000, -0.000000000000000000, -0.000000000000000000 ) ) ;
#59 = UNCERTAINTY_MEASURE_WITH_UNIT (LENGTH_MEASURE( 1.000000000000000082E-05 ), #1539, 'distance_accuracy_value', 'NONE');
#60 = DIRECTION ( 'NONE',  ( 0.000000000000000000, 0.000000000000000000, 1.000000000000000000 ) ) ;
#61 = EDGE_CURVE ( 'NONE', #3017, #2932, #675, .T. ) ;
#62 = ORIENTED_EDGE ( 'NONE', *, *, #1567, .F. ) ;
#63 = MECHANICAL_DESIGN_GEOMETRIC_PRESENTATION_REPRESENTATION (  '', ( #4130 ), #3832 ) ;
#64 = COLOUR_RGB ( '',0.7686274509803920907, 0.7686274509803920907, 0.7686274509803920907 ) ;
#65 = CARTESIAN_POINT ( 'NONE',  ( 2.131461455074789679, 1.782199999999999784, -1.518180063271352687 ) ) ;
#66 = CARTESIAN_POINT ( 'NONE',  ( 2.131461455074789679, 1.777199999999999891, -2.238814386013834756 ) ) ;
#67 = CARTESIAN_POINT ( 'NONE',  ( 1.049999999999999822, 0.1375245193786460429, -3.427200000000000024 ) ) ;
#68 = CARTESIAN_POINT ( 'NONE',  ( 2.230081786130054144, 1.777199999999999891, -2.592418242819979124 ) ) ;
#69 = ORIENTED_EDGE ( 'NONE', *, *, #128, .F. ) ;
#70 = ORIENTED_EDGE ( 'NONE', *, *, #1730, .T. ) ;
#71 = DIRECTION ( 'NONE',  ( -0.9601763114327565019, 0.000000000000000000, -0.2793947940878394043 ) ) ;
#72 = PRESENTATION_LAYER_ASSIGNMENT (  '', '', ( #3765 ) ) ;
#73 = DIRECTION ( 'NONE',  ( 1.000000000000000000, 0.000000000000000000, 0.000000000000000000 ) ) ;
#74 = STYLED_ITEM ( 'NONE', ( #1564 ), #3788 ) ;
#75 = EDGE_CURVE ( 'NONE', #3975, #2793, #4583, .T. ) ;
#76 = ORIENTED_EDGE ( 'NONE', *, *, #1702, .F. ) ;
#77 = VECTOR ( 'NONE', #2092, 1000.000000000000000 ) ;
#78 = DIRECTION ( 'NONE',  ( 0.000000000000000000, 0.000000000000000000, 1.000000000000000000 ) ) ;
#79 = FILL_AREA_STYLE ('',( #3297 ) ) ;
#80 = ORIENTED_EDGE ( 'NONE', *, *, #2546, .F. ) ;
#81 = PLANE ( 'NONE',  #2201 ) ;
#82 = VECTOR ( 'NONE', #4359, 1000.000000000000114 ) ;
#83 = EDGE_CURVE ( 'NONE', #475, #2786, #2115, .T. ) ;
#84 = ORIENTED_EDGE ( 'NONE', *, *, #4175, .F. ) ;
#85 = DIRECTION ( 'NONE',  ( -1.000000000000000000, 0.000000000000000000, 0.000000000000000000 ) ) ;
#86 = SURFACE_STYLE_FILL_AREA ( #3212 ) ;
#87 = VECTOR ( 'NONE', #3768, 1000.000000000000000 ) ;
#88 = CARTESIAN_POINT ( 'NONE',  ( 2.548089955612195201, 1.782199999999999784, -2.265138798481020732 ) ) ;
#89 = SURFACE_SIDE_STYLE ('',( #3621 ) ) ;
#90 = ORIENTED_EDGE ( 'NONE', *, *, #2362, .T. ) ;
#91 = DIRECTION ( 'NONE',  ( 0.9620200793798761030, 0.000000000000000000, 0.2729786930695083380 ) ) ;
#92 = SURFACE_SIDE_STYLE ('',( #2951 ) ) ;
#93 = CARTESIAN_POINT ( 'NONE',  ( 2.646000000000010122, 1.782199999999999784, -1.787331774155181074 ) ) ;
#94 =( NAMED_UNIT ( * ) PLANE_ANGLE_UNIT ( ) SI_UNIT ( $, .RADIAN. ) );
#95 = EDGE_LOOP ( 'NONE', ( #2942, #1019, #2939, #27 ) ) ;
#96 = ORIENTED_EDGE ( 'NONE', *, *, #4342, .T. ) ;
#97 = DIRECTION ( 'NONE',  ( 0.000000000000000000, 0.000000000000000000, 1.000000000000000000 ) ) ;
#98 = FACE_OUTER_BOUND ( 'NONE', #4206, .T. ) ;
#99 = ADVANCED_FACE ( 'NONE', ( #4631 ), #3481, .T. ) ;
#100 = DIRECTION ( 'NONE',  ( -1.000000000000000000, 0.000000000000000000, 0.000000000000000000 ) ) ;
#101 = CARTESIAN_POINT ( 'NONE',  ( 2.131461455074789679, 1.777199999999999891, -0.7318762750000832318 ) ) ;
#102 = ORIENTED_EDGE ( 'NONE', *, *, #1800, .F. ) ;
#103 = LINE ( 'NONE', #3868, #4041 ) ;
#104 = FACE_OUTER_BOUND ( 'NONE', #2324, .T. ) ;
#105 = ORIENTED_EDGE ( 'NONE', *, *, #2765, .F. ) ;
#106 =( LENGTH_UNIT ( ) NAMED_UNIT ( * ) SI_UNIT ( .MILLI., .METRE. ) );
#107 = ORIENTED_EDGE ( 'NONE', *, *, #2822, .F. ) ;
#108 = CARTESIAN_POINT ( 'NONE',  ( 3.922800000000000509, 0.07280000000000000360, 0.000000000000000000 ) ) ;
#109 = CARTESIAN_POINT ( 'NONE',  ( 2.420225839608120211, 1.782199999999999784, -2.522422151516349853 ) ) ;
#110 = PLANE ( 'NONE',  #1578 ) ;
#111 =( NAMED_UNIT ( * ) PLANE_ANGLE_UNIT ( ) SI_UNIT ( $, .RADIAN. ) );
#112 = ORIENTED_EDGE ( 'NONE', *, *, #2276, .T. ) ;
#113 = DIRECTION ( 'NONE',  ( -0.2746459304917007183, 0.000000000000000000, 0.9615454294334448981 ) ) ;
#114 = FILL_AREA_STYLE ('',( #3331 ) ) ;
#115 = LINE ( 'NONE', #2929, #2356 ) ;
#116 = ORIENTED_EDGE ( 'NONE', *, *, #526, .T. ) ;
#117 = VERTEX_POINT ( 'NONE', #1028 ) ;
#118 = CARTESIAN_POINT ( 'NONE',  ( 2.229401225116402596, 1.782199999999999784, -1.490363109686198895 ) ) ;
#119 = SURFACE_STYLE_USAGE ( .BOTH. , #2141 ) ;
#120 = FACE_OUTER_BOUND ( 'NONE', #4477, .T. ) ;
#121 = EDGE_CURVE ( 'NONE', #3242, #3689, #983, .T. ) ;
#122 =( GEOMETRIC_REPRESENTATION_CONTEXT ( 3 ) GLOBAL_UNCERTAINTY_ASSIGNED_CONTEXT ( ( #4308 ) ) GLOBAL_UNIT_ASSIGNED_CONTEXT ( ( #753, #3963, #773 ) ) REPRESENTATION_CONTEXT ( 'NONE', 'WORKASPACE' ) );
#123 = DIRECTION ( 'NONE',  ( 0.000000000000000000, 0.000000000000000000, -1.000000000000000000 ) ) ;
#124 = ADVANCED_FACE ( 'NONE', ( #278 ), #3158, .F. ) ;
#125 = AXIS2_PLACEMENT_3D ( 'NONE', #3243, #2860, #411 ) ;
#126 = SURFACE_STYLE_FILL_AREA ( #2374 ) ;
#127 = PLANE ( 'NONE',  #3520 ) ;
#128 = EDGE_CURVE ( 'NONE', #1365, #3500, #1138, .T. ) ;
#129 = FACE_OUTER_BOUND ( 'NONE', #3639, .T. ) ;
#130 = DIRECTION ( 'NONE',  ( -0.8843386665637650301, 0.000000000000000000, -0.4668459304955137057 ) ) ;
#131 = VERTEX_POINT ( 'NONE', #3648 ) ;
#132 = VECTOR ( 'NONE', #224, 1000.000000000000000 ) ;
#133 = LINE ( 'NONE', #431, #4430 ) ;
#134 = SURFACE_STYLE_FILL_AREA ( #2650 ) ;
#135 = VECTOR ( 'NONE', #78, 1000.000000000000000 ) ;
#136 = CARTESIAN_POINT ( 'NONE',  ( 2.646000000000000796, 1.777199999999999891, -0.4375000000000000000 ) ) ;
#137 = CIRCLE ( 'NONE', #2176, 0.07280000000000003135 ) ;
#138 = CARTESIAN_POINT ( 'NONE',  ( 1.046807367472177397, 0.09412262632961890252, -3.405877373670380237 ) ) ;
#139 = ORIENTED_EDGE ( 'NONE', *, *, #4197, .T. ) ;
#140 =( NAMED_UNIT ( * ) SI_UNIT ( $, .STERADIAN. ) SOLID_ANGLE_UNIT ( ) );
#141 = COLOUR_RGB ( '',0.7686274509803920907, 0.7686274509803920907, 0.7686274509803920907 ) ;
#142 = CARTESIAN_POINT ( 'NONE',  ( 1.046807367472182060, 1.755877373670381658, -3.405877373670379793 ) ) ;
#143 = STYLED_ITEM ( 'NONE', ( #4231 ), #1589 ) ;
#144 = SURFACE_STYLE_FILL_AREA ( #414 ) ;
#145 = AXIS2_PLACEMENT_3D ( 'NONE', #452, #1212, #1954 ) ;
#146 =( GEOMETRIC_REPRESENTATION_CONTEXT ( 3 ) GLOBAL_UNCERTAINTY_ASSIGNED_CONTEXT ( ( #2385 ) ) GLOBAL_UNIT_ASSIGNED_CONTEXT ( ( #1007, #28, #1430 ) ) REPRESENTATION_CONTEXT ( 'NONE', 'WORKASPACE' ) );
#147 = ORIENTED_EDGE ( 'NONE', *, *, #1669, .T. ) ;
#148 = ORIENTED_EDGE ( 'NONE', *, *, #1810, .T. ) ;
#149 = FACE_OUTER_BOUND ( 'NONE', #2960, .T. ) ;
#150 = AXIS2_PLACEMENT_3D ( 'NONE', #1712, #2507, #2483 ) ;
#151 = EDGE_CURVE ( 'NONE', #353, #4004, #4027, .T. ) ;
#152 = ORIENTED_EDGE ( 'NONE', *, *, #4048, .F. ) ;
#153 = CARTESIAN_POINT ( 'NONE',  ( 1.049999999999994493, 0.1418008937405512426, -0.07280000000000000360 ) ) ;
#154 = CARTESIAN_POINT ( 'NONE',  ( 2.420225839607043739, 1.782199999999999784, -1.200947889792602474 ) ) ;
#155 = CARTESIAN_POINT ( 'NONE',  ( 2.325122522707465222, 1.777199999999999891, -2.549591398757555361 ) ) ;
#156 = ORIENTED_EDGE ( 'NONE', *, *, #790, .F. ) ;
#157 = STYLED_ITEM ( 'NONE', ( #4465 ), #4079 ) ;
#158 =( NAMED_UNIT ( * ) SI_UNIT ( $, .STERADIAN. ) SOLID_ANGLE_UNIT ( ) );
#159 = MECHANICAL_DESIGN_GEOMETRIC_PRESENTATION_REPRESENTATION (  '', ( #599 ), #232 ) ;
#160 = DIRECTION ( 'NONE',  ( -0.9999891854650022616, 0.000000000000000000, -0.004650693823668811122 ) ) ;
#161 = DIRECTION ( 'NONE',  ( 0.000000000000000000, 0.000000000000000000, -1.000000000000000000 ) ) ;
#162 = VERTEX_POINT ( 'NONE', #2515 ) ;
#163 = DIRECTION ( 'NONE',  ( -2.978577396938198162E-15, -1.000000000000000000, 0.000000000000000000 ) ) ;
#164 = STYLED_ITEM ( 'NONE', ( #4110 ), #4610 ) ;
#165 = SURFACE_SIDE_STYLE ('',( #4397 ) ) ;
#166 = CARTESIAN_POINT ( 'NONE',  ( 4.900000000000000355, 0.000000000000000000, -0.07280000000000000360 ) ) ;
#167 = UNCERTAINTY_MEASURE_WITH_UNIT (LENGTH_MEASURE( 1.000000000000000082E-05 ), #2600, 'distance_accuracy_value', 'NONE');
#168 = ORIENTED_EDGE ( 'NONE', *, *, #385, .F. ) ;
#169 = VERTEX_POINT ( 'NONE', #4293 ) ;
#170 = FILL_AREA_STYLE ('',( #2676 ) ) ;
#171 = DIRECTION ( 'NONE',  ( 0.2765379750249932767, 0.000000000000000000, -0.9610029908221286998 ) ) ;
#172 = CARTESIAN_POINT ( 'NONE',  ( 1.049944214848887114, 0.07729386758273558422, -3.380704205023673747 ) ) ;
#173 = EDGE_CURVE ( 'NONE', #1193, #2463, #3577, .T. ) ;
#174 = CARTESIAN_POINT ( 'NONE',  ( 3.850000000000000089, 1.704399999999999471, -3.427200000000000024 ) ) ;
#175 = DIRECTION ( 'NONE',  ( 0.000000000000000000, 1.000000000000000000, 0.000000000000000000 ) ) ;
#176 = CARTESIAN_POINT ( 'NONE',  ( 1.049999999999999600, 0.07280000000000003135, -0.1456000000000000627 ) ) ;
#177 = DIRECTION ( 'NONE',  ( 0.000000000000000000, 0.000000000000000000, 1.000000000000000000 ) ) ;
#178 = FILL_AREA_STYLE ('',( #1982 ) ) ;
#179 = CARTESIAN_POINT ( 'NONE',  ( 1.049999999999999600, 1.777199999999999891, -3.362475480621353707 ) ) ;
#180 = CARTESIAN_POINT ( 'NONE',  ( -0.8070152987309990866, 1.782199999999999340, 0.007919489514314502487 ) ) ;
#181 = ORIENTED_EDGE ( 'NONE', *, *, #4411, .F. ) ;
#182 = EDGE_CURVE ( 'NONE', #1225, #2519, #1845, .T. ) ;
#183 =( LENGTH_UNIT ( ) NAMED_UNIT ( * ) SI_UNIT ( .MILLI., .METRE. ) );
#184 = DIRECTION ( 'NONE',  ( 0.000000000000000000, 0.000000000000000000, 1.000000000000000000 ) ) ;
#185 = FILL_AREA_STYLE ('',( #3313 ) ) ;
#186 = ORIENTED_EDGE ( 'NONE', *, *, #4160, .F. ) ;
#187 = EDGE_LOOP ( 'NONE', ( #2038, #2124, #152, #608 ) ) ;
#188 = DIRECTION ( 'NONE',  ( -1.000000000000000000, 0.000000000000000000, 0.000000000000000000 ) ) ;
#189 = ADVANCED_FACE ( 'NONE', ( #347 ), #1426, .F. ) ;
#190 = DIRECTION ( 'NONE',  ( 0.000000000000000000, 0.000000000000000000, -1.000000000000000000 ) ) ;
#191 = CARTESIAN_POINT ( 'NONE',  ( 1.049184133402874197, 0.08421416039170827317, -3.394272475691363145 ) ) ;
#192 = FACE_OUTER_BOUND ( 'NONE', #2283, .T. ) ;
#193 = COLOUR_RGB ( '',0.7686274509803920907, 0.7686274509803920907, 0.7686274509803920907 ) ;
#194 = SURFACE_STYLE_USAGE ( .BOTH. , #2295 ) ;
#195 = MECHANICAL_DESIGN_GEOMETRIC_PRESENTATION_REPRESENTATION (  '', ( #1299 ), #415 ) ;
#196 = LINE ( 'NONE', #1637, #3746 ) ;
#197 = CARTESIAN_POINT ( 'NONE',  ( 0.9771999999999995135, 1.777199999999999891, -0.07280000000000000360 ) ) ;
#198 = VECTOR ( 'NONE', #2805, 1000.000000000000000 ) ;
#199 =( LENGTH_UNIT ( ) NAMED_UNIT ( * ) SI_UNIT ( .MILLI., .METRE. ) );
#200 = DIRECTION ( 'NONE',  ( -1.000000000000000000, -0.000000000000000000, 0.000000000000000000 ) ) ;
#201 = ORIENTED_EDGE ( 'NONE', *, *, #1777, .F. ) ;
#202 = EDGE_CURVE ( 'NONE', #2967, #1971, #2157, .T. ) ;
#203 = LINE ( 'NONE', #3453, #638 ) ;
#204 = VECTOR ( 'NONE', #2264, 1000.000000000000000 ) ;
#205 = VECTOR ( 'NONE', #3571, 1000.000000000000114 ) ;
#206 = EDGE_CURVE ( 'NONE', #2152, #3763, #2933, .T. ) ;
#207 = SURFACE_SIDE_STYLE ('',( #3840 ) ) ;
#208 = CARTESIAN_POINT ( 'NONE',  ( 2.131461455074789679, 1.782199999999999784, -2.620785903659705873 ) ) ;
#209 = ORIENTED_EDGE ( 'NONE', *, *, #3281, .T. ) ;
#210 = COLOUR_RGB ( '',0.7921568627450980005, 0.8196078431372548767, 0.9333333333333333481 ) ;
#211 = ORIENTED_EDGE ( 'NONE', *, *, #151, .T. ) ;
#212 =( GEOMETRIC_REPRESENTATION_CONTEXT ( 3 ) GLOBAL_UNCERTAINTY_ASSIGNED_CONTEXT ( ( #1671 ) ) GLOBAL_UNIT_ASSIGNED_CONTEXT ( ( #740, #2573, #2594 ) ) REPRESENTATION_CONTEXT ( 'NONE', 'WORKASPACE' ) );
#213 = DIRECTION ( 'NONE',  ( -0.000000000000000000, -1.000000000000000000, 0.000000000000000000 ) ) ;
#214 = CARTESIAN_POINT ( 'NONE',  ( 3.853192632527818517, 1.755877373670380548, -0.09412262632961940212 ) ) ;
#215 = CIRCLE ( 'NONE', #734, 0.07280000000000003135 ) ;
#216 = LINE ( 'NONE', #4191, #590 ) ;
#217 = AXIS2_PLACEMENT_3D ( 'NONE', #2335, #3766, #4493 ) ;
#218 =( GEOMETRIC_REPRESENTATION_CONTEXT ( 3 ) GLOBAL_UNCERTAINTY_ASSIGNED_CONTEXT ( ( #3493 ) ) GLOBAL_UNIT_ASSIGNED_CONTEXT ( ( #3093, #2048, #1632 ) ) REPRESENTATION_CONTEXT ( 'NONE', 'WORKASPACE' ) );
#219 =( NAMED_UNIT ( * ) SI_UNIT ( $, .STERADIAN. ) SOLID_ANGLE_UNIT ( ) );
#220 = LINE ( 'NONE', #961, #1871 ) ;
#221 =( GEOMETRIC_REPRESENTATION_CONTEXT ( 3 ) GLOBAL_UNCERTAINTY_ASSIGNED_CONTEXT ( ( #4454 ) ) GLOBAL_UNIT_ASSIGNED_CONTEXT ( ( #1179, #844, #4427 ) ) REPRESENTATION_CONTEXT ( 'NONE', 'WORKASPACE' ) );
#222 = ADVANCED_FACE ( 'NONE', ( #1054 ), #2559, .F. ) ;
#223 = B_SPLINE_CURVE_WITH_KNOTS ( 'NONE', 3,
 ( #622, #2787, #1673, #1320, #979, #298, #3107, #2436, #3175, #4553 ),
 .UNSPECIFIED., .F., .F.,
 ( 4, 3, 3, 4 ),
 ( 0.000000000000000000, 2.291429526389469846E-05, 4.570773099061560096E-05, 5.697602054444796316E-05 ),
 .UNSPECIFIED. ) ;
#224 = DIRECTION ( 'NONE',  ( 0.000000000000000000, 0.000000000000000000, -1.000000000000000000 ) ) ;
#225 =( GEOMETRIC_REPRESENTATION_CONTEXT ( 3 ) GLOBAL_UNCERTAINTY_ASSIGNED_CONTEXT ( ( #2247 ) ) GLOBAL_UNIT_ASSIGNED_CONTEXT ( ( #199, #3098, #884 ) ) REPRESENTATION_CONTEXT ( 'NONE', 'WORKASPACE' ) );
#226 = LINE ( 'NONE', #1303, #4576 ) ;
#227 = CARTESIAN_POINT ( 'NONE',  ( 2.230081786130054144, 1.782199999999999784, -2.592418242819979124 ) ) ;
#228 = CIRCLE ( 'NONE', #2872, 0.07279999999999960114 ) ;
#229 = ORIENTED_EDGE ( 'NONE', *, *, #2840, .F. ) ;
#230 = SURFACE_STYLE_USAGE ( .BOTH. , #3117 ) ;
#231 = CARTESIAN_POINT ( 'NONE',  ( 3.850000000000000977, 0.07280000000000003135, -3.500000000000000000 ) ) ;
#232 =( GEOMETRIC_REPRESENTATION_CONTEXT ( 3 ) GLOBAL_UNCERTAINTY_ASSIGNED_CONTEXT ( ( #1132 ) ) GLOBAL_UNIT_ASSIGNED_CONTEXT ( ( #975, #1595, #911 ) ) REPRESENTATION_CONTEXT ( 'NONE', 'WORKASPACE' ) );
#233 = LINE ( 'NONE', #1614, #2495 ) ;
#234 = VERTEX_POINT ( 'NONE', #1622 ) ;
#235 = DIRECTION ( 'NONE',  ( 0.9601763114346046901, 0.000000000000000000, 0.2793947940814874853 ) ) ;
#236 = VERTEX_POINT ( 'NONE', #560 ) ;
#237 = EDGE_CURVE ( 'NONE', #828, #1893, #2699, .T. ) ;
#238 = CARTESIAN_POINT ( 'NONE',  ( 2.185713901613333121, 1.782199999999999784, -2.030318652395434409 ) ) ;
#239 = CARTESIAN_POINT ( 'NONE',  ( -0.8070152987309990866, 1.782199999999999340, 0.007919489514314502487 ) ) ;
#240 = PLANE ( 'NONE',  #1720 ) ;
#241 =( NAMED_UNIT ( * ) PLANE_ANGLE_UNIT ( ) SI_UNIT ( $, .RADIAN. ) );
#242 = VERTEX_POINT ( 'NONE', #1972 ) ;
#243 = FACE_OUTER_BOUND ( 'NONE', #3698, .T. ) ;
#244 = CARTESIAN_POINT ( 'NONE',  ( 2.230809282385251890, 1.777199999999999891, -2.748844018251972887 ) ) ;
#245 = LINE ( 'NONE', #3858, #4199 ) ;
#246 = UNCERTAINTY_MEASURE_WITH_UNIT (LENGTH_MEASURE( 1.000000000000000082E-05 ), #2934, 'distance_accuracy_value', 'NONE');
#247 = EDGE_LOOP ( 'NONE', ( #52, #2427, #1472, #4335 ) ) ;
#248 = ORIENTED_EDGE ( 'NONE', *, *, #4330, .T. ) ;
#249 = FACE_OUTER_BOUND ( 'NONE', #1276, .T. ) ;
#250 = DIRECTION ( 'NONE',  ( -0.000000000000000000, -1.000000000000000000, 0.000000000000000000 ) ) ;
#251 = LINE ( 'NONE', #3155, #368 ) ;
#252 = EDGE_LOOP ( 'NONE', ( #797, #3905, #3022 ) ) ;
#253 = CARTESIAN_POINT ( 'NONE',  ( 0.9771999999999995135, 1.777199999999999891, -3.500000000000000000 ) ) ;
#254 = STYLED_ITEM ( 'NONE', ( #3005 ), #33 ) ;
#255 = DIRECTION ( 'NONE',  ( -0.2793947940878394043, 0.000000000000000000, 0.9601763114327566129 ) ) ;
#256 = ADVANCED_FACE ( 'NONE', ( #2349 ), #4153, .T. ) ;
#257 = CARTESIAN_POINT ( 'NONE',  ( 3.922800000000000509, 1.777199999999999891, -0.07280000000000000360 ) ) ;
#258 = AXIS2_PLACEMENT_3D ( 'NONE', #253, #4222, #1723 ) ;
#259 = ORIENTED_EDGE ( 'NONE', *, *, #3337, .F. ) ;
#260 = CARTESIAN_POINT ( 'NONE',  ( 2.131461455074789679, 1.777199999999999891, -1.788625948747415650 ) ) ;
#261 = ORIENTED_EDGE ( 'NONE', *, *, #2125, .F. ) ;
#262 = VECTOR ( 'NONE', #16, 1000.000000000000114 ) ;
#263 = DIRECTION ( 'NONE',  ( 0.000000000000000000, 0.000000000000000000, 1.000000000000000000 ) ) ;
#264 = CARTESIAN_POINT ( 'NONE',  ( 2.646000000000010122, 1.782199999999999784, -2.090815050663394015 ) ) ;
#265 = DIRECTION ( 'NONE',  ( 0.000000000000000000, -1.000000000000000000, 0.000000000000000000 ) ) ;
#266 = FACE_OUTER_BOUND ( 'NONE', #4533, .T. ) ;
#267 = ADVANCED_FACE ( 'NONE', ( #1525 ), #4098, .T. ) ;
#268 = EDGE_LOOP ( 'NONE', ( #1722, #4400, #4413 ) ) ;
#269 = CARTESIAN_POINT ( 'NONE',  ( 2.646000000000000796, 1.777199999999999891, -0.4375000000000000000 ) ) ;
#270 = AXIS2_PLACEMENT_3D ( 'NONE', #1678, #4224, #4176 ) ;
#271 = SURFACE_STYLE_USAGE ( .BOTH. , #3176 ) ;
#272 =( GEOMETRIC_REPRESENTATION_CONTEXT ( 3 ) GLOBAL_UNCERTAINTY_ASSIGNED_CONTEXT ( ( #3748 ) ) GLOBAL_UNIT_ASSIGNED_CONTEXT ( ( #1503, #1402, #2956 ) ) REPRESENTATION_CONTEXT ( 'NONE', 'WORKASPACE' ) );
#273 = CARTESIAN_POINT ( 'NONE',  ( 3.850435176013914162, 0.1125232603454665997, -3.419251902777221908 ) ) ;
#274 = LINE ( 'NONE', #3960, #1812 ) ;
#275 = PRESENTATION_LAYER_ASSIGNMENT (  '', '', ( #280 ) ) ;
#276 = PRESENTATION_LAYER_ASSIGNMENT (  '', '', ( #647 ) ) ;
#277 = ORIENTED_EDGE ( 'NONE', *, *, #1367, .T. ) ;
#278 = FACE_OUTER_BOUND ( 'NONE', #2077, .T. ) ;
#279 = DIRECTION ( 'NONE',  ( 0.000000000000000000, 0.000000000000000000, 1.000000000000000000 ) ) ;
#280 = STYLED_ITEM ( 'NONE', ( #2298 ), #2733 ) ;
#281 = AXIS2_PLACEMENT_3D ( 'NONE', #2921, #2223, #4018 ) ;
#282 = SURFACE_SIDE_STYLE ('',( #25 ) ) ;
#283 = MECHANICAL_DESIGN_GEOMETRIC_PRESENTATION_REPRESENTATION (  '', ( #2032 ), #4429 ) ;
#284 = AXIS2_PLACEMENT_3D ( 'NONE', #1531, #1922, #2981 ) ;
#285 = DIRECTION ( 'NONE',  ( -0.000000000000000000, 0.000000000000000000, -1.000000000000000000 ) ) ;
#286 = EDGE_CURVE ( 'NONE', #1352, #639, #541, .T. ) ;
#287 = PLANE ( 'NONE',  #359 ) ;
#288 = AXIS2_PLACEMENT_3D ( 'NONE', #1185, #3340, #123 ) ;
#289 = CARTESIAN_POINT ( 'NONE',  ( 4.827200000000001268, 1.777199999999999891, -0.07280000000000000360 ) ) ;
#290 = ORIENTED_EDGE ( 'NONE', *, *, #1627, .F. ) ;
#291 = VECTOR ( 'NONE', #747, 1000.000000000000000 ) ;
#292 = CARTESIAN_POINT ( 'NONE',  ( 0.07279999999999960114, 1.777199999999999891, -3.427200000000000024 ) ) ;
#293 = CARTESIAN_POINT ( 'NONE',  ( 1.049999999999999378, 1.769960016085843968, -0.08003998391415551028 ) ) ;
#294 = DIRECTION ( 'NONE',  ( 0.000000000000000000, 0.000000000000000000, 1.000000000000000000 ) ) ;
#295 = FACE_OUTER_BOUND ( 'NONE', #1159, .T. ) ;
#296 = UNCERTAINTY_MEASURE_WITH_UNIT (LENGTH_MEASURE( 1.000000000000000082E-05 ), #183, 'distance_accuracy_value', 'NONE');
#297 = VERTEX_POINT ( 'NONE', #824 ) ;
#298 = CARTESIAN_POINT ( 'NONE',  ( 1.049979972423294328, 1.723281067532074440, -3.425119784657446598 ) ) ;
#299 = CIRCLE ( 'NONE', #1265, 0.07279999999999960114 ) ;
#300 = FILL_AREA_STYLE ('',( #2413 ) ) ;
#301 = EDGE_CURVE ( 'NONE', #1893, #3891, #1942, .T. ) ;
#302 = CARTESIAN_POINT ( 'NONE',  ( 2.229401225116402596, 1.777199999999999891, -1.255934090619534649 ) ) ;
#303 = DIRECTION ( 'NONE',  ( 0.000000000000000000, 0.000000000000000000, 1.000000000000000000 ) ) ;
#304 = VECTOR ( 'NONE', #2530, 1000.000000000000000 ) ;
#305 = EDGE_LOOP ( 'NONE', ( #3703, #3323, #778, #3116, #318, #4106 ) ) ;
#306 = MECHANICAL_DESIGN_GEOMETRIC_PRESENTATION_REPRESENTATION (  '', ( #2288 ), #2582 ) ;
#307 = LINE ( 'NONE', #1446, #3589 ) ;
#308 = EDGE_CURVE ( 'NONE', #4144, #4573, #1162, .T. ) ;
#309 = LINE ( 'NONE', #351, #3376 ) ;
#310 = CARTESIAN_POINT ( 'NONE',  ( 2.230081786130054144, 1.782199999999999784, -2.592418242819979124 ) ) ;
#311 = DIRECTION ( 'NONE',  ( 0.000000000000000000, 0.000000000000000000, -1.000000000000000000 ) ) ;
#312 =( NAMED_UNIT ( * ) PLANE_ANGLE_UNIT ( ) SI_UNIT ( $, .RADIAN. ) );
#313 = EDGE_LOOP ( 'NONE', ( #1849, #968, #96 ) ) ;
#314 =( NAMED_UNIT ( * ) SI_UNIT ( $, .STERADIAN. ) SOLID_ANGLE_UNIT ( ) );
#315 = CARTESIAN_POINT ( 'NONE',  ( 2.646000000000010122, 1.782199999999999784, -2.028891821030526010 ) ) ;
#316 = DIRECTION ( 'NONE',  ( 0.000000000000000000, 0.000000000000000000, 1.000000000000000000 ) ) ;
#317 = EDGE_CURVE ( 'NONE', #1437, #3643, #223, .T. ) ;
#318 = ORIENTED_EDGE ( 'NONE', *, *, #2747, .T. ) ;
#319 = PRESENTATION_STYLE_ASSIGNMENT (( #2926 ) ) ;
#320 = LINE ( 'NONE', #1691, #2099 ) ;
#321 = CARTESIAN_POINT ( 'NONE',  ( 2.131461455074789679, 1.777199999999999891, -3.064812069616920986 ) ) ;
#322 = ORIENTED_EDGE ( 'NONE', *, *, #3510, .F. ) ;
#323 = SURFACE_STYLE_USAGE ( .BOTH. , #1353 ) ;
#324 = DIRECTION ( 'NONE',  ( -1.000000000000000000, 0.000000000000000000, 0.000000000000000000 ) ) ;
#325 = SPHERICAL_SURFACE ( 'NONE', #2706, 0.07280000000000000360 ) ;
#326 = CARTESIAN_POINT ( 'NONE',  ( 1.048927909664951974, 0.08720015076910664353, -0.08720015076910686558 ) ) ;
#327 = ORIENTED_EDGE ( 'NONE', *, *, #237, .T. ) ;
#328 = CARTESIAN_POINT ( 'NONE',  ( 3.850435176013914162, 1.769251902777221552, -3.387476739654533109 ) ) ;
#329 = SURFACE_STYLE_FILL_AREA ( #3927 ) ;
#330 = ORIENTED_EDGE ( 'NONE', *, *, #763, .T. ) ;
#331 = CARTESIAN_POINT ( 'NONE',  ( 0.9772000000000000686, 1.777199999999999891, -3.500000000000000000 ) ) ;
#332 = VECTOR ( 'NONE', #71, 1000.000000000000000 ) ;
#333 = PLANE ( 'NONE',  #4659 ) ;
#334 = DIRECTION ( 'NONE',  ( 1.000000000000000000, -0.000000000000000000, 0.000000000000000000 ) ) ;
#335 = UNCERTAINTY_MEASURE_WITH_UNIT (LENGTH_MEASURE( 1.000000000000000082E-05 ), #1998, 'distance_accuracy_value', 'NONE');
#336 = FILL_AREA_STYLE ('',( #367 ) ) ;
#337 = CIRCLE ( 'NONE', #4031, 0.07280000000000003135 ) ;
#338 = ORIENTED_EDGE ( 'NONE', *, *, #3930, .T. ) ;
#339 = PLANE ( 'NONE',  #2988 ) ;
#340 = DIRECTION ( 'NONE',  ( -0.000000000000000000, -1.000000000000000000, 0.000000000000000000 ) ) ;
#341 =( GEOMETRIC_REPRESENTATION_CONTEXT ( 3 ) GLOBAL_UNCERTAINTY_ASSIGNED_CONTEXT ( ( #2433 ) ) GLOBAL_UNIT_ASSIGNED_CONTEXT ( ( #3011, #501, #1879 ) ) REPRESENTATION_CONTEXT ( 'NONE', 'WORKASPACE' ) );
#342 = CARTESIAN_POINT ( 'NONE',  ( 0.9771999999999995135, 1.849999999999999867, -0.07280000000000000360 ) ) ;
#343 = CARTESIAN_POINT ( 'NONE',  ( 3.853192632527818517, 1.755877373670380548, -0.09412262632961940212 ) ) ;
#344 = ORIENTED_EDGE ( 'NONE', *, *, #3872, .F. ) ;
#345 = EDGE_LOOP ( 'NONE', ( #3613, #4564, #2183, #2592 ) ) ;
#346 = VECTOR ( 'NONE', #611, 1000.000000000000000 ) ;
#347 = FACE_OUTER_BOUND ( 'NONE', #1970, .T. ) ;
#348 = CARTESIAN_POINT ( 'NONE',  ( 3.850000000000000533, 0.08003998391415570457, -3.419960016085844767 ) ) ;
#349 = ADVANCED_FACE ( 'NONE', ( #4236 ), #1717, .F. ) ;
#350 = VECTOR ( 'NONE', #4655, 1000.000000000000000 ) ;
#351 = CARTESIAN_POINT ( 'NONE',  ( 4.900000000000000355, 1.777199999999999891, -3.500000000000000000 ) ) ;
#352 = AXIS2_PLACEMENT_3D ( 'NONE', #1154, #3791, #4499 ) ;
#353 = VERTEX_POINT ( 'NONE', #3862 ) ;
#354 = ORIENTED_EDGE ( 'NONE', *, *, #1337, .F. ) ;
#355 = LINE ( 'NONE', #399, #4665 ) ;
#356 = EDGE_CURVE ( 'NONE', #1072, #2753, #998, .T. ) ;
#357 =( GEOMETRIC_REPRESENTATION_CONTEXT ( 3 ) GLOBAL_UNCERTAINTY_ASSIGNED_CONTEXT ( ( #4117 ) ) GLOBAL_UNIT_ASSIGNED_CONTEXT ( ( #994, #2100, #4184 ) ) REPRESENTATION_CONTEXT ( 'NONE', 'WORKASPACE' ) );
#358 = DIRECTION ( 'NONE',  ( 0.000000000000000000, 0.000000000000000000, -1.000000000000000000 ) ) ;
#359 = AXIS2_PLACEMENT_3D ( 'NONE', #1333, #2799, #3420 ) ;
#360 = SURFACE_SIDE_STYLE ('',( #329 ) ) ;
#361 = VERTEX_POINT ( 'NONE', #269 ) ;
#362 = FACE_OUTER_BOUND ( 'NONE', #305, .T. ) ;
#363 = PRESENTATION_LAYER_ASSIGNMENT (  '', '', ( #4130 ) ) ;
#364 = CARTESIAN_POINT ( 'NONE',  ( 1.049999999999999822, 0.1456000000000000349, -0.07280000000000003135 ) ) ;
#365 = EDGE_CURVE ( 'NONE', #3382, #1352, #1020, .T. ) ;
#366 = PRESENTATION_STYLE_ASSIGNMENT (( #2576 ) ) ;
#367 = FILL_AREA_STYLE_COLOUR ( '', #2218 ) ;
#368 = VECTOR ( 'NONE', #1392, 1000.000000000000000 ) ;
#369 = EDGE_LOOP ( 'NONE', ( #3628, #990, #1077, #2211, #4026, #2312, #338, #3010, #4333, #29, #1104, #2723, #2309, #2972, #4630, #3232, #2948 ) ) ;
#370 = DIRECTION ( 'NONE',  ( 0.000000000000000000, 0.000000000000000000, 1.000000000000000000 ) ) ;
#371 = MECHANICAL_DESIGN_GEOMETRIC_PRESENTATION_REPRESENTATION (  '', ( #524 ), #4520 ) ;
#372 = SPHERICAL_SURFACE ( 'NONE', #2867, 0.07280000000000000360 ) ;
#373 = DIRECTION ( 'NONE',  ( -0.000000000000000000, -1.000000000000000000, 0.000000000000000000 ) ) ;
#374 = VECTOR ( 'NONE', #383, 1000.000000000000227 ) ;
#375 = ORIENTED_EDGE ( 'NONE', *, *, #3917, .T. ) ;
#376 =( LENGTH_UNIT ( ) NAMED_UNIT ( * ) SI_UNIT ( .MILLI., .METRE. ) );
#377 = CARTESIAN_POINT ( 'NONE',  ( 2.646000000000010122, 1.782199999999999784, -2.479564017292827049 ) ) ;
#378 = AXIS2_PLACEMENT_3D ( 'NONE', #538, #4550, #3816 ) ;
#379 = ADVANCED_FACE ( 'NONE', ( #3459 ), #2761, .F. ) ;
#380 = EDGE_LOOP ( 'NONE', ( #2996, #4302, #2290, #3167 ) ) ;
#381 = FACE_OUTER_BOUND ( 'NONE', #2484, .T. ) ;
#382 = VERTEX_POINT ( 'NONE', #3886 ) ;
#383 = DIRECTION ( 'NONE',  ( -0.9610992334305258344, 0.000000000000000000, -0.2762033010288898471 ) ) ;
#384 = VERTEX_POINT ( 'NONE', #604 ) ;
#385 = EDGE_CURVE ( 'NONE', #2012, #4004, #4603, .T. ) ;
#386 =( NAMED_UNIT ( * ) PLANE_ANGLE_UNIT ( ) SI_UNIT ( $, .RADIAN. ) );
#387 = LINE ( 'NONE', #1215, #4128 ) ;
#388 = CYLINDRICAL_SURFACE ( 'NONE', #1973, 0.07280000000000003135 ) ;
#389 = UNCERTAINTY_MEASURE_WITH_UNIT (LENGTH_MEASURE( 1.000000000000000082E-05 ), #2628, 'distance_accuracy_value', 'NONE');
#390 = PRESENTATION_STYLE_ASSIGNMENT (( #1910 ) ) ;
#391 = ORIENTED_EDGE ( 'NONE', *, *, #2536, .T. ) ;
#392 = CARTESIAN_POINT ( 'NONE',  ( 4.827200000000001268, 1.777199999999999891, -0.07280000000000000360 ) ) ;
#393 = PRESENTATION_STYLE_ASSIGNMENT (( #1572 ) ) ;
#394 =( LENGTH_UNIT ( ) NAMED_UNIT ( * ) SI_UNIT ( .MILLI., .METRE. ) );
#395 = ORIENTED_EDGE ( 'NONE', *, *, #1529, .F. ) ;
#396 = ORIENTED_EDGE ( 'NONE', *, *, #2544, .F. ) ;
#397 = CARTESIAN_POINT ( 'NONE',  ( 2.499054402578549272, 1.777199999999999891, -1.768838267633026984 ) ) ;
#398 = VERTEX_POINT ( 'NONE', #4625 ) ;
#399 = CARTESIAN_POINT ( 'NONE',  ( 2.646000000000010122, 1.782199999999999784, -1.544308912229137354 ) ) ;
#400 = EDGE_CURVE ( 'NONE', #2095, #2463, #3913, .T. ) ;
#401 = ORIENTED_EDGE ( 'NONE', *, *, #301, .T. ) ;
#402 =( NAMED_UNIT ( * ) SI_UNIT ( $, .STERADIAN. ) SOLID_ANGLE_UNIT ( ) );
#403 = VERTEX_POINT ( 'NONE', #4188 ) ;
#404 = EDGE_CURVE ( 'NONE', #3225, #2236, #3433, .T. ) ;
#405 = PRESENTATION_STYLE_ASSIGNMENT (( #3256 ) ) ;
#406 = FACE_OUTER_BOUND ( 'NONE', #539, .T. ) ;
#407 = DIRECTION ( 'NONE',  ( 1.000000000000000000, 0.000000000000000000, 0.000000000000000000 ) ) ;
#408 = CYLINDRICAL_SURFACE ( 'NONE', #834, 0.07280000000000003135 ) ;
#409 = ORIENTED_EDGE ( 'NONE', *, *, #4552, .F. ) ;
#410 = PRESENTATION_LAYER_ASSIGNMENT (  '', '', ( #2387 ) ) ;
#411 = DIRECTION ( 'NONE',  ( 1.000000000000000000, 0.000000000000000000, 0.000000000000000000 ) ) ;
#412 = DIRECTION ( 'NONE',  ( -0.6995643972270458866, 0.000000000000000000, -0.7145695586381776154 ) ) ;
#413 = EDGE_CURVE ( 'NONE', #1133, #1851, #1651, .T. ) ;
#414 = FILL_AREA_STYLE ('',( #4398 ) ) ;
#415 =( GEOMETRIC_REPRESENTATION_CONTEXT ( 3 ) GLOBAL_UNCERTAINTY_ASSIGNED_CONTEXT ( ( #910 ) ) GLOBAL_UNIT_ASSIGNED_CONTEXT ( ( #2949, #3602, #1839 ) ) REPRESENTATION_CONTEXT ( 'NONE', 'WORKASPACE' ) );
#416 = ORIENTED_EDGE ( 'NONE', *, *, #3792, .T. ) ;
#417 = ORIENTED_EDGE ( 'NONE', *, *, #2765, .T. ) ;
#418 = CARTESIAN_POINT ( 'NONE',  ( 2.420225839608120211, 1.777199999999999891, -2.301641900901354454 ) ) ;
#419 =( NAMED_UNIT ( * ) SI_UNIT ( $, .STERADIAN. ) SOLID_ANGLE_UNIT ( ) );
#420 = CIRCLE ( 'NONE', #2091, 0.07280000000000003135 ) ;
#421 =( NAMED_UNIT ( * ) SI_UNIT ( $, .STERADIAN. ) SOLID_ANGLE_UNIT ( ) );
#422 = EDGE_LOOP ( 'NONE', ( #401, #4016, #1747, #327 ) ) ;
#423 = CARTESIAN_POINT ( 'NONE',  ( 4.900000000000000355, 0.07280000000000000360, -3.500000000000000000 ) ) ;
#424 = VECTOR ( 'NONE', #1327, 1000.000000000000114 ) ;
#425 = AXIS2_PLACEMENT_3D ( 'NONE', #1220, #3036, #2302 ) ;
#426 = EDGE_LOOP ( 'NONE', ( #1541, #391, #602, #4484, #90, #4678, #3530, #2909, #1485, #4121, #714 ) ) ;
#427 = FILL_AREA_STYLE_COLOUR ( '', #595 ) ;
#428 = AXIS2_PLACEMENT_3D ( 'NONE', #4125, #3170, #1757 ) ;
#429 = EDGE_LOOP ( 'NONE', ( #4348, #2269, #1524, #3179 ) ) ;
#430 = PRESENTATION_STYLE_ASSIGNMENT (( #57 ) ) ;
#431 = CARTESIAN_POINT ( 'NONE',  ( 0.9771999999999949615, 0.000000000000000000, 0.000000000000000000 ) ) ;
#432 = MECHANICAL_DESIGN_GEOMETRIC_PRESENTATION_REPRESENTATION (  '', ( #4585 ), #212 ) ;
#433 = UNCERTAINTY_MEASURE_WITH_UNIT (LENGTH_MEASURE( 1.000000000000000082E-05 ), #2036, 'distance_accuracy_value', 'NONE');
#434 = FACE_OUTER_BOUND ( 'NONE', #1081, .T. ) ;
#435 = ORIENTED_EDGE ( 'NONE', *, *, #4160, .T. ) ;
#436 = EDGE_CURVE ( 'NONE', #596, #1101, #2743, .T. ) ;
#437 = VECTOR ( 'NONE', #4296, 1000.000000000000000 ) ;
#438 = DIRECTION ( 'NONE',  ( -1.000000000000000000, 0.000000000000000000, -0.000000000000000000 ) ) ;
#439 = VECTOR ( 'NONE', #556, 1000.000000000000000 ) ;
#440 = SURFACE_STYLE_FILL_AREA ( #2231 ) ;
#441 = ORIENTED_EDGE ( 'NONE', *, *, #934, .F. ) ;
#442 = ORIENTED_EDGE ( 'NONE', *, *, #3838, .T. ) ;
#443 = FILL_AREA_STYLE_COLOUR ( '', #4642 ) ;
#444 = ADVANCED_FACE ( 'NONE', ( #2389 ), #3818, .F. ) ;
#445 = FILL_AREA_STYLE_COLOUR ( '', #1704 ) ;
#446 = EDGE_CURVE ( 'NONE', #976, #1870, #2412, .T. ) ;
#447 = FACE_OUTER_BOUND ( 'NONE', #696, .T. ) ;
#448 = ORIENTED_EDGE ( 'NONE', *, *, #2222, .T. ) ;
#449 = ADVANCED_FACE ( 'NONE', ( #249 ), #1690, .T. ) ;
#450 = PRESENTATION_LAYER_ASSIGNMENT (  '', '', ( #2876 ) ) ;
#451 = CARTESIAN_POINT ( 'NONE',  ( 3.850000000000000977, 1.777199999999999891, -0.1375245193786463205 ) ) ;
#452 = CARTESIAN_POINT ( 'NONE',  ( 0.07279999999999960114, 1.777199999999999891, -0.07280000000000000360 ) ) ;
#453 = ORIENTED_EDGE ( 'NONE', *, *, #1930, .T. ) ;
#454 = SURFACE_STYLE_FILL_AREA ( #1146 ) ;
#455 = STYLED_ITEM ( 'NONE', ( #631 ), #3730 ) ;
#456 = ORIENTED_EDGE ( 'NONE', *, *, #2533, .T. ) ;
#457 = SURFACE_STYLE_FILL_AREA ( #178 ) ;
#458 = PLANE ( 'NONE',  #2399 ) ;
#459 = ORIENTED_EDGE ( 'NONE', *, *, #3472, .F. ) ;
#460 = PLANE ( 'NONE',  #629 ) ;
#461 = CARTESIAN_POINT ( 'NONE',  ( 0.9771999999999949615, 0.000000000000000000, -0.07280000000000000360 ) ) ;
#462 = EDGE_CURVE ( 'NONE', #2753, #3225, #44, .T. ) ;
#463 = DIRECTION ( 'NONE',  ( -0.000000000000000000, -1.000000000000000000, 0.000000000000000000 ) ) ;
#464 = FILL_AREA_STYLE_COLOUR ( '', #3533 ) ;
#465 = VERTEX_POINT ( 'NONE', #1389 ) ;
#466 = CLOSED_SHELL ( 'NONE', ( #3794, #38, #1260, #1628, #1207, #655, #99, #2555, #853, #1600, #1096, #124, #222, #1537, #3076, #1328, #4526, #4366, #1124, #4276, #3788, #2177, #1694, #2409, #449, #781, #1186, #1004, #4407, #3995, #3438, #267, #1990, #3424, #3824, #33, #3707, #1480, #718, #4529, #256, #3292, #2615, #4371, #1589, #664, #1062, #3642, #2216, #2358, #3536, #2438, #2908, #4079, #2440, #4610, #789, #3683, #4537, #4423, #2808, #3088, #840, #1736, #2963, #3129, #3097, #1604 ) ) ;
#467 = ORIENTED_EDGE ( 'NONE', *, *, #4483, .T. ) ;
#468 = CARTESIAN_POINT ( 'NONE',  ( 1.050035242104665478, 0.07418152472596842295, -0.1293385981646559268 ) ) ;
#469 =( LENGTH_UNIT ( ) NAMED_UNIT ( * ) SI_UNIT ( .MILLI., .METRE. ) );
#470 = FACE_OUTER_BOUND ( 'NONE', #1166, .T. ) ;
#471 = CYLINDRICAL_SURFACE ( 'NONE', #288, 0.07280000000000003135 ) ;
#472 = DIRECTION ( 'NONE',  ( -1.000000000000000000, 0.000000000000000000, 0.000000000000000000 ) ) ;
#473 = CARTESIAN_POINT ( 'NONE',  ( 3.852094387556574073, 1.759768954912125594, -0.09824730024223359004 ) ) ;
#474 =( LENGTH_UNIT ( ) NAMED_UNIT ( * ) SI_UNIT ( .MILLI., .METRE. ) );
#475 = VERTEX_POINT ( 'NONE', #4311 ) ;
#476 = EDGE_CURVE ( 'NONE', #4320, #4035, #3426, .T. ) ;
#477 = CARTESIAN_POINT ( 'NONE',  ( 3.922800000000000509, 1.777199999999999891, -3.500000000000000000 ) ) ;
#478 = ORIENTED_EDGE ( 'NONE', *, *, #4175, .T. ) ;
#479 = DIRECTION ( 'NONE',  ( 0.000000000000000000, 0.000000000000000000, 1.000000000000000000 ) ) ;
#480 = CARTESIAN_POINT ( 'NONE',  ( 1.049999999999999600, 1.777199999999999891, -3.354400000000000048 ) ) ;
#481 = CARTESIAN_POINT ( 'NONE',  ( 3.850000000000000089, 1.777199999999999891, -0.1456000000000000627 ) ) ;
#482 = EDGE_CURVE ( 'NONE', #1346, #2992, #337, .T. ) ;
#483 = DIRECTION ( 'NONE',  ( -1.000000000000000000, -0.000000000000000000, 0.000000000000000000 ) ) ;
#484 = ORIENTED_EDGE ( 'NONE', *, *, #1898, .F. ) ;
#485 = SURFACE_STYLE_USAGE ( .BOTH. , #1887 ) ;
#486 = CYLINDRICAL_SURFACE ( 'NONE', #352, 0.07280000000000000360 ) ;
#487 = PLANE ( 'NONE',  #3991 ) ;
#488 = PRESENTATION_STYLE_ASSIGNMENT (( #4049 ) ) ;
#489 = ORIENTED_EDGE ( 'NONE', *, *, #4297, .F. ) ;
#490 = ORIENTED_EDGE ( 'NONE', *, *, #3686, .T. ) ;
#491 = DIRECTION ( 'NONE',  ( -0.9619530280415478085, 0.000000000000000000, -0.2732148821746301914 ) ) ;
#492 = CARTESIAN_POINT ( 'NONE',  ( 3.850055785151108356, 1.730704205023674724, -0.07729386758273601443 ) ) ;
#493 = DIRECTION ( 'NONE',  ( 0.000000000000000000, 0.000000000000000000, -1.000000000000000000 ) ) ;
#494 = CARTESIAN_POINT ( 'NONE',  ( 2.366619534904712552, 1.782199999999999784, -0.6638874471448800163 ) ) ;
#495 = AXIS2_PLACEMENT_3D ( 'NONE', #715, #2173, #370 ) ;
#496 = ORIENTED_EDGE ( 'NONE', *, *, #1544, .F. ) ;
#497 = CARTESIAN_POINT ( 'NONE',  ( 3.850000000000000977, 1.777199999999999891, -0.1456000000000000627 ) ) ;
#498 = VERTEX_POINT ( 'NONE', #4005 ) ;
#499 = VECTOR ( 'NONE', #1514, 1000.000000000000114 ) ;
#500 = VECTOR ( 'NONE', #4589, 1000.000000000000000 ) ;
#501 =( NAMED_UNIT ( * ) PLANE_ANGLE_UNIT ( ) SI_UNIT ( $, .RADIAN. ) );
#502 = PRESENTATION_STYLE_ASSIGNMENT (( #3327 ) ) ;
#503 =( NAMED_UNIT ( * ) PLANE_ANGLE_UNIT ( ) SI_UNIT ( $, .RADIAN. ) );
#504 = MECHANICAL_DESIGN_GEOMETRIC_PRESENTATION_REPRESENTATION (  '', ( #4115 ), #4042 ) ;
#505 = CARTESIAN_POINT ( 'NONE',  ( 2.420225839608120211, 1.782199999999999784, -2.522422151516349853 ) ) ;
#506 = ORIENTED_EDGE ( 'NONE', *, *, #182, .T. ) ;
#507 = SURFACE_STYLE_FILL_AREA ( #1244 ) ;
#508 = STYLED_ITEM ( 'NONE', ( #3413 ), #2440 ) ;
#509 =( LENGTH_UNIT ( ) NAMED_UNIT ( * ) SI_UNIT ( .MILLI., .METRE. ) );
#510 = EDGE_CURVE ( 'NONE', #808, #1365, #4285, .T. ) ;
#511 = FACE_OUTER_BOUND ( 'NONE', #2937, .T. ) ;
#512 = FILL_AREA_STYLE ('',( #2434 ) ) ;
#513 = COLOUR_RGB ( '',0.7921568627450980005, 0.8196078431372548767, 0.9333333333333333481 ) ;
#514 = AXIS2_PLACEMENT_3D ( 'NONE', #4138, #85, #479 ) ;
#515 = ORIENTED_EDGE ( 'NONE', *, *, #3199, .T. ) ;
#516 = VERTEX_POINT ( 'NONE', #4378 ) ;
#517 = DIRECTION ( 'NONE',  ( -0.000000000000000000, 0.000000000000000000, 1.000000000000000000 ) ) ;
#518 = DIRECTION ( 'NONE',  ( 0.000000000000000000, 0.000000000000000000, 1.000000000000000000 ) ) ;
#519 = CARTESIAN_POINT ( 'NONE',  ( 2.646000000000010122, 1.782199999999999784, -1.787331774155181074 ) ) ;
#520 = AXIS2_PLACEMENT_3D ( 'NONE', #1657, #985, #3849 ) ;
#521 = DIRECTION ( 'NONE',  ( 0.000000000000000000, 0.000000000000000000, -1.000000000000000000 ) ) ;
#522 = SPHERICAL_SURFACE ( 'NONE', #1613, 0.07280000000000000360 ) ;
#523 = DIRECTION ( 'NONE',  ( -1.000000000000000000, -0.000000000000000000, 0.000000000000000000 ) ) ;
#524 = STYLED_ITEM ( 'NONE', ( #366 ), #3707 ) ;
#525 = CARTESIAN_POINT ( 'NONE',  ( 2.131461455074789679, 1.782199999999999784, -0.7318762750000832318 ) ) ;
#526 = EDGE_CURVE ( 'NONE', #2258, #516, #3350, .T. ) ;
#527 = ORIENTED_EDGE ( 'NONE', *, *, #1796, .T. ) ;
#528 =( LENGTH_UNIT ( ) NAMED_UNIT ( * ) SI_UNIT ( .MILLI., .METRE. ) );
#529 = FACE_OUTER_BOUND ( 'NONE', #1899, .T. ) ;
#530 = FACE_OUTER_BOUND ( 'NONE', #1807, .T. ) ;
#531 = STYLED_ITEM ( 'NONE', ( #4118 ), #4371 ) ;
#532 = LINE ( 'NONE', #1964, #603 ) ;
#533 = EDGE_CURVE ( 'NONE', #2011, #2104, #3194, .T. ) ;
#534 = VERTEX_POINT ( 'NONE', #3936 ) ;
#535 = MECHANICAL_DESIGN_GEOMETRIC_PRESENTATION_REPRESENTATION (  '', ( #455 ), #4223 ) ;
#536 = SURFACE_STYLE_USAGE ( .BOTH. , #3772 ) ;
#537 = UNCERTAINTY_MEASURE_WITH_UNIT (LENGTH_MEASURE( 1.000000000000000082E-05 ), #474, 'distance_accuracy_value', 'NONE');
#538 = CARTESIAN_POINT ( 'NONE',  ( 3.922800000000000509, 0.07280000000000000360, 0.000000000000000000 ) ) ;
#539 = EDGE_LOOP ( 'NONE', ( #2136, #2877, #3247 ) ) ;
#540 = ORIENTED_EDGE ( 'NONE', *, *, #1035, .F. ) ;
#541 = LINE ( 'NONE', #3411, #40 ) ;
#542 = CARTESIAN_POINT ( 'NONE',  ( 2.420225839607043739, 1.777199999999999891, -1.200947889792602474 ) ) ;
#543 = CARTESIAN_POINT ( 'NONE',  ( 2.646000000000010122, 1.782199999999999784, -2.028891821030526010 ) ) ;
#544 = FILL_AREA_STYLE_COLOUR ( '', #2902 ) ;
#545 = DIRECTION ( 'NONE',  ( 0.000000000000000000, 0.000000000000000000, 1.000000000000000000 ) ) ;
#546 = SURFACE_STYLE_FILL_AREA ( #4516 ) ;
#547 = DIRECTION ( 'NONE',  ( -1.000000000000000000, 0.000000000000000000, 0.000000000000000000 ) ) ;
#548 = CLOSED_SHELL ( 'NONE', ( #830, #3782, #3801, #26, #3430, #684, #2238, #4392, #3195, #4220, #624, #1235, #1825, #1765, #2227, #2087, #444, #3757, #2862 ) ) ;
#549 = CARTESIAN_POINT ( 'NONE',  ( -0.8070152987309990866, 1.777199999999999891, 0.007919489514314502487 ) ) ;
#550 = EDGE_CURVE ( 'NONE', #832, #2044, #1938, .T. ) ;
#551 = FACE_OUTER_BOUND ( 'NONE', #429, .T. ) ;
#552 = FILL_AREA_STYLE_COLOUR ( '', #3839 ) ;
#553 = CARTESIAN_POINT ( 'NONE',  ( 2.646000000000010122, 1.782199999999999784, -2.479564017292827049 ) ) ;
#554 = ORIENTED_EDGE ( 'NONE', *, *, #3375, .T. ) ;
#555 = FILL_AREA_STYLE_COLOUR ( '', #1008 ) ;
#556 = DIRECTION ( 'NONE',  ( -1.000000000000000000, 0.000000000000000000, 0.000000000000000000 ) ) ;
#557 = DIRECTION ( 'NONE',  ( 0.000000000000000000, 0.000000000000000000, 1.000000000000000000 ) ) ;
#558 = ORIENTED_EDGE ( 'NONE', *, *, #4473, .F. ) ;
#559 = VERTEX_POINT ( 'NONE', #2906 ) ;
#560 = CARTESIAN_POINT ( 'NONE',  ( 1.046807367472177397, 0.09412262632961890252, -3.405877373670380237 ) ) ;
#561 = EDGE_CURVE ( 'NONE', #4082, #3835, #2579, .T. ) ;
#562 = LINE ( 'NONE', #2414, #2410 ) ;
#563 = PRESENTATION_LAYER_ASSIGNMENT (  '', '', ( #1373 ) ) ;
#564 = COLOUR_RGB ( '',0.7686274509803920907, 0.7686274509803920907, 0.7686274509803920907 ) ;
#565 = CARTESIAN_POINT ( 'NONE',  ( 0.07279999999999960114, 1.849999999999999867, -3.500000000000000000 ) ) ;
#566 = CARTESIAN_POINT ( 'NONE',  ( 2.230081786130054144, 1.777199999999999891, -2.592418242819979124 ) ) ;
#567 = STYLED_ITEM ( 'NONE', ( #1201 ), #664 ) ;
#568 = CARTESIAN_POINT ( 'NONE',  ( 4.827200000000001268, 0.000000000000000000, 0.000000000000000000 ) ) ;
#569 = DIRECTION ( 'NONE',  ( -0.9610876102172832836, 0.000000000000000000, -0.2762437428917280391 ) ) ;
#570 = AXIS2_PLACEMENT_3D ( 'NONE', #4038, #1927, #2647 ) ;
#571 = FACE_OUTER_BOUND ( 'NONE', #2646, .T. ) ;
#572 = LINE ( 'NONE', #3403, #87 ) ;
#573 = MECHANICAL_DESIGN_GEOMETRIC_PRESENTATION_REPRESENTATION (  '', ( #3585 ), #272 ) ;
#574 = ORIENTED_EDGE ( 'NONE', *, *, #533, .F. ) ;
#575 = CARTESIAN_POINT ( 'NONE',  ( 3.851072090335043274, 1.762799849230893168, -3.412799849230892857 ) ) ;
#576 = PRESENTATION_LAYER_ASSIGNMENT (  '', '', ( #725 ) ) ;
#577 = PRESENTATION_LAYER_ASSIGNMENT (  '', '', ( #3590 ) ) ;
#578 = LINE ( 'NONE', #4549, #2191 ) ;
#579 = UNCERTAINTY_MEASURE_WITH_UNIT (LENGTH_MEASURE( 1.000000000000000082E-05 ), #1515, 'distance_accuracy_value', 'NONE');
#580 = SURFACE_STYLE_FILL_AREA ( #185 ) ;
#581 = ADVANCED_FACE ( 'NONE', ( #768 ), #339, .F. ) ;
#582 = ORIENTED_EDGE ( 'NONE', *, *, #1567, .T. ) ;
#583 = STYLED_ITEM ( 'NONE', ( #3649 ), #2438 ) ;
#584 = PRESENTATION_LAYER_ASSIGNMENT (  '', '', ( #1395 ) ) ;
#585 = CARTESIAN_POINT ( 'NONE',  ( 2.325122522707465222, 1.782199999999999784, -2.328779857981044366 ) ) ;
#586 = CARTESIAN_POINT ( 'NONE',  ( 2.420225839608120211, 1.777199999999999891, -2.301641900901354454 ) ) ;
#587 = VECTOR ( 'NONE', #2265, 1000.000000000000000 ) ;
#588 = CIRCLE ( 'NONE', #1306, 0.07280000000000003135 ) ;
#589 = DIRECTION ( 'NONE',  ( 1.000000000000000000, 0.000000000000000000, -0.000000000000000000 ) ) ;
#590 = VECTOR ( 'NONE', #3435, 1000.000000000000000 ) ;
#591 = CARTESIAN_POINT ( 'NONE',  ( 2.131461455074789679, 1.782199999999999784, -2.176825446628522176 ) ) ;
#592 = CARTESIAN_POINT ( 'NONE',  ( 4.827200000000001268, 0.07280000000000000360, -3.427200000000000024 ) ) ;
#593 = DIRECTION ( 'NONE',  ( -0.9984327301130251353, 0.000000000000000000, -0.05596501978067344035 ) ) ;
#594 = SURFACE_STYLE_USAGE ( .BOTH. , #3853 ) ;
#595 = COLOUR_RGB ( '',0.7686274509803920907, 0.7686274509803920907, 0.7686274509803920907 ) ;
#596 = VERTEX_POINT ( 'NONE', #2528 ) ;
#597 = CARTESIAN_POINT ( 'NONE',  ( 3.853192632527818517, 1.755877373670380548, -3.405877373670380681 ) ) ;
#598 = FILL_AREA_STYLE ('',( #3906 ) ) ;
#599 = STYLED_ITEM ( 'NONE', ( #2696 ), #4366 ) ;
#600 = SURFACE_STYLE_USAGE ( .BOTH. , #207 ) ;
#601 = CYLINDRICAL_SURFACE ( 'NONE', #378, 0.07280000000000003135 ) ;
#602 = ORIENTED_EDGE ( 'NONE', *, *, #3091, .T. ) ;
#603 = VECTOR ( 'NONE', #161, 1000.000000000000000 ) ;
#604 = CARTESIAN_POINT ( 'NONE',  ( 2.230809282386529535, 1.782199999999999784, -2.895382102646353761 ) ) ;
#605 = CYLINDRICAL_SURFACE ( 'NONE', #2259, 0.07280000000000003135 ) ;
#606 = EDGE_CURVE ( 'NONE', #3851, #2992, #1463, .T. ) ;
#607 = CARTESIAN_POINT ( 'NONE',  ( 2.366619534904712552, 1.782199999999999784, -0.6638874471448800163 ) ) ;
#608 = ORIENTED_EDGE ( 'NONE', *, *, #1777, .T. ) ;
#609 =( NAMED_UNIT ( * ) PLANE_ANGLE_UNIT ( ) SI_UNIT ( $, .RADIAN. ) );
#610 = LINE ( 'NONE', #3827, #3902 ) ;
#611 = DIRECTION ( 'NONE',  ( -0.000000000000000000, 1.000000000000000000, -0.000000000000000000 ) ) ;
#612 = CARTESIAN_POINT ( 'NONE',  ( 2.548089955612195201, 1.782199999999999784, -2.265138798481020732 ) ) ;
#613 = ORIENTED_EDGE ( 'NONE', *, *, #1451, .T. ) ;
#614 = CARTESIAN_POINT ( 'NONE',  ( 3.851575672170317155, 1.761155914505484033, -3.400598832835277197 ) ) ;
#615 = DIRECTION ( 'NONE',  ( -0.000000000000000000, 1.000000000000000000, -0.000000000000000000 ) ) ;
#616 = ORIENTED_EDGE ( 'NONE', *, *, #482, .F. ) ;
#617 = DIRECTION ( 'NONE',  ( -1.108990413693891270E-30, -3.723221746172747703E-16, 1.000000000000000000 ) ) ;
#618 = UNCERTAINTY_MEASURE_WITH_UNIT (LENGTH_MEASURE( 1.000000000000000082E-05 ), #1233, 'distance_accuracy_value', 'NONE');
#619 =( LENGTH_UNIT ( ) NAMED_UNIT ( * ) SI_UNIT ( .MILLI., .METRE. ) );
#620 = ORIENTED_EDGE ( 'NONE', *, *, #2520, .F. ) ;
#621 = ORIENTED_EDGE ( 'NONE', *, *, #4654, .F. ) ;
#622 = CARTESIAN_POINT ( 'NONE',  ( 1.046807367472182060, 1.755877373670381658, -3.405877373670379793 ) ) ;
#623 = DIRECTION ( 'NONE',  ( 0.000000000000000000, 0.000000000000000000, -1.000000000000000000 ) ) ;
#624 = ADVANCED_FACE ( 'NONE', ( #1816 ), #1438, .F. ) ;
#625 = ORIENTED_EDGE ( 'NONE', *, *, #400, .F. ) ;
#626 = PLANE ( 'NONE',  #878 ) ;
#627 = AXIS2_PLACEMENT_3D ( 'NONE', #3267, #3249, #2212 ) ;
#628 = DIRECTION ( 'NONE',  ( 1.000000000000000000, -2.978577396938197768E-15, 0.000000000000000000 ) ) ;
#629 = AXIS2_PLACEMENT_3D ( 'NONE', #3743, #1912, #4071 ) ;
#630 = CARTESIAN_POINT ( 'NONE',  ( 2.230820466309290762, 1.782199999999999784, -3.036258007834996331 ) ) ;
#631 = PRESENTATION_STYLE_ASSIGNMENT (( #1010 ) ) ;
#632 = ORIENTED_EDGE ( 'NONE', *, *, #4011, .F. ) ;
#633 = ADVANCED_FACE ( 'NONE', ( #1520 ), #4091, .F. ) ;
#634 = PRESENTATION_LAYER_ASSIGNMENT (  '', '', ( #567 ) ) ;
#635 = CARTESIAN_POINT ( 'NONE',  ( 3.850000000000000977, 0.07280000000000003135, -3.354400000000000048 ) ) ;
#636 = CYLINDRICAL_SURFACE ( 'NONE', #3443, 0.07280000000000000360 ) ;
#637 = FACE_OUTER_BOUND ( 'NONE', #345, .T. ) ;
#638 = VECTOR ( 'NONE', #1339, 1000.000000000000000 ) ;
#639 = VERTEX_POINT ( 'NONE', #1593 ) ;
#640 = EDGE_CURVE ( 'NONE', #2114, #4035, #3056, .T. ) ;
#641 = CARTESIAN_POINT ( 'NONE',  ( 1.049999999999999822, 1.704399999999999693, -0.07280000000000003135 ) ) ;
#642 = MECHANICAL_DESIGN_GEOMETRIC_PRESENTATION_REPRESENTATION (  '', ( #50 ), #1310 ) ;
#643 = AXIS2_PLACEMENT_3D ( 'NONE', #257, #4226, #177 ) ;
#644 = CARTESIAN_POINT ( 'NONE',  ( 4.900000000000000355, 0.000000000000000000, -3.427200000000000024 ) ) ;
#645 = CARTESIAN_POINT ( 'NONE',  ( 0.9771999999999949615, 1.168436341270918085E-14, -3.500000000000000000 ) ) ;
#646 = AXIS2_PLACEMENT_3D ( 'NONE', #2703, #993, #3149 ) ;
#647 = STYLED_ITEM ( 'NONE', ( #2175 ), #1328 ) ;
#648 = VERTEX_POINT ( 'NONE', #2343 ) ;
#649 = CARTESIAN_POINT ( 'NONE',  ( 2.131461455074789679, 1.782199999999999784, -3.064812069616920986 ) ) ;
#650 = PLANE ( 'NONE',  #2845 ) ;
#651 = COLOUR_RGB ( '',0.6470588235294117974, 0.5176470588235293491, 0.000000000000000000 ) ;
#652 = CARTESIAN_POINT ( 'NONE',  ( 0.9771999999999945175, 0.07280000000000000360, -3.427200000000000024 ) ) ;
#653 = PRESENTATION_STYLE_ASSIGNMENT (( #3557 ) ) ;
#654 = DIRECTION ( 'NONE',  ( 1.000000000000000000, -0.000000000000000000, 0.000000000000000000 ) ) ;
#655 = ADVANCED_FACE ( 'NONE', ( #3018 ), #842, .T. ) ;
#656 = STYLED_ITEM ( 'NONE', ( #393 ), #3438 ) ;
#657 = CARTESIAN_POINT ( 'NONE',  ( 2.548108729707782238, 1.782199999999999784, -1.164510496710604137 ) ) ;
#658 = ORIENTED_EDGE ( 'NONE', *, *, #3938, .T. ) ;
#659 = MECHANICAL_DESIGN_GEOMETRIC_PRESENTATION_REPRESENTATION (  '', ( #2718 ), #225 ) ;
#660 = SURFACE_STYLE_USAGE ( .BOTH. , #2096 ) ;
#661 = CARTESIAN_POINT ( 'NONE',  ( 2.548108729707782238, 1.782199999999999784, -1.449742222008734815 ) ) ;
#662 = FACE_OUTER_BOUND ( 'NONE', #4250, .T. ) ;
#663 = VECTOR ( 'NONE', #4523, 1000.000000000000000 ) ;
#664 = ADVANCED_FACE ( 'NONE', ( #4422 ), #1176, .T. ) ;
#665 = UNCERTAINTY_MEASURE_WITH_UNIT (LENGTH_MEASURE( 1.000000000000000082E-05 ), #2880, 'distance_accuracy_value', 'NONE');
#666 = CARTESIAN_POINT ( 'NONE',  ( 1.049999999999999600, 0.07280000000000003135, -0.1456000000000000627 ) ) ;
#667 = EDGE_LOOP ( 'NONE', ( #15, #456, #2707 ) ) ;
#668 = CARTESIAN_POINT ( 'NONE',  ( 2.230081786130054144, 1.782199999999999784, -2.592418242819979124 ) ) ;
#669 = COLOUR_RGB ( '',0.6470588235294117974, 0.5176470588235293491, 0.000000000000000000 ) ;
#670 =( GEOMETRIC_REPRESENTATION_CONTEXT ( 3 ) GLOBAL_UNCERTAINTY_ASSIGNED_CONTEXT ( ( #2621 ) ) GLOBAL_UNIT_ASSIGNED_CONTEXT ( ( #106, #53, #402 ) ) REPRESENTATION_CONTEXT ( 'NONE', 'WORKASPACE' ) );
#671 = DIRECTION ( 'NONE',  ( 0.9612861490927337993, 0.000000000000000000, 0.2755520632520512825 ) ) ;
#672 = SURFACE_SIDE_STYLE ('',( #1089 ) ) ;
#673 = AXIS2_PLACEMENT_3D ( 'NONE', #2209, #1052, #303 ) ;
#674 = ORIENTED_EDGE ( 'NONE', *, *, #2103, .T. ) ;
#675 = LINE ( 'NONE', #649, #2534 ) ;
#676 = VECTOR ( 'NONE', #615, 1000.000000000000000 ) ;
#677 = CYLINDRICAL_SURFACE ( 'NONE', #1094, 0.07280000000000000360 ) ;
#678 = CARTESIAN_POINT ( 'NONE',  ( 4.900000000000000355, 0.000000000000000000, 0.000000000000000000 ) ) ;
#679 = SURFACE_STYLE_FILL_AREA ( #2469 ) ;
#680 = CARTESIAN_POINT ( 'NONE',  ( 2.131461455074789679, 1.782199999999999784, -0.8876543440893396308 ) ) ;
#681 = DIRECTION ( 'NONE',  ( 0.000000000000000000, 0.000000000000000000, 1.000000000000000000 ) ) ;
#682 = CARTESIAN_POINT ( 'NONE',  ( 1.049999999999999600, 0.07280000000000003135, -0.07280000000000003135 ) ) ;
#683 = ORIENTED_EDGE ( 'NONE', *, *, #606, .T. ) ;
#684 = ADVANCED_FACE ( 'NONE', ( #1153 ), #460, .F. ) ;
#685 = DIRECTION ( 'NONE',  ( -1.000000000000000000, 0.000000000000000000, 0.000000000000000000 ) ) ;
#686 = CARTESIAN_POINT ( 'NONE',  ( 0.9771999999999997355, 1.850000000000000089, -0.07280000000000003135 ) ) ;
#687 = DIRECTION ( 'NONE',  ( 0.000000000000000000, 0.000000000000000000, 1.000000000000000000 ) ) ;
#688 = DIRECTION ( 'NONE',  ( -2.978577396938198557E-15, -1.000000000000000000, 0.000000000000000000 ) ) ;
#689 = FILL_AREA_STYLE ('',( #3522 ) ) ;
#690 = PRESENTATION_STYLE_ASSIGNMENT (( #3494 ) ) ;
#691 = EDGE_LOOP ( 'NONE', ( #2282, #2564, #3721, #1232 ) ) ;
#692 = CARTESIAN_POINT ( 'NONE',  ( 0.9771999999999995135, 1.777199999999999891, -3.427200000000000024 ) ) ;
#693 = CARTESIAN_POINT ( 'NONE',  ( 2.420225839607043739, 1.777199999999999891, -1.200947889792602474 ) ) ;
#694 = LINE ( 'NONE', #2439, #1490 ) ;
#695 = FACE_OUTER_BOUND ( 'NONE', #2263, .T. ) ;
#696 = EDGE_LOOP ( 'NONE', ( #2714, #2266, #3253, #2348, #621, #2493 ) ) ;
#697 = CARTESIAN_POINT ( 'NONE',  ( 1.049999999999999822, 1.849999999999999867, -0.07280000000000003135 ) ) ;
#698 = EDGE_CURVE ( 'NONE', #1693, #1787, #805, .T. ) ;
#699 = DIRECTION ( 'NONE',  ( -0.000000000000000000, -1.000000000000000000, 0.000000000000000000 ) ) ;
#700 = CARTESIAN_POINT ( 'NONE',  ( 1.049994533079427361, 1.776307837599944373, -0.1342376546567187745 ) ) ;
#701 = EDGE_LOOP ( 'NONE', ( #1843, #1576, #3524 ) ) ;
#702 = EDGE_CURVE ( 'NONE', #2793, #4181, #1684, .T. ) ;
#703 = SURFACE_STYLE_FILL_AREA ( #1403 ) ;
#704 = PRODUCT_CONTEXT ( 'NONE', #4390, 'mechanical' ) ;
#705 = ORIENTED_EDGE ( 'NONE', *, *, #883, .F. ) ;
#706 = SURFACE_SIDE_STYLE ('',( #1781 ) ) ;
#707 = CARTESIAN_POINT ( 'NONE',  ( 0.9771999999999945175, 0.07280000000000000360, -0.07280000000000000360 ) ) ;
#708 = VECTOR ( 'NONE', #589, 1000.000000000000000 ) ;
#709 = LINE ( 'NONE', #1782, #3367 ) ;
#710 = CARTESIAN_POINT ( 'NONE',  ( 1.046807367472182060, 1.755877373670381658, -3.405877373670379793 ) ) ;
#711 = UNCERTAINTY_MEASURE_WITH_UNIT (LENGTH_MEASURE( 1.000000000000000082E-05 ), #1674, 'distance_accuracy_value', 'NONE');
#712 =( NAMED_UNIT ( * ) SI_UNIT ( $, .STERADIAN. ) SOLID_ANGLE_UNIT ( ) );
#713 = VECTOR ( 'NONE', #2013, 1000.000000000000000 ) ;
#714 = ORIENTED_EDGE ( 'NONE', *, *, #702, .T. ) ;
#715 = CARTESIAN_POINT ( 'NONE',  ( 0.07279999999999960114, 0.07280000000000000360, -3.427200000000000024 ) ) ;
#716 = CARTESIAN_POINT ( 'NONE',  ( 3.922800000000000509, 1.777199999999999891, -3.427200000000000024 ) ) ;
#717 = COLOUR_RGB ( '',0.7686274509803920907, 0.7686274509803920907, 0.7686274509803920907 ) ;
#718 = ADVANCED_FACE ( 'NONE', ( #243 ), #1737, .T. ) ;
#719 = CARTESIAN_POINT ( 'NONE',  ( 1.049999999999999822, 1.704399999999999471, -0.07280000000000003135 ) ) ;
#720 = DIRECTION ( 'NONE',  ( 0.000000000000000000, 0.000000000000000000, 1.000000000000000000 ) ) ;
#721 = ORIENTED_EDGE ( 'NONE', *, *, #945, .F. ) ;
#722 = AXIS2_PLACEMENT_3D ( 'NONE', #4299, #1100, #3968 ) ;
#723 = ORIENTED_EDGE ( 'NONE', *, *, #3541, .T. ) ;
#724 = CARTESIAN_POINT ( 'NONE',  ( 2.325105313117773242, 1.777199999999999891, -1.228085846872917664 ) ) ;
#725 = STYLED_ITEM ( 'NONE', ( #1945 ), #2409 ) ;
#726 = AXIS2_PLACEMENT_3D ( 'NONE', #2108, #2040, #4189 ) ;
#727 = EDGE_CURVE ( 'NONE', #465, #1853, #2315, .T. ) ;
#728 = EDGE_CURVE ( 'NONE', #1193, #3382, #2164, .T. ) ;
#729 = ORIENTED_EDGE ( 'NONE', *, *, #4447, .F. ) ;
#730 = VECTOR ( 'NONE', #4326, 1000.000000000000000 ) ;
#731 = MECHANICAL_DESIGN_GEOMETRIC_PRESENTATION_REPRESENTATION (  '', ( #1395 ), #3073 ) ;
#732 = DIRECTION ( 'NONE',  ( -0.000000000000000000, -1.000000000000000000, 0.000000000000000000 ) ) ;
#733 = VERTEX_POINT ( 'NONE', #906 ) ;
#734 = AXIS2_PLACEMENT_3D ( 'NONE', #973, #3120, #3880 ) ;
#735 = DIRECTION ( 'NONE',  ( -0.000000000000000000, -1.000000000000000000, 0.000000000000000000 ) ) ;
#736 = AXIS2_PLACEMENT_3D ( 'NONE', #2470, #4636, #2895 ) ;
#737 = ORIENTED_EDGE ( 'NONE', *, *, #2888, .T. ) ;
#738 = SPHERICAL_SURFACE ( 'NONE', #3131, 0.07280000000000000360 ) ;
#739 =( GEOMETRIC_REPRESENTATION_CONTEXT ( 3 ) GLOBAL_UNCERTAINTY_ASSIGNED_CONTEXT ( ( #1315 ) ) GLOBAL_UNIT_ASSIGNED_CONTEXT ( ( #4318, #2118, #3532 ) ) REPRESENTATION_CONTEXT ( 'NONE', 'WORKASPACE' ) );
#740 =( LENGTH_UNIT ( ) NAMED_UNIT ( * ) SI_UNIT ( .MILLI., .METRE. ) );
#741 = FACE_OUTER_BOUND ( 'NONE', #1379, .T. ) ;
#742 = CARTESIAN_POINT ( 'NONE',  ( 2.646000000000010122, 1.782199999999999784, -1.452722609482480554 ) ) ;
#743 = FILL_AREA_STYLE_COLOUR ( '', #2210 ) ;
#744 = COLOUR_RGB ( '',0.7686274509803920907, 0.7686274509803920907, 0.7686274509803920907 ) ;
#745 = EDGE_LOOP ( 'NONE', ( #2532, #1090, #632, #2817 ) ) ;
#746 = CARTESIAN_POINT ( 'NONE',  ( 2.499054402578549272, 1.782199999999999784, -1.768838267633026984 ) ) ;
#747 = DIRECTION ( 'NONE',  ( -0.000000000000000000, -1.000000000000000000, 0.000000000000000000 ) ) ;
#748 = CARTESIAN_POINT ( 'NONE',  ( 3.850000000000000089, 1.777199999999999891, -0.07280000000000003135 ) ) ;
#749 = EDGE_CURVE ( 'NONE', #1101, #2509, #3489, .T. ) ;
#750 = VERTEX_POINT ( 'NONE', #4597 ) ;
#751 = AXIS2_PLACEMENT_3D ( 'NONE', #3377, #3418, #3345 ) ;
#752 = EDGE_LOOP ( 'NONE', ( #1338, #4292, #478, #1079 ) ) ;
#753 =( LENGTH_UNIT ( ) NAMED_UNIT ( * ) SI_UNIT ( .MILLI., .METRE. ) );
#754 = EDGE_CURVE ( 'NONE', #2509, #750, #203, .T. ) ;
#755 = FILL_AREA_STYLE_COLOUR ( '', #3503 ) ;
#756 = PRESENTATION_LAYER_ASSIGNMENT (  '', '', ( #531 ) ) ;
#757 = CARTESIAN_POINT ( 'NONE',  ( 1.050001800200624835, 1.776900786478270211, -0.1379901960871666999 ) ) ;
#758 = ORIENTED_EDGE ( 'NONE', *, *, #1653, .F. ) ;
#759 = ORIENTED_EDGE ( 'NONE', *, *, #3911, .T. ) ;
#760 = ORIENTED_EDGE ( 'NONE', *, *, #1796, .F. ) ;
#761 = ORIENTED_EDGE ( 'NONE', *, *, #1125, .T. ) ;
#762 = CARTESIAN_POINT ( 'NONE',  ( 0.9771999999999995135, 1.777199999999999891, -0.07280000000000000360 ) ) ;
#763 = EDGE_CURVE ( 'NONE', #1169, #1911, #2031, .T. ) ;
#764 =( NAMED_UNIT ( * ) SI_UNIT ( $, .STERADIAN. ) SOLID_ANGLE_UNIT ( ) );
#765 =( NAMED_UNIT ( * ) PLANE_ANGLE_UNIT ( ) SI_UNIT ( $, .RADIAN. ) );
#766 = CYLINDRICAL_SURFACE ( 'NONE', #1900, 0.07280000000000003135 ) ;
#767 = ORIENTED_EDGE ( 'NONE', *, *, #3399, .F. ) ;
#768 = FACE_OUTER_BOUND ( 'NONE', #1742, .T. ) ;
#769 = DIRECTION ( 'NONE',  ( -0.000000000000000000, -0.000000000000000000, 1.000000000000000000 ) ) ;
#770 = CARTESIAN_POINT ( 'NONE',  ( 1.049999999999999822, 0.1455999999999999794, -3.427200000000000024 ) ) ;
#771 = CARTESIAN_POINT ( 'NONE',  ( 3.850020027576706028, 0.07488021534255272227, -0.1267189324679275919 ) ) ;
#772 = VERTEX_POINT ( 'NONE', #1666 ) ;
#773 =( NAMED_UNIT ( * ) SI_UNIT ( $, .STERADIAN. ) SOLID_ANGLE_UNIT ( ) );
#774 = FILL_AREA_STYLE_COLOUR ( '', #51 ) ;
#775 = EDGE_CURVE ( 'NONE', #3034, #639, #2467, .T. ) ;
#776 = SURFACE_SIDE_STYLE ('',( #4461 ) ) ;
#777 = PRODUCT_DEFINITION ( 'UNKNOWN', '', #1347, #3598 ) ;
#778 = ORIENTED_EDGE ( 'NONE', *, *, #1556, .F. ) ;
#779 = DIRECTION ( 'NONE',  ( 1.000000000000000000, -0.000000000000000000, 0.000000000000000000 ) ) ;
#780 = ORIENTED_EDGE ( 'NONE', *, *, #2151, .F. ) ;
#781 = ADVANCED_FACE ( 'NONE', ( #3427 ), #3238, .T. ) ;
#782 = CARTESIAN_POINT ( 'NONE',  ( 2.131461455074789679, 1.777199999999999891, -1.518180063271352687 ) ) ;
#783 = EDGE_LOOP ( 'NONE', ( #506, #4061, #1924, #1126 ) ) ;
#784 = DIRECTION ( 'NONE',  ( 0.000000000000000000, 0.000000000000000000, -1.000000000000000000 ) ) ;
#785 = DIRECTION ( 'NONE',  ( -1.000000000000000000, 0.000000000000000000, 0.000000000000000000 ) ) ;
#786 = CARTESIAN_POINT ( 'NONE',  ( 2.646000000000010122, 1.777199999999999891, -2.629472052082345357 ) ) ;
#787 = COLOUR_RGB ( '',0.7686274509803920907, 0.7686274509803920907, 0.7686274509803920907 ) ;
#788 = SURFACE_SIDE_STYLE ('',( #2622 ) ) ;
#789 = ADVANCED_FACE ( 'NONE', ( #1269 ), #738, .T. ) ;
#790 = EDGE_CURVE ( 'NONE', #1559, #952, #1410, .T. ) ;
#791 = EDGE_CURVE ( 'NONE', #1352, #2044, #420, .T. ) ;
#792 = EDGE_LOOP ( 'NONE', ( #3583, #1117, #1396, #1547, #3925, #2189 ) ) ;
#793 = DIRECTION ( 'NONE',  ( 1.000000000000000000, 0.000000000000000000, 3.723221746172768904E-16 ) ) ;
#794 = SURFACE_SIDE_STYLE ('',( #1497 ) ) ;
#795 = AXIS2_PLACEMENT_3D ( 'NONE', #1088, #4329, #91 ) ;
#796 = DIRECTION ( 'NONE',  ( -0.000000000000000000, -1.000000000000000000, 0.000000000000000000 ) ) ;
#797 = ORIENTED_EDGE ( 'NONE', *, *, #1683, .F. ) ;
#798 = EDGE_LOOP ( 'NONE', ( #4322, #558, #1630, #1073, #290, #261 ) ) ;
#799 = CARTESIAN_POINT ( 'NONE',  ( 2.131461455074789679, 1.782199999999999784, -0.8876543440893396308 ) ) ;
#800 = PRESENTATION_STYLE_ASSIGNMENT (( #4364 ) ) ;
#801 =( LENGTH_UNIT ( ) NAMED_UNIT ( * ) SI_UNIT ( .MILLI., .METRE. ) );
#802 = AXIS2_PLACEMENT_3D ( 'NONE', #2634, #1527, #2586 ) ;
#803 = ORIENTED_EDGE ( 'NONE', *, *, #75, .F. ) ;
#804 = DIRECTION ( 'NONE',  ( 0.7083077534944016707, 0.000000000000000000, 0.7059037656364455238 ) ) ;
#805 =( BOUNDED_CURVE ( )  B_SPLINE_CURVE ( 3, ( #4619, #3837, #575, #597 ),
 .UNSPECIFIED., .F., .T. ) 
 B_SPLINE_CURVE_WITH_KNOTS ( ( 4, 4 ),
 ( 1.570796326794896558, 1.868047688116104776 ),
 .UNSPECIFIED. ) 
 CURVE ( )  GEOMETRIC_REPRESENTATION_ITEM ( )  RATIONAL_B_SPLINE_CURVE ( ( 1.000000000000000000, 0.9926503465430337458, 0.9926503465430337458, 1.000000000000000000 ) ) 
 REPRESENTATION_ITEM ( '' )  );
#806 = COLOUR_RGB ( '',0.7686274509803920907, 0.7686274509803920907, 0.7686274509803920907 ) ;
#807 =( NAMED_UNIT ( * ) SI_UNIT ( $, .STERADIAN. ) SOLID_ANGLE_UNIT ( ) );
#808 = VERTEX_POINT ( 'NONE', #2165 ) ;
#809 = ORIENTED_EDGE ( 'NONE', *, *, #1075, .T. ) ;
#810 = EDGE_CURVE ( 'NONE', #516, #162, #2145, .T. ) ;
#811 = LINE ( 'NONE', #1561, #2769 ) ;
#812 = CARTESIAN_POINT ( 'NONE',  ( 2.325105313117773242, 1.782199999999999784, -1.448931806827066682 ) ) ;
#813 = PRESENTATION_LAYER_ASSIGNMENT (  '', '', ( #2105 ) ) ;
#814 =( GEOMETRIC_REPRESENTATION_CONTEXT ( 3 ) GLOBAL_UNCERTAINTY_ASSIGNED_CONTEXT ( ( #1362 ) ) GLOBAL_UNIT_ASSIGNED_CONTEXT ( ( #1928, #1729, #921 ) ) REPRESENTATION_CONTEXT ( 'NONE', 'WORKASPACE' ) );
#815 = SPHERICAL_SURFACE ( 'NONE', #4600, 0.07280000000000000360 ) ;
#816 = UNCERTAINTY_MEASURE_WITH_UNIT (LENGTH_MEASURE( 1.000000000000000082E-05 ), #919, 'distance_accuracy_value', 'NONE');
#817 = DIRECTION ( 'NONE',  ( -0.9280290862136694185, 0.000000000000000000, 0.3725077383644826989 ) ) ;
#818 = ORIENTED_EDGE ( 'NONE', *, *, #3911, .F. ) ;
#819 = CARTESIAN_POINT ( 'NONE',  ( 2.131461455074789679, 1.782199999999999784, -1.951152340343301539 ) ) ;
#820 = MECHANICAL_DESIGN_GEOMETRIC_PRESENTATION_REPRESENTATION (  '', ( #3765 ), #221 ) ;
#821 = PLANE ( 'NONE',  #2797 ) ;
#822 = ORIENTED_EDGE ( 'NONE', *, *, #3897, .T. ) ;
#823 = EDGE_LOOP ( 'NONE', ( #857, #809, #1205, #944 ) ) ;
#824 = CARTESIAN_POINT ( 'NONE',  ( 2.646000000000010122, 1.777199999999999891, -2.776044555654648693 ) ) ;
#825 = CARTESIAN_POINT ( 'NONE',  ( 1.049999999999999822, 1.777199999999999891, -0.07280000000000003135 ) ) ;
#826 = SURFACE_STYLE_USAGE ( .BOTH. , #1120 ) ;
#827 = SURFACE_STYLE_FILL_AREA ( #3368 ) ;
#828 = VERTEX_POINT ( 'NONE', #1105 ) ;
#829 = DIRECTION ( 'NONE',  ( -1.000000000000000000, -0.000000000000000000, 0.000000000000000000 ) ) ;
#830 = ADVANCED_FACE ( 'NONE', ( #3277 ), #2572, .F. ) ;
#831 = DIRECTION ( 'NONE',  ( -2.978577396938198162E-15, -1.000000000000000000, 0.000000000000000000 ) ) ;
#832 = VERTEX_POINT ( 'NONE', #331 ) ;
#833 = CARTESIAN_POINT ( 'NONE',  ( 2.646000000000010122, 1.782199999999999784, -2.028891821030526010 ) ) ;
#834 = AXIS2_PLACEMENT_3D ( 'NONE', #2317, #200, #3381 ) ;
#835 = EDGE_LOOP ( 'NONE', ( #1388, #4387, #4316, #2369 ) ) ;
#836 = FACE_OUTER_BOUND ( 'NONE', #4497, .T. ) ;
#837 = CARTESIAN_POINT ( 'NONE',  ( 1.047417677218303478, 1.757869719926278052, -3.403885027414821796 ) ) ;
#838 = CARTESIAN_POINT ( 'NONE',  ( 0.07280000000000000360, 0.07280000000000000360, -0.07280000000000000360 ) ) ;
#839 = CARTESIAN_POINT ( 'NONE',  ( 1.049999999999999600, 0.07280000000000003135, -3.427200000000000024 ) ) ;
#840 = ADVANCED_FACE ( 'NONE', ( #1061 ), #2685, .T. ) ;
#841 = EDGE_LOOP ( 'NONE', ( #3842, #4158, #4044, #2617 ) ) ;
#842 = CYLINDRICAL_SURFACE ( 'NONE', #1698, 0.07280000000000003135 ) ;
#843 = DIRECTION ( 'NONE',  ( -1.000000000000000000, 0.000000000000000000, 0.000000000000000000 ) ) ;
#844 =( NAMED_UNIT ( * ) PLANE_ANGLE_UNIT ( ) SI_UNIT ( $, .RADIAN. ) );
#845 = SURFACE_SIDE_STYLE ('',( #440 ) ) ;
#846 = ORIENTED_EDGE ( 'NONE', *, *, #2139, .F. ) ;
#847 = EDGE_LOOP ( 'NONE', ( #107, #4676, #1444 ) ) ;
#848 = SURFACE_STYLE_USAGE ( .BOTH. , #2287 ) ;
#849 = LINE ( 'NONE', #101, #1486 ) ;
#850 = EDGE_LOOP ( 'NONE', ( #116, #2804, #441, #3130 ) ) ;
#851 = CARTESIAN_POINT ( 'NONE',  ( 1.049994533079422476, 0.1342376546567201623, -0.07369216240005511953 ) ) ;
#852 = CARTESIAN_POINT ( 'NONE',  ( 2.548108729707782238, 1.782199999999999784, -1.449742222008734815 ) ) ;
#853 = ADVANCED_FACE ( 'NONE', ( #362 ), #4391, .T. ) ;
#854 = ORIENTED_EDGE ( 'NONE', *, *, #791, .T. ) ;
#855 = CARTESIAN_POINT ( 'NONE',  ( 2.646000000000010122, 1.777199999999999891, -2.028891821030526010 ) ) ;
#856 = CYLINDRICAL_SURFACE ( 'NONE', #3687, 0.07280000000000003135 ) ;
#857 = ORIENTED_EDGE ( 'NONE', *, *, #4238, .T. ) ;
#858 = ADVANCED_FACE ( 'NONE', ( #1148 ), #4374, .F. ) ;
#859 = DIRECTION ( 'NONE',  ( 0.000000000000000000, 1.000000000000000000, 0.000000000000000000 ) ) ;
#860 = PLANE ( 'NONE',  #890 ) ;
#861 = DIRECTION ( 'NONE',  ( 0.000000000000000000, 0.000000000000000000, -1.000000000000000000 ) ) ;
#862 = UNCERTAINTY_MEASURE_WITH_UNIT (LENGTH_MEASURE( 1.000000000000000082E-05 ), #4558, 'distance_accuracy_value', 'NONE');
#863 = LINE ( 'NONE', #4399, #3309 ) ;
#864 = VERTEX_POINT ( 'NONE', #1959 ) ;
#865 = ORIENTED_EDGE ( 'NONE', *, *, #1383, .F. ) ;
#866 = PRESENTATION_STYLE_ASSIGNMENT (( #4479 ) ) ;
#867 = EDGE_CURVE ( 'NONE', #4035, #1072, #1588, .T. ) ;
#868 = VECTOR ( 'NONE', #1182, 1000.000000000000000 ) ;
#869 = SURFACE_STYLE_USAGE ( .BOTH. , #776 ) ;
#870 = VECTOR ( 'NONE', #4173, 1000.000000000000000 ) ;
#871 = DIRECTION ( 'NONE',  ( 0.000000000000000000, 0.000000000000000000, 1.000000000000000000 ) ) ;
#872 = DIRECTION ( 'NONE',  ( 0.000000000000000000, 0.000000000000000000, -1.000000000000000000 ) ) ;
#873 = EDGE_CURVE ( 'NONE', #2450, #2760, #1906, .T. ) ;
#874 = PLANE ( 'NONE',  #1962 ) ;
#875 = AXIS2_PLACEMENT_3D ( 'NONE', #108, #1535, #3692 ) ;
#876 = LINE ( 'NONE', #852, #1976 ) ;
#877 = ORIENTED_EDGE ( 'NONE', *, *, #1634, .T. ) ;
#878 = AXIS2_PLACEMENT_3D ( 'NONE', #2085, #2516, #1093 ) ;
#879 =( GEOMETRIC_REPRESENTATION_CONTEXT ( 3 ) GLOBAL_UNCERTAINTY_ASSIGNED_CONTEXT ( ( #2525 ) ) GLOBAL_UNIT_ASSIGNED_CONTEXT ( ( #1599, #3043, #4480 ) ) REPRESENTATION_CONTEXT ( 'NONE', 'WORKASPACE' ) );
#880 = CARTESIAN_POINT ( 'NONE',  ( 0.9771999999999945175, 0.07280000000000000360, -0.07280000000000003135 ) ) ;
#881 = PLANE ( 'NONE',  #217 ) ;
#882 = LINE ( 'NONE', #4494, #3826 ) ;
#883 = EDGE_CURVE ( 'NONE', #1940, #3248, #2593, .T. ) ;
#884 =( NAMED_UNIT ( * ) SI_UNIT ( $, .STERADIAN. ) SOLID_ANGLE_UNIT ( ) );
#885 = EDGE_CURVE ( 'NONE', #3225, #2786, #1231, .T. ) ;
#886 = ORIENTED_EDGE ( 'NONE', *, *, #3930, .F. ) ;
#887 = FILL_AREA_STYLE_COLOUR ( '', #2088 ) ;
#888 =( GEOMETRIC_REPRESENTATION_CONTEXT ( 3 ) GLOBAL_UNCERTAINTY_ASSIGNED_CONTEXT ( ( #3122 ) ) GLOBAL_UNIT_ASSIGNED_CONTEXT ( ( #3760, #4464, #2421 ) ) REPRESENTATION_CONTEXT ( 'NONE', 'WORKASPACE' ) );
#889 = FILL_AREA_STYLE ('',( #4114 ) ) ;
#890 = AXIS2_PLACEMENT_3D ( 'NONE', #2478, #1738, #1013 ) ;
#891 = CARTESIAN_POINT ( 'NONE',  ( 3.852582322781696433, 1.753885027414822773, -3.407869719926277519 ) ) ;
#892 = COLOUR_RGB ( '',0.7686274509803920907, 0.7686274509803920907, 0.7686274509803920907 ) ;
#893 = VECTOR ( 'NONE', #804, 1000.000000000000000 ) ;
#894 = EDGE_LOOP ( 'NONE', ( #2535, #229, #1357, #112 ) ) ;
#895 = ORIENTED_EDGE ( 'NONE', *, *, #971, .F. ) ;
#896 = CARTESIAN_POINT ( 'NONE',  ( 2.646000000000010122, 1.777199999999999891, -0.9325870156079367757 ) ) ;
#897 = PRESENTATION_LAYER_ASSIGNMENT (  '', '', ( #3449 ) ) ;
#898 = LINE ( 'NONE', #2391, #4437 ) ;
#899 = EDGE_CURVE ( 'NONE', #4172, #2656, #4467, .T. ) ;
#900 = FACE_OUTER_BOUND ( 'NONE', #2835, .T. ) ;
#901 = CARTESIAN_POINT ( 'NONE',  ( 0.07279999999999960114, 0.07280000000000000360, -3.427200000000000024 ) ) ;
#902 = AXIS2_PLACEMENT_3D ( 'NONE', #4062, #3030, #1721 ) ;
#903 = DIRECTION ( 'NONE',  ( 0.05596501978067344035, 0.000000000000000000, -0.9984327301130251353 ) ) ;
#904 = ORIENTED_EDGE ( 'NONE', *, *, #4431, .F. ) ;
#905 = EDGE_CURVE ( 'NONE', #4671, #3471, #1160, .T. ) ;
#906 = CARTESIAN_POINT ( 'NONE',  ( 3.850000000000000089, 0.1455999999999999794, -0.07280000000000003135 ) ) ;
#907 = PRESENTATION_LAYER_ASSIGNMENT (  '', '', ( #164 ) ) ;
#908 = CARTESIAN_POINT ( 'NONE',  ( 0.9771999999999995135, 1.777199999999999891, 0.000000000000000000 ) ) ;
#909 = DIRECTION ( 'NONE',  ( -0.2755265765475048978, 0.000000000000000000, 0.9612934544747571142 ) ) ;
#910 = UNCERTAINTY_MEASURE_WITH_UNIT (LENGTH_MEASURE( 1.000000000000000082E-05 ), #2949, 'distance_accuracy_value', 'NONE');
#911 =( NAMED_UNIT ( * ) SI_UNIT ( $, .STERADIAN. ) SOLID_ANGLE_UNIT ( ) );
#912 = ORIENTED_EDGE ( 'NONE', *, *, #3231, .T. ) ;
#913 = ORIENTED_EDGE ( 'NONE', *, *, #4246, .T. ) ;
#914 =( NAMED_UNIT ( * ) SI_UNIT ( $, .STERADIAN. ) SOLID_ANGLE_UNIT ( ) );
#915 = CARTESIAN_POINT ( 'NONE',  ( 4.900000000000000355, 1.849999999999999867, 0.000000000000000000 ) ) ;
#916 = LINE ( 'NONE', #3109, #1648 ) ;
#917 = VERTEX_POINT ( 'NONE', #2773 ) ;
#918 = CARTESIAN_POINT ( 'NONE',  ( 3.853192632527818517, 0.09412262632961936049, -0.09412262632961937436 ) ) ;
#919 =( LENGTH_UNIT ( ) NAMED_UNIT ( * ) SI_UNIT ( .MILLI., .METRE. ) );
#920 =( NAMED_UNIT ( * ) PLANE_ANGLE_UNIT ( ) SI_UNIT ( $, .RADIAN. ) );
#921 =( NAMED_UNIT ( * ) SI_UNIT ( $, .STERADIAN. ) SOLID_ANGLE_UNIT ( ) );
#922 = ADVANCED_FACE ( 'NONE', ( #2798 ), #4201, .F. ) ;
#923 = FILL_AREA_STYLE_COLOUR ( '', #2043 ) ;
#924 = CARTESIAN_POINT ( 'NONE',  ( 2.185713901613333121, 1.782199999999999784, -2.030318652395434409 ) ) ;
#925 = EDGE_LOOP ( 'NONE', ( #620, #3362, #554 ) ) ;
#926 = DIRECTION ( 'NONE',  ( 0.9984327301130250243, 0.000000000000000000, 0.05596501978067344035 ) ) ;
#927 = CARTESIAN_POINT ( 'NONE',  ( 2.548108729707782238, 1.777199999999999891, -1.449742222008734815 ) ) ;
#928 = PLANE ( 'NONE',  #4438 ) ;
#929 = CARTESIAN_POINT ( 'NONE',  ( 2.325122522707465222, 1.782199999999999784, -2.549591398757555361 ) ) ;
#930 = ORIENTED_EDGE ( 'NONE', *, *, #1800, .T. ) ;
#931 =( GEOMETRIC_REPRESENTATION_CONTEXT ( 3 ) GLOBAL_UNCERTAINTY_ASSIGNED_CONTEXT ( ( #3306 ) ) GLOBAL_UNIT_ASSIGNED_CONTEXT ( ( #619, #1785, #1714 ) ) REPRESENTATION_CONTEXT ( 'NONE', 'WORKASPACE' ) );
#932 = CARTESIAN_POINT ( 'NONE',  ( 4.900000000000000355, 0.000000000000000000, -3.427200000000000024 ) ) ;
#933 = CARTESIAN_POINT ( 'NONE',  ( 1.048424327829678537, 0.08884408549451540404, -3.400598832835276308 ) ) ;
#934 = EDGE_CURVE ( 'NONE', #3944, #1097, #3815, .T. ) ;
#935 = VECTOR ( 'NONE', #3192, 1000.000000000000000 ) ;
#936 = CARTESIAN_POINT ( 'NONE',  ( 3.853192632527818517, 1.755877373670380548, -0.09412262632961940212 ) ) ;
#937 = CARTESIAN_POINT ( 'NONE',  ( 0.07279999999999960114, 1.849999999999999867, 0.000000000000000000 ) ) ;
#938 = CYLINDRICAL_SURFACE ( 'NONE', #2548, 0.07280000000000000360 ) ;
#939 = DIRECTION ( 'NONE',  ( -5.943634068010691238E-14, 0.000000000000000000, 1.000000000000000000 ) ) ;
#940 =( GEOMETRIC_REPRESENTATION_CONTEXT ( 3 ) GLOBAL_UNCERTAINTY_ASSIGNED_CONTEXT ( ( #1273 ) ) GLOBAL_UNIT_ASSIGNED_CONTEXT ( ( #2477, #4640, #314 ) ) REPRESENTATION_CONTEXT ( 'NONE', 'WORKASPACE' ) );
#941 = SURFACE_SIDE_STYLE ('',( #4141 ) ) ;
#942 = CARTESIAN_POINT ( 'NONE',  ( 2.646000000000010122, 1.777199999999999891, -2.028891821030526010 ) ) ;
#943 = VECTOR ( 'NONE', #3183, 1000.000000000000000 ) ;
#944 = ORIENTED_EDGE ( 'NONE', *, *, #2286, .T. ) ;
#945 = EDGE_CURVE ( 'NONE', #4341, #498, #4136, .T. ) ;
#946 = PRESENTATION_STYLE_ASSIGNMENT (( #3490 ) ) ;
#947 = AXIS2_PLACEMENT_3D ( 'NONE', #901, #1631, #3441 ) ;
#948 = COLOUR_RGB ( '',0.7686274509803920907, 0.7686274509803920907, 0.7686274509803920907 ) ;
#949 = LINE ( 'NONE', #166, #439 ) ;
#950 = UNCERTAINTY_MEASURE_WITH_UNIT (LENGTH_MEASURE( 1.000000000000000082E-05 ), #3118, 'distance_accuracy_value', 'NONE');
#951 = FILL_AREA_STYLE ('',( #2368 ) ) ;
#952 = VERTEX_POINT ( 'NONE', #3786 ) ;
#953 = CARTESIAN_POINT ( 'NONE',  ( 2.187919857998915862, 1.782199999999999784, -1.675837106146426336 ) ) ;
#954 = PLANE ( 'NONE',  #1311 ) ;
#955 =( GEOMETRIC_REPRESENTATION_CONTEXT ( 3 ) GLOBAL_UNCERTAINTY_ASSIGNED_CONTEXT ( ( #1615 ) ) GLOBAL_UNIT_ASSIGNED_CONTEXT ( ( #1196, #503, #1590 ) ) REPRESENTATION_CONTEXT ( 'NONE', 'WORKASPACE' ) );
#956 = LINE ( 'NONE', #4218, #1801 ) ;
#957 = ORIENTED_EDGE ( 'NONE', *, *, #4313, .F. ) ;
#958 = SURFACE_STYLE_FILL_AREA ( #1188 ) ;
#959 = VECTOR ( 'NONE', #3, 1000.000000000000000 ) ;
#960 = ADVANCED_FACE ( 'NONE', ( #4179 ), #4519, .T. ) ;
#961 = CARTESIAN_POINT ( 'NONE',  ( 2.131461455074789679, 1.782199999999999784, -2.238814386013834756 ) ) ;
#962 = MECHANICAL_DESIGN_GEOMETRIC_PRESENTATION_REPRESENTATION (  '', ( #656 ), #1109 ) ;
#963 = AXIS2_PLACEMENT_3D ( 'NONE', #2472, #3903, #1753 ) ;
#964 = LINE ( 'NONE', #1680, #4050 ) ;
#965 = LINE ( 'NONE', #630, #77 ) ;
#966 =( NAMED_UNIT ( * ) SI_UNIT ( $, .STERADIAN. ) SOLID_ANGLE_UNIT ( ) );
#967 = AXIS2_PLACEMENT_3D ( 'NONE', #2540, #2710, #547 ) ;
#968 = ORIENTED_EDGE ( 'NONE', *, *, #3957, .T. ) ;
#969 = EDGE_CURVE ( 'NONE', #2753, #2786, #2471, .T. ) ;
#970 = CARTESIAN_POINT ( 'NONE',  ( 3.851704486567831154, 0.08846103348493419838, -3.399510736034675684 ) ) ;
#971 = EDGE_CURVE ( 'NONE', #465, #2163, #3138, .T. ) ;
#972 = DIRECTION ( 'NONE',  ( 0.000000000000000000, 0.000000000000000000, -1.000000000000000000 ) ) ;
#973 = CARTESIAN_POINT ( 'NONE',  ( 0.9771999999999949615, 0.07280000000000000360, -3.427200000000000024 ) ) ;
#974 = PRESENTATION_STYLE_ASSIGNMENT (( #4622 ) ) ;
#975 =( LENGTH_UNIT ( ) NAMED_UNIT ( * ) SI_UNIT ( .MILLI., .METRE. ) );
#976 = VERTEX_POINT ( 'NONE', #3419 ) ;
#977 = VECTOR ( 'NONE', #1664, 1000.000000000000000 ) ;
#978 = ORIENTED_EDGE ( 'NONE', *, *, #533, .T. ) ;
#979 = CARTESIAN_POINT ( 'NONE',  ( 1.049944214848891999, 1.730704205023676723, -3.422706132417263625 ) ) ;
#980 = CARTESIAN_POINT ( 'NONE',  ( 3.850000000000000977, 0.07280000000000003135, -3.354400000000000048 ) ) ;
#981 = PLANE ( 'NONE',  #4596 ) ;
#982 = ORIENTED_EDGE ( 'NONE', *, *, #3810, .F. ) ;
#983 = LINE ( 'NONE', #2464, #4562 ) ;
#984 = DIRECTION ( 'NONE',  ( -0.000000000000000000, -1.000000000000000000, 0.000000000000000000 ) ) ;
#985 = DIRECTION ( 'NONE',  ( -1.000000000000000000, 0.000000000000000000, 0.000000000000000000 ) ) ;
#986 = DIRECTION ( 'NONE',  ( 0.000000000000000000, 0.000000000000000000, -1.000000000000000000 ) ) ;
#987 = FACE_OUTER_BOUND ( 'NONE', #5, .T. ) ;
#988 = EDGE_CURVE ( 'NONE', #162, #1072, #3896, .T. ) ;
#989 = CARTESIAN_POINT ( 'NONE',  ( 0.000000000000000000, 1.849999999999999867, -0.07280000000000000360 ) ) ;
#990 = ORIENTED_EDGE ( 'NONE', *, *, #510, .T. ) ;
#991 = FILL_AREA_STYLE ('',( #555 ) ) ;
#992 = FACE_OUTER_BOUND ( 'NONE', #2204, .T. ) ;
#993 = DIRECTION ( 'NONE',  ( 0.000000000000000000, 1.000000000000000000, 0.000000000000000000 ) ) ;
#994 =( LENGTH_UNIT ( ) NAMED_UNIT ( * ) SI_UNIT ( .MILLI., .METRE. ) );
#995 = DIRECTION ( 'NONE',  ( 0.9611638845408968512, 0.000000000000000000, 0.2759782365590691122 ) ) ;
#996 = CARTESIAN_POINT ( 'NONE',  ( 2.420225839607043739, 1.777199999999999891, -1.421762559585259877 ) ) ;
#997 = ORIENTED_EDGE ( 'NONE', *, *, #4319, .T. ) ;
#998 = LINE ( 'NONE', #2079, #36 ) ;
#999 = PRESENTATION_STYLE_ASSIGNMENT (( #4554 ) ) ;
#1000 = FILL_AREA_STYLE_COLOUR ( '', #2501 ) ;
#1001 = PRESENTATION_LAYER_ASSIGNMENT (  '', '', ( #2366 ) ) ;
#1002 = ORIENTED_EDGE ( 'NONE', *, *, #3974, .T. ) ;
#1003 = SURFACE_STYLE_FILL_AREA ( #2083 ) ;
#1004 = ADVANCED_FACE ( 'NONE', ( #2446 ), #938, .T. ) ;
#1005 = CARTESIAN_POINT ( 'NONE',  ( 2.229418434705821017, 1.782199999999999784, -2.356628101727054059 ) ) ;
#1006 = CARTESIAN_POINT ( 'NONE',  ( 4.827200000000001268, 1.777199999999999891, -3.500000000000000000 ) ) ;
#1007 =( LENGTH_UNIT ( ) NAMED_UNIT ( * ) SI_UNIT ( .MILLI., .METRE. ) );
#1008 = COLOUR_RGB ( '',0.7686274509803920907, 0.7686274509803920907, 0.7686274509803920907 ) ;
#1009 = EDGE_LOOP ( 'NONE', ( #4076, #2663, #760, #2301 ) ) ;
#1010 = SURFACE_STYLE_USAGE ( .BOTH. , #360 ) ;
#1011 = ORIENTED_EDGE ( 'NONE', *, *, #1364, .T. ) ;
#1012 = FILL_AREA_STYLE_COLOUR ( '', #2542 ) ;
#1013 = DIRECTION ( 'NONE',  ( 1.000000000000000000, 0.000000000000000000, 0.000000000000000000 ) ) ;
#1014 = CARTESIAN_POINT ( 'NONE',  ( 1.046807367472181616, 1.755877373670380326, -0.09412262632961930497 ) ) ;
#1015 = FILL_AREA_STYLE ('',( #3473 ) ) ;
#1016 = DIRECTION ( 'NONE',  ( 1.000000000000000000, -0.000000000000000000, -0.000000000000000000 ) ) ;
#1017 = PRESENTATION_LAYER_ASSIGNMENT (  '', '', ( #2252 ) ) ;
#1018 = LINE ( 'NONE', #4646, #4459 ) ;
#1019 = ORIENTED_EDGE ( 'NONE', *, *, #1271, .F. ) ;
#1020 = LINE ( 'NONE', #2488, #2688 ) ;
#1021 = MECHANICAL_DESIGN_GEOMETRIC_PRESENTATION_REPRESENTATION (  '', ( #1237 ), #1789 ) ;
#1022 = VECTOR ( 'NONE', #4650, 1000.000000000000000 ) ;
#1023 = FACE_OUTER_BOUND ( 'NONE', #3653, .T. ) ;
#1024 = LINE ( 'NONE', #1369, #304 ) ;
#1025 = AXIS2_PLACEMENT_3D ( 'NONE', #1130, #687, #407 ) ;
#1026 = CIRCLE ( 'NONE', #1793, 0.07280000000000000360 ) ;
#1027 = ORIENTED_EDGE ( 'NONE', *, *, #3112, .F. ) ;
#1028 = CARTESIAN_POINT ( 'NONE',  ( 1.049999999999999600, 1.777199999999999891, -0.1456000000000000627 ) ) ;
#1029 = CARTESIAN_POINT ( 'NONE',  ( 2.646000000000010122, 1.782199999999999784, -1.787331774155181074 ) ) ;
#1030 = AXIS2_PLACEMENT_3D ( 'NONE', #315, #1710, #2431 ) ;
#1031 = AXIS2_PLACEMENT_3D ( 'NONE', #2314, #3348, #2686 ) ;
#1032 = EDGE_CURVE ( 'NONE', #2625, #2018, #2424, .T. ) ;
#1033 = CIRCLE ( 'NONE', #4134, 0.07280000000000003135 ) ;
#1034 = PLANE ( 'NONE',  #3206 ) ;
#1035 = EDGE_CURVE ( 'NONE', #2786, #398, #3805, .T. ) ;
#1036 = DIRECTION ( 'NONE',  ( 0.7083077534944016707, 0.000000000000000000, 0.7059037656364455238 ) ) ;
#1037 = CIRCLE ( 'NONE', #4517, 0.07279999999999960114 ) ;
#1038 =( NAMED_UNIT ( * ) SI_UNIT ( $, .STERADIAN. ) SOLID_ANGLE_UNIT ( ) );
#1039 = EDGE_LOOP ( 'NONE', ( #3999, #3954, #2931, #1199, #4235, #4506, #2065, #4574, #1252, #1434, #3298, #1158, #3387, #4187, #4037, #904, #3540, #1830, #2954, #3861, #1568, #4360, #3684 ) ) ;
#1040 = LINE ( 'NONE', #4470, #1168 ) ;
#1041 = SURFACE_STYLE_USAGE ( .BOTH. , #2783 ) ;
#1042 = PRESENTATION_LAYER_ASSIGNMENT (  '', '', ( #3460 ) ) ;
#1043 = DIRECTION ( 'NONE',  ( -0.9610992334315860974, 0.000000000000000000, -0.2762033010252008536 ) ) ;
#1044 = UNCERTAINTY_MEASURE_WITH_UNIT (LENGTH_MEASURE( 1.000000000000000082E-05 ), #469, 'distance_accuracy_value', 'NONE');
#1045 = DIRECTION ( 'NONE',  ( 0.000000000000000000, 0.000000000000000000, 1.000000000000000000 ) ) ;
#1046 = EDGE_CURVE ( 'NONE', #4181, #2055, #196, .T. ) ;
#1047 = VERTEX_POINT ( 'NONE', #4543 ) ;
#1048 = DIRECTION ( 'NONE',  ( -0.9985542843760948362, 0.000000000000000000, -0.05375259206908063192 ) ) ;
#1049 =( GEOMETRIC_REPRESENTATION_CONTEXT ( 3 ) GLOBAL_UNCERTAINTY_ASSIGNED_CONTEXT ( ( #389 ) ) GLOBAL_UNIT_ASSIGNED_CONTEXT ( ( #2628, #94, #2995 ) ) REPRESENTATION_CONTEXT ( 'NONE', 'WORKASPACE' ) );
#1050 = LINE ( 'NONE', #2580, #1709 ) ;
#1051 = CARTESIAN_POINT ( 'NONE',  ( 1.048295513432168535, 1.749510736034675551, -0.08846103348493435103 ) ) ;
#1052 = DIRECTION ( 'NONE',  ( -1.000000000000000000, 0.000000000000000000, 0.000000000000000000 ) ) ;
#1053 = ORIENTED_EDGE ( 'NONE', *, *, #206, .F. ) ;
#1054 = FACE_OUTER_BOUND ( 'NONE', #841, .T. ) ;
#1055 = CARTESIAN_POINT ( 'NONE',  ( 3.851072090335043274, 0.08720015076910679619, -3.412799849230892857 ) ) ;
#1056 = DIRECTION ( 'NONE',  ( 1.000000000000000000, -0.000000000000000000, -0.000000000000000000 ) ) ;
#1057 = VECTOR ( 'NONE', #3860, 1000.000000000000000 ) ;
#1058 = CARTESIAN_POINT ( 'NONE',  ( 2.646000000000010122, 1.777199999999999891, -2.479564017292827049 ) ) ;
#1059 = DIRECTION ( 'NONE',  ( -0.000000000000000000, 1.000000000000000000, -0.000000000000000000 ) ) ;
#1060 = ORIENTED_EDGE ( 'NONE', *, *, #2837, .F. ) ;
#1061 = FACE_OUTER_BOUND ( 'NONE', #2570, .T. ) ;
#1062 = ADVANCED_FACE ( 'NONE', ( #1282 ), #325, .T. ) ;
#1063 = CARTESIAN_POINT ( 'NONE',  ( 3.922800000000000509, 0.000000000000000000, -0.07280000000000000360 ) ) ;
#1064 = SURFACE_STYLE_FILL_AREA ( #79 ) ;
#1065 = LINE ( 'NONE', #1761, #935 ) ;
#1066 = EDGE_LOOP ( 'NONE', ( #1596, #201, #1506, #723 ) ) ;
#1067 = DIRECTION ( 'NONE',  ( 1.000000000000000000, -0.000000000000000000, 0.000000000000000000 ) ) ;
#1068 =( NAMED_UNIT ( * ) PLANE_ANGLE_UNIT ( ) SI_UNIT ( $, .RADIAN. ) );
#1069 = EDGE_CURVE ( 'NONE', #808, #4097, #2606, .T. ) ;
#1070 = DIRECTION ( 'NONE',  ( 0.000000000000000000, 1.000000000000000000, 0.000000000000000000 ) ) ;
#1071 = CARTESIAN_POINT ( 'NONE',  ( 2.646000000000010122, 1.782199999999999784, -2.479564017292827049 ) ) ;
#1072 = VERTEX_POINT ( 'NONE', #1006 ) ;
#1073 = ORIENTED_EDGE ( 'NONE', *, *, #2979, .F. ) ;
#1074 = DIRECTION ( 'NONE',  ( 0.9610029908221285888, 0.000000000000000000, 0.2765379750249932211 ) ) ;
#1075 = EDGE_CURVE ( 'NONE', #1145, #3471, #1752, .T. ) ;
#1076 = FACE_OUTER_BOUND ( 'NONE', #823, .T. ) ;
#1077 = ORIENTED_EDGE ( 'NONE', *, *, #128, .T. ) ;
#1078 = DIRECTION ( 'NONE',  ( 0.000000000000000000, 0.000000000000000000, -1.000000000000000000 ) ) ;
#1079 = ORIENTED_EDGE ( 'NONE', *, *, #4284, .T. ) ;
#1080 = LINE ( 'NONE', #3614, #2047 ) ;
#1081 = EDGE_LOOP ( 'NONE', ( #21, #1876, #4258, #416 ) ) ;
#1082 = DIRECTION ( 'NONE',  ( 1.000000000000000000, 0.000000000000000000, 0.000000000000000000 ) ) ;
#1083 =( NAMED_UNIT ( * ) PLANE_ANGLE_UNIT ( ) SI_UNIT ( $, .RADIAN. ) );
#1084 =( NAMED_UNIT ( * ) PLANE_ANGLE_UNIT ( ) SI_UNIT ( $, .RADIAN. ) );
#1085 = EDGE_CURVE ( 'NONE', #2890, #4373, #3900, .T. ) ;
#1086 = VECTOR ( 'NONE', #859, 1000.000000000000000 ) ;
#1087 = ORIENTED_EDGE ( 'NONE', *, *, #1345, .F. ) ;
#1088 = CARTESIAN_POINT ( 'NONE',  ( 2.646000000000010122, 1.782199999999999784, -2.479564017292827049 ) ) ;
#1089 = SURFACE_STYLE_FILL_AREA ( #2865 ) ;
#1090 = ORIENTED_EDGE ( 'NONE', *, *, #2276, .F. ) ;
#1091 = STYLED_ITEM ( 'NONE', ( #502 ), #1694 ) ;
#1092 = EDGE_LOOP ( 'NONE', ( #4354, #4505, #4618 ) ) ;
#1093 = DIRECTION ( 'NONE',  ( 0.9615323037684311291, 0.000000000000000000, 0.2746918797667187162 ) ) ;
#1094 = AXIS2_PLACEMENT_3D ( 'NONE', #3894, #279, #1725 ) ;
#1095 = PLANE ( 'NONE',  #2109 ) ;
#1096 = ADVANCED_FACE ( 'NONE', ( #98 ), #4245, .F. ) ;
#1097 = VERTEX_POINT ( 'NONE', #3680 ) ;
#1098 = MECHANICAL_DESIGN_GEOMETRIC_PRESENTATION_REPRESENTATION (  '', ( #3069 ), #1956 ) ;
#1099 = COLOUR_RGB ( '',0.7686274509803920907, 0.7686274509803920907, 0.7686274509803920907 ) ;
#1100 = DIRECTION ( 'NONE',  ( -3.723221746172768904E-16, -0.000000000000000000, -1.000000000000000000 ) ) ;
#1101 = VERTEX_POINT ( 'NONE', #2089 ) ;
#1102 = CARTESIAN_POINT ( 'NONE',  ( 3.850000000000000977, 0.08003998391415564906, -0.08003998391415566294 ) ) ;
#1103 = VECTOR ( 'NONE', #829, 1000.000000000000000 ) ;
#1104 = ORIENTED_EDGE ( 'NONE', *, *, #4569, .T. ) ;
#1105 = CARTESIAN_POINT ( 'NONE',  ( 2.229401225116402596, 1.782199999999999784, -1.490363109686198895 ) ) ;
#1106 = VECTOR ( 'NONE', #2839, 1000.000000000000000 ) ;
#1107 = SURFACE_SIDE_STYLE ('',( #1460 ) ) ;
#1108 = FILL_AREA_STYLE ('',( #1884 ) ) ;
#1109 =( GEOMETRIC_REPRESENTATION_CONTEXT ( 3 ) GLOBAL_UNCERTAINTY_ASSIGNED_CONTEXT ( ( #4503 ) ) GLOBAL_UNIT_ASSIGNED_CONTEXT ( ( #4331, #3285, #2601 ) ) REPRESENTATION_CONTEXT ( 'NONE', 'WORKASPACE' ) );
#1110 = ORIENTED_EDGE ( 'NONE', *, *, #867, .F. ) ;
#1111 = CARTESIAN_POINT ( 'NONE',  ( 2.499054402578549272, 1.782199999999999784, -1.768838267633026984 ) ) ;
#1112 = CARTESIAN_POINT ( 'NONE',  ( 2.646000000000010122, 1.782199999999999784, -2.776044555654648693 ) ) ;
#1113 = AXIS2_PLACEMENT_3D ( 'NONE', #180, #4164, #3808 ) ;
#1114 = CARTESIAN_POINT ( 'NONE',  ( 2.420225839607043739, 1.782199999999999784, -1.200947889792602474 ) ) ;
#1115 = ORIENTED_EDGE ( 'NONE', *, *, #2005, .T. ) ;
#1116 = VECTOR ( 'NONE', #1059, 1000.000000000000000 ) ;
#1117 = ORIENTED_EDGE ( 'NONE', *, *, #2739, .T. ) ;
#1118 = DIRECTION ( 'NONE',  ( 1.000000000000000000, -0.000000000000000000, 0.000000000000000000 ) ) ;
#1119 = SURFACE_SIDE_STYLE ('',( #4270 ) ) ;
#1120 = SURFACE_SIDE_STYLE ('',( #2607 ) ) ;
#1121 = ORIENTED_EDGE ( 'NONE', *, *, #462, .T. ) ;
#1122 = VECTOR ( 'NONE', #3740, 1000.000000000000227 ) ;
#1123 = CARTESIAN_POINT ( 'NONE',  ( 1.049999999999999822, 0.1455999999999999794, -0.07280000000000003135 ) ) ;
#1124 = ADVANCED_FACE ( 'NONE', ( #4635 ), #1034, .F. ) ;
#1125 = EDGE_CURVE ( 'NONE', #2219, #2095, #1314, .T. ) ;
#1126 = ORIENTED_EDGE ( 'NONE', *, *, #2544, .T. ) ;
#1127 = CARTESIAN_POINT ( 'NONE',  ( 2.548089955612195201, 1.782199999999999784, -2.507346551699583870 ) ) ;
#1128 = ORIENTED_EDGE ( 'NONE', *, *, #413, .T. ) ;
#1129 = DIRECTION ( 'NONE',  ( 1.000000000000000000, -0.000000000000000000, -0.000000000000000000 ) ) ;
#1130 = CARTESIAN_POINT ( 'NONE',  ( 0.9771999999999995135, 1.777199999999999891, -3.500000000000000000 ) ) ;
#1131 = DIRECTION ( 'NONE',  ( 0.000000000000000000, 0.000000000000000000, 1.000000000000000000 ) ) ;
#1132 = UNCERTAINTY_MEASURE_WITH_UNIT (LENGTH_MEASURE( 1.000000000000000082E-05 ), #975, 'distance_accuracy_value', 'NONE');
#1133 = VERTEX_POINT ( 'NONE', #3799 ) ;
#1134 = DIRECTION ( 'NONE',  ( 0.000000000000000000, 0.000000000000000000, -1.000000000000000000 ) ) ;
#1135 = CARTESIAN_POINT ( 'NONE',  ( 2.548108729707782238, 1.777199999999999891, -1.449742222008734815 ) ) ;
#1136 = EDGE_LOOP ( 'NONE', ( #613, #854, #3487 ) ) ;
#1137 = ORIENTED_EDGE ( 'NONE', *, *, #2134, .F. ) ;
#1138 = LINE ( 'NONE', #1894, #4251 ) ;
#1139 = SURFACE_SIDE_STYLE ('',( #679 ) ) ;
#1140 = SPHERICAL_SURFACE ( 'NONE', #2863, 0.07280000000000000360 ) ;
#1141 = EDGE_CURVE ( 'NONE', #3039, #3273, #3338, .T. ) ;
#1142 = ORIENTED_EDGE ( 'NONE', *, *, #2999, .F. ) ;
#1143 = CARTESIAN_POINT ( 'NONE',  ( 3.850000000000000977, 0.07280000000000003135, -3.427200000000000024 ) ) ;
#1144 = DIRECTION ( 'NONE',  ( -0.9615323037684311291, 0.000000000000000000, -0.2746918797667187162 ) ) ;
#1145 = VERTEX_POINT ( 'NONE', #4078 ) ;
#1146 = FILL_AREA_STYLE ('',( #427 ) ) ;
#1147 = ORIENTED_EDGE ( 'NONE', *, *, #1409, .F. ) ;
#1148 = FACE_OUTER_BOUND ( 'NONE', #2242, .T. ) ;
#1149 = CARTESIAN_POINT ( 'NONE',  ( 2.646000000000010122, 1.782199999999999784, -1.544308912229137354 ) ) ;
#1150 = DIRECTION ( 'NONE',  ( -0.000000000000000000, -1.000000000000000000, 0.000000000000000000 ) ) ;
#1151 =( NAMED_UNIT ( * ) SI_UNIT ( $, .STERADIAN. ) SOLID_ANGLE_UNIT ( ) );
#1152 = ORIENTED_EDGE ( 'NONE', *, *, #969, .T. ) ;
#1153 = FACE_OUTER_BOUND ( 'NONE', #1519, .T. ) ;
#1154 = CARTESIAN_POINT ( 'NONE',  ( 3.922800000000000509, 1.849999999999999867, -0.07280000000000003135 ) ) ;
#1155 = LINE ( 'NONE', #1521, #4363 ) ;
#1156 = MECHANICAL_DESIGN_GEOMETRIC_PRESENTATION_REPRESENTATION (  '', ( #1625 ), #3058 ) ;
#1157 = CARTESIAN_POINT ( 'NONE',  ( 3.850055785151108356, 0.07729386758273598668, -0.1192957949763252257 ) ) ;
#1158 = ORIENTED_EDGE ( 'NONE', *, *, #301, .F. ) ;
#1159 = EDGE_LOOP ( 'NONE', ( #3289, #3261, #4444, #3335 ) ) ;
#1160 = CIRCLE ( 'NONE', #3888, 0.07280000000000003135 ) ;
#1161 = ORIENTED_EDGE ( 'NONE', *, *, #1069, .F. ) ;
#1162 = B_SPLINE_CURVE_WITH_KNOTS ( 'NONE', 3,
 ( #1577, #3753, #468, #3125, #3525, #4216, #2830, #3477, #1348, #2813 ),
 .UNSPECIFIED., .F., .F.,
 ( 4, 3, 3, 4 ),
 ( 5.587850095852340640E-20, 2.422644186407667434E-05, 4.850291313082814350E-05, 5.704030738691150690E-05 ),
 .UNSPECIFIED. ) ;
#1163 = EDGE_LOOP ( 'NONE', ( #2557, #181, #2915, #409 ) ) ;
#1164 = CARTESIAN_POINT ( 'NONE',  ( 2.131461455074789679, 1.782199999999999784, -1.788625948747415650 ) ) ;
#1165 = SURFACE_SIDE_STYLE ('',( #4442 ) ) ;
#1166 = EDGE_LOOP ( 'NONE', ( #3144, #2342, #2896, #2217 ) ) ;
#1167 = LINE ( 'NONE', #4489, #2279 ) ;
#1168 = VECTOR ( 'NONE', #1908, 1000.000000000000000 ) ;
#1169 = VERTEX_POINT ( 'NONE', #1549 ) ;
#1170 = PRESENTATION_STYLE_ASSIGNMENT (( #4065 ) ) ;
#1171 = PRESENTATION_STYLE_ASSIGNMENT (( #1608 ) ) ;
#1172 = DIRECTION ( 'NONE',  ( 1.000000000000000000, 0.000000000000000000, 0.000000000000000000 ) ) ;
#1173 = AXIS2_PLACEMENT_3D ( 'NONE', #2050, #3485, #3468 ) ;
#1174 = VERTEX_POINT ( 'NONE', #1943 ) ;
#1175 = VECTOR ( 'NONE', #4511, 1000.000000000000114 ) ;
#1176 = SPHERICAL_SURFACE ( 'NONE', #3055, 0.07280000000000000360 ) ;
#1177 = DIRECTION ( 'NONE',  ( 0.000000000000000000, 0.000000000000000000, 1.000000000000000000 ) ) ;
#1178 = CIRCLE ( 'NONE', #3607, 0.07280000000000000360 ) ;
#1179 =( LENGTH_UNIT ( ) NAMED_UNIT ( * ) SI_UNIT ( .MILLI., .METRE. ) );
#1180 = ORIENTED_EDGE ( 'NONE', *, *, #2025, .F. ) ;
#1181 = ORIENTED_EDGE ( 'NONE', *, *, #2957, .F. ) ;
#1182 = DIRECTION ( 'NONE',  ( -0.000000000000000000, -1.000000000000000000, 0.000000000000000000 ) ) ;
#1183 = AXIS2_PLACEMENT_3D ( 'NONE', #2524, #3952, #3121 ) ;
#1184 = CARTESIAN_POINT ( 'NONE',  ( 3.849998199799375076, 1.712009803912833084, -0.07309921352172961406 ) ) ;
#1185 = CARTESIAN_POINT ( 'NONE',  ( 1.049999999999999822, 1.704399999999999693, -3.354400000000000048 ) ) ;
#1186 = ADVANCED_FACE ( 'NONE', ( #149 ), #4458, .T. ) ;
#1187 = VECTOR ( 'NONE', #4518, 1000.000000000000114 ) ;
#1188 = FILL_AREA_STYLE ('',( #4439 ) ) ;
#1189 = VECTOR ( 'NONE', #3429, 1000.000000000000114 ) ;
#1190 = CARTESIAN_POINT ( 'NONE',  ( 2.131461455074789679, 1.782199999999999784, -1.518180063271352687 ) ) ;
#1191 = SURFACE_STYLE_USAGE ( .BOTH. , #1165 ) ;
#1192 = CARTESIAN_POINT ( 'NONE',  ( 2.420225839608120211, 1.777199999999999891, -2.522422151516349853 ) ) ;
#1193 = VERTEX_POINT ( 'NONE', #825 ) ;
#1194 = CARTESIAN_POINT ( 'NONE',  ( 2.646000000000010122, 1.782199999999999784, -0.5838112303105352785 ) ) ;
#1195 = DIRECTION ( 'NONE',  ( 0.000000000000000000, 0.000000000000000000, 1.000000000000000000 ) ) ;
#1196 =( LENGTH_UNIT ( ) NAMED_UNIT ( * ) SI_UNIT ( .MILLI., .METRE. ) );
#1197 = DIRECTION ( 'NONE',  ( 0.000000000000000000, -1.000000000000000000, 0.000000000000000000 ) ) ;
#1198 = SURFACE_STYLE_USAGE ( .BOTH. , #2690 ) ;
#1199 = ORIENTED_EDGE ( 'NONE', *, *, #3974, .F. ) ;
#1200 = EDGE_CURVE ( 'NONE', #3605, #3265, #2677, .T. ) ;
#1201 = PRESENTATION_STYLE_ASSIGNMENT (( #1967 ) ) ;
#1202 = DIRECTION ( 'NONE',  ( -0.9601763114327565019, 0.000000000000000000, -0.2793947940878394043 ) ) ;
#1203 = CYLINDRICAL_SURFACE ( 'NONE', #4056, 0.07280000000000000360 ) ;
#1204 = LINE ( 'NONE', #2322, #1504 ) ;
#1205 = ORIENTED_EDGE ( 'NONE', *, *, #3264, .T. ) ;
#1206 = ORIENTED_EDGE ( 'NONE', *, *, #3042, .T. ) ;
#1207 = ADVANCED_FACE ( 'NONE', ( #2285 ), #1227, .T. ) ;
#1208 = CARTESIAN_POINT ( 'NONE',  ( 2.131461455074789679, 1.782199999999999784, -2.238814386013834756 ) ) ;
#1209 =( NAMED_UNIT ( * ) SI_UNIT ( $, .STERADIAN. ) SOLID_ANGLE_UNIT ( ) );
#1210 = ORIENTED_EDGE ( 'NONE', *, *, #1566, .F. ) ;
#1211 = CARTESIAN_POINT ( 'NONE',  ( 3.850000000000000089, 1.704399999999999471, -0.07280000000000003135 ) ) ;
#1212 = DIRECTION ( 'NONE',  ( 1.000000000000000000, -0.000000000000000000, -0.000000000000000000 ) ) ;
#1213 = DIRECTION ( 'NONE',  ( -1.000000000000000000, 0.000000000000000000, 0.000000000000000000 ) ) ;
#1214 = VERTEX_POINT ( 'NONE', #4577 ) ;
#1215 = CARTESIAN_POINT ( 'NONE',  ( 1.049999999999994937, 0.07280000000000000360, 0.000000000000000000 ) ) ;
#1216 = CARTESIAN_POINT ( 'NONE',  ( 2.131461455074789679, 1.782199999999999784, -1.518180063271352687 ) ) ;
#1217 = SURFACE_STYLE_FILL_AREA ( #2752 ) ;
#1218 = ORIENTED_EDGE ( 'NONE', *, *, #1032, .T. ) ;
#1219 = DIRECTION ( 'NONE',  ( 1.000000000000000000, 0.000000000000000000, 0.000000000000000000 ) ) ;
#1220 = CARTESIAN_POINT ( 'NONE',  ( 0.9772000000000000686, 1.777199999999999891, -3.427200000000000024 ) ) ;
#1221 = EDGE_CURVE ( 'NONE', #1449, #465, #3526, .T. ) ;
#1222 = CARTESIAN_POINT ( 'NONE',  ( 1.047417677218299037, 0.09611497258517655295, -3.407869719926277075 ) ) ;
#1223 = UNCERTAINTY_MEASURE_WITH_UNIT (LENGTH_MEASURE( 1.000000000000000082E-05 ), #376, 'distance_accuracy_value', 'NONE');
#1224 = EDGE_LOOP ( 'NONE', ( #417, #3961, #3717 ) ) ;
#1225 = VERTEX_POINT ( 'NONE', #586 ) ;
#1226 = DIRECTION ( 'NONE',  ( -1.000000000000000000, 0.000000000000000000, 0.000000000000000000 ) ) ;
#1227 = CYLINDRICAL_SURFACE ( 'NONE', #726, 0.07280000000000003135 ) ;
#1228 = PLANE ( 'NONE',  #428 ) ;
#1229 = VECTOR ( 'NONE', #2107, 1000.000000000000000 ) ;
#1230 = CARTESIAN_POINT ( 'NONE',  ( 1.049999999999999600, 0.07280000000000003135, -3.354400000000000048 ) ) ;
#1231 = CIRCLE ( 'NONE', #3582, 0.07279999999999960114 ) ;
#1232 = ORIENTED_EDGE ( 'NONE', *, *, #3878, .T. ) ;
#1233 =( LENGTH_UNIT ( ) NAMED_UNIT ( * ) SI_UNIT ( .MILLI., .METRE. ) );
#1234 = VECTOR ( 'NONE', #4017, 1000.000000000000000 ) ;
#1235 = ADVANCED_FACE ( 'NONE', ( #2489 ), #954, .F. ) ;
#1236 = SPHERICAL_SURFACE ( 'NONE', #751, 0.07280000000000000360 ) ;
#1237 = STYLED_ITEM ( 'NONE', ( #1261 ), #2216 ) ;
#1238 = COLOUR_RGB ( '',0.7686274509803920907, 0.7686274509803920907, 0.7686274509803920907 ) ;
#1239 =( LENGTH_UNIT ( ) NAMED_UNIT ( * ) SI_UNIT ( .MILLI., .METRE. ) );
#1240 = CARTESIAN_POINT ( 'NONE',  ( 1.047905612443426282, 1.759768954912125594, -3.401752699757766507 ) ) ;
#1241 = FACE_OUTER_BOUND ( 'NONE', #369, .T. ) ;
#1242 = CIRCLE ( 'NONE', #2633, 0.07279999999999960114 ) ;
#1243 = VERTEX_POINT ( 'NONE', #1391 ) ;
#1244 = FILL_AREA_STYLE ('',( #1986 ) ) ;
#1245 = VECTOR ( 'NONE', #3111, 1000.000000000000000 ) ;
#1246 =( NAMED_UNIT ( * ) PLANE_ANGLE_UNIT ( ) SI_UNIT ( $, .RADIAN. ) );
#1247 = STYLED_ITEM ( 'NONE', ( #946 ), #1600 ) ;
#1248 = DIRECTION ( 'NONE',  ( -0.9620200793798762140, 0.000000000000000000, -0.2729786930695083935 ) ) ;
#1249 = FACE_OUTER_BOUND ( 'NONE', #3875, .T. ) ;
#1250 = MECHANICAL_DESIGN_GEOMETRIC_PRESENTATION_REPRESENTATION (  '', ( #3222 ), #2785 ) ;
#1251 = ORIENTED_EDGE ( 'NONE', *, *, #1885, .F. ) ;
#1252 = ORIENTED_EDGE ( 'NONE', *, *, #1496, .F. ) ;
#1253 = PRODUCT_RELATED_PRODUCT_CATEGORY ( 'part', '', ( #3332 ) ) ;
#1254 = CARTESIAN_POINT ( 'NONE',  ( 3.850020027576706028, 1.723281067532072219, -0.07488021534255277778 ) ) ;
#1255 = CARTESIAN_POINT ( 'NONE',  ( 3.922800000000000509, 0.07280000000000000360, -0.07280000000000000360 ) ) ;
#1256 = VECTOR ( 'NONE', #4530, 1000.000000000000000 ) ;
#1257 = DIRECTION ( 'NONE',  ( 2.978577396938198557E-15, 1.000000000000000000, -0.000000000000000000 ) ) ;
#1258 = VECTOR ( 'NONE', #1285, 1000.000000000000000 ) ;
#1259 = CYLINDRICAL_SURFACE ( 'NONE', #3342, 0.07280000000000003135 ) ;
#1260 = ADVANCED_FACE ( 'NONE', ( #1349 ), #605, .T. ) ;
#1261 = PRESENTATION_STYLE_ASSIGNMENT (( #4132 ) ) ;
#1262 = MECHANICAL_DESIGN_GEOMETRIC_PRESENTATION_REPRESENTATION (  '', ( #157 ), #2796 ) ;
#1263 = CARTESIAN_POINT ( 'NONE',  ( 3.851704486567831154, 0.1004892639653242603, -0.08846103348493426777 ) ) ;
#1264 =( NAMED_UNIT ( * ) SI_UNIT ( $, .STERADIAN. ) SOLID_ANGLE_UNIT ( ) );
#1265 = AXIS2_PLACEMENT_3D ( 'NONE', #2426, #3185, #3165 ) ;
#1266 = CARTESIAN_POINT ( 'NONE',  ( 3.850000000000000533, 0.07280000000000000360, 0.000000000000000000 ) ) ;
#1267 = DIRECTION ( 'NONE',  ( -0.9617234872620624708, 0.000000000000000000, -0.2740217765953969487 ) ) ;
#1268 = ORIENTED_EDGE ( 'NONE', *, *, #446, .T. ) ;
#1269 = FACE_OUTER_BOUND ( 'NONE', #3316, .T. ) ;
#1270 = CARTESIAN_POINT ( 'NONE',  ( 0.07279999999999960114, 1.777199999999999891, 0.000000000000000000 ) ) ;
#1271 = EDGE_CURVE ( 'NONE', #4546, #917, #320, .T. ) ;
#1272 =( BOUNDED_CURVE ( )  B_SPLINE_CURVE ( 3, ( #2565, #1803, #326, #3901 ),
 .UNSPECIFIED., .F., .F. ) 
 B_SPLINE_CURVE_WITH_KNOTS ( ( 4, 4 ),
 ( 1.570796326794898112, 1.868047688116105443 ),
 .UNSPECIFIED. ) 
 CURVE ( )  GEOMETRIC_REPRESENTATION_ITEM ( )  RATIONAL_B_SPLINE_CURVE ( ( 1.000000000000000000, 0.9926503465430338569, 0.9926503465430338569, 1.000000000000000000 ) ) 
 REPRESENTATION_ITEM ( '' )  );
#1273 = UNCERTAINTY_MEASURE_WITH_UNIT (LENGTH_MEASURE( 1.000000000000000082E-05 ), #2477, 'distance_accuracy_value', 'NONE');
#1274 = SURFACE_SIDE_STYLE ('',( #4531 ) ) ;
#1275 = ORIENTED_EDGE ( 'NONE', *, *, #2683, .T. ) ;
#1276 = EDGE_LOOP ( 'NONE', ( #2655, #3320, #3722, #4616 ) ) ;
#1277 = CARTESIAN_POINT ( 'NONE',  ( 2.229401225116402596, 1.782199999999999784, -1.255934090619534649 ) ) ;
#1278 = PRESENTATION_STYLE_ASSIGNMENT (( #4536 ) ) ;
#1279 = DIRECTION ( 'NONE',  ( 0.000000000000000000, 0.000000000000000000, 1.000000000000000000 ) ) ;
#1280 = DIRECTION ( 'NONE',  ( 0.000000000000000000, 1.000000000000000000, -0.000000000000000000 ) ) ;
#1281 = ADVANCED_FACE ( 'NONE', ( #3461 ), #3108, .F. ) ;
#1282 = FACE_OUTER_BOUND ( 'NONE', #847, .T. ) ;
#1283 = EDGE_CURVE ( 'NONE', #2163, #2114, #4507, .T. ) ;
#1284 = CARTESIAN_POINT ( 'NONE',  ( 2.646000000000010122, 1.782199999999999784, -1.650160399609248874 ) ) ;
#1285 = DIRECTION ( 'NONE',  ( 0.9610992334315860974, 0.000000000000000000, 0.2762033010252007981 ) ) ;
#1286 = EDGE_LOOP ( 'NONE', ( #1802, #2738, #1053, #1115 ) ) ;
#1287 = SURFACE_SIDE_STYLE ('',( #4547 ) ) ;
#1288 = DIRECTION ( 'NONE',  ( -1.000000000000000000, 0.000000000000000000, 0.000000000000000000 ) ) ;
#1289 = CARTESIAN_POINT ( 'NONE',  ( 3.850258766749323769, 1.735923731670116155, -3.420516760541457035 ) ) ;
#1290 = ORIENTED_EDGE ( 'NONE', *, *, #969, .F. ) ;
#1291 = DIRECTION ( 'NONE',  ( -0.000000000000000000, -0.000000000000000000, -1.000000000000000000 ) ) ;
#1292 =( BOUNDED_CURVE ( )  B_SPLINE_CURVE ( 3, ( #3064, #293, #4509, #1014 ),
 .UNSPECIFIED., .F., .T. ) 
 B_SPLINE_CURVE_WITH_KNOTS ( ( 4, 4 ),
 ( 4.712388980384687009, 5.009640341705895672 ),
 .UNSPECIFIED. ) 
 CURVE ( )  GEOMETRIC_REPRESENTATION_ITEM ( )  RATIONAL_B_SPLINE_CURVE ( ( 1.000000000000000000, 0.9926503465430337458, 0.9926503465430337458, 1.000000000000000000 ) ) 
 REPRESENTATION_ITEM ( '' )  );
#1293 = DIRECTION ( 'NONE',  ( -0.7083077534944015596, 0.000000000000000000, -0.7059037656364456348 ) ) ;
#1294 = CARTESIAN_POINT ( 'NONE',  ( 1.049564823986081308, 0.08074809722277788426, -3.387476739654532665 ) ) ;
#1295 = AXIS2_PLACEMENT_3D ( 'NONE', #3466, #3201, #2442 ) ;
#1296 = EDGE_CURVE ( 'NONE', #1546, #4129, #3956, .T. ) ;
#1297 = ORIENTED_EDGE ( 'NONE', *, *, #1364, .F. ) ;
#1298 = PRESENTATION_LAYER_ASSIGNMENT (  '', '', ( #3495 ) ) ;
#1299 = STYLED_ITEM ( 'NONE', ( #319 ), #449 ) ;
#1300 = B_SPLINE_CURVE_WITH_KNOTS ( 'NONE', 3,
 ( #770, #67, #1468, #4024, #1968, #3747, #3814, #2407, #1222, #3104 ),
 .UNSPECIFIED., .F., .F.,
 ( 4, 3, 3, 4 ),
 ( 5.421010862427522170E-20, 2.422644186407645750E-05, 4.850291313082782501E-05, 5.704030738691118164E-05 ),
 .UNSPECIFIED. ) ;
#1301 =( NAMED_UNIT ( * ) SI_UNIT ( $, .STERADIAN. ) SOLID_ANGLE_UNIT ( ) );
#1302 = EDGE_CURVE ( 'NONE', #1693, #4320, #137, .T. ) ;
#1303 = CARTESIAN_POINT ( 'NONE',  ( 2.646000000000010122, 1.782199999999999784, -2.028891821030526010 ) ) ;
#1304 = VECTOR ( 'NONE', #4303, 1000.000000000000000 ) ;
#1305 = CARTESIAN_POINT ( 'NONE',  ( 3.849998199799375076, 1.776900786478270211, -3.362009803912833217 ) ) ;
#1306 = AXIS2_PLACEMENT_3D ( 'NONE', #197, #4163, #2398 ) ;
#1307 = STYLED_ITEM ( 'NONE', ( #2351 ), #1124 ) ;
#1308 = ORIENTED_EDGE ( 'NONE', *, *, #3738, .T. ) ;
#1309 = DIRECTION ( 'NONE',  ( -1.000000000000000000, 0.000000000000000000, 0.000000000000000000 ) ) ;
#1310 =( GEOMETRIC_REPRESENTATION_CONTEXT ( 3 ) GLOBAL_UNCERTAINTY_ASSIGNED_CONTEXT ( ( #3407 ) ) GLOBAL_UNIT_ASSIGNED_CONTEXT ( ( #3181, #1826, #4339 ) ) REPRESENTATION_CONTEXT ( 'NONE', 'WORKASPACE' ) );
#1311 = AXIS2_PLACEMENT_3D ( 'NONE', #2437, #3863, #623 ) ;
#1312 = FILL_AREA_STYLE ('',( #2854 ) ) ;
#1313 = CARTESIAN_POINT ( 'NONE',  ( 2.646000000000010122, 1.777199999999999891, -1.544308912229137354 ) ) ;
#1314 = B_SPLINE_CURVE_WITH_KNOTS ( 'NONE', 3,
 ( #214, #3724, #2372, #4124, #492, #1254, #4435, #1184, #3704, #2014 ),
 .UNSPECIFIED., .F., .F.,
 ( 4, 3, 3, 4 ),
 ( 0.000000000000000000, 2.291429526389507793E-05, 4.570773099061646832E-05, 5.697602054444640462E-05 ),
 .UNSPECIFIED. ) ;
#1315 = UNCERTAINTY_MEASURE_WITH_UNIT (LENGTH_MEASURE( 1.000000000000000082E-05 ), #4318, 'distance_accuracy_value', 'NONE');
#1316 = PRESENTATION_STYLE_ASSIGNMENT (( #4572 ) ) ;
#1317 = ORIENTED_EDGE ( 'NONE', *, *, #1221, .F. ) ;
#1318 = COLOUR_RGB ( '',0.7686274509803920907, 0.7686274509803920907, 0.7686274509803920907 ) ;
#1319 = COLOUR_RGB ( '',0.6470588235294117974, 0.5176470588235293491, 0.000000000000000000 ) ;
#1320 = CARTESIAN_POINT ( 'NONE',  ( 1.049564823986086415, 1.737476739654534974, -3.419251902777221019 ) ) ;
#1321 =( NAMED_UNIT ( * ) SI_UNIT ( $, .STERADIAN. ) SOLID_ANGLE_UNIT ( ) );
#1322 = STYLED_ITEM ( 'NONE', ( #4253 ), #2803 ) ;
#1323 = PLANE ( 'NONE',  #2267 ) ;
#1324 = ORIENTED_EDGE ( 'NONE', *, *, #2834, .F. ) ;
#1325 = DIRECTION ( 'NONE',  ( -0.9612861490927336883, 0.000000000000000000, -0.2755520632520512270 ) ) ;
#1326 = COLOUR_RGB ( '',0.7686274509803920907, 0.7686274509803920907, 0.7686274509803920907 ) ;
#1327 = DIRECTION ( 'NONE',  ( -0.9610876102172832836, 0.000000000000000000, -0.2762437428917280391 ) ) ;
#1328 = ADVANCED_FACE ( 'NONE', ( #4023 ), #2553, .F. ) ;
#1329 = SURFACE_STYLE_USAGE ( .BOTH. , #2068 ) ;
#1330 =( GEOMETRIC_REPRESENTATION_CONTEXT ( 3 ) GLOBAL_UNCERTAINTY_ASSIGNED_CONTEXT ( ( #1969 ) ) GLOBAL_UNIT_ASSIGNED_CONTEXT ( ( #3474, #4168, #3774 ) ) REPRESENTATION_CONTEXT ( 'NONE', 'WORKASPACE' ) );
#1331 = CARTESIAN_POINT ( 'NONE',  ( 4.827200000000001268, 1.777199999999999891, -3.427200000000000024 ) ) ;
#1332 = STYLED_ITEM ( 'NONE', ( #974 ), #3642 ) ;
#1333 = CARTESIAN_POINT ( 'NONE',  ( 2.131461455074789679, 1.782199999999999784, -1.569502186183909798 ) ) ;
#1334 = CARTESIAN_POINT ( 'NONE',  ( 2.131461455074789679, 1.782199999999999784, -1.788625948747415650 ) ) ;
#1335 = DIRECTION ( 'NONE',  ( 1.000000000000000000, 0.000000000000000000, 0.000000000000000000 ) ) ;
#1336 = AXIS2_PLACEMENT_3D ( 'NONE', #289, #4617, #1358 ) ;
#1337 = EDGE_CURVE ( 'NONE', #2625, #4215, #3244, .T. ) ;
#1338 = ORIENTED_EDGE ( 'NONE', *, *, #2717, .T. ) ;
#1339 = DIRECTION ( 'NONE',  ( 0.000000000000000000, 0.000000000000000000, -1.000000000000000000 ) ) ;
#1340 = LINE ( 'NONE', #4167, #4660 ) ;
#1341 = DIRECTION ( 'NONE',  ( -0.000000000000000000, -1.000000000000000000, 0.000000000000000000 ) ) ;
#1342 = MECHANICAL_DESIGN_GEOMETRIC_PRESENTATION_REPRESENTATION (  '', ( #2876 ), #1817 ) ;
#1343 = PLANE ( 'NONE',  #2496 ) ;
#1344 = SURFACE_SIDE_STYLE ('',( #3599 ) ) ;
#1345 = EDGE_CURVE ( 'NONE', #2011, #2232, #1861, .T. ) ;
#1346 = VERTEX_POINT ( 'NONE', #1790 ) ;
#1347 = PRODUCT_DEFINITION_FORMATION_WITH_SPECIFIED_SOURCE ( 'ANY', '', #3332, .NOT_KNOWN. ) ;
#1348 = CARTESIAN_POINT ( 'NONE',  ( 1.047417677218298593, 0.09213028007372300876, -0.09611497258517646969 ) ) ;
#1349 = FACE_OUTER_BOUND ( 'NONE', #925, .T. ) ;
#1350 = CARTESIAN_POINT ( 'NONE',  ( 2.366619534904705890, 1.782199999999999784, -0.8167821278507133576 ) ) ;
#1351 = LINE ( 'NONE', #3551, #2420 ) ;
#1352 = VERTEX_POINT ( 'NONE', #3263 ) ;
#1353 = SURFACE_SIDE_STYLE ('',( #958 ) ) ;
#1354 = CARTESIAN_POINT ( 'NONE',  ( 4.900000000000000355, 1.777199999999999891, 0.000000000000000000 ) ) ;
#1355 = CARTESIAN_POINT ( 'NONE',  ( 2.646000000000010122, 1.782199999999999784, -2.090815050663394015 ) ) ;
#1356 = PLANE ( 'NONE',  #3601 ) ;
#1357 = ORIENTED_EDGE ( 'NONE', *, *, #1810, .F. ) ;
#1358 = DIRECTION ( 'NONE',  ( 0.000000000000000000, 0.000000000000000000, 1.000000000000000000 ) ) ;
#1359 = ORIENTED_EDGE ( 'NONE', *, *, #526, .F. ) ;
#1360 = FILL_AREA_STYLE ('',( #4000 ) ) ;
#1361 = CARTESIAN_POINT ( 'NONE',  ( -0.8070152987309990866, 1.777199999999999447, 0.007919489514314502487 ) ) ;
#1362 = UNCERTAINTY_MEASURE_WITH_UNIT (LENGTH_MEASURE( 1.000000000000000082E-05 ), #1928, 'distance_accuracy_value', 'NONE');
#1363 = LINE ( 'NONE', #2828, #2213 ) ;
#1364 = EDGE_CURVE ( 'NONE', #3854, #297, #37, .T. ) ;
#1365 = VERTEX_POINT ( 'NONE', #1466 ) ;
#1366 = DIRECTION ( 'NONE',  ( 1.000000000000000000, -0.000000000000000000, 0.000000000000000000 ) ) ;
#1367 = EDGE_CURVE ( 'NONE', #169, #2823, #1050, .T. ) ;
#1368 = FACE_OUTER_BOUND ( 'NONE', #691, .T. ) ;
#1369 = CARTESIAN_POINT ( 'NONE',  ( 4.900000000000000355, 1.777199999999999891, 0.000000000000000000 ) ) ;
#1370 = EDGE_LOOP ( 'NONE', ( #3024, #2584, #80, #3568 ) ) ;
#1371 =( LENGTH_UNIT ( ) NAMED_UNIT ( * ) SI_UNIT ( .MILLI., .METRE. ) );
#1372 = FACE_OUTER_BOUND ( 'NONE', #1163, .T. ) ;
#1373 = STYLED_ITEM ( 'NONE', ( #3501 ), #38 ) ;
#1374 = LINE ( 'NONE', #1005, #959 ) ;
#1375 = DIRECTION ( 'NONE',  ( -0.000000000000000000, 1.000000000000000000, -0.000000000000000000 ) ) ;
#1376 = EDGE_CURVE ( 'NONE', #2760, #2370, #2229, .T. ) ;
#1377 = SURFACE_STYLE_FILL_AREA ( #1681 ) ;
#1378 = DIRECTION ( 'NONE',  ( 1.000000000000000000, 0.000000000000000000, 0.000000000000000000 ) ) ;
#1379 = EDGE_LOOP ( 'NONE', ( #3734, #3157, #2082 ) ) ;
#1380 = PRESENTATION_LAYER_ASSIGNMENT (  '', '', ( #4340 ) ) ;
#1381 = SURFACE_STYLE_FILL_AREA ( #1856 ) ;
#1382 = LINE ( 'NONE', #2851, #2927 ) ;
#1383 = EDGE_CURVE ( 'NONE', #1214, #2967, #3284, .T. ) ;
#1384 = CYLINDRICAL_SURFACE ( 'NONE', #3828, 0.07280000000000003135 ) ;
#1385 = DIRECTION ( 'NONE',  ( -0.9611638845408968512, 0.000000000000000000, -0.2759782365590690567 ) ) ;
#1386 = PRESENTATION_LAYER_ASSIGNMENT (  '', '', ( #1307 ) ) ;
#1387 = DIRECTION ( 'NONE',  ( -0.000000000000000000, -1.000000000000000000, -0.000000000000000000 ) ) ;
#1388 = ORIENTED_EDGE ( 'NONE', *, *, #1383, .T. ) ;
#1389 = CARTESIAN_POINT ( 'NONE',  ( 3.850000000000000977, 0.07280000000000003135, -3.354400000000000048 ) ) ;
#1390 = VECTOR ( 'NONE', #45, 1000.000000000000227 ) ;
#1391 = CARTESIAN_POINT ( 'NONE',  ( 2.366619534904705890, 1.782199999999999784, -0.8167821278507133576 ) ) ;
#1392 = DIRECTION ( 'NONE',  ( -0.000000000000000000, -1.000000000000000000, 0.000000000000000000 ) ) ;
#1393 = DIRECTION ( 'NONE',  ( -1.000000000000000000, 0.000000000000000000, 0.000000000000000000 ) ) ;
#1394 = CIRCLE ( 'NONE', #2180, 0.07280000000000000360 ) ;
#1395 = STYLED_ITEM ( 'NONE', ( #3618 ), #1628 ) ;
#1396 = ORIENTED_EDGE ( 'NONE', *, *, #1996, .F. ) ;
#1397 =( NAMED_UNIT ( * ) SI_UNIT ( $, .STERADIAN. ) SOLID_ANGLE_UNIT ( ) );
#1398 = DIRECTION ( 'NONE',  ( 0.000000000000000000, 0.000000000000000000, -1.000000000000000000 ) ) ;
#1399 = VECTOR ( 'NONE', #3163, 1000.000000000000000 ) ;
#1400 = CARTESIAN_POINT ( 'NONE',  ( 1.049999999999999600, 1.777199999999999891, -3.500000000000000000 ) ) ;
#1401 = EDGE_CURVE ( 'NONE', #1097, #534, #1242, .T. ) ;
#1402 =( NAMED_UNIT ( * ) PLANE_ANGLE_UNIT ( ) SI_UNIT ( $, .RADIAN. ) );
#1403 = FILL_AREA_STYLE ('',( #2518 ) ) ;
#1404 = PRESENTATION_LAYER_ASSIGNMENT (  '', '', ( #3836 ) ) ;
#1405 = CARTESIAN_POINT ( 'NONE',  ( 3.850815866597121495, 1.765785839608291052, -3.394272475691364033 ) ) ;
#1406 = LINE ( 'NONE', #989, #676 ) ;
#1407 = ORIENTED_EDGE ( 'NONE', *, *, #3850, .F. ) ;
#1408 = VECTOR ( 'NONE', #2620, 1000.000000000000000 ) ;
#1409 = EDGE_CURVE ( 'NONE', #3835, #4097, #2251, .T. ) ;
#1410 = LINE ( 'NONE', #3617, #3966 ) ;
#1411 = DIRECTION ( 'NONE',  ( 1.000000000000000000, -2.978577396938197768E-15, 0.000000000000000000 ) ) ;
#1412 = CARTESIAN_POINT ( 'NONE',  ( 2.366619534904705890, 1.777199999999999891, -0.8167821278507133576 ) ) ;
#1413 = STYLED_ITEM ( 'NONE', ( #2801 ), #3824 ) ;
#1414 = CYLINDRICAL_SURFACE ( 'NONE', #1183, 0.07280000000000003135 ) ;
#1415 = UNCERTAINTY_MEASURE_WITH_UNIT (LENGTH_MEASURE( 1.000000000000000082E-05 ), #1371, 'distance_accuracy_value', 'NONE');
#1416 = LINE ( 'NONE', #14, #4306 ) ;
#1417 = ORIENTED_EDGE ( 'NONE', *, *, #4203, .F. ) ;
#1418 = EDGE_CURVE ( 'NONE', #1828, #2450, #3671, .T. ) ;
#1419 = DIRECTION ( 'NONE',  ( 0.000000000000000000, -1.000000000000000000, 0.000000000000000000 ) ) ;
#1420 = AXIS2_PLACEMENT_3D ( 'NONE', #1688, #557, #2060 ) ;
#1421 = CARTESIAN_POINT ( 'NONE',  ( 4.900000000000000355, 1.777199999999999891, 0.000000000000000000 ) ) ;
#1422 = DIRECTION ( 'NONE',  ( 0.3829140317376987790, 0.000000000000000000, 0.9237839814038673047 ) ) ;
#1423 = CARTESIAN_POINT ( 'NONE',  ( 0.07279999999999960114, 1.777199999999999891, -3.427200000000000024 ) ) ;
#1424 = VERTEX_POINT ( 'NONE', #693 ) ;
#1425 = ORIENTED_EDGE ( 'NONE', *, *, #1898, .T. ) ;
#1426 = PLANE ( 'NONE',  #2241 ) ;
#1427 = SURFACE_SIDE_STYLE ('',( #2818 ) ) ;
#1428 = LINE ( 'NONE', #494, #1966 ) ;
#1429 = ORIENTED_EDGE ( 'NONE', *, *, #83, .T. ) ;
#1430 =( NAMED_UNIT ( * ) SI_UNIT ( $, .STERADIAN. ) SOLID_ANGLE_UNIT ( ) );
#1431 = EDGE_CURVE ( 'NONE', #2258, #3944, #4672, .T. ) ;
#1432 = EDGE_LOOP ( 'NONE', ( #895, #4032, #4051 ) ) ;
#1433 = CARTESIAN_POINT ( 'NONE',  ( 1.049999999999999822, 0.000000000000000000, -0.07280000000000003135 ) ) ;
#1434 = ORIENTED_EDGE ( 'NONE', *, *, #4300, .F. ) ;
#1435 = DIRECTION ( 'NONE',  ( 0.000000000000000000, 1.000000000000000000, 0.000000000000000000 ) ) ;
#1436 = PRESENTATION_STYLE_ASSIGNMENT (( #3696 ) ) ;
#1437 = VERTEX_POINT ( 'NONE', #142 ) ;
#1438 = PLANE ( 'NONE',  #795 ) ;
#1439 = DIRECTION ( 'NONE',  ( 0.000000000000000000, 0.000000000000000000, 1.000000000000000000 ) ) ;
#1440 = DIRECTION ( 'NONE',  ( -0.2755520632520512825, 0.000000000000000000, 0.9612861490927337993 ) ) ;
#1441 = ORIENTED_EDGE ( 'NONE', *, *, #2468, .T. ) ;
#1442 = CARTESIAN_POINT ( 'NONE',  ( 1.049999999999999822, 0.1455999999999999794, -3.427200000000000024 ) ) ;
#1443 = ORIENTED_EDGE ( 'NONE', *, *, #413, .F. ) ;
#1444 = ORIENTED_EDGE ( 'NONE', *, *, #1617, .F. ) ;
#1445 = SURFACE_STYLE_USAGE ( .BOTH. , #2137 ) ;
#1446 = CARTESIAN_POINT ( 'NONE',  ( 3.922800000000000509, 0.000000000000000000, 0.000000000000000000 ) ) ;
#1447 = CARTESIAN_POINT ( 'NONE',  ( 1.046807367472181616, 1.755877373670380326, -0.09412262632961930497 ) ) ;
#1448 = EDGE_CURVE ( 'NONE', #19, #2012, #3744, .T. ) ;
#1449 = VERTEX_POINT ( 'NONE', #1543 ) ;
#1450 = VERTEX_POINT ( 'NONE', #2670 ) ;
#1451 = EDGE_CURVE ( 'NONE', #832, #1352, #2474, .T. ) ;
#1452 = VERTEX_POINT ( 'NONE', #908 ) ;
#1453 = DIRECTION ( 'NONE',  ( 0.9280290862136694185, 0.000000000000000000, -0.3725077383644825879 ) ) ;
#1454 = ORIENTED_EDGE ( 'NONE', *, *, #308, .T. ) ;
#1455 = EDGE_CURVE ( 'NONE', #4112, #353, #2693, .T. ) ;
#1456 = DIRECTION ( 'NONE',  ( -0.002813301676014987734, 0.000000000000000000, 0.9999960426590096541 ) ) ;
#1457 = CYLINDRICAL_SURFACE ( 'NONE', #1957, 0.07280000000000003135 ) ;
#1458 =( GEOMETRIC_REPRESENTATION_CONTEXT ( 3 ) GLOBAL_UNCERTAINTY_ASSIGNED_CONTEXT ( ( #3456 ) ) GLOBAL_UNIT_ASSIGNED_CONTEXT ( ( #2657, #1918, #4434 ) ) REPRESENTATION_CONTEXT ( 'NONE', 'WORKASPACE' ) );
#1459 = FACE_OUTER_BOUND ( 'NONE', #268, .T. ) ;
#1460 = SURFACE_STYLE_FILL_AREA ( #3259 ) ;
#1461 = UNCERTAINTY_MEASURE_WITH_UNIT (LENGTH_MEASURE( 1.000000000000000082E-05 ), #3588, 'distance_accuracy_value', 'NONE');
#1462 = DIRECTION ( 'NONE',  ( 0.000000000000000000, -1.000000000000000000, 0.000000000000000000 ) ) ;
#1463 = CIRCLE ( 'NONE', #495, 0.07280000000000003135 ) ;
#1464 = ORIENTED_EDGE ( 'NONE', *, *, #2245, .T. ) ;
#1465 = SURFACE_SIDE_STYLE ('',( #2205 ) ) ;
#1466 = CARTESIAN_POINT ( 'NONE',  ( 2.230809282385251890, 1.782199999999999784, -2.748844018251972887 ) ) ;
#1467 = COLOUR_RGB ( '',0.7686274509803920907, 0.7686274509803920907, 0.7686274509803920907 ) ;
#1468 = CARTESIAN_POINT ( 'NONE',  ( 1.050035242104665922, 0.1293385981646559824, -3.425818475274031716 ) ) ;
#1469 = CARTESIAN_POINT ( 'NONE',  ( 2.131461455074789679, 1.777199999999999891, -1.138056229662791852 ) ) ;
#1470 = VERTEX_POINT ( 'NONE', #461 ) ;
#1471 = CIRCLE ( 'NONE', #947, 0.07280000000000000360 ) ;
#1472 = ORIENTED_EDGE ( 'NONE', *, *, #4001, .F. ) ;
#1473 = VECTOR ( 'NONE', #518, 1000.000000000000000 ) ;
#1474 = SURFACE_STYLE_USAGE ( .BOTH. , #4460 ) ;
#1475 =( GEOMETRIC_REPRESENTATION_CONTEXT ( 3 ) GLOBAL_UNCERTAINTY_ASSIGNED_CONTEXT ( ( #4255 ) ) GLOBAL_UNIT_ASSIGNED_CONTEXT ( ( #801, #1867, #1550 ) ) REPRESENTATION_CONTEXT ( 'NONE', 'WORKASPACE' ) );
#1476 = CARTESIAN_POINT ( 'NONE',  ( 0.9771999999999945175, 0.07280000000000000360, -3.427200000000000024 ) ) ;
#1477 = VECTOR ( 'NONE', #438, 1000.000000000000000 ) ;
#1478 = ORIENTED_EDGE ( 'NONE', *, *, #1376, .F. ) ;
#1479 = AXIS2_PLACEMENT_3D ( 'NONE', #2166, #785, #4641 ) ;
#1480 = ADVANCED_FACE ( 'NONE', ( #2365 ), #486, .T. ) ;
#1481 = CARTESIAN_POINT ( 'NONE',  ( 1.046807367472181616, 1.755877373670380326, -0.09412262632961930497 ) ) ;
#1482 = EDGE_LOOP ( 'NONE', ( #3295, #4457, #2363, #467 ) ) ;
#1483 = COLOUR_RGB ( '',0.6470588235294117974, 0.5176470588235293491, 0.000000000000000000 ) ;
#1484 = DIRECTION ( 'NONE',  ( -0.000000000000000000, -1.000000000000000000, -0.000000000000000000 ) ) ;
#1485 = ORIENTED_EDGE ( 'NONE', *, *, #2066, .T. ) ;
#1486 = VECTOR ( 'NONE', #1505, 1000.000000000000114 ) ;
#1487 =( NAMED_UNIT ( * ) PLANE_ANGLE_UNIT ( ) SI_UNIT ( $, .RADIAN. ) );
#1488 = CYLINDRICAL_SURFACE ( 'NONE', #1025, 0.07280000000000003135 ) ;
#1489 = SURFACE_STYLE_FILL_AREA ( #3015 ) ;
#1490 = VECTOR ( 'NONE', #2155, 1000.000000000000000 ) ;
#1491 = ORIENTED_EDGE ( 'NONE', *, *, #2195, .F. ) ;
#1492 = DIRECTION ( 'NONE',  ( 0.000000000000000000, 0.000000000000000000, -1.000000000000000000 ) ) ;
#1493 = B_SPLINE_CURVE_WITH_KNOTS ( 'NONE', 3,
 ( #2292, #3343, #3321, #2680, #4083, #1952, #851, #3373, #153, #1123 ),
 .UNSPECIFIED., .F., .F.,
 ( 4, 3, 3, 4 ),
 ( 0.000000000000000000, 2.291429526389515247E-05, 4.570773099061661062E-05, 5.697602054444482575E-05 ),
 .UNSPECIFIED. ) ;
#1494 = CARTESIAN_POINT ( 'NONE',  ( 3.922800000000000509, 1.777199999999999891, -0.07280000000000000360 ) ) ;
#1495 =( GEOMETRIC_REPRESENTATION_CONTEXT ( 3 ) GLOBAL_UNCERTAINTY_ASSIGNED_CONTEXT ( ( #2203 ) ) GLOBAL_UNIT_ASSIGNED_CONTEXT ( ( #3640, #2202, #1151 ) ) REPRESENTATION_CONTEXT ( 'NONE', 'WORKASPACE' ) );
#1496 = EDGE_CURVE ( 'NONE', #4532, #3308, #1936, .T. ) ;
#1497 = SURFACE_STYLE_FILL_AREA ( #4380 ) ;
#1498 = DIRECTION ( 'NONE',  ( 0.4443210308329467728, 0.000000000000000000, -0.8958676361826827250 ) ) ;
#1499 = ORIENTED_EDGE ( 'NONE', *, *, #1950, .F. ) ;
#1500 = MECHANICAL_DESIGN_GEOMETRIC_PRESENTATION_REPRESENTATION (  '', ( #1413 ), #4147 ) ;
#1501 = ORIENTED_EDGE ( 'NONE', *, *, #1345, .T. ) ;
#1502 = PRESENTATION_STYLE_ASSIGNMENT (( #1445 ) ) ;
#1503 =( LENGTH_UNIT ( ) NAMED_UNIT ( * ) SI_UNIT ( .MILLI., .METRE. ) );
#1504 = VECTOR ( 'NONE', #4428, 1000.000000000000000 ) ;
#1505 = DIRECTION ( 'NONE',  ( -0.9612861490927336883, 0.000000000000000000, -0.2755520632520512270 ) ) ;
#1506 = ORIENTED_EDGE ( 'NONE', *, *, #1141, .F. ) ;
#1507 = ORIENTED_EDGE ( 'NONE', *, *, #3771, .T. ) ;
#1508 = MECHANICAL_DESIGN_GEOMETRIC_PRESENTATION_REPRESENTATION (  '', ( #3164 ), #3314 ) ;
#1509 = DIRECTION ( 'NONE',  ( 0.000000000000000000, 0.000000000000000000, -1.000000000000000000 ) ) ;
#1510 = CARTESIAN_POINT ( 'NONE',  ( 0.9771999999999997355, 1.850000000000000089, -0.07280000000000003135 ) ) ;
#1511 = ORIENTED_EDGE ( 'NONE', *, *, #3510, .T. ) ;
#1512 = CARTESIAN_POINT ( 'NONE',  ( 2.230820466309290762, 1.782199999999999784, -3.036258007834996331 ) ) ;
#1513 = ORIENTED_EDGE ( 'NONE', *, *, #4011, .T. ) ;
#1514 = DIRECTION ( 'NONE',  ( 0.9984327301130250243, 0.000000000000000000, 0.05596501978067344035 ) ) ;
#1515 =( LENGTH_UNIT ( ) NAMED_UNIT ( * ) SI_UNIT ( .MILLI., .METRE. ) );
#1516 = CARTESIAN_POINT ( 'NONE',  ( 3.922800000000000509, 1.777199999999999891, -3.427200000000000024 ) ) ;
#1517 = UNCERTAINTY_MEASURE_WITH_UNIT (LENGTH_MEASURE( 1.000000000000000082E-05 ), #1984, 'distance_accuracy_value', 'NONE');
#1518 =( LENGTH_UNIT ( ) NAMED_UNIT ( * ) SI_UNIT ( .MILLI., .METRE. ) );
#1519 = EDGE_LOOP ( 'NONE', ( #1128, #3989, #2254, #4557 ) ) ;
#1520 = FACE_OUTER_BOUND ( 'NONE', #3770, .T. ) ;
#1521 = CARTESIAN_POINT ( 'NONE',  ( 2.646000000000010122, 1.782199999999999784, -1.650160399609248874 ) ) ;
#1522 = CARTESIAN_POINT ( 'NONE',  ( 4.900000000000000355, 0.000000000000000000, -3.500000000000000000 ) ) ;
#1523 = ORIENTED_EDGE ( 'NONE', *, *, #749, .T. ) ;
#1524 = ORIENTED_EDGE ( 'NONE', *, *, #4, .F. ) ;
#1525 = FACE_OUTER_BOUND ( 'NONE', #3255, .T. ) ;
#1526 = EDGE_CURVE ( 'NONE', #2114, #475, #4419, .T. ) ;
#1527 = DIRECTION ( 'NONE',  ( -0.000000000000000000, 1.000000000000000000, 0.000000000000000000 ) ) ;
#1528 = DIRECTION ( 'NONE',  ( 0.000000000000000000, 0.000000000000000000, 1.000000000000000000 ) ) ;
#1529 = EDGE_CURVE ( 'NONE', #384, #1133, #2278, .T. ) ;
#1530 = ORIENTED_EDGE ( 'NONE', *, *, #4411, .T. ) ;
#1531 = CARTESIAN_POINT ( 'NONE',  ( 4.827200000000001268, 0.07280000000000000360, -0.07280000000000000360 ) ) ;
#1532 = DIRECTION ( 'NONE',  ( -0.000000000000000000, -1.000000000000000000, 0.000000000000000000 ) ) ;
#1533 = ORIENTED_EDGE ( 'NONE', *, *, #2941, .F. ) ;
#1534 = VERTEX_POINT ( 'NONE', #819 ) ;
#1535 = DIRECTION ( 'NONE',  ( 0.000000000000000000, 0.000000000000000000, -1.000000000000000000 ) ) ;
#1536 = DIRECTION ( 'NONE',  ( 0.000000000000000000, 0.000000000000000000, 1.000000000000000000 ) ) ;
#1537 = ADVANCED_FACE ( 'NONE', ( #4453 ), #860, .T. ) ;
#1538 = LINE ( 'NONE', #1961, #4351 ) ;
#1539 =( LENGTH_UNIT ( ) NAMED_UNIT ( * ) SI_UNIT ( .MILLI., .METRE. ) );
#1540 = CARTESIAN_POINT ( 'NONE',  ( 1.049999999999994937, 0.08003998391415556579, -3.419960016085844767 ) ) ;
#1541 = ORIENTED_EDGE ( 'NONE', *, *, #1046, .T. ) ;
#1542 = PRESENTATION_LAYER_ASSIGNMENT (  '', '', ( #3650 ) ) ;
#1543 = CARTESIAN_POINT ( 'NONE',  ( 1.049999999999999600, 0.07280000000000003135, -3.354400000000000048 ) ) ;
#1544 = EDGE_CURVE ( 'NONE', #4373, #639, #2930, .T. ) ;
#1545 = DIRECTION ( 'NONE',  ( -0.000000000000000000, 0.000000000000000000, 1.000000000000000000 ) ) ;
#1546 = VERTEX_POINT ( 'NONE', #927 ) ;
#1547 = ORIENTED_EDGE ( 'NONE', *, *, #1683, .T. ) ;
#1548 = SURFACE_STYLE_FILL_AREA ( #170 ) ;
#1549 = CARTESIAN_POINT ( 'NONE',  ( 2.131461455074789679, 1.777199999999999891, -2.176825446628522176 ) ) ;
#1550 =( NAMED_UNIT ( * ) SI_UNIT ( $, .STERADIAN. ) SOLID_ANGLE_UNIT ( ) );
#1551 = CARTESIAN_POINT ( 'NONE',  ( 1.049999999999999600, 0.07280000000000003135, -3.500000000000000000 ) ) ;
#1552 = CARTESIAN_POINT ( 'NONE',  ( 2.548089955612195201, 1.782199999999999784, -2.507346551699583870 ) ) ;
#1553 = VECTOR ( 'NONE', #24, 1000.000000000000000 ) ;
#1554 = VECTOR ( 'NONE', #1913, 1000.000000000000000 ) ;
#1555 = SURFACE_SIDE_STYLE ('',( #1064 ) ) ;
#1556 = EDGE_CURVE ( 'NONE', #465, #1917, #2126, .T. ) ;
#1557 = CARTESIAN_POINT ( 'NONE',  ( 2.325105313117773242, 1.777199999999999891, -1.448931806827066682 ) ) ;
#1558 = COLOUR_RGB ( '',0.7686274509803920907, 0.7686274509803920907, 0.7686274509803920907 ) ;
#1559 = VERTEX_POINT ( 'NONE', #244 ) ;
#1560 = DIRECTION ( 'NONE',  ( 0.2760118818968483323, 0.000000000000000000, -0.9611542233438713501 ) ) ;
#1561 = CARTESIAN_POINT ( 'NONE',  ( 2.646000000000010122, 1.782199999999999784, -2.629472052082345357 ) ) ;
#1562 = CARTESIAN_POINT ( 'NONE',  ( 1.048295513432168757, 1.761538966515065141, -3.399510736034676128 ) ) ;
#1563 = MECHANICAL_DESIGN_GEOMETRIC_PRESENTATION_REPRESENTATION (  '', ( #4200 ), #814 ) ;
#1564 = PRESENTATION_STYLE_ASSIGNMENT (( #1663 ) ) ;
#1565 = CARTESIAN_POINT ( 'NONE',  ( 1.049999999999999600, 1.777199999999999891, -3.500000000000000000 ) ) ;
#1566 = EDGE_CURVE ( 'NONE', #1851, #3315, #1340, .T. ) ;
#1567 = EDGE_CURVE ( 'NONE', #1870, #3225, #1685, .T. ) ;
#1568 = ORIENTED_EDGE ( 'NONE', *, *, #4637, .F. ) ;
#1569 = CARTESIAN_POINT ( 'NONE',  ( 2.420225839607043739, 1.782199999999999784, -1.421762559585259877 ) ) ;
#1570 = DIRECTION ( 'NONE',  ( -1.000000000000000000, -0.000000000000000000, -0.000000000000000000 ) ) ;
#1571 = CIRCLE ( 'NONE', #150, 0.07280000000000000360 ) ;
#1572 = SURFACE_STYLE_USAGE ( .BOTH. , #2280 ) ;
#1573 = UNCERTAINTY_MEASURE_WITH_UNIT (LENGTH_MEASURE( 1.000000000000000082E-05 ), #3463, 'distance_accuracy_value', 'NONE');
#1574 = DIRECTION ( 'NONE',  ( 0.000000000000000000, 0.000000000000000000, 1.000000000000000000 ) ) ;
#1575 = ORIENTED_EDGE ( 'NONE', *, *, #2053, .T. ) ;
#1576 = ORIENTED_EDGE ( 'NONE', *, *, #1401, .T. ) ;
#1577 = CARTESIAN_POINT ( 'NONE',  ( 1.049999999999999600, 0.07280000000000003135, -0.1456000000000000627 ) ) ;
#1578 = AXIS2_PLACEMENT_3D ( 'NONE', #742, #3665, #1131 ) ;
#1579 = DIRECTION ( 'NONE',  ( 0.000000000000000000, -0.000000000000000000, -1.000000000000000000 ) ) ;
#1580 = FILL_AREA_STYLE_COLOUR ( '', #1483 ) ;
#1581 = VECTOR ( 'NONE', #3574, 1000.000000000000000 ) ;
#1582 =( NAMED_UNIT ( * ) SI_UNIT ( $, .STERADIAN. ) SOLID_ANGLE_UNIT ( ) );
#1583 = LINE ( 'NONE', #2328, #204 ) ;
#1584 = LINE ( 'NONE', #2882, #2639 ) ;
#1585 = CARTESIAN_POINT ( 'NONE',  ( 2.548108729707782238, 1.777199999999999891, -1.164510496710604137 ) ) ;
#1586 = PRESENTATION_LAYER_ASSIGNMENT (  '', '', ( #2288 ) ) ;
#1587 = EDGE_LOOP ( 'NONE', ( #1206, #147, #4324, #2071, #453, #2221 ) ) ;
#1588 = LINE ( 'NONE', #3379, #2920 ) ;
#1589 = ADVANCED_FACE ( 'NONE', ( #992 ), #636, .T. ) ;
#1590 =( NAMED_UNIT ( * ) SI_UNIT ( $, .STERADIAN. ) SOLID_ANGLE_UNIT ( ) );
#1591 =( NAMED_UNIT ( * ) SI_UNIT ( $, .STERADIAN. ) SOLID_ANGLE_UNIT ( ) );
#1592 = ORIENTED_EDGE ( 'NONE', *, *, #3606, .F. ) ;
#1593 = CARTESIAN_POINT ( 'NONE',  ( 0.07279999999999960114, 1.849999999999999867, -3.427200000000000024 ) ) ;
#1594 = CARTESIAN_POINT ( 'NONE',  ( 2.366619534904712552, 1.782199999999999784, -0.6638874471448800163 ) ) ;
#1595 =( NAMED_UNIT ( * ) PLANE_ANGLE_UNIT ( ) SI_UNIT ( $, .RADIAN. ) );
#1596 = ORIENTED_EDGE ( 'NONE', *, *, #2336, .T. ) ;
#1597 = ORIENTED_EDGE ( 'NONE', *, *, #61, .F. ) ;
#1598 = FILL_AREA_STYLE ('',( #3798 ) ) ;
#1599 =( LENGTH_UNIT ( ) NAMED_UNIT ( * ) SI_UNIT ( .MILLI., .METRE. ) );
#1600 = ADVANCED_FACE ( 'NONE', ( #2383 ), #3102, .T. ) ;
#1601 = CARTESIAN_POINT ( 'NONE',  ( 1.049979972423289443, 0.07488021534255236145, -3.373281067532071020 ) ) ;
#1602 = DIRECTION ( 'NONE',  ( 0.000000000000000000, 1.000000000000000000, 0.000000000000000000 ) ) ;
#1603 = PLANE ( 'NONE',  #1635 ) ;
#1604 = ADVANCED_FACE ( 'NONE', ( #2504 ), #3189, .T. ) ;
#1605 = CARTESIAN_POINT ( 'NONE',  ( 3.852094387556574073, 0.09824730024223336800, -0.09023104508787435640 ) ) ;
#1606 = DIRECTION ( 'NONE',  ( 0.000000000000000000, 0.000000000000000000, 1.000000000000000000 ) ) ;
#1607 = DIRECTION ( 'NONE',  ( 0.000000000000000000, 0.000000000000000000, -1.000000000000000000 ) ) ;
#1608 = SURFACE_STYLE_USAGE ( .BOTH. , #1907 ) ;
#1609 = CARTESIAN_POINT ( 'NONE',  ( 1.049741233250676364, 1.770516760541456458, -3.385923731670116510 ) ) ;
#1610 = LINE ( 'NONE', #553, #4535 ) ;
#1611 = ORIENTED_EDGE ( 'NONE', *, *, #356, .T. ) ;
#1612 = DIRECTION ( 'NONE',  ( 0.9615454294334447871, 0.000000000000000000, 0.2746459304917006627 ) ) ;
#1613 = AXIS2_PLACEMENT_3D ( 'NONE', #3370, #1602, #4513 ) ;
#1614 = CARTESIAN_POINT ( 'NONE',  ( 2.646000000000010122, 1.782199999999999784, -0.9899927494813206552 ) ) ;
#1615 = UNCERTAINTY_MEASURE_WITH_UNIT (LENGTH_MEASURE( 1.000000000000000082E-05 ), #1196, 'distance_accuracy_value', 'NONE');
#1616 = SURFACE_STYLE_USAGE ( .BOTH. , #1274 ) ;
#1617 = EDGE_CURVE ( 'NONE', #2333, #2890, #2181, .T. ) ;
#1618 = AXIS2_PLACEMENT_3D ( 'NONE', #2102, #2811, #1045 ) ;
#1619 = STYLED_ITEM ( 'NONE', ( #2418 ), #99 ) ;
#1620 = VERTEX_POINT ( 'NONE', #1063 ) ;
#1621 = VERTEX_POINT ( 'NONE', #3593 ) ;
#1622 = CARTESIAN_POINT ( 'NONE',  ( 0.9771999999999951836, 0.07280000000000000360, -3.500000000000000000 ) ) ;
#1623 = DIRECTION ( 'NONE',  ( 0.000000000000000000, -0.000000000000000000, -1.000000000000000000 ) ) ;
#1624 = DIRECTION ( 'NONE',  ( -0.4668459304955138167, 0.000000000000000000, 0.8843386665637649191 ) ) ;
#1625 = STYLED_ITEM ( 'NONE', ( #3812 ), #718 ) ;
#1626 = CARTESIAN_POINT ( 'NONE',  ( 2.325122522707465222, 1.782199999999999784, -2.328779857981044366 ) ) ;
#1627 = EDGE_CURVE ( 'NONE', #4241, #733, #10, .T. ) ;
#1628 = ADVANCED_FACE ( 'NONE', ( #406 ), #1457, .T. ) ;
#1629 = AXIS2_PLACEMENT_3D ( 'NONE', #2968, #1560, #2297 ) ;
#1630 = ORIENTED_EDGE ( 'NONE', *, *, #4342, .F. ) ;
#1631 = DIRECTION ( 'NONE',  ( -0.000000000000000000, -0.000000000000000000, -1.000000000000000000 ) ) ;
#1632 =( NAMED_UNIT ( * ) SI_UNIT ( $, .STERADIAN. ) SOLID_ANGLE_UNIT ( ) );
#1633 = LINE ( 'NONE', #3048, #3773 ) ;
#1634 = EDGE_CURVE ( 'NONE', #1450, #2258, #4304, .T. ) ;
#1635 = AXIS2_PLACEMENT_3D ( 'NONE', #2067, #3502, #545 ) ;
#1636 = AXIS2_PLACEMENT_3D ( 'NONE', #3126, #4605, #1293 ) ;
#1637 = CARTESIAN_POINT ( 'NONE',  ( 2.646000000000000796, 1.782199999999999784, -0.4375000000000000000 ) ) ;
#1638 = DIRECTION ( 'NONE',  ( 0.000000000000000000, 0.000000000000000000, 1.000000000000000000 ) ) ;
#1639 = AXIS2_PLACEMENT_3D ( 'NONE', #2352, #4232, #2807 ) ;
#1640 = LINE ( 'NONE', #136, #1258 ) ;
#1641 = AXIS2_PLACEMENT_3D ( 'NONE', #3147, #4598, #3877 ) ;
#1642 = PLANE ( 'NONE',  #2051 ) ;
#1643 = ORIENTED_EDGE ( 'NONE', *, *, #2291, .T. ) ;
#1644 = PRESENTATION_LAYER_ASSIGNMENT (  '', '', ( #2485 ) ) ;
#1645 = CIRCLE ( 'NONE', #722, 0.07280000000000003135 ) ;
#1646 = CARTESIAN_POINT ( 'NONE',  ( 3.852094387556574073, 1.751752699757766596, -3.409768954912125061 ) ) ;
#1647 = FACE_OUTER_BOUND ( 'NONE', #1432, .T. ) ;
#1648 = VECTOR ( 'NONE', #3781, 1000.000000000000000 ) ;
#1649 = ORIENTED_EDGE ( 'NONE', *, *, #3554, .F. ) ;
#1650 = ORIENTED_EDGE ( 'NONE', *, *, #606, .F. ) ;
#1651 = LINE ( 'NONE', #3084, #3127 ) ;
#1652 = PRESENTATION_STYLE_ASSIGNMENT (( #4154 ) ) ;
#1653 = EDGE_CURVE ( 'NONE', #3471, #1470, #1026, .T. ) ;
#1654 = DIRECTION ( 'NONE',  ( 0.000000000000000000, 0.000000000000000000, -1.000000000000000000 ) ) ;
#1655 = STYLED_ITEM ( 'NONE', ( #1436 ), #3683 ) ;
#1656 = ORIENTED_EDGE ( 'NONE', *, *, #286, .F. ) ;
#1657 = CARTESIAN_POINT ( 'NONE',  ( 1.049999999999999600, 0.1456000000000000349, -3.354400000000000048 ) ) ;
#1658 = PRESENTATION_LAYER_ASSIGNMENT (  '', '', ( #599 ) ) ;
#1659 = PRESENTATION_STYLE_ASSIGNMENT (( #3467 ) ) ;
#1660 = DIRECTION ( 'NONE',  ( -0.000000000000000000, -1.000000000000000000, 0.000000000000000000 ) ) ;
#1661 = B_SPLINE_CURVE_WITH_KNOTS ( 'NONE', 3,
 ( #3037, #3081, #4148, #3455, #1289, #2671, #2384, #1646, #891, #2035 ),
 .UNSPECIFIED., .F., .F.,
 ( 4, 3, 3, 4 ),
 ( 4.336808689942017736E-19, 2.422644186407606448E-05, 4.850291313082705252E-05, 5.704030738691065309E-05 ),
 .UNSPECIFIED. ) ;
#1662 = PRESENTATION_LAYER_ASSIGNMENT (  '', '', ( #3164 ) ) ;
#1663 = SURFACE_STYLE_USAGE ( .BOTH. , #941 ) ;
#1664 = DIRECTION ( 'NONE',  ( -0.9237839814038673047, 0.000000000000000000, 0.3829140317376987235 ) ) ;
#1665 = ORIENTED_EDGE ( 'NONE', *, *, #3953, .T. ) ;
#1666 = CARTESIAN_POINT ( 'NONE',  ( 2.229418434705821017, 1.782199999999999784, -2.356628101727054059 ) ) ;
#1667 = DIRECTION ( 'NONE',  ( 0.000000000000000000, 0.000000000000000000, -1.000000000000000000 ) ) ;
#1668 = AXIS2_PLACEMENT_3D ( 'NONE', #3567, #4601, #2508 ) ;
#1669 = EDGE_CURVE ( 'NONE', #2598, #1449, #387, .T. ) ;
#1670 = CARTESIAN_POINT ( 'NONE',  ( 2.646000000000010122, 1.782199999999999784, -2.629472052082345357 ) ) ;
#1671 = UNCERTAINTY_MEASURE_WITH_UNIT (LENGTH_MEASURE( 1.000000000000000082E-05 ), #740, 'distance_accuracy_value', 'NONE');
#1672 = VERTEX_POINT ( 'NONE', #855 ) ;
#1673 = CARTESIAN_POINT ( 'NONE',  ( 1.049184133402879082, 1.744272475691365676, -3.415785839608290075 ) ) ;
#1674 =( LENGTH_UNIT ( ) NAMED_UNIT ( * ) SI_UNIT ( .MILLI., .METRE. ) );
#1675 = CARTESIAN_POINT ( 'NONE',  ( 2.646000000000010122, 1.782199999999999784, -1.650160399609248874 ) ) ;
#1676 = ADVANCED_FACE ( 'NONE', ( #836 ), #2271, .F. ) ;
#1677 = ORIENTED_EDGE ( 'NONE', *, *, #4627, .T. ) ;
#1678 = CARTESIAN_POINT ( 'NONE',  ( 0.07279999999999960114, 0.000000000000000000, -3.427200000000000024 ) ) ;
#1679 = CARTESIAN_POINT ( 'NONE',  ( 3.850111683549548136, 0.1217115224307057098, -0.07683096162209827884 ) ) ;
#1680 = CARTESIAN_POINT ( 'NONE',  ( 2.131461455074789679, 1.782199999999999784, -2.176825446628522176 ) ) ;
#1681 = FILL_AREA_STYLE ('',( #2121 ) ) ;
#1682 = ORIENTED_EDGE ( 'NONE', *, *, #698, .T. ) ;
#1683 = EDGE_CURVE ( 'NONE', #4215, #2598, #2665, .T. ) ;
#1684 = LINE ( 'NONE', #2715, #3270 ) ;
#1685 = LINE ( 'NONE', #4548, #3369 ) ;
#1686 = CARTESIAN_POINT ( 'NONE',  ( 3.922800000000000509, 0.07280000000000000360, -3.427200000000000024 ) ) ;
#1687 = CARTESIAN_POINT ( 'NONE',  ( 2.646000000000010122, 1.782199999999999784, -1.544308912229137354 ) ) ;
#1688 = CARTESIAN_POINT ( 'NONE',  ( 4.900000000000000355, 0.000000000000000000, -3.500000000000000000 ) ) ;
#1689 = ORIENTED_EDGE ( 'NONE', *, *, #790, .T. ) ;
#1690 = CYLINDRICAL_SURFACE ( 'NONE', #125, 0.07279999999999960114 ) ;
#1691 = CARTESIAN_POINT ( 'NONE',  ( 2.131461455074789679, 1.782199999999999784, -1.569502186183909798 ) ) ;
#1692 = DIRECTION ( 'NONE',  ( -1.000000000000000000, 0.000000000000000000, 0.000000000000000000 ) ) ;
#1693 = VERTEX_POINT ( 'NONE', #2619 ) ;
#1694 = ADVANCED_FACE ( 'NONE', ( #3735 ), #3714, .T. ) ;
#1695 = AXIS2_PLACEMENT_3D ( 'NONE', #3723, #1226, #3336 ) ;
#1696 = SURFACE_SIDE_STYLE ('',( #3848 ) ) ;
#1697 = CARTESIAN_POINT ( 'NONE',  ( 3.850000000000000089, 0.1375245193786462372, -0.07280000000000003135 ) ) ;
#1698 = AXIS2_PLACEMENT_3D ( 'NONE', #3383, #163, #4498 ) ;
#1699 = DIRECTION ( 'NONE',  ( 0.000000000000000000, -1.000000000000000000, 0.000000000000000000 ) ) ;
#1700 = FACE_OUTER_BOUND ( 'NONE', #783, .T. ) ;
#1701 =( GEOMETRIC_REPRESENTATION_CONTEXT ( 3 ) GLOBAL_UNCERTAINTY_ASSIGNED_CONTEXT ( ( #3038 ) ) GLOBAL_UNIT_ASSIGNED_CONTEXT ( ( #2899, #386, #1809 ) ) REPRESENTATION_CONTEXT ( 'NONE', 'WORKASPACE' ) );
#1702 = EDGE_CURVE ( 'NONE', #596, #864, #2987, .T. ) ;
#1703 =( NAMED_UNIT ( * ) SI_UNIT ( $, .STERADIAN. ) SOLID_ANGLE_UNIT ( ) );
#1704 = COLOUR_RGB ( '',0.7686274509803920907, 0.7686274509803920907, 0.7686274509803920907 ) ;
#1705 = VERTEX_POINT ( 'NONE', #3693 ) ;
#1706 = SURFACE_STYLE_FILL_AREA ( #991 ) ;
#1707 = CARTESIAN_POINT ( 'NONE',  ( 2.646000000000010122, 1.777199999999999891, -1.650160399609248874 ) ) ;
#1708 = MECHANICAL_DESIGN_GEOMETRIC_PRESENTATION_REPRESENTATION (  '', ( #3209 ), #3664 ) ;
#1709 = VECTOR ( 'NONE', #769, 1000.000000000000000 ) ;
#1710 = DIRECTION ( 'NONE',  ( -0.2763139702539096354, 0.000000000000000000, 0.9610674221107079473 ) ) ;
#1711 = ADVANCED_FACE ( 'NONE', ( #4468 ), #881, .F. ) ;
#1712 = CARTESIAN_POINT ( 'NONE',  ( 3.922800000000000509, 0.07280000000000000360, -0.07280000000000003135 ) ) ;
#1713 = UNCERTAINTY_MEASURE_WITH_UNIT (LENGTH_MEASURE( 1.000000000000000082E-05 ), #4113, 'distance_accuracy_value', 'NONE');
#1714 =( NAMED_UNIT ( * ) SI_UNIT ( $, .STERADIAN. ) SOLID_ANGLE_UNIT ( ) );
#1715 = ORIENTED_EDGE ( 'NONE', *, *, #3260, .F. ) ;
#1716 = MECHANICAL_DESIGN_GEOMETRIC_PRESENTATION_REPRESENTATION (  '', ( #583 ), #1475 ) ;
#1717 = PLANE ( 'NONE',  #2692 ) ;
#1718 = B_SPLINE_CURVE_WITH_KNOTS ( 'NONE', 3,
 ( #1447, #4633, #3993, #2466, #3895, #2159, #700, #757, #4613, #2214 ),
 .UNSPECIFIED., .F., .F.,
 ( 4, 3, 3, 4 ),
 ( 0.000000000000000000, 2.291429526389507116E-05, 4.570773099061633280E-05, 5.697602054444601160E-05 ),
 .UNSPECIFIED. ) ;
#1719 = EDGE_CURVE ( 'NONE', #3500, #3854, #811, .T. ) ;
#1720 = AXIS2_PLACEMENT_3D ( 'NONE', #2378, #4615, #2090 ) ;
#1721 = DIRECTION ( 'NONE',  ( 0.000000000000000000, 0.000000000000000000, -1.000000000000000000 ) ) ;
#1722 = ORIENTED_EDGE ( 'NONE', *, *, #1283, .T. ) ;
#1723 = DIRECTION ( 'NONE',  ( 1.000000000000000000, 0.000000000000000000, 0.000000000000000000 ) ) ;
#1724 = VECTOR ( 'NONE', #1280, 1000.000000000000000 ) ;
#1725 = DIRECTION ( 'NONE',  ( 1.000000000000000000, 0.000000000000000000, 0.000000000000000000 ) ) ;
#1726 = ORIENTED_EDGE ( 'NONE', *, *, #3252, .F. ) ;
#1727 = AXIS2_PLACEMENT_3D ( 'NONE', #3499, #1440, #671 ) ;
#1728 = PRESENTATION_LAYER_ASSIGNMENT (  '', '', ( #74 ) ) ;
#1729 =( NAMED_UNIT ( * ) PLANE_ANGLE_UNIT ( ) SI_UNIT ( $, .RADIAN. ) );
#1730 = EDGE_CURVE ( 'NONE', #559, #1470, #133, .T. ) ;
#1731 = VERTEX_POINT ( 'NONE', #1149 ) ;
#1732 = CARTESIAN_POINT ( 'NONE',  ( 3.853192632527818517, 1.755877373670380548, -3.405877373670380681 ) ) ;
#1733 = CARTESIAN_POINT ( 'NONE',  ( 0.000000000000000000, 0.000000000000000000, 0.000000000000000000 ) ) ;
#1734 = VECTOR ( 'NONE', #735, 1000.000000000000000 ) ;
#1735 = ORIENTED_EDGE ( 'NONE', *, *, #3091, .F. ) ;
#1736 = ADVANCED_FACE ( 'NONE', ( #529 ), #4415, .T. ) ;
#1737 = CYLINDRICAL_SURFACE ( 'NONE', #4571, 0.07280000000000000360 ) ;
#1738 = DIRECTION ( 'NONE',  ( -0.000000000000000000, 0.000000000000000000, 1.000000000000000000 ) ) ;
#1739 =( NAMED_UNIT ( * ) SI_UNIT ( $, .STERADIAN. ) SOLID_ANGLE_UNIT ( ) );
#1740 = CARTESIAN_POINT ( 'NONE',  ( 2.325122522707465222, 1.782199999999999784, -2.549591398757555361 ) ) ;
#1741 = LINE ( 'NONE', #666, #3119 ) ;
#1742 = EDGE_LOOP ( 'NONE', ( #658, #3476, #4474, #1575 ) ) ;
#1743 = COLOUR_RGB ( '',0.7686274509803920907, 0.7686274509803920907, 0.7686274509803920907 ) ;
#1744 = DIRECTION ( 'NONE',  ( -0.000000000000000000, -1.000000000000000000, 0.000000000000000000 ) ) ;
#1745 = CARTESIAN_POINT ( 'NONE',  ( 1.050035242104669697, 1.720661401835343440, -0.07418152472596839520 ) ) ;
#1746 = CARTESIAN_POINT ( 'NONE',  ( 2.185713901613333121, 1.782199999999999784, -2.030318652395434409 ) ) ;
#1747 = ORIENTED_EDGE ( 'NONE', *, *, #1920, .F. ) ;
#1748 = CARTESIAN_POINT ( 'NONE',  ( 2.131461455074789679, 1.782199999999999784, -0.7318762750000832318 ) ) ;
#1749 = EDGE_CURVE ( 'NONE', #297, #1133, #2026, .T. ) ;
#1750 = LINE ( 'NONE', #3159, #2552 ) ;
#1751 = SURFACE_STYLE_USAGE ( .BOTH. , #282 ) ;
#1752 = LINE ( 'NONE', #2871, #3278 ) ;
#1753 = DIRECTION ( 'NONE',  ( -0.9610664548998939516, 0.000000000000000000, -0.2763173343569854667 ) ) ;
#1754 = LINE ( 'NONE', #4593, #4611 ) ;
#1755 = EDGE_LOOP ( 'NONE', ( #31, #1087, #1726, #4310 ) ) ;
#1756 = SURFACE_SIDE_STYLE ('',( #2879 ) ) ;
#1757 = DIRECTION ( 'NONE',  ( 0.000000000000000000, 0.000000000000000000, 1.000000000000000000 ) ) ;
#1758 =( NAMED_UNIT ( * ) PLANE_ANGLE_UNIT ( ) SI_UNIT ( $, .RADIAN. ) );
#1759 = DIRECTION ( 'NONE',  ( -0.9601763114346046901, 0.000000000000000000, -0.2793947940814874853 ) ) ;
#1760 = UNCERTAINTY_MEASURE_WITH_UNIT (LENGTH_MEASURE( 1.000000000000000082E-05 ), #2459, 'distance_accuracy_value', 'NONE');
#1761 = CARTESIAN_POINT ( 'NONE',  ( 2.131461455074789679, 1.782199999999999784, -1.951152340343301539 ) ) ;
#1762 = ORIENTED_EDGE ( 'NONE', *, *, #2345, .F. ) ;
#1763 = CARTESIAN_POINT ( 'NONE',  ( 3.922800000000000509, 1.777199999999999891, -3.427200000000000024 ) ) ;
#1764 = FILL_AREA_STYLE_COLOUR ( '', #4263 ) ;
#1765 = ADVANCED_FACE ( 'NONE', ( #1700 ), #240, .F. ) ;
#1766 = CARTESIAN_POINT ( 'NONE',  ( 3.849998199799375076, 0.1379901960871668665, -3.426900786478270788 ) ) ;
#1767 =( NAMED_UNIT ( * ) PLANE_ANGLE_UNIT ( ) SI_UNIT ( $, .RADIAN. ) );
#1768 = ORIENTED_EDGE ( 'NONE', *, *, #3173, .T. ) ;
#1769 =( NAMED_UNIT ( * ) PLANE_ANGLE_UNIT ( ) SI_UNIT ( $, .RADIAN. ) );
#1770 = SURFACE_STYLE_USAGE ( .BOTH. , #1427 ) ;
#1771 =( BOUNDED_CURVE ( )  B_SPLINE_CURVE ( 3, ( #2117, #348, #1055, #4632 ),
 .UNSPECIFIED., .F., .T. ) 
 B_SPLINE_CURVE_WITH_KNOTS ( ( 4, 4 ),
 ( 1.570796326794896780, 1.868047688116105443 ),
 .UNSPECIFIED. ) 
 CURVE ( )  GEOMETRIC_REPRESENTATION_ITEM ( )  RATIONAL_B_SPLINE_CURVE ( ( 1.000000000000000000, 0.9926503465430337458, 0.9926503465430337458, 1.000000000000000000 ) ) 
 REPRESENTATION_ITEM ( '' )  );
#1772 = FILL_AREA_STYLE ('',( #2562 ) ) ;
#1773 = ADVANCED_FACE ( 'NONE', ( #4227 ), #2070, .F. ) ;
#1774 = VECTOR ( 'NONE', #2184, 1000.000000000000000 ) ;
#1775 = PLANE ( 'NONE',  #2640 ) ;
#1776 = CARTESIAN_POINT ( 'NONE',  ( 3.850020027576706028, 1.775119784657446909, -3.373281067532071908 ) ) ;
#1777 = EDGE_CURVE ( 'NONE', #3273, #1672, #226, .T. ) ;
#1778 =( LENGTH_UNIT ( ) NAMED_UNIT ( * ) SI_UNIT ( .MILLI., .METRE. ) );
#1779 = ORIENTED_EDGE ( 'NONE', *, *, #1544, .T. ) ;
#1780 = MECHANICAL_DESIGN_GEOMETRIC_PRESENTATION_REPRESENTATION (  '', ( #4340 ), #1701 ) ;
#1781 = SURFACE_STYLE_FILL_AREA ( #3637 ) ;
#1782 = CARTESIAN_POINT ( 'NONE',  ( 1.049999999999999600, 1.777199999999999891, -3.500000000000000000 ) ) ;
#1783 =( NAMED_UNIT ( * ) SI_UNIT ( $, .STERADIAN. ) SOLID_ANGLE_UNIT ( ) );
#1784 = AXIS2_PLACEMENT_3D ( 'NONE', #549, #3484, #1607 ) ;
#1785 =( NAMED_UNIT ( * ) PLANE_ANGLE_UNIT ( ) SI_UNIT ( $, .RADIAN. ) );
#1786 = ORIENTED_EDGE ( 'NONE', *, *, #2683, .F. ) ;
#1787 = VERTEX_POINT ( 'NONE', #4202 ) ;
#1788 = CARTESIAN_POINT ( 'NONE',  ( 4.827200000000001268, 0.07280000000000000360, -3.427200000000000024 ) ) ;
#1789 =( GEOMETRIC_REPRESENTATION_CONTEXT ( 3 ) GLOBAL_UNCERTAINTY_ASSIGNED_CONTEXT ( ( #335 ) ) GLOBAL_UNIT_ASSIGNED_CONTEXT ( ( #1998, #2046, #219 ) ) REPRESENTATION_CONTEXT ( 'NONE', 'WORKASPACE' ) );
#1790 = CARTESIAN_POINT ( 'NONE',  ( 0.000000000000000000, 0.07280000000000000360, -3.427200000000000024 ) ) ;
#1791 = CARTESIAN_POINT ( 'NONE',  ( 3.850005466920572772, 0.1342376546567190521, -3.426307837599944506 ) ) ;
#1792 = LINE ( 'NONE', #1746, #3236 ) ;
#1793 = AXIS2_PLACEMENT_3D ( 'NONE', #707, #3977, #2198 ) ;
#1794 = ORIENTED_EDGE ( 'NONE', *, *, #400, .T. ) ;
#1795 = ORIENTED_EDGE ( 'NONE', *, *, #4268, .T. ) ;
#1796 = EDGE_CURVE ( 'NONE', #2012, #828, #3114, .T. ) ;
#1797 = LINE ( 'NONE', #1029, #1553 ) ;
#1798 = AXIS2_PLACEMENT_3D ( 'NONE', #1361, #265, #2057 ) ;
#1799 = FILL_AREA_STYLE_COLOUR ( '', #1326 ) ;
#1800 = EDGE_CURVE ( 'NONE', #382, #1534, #964, .T. ) ;
#1801 = VECTOR ( 'NONE', #4579, 1000.000000000000227 ) ;
#1802 = ORIENTED_EDGE ( 'NONE', *, *, #4300, .T. ) ;
#1803 = CARTESIAN_POINT ( 'NONE',  ( 1.049999999999994715, 0.08003998391415556579, -0.08003998391415580171 ) ) ;
#1804 =( BOUNDED_CURVE ( )  B_SPLINE_CURVE ( 3, ( #4254, #2809, #3191, #710 ),
 .UNSPECIFIED., .F., .T. ) 
 B_SPLINE_CURVE_WITH_KNOTS ( ( 4, 4 ),
 ( 4.712388980384687898, 5.009640341705893007 ),
 .UNSPECIFIED. ) 
 CURVE ( )  GEOMETRIC_REPRESENTATION_ITEM ( )  RATIONAL_B_SPLINE_CURVE ( ( 1.000000000000000000, 0.9926503465430338569, 0.9926503465430338569, 1.000000000000000000 ) ) 
 REPRESENTATION_ITEM ( '' )  );
#1805 = MECHANICAL_DESIGN_GEOMETRIC_PRESENTATION_REPRESENTATION (  '', ( #2566 ), #2789 ) ;
#1806 = LINE ( 'NONE', #8, #3918 ) ;
#1807 = EDGE_LOOP ( 'NONE', ( #2347, #1786, #3250, #2132 ) ) ;
#1808 = MECHANICAL_DESIGN_GEOMETRIC_PRESENTATION_REPRESENTATION (  '', ( #1332 ), #3454 ) ;
#1809 =( NAMED_UNIT ( * ) SI_UNIT ( $, .STERADIAN. ) SOLID_ANGLE_UNIT ( ) );
#1810 = EDGE_CURVE ( 'NONE', #4052, #4341, #2447, .T. ) ;
#1811 = LINE ( 'NONE', #4668, #4424 ) ;
#1812 = VECTOR ( 'NONE', #720, 1000.000000000000000 ) ;
#1813 = DIRECTION ( 'NONE',  ( 0.000000000000000000, 0.000000000000000000, 1.000000000000000000 ) ) ;
#1814 = UNCERTAINTY_MEASURE_WITH_UNIT (LENGTH_MEASURE( 1.000000000000000082E-05 ), #4301, 'distance_accuracy_value', 'NONE');
#1815 = ORIENTED_EDGE ( 'NONE', *, *, #791, .F. ) ;
#1816 = FACE_OUTER_BOUND ( 'NONE', #4421, .T. ) ;
#1817 =( GEOMETRIC_REPRESENTATION_CONTEXT ( 3 ) GLOBAL_UNCERTAINTY_ASSIGNED_CONTEXT ( ( #2947 ) ) GLOBAL_UNIT_ASSIGNED_CONTEXT ( ( #394, #1767, #3198 ) ) REPRESENTATION_CONTEXT ( 'NONE', 'WORKASPACE' ) );
#1818 = DIRECTION ( 'NONE',  ( 0.000000000000000000, 0.000000000000000000, -1.000000000000000000 ) ) ;
#1819 = ADVANCED_FACE ( 'NONE', ( #4559 ), #1356, .F. ) ;
#1820 = CARTESIAN_POINT ( 'NONE',  ( 1.047905612443426060, 1.751752699757766374, -0.09023104508787438416 ) ) ;
#1821 = CARTESIAN_POINT ( 'NONE',  ( 2.131461455074789679, 1.782199999999999784, -0.5853694807669547195 ) ) ;
#1822 = VECTOR ( 'NONE', #1378, 1000.000000000000000 ) ;
#1823 = ORIENTED_EDGE ( 'NONE', *, *, #3981, .F. ) ;
#1824 = ORIENTED_EDGE ( 'NONE', *, *, #3488, .T. ) ;
#1825 = ADVANCED_FACE ( 'NONE', ( #2001 ), #3871, .F. ) ;
#1826 =( NAMED_UNIT ( * ) PLANE_ANGLE_UNIT ( ) SI_UNIT ( $, .RADIAN. ) );
#1827 =( LENGTH_UNIT ( ) NAMED_UNIT ( * ) SI_UNIT ( .MILLI., .METRE. ) );
#1828 = VERTEX_POINT ( 'NONE', #3096 ) ;
#1829 = FACE_OUTER_BOUND ( 'NONE', #2182, .T. ) ;
#1830 = ORIENTED_EDGE ( 'NONE', *, *, #4420, .F. ) ;
#1831 = DIRECTION ( 'NONE',  ( 0.9611542233438713501, 0.000000000000000000, 0.2760118818968482768 ) ) ;
#1832 = ORIENTED_EDGE ( 'NONE', *, *, #3311, .F. ) ;
#1833 = CARTESIAN_POINT ( 'NONE',  ( 4.827200000000001268, 1.777199999999999891, -0.07280000000000000360 ) ) ;
#1834 = FILL_AREA_STYLE_COLOUR ( '', #1319 ) ;
#1835 = CLOSED_SHELL ( 'NONE', ( #379, #4338, #1676, #3565, #1855, #2476, #3830, #2448, #633, #2702, #2924, #2585, #349, #581, #2445, #3662, #3587, #1819, #3160, #2500, #858, #4614, #2779, #3873, #960 ) ) ;
#1836 = DIRECTION ( 'NONE',  ( -0.000000000000000000, -0.000000000000000000, 1.000000000000000000 ) ) ;
#1837 = DIRECTION ( 'NONE',  ( 1.000000000000000000, -2.978577396938197768E-15, 0.000000000000000000 ) ) ;
#1838 = VERTEX_POINT ( 'NONE', #2360 ) ;
#1839 =( NAMED_UNIT ( * ) SI_UNIT ( $, .STERADIAN. ) SOLID_ANGLE_UNIT ( ) );
#1840 = DIRECTION ( 'NONE',  ( -0.000000000000000000, -1.000000000000000000, 0.000000000000000000 ) ) ;
#1841 = CARTESIAN_POINT ( 'NONE',  ( 2.646000000000010122, 1.782199999999999784, -2.776044555654648693 ) ) ;
#1842 = CARTESIAN_POINT ( 'NONE',  ( 3.851575672170317155, 0.08884408549451588977, -0.09940116716472284508 ) ) ;
#1843 = ORIENTED_EDGE ( 'NONE', *, *, #934, .T. ) ;
#1844 = VERTEX_POINT ( 'NONE', #4544 ) ;
#1845 = LINE ( 'NONE', #418, #1774 ) ;
#1846 = EDGE_CURVE ( 'NONE', #864, #2509, #2425, .T. ) ;
#1847 = DIRECTION ( 'NONE',  ( -0.9615454294334447871, 0.000000000000000000, -0.2746459304917006072 ) ) ;
#1848 = ORIENTED_EDGE ( 'NONE', *, *, #1874, .T. ) ;
#1849 = ORIENTED_EDGE ( 'NONE', *, *, #3207, .F. ) ;
#1850 = DIRECTION ( 'NONE',  ( 0.000000000000000000, 0.000000000000000000, 1.000000000000000000 ) ) ;
#1851 = VERTEX_POINT ( 'NONE', #3787 ) ;
#1852 = DIRECTION ( 'NONE',  ( -0.000000000000000000, -1.000000000000000000, 0.000000000000000000 ) ) ;
#1853 = VERTEX_POINT ( 'NONE', #3509 ) ;
#1854 = DIRECTION ( 'NONE',  ( 1.000000000000000000, 0.000000000000000000, 0.000000000000000000 ) ) ;
#1855 = ADVANCED_FACE ( 'NONE', ( #551 ), #287, .F. ) ;
#1856 = FILL_AREA_STYLE ('',( #1834 ) ) ;
#1857 = FILL_AREA_STYLE_COLOUR ( '', #141 ) ;
#1858 = CARTESIAN_POINT ( 'NONE',  ( 0.9771999999999949615, 1.168436341270918085E-14, -3.427200000000000024 ) ) ;
#1859 = PRESENTATION_LAYER_ASSIGNMENT (  '', '', ( #2249 ) ) ;
#1860 = ORIENTED_EDGE ( 'NONE', *, *, #2030, .F. ) ;
#1861 = LINE ( 'NONE', #746, #2396 ) ;
#1862 = DIRECTION ( 'NONE',  ( 1.000000000000000000, 0.000000000000000000, 0.000000000000000000 ) ) ;
#1863 = CARTESIAN_POINT ( 'NONE',  ( 3.850000000000000977, 0.07280000000000003135, -0.1456000000000000627 ) ) ;
#1864 = ORIENTED_EDGE ( 'NONE', *, *, #404, .F. ) ;
#1865 = EDGE_LOOP ( 'NONE', ( #3061, #395, #1491, #1011 ) ) ;
#1866 = SURFACE_SIDE_STYLE ('',( #4337 ) ) ;
#1867 =( NAMED_UNIT ( * ) PLANE_ANGLE_UNIT ( ) SI_UNIT ( $, .RADIAN. ) );
#1868 =( GEOMETRIC_REPRESENTATION_CONTEXT ( 3 ) GLOBAL_UNCERTAINTY_ASSIGNED_CONTEXT ( ( #665 ) ) GLOBAL_UNIT_ASSIGNED_CONTEXT ( ( #2880, #4305, #3638 ) ) REPRESENTATION_CONTEXT ( 'NONE', 'WORKASPACE' ) );
#1869 = VECTOR ( 'NONE', #4286, 1000.000000000000000 ) ;
#1870 = VERTEX_POINT ( 'NONE', #2749 ) ;
#1871 = VECTOR ( 'NONE', #4586, 1000.000000000000000 ) ;
#1872 =( BOUNDED_CURVE ( )  B_SPLINE_CURVE ( 3, ( #839, #1540, #2248, #138 ),
 .UNSPECIFIED., .F., .T. ) 
 B_SPLINE_CURVE_WITH_KNOTS ( ( 4, 4 ),
 ( 1.570796326794898334, 1.868047688116105665 ),
 .UNSPECIFIED. ) 
 CURVE ( )  GEOMETRIC_REPRESENTATION_ITEM ( )  RATIONAL_B_SPLINE_CURVE ( ( 1.000000000000000000, 0.9926503465430338569, 0.9926503465430338569, 1.000000000000000000 ) ) 
 REPRESENTATION_ITEM ( '' )  );
#1873 = CARTESIAN_POINT ( 'NONE',  ( 3.850111683549548136, 1.773169038377901519, -0.1217115224307058763 ) ) ;
#1874 = EDGE_CURVE ( 'NONE', #1193, #1452, #588, .T. ) ;
#1875 = DIRECTION ( 'NONE',  ( 0.000000000000000000, 0.000000000000000000, 1.000000000000000000 ) ) ;
#1876 = ORIENTED_EDGE ( 'NONE', *, *, #2568, .T. ) ;
#1877 = CARTESIAN_POINT ( 'NONE',  ( 2.131461455074789679, 1.777199999999999891, -1.518180063271352687 ) ) ;
#1878 = ORIENTED_EDGE ( 'NONE', *, *, #482, .T. ) ;
#1879 =( NAMED_UNIT ( * ) SI_UNIT ( $, .STERADIAN. ) SOLID_ANGLE_UNIT ( ) );
#1880 = AXIS2_PLACEMENT_3D ( 'NONE', #2230, #3358, #3987 ) ;
#1881 = DIRECTION ( 'NONE',  ( 0.000000000000000000, 0.000000000000000000, -1.000000000000000000 ) ) ;
#1882 = CARTESIAN_POINT ( 'NONE',  ( 3.922800000000000509, 0.07280000000000000360, -3.427200000000000024 ) ) ;
#1883 = CARTESIAN_POINT ( 'NONE',  ( 2.548089955612195201, 1.782199999999999784, -2.265138798481020732 ) ) ;
#1884 = FILL_AREA_STYLE_COLOUR ( '', #1743 ) ;
#1885 = EDGE_CURVE ( 'NONE', #1174, #1047, #3831, .T. ) ;
#1886 = ORIENTED_EDGE ( 'NONE', *, *, #3397, .T. ) ;
#1887 = SURFACE_SIDE_STYLE ('',( #2973 ) ) ;
#1888 = DIRECTION ( 'NONE',  ( -1.000000000000000000, 0.000000000000000000, -0.000000000000000000 ) ) ;
#1889 = COLOUR_RGB ( '',0.7686274509803920907, 0.7686274509803920907, 0.7686274509803920907 ) ;
#1890 = FACE_OUTER_BOUND ( 'NONE', #3912, .T. ) ;
#1891 = ORIENTED_EDGE ( 'NONE', *, *, #3867, .T. ) ;
#1892 = MECHANICAL_DESIGN_GEOMETRIC_PRESENTATION_REPRESENTATION (  '', ( #3162 ), #4539 ) ;
#1893 = VERTEX_POINT ( 'NONE', #2142 ) ;
#1894 = CARTESIAN_POINT ( 'NONE',  ( 2.230809282385251890, 1.782199999999999784, -2.748844018251972887 ) ) ;
#1895 = B_SPLINE_CURVE_WITH_KNOTS ( 'NONE', 3,
 ( #4674, #4314, #2831, #273, #3958, #2110, #1791, #1766, #2081, #3223 ),
 .UNSPECIFIED., .F., .F.,
 ( 4, 3, 3, 4 ),
 ( 0.000000000000000000, 2.291429526389521007E-05, 4.570773099061656319E-05, 5.697602054444588963E-05 ),
 .UNSPECIFIED. ) ;
#1896 =( LENGTH_UNIT ( ) NAMED_UNIT ( * ) SI_UNIT ( .MILLI., .METRE. ) );
#1897 = ORIENTED_EDGE ( 'NONE', *, *, #206, .T. ) ;
#1898 = EDGE_CURVE ( 'NONE', #3382, #1452, #2339, .T. ) ;
#1899 = EDGE_LOOP ( 'NONE', ( #3982, #1454, #3678 ) ) ;
#1900 = AXIS2_PLACEMENT_3D ( 'NONE', #2225, #483, #60 ) ;
#1901 = CARTESIAN_POINT ( 'NONE',  ( 3.922800000000000509, 0.07280000000000000360, -3.500000000000000000 ) ) ;
#1902 = CARTESIAN_POINT ( 'NONE',  ( 2.230820466309290762, 1.782199999999999784, -3.036258007834996331 ) ) ;
#1903 = ORIENTED_EDGE ( 'NONE', *, *, #4034, .F. ) ;
#1904 = EDGE_CURVE ( 'NONE', #4671, #4573, #1272, .T. ) ;
#1905 = ORIENTED_EDGE ( 'NONE', *, *, #3572, .T. ) ;
#1906 = LINE ( 'NONE', #2986, #3276 ) ;
#1907 = SURFACE_SIDE_STYLE ('',( #457 ) ) ;
#1908 = DIRECTION ( 'NONE',  ( -2.978577396938198557E-15, -1.000000000000000000, 0.000000000000000000 ) ) ;
#1909 = LINE ( 'NONE', #2299, #1408 ) ;
#1910 = SURFACE_STYLE_USAGE ( .BOTH. , #89 ) ;
#1911 = VERTEX_POINT ( 'NONE', #2161 ) ;
#1912 = DIRECTION ( 'NONE',  ( -0.9999999968487353064, 0.000000000000000000, -7.938847109757214563E-05 ) ) ;
#1913 = DIRECTION ( 'NONE',  ( 0.000000000000000000, 0.000000000000000000, -1.000000000000000000 ) ) ;
#1914 = EDGE_CURVE ( 'NONE', #2684, #4274, #2873, .T. ) ;
#1915 = PRESENTATION_STYLE_ASSIGNMENT (( #3624 ) ) ;
#1916 = ORIENTED_EDGE ( 'NONE', *, *, #286, .T. ) ;
#1917 = VERTEX_POINT ( 'NONE', #4247 ) ;
#1918 =( NAMED_UNIT ( * ) PLANE_ANGLE_UNIT ( ) SI_UNIT ( $, .RADIAN. ) );
#1919 = DIRECTION ( 'NONE',  ( 0.000000000000000000, -1.000000000000000000, 0.000000000000000000 ) ) ;
#1920 = EDGE_CURVE ( 'NONE', #828, #2980, #4661, .T. ) ;
#1921 = SURFACE_SIDE_STYLE ('',( #126 ) ) ;
#1922 = DIRECTION ( 'NONE',  ( 0.000000000000000000, -1.000000000000000000, 0.000000000000000000 ) ) ;
#1923 = AXIS2_PLACEMENT_3D ( 'NONE', #3090, #472, #871 ) ;
#1924 = ORIENTED_EDGE ( 'NONE', *, *, #899, .F. ) ;
#1925 = CARTESIAN_POINT ( 'NONE',  ( 2.548108729707782238, 1.782199999999999784, -1.164510496710604137 ) ) ;
#1926 = ORIENTED_EDGE ( 'NONE', *, *, #182, .F. ) ;
#1927 = DIRECTION ( 'NONE',  ( 0.000000000000000000, 1.000000000000000000, 0.000000000000000000 ) ) ;
#1928 =( LENGTH_UNIT ( ) NAMED_UNIT ( * ) SI_UNIT ( .MILLI., .METRE. ) );
#1929 = CARTESIAN_POINT ( 'NONE',  ( 1.046807367472182060, 1.755877373670381658, -3.405877373670379793 ) ) ;
#1930 = EDGE_CURVE ( 'NONE', #4671, #1470, #1645, .T. ) ;
#1931 = FILL_AREA_STYLE ('',( #552 ) ) ;
#1932 = FACE_OUTER_BOUND ( 'NONE', #2697, .T. ) ;
#1933 = ORIENTED_EDGE ( 'NONE', *, *, #988, .F. ) ;
#1934 = MECHANICAL_DESIGN_GEOMETRIC_PRESENTATION_REPRESENTATION (  '', ( #2387 ), #122 ) ;
#1935 = FILL_AREA_STYLE ('',( #887 ) ) ;
#1936 = LINE ( 'NONE', #3355, #1554 ) ;
#1937 = DIRECTION ( 'NONE',  ( -0.2762437428917280946, 0.000000000000000000, 0.9610876102172833946 ) ) ;
#1938 = CIRCLE ( 'NONE', #4565, 0.07280000000000003135 ) ;
#1939 = LINE ( 'NONE', #1469, #82 ) ;
#1940 = VERTEX_POINT ( 'NONE', #3612 ) ;
#1941 = ORIENTED_EDGE ( 'NONE', *, *, #202, .F. ) ;
#1942 = LINE ( 'NONE', #2284, #4332 ) ;
#1943 = CARTESIAN_POINT ( 'NONE',  ( 2.131461455074789679, 1.782199999999999784, -1.056984182129538707 ) ) ;
#1944 = STYLED_ITEM ( 'NONE', ( #405 ), #789 ) ;
#1945 = PRESENTATION_STYLE_ASSIGNMENT (( #1474 ) ) ;
#1946 = DIRECTION ( 'NONE',  ( -0.9612934544747570031, 0.000000000000000000, -0.2755265765475048423 ) ) ;
#1947 =( GEOMETRIC_REPRESENTATION_CONTEXT ( 3 ) GLOBAL_UNCERTAINTY_ASSIGNED_CONTEXT ( ( #2059 ) ) GLOBAL_UNIT_ASSIGNED_CONTEXT ( ( #4039, #3663, #158 ) ) REPRESENTATION_CONTEXT ( 'NONE', 'WORKASPACE' ) );
#1948 = MECHANICAL_DESIGN_GEOMETRIC_PRESENTATION_REPRESENTATION (  '', ( #2094 ), #2627 ) ;
#1949 = B_SPLINE_CURVE_WITH_KNOTS ( 'NONE', 3,
 ( #1732, #614, #1405, #328, #4249, #1776, #4664, #1305, #2776, #2874 ),
 .UNSPECIFIED., .F., .F.,
 ( 4, 3, 3, 4 ),
 ( 0.000000000000000000, 2.291429526389509826E-05, 4.570773099061644799E-05, 5.697602054444572022E-05 ),
 .UNSPECIFIED. ) ;
#1950 = EDGE_CURVE ( 'NONE', #3702, #131, #3272, .T. ) ;
#1951 =( LENGTH_UNIT ( ) NAMED_UNIT ( * ) SI_UNIT ( .MILLI., .METRE. ) );
#1952 = CARTESIAN_POINT ( 'NONE',  ( 1.049979972423288999, 0.1267189324679287576, -0.07488021534255238920 ) ) ;
#1953 = VECTOR ( 'NONE', #3007, 1000.000000000000000 ) ;
#1954 = DIRECTION ( 'NONE',  ( 0.000000000000000000, 0.000000000000000000, 1.000000000000000000 ) ) ;
#1955 = FILL_AREA_STYLE_COLOUR ( '', #3304 ) ;
#1956 =( GEOMETRIC_REPRESENTATION_CONTEXT ( 3 ) GLOBAL_UNCERTAINTY_ASSIGNED_CONTEXT ( ( #579 ) ) GLOBAL_UNIT_ASSIGNED_CONTEXT ( ( #1515, #1083, #764 ) ) REPRESENTATION_CONTEXT ( 'NONE', 'WORKASPACE' ) );
#1957 = AXIS2_PLACEMENT_3D ( 'NONE', #686, #2146, #1411 ) ;
#1958 = ORIENTED_EDGE ( 'NONE', *, *, #3878, .F. ) ;
#1959 = CARTESIAN_POINT ( 'NONE',  ( 2.646000000000010122, 1.782199999999999784, -1.650160399609248874 ) ) ;
#1960 = CARTESIAN_POINT ( 'NONE',  ( 1.049999999999994937, 1.146752297821207996E-14, -3.427200000000000024 ) ) ;
#1961 = CARTESIAN_POINT ( 'NONE',  ( 4.900000000000000355, 1.849999999999999867, -0.07280000000000000360 ) ) ;
#1962 = AXIS2_PLACEMENT_3D ( 'NONE', #2613, #175, #1875 ) ;
#1963 = VECTOR ( 'NONE', #4013, 1000.000000000000000 ) ;
#1964 = CARTESIAN_POINT ( 'NONE',  ( 0.07279999999999960114, 0.000000000000000000, -3.500000000000000000 ) ) ;
#1965 = EDGE_LOOP ( 'NONE', ( #1689, #2669, #69, #1768 ) ) ;
#1966 = VECTOR ( 'NONE', #1946, 1000.000000000000227 ) ;
#1967 = SURFACE_STYLE_USAGE ( .BOTH. , #3405 ) ;
#1968 = CARTESIAN_POINT ( 'NONE',  ( 1.049741233250672146, 0.1140762683298831570, -3.420516760541457035 ) ) ;
#1969 = UNCERTAINTY_MEASURE_WITH_UNIT (LENGTH_MEASURE( 1.000000000000000082E-05 ), #3474, 'distance_accuracy_value', 'NONE');
#1970 = EDGE_LOOP ( 'NONE', ( #997, #3783, #1251, #3404 ) ) ;
#1971 = VERTEX_POINT ( 'NONE', #1058 ) ;
#1972 = CARTESIAN_POINT ( 'NONE',  ( 2.325105313117773242, 1.782199999999999784, -1.448931806827066682 ) ) ;
#1973 = AXIS2_PLACEMENT_3D ( 'NONE', #1858, #4019, #1837 ) ;
#1974 = CARTESIAN_POINT ( 'NONE',  ( 2.325122522707465222, 1.782199999999999784, -2.549591398757555361 ) ) ;
#1975 = CARTESIAN_POINT ( 'NONE',  ( 2.131461455074789679, 1.782199999999999784, -2.238814386013834756 ) ) ;
#1976 = VECTOR ( 'NONE', #1606, 1000.000000000000000 ) ;
#1977 = ORIENTED_EDGE ( 'NONE', *, *, #3554, .T. ) ;
#1978 = LINE ( 'NONE', #3029, #2997 ) ;
#1979 = EDGE_CURVE ( 'NONE', #1731, #596, #355, .T. ) ;
#1980 = DIRECTION ( 'NONE',  ( 0.000000000000000000, 0.000000000000000000, 1.000000000000000000 ) ) ;
#1981 = VECTOR ( 'NONE', #2402, 1000.000000000000000 ) ;
#1982 = FILL_AREA_STYLE_COLOUR ( '', #3148 ) ;
#1983 = CARTESIAN_POINT ( 'NONE',  ( 2.646000000000010122, 1.777199999999999891, -0.9325870156079367757 ) ) ;
#1984 =( LENGTH_UNIT ( ) NAMED_UNIT ( * ) SI_UNIT ( .MILLI., .METRE. ) );
#1985 = ORIENTED_EDGE ( 'NONE', *, *, #4214, .F. ) ;
#1986 = FILL_AREA_STYLE_COLOUR ( '', #4182 ) ;
#1987 = PRESENTATION_STYLE_ASSIGNMENT (( #536 ) ) ;
#1988 = ADVANCED_FACE ( 'NONE', ( #381 ), #1775, .F. ) ;
#1989 = CARTESIAN_POINT ( 'NONE',  ( 0.07279999999999960114, 0.000000000000000000, -0.07280000000000000360 ) ) ;
#1990 = ADVANCED_FACE ( 'NONE', ( #1829 ), #3633, .T. ) ;
#1991 = DIRECTION ( 'NONE',  ( 1.000000000000000000, -0.000000000000000000, 0.000000000000000000 ) ) ;
#1992 = VERTEX_POINT ( 'NONE', #1481 ) ;
#1993 = ORIENTED_EDGE ( 'NONE', *, *, #3872, .T. ) ;
#1994 = DIRECTION ( 'NONE',  ( 0.000000000000000000, 0.000000000000000000, -1.000000000000000000 ) ) ;
#1995 = CARTESIAN_POINT ( 'NONE',  ( 2.131461455074789679, 1.782199999999999784, -1.951152340343301539 ) ) ;
#1996 = EDGE_CURVE ( 'NONE', #4215, #3643, #3234, .T. ) ;
#1997 = SURFACE_STYLE_USAGE ( .BOTH. , #1921 ) ;
#1998 =( LENGTH_UNIT ( ) NAMED_UNIT ( * ) SI_UNIT ( .MILLI., .METRE. ) );
#1999 = PRESENTATION_STYLE_ASSIGNMENT (( #1329 ) ) ;
#2000 = CARTESIAN_POINT ( 'NONE',  ( 3.850000000000000089, 0.000000000000000000, -3.427200000000000024 ) ) ;
#2001 = FACE_OUTER_BOUND ( 'NONE', #2889, .T. ) ;
#2002 = CARTESIAN_POINT ( 'NONE',  ( 4.900000000000000355, 1.849999999999999867, 0.000000000000000000 ) ) ;
#2003 = DIRECTION ( 'NONE',  ( 0.000000000000000000, 1.000000000000000000, 0.000000000000000000 ) ) ;
#2004 = ORIENTED_EDGE ( 'NONE', *, *, #2729, .T. ) ;
#2005 = EDGE_CURVE ( 'NONE', #2152, #1621, #2843, .T. ) ;
#2006 = CARTESIAN_POINT ( 'NONE',  ( 2.131461455074789679, 1.777199999999999891, -2.176825446628522176 ) ) ;
#2007 = CARTESIAN_POINT ( 'NONE',  ( 3.922800000000000509, 0.07280000000000000360, -3.427200000000000024 ) ) ;
#2008 = CARTESIAN_POINT ( 'NONE',  ( 4.900000000000000355, 0.07280000000000000360, 0.000000000000000000 ) ) ;
#2009 = UNCERTAINTY_MEASURE_WITH_UNIT (LENGTH_MEASURE( 1.000000000000000082E-05 ), #2127, 'distance_accuracy_value', 'NONE');
#2010 = COLOUR_RGB ( '',0.7686274509803920907, 0.7686274509803920907, 0.7686274509803920907 ) ;
#2011 = VERTEX_POINT ( 'NONE', #4033 ) ;
#2012 = VERTEX_POINT ( 'NONE', #3729 ) ;
#2013 = DIRECTION ( 'NONE',  ( -1.000000000000000000, 0.000000000000000000, -0.000000000000000000 ) ) ;
#2014 = CARTESIAN_POINT ( 'NONE',  ( 3.850000000000000089, 1.704399999999999471, -0.07280000000000003135 ) ) ;
#2015 = PRESENTATION_LAYER_ASSIGNMENT (  '', '', ( #3736 ) ) ;
#2016 = DIRECTION ( 'NONE',  ( -0.9610348236706638403, 0.000000000000000000, -0.2764273280489756290 ) ) ;
#2017 = VECTOR ( 'NONE', #926, 1000.000000000000114 ) ;
#2018 = VERTEX_POINT ( 'NONE', #174 ) ;
#2019 = EDGE_CURVE ( 'NONE', #2823, #2219, #3511, .T. ) ;
#2020 = FILL_AREA_STYLE_COLOUR ( '', #2473 ) ;
#2021 = FACE_OUTER_BOUND ( 'NONE', #3237, .T. ) ;
#2022 = COLOUR_RGB ( '',0.6470588235294117974, 0.5176470588235293491, 0.000000000000000000 ) ;
#2023 = STYLED_ITEM ( 'NONE', ( #4626 ), #1260 ) ;
#2024 = DIRECTION ( 'NONE',  ( -2.978577396938198162E-15, -1.000000000000000000, 0.000000000000000000 ) ) ;
#2025 = EDGE_CURVE ( 'NONE', #234, #2992, #2310, .T. ) ;
#2026 = LINE ( 'NONE', #3852, #3445 ) ;
#2027 = LINE ( 'NONE', #481, #3016 ) ;
#2028 = CARTESIAN_POINT ( 'NONE',  ( 2.131461455074789679, 1.782199999999999784, -1.569502186183909798 ) ) ;
#2029 = EDGE_LOOP ( 'NONE', ( #2456, #3758, #2985 ) ) ;
#2030 = EDGE_CURVE ( 'NONE', #1870, #1450, #4355, .T. ) ;
#2031 = LINE ( 'NONE', #2006, #198 ) ;
#2032 = STYLED_ITEM ( 'NONE', ( #3710 ), #2819 ) ;
#2033 =( NAMED_UNIT ( * ) SI_UNIT ( $, .STERADIAN. ) SOLID_ANGLE_UNIT ( ) );
#2034 = VECTOR ( 'NONE', #1267, 1000.000000000000000 ) ;
#2035 = CARTESIAN_POINT ( 'NONE',  ( 3.853192632527818517, 1.755877373670380548, -3.405877373670380681 ) ) ;
#2036 =( LENGTH_UNIT ( ) NAMED_UNIT ( * ) SI_UNIT ( .MILLI., .METRE. ) );
#2037 = AXIS2_PLACEMENT_3D ( 'NONE', #2308, #4174, #1654 ) ;
#2038 = ORIENTED_EDGE ( 'NONE', *, *, #4606, .T. ) ;
#2039 = DIRECTION ( 'NONE',  ( -0.2793947940814875408, 0.000000000000000000, 0.9601763114346048011 ) ) ;
#2040 = DIRECTION ( 'NONE',  ( -2.978577396938198162E-15, -1.000000000000000000, 0.000000000000000000 ) ) ;
#2041 = VECTOR ( 'NONE', #3545, 1000.000000000000000 ) ;
#2042 = LINE ( 'NONE', #3415, #4277 ) ;
#2043 = COLOUR_RGB ( '',0.7686274509803920907, 0.7686274509803920907, 0.7686274509803920907 ) ;
#2044 = VERTEX_POINT ( 'NONE', #2612 ) ;
#2045 = SURFACE_STYLE_USAGE ( .BOTH. , #4264 ) ;
#2046 =( NAMED_UNIT ( * ) PLANE_ANGLE_UNIT ( ) SI_UNIT ( $, .RADIAN. ) );
#2047 = VECTOR ( 'NONE', #1852, 1000.000000000000000 ) ;
#2048 =( NAMED_UNIT ( * ) PLANE_ANGLE_UNIT ( ) SI_UNIT ( $, .RADIAN. ) );
#2049 = DIRECTION ( 'NONE',  ( -1.000000000000000000, 0.000000000000000000, -0.000000000000000000 ) ) ;
#2050 = CARTESIAN_POINT ( 'NONE',  ( 0.9771999999999949615, 0.07280000000000000360, 0.000000000000000000 ) ) ;
#2051 = AXIS2_PLACEMENT_3D ( 'NONE', #3470, #2668, #2122 ) ;
#2052 = PLANE ( 'NONE',  #963 ) ;
#2053 = EDGE_CURVE ( 'NONE', #2980, #3891, #2589, .T. ) ;
#2054 = FACE_OUTER_BOUND ( 'NONE', #1066, .T. ) ;
#2055 = VERTEX_POINT ( 'NONE', #3296 ) ;
#2056 =( NAMED_UNIT ( * ) SI_UNIT ( $, .STERADIAN. ) SOLID_ANGLE_UNIT ( ) );
#2057 = DIRECTION ( 'NONE',  ( 0.000000000000000000, 0.000000000000000000, -1.000000000000000000 ) ) ;
#2058 = PRESENTATION_STYLE_ASSIGNMENT (( #600 ) ) ;
#2059 = UNCERTAINTY_MEASURE_WITH_UNIT (LENGTH_MEASURE( 1.000000000000000082E-05 ), #4039, 'distance_accuracy_value', 'NONE');
#2060 = DIRECTION ( 'NONE',  ( 1.000000000000000000, 0.000000000000000000, -0.000000000000000000 ) ) ;
#2061 = ORIENTED_EDGE ( 'NONE', *, *, #365, .F. ) ;
#2062 = DIRECTION ( 'NONE',  ( 0.000000000000000000, -1.000000000000000000, 0.000000000000000000 ) ) ;
#2063 = CARTESIAN_POINT ( 'NONE',  ( 0.9771999999999997355, 1.850000000000000089, -0.07280000000000003135 ) ) ;
#2064 = FILL_AREA_STYLE_COLOUR ( '', #3452 ) ;
#2065 = ORIENTED_EDGE ( 'NONE', *, *, #749, .F. ) ;
#2066 = EDGE_CURVE ( 'NONE', #1047, #3975, #3709, .T. ) ;
#2067 = CARTESIAN_POINT ( 'NONE',  ( 4.900000000000000355, 0.000000000000000000, 0.000000000000000000 ) ) ;
#2068 = SURFACE_SIDE_STYLE ('',( #546 ) ) ;
#2069 = DIRECTION ( 'NONE',  ( -0.000000000000000000, -0.000000000000000000, 1.000000000000000000 ) ) ;
#2070 = PLANE ( 'NONE',  #3372 ) ;
#2071 = ORIENTED_EDGE ( 'NONE', *, *, #4634, .T. ) ;
#2072 = DIRECTION ( 'NONE',  ( 1.000000000000000000, 0.000000000000000000, 0.000000000000000000 ) ) ;
#2073 = EDGE_LOOP ( 'NONE', ( #344, #2604, #1359 ) ) ;
#2074 = LINE ( 'NONE', #264, #730 ) ;
#2075 = FACE_OUTER_BOUND ( 'NONE', #3512, .T. ) ;
#2076 = CARTESIAN_POINT ( 'NONE',  ( 1.049999999999999822, 1.704399999999999471, -3.427200000000000024 ) ) ;
#2077 = EDGE_LOOP ( 'NONE', ( #737, #1464, #1429, #4648 ) ) ;
#2078 = ORIENTED_EDGE ( 'NONE', *, *, #2103, .F. ) ;
#2079 = CARTESIAN_POINT ( 'NONE',  ( 4.827200000000001268, 0.000000000000000000, -3.500000000000000000 ) ) ;
#2080 =( NAMED_UNIT ( * ) PLANE_ANGLE_UNIT ( ) SI_UNIT ( $, .RADIAN. ) );
#2081 = CARTESIAN_POINT ( 'NONE',  ( 3.850000000000000533, 0.1418008937405508540, -3.427200000000000024 ) ) ;
#2082 = ORIENTED_EDGE ( 'NONE', *, *, #2520, .T. ) ;
#2083 = FILL_AREA_STYLE ('',( #2767 ) ) ;
#2084 =( GEOMETRIC_REPRESENTATION_CONTEXT ( 3 ) GLOBAL_UNCERTAINTY_ASSIGNED_CONTEXT ( ( #1223 ) ) GLOBAL_UNIT_ASSIGNED_CONTEXT ( ( #376, #22, #1397 ) ) REPRESENTATION_CONTEXT ( 'NONE', 'WORKASPACE' ) );
#2085 = CARTESIAN_POINT ( 'NONE',  ( 2.420225839608120211, 1.782199999999999784, -2.522422151516349853 ) ) ;
#2086 = CARTESIAN_POINT ( 'NONE',  ( 3.849964757895330436, 0.1293385981646563709, -0.07418152472596833968 ) ) ;
#2087 = ADVANCED_FACE ( 'NONE', ( #4369 ), #127, .F. ) ;
#2088 = COLOUR_RGB ( '',0.7686274509803920907, 0.7686274509803920907, 0.7686274509803920907 ) ;
#2089 = CARTESIAN_POINT ( 'NONE',  ( 2.187919857998915862, 1.777199999999999891, -1.675837106146426336 ) ) ;
#2090 = DIRECTION ( 'NONE',  ( 0.000000000000000000, 0.000000000000000000, 1.000000000000000000 ) ) ;
#2091 = AXIS2_PLACEMENT_3D ( 'NONE', #2878, #4349, #685 ) ;
#2092 = DIRECTION ( 'NONE',  ( -0.000000000000000000, -1.000000000000000000, 0.000000000000000000 ) ) ;
#2093 = LINE ( 'NONE', #4638, #1822 ) ;
#2094 = STYLED_ITEM ( 'NONE', ( #1659 ), #1004 ) ;
#2095 = VERTEX_POINT ( 'NONE', #1211 ) ;
#2096 = SURFACE_SIDE_STYLE ('',( #2782 ) ) ;
#2097 = FACE_OUTER_BOUND ( 'NONE', #3790, .T. ) ;
#2098 = PRESENTATION_LAYER_ASSIGNMENT (  '', '', ( #3069 ) ) ;
#2099 = VECTOR ( 'NONE', #250, 1000.000000000000000 ) ;
#2100 =( NAMED_UNIT ( * ) PLANE_ANGLE_UNIT ( ) SI_UNIT ( $, .RADIAN. ) );
#2101 = FACE_OUTER_BOUND ( 'NONE', #95, .T. ) ;
#2102 = CARTESIAN_POINT ( 'NONE',  ( 4.900000000000000355, 0.07280000000000000360, -0.07280000000000000360 ) ) ;
#2103 = EDGE_CURVE ( 'NONE', #398, #1450, #4500, .T. ) ;
#2104 = VERTEX_POINT ( 'NONE', #1164 ) ;
#2105 = STYLED_ITEM ( 'NONE', ( #3491 ), #2808 ) ;
#2106 = VECTOR ( 'NONE', #2969, 1000.000000000000000 ) ;
#2107 = DIRECTION ( 'NONE',  ( 0.000000000000000000, 1.000000000000000000, -0.000000000000000000 ) ) ;
#2108 = CARTESIAN_POINT ( 'NONE',  ( 0.9771999999999949615, 1.168436341270918085E-14, -3.427200000000000024 ) ) ;
#2109 = AXIS2_PLACEMENT_3D ( 'NONE', #678, #2517, #2914 ) ;
#2110 = CARTESIAN_POINT ( 'NONE',  ( 3.850020027576706028, 0.1267189324679277029, -3.425119784657447486 ) ) ;
#2111 = VECTOR ( 'NONE', #1850, 1000.000000000000000 ) ;
#2112 = PLANE ( 'NONE',  #673 ) ;
#2113 = EDGE_CURVE ( 'NONE', #2531, #3702, #4440, .T. ) ;
#2114 = VERTEX_POINT ( 'NONE', #1901 ) ;
#2115 = LINE ( 'NONE', #3180, #708 ) ;
#2116 = VECTOR ( 'NONE', #4628, 1000.000000000000000 ) ;
#2117 = CARTESIAN_POINT ( 'NONE',  ( 3.850000000000000977, 0.07280000000000003135, -3.427200000000000024 ) ) ;
#2118 =( NAMED_UNIT ( * ) PLANE_ANGLE_UNIT ( ) SI_UNIT ( $, .RADIAN. ) );
#2119 = AXIS2_PLACEMENT_3D ( 'NONE', #2208, #3333, #1862 ) ;
#2120 = CARTESIAN_POINT ( 'NONE',  ( 1.049999999999999822, 0.000000000000000000, -3.427200000000000024 ) ) ;
#2121 = FILL_AREA_STYLE_COLOUR ( '', #1889 ) ;
#2122 = DIRECTION ( 'NONE',  ( 0.000000000000000000, 0.000000000000000000, 1.000000000000000000 ) ) ;
#2123 = MECHANICAL_DESIGN_GEOMETRIC_PRESENTATION_REPRESENTATION (  '', ( #3460 ), #670 ) ;
#2124 = ORIENTED_EDGE ( 'NONE', *, *, #2222, .F. ) ;
#2125 = EDGE_CURVE ( 'NONE', #4573, #4241, #1493, .T. ) ;
#2126 = LINE ( 'NONE', #231, #3288 ) ;
#2127 =( LENGTH_UNIT ( ) NAMED_UNIT ( * ) SI_UNIT ( .MILLI., .METRE. ) );
#2128 = COLOUR_RGB ( '',0.7686274509803920907, 0.7686274509803920907, 0.7686274509803920907 ) ;
#2129 =( LENGTH_UNIT ( ) NAMED_UNIT ( * ) SI_UNIT ( .MILLI., .METRE. ) );
#2130 = LINE ( 'NONE', #2883, #2870 ) ;
#2131 = CARTESIAN_POINT ( 'NONE',  ( 0.000000000000000000, 0.07280000000000000360, 0.000000000000000000 ) ) ;
#2132 = ORIENTED_EDGE ( 'NONE', *, *, #2345, .T. ) ;
#2133 =( GEOMETRIC_REPRESENTATION_CONTEXT ( 3 ) GLOBAL_UNCERTAINTY_ASSIGNED_CONTEXT ( ( #2903 ) ) GLOBAL_UNIT_ASSIGNED_CONTEXT ( ( #2597, #111, #2577 ) ) REPRESENTATION_CONTEXT ( 'NONE', 'WORKASPACE' ) );
#2134 = EDGE_CURVE ( 'NONE', #3017, #3315, #1583, .T. ) ;
#2135 = CARTESIAN_POINT ( 'NONE',  ( 2.131461455074789679, 1.782199999999999784, -1.056984182129538707 ) ) ;
#2136 = ORIENTED_EDGE ( 'NONE', *, *, #2125, .T. ) ;
#2137 = SURFACE_SIDE_STYLE ('',( #3920 ) ) ;
#2138 = DIRECTION ( 'NONE',  ( 0.9610992334305259455, 0.000000000000000000, 0.2762033010288898471 ) ) ;
#2139 = EDGE_CURVE ( 'NONE', #2753, #2114, #1978, .T. ) ;
#2140 = FACE_OUTER_BOUND ( 'NONE', #1224, .T. ) ;
#2141 = SURFACE_SIDE_STYLE ('',( #3923 ) ) ;
#2142 = CARTESIAN_POINT ( 'NONE',  ( 2.229401225116402596, 1.777199999999999891, -1.490363109686198895 ) ) ;
#2143 = PLANE ( 'NONE',  #4525 ) ;
#2144 = ORIENTED_EDGE ( 'NONE', *, *, #1200, .F. ) ;
#2145 = LINE ( 'NONE', #2543, #1304 ) ;
#2146 = DIRECTION ( 'NONE',  ( -2.978577396938198162E-15, -1.000000000000000000, 0.000000000000000000 ) ) ;
#2147 = CARTESIAN_POINT ( 'NONE',  ( 2.229401225116402596, 1.782199999999999784, -1.255934090619534649 ) ) ;
#2148 = DIRECTION ( 'NONE',  ( -1.000000000000000000, 0.000000000000000000, 0.000000000000000000 ) ) ;
#2149 =( LENGTH_UNIT ( ) NAMED_UNIT ( * ) SI_UNIT ( .MILLI., .METRE. ) );
#2150 = UNCERTAINTY_MEASURE_WITH_UNIT (LENGTH_MEASURE( 1.000000000000000082E-05 ), #1896, 'distance_accuracy_value', 'NONE');
#2151 = EDGE_CURVE ( 'NONE', #2044, #2632, #3394, .T. ) ;
#2152 = VERTEX_POINT ( 'NONE', #2961 ) ;
#2153 = DIRECTION ( 'NONE',  ( -1.000000000000000000, 2.978577396938197768E-15, 0.000000000000000000 ) ) ;
#2154 = FILL_AREA_STYLE_COLOUR ( '', #948 ) ;
#2155 = DIRECTION ( 'NONE',  ( -0.000000000000000000, 1.000000000000000000, -0.000000000000000000 ) ) ;
#2156 = EDGE_LOOP ( 'NONE', ( #3562, #4433, #2004 ) ) ;
#2157 = LINE ( 'NONE', #4317, #3346 ) ;
#2158 = CARTESIAN_POINT ( 'NONE',  ( 2.499054402578549272, 1.777199999999999891, -1.768838267633026984 ) ) ;
#2159 = CARTESIAN_POINT ( 'NONE',  ( 1.049979972423293884, 1.775119784657446909, -0.1267189324679274531 ) ) ;
#2160 = ORIENTED_EDGE ( 'NONE', *, *, #173, .F. ) ;
#2161 = CARTESIAN_POINT ( 'NONE',  ( 2.131461455074789679, 1.777199999999999891, -1.951152340343301539 ) ) ;
#2162 = VECTOR ( 'NONE', #1048, 1000.000000000000227 ) ;
#2163 = VERTEX_POINT ( 'NONE', #1143 ) ;
#2164 = CIRCLE ( 'NONE', #2701, 0.07280000000000003135 ) ;
#2165 = CARTESIAN_POINT ( 'NONE',  ( 2.230081786130054144, 1.782199999999999784, -2.592418242819979124 ) ) ;
#2166 = CARTESIAN_POINT ( 'NONE',  ( 1.049999999999999600, 1.704399999999999693, -0.1456000000000000627 ) ) ;
#2167 = DIRECTION ( 'NONE',  ( -1.000000000000000000, -0.000000000000000000, -0.000000000000000000 ) ) ;
#2168 = CARTESIAN_POINT ( 'NONE',  ( 0.07279999999999960114, 0.07280000000000000360, -0.07280000000000000360 ) ) ;
#2169 = COLOUR_RGB ( '',0.7686274509803920907, 0.7686274509803920907, 0.7686274509803920907 ) ;
#2170 =( LENGTH_UNIT ( ) NAMED_UNIT ( * ) SI_UNIT ( .MILLI., .METRE. ) );
#2171 = EDGE_CURVE ( 'NONE', #2104, #4546, #103, .T. ) ;
#2172 = ORIENTED_EDGE ( 'NONE', *, *, #4404, .T. ) ;
#2173 = DIRECTION ( 'NONE',  ( 1.000000000000000000, 0.000000000000000000, 0.000000000000000000 ) ) ;
#2174 = VECTOR ( 'NONE', #4612, 1000.000000000000000 ) ;
#2175 = PRESENTATION_STYLE_ASSIGNMENT (( #4312 ) ) ;
#2176 = AXIS2_PLACEMENT_3D ( 'NONE', #716, #4356, #2885 ) ;
#2177 = ADVANCED_FACE ( 'NONE', ( #3068 ), #1603, .F. ) ;
#2178 = CARTESIAN_POINT ( 'NONE',  ( 2.366619534904712552, 1.777199999999999891, -0.6638874471448800163 ) ) ;
#2179 = LINE ( 'NONE', #20, #4445 ) ;
#2180 = AXIS2_PLACEMENT_3D ( 'NONE', #1255, #3907, #2479 ) ;
#2181 = CIRCLE ( 'NONE', #281, 0.07280000000000000360 ) ;
#2182 = EDGE_LOOP ( 'NONE', ( #2766, #2959, #3082, #1682, #442, #277, #3077, #4462 ) ) ;
#2183 = ORIENTED_EDGE ( 'NONE', *, *, #1046, .F. ) ;
#2184 = DIRECTION ( 'NONE',  ( 0.000000000000000000, 0.000000000000000000, -1.000000000000000000 ) ) ;
#2185 = CARTESIAN_POINT ( 'NONE',  ( 2.548108729707782238, 1.782199999999999784, -1.164510496710604137 ) ) ;
#2186 = MECHANICAL_DESIGN_GEOMETRIC_PRESENTATION_REPRESENTATION (  '', ( #1322 ), #2858 ) ;
#2187 = VECTOR ( 'NONE', #4590, 1000.000000000000000 ) ;
#2188 = SURFACE_SIDE_STYLE ('',( #3943 ) ) ;
#2189 = ORIENTED_EDGE ( 'NONE', *, *, #4197, .F. ) ;
#2190 = CARTESIAN_POINT ( 'NONE',  ( 2.131461455074789679, 1.782199999999999784, -0.5853694807669547195 ) ) ;
#2191 = VECTOR ( 'NONE', #1248, 1000.000000000000000 ) ;
#2192 = EDGE_CURVE ( 'NONE', #4551, #3378, #4584, .T. ) ;
#2193 = ORIENTED_EDGE ( 'NONE', *, *, #3112, .T. ) ;
#2194 = LINE ( 'NONE', #1877, #2654 ) ;
#2195 = EDGE_CURVE ( 'NONE', #3854, #384, #3132, .T. ) ;
#2196 = ORIENTED_EDGE ( 'NONE', *, *, #2019, .F. ) ;
#2197 = COLOUR_RGB ( '',0.7686274509803920907, 0.7686274509803920907, 0.7686274509803920907 ) ;
#2198 = DIRECTION ( 'NONE',  ( -5.957154793876397902E-15, 1.000000000000000000, 0.000000000000000000 ) ) ;
#2199 = PRESENTATION_STYLE_ASSIGNMENT (( #3619 ) ) ;
#2200 = EDGE_CURVE ( 'NONE', #3851, #1346, #1471, .T. ) ;
#2201 = AXIS2_PLACEMENT_3D ( 'NONE', #4388, #2918, #358 ) ;
#2202 =( NAMED_UNIT ( * ) PLANE_ANGLE_UNIT ( ) SI_UNIT ( $, .RADIAN. ) );
#2203 = UNCERTAINTY_MEASURE_WITH_UNIT (LENGTH_MEASURE( 1.000000000000000082E-05 ), #3640, 'distance_accuracy_value', 'NONE');
#2204 = EDGE_LOOP ( 'NONE', ( #496, #2250, #2475, #1533 ) ) ;
#2205 = SURFACE_STYLE_FILL_AREA ( #3220 ) ;
#2206 = COLOUR_RGB ( '',0.7686274509803920907, 0.7686274509803920907, 0.7686274509803920907 ) ;
#2207 = CARTESIAN_POINT ( 'NONE',  ( 4.900000000000000355, 0.000000000000000000, 0.000000000000000000 ) ) ;
#2208 = CARTESIAN_POINT ( 'NONE',  ( 3.922800000000000509, 1.777199999999999891, -0.07280000000000000360 ) ) ;
#2209 = CARTESIAN_POINT ( 'NONE',  ( 2.646000000000010122, 1.782199999999999784, -2.090815050663394015 ) ) ;
#2210 = COLOUR_RGB ( '',0.7686274509803920907, 0.7686274509803920907, 0.7686274509803920907 ) ;
#2211 = ORIENTED_EDGE ( 'NONE', *, *, #1719, .T. ) ;
#2212 = DIRECTION ( 'NONE',  ( 0.000000000000000000, -0.000000000000000000, 1.000000000000000000 ) ) ;
#2213 = VECTOR ( 'NONE', #4256, 1000.000000000000000 ) ;
#2214 = CARTESIAN_POINT ( 'NONE',  ( 1.049999999999999600, 1.777199999999999891, -0.1456000000000000627 ) ) ;
#2215 = ORIENTED_EDGE ( 'NONE', *, *, #2139, .T. ) ;
#2216 = ADVANCED_FACE ( 'NONE', ( #3482 ), #4538, .T. ) ;
#2217 = ORIENTED_EDGE ( 'NONE', *, *, #4473, .T. ) ;
#2218 = COLOUR_RGB ( '',0.7686274509803920907, 0.7686274509803920907, 0.7686274509803920907 ) ;
#2219 = VERTEX_POINT ( 'NONE', #936 ) ;
#2220 = CARTESIAN_POINT ( 'NONE',  ( 2.366619534904705890, 1.782199999999999784, -0.8167821278507133576 ) ) ;
#2221 = ORIENTED_EDGE ( 'NONE', *, *, #1730, .F. ) ;
#2222 = EDGE_CURVE ( 'NONE', #382, #1169, #3825, .T. ) ;
#2223 = DIRECTION ( 'NONE',  ( -0.000000000000000000, -1.000000000000000000, -0.000000000000000000 ) ) ;
#2224 = SPHERICAL_SURFACE ( 'NONE', #2480, 0.07280000000000000360 ) ;
#2225 = CARTESIAN_POINT ( 'NONE',  ( 4.900000000000000355, 0.07280000000000000360, -3.427200000000000024 ) ) ;
#2226 = ORIENTED_EDGE ( 'NONE', *, *, #727, .F. ) ;
#2227 = ADVANCED_FACE ( 'NONE', ( #2443 ), #626, .F. ) ;
#2228 = FILL_AREA_STYLE_COLOUR ( '', #2538 ) ;
#2229 = LINE ( 'NONE', #3221, #4122 ) ;
#2230 = CARTESIAN_POINT ( 'NONE',  ( 4.827200000000001268, 0.000000000000000000, -3.427200000000000024 ) ) ;
#2231 = FILL_AREA_STYLE ('',( #464 ) ) ;
#2232 = VERTEX_POINT ( 'NONE', #2158 ) ;
#2233 = DIRECTION ( 'NONE',  ( -2.978577396938198557E-15, -1.000000000000000000, 0.000000000000000000 ) ) ;
#2234 = SURFACE_STYLE_FILL_AREA ( #3268 ) ;
#2235 = DIRECTION ( 'NONE',  ( 0.000000000000000000, 1.000000000000000000, 0.000000000000000000 ) ) ;
#2236 = VERTEX_POINT ( 'NONE', #3992 ) ;
#2237 = DIRECTION ( 'NONE',  ( -0.000000000000000000, -1.000000000000000000, 0.000000000000000000 ) ) ;
#2238 = ADVANCED_FACE ( 'NONE', ( #4265 ), #650, .F. ) ;
#2239 = EDGE_LOOP ( 'NONE', ( #3280, #767, #3777, #2912 ) ) ;
#2240 = LINE ( 'NONE', #2220, #1734 ) ;
#2241 = AXIS2_PLACEMENT_3D ( 'NONE', #799, #1118, #2891 ) ;
#2242 = EDGE_LOOP ( 'NONE', ( #1002, #2722, #1985, #3271 ) ) ;
#2243 = VECTOR ( 'NONE', #213, 1000.000000000000000 ) ;
#2244 = DIRECTION ( 'NONE',  ( 0.000000000000000000, 0.000000000000000000, -1.000000000000000000 ) ) ;
#2245 = EDGE_CURVE ( 'NONE', #1620, #475, #307, .T. ) ;
#2246 = FILL_AREA_STYLE_COLOUR ( '', #4059 ) ;
#2247 = UNCERTAINTY_MEASURE_WITH_UNIT (LENGTH_MEASURE( 1.000000000000000082E-05 ), #199, 'distance_accuracy_value', 'NONE');
#2248 = CARTESIAN_POINT ( 'NONE',  ( 1.048927909664952196, 0.08720015076910664353, -3.412799849230893301 ) ) ;
#2249 = STYLED_ITEM ( 'NONE', ( #430 ), #840 ) ;
#2250 = ORIENTED_EDGE ( 'NONE', *, *, #1085, .F. ) ;
#2251 = LINE ( 'NONE', #3310, #3899 ) ;
#2252 = STYLED_ITEM ( 'NONE', ( #1652 ), #1186 ) ;
#2253 = DIRECTION ( 'NONE',  ( 0.9610876102172833946, 0.000000000000000000, 0.2762437428917280946 ) ) ;
#2254 = ORIENTED_EDGE ( 'NONE', *, *, #4070, .F. ) ;
#2255 = DIRECTION ( 'NONE',  ( 0.000000000000000000, 0.000000000000000000, 1.000000000000000000 ) ) ;
#2256 = ORIENTED_EDGE ( 'NONE', *, *, #3414, .T. ) ;
#2257 = VECTOR ( 'NONE', #4242, 1000.000000000000227 ) ;
#2258 = VERTEX_POINT ( 'NONE', #3579 ) ;
#2259 = AXIS2_PLACEMENT_3D ( 'NONE', #2063, #3549, #3478 ) ;
#2260 = DIRECTION ( 'NONE',  ( 0.000000000000000000, 0.000000000000000000, -1.000000000000000000 ) ) ;
#2261 = PRESENTATION_LAYER_ASSIGNMENT (  '', '', ( #583 ) ) ;
#2262 = VERTEX_POINT ( 'NONE', #377 ) ;
#2263 = EDGE_LOOP ( 'NONE', ( #2215, #2388, #2578, #1611 ) ) ;
#2264 = DIRECTION ( 'NONE',  ( -0.000000000000000000, -1.000000000000000000, 0.000000000000000000 ) ) ;
#2265 = DIRECTION ( 'NONE',  ( -0.000000000000000000, -1.000000000000000000, 0.000000000000000000 ) ) ;
#2266 = ORIENTED_EDGE ( 'NONE', *, *, #2568, .F. ) ;
#2267 = AXIS2_PLACEMENT_3D ( 'NONE', #1975, #2790, #2016 ) ;
#2268 = CARTESIAN_POINT ( 'NONE',  ( 3.850000000000000977, 0.07280000000000003135, -0.07280000000000003135 ) ) ;
#2269 = ORIENTED_EDGE ( 'NONE', *, *, #3293, .F. ) ;
#2270 = PRODUCT_DEFINITION_SHAPE ( 'NONE', 'NONE',  #777 ) ;
#2271 = PLANE ( 'NONE',  #1031 ) ;
#2272 = CARTESIAN_POINT ( 'NONE',  ( 2.131461455074789679, 1.777199999999999891, -0.8876543440893396308 ) ) ;
#2273 = EDGE_CURVE ( 'NONE', #2163, #1853, #1771, .T. ) ;
#2274 = PLANE ( 'NONE',  #2791 ) ;
#2275 = EDGE_LOOP ( 'NONE', ( #2847, #705, #3622, #2660 ) ) ;
#2276 = EDGE_CURVE ( 'NONE', #4052, #4129, #2868, .T. ) ;
#2277 = DIRECTION ( 'NONE',  ( 0.000000000000000000, 1.000000000000000000, 0.000000000000000000 ) ) ;
#2278 = LINE ( 'NONE', #4475, #3003 ) ;
#2279 = VECTOR ( 'NONE', #130, 1000.000000000000000 ) ;
#2280 = SURFACE_SIDE_STYLE ('',( #144 ) ) ;
#2281 = CARTESIAN_POINT ( 'NONE',  ( 3.853192632527818517, 0.09412262632961936049, -0.09412262632961937436 ) ) ;
#2282 = ORIENTED_EDGE ( 'NONE', *, *, #1376, .T. ) ;
#2283 = EDGE_LOOP ( 'NONE', ( #35, #3809, #515 ) ) ;
#2284 = CARTESIAN_POINT ( 'NONE',  ( 2.229401225116402596, 1.777199999999999891, -1.490363109686198895 ) ) ;
#2285 = FACE_OUTER_BOUND ( 'NONE', #792, .T. ) ;
#2286 = EDGE_CURVE ( 'NONE', #1452, #2333, #2913, .T. ) ;
#2287 = SURFACE_SIDE_STYLE ('',( #3726 ) ) ;
#2288 = STYLED_ITEM ( 'NONE', ( #4021 ), #4537 ) ;
#2289 =( NAMED_UNIT ( * ) PLANE_ANGLE_UNIT ( ) SI_UNIT ( $, .RADIAN. ) );
#2290 = ORIENTED_EDGE ( 'NONE', *, *, #2850, .F. ) ;
#2291 = EDGE_CURVE ( 'NONE', #131, #1225, #2560, .T. ) ;
#2292 = CARTESIAN_POINT ( 'NONE',  ( 1.046807367472176953, 0.09412262632962009601, -0.09412262632961863884 ) ) ;
#2293 = LINE ( 'NONE', #2330, #3072 ) ;
#2294 = ORIENTED_EDGE ( 'NONE', *, *, #404, .T. ) ;
#2295 = SURFACE_SIDE_STYLE ('',( #2735 ) ) ;
#2296 = VERTEX_POINT ( 'NONE', #3531 ) ;
#2297 = DIRECTION ( 'NONE',  ( -0.9611542233438713501, 0.000000000000000000, -0.2760118818968483323 ) ) ;
#2298 = PRESENTATION_STYLE_ASSIGNMENT (( #4088 ) ) ;
#2299 = CARTESIAN_POINT ( 'NONE',  ( 2.325122522707465222, 1.782199999999999784, -2.328779857981044366 ) ) ;
#2300 = SURFACE_STYLE_USAGE ( .BOTH. , #788 ) ;
#2301 = ORIENTED_EDGE ( 'NONE', *, *, #385, .T. ) ;
#2302 = DIRECTION ( 'NONE',  ( -8.935732190814592909E-15, 1.000000000000000000, 0.000000000000000000 ) ) ;
#2303 = EDGE_CURVE ( 'NONE', #1844, #4551, #1797, .T. ) ;
#2304 = DIRECTION ( 'NONE',  ( 0.000000000000000000, -1.000000000000000000, -0.000000000000000000 ) ) ;
#2305 = ORIENTED_EDGE ( 'NONE', *, *, #1451, .F. ) ;
#2306 = ORIENTED_EDGE ( 'NONE', *, *, #775, .F. ) ;
#2307 = FILL_AREA_STYLE_COLOUR ( '', #2022 ) ;
#2308 = CARTESIAN_POINT ( 'NONE',  ( 1.049999999999999822, 0.1456000000000000349, -0.1456000000000000072 ) ) ;
#2309 = ORIENTED_EDGE ( 'NONE', *, *, #3725, .T. ) ;
#2310 = LINE ( 'NONE', #423, #1103 ) ;
#2311 = FILL_AREA_STYLE ('',( #1955 ) ) ;
#2312 = ORIENTED_EDGE ( 'NONE', *, *, #4070, .T. ) ;
#2313 = FILL_AREA_STYLE_COLOUR ( '', #3741 ) ;
#2314 = CARTESIAN_POINT ( 'NONE',  ( 2.499054402578549272, 1.782199999999999784, -1.768838267633026984 ) ) ;
#2315 = B_SPLINE_CURVE_WITH_KNOTS ( 'NONE', 3,
 ( #635, #4145, #3079, #2780, #4208, #2382, #970, #2364, #2428, #3855 ),
 .UNSPECIFIED., .F., .F.,
 ( 4, 3, 3, 4 ),
 ( 0.000000000000000000, 2.422644186407578326E-05, 4.850291313082651042E-05, 5.704030738691026007E-05 ),
 .UNSPECIFIED. ) ;
#2316 = SURFACE_SIDE_STYLE ('',( #3422 ) ) ;
#2317 = CARTESIAN_POINT ( 'NONE',  ( 4.900000000000000355, 0.07280000000000000360, -3.427200000000000024 ) ) ;
#2318 = ORIENTED_EDGE ( 'NONE', *, *, #1125, .F. ) ;
#2319 = CARTESIAN_POINT ( 'NONE',  ( 3.922800000000000509, 0.000000000000000000, -3.500000000000000000 ) ) ;
#2320 = PRESENTATION_STYLE_ASSIGNMENT (( #2716 ) ) ;
#2321 = DIRECTION ( 'NONE',  ( -1.000000000000000000, 0.000000000000000000, 0.000000000000000000 ) ) ;
#2322 = CARTESIAN_POINT ( 'NONE',  ( 2.131461455074789679, 1.777199999999999891, -0.8876543440893396308 ) ) ;
#2323 = ORIENTED_EDGE ( 'NONE', *, *, #2171, .T. ) ;
#2324 = EDGE_LOOP ( 'NONE', ( #780, #1815, #2061, #2514, #4608, #2925 ) ) ;
#2325 = DIRECTION ( 'NONE',  ( 0.000000000000000000, 1.000000000000000000, 0.000000000000000000 ) ) ;
#2326 = SPHERICAL_SURFACE ( 'NONE', #646, 0.07280000000000000360 ) ;
#2327 =( GEOMETRIC_REPRESENTATION_CONTEXT ( 3 ) GLOBAL_UNCERTAINTY_ASSIGNED_CONTEXT ( ( #2810 ) ) GLOBAL_UNIT_ASSIGNED_CONTEXT ( ( #4009, #4402, #419 ) ) REPRESENTATION_CONTEXT ( 'NONE', 'WORKASPACE' ) );
#2328 = CARTESIAN_POINT ( 'NONE',  ( 2.131461455074789679, 1.782199999999999784, -3.064812069616920986 ) ) ;
#2329 = VECTOR ( 'NONE', #2746, 1000.000000000000000 ) ;
#2330 = CARTESIAN_POINT ( 'NONE',  ( 2.420225839608120211, 1.782199999999999784, -2.522422151516349853 ) ) ;
#2331 = LINE ( 'NONE', #1192, #1187 ) ;
#2332 = VECTOR ( 'NONE', #1150, 1000.000000000000000 ) ;
#2333 = VERTEX_POINT ( 'NONE', #3942 ) ;
#2334 = SURFACE_SIDE_STYLE ('',( #3764 ) ) ;
#2335 = CARTESIAN_POINT ( 'NONE',  ( 2.646000000000010122, 1.782199999999999784, -0.9325870156079367757 ) ) ;
#2336 = EDGE_CURVE ( 'NONE', #2965, #1672, #2838, .T. ) ;
#2337 = FILL_AREA_STYLE_COLOUR ( '', #210 ) ;
#2338 = CIRCLE ( 'NONE', #4126, 0.07280000000000003135 ) ;
#2339 = CIRCLE ( 'NONE', #3745, 0.07280000000000000360 ) ;
#2340 = FILL_AREA_STYLE ('',( #923 ) ) ;
#2341 =( LENGTH_UNIT ( ) NAMED_UNIT ( * ) SI_UNIT ( .MILLI., .METRE. ) );
#2342 = ORIENTED_EDGE ( 'NONE', *, *, #1221, .T. ) ;
#2343 = CARTESIAN_POINT ( 'NONE',  ( 2.646000000000010122, 1.777199999999999891, -0.7760298214970402508 ) ) ;
#2344 = SURFACE_STYLE_FILL_AREA ( #889 ) ;
#2345 = EDGE_CURVE ( 'NONE', #242, #4112, #1750, .T. ) ;
#2346 = UNCERTAINTY_MEASURE_WITH_UNIT (LENGTH_MEASURE( 1.000000000000000082E-05 ), #2129, 'distance_accuracy_value', 'NONE');
#2347 = ORIENTED_EDGE ( 'NONE', *, *, #1455, .T. ) ;
#2348 = ORIENTED_EDGE ( 'NONE', *, *, #3469, .F. ) ;
#2349 = FACE_OUTER_BOUND ( 'NONE', #3275, .T. ) ;
#2350 = VECTOR ( 'NONE', #2651, 1000.000000000000227 ) ;
#2351 = PRESENTATION_STYLE_ASSIGNMENT (( #119 ) ) ;
#2352 = CARTESIAN_POINT ( 'NONE',  ( 3.922800000000000509, 1.777199999999999891, -3.427200000000000024 ) ) ;
#2353 = CARTESIAN_POINT ( 'NONE',  ( 1.050001800200620172, 0.07309921352172951692, -3.362009803912832329 ) ) ;
#2354 = VECTOR ( 'NONE', #4161, 1000.000000000000227 ) ;
#2355 = CARTESIAN_POINT ( 'NONE',  ( 2.131461455074789679, 1.782199999999999784, -1.569502186183909798 ) ) ;
#2356 = VECTOR ( 'NONE', #1574, 1000.000000000000000 ) ;
#2357 = CARTESIAN_POINT ( 'NONE',  ( 2.325105313117773242, 1.782199999999999784, -1.228085846872917664 ) ) ;
#2358 = ADVANCED_FACE ( 'NONE', ( #1372 ), #677, .T. ) ;
#2359 = DIRECTION ( 'NONE',  ( 7.938847109757211852E-05, 0.000000000000000000, -0.9999999968487351953 ) ) ;
#2360 = CARTESIAN_POINT ( 'NONE',  ( 2.131461455074789679, 1.777199999999999891, -1.788625948747415650 ) ) ;
#2361 = DIRECTION ( 'NONE',  ( 0.000000000000000000, -0.000000000000000000, -1.000000000000000000 ) ) ;
#2362 = EDGE_CURVE ( 'NONE', #3689, #1828, #3555, .T. ) ;
#2363 = ORIENTED_EDGE ( 'NONE', *, *, #2362, .F. ) ;
#2364 = CARTESIAN_POINT ( 'NONE',  ( 3.852094387556574073, 0.09023104508787432865, -3.401752699757766507 ) ) ;
#2365 = FACE_OUTER_BOUND ( 'NONE', #4345, .T. ) ;
#2366 = STYLED_ITEM ( 'NONE', ( #690 ), #4423 ) ;
#2367 = CARTESIAN_POINT ( 'NONE',  ( 0.9771999999999945175, 0.07280000000000000360, 0.000000000000000000 ) ) ;
#2368 = FILL_AREA_STYLE_COLOUR ( '', #4151 ) ;
#2369 = ORIENTED_EDGE ( 'NONE', *, *, #2962, .T. ) ;
#2370 = VERTEX_POINT ( 'NONE', #3026 ) ;
#2371 = SURFACE_STYLE_USAGE ( .BOTH. , #3062 ) ;
#2372 = CARTESIAN_POINT ( 'NONE',  ( 3.850815866597121495, 1.744272475691364122, -0.08421416039170881440 ) ) ;
#2373 = FACE_OUTER_BOUND ( 'NONE', #835, .T. ) ;
#2374 = FILL_AREA_STYLE ('',( #544 ) ) ;
#2375 = CARTESIAN_POINT ( 'NONE',  ( 2.131461455074789679, 1.782199999999999784, -1.518180063271352687 ) ) ;
#2376 = DIRECTION ( 'NONE',  ( -1.000000000000000000, 0.000000000000000000, 0.000000000000000000 ) ) ;
#2377 = EDGE_CURVE ( 'NONE', #498, #242, #2587, .T. ) ;
#2378 = CARTESIAN_POINT ( 'NONE',  ( 2.420225839608120211, 1.782199999999999784, -2.301641900901354454 ) ) ;
#2379 = FACE_OUTER_BOUND ( 'NONE', #1587, .T. ) ;
#2380 = LINE ( 'NONE', #942, #1122 ) ;
#2381 = ORIENTED_EDGE ( 'NONE', *, *, #2113, .F. ) ;
#2382 = CARTESIAN_POINT ( 'NONE',  ( 3.850611154794318480, 0.08349769668699021097, -3.393223985694740374 ) ) ;
#2383 = FACE_OUTER_BOUND ( 'NONE', #313, .T. ) ;
#2384 = CARTESIAN_POINT ( 'NONE',  ( 3.851704486567831154, 1.749510736034675551, -3.411538966515065496 ) ) ;
#2385 = UNCERTAINTY_MEASURE_WITH_UNIT (LENGTH_MEASURE( 1.000000000000000082E-05 ), #1007, 'distance_accuracy_value', 'NONE');
#2386 = CARTESIAN_POINT ( 'NONE',  ( 0.07279999999999960114, 1.849999999999999867, -0.07280000000000000360 ) ) ;
#2387 = STYLED_ITEM ( 'NONE', ( #1502 ), #124 ) ;
#2388 = ORIENTED_EDGE ( 'NONE', *, *, #640, .T. ) ;
#2389 = FACE_OUTER_BOUND ( 'NONE', #4594, .T. ) ;
#2390 = EDGE_CURVE ( 'NONE', #2232, #1838, #4436, .T. ) ;
#2391 = CARTESIAN_POINT ( 'NONE',  ( 0.9771999999999949615, 1.168436341270918085E-14, 0.000000000000000000 ) ) ;
#2392 = AXIS2_PLACEMENT_3D ( 'NONE', #292, #3168, #4528 ) ;
#2393 = FILL_AREA_STYLE ('',( #4515 ) ) ;
#2394 = FILL_AREA_STYLE_COLOUR ( '', #4510 ) ;
#2395 = AXIS2_PLACEMENT_3D ( 'NONE', #3002, #3339, #1579 ) ;
#2396 = VECTOR ( 'NONE', #1840, 1000.000000000000000 ) ;
#2397 = DIRECTION ( 'NONE',  ( 0.000000000000000000, 0.000000000000000000, 1.000000000000000000 ) ) ;
#2398 = DIRECTION ( 'NONE',  ( -1.000000000000000000, 2.978577396938197768E-15, 0.000000000000000000 ) ) ;
#2399 = AXIS2_PLACEMENT_3D ( 'NONE', #812, #4066, #3715 ) ;
#2400 = CARTESIAN_POINT ( 'NONE',  ( 2.229418434705821017, 1.777199999999999891, -2.356628101727054059 ) ) ;
#2401 =( GEOMETRIC_REPRESENTATION_CONTEXT ( 3 ) GLOBAL_UNCERTAINTY_ASSIGNED_CONTEXT ( ( #950 ) ) GLOBAL_UNIT_ASSIGNED_CONTEXT ( ( #3118, #4183, #2033 ) ) REPRESENTATION_CONTEXT ( 'NONE', 'WORKASPACE' ) );
#2402 = DIRECTION ( 'NONE',  ( -0.000000000000000000, -1.000000000000000000, 0.000000000000000000 ) ) ;
#2403 = ORIENTED_EDGE ( 'NONE', *, *, #1448, .T. ) ;
#2404 = MECHANICAL_DESIGN_GEOMETRIC_PRESENTATION_REPRESENTATION (  '', ( #2105 ), #357 ) ;
#2405 = AXIS2_PLACEMENT_3D ( 'NONE', #612, #2736, #3139 ) ;
#2406 = PLANE ( 'NONE',  #1798 ) ;
#2407 = CARTESIAN_POINT ( 'NONE',  ( 1.047905612443421841, 0.09824730024223264635, -3.409768954912124617 ) ) ;
#2408 = SURFACE_SIDE_STYLE ('',( #3123 ) ) ;
#2409 = ADVANCED_FACE ( 'NONE', ( #470 ), #3705, .T. ) ;
#2410 = VECTOR ( 'NONE', #3845, 1000.000000000000000 ) ;
#2411 = ORIENTED_EDGE ( 'NONE', *, *, #3004, .F. ) ;
#2412 = LINE ( 'NONE', #3843, #3811 ) ;
#2413 = FILL_AREA_STYLE_COLOUR ( '', #3666 ) ;
#2414 = CARTESIAN_POINT ( 'NONE',  ( 2.350880583661799861, 1.782199999999999784, -0.6689799213428695435 ) ) ;
#2415 = PRESENTATION_LAYER_ASSIGNMENT (  '', '', ( #524 ) ) ;
#2416 = ORIENTED_EDGE ( 'NONE', *, *, #2623, .F. ) ;
#2417 = EDGE_CURVE ( 'NONE', #2932, #1705, #2958, .T. ) ;
#2418 = PRESENTATION_STYLE_ASSIGNMENT (( #2045 ) ) ;
#2419 = SURFACE_STYLE_USAGE ( .BOTH. , #1696 ) ;
#2420 = VECTOR ( 'NONE', #2833, 1000.000000000000000 ) ;
#2421 =( NAMED_UNIT ( * ) SI_UNIT ( $, .STERADIAN. ) SOLID_ANGLE_UNIT ( ) );
#2422 = ORIENTED_EDGE ( 'NONE', *, *, #2648, .T. ) ;
#2423 = AXIS2_PLACEMENT_3D ( 'NONE', #4074, #2304, #2255 ) ;
#2424 = LINE ( 'NONE', #2000, #346 ) ;
#2425 = LINE ( 'NONE', #1284, #2187 ) ;
#2426 = CARTESIAN_POINT ( 'NONE',  ( 4.827200000000001268, 0.07280000000000000360, -0.07280000000000000360 ) ) ;
#2427 = ORIENTED_EDGE ( 'NONE', *, *, #4627, .F. ) ;
#2428 = CARTESIAN_POINT ( 'NONE',  ( 3.852582322781696433, 0.09213028007372228712, -3.403885027414822684 ) ) ;
#2429 =( LENGTH_UNIT ( ) NAMED_UNIT ( * ) SI_UNIT ( .MILLI., .METRE. ) );
#2430 = CARTESIAN_POINT ( 'NONE',  ( 2.131461455074789679, 1.782199999999999784, -1.138056229662791852 ) ) ;
#2431 = DIRECTION ( 'NONE',  ( 0.9610674221107078363, 0.000000000000000000, 0.2763139702539095799 ) ) ;
#2432 =( NAMED_UNIT ( * ) PLANE_ANGLE_UNIT ( ) SI_UNIT ( $, .RADIAN. ) );
#2433 = UNCERTAINTY_MEASURE_WITH_UNIT (LENGTH_MEASURE( 1.000000000000000082E-05 ), #3011, 'distance_accuracy_value', 'NONE');
#2434 = FILL_AREA_STYLE_COLOUR ( '', #2128 ) ;
#2435 = EDGE_LOOP ( 'NONE', ( #582, #2294, #1795, #1268 ) ) ;
#2436 = CARTESIAN_POINT ( 'NONE',  ( 1.050001800200625279, 1.712009803912834638, -3.426900786478270344 ) ) ;
#2437 = CARTESIAN_POINT ( 'NONE',  ( 2.548089955612195201, 1.782199999999999784, -2.507346551699583870 ) ) ;
#2438 = ADVANCED_FACE ( 'NONE', ( #120 ), #2658, .T. ) ;
#2439 = CARTESIAN_POINT ( 'NONE',  ( 3.850000000000000089, 0.000000000000000000, -0.07280000000000003135 ) ) ;
#2440 = ADVANCED_FACE ( 'NONE', ( #2977 ), #2326, .T. ) ;
#2441 = ORIENTED_EDGE ( 'NONE', *, *, #905, .T. ) ;
#2442 = DIRECTION ( 'NONE',  ( 1.000000000000000000, -2.978577396938197768E-15, 0.000000000000000000 ) ) ;
#2443 = FACE_OUTER_BOUND ( 'NONE', #380, .T. ) ;
#2444 = CARTESIAN_POINT ( 'NONE',  ( 2.646000000000010122, 1.777199999999999891, -2.090815050663394015 ) ) ;
#2445 = ADVANCED_FACE ( 'NONE', ( #4403 ), #3390, .F. ) ;
#2446 = FACE_OUTER_BOUND ( 'NONE', #850, .T. ) ;
#2447 = LINE ( 'NONE', #4521, #2034 ) ;
#2448 = ADVANCED_FACE ( 'NONE', ( #3044 ), #1228, .F. ) ;
#2449 = DIRECTION ( 'NONE',  ( -0.000000000000000000, -1.000000000000000000, 0.000000000000000000 ) ) ;
#2450 = VERTEX_POINT ( 'NONE', #896 ) ;
#2451 = CARTESIAN_POINT ( 'NONE',  ( 4.900000000000000355, 0.07280000000000000360, -0.07280000000000000360 ) ) ;
#2452 = DIRECTION ( 'NONE',  ( -0.000000000000000000, -0.000000000000000000, 1.000000000000000000 ) ) ;
#2453 = PRESENTATION_LAYER_ASSIGNMENT (  '', '', ( #254 ) ) ;
#2454 = CARTESIAN_POINT ( 'NONE',  ( 2.325122522707465222, 1.777199999999999891, -2.549591398757555361 ) ) ;
#2455 = CARTESIAN_POINT ( 'NONE',  ( 0.07279999999999960114, 1.777199999999999891, -0.07280000000000000360 ) ) ;
#2456 = ORIENTED_EDGE ( 'NONE', *, *, #1302, .T. ) ;
#2457 =( GEOMETRIC_REPRESENTATION_CONTEXT ( 3 ) GLOBAL_UNCERTAINTY_ASSIGNED_CONTEXT ( ( #3882 ) ) GLOBAL_UNIT_ASSIGNED_CONTEXT ( ( #1951, #3440, #1582 ) ) REPRESENTATION_CONTEXT ( 'NONE', 'WORKASPACE' ) );
#2458 = CARTESIAN_POINT ( 'NONE',  ( 2.131461455074789679, 1.782199999999999784, -2.176825446628522176 ) ) ;
#2459 =( LENGTH_UNIT ( ) NAMED_UNIT ( * ) SI_UNIT ( .MILLI., .METRE. ) );
#2460 =( NAMED_UNIT ( * ) SI_UNIT ( $, .STERADIAN. ) SOLID_ANGLE_UNIT ( ) );
#2461 = PRESENTATION_LAYER_ASSIGNMENT (  '', '', ( #3051 ) ) ;
#2462 = CARTESIAN_POINT ( 'NONE',  ( 3.851072090335043718, 1.762799849230893612, -0.08720015076910675456 ) ) ;
#2463 = VERTEX_POINT ( 'NONE', #3879 ) ;
#2464 = CARTESIAN_POINT ( 'NONE',  ( 2.646000000000010122, 1.782199999999999784, -0.7760298214970402508 ) ) ;
#2465 = PRESENTATION_LAYER_ASSIGNMENT (  '', '', ( #1299 ) ) ;
#2466 = CARTESIAN_POINT ( 'NONE',  ( 1.049564823986085749, 1.769251902777221330, -0.1125232603454665165 ) ) ;
#2467 = CIRCLE ( 'NONE', #2392, 0.07280000000000003135 ) ;
#2468 = EDGE_CURVE ( 'NONE', #1693, #4035, #2709, .T. ) ;
#2469 = FILL_AREA_STYLE ('',( #774 ) ) ;
#2470 = CARTESIAN_POINT ( 'NONE',  ( 3.922800000000000509, 1.777199999999999891, 0.000000000000000000 ) ) ;
#2471 = CIRCLE ( 'NONE', #2771, 0.07280000000000003135 ) ;
#2472 = CARTESIAN_POINT ( 'NONE',  ( 2.230809282385251890, 1.782199999999999784, -2.748844018251972887 ) ) ;
#2473 = COLOUR_RGB ( '',0.7686274509803920907, 0.7686274509803920907, 0.7686274509803920907 ) ;
#2474 = CIRCLE ( 'NONE', #425, 0.07280000000000003135 ) ;
#2475 = ORIENTED_EDGE ( 'NONE', *, *, #4469, .F. ) ;
#2476 = ADVANCED_FACE ( 'NONE', ( #4252 ), #3190, .F. ) ;
#2477 =( LENGTH_UNIT ( ) NAMED_UNIT ( * ) SI_UNIT ( .MILLI., .METRE. ) );
#2478 = CARTESIAN_POINT ( 'NONE',  ( 1.049999999999999822, 0.000000000000000000, -0.07280000000000003135 ) ) ;
#2479 = DIRECTION ( 'NONE',  ( 0.000000000000000000, 0.000000000000000000, -1.000000000000000000 ) ) ;
#2480 = AXIS2_PLACEMENT_3D ( 'NONE', #1882, #2505, #1172 ) ;
#2481 = VECTOR ( 'NONE', #843, 1000.000000000000000 ) ;
#2482 = APPLICATION_CONTEXT ( 'automotive_design' ) ;
#2483 = DIRECTION ( 'NONE',  ( 0.000000000000000000, -1.000000000000000000, 3.723221746172748689E-16 ) ) ;
#2484 = EDGE_LOOP ( 'NONE', ( #2675, #3290, #3110, #4221 ) ) ;
#2485 = STYLED_ITEM ( 'NONE', ( #1999 ), #2963 ) ;
#2486 = COLOUR_RGB ( '',0.7686274509803920907, 0.7686274509803920907, 0.7686274509803920907 ) ;
#2487 = EDGE_CURVE ( 'NONE', #1424, #2588, #4621, .T. ) ;
#2488 = CARTESIAN_POINT ( 'NONE',  ( 0.9771999999999992914, 1.849999999999999867, 0.000000000000000000 ) ) ;
#2489 = FACE_OUTER_BOUND ( 'NONE', #3994, .T. ) ;
#2490 = MECHANICAL_DESIGN_GEOMETRIC_PRESENTATION_REPRESENTATION (  '', ( #3449 ), #3761 ) ;
#2491 = DIRECTION ( 'NONE',  ( 0.9237839814038673047, 0.000000000000000000, -0.3829140317376987790 ) ) ;
#2492 = PLANE ( 'NONE',  #4295 ) ;
#2493 = ORIENTED_EDGE ( 'NONE', *, *, #317, .F. ) ;
#2494 = FILL_AREA_STYLE_COLOUR ( '', #564 ) ;
#2495 = VECTOR ( 'NONE', #4185, 1000.000000000000000 ) ;
#2496 = AXIS2_PLACEMENT_3D ( 'NONE', #1687, #2827, #995 ) ;
#2497 = FILL_AREA_STYLE ('',( #3508 ) ) ;
#2498 = CIRCLE ( 'NONE', #1336, 0.07280000000000000360 ) ;
#2499 = CARTESIAN_POINT ( 'NONE',  ( 2.131461455074789679, 1.782199999999999784, -1.138056229662791852 ) ) ;
#2500 = ADVANCED_FACE ( 'NONE', ( #2097 ), #3543, .F. ) ;
#2501 = COLOUR_RGB ( '',0.7686274509803920907, 0.7686274509803920907, 0.7686274509803920907 ) ;
#2502 = ORIENTED_EDGE ( 'NONE', *, *, #2999, .T. ) ;
#2503 = DIRECTION ( 'NONE',  ( 0.9610664548998939516, 0.000000000000000000, 0.2763173343569854667 ) ) ;
#2504 = FACE_OUTER_BOUND ( 'NONE', #2603, .T. ) ;
#2505 = DIRECTION ( 'NONE',  ( 0.000000000000000000, 1.000000000000000000, 0.000000000000000000 ) ) ;
#2506 = CARTESIAN_POINT ( 'NONE',  ( 4.827200000000001268, 0.07280000000000000360, -3.500000000000000000 ) ) ;
#2507 = DIRECTION ( 'NONE',  ( -0.000000000000000000, -3.723221746172748196E-16, -1.000000000000000000 ) ) ;
#2508 = DIRECTION ( 'NONE',  ( 0.000000000000000000, 0.000000000000000000, -1.000000000000000000 ) ) ;
#2509 = VERTEX_POINT ( 'NONE', #1707 ) ;
#2510 = DIRECTION ( 'NONE',  ( 0.000000000000000000, 0.000000000000000000, -1.000000000000000000 ) ) ;
#2511 = DIRECTION ( 'NONE',  ( 0.000000000000000000, 0.000000000000000000, -1.000000000000000000 ) ) ;
#2512 = CARTESIAN_POINT ( 'NONE',  ( 1.047417677218303256, 1.753885027414822551, -0.09213028007372227324 ) ) ;
#2513 = DIRECTION ( 'NONE',  ( 0.000000000000000000, 0.000000000000000000, 1.000000000000000000 ) ) ;
#2514 = ORIENTED_EDGE ( 'NONE', *, *, #728, .F. ) ;
#2515 = CARTESIAN_POINT ( 'NONE',  ( 4.827200000000001268, 1.849999999999999867, -3.427200000000000024 ) ) ;
#2516 = DIRECTION ( 'NONE',  ( -0.2746918797667187717, 0.000000000000000000, 0.9615323037684312402 ) ) ;
#2517 = DIRECTION ( 'NONE',  ( 0.000000000000000000, 0.000000000000000000, -1.000000000000000000 ) ) ;
#2518 = FILL_AREA_STYLE_COLOUR ( '', #64 ) ;
#2519 = VERTEX_POINT ( 'NONE', #4279 ) ;
#2520 = EDGE_CURVE ( 'NONE', #1193, #1992, #1292, .T. ) ;
#2521 = SURFACE_STYLE_USAGE ( .BOTH. , #1287 ) ;
#2522 = CARTESIAN_POINT ( 'NONE',  ( 4.827200000000001268, 0.000000000000000000, 0.000000000000000000 ) ) ;
#2523 = LINE ( 'NONE', #786, #4196 ) ;
#2524 = CARTESIAN_POINT ( 'NONE',  ( 4.900000000000000355, 1.777199999999999891, -3.427200000000000024 ) ) ;
#2525 = UNCERTAINTY_MEASURE_WITH_UNIT (LENGTH_MEASURE( 1.000000000000000082E-05 ), #1599, 'distance_accuracy_value', 'NONE');
#2526 = DIRECTION ( 'NONE',  ( 0.000000000000000000, -0.000000000000000000, 1.000000000000000000 ) ) ;
#2527 = EDGE_LOOP ( 'NONE', ( #1152, #3967, #2698, #846 ) ) ;
#2528 = CARTESIAN_POINT ( 'NONE',  ( 2.187919857998915862, 1.782199999999999784, -1.675837106146426336 ) ) ;
#2529 =( NAMED_UNIT ( * ) PLANE_ANGLE_UNIT ( ) SI_UNIT ( $, .RADIAN. ) );
#2530 = DIRECTION ( 'NONE',  ( 0.000000000000000000, 0.000000000000000000, 1.000000000000000000 ) ) ;
#2531 = VERTEX_POINT ( 'NONE', #3755 ) ;
#2532 = ORIENTED_EDGE ( 'NONE', *, *, #1296, .T. ) ;
#2533 = EDGE_CURVE ( 'NONE', #2296, #4432, #1394, .T. ) ;
#2534 = VECTOR ( 'NONE', #1279, 1000.000000000000000 ) ;
#2535 = ORIENTED_EDGE ( 'NONE', *, *, #4420, .T. ) ;
#2536 = EDGE_CURVE ( 'NONE', #2055, #1940, #4643, .T. ) ;
#2537 = DIRECTION ( 'NONE',  ( -0.9619530280415478085, 0.000000000000000000, -0.2732148821746301914 ) ) ;
#2538 = COLOUR_RGB ( '',0.7686274509803920907, 0.7686274509803920907, 0.7686274509803920907 ) ;
#2539 = ORIENTED_EDGE ( 'NONE', *, *, #1846, .F. ) ;
#2540 = CARTESIAN_POINT ( 'NONE',  ( 4.827200000000001268, 0.07280000000000000360, 0.000000000000000000 ) ) ;
#2541 = EDGE_LOOP ( 'NONE', ( #4482, #1916, #3334, #3187 ) ) ;
#2542 = COLOUR_RGB ( '',0.7686274509803920907, 0.7686274509803920907, 0.7686274509803920907 ) ;
#2543 = CARTESIAN_POINT ( 'NONE',  ( 4.827200000000001268, 1.849999999999999867, 0.000000000000000000 ) ) ;
#2544 = EDGE_CURVE ( 'NONE', #4172, #1225, #1382, .T. ) ;
#2545 =( NAMED_UNIT ( * ) SI_UNIT ( $, .STERADIAN. ) SOLID_ANGLE_UNIT ( ) );
#2546 = EDGE_CURVE ( 'NONE', #1705, #2262, #2074, .T. ) ;
#2547 = SURFACE_STYLE_USAGE ( .BOTH. , #2595 ) ;
#2548 = AXIS2_PLACEMENT_3D ( 'NONE', #3870, #2376, #2397 ) ;
#2549 = SURFACE_SIDE_STYLE ('',( #1489 ) ) ;
#2550 = ORIENTED_EDGE ( 'NONE', *, *, #2192, .F. ) ;
#2551 = DIRECTION ( 'NONE',  ( -0.000000000000000000, -1.000000000000000000, 0.000000000000000000 ) ) ;
#2552 = VECTOR ( 'NONE', #699, 1000.000000000000000 ) ;
#2553 = PLANE ( 'NONE',  #4347 ) ;
#2554 = PRESENTATION_LAYER_ASSIGNMENT (  '', '', ( #4115 ) ) ;
#2555 = ADVANCED_FACE ( 'NONE', ( #741 ), #1488, .T. ) ;
#2556 = SURFACE_STYLE_USAGE ( .BOTH. , #672 ) ;
#2557 = ORIENTED_EDGE ( 'NONE', *, *, #3738, .F. ) ;
#2558 = ORIENTED_EDGE ( 'NONE', *, *, #1749, .F. ) ;
#2559 = PLANE ( 'NONE',  #3807 ) ;
#2560 = LINE ( 'NONE', #4294, #2257 ) ;
#2561 = VECTOR ( 'NONE', #1532, 1000.000000000000000 ) ;
#2562 = FILL_AREA_STYLE_COLOUR ( '', #2712 ) ;
#2563 = EDGE_CURVE ( 'NONE', #2632, #117, #709, .T. ) ;
#2564 = ORIENTED_EDGE ( 'NONE', *, *, #2900, .F. ) ;
#2565 = CARTESIAN_POINT ( 'NONE',  ( 1.049999999999999600, 0.07280000000000003135, -0.07280000000000003135 ) ) ;
#2566 = STYLED_ITEM ( 'NONE', ( #1278 ), #3292 ) ;
#2567 = ORIENTED_EDGE ( 'NONE', *, *, #775, .T. ) ;
#2568 = EDGE_CURVE ( 'NONE', #169, #2632, #1811, .T. ) ;
#2569 = CARTESIAN_POINT ( 'NONE',  ( 3.853192632527818517, 0.09412262632961936049, -0.09412262632961937436 ) ) ;
#2570 = EDGE_LOOP ( 'NONE', ( #2441, #3610, #3465 ) ) ;
#2571 = PRESENTATION_LAYER_ASSIGNMENT (  '', '', ( #1332 ) ) ;
#2572 = PLANE ( 'NONE',  #2624 ) ;
#2573 =( NAMED_UNIT ( * ) PLANE_ANGLE_UNIT ( ) SI_UNIT ( $, .RADIAN. ) );
#2574 = CARTESIAN_POINT ( 'NONE',  ( 2.420225839607043739, 1.777199999999999891, -1.421762559585259877 ) ) ;
#2575 = VECTOR ( 'NONE', #2940, 1000.000000000000000 ) ;
#2576 = SURFACE_STYLE_USAGE ( .BOTH. , #1107 ) ;
#2577 =( NAMED_UNIT ( * ) SI_UNIT ( $, .STERADIAN. ) SOLID_ANGLE_UNIT ( ) );
#2578 = ORIENTED_EDGE ( 'NONE', *, *, #867, .T. ) ;
#2579 = LINE ( 'NONE', #3570, #262 ) ;
#2580 = CARTESIAN_POINT ( 'NONE',  ( 3.850000000000000977, 1.777199999999999891, -3.500000000000000000 ) ) ;
#2581 = CARTESIAN_POINT ( 'NONE',  ( 3.850815866597121495, 0.08421416039170877277, -0.1057275243086357036 ) ) ;
#2582 =( GEOMETRIC_REPRESENTATION_CONTEXT ( 3 ) GLOBAL_UNCERTAINTY_ASSIGNED_CONTEXT ( ( #4353 ) ) GLOBAL_UNIT_ASSIGNED_CONTEXT ( ( #2341, #241, #1591 ) ) REPRESENTATION_CONTEXT ( 'NONE', 'WORKASPACE' ) );
#2583 = ORIENTED_EDGE ( 'NONE', *, *, #1634, .F. ) ;
#2584 = ORIENTED_EDGE ( 'NONE', *, *, #4246, .F. ) ;
#2585 = ADVANCED_FACE ( 'NONE', ( #3258 ), #333, .F. ) ;
#2586 = DIRECTION ( 'NONE',  ( 0.000000000000000000, -0.000000000000000000, 1.000000000000000000 ) ) ;
#2587 = LINE ( 'NONE', #3630, #3436 ) ;
#2588 = VERTEX_POINT ( 'NONE', #2574 ) ;
#2589 = LINE ( 'NONE', #1190, #2936 ) ;
#2590 = EDGE_LOOP ( 'NONE', ( #3677, #2866, #877, #2643 ) ) ;
#2591 = CARTESIAN_POINT ( 'NONE',  ( 2.185713901613333121, 1.777199999999999891, -2.030318652395434409 ) ) ;
#2592 = ORIENTED_EDGE ( 'NONE', *, *, #4178, .T. ) ;
#2593 = LINE ( 'NONE', #1194, #1234 ) ;
#2594 =( NAMED_UNIT ( * ) SI_UNIT ( $, .STERADIAN. ) SOLID_ANGLE_UNIT ( ) );
#2595 = SURFACE_SIDE_STYLE ('',( #11 ) ) ;
#2596 = SURFACE_STYLE_FILL_AREA ( #3620 ) ;
#2597 =( LENGTH_UNIT ( ) NAMED_UNIT ( * ) SI_UNIT ( .MILLI., .METRE. ) );
#2598 = VERTEX_POINT ( 'NONE', #34 ) ;
#2599 = DIRECTION ( 'NONE',  ( 0.000000000000000000, 0.000000000000000000, 1.000000000000000000 ) ) ;
#2600 =( LENGTH_UNIT ( ) NAMED_UNIT ( * ) SI_UNIT ( .MILLI., .METRE. ) );
#2601 =( NAMED_UNIT ( * ) SI_UNIT ( $, .STERADIAN. ) SOLID_ANGLE_UNIT ( ) );
#2602 = CARTESIAN_POINT ( 'NONE',  ( 3.922800000000000509, 1.849999999999999867, -3.427200000000000024 ) ) ;
#2603 = EDGE_LOOP ( 'NONE', ( #4466, #625, #2318, #2196, #4624, #3409 ) ) ;
#2604 = ORIENTED_EDGE ( 'NONE', *, *, #4171, .T. ) ;
#2605 = DIRECTION ( 'NONE',  ( 0.9610664548998939516, 0.000000000000000000, 0.2763173343569854667 ) ) ;
#2606 = LINE ( 'NONE', #310, #943 ) ;
#2607 = SURFACE_STYLE_FILL_AREA ( #4383 ) ;
#2608 = DIRECTION ( 'NONE',  ( 1.000000000000000000, 0.000000000000000000, 0.000000000000000000 ) ) ;
#2609 = EDGE_CURVE ( 'NONE', #952, #297, #2523, .T. ) ;
#2610 = ORIENTED_EDGE ( 'NONE', *, *, #1719, .F. ) ;
#2611 = MECHANICAL_DESIGN_GEOMETRIC_PRESENTATION_REPRESENTATION (  '', ( #254 ), #2457 ) ;
#2612 = CARTESIAN_POINT ( 'NONE',  ( 1.049999999999999600, 1.777199999999999891, -3.427200000000000024 ) ) ;
#2613 = CARTESIAN_POINT ( 'NONE',  ( -0.8070152987309990866, 1.777199999999999447, 0.007919489514314502487 ) ) ;
#2614 = ORIENTED_EDGE ( 'NONE', *, *, #3957, .F. ) ;
#2615 = ADVANCED_FACE ( 'NONE', ( #1459 ), #2224, .T. ) ;
#2616 = MECHANICAL_DESIGN_GEOMETRIC_PRESENTATION_REPRESENTATION (  '', ( #3051 ), #2084 ) ;
#2617 = ORIENTED_EDGE ( 'NONE', *, *, #4654, .T. ) ;
#2618 = DIRECTION ( 'NONE',  ( -0.9237839814038673047, 0.000000000000000000, 0.3829140317376987235 ) ) ;
#2619 = CARTESIAN_POINT ( 'NONE',  ( 3.850000000000000089, 1.777199999999999891, -3.427200000000000024 ) ) ;
#2620 = DIRECTION ( 'NONE',  ( -0.000000000000000000, -1.000000000000000000, 0.000000000000000000 ) ) ;
#2621 = UNCERTAINTY_MEASURE_WITH_UNIT (LENGTH_MEASURE( 1.000000000000000082E-05 ), #106, 'distance_accuracy_value', 'NONE');
#2622 = SURFACE_STYLE_FILL_AREA ( #3980 ) ;
#2623 = EDGE_CURVE ( 'NONE', #4241, #4671, #1040, .T. ) ;
#2624 = AXIS2_PLACEMENT_3D ( 'NONE', #3976, #32, #1456 ) ;
#2625 = VERTEX_POINT ( 'NONE', #3767 ) ;
#2626 = CARTESIAN_POINT ( 'NONE',  ( 0.07280000000000000360, 1.777199999999999891, -3.427200000000000024 ) ) ;
#2627 =( GEOMETRIC_REPRESENTATION_CONTEXT ( 3 ) GLOBAL_UNCERTAINTY_ASSIGNED_CONTEXT ( ( #2672 ) ) GLOBAL_UNIT_ASSIGNED_CONTEXT ( ( #1239, #920, #1301 ) ) REPRESENTATION_CONTEXT ( 'NONE', 'WORKASPACE' ) );
#2628 =( LENGTH_UNIT ( ) NAMED_UNIT ( * ) SI_UNIT ( .MILLI., .METRE. ) );
#2629 = EDGE_CURVE ( 'NONE', #648, #2450, #4040, .T. ) ;
#2630 = ORIENTED_EDGE ( 'NONE', *, *, #3386, .F. ) ;
#2631 = PRESENTATION_LAYER_ASSIGNMENT (  '', '', ( #1237 ) ) ;
#2632 = VERTEX_POINT ( 'NONE', #4416 ) ;
#2633 = AXIS2_PLACEMENT_3D ( 'NONE', #1494, #4379, #793 ) ;
#2634 = CARTESIAN_POINT ( 'NONE',  ( 4.900000000000000355, 0.000000000000000000, 0.000000000000000000 ) ) ;
#2635 = FILL_AREA_STYLE_COLOUR ( '', #3442 ) ;
#2636 = VECTOR ( 'NONE', #3328, 1000.000000000000000 ) ;
#2637 = CYLINDRICAL_SURFACE ( 'NONE', #2037, 0.07280000000000000360 ) ;
#2638 = VECTOR ( 'NONE', #1082, 1000.000000000000000 ) ;
#2639 = VECTOR ( 'NONE', #3731, 1000.000000000000000 ) ;
#2640 = AXIS2_PLACEMENT_3D ( 'NONE', #2190, #654, #1078 ) ;
#2641 = CARTESIAN_POINT ( 'NONE',  ( 3.850258766749323769, 1.770516760541456680, -0.1140762683298840591 ) ) ;
#2642 = PRESENTATION_STYLE_ASSIGNMENT (( #1191 ) ) ;
#2643 = ORIENTED_EDGE ( 'NONE', *, *, #1431, .T. ) ;
#2644 = AXIS2_PLACEMENT_3D ( 'NONE', #1675, #1692, #4481 ) ;
#2645 = CARTESIAN_POINT ( 'NONE',  ( 2.229401225116402596, 1.777199999999999891, -1.255934090619534649 ) ) ;
#2646 = EDGE_LOOP ( 'NONE', ( #3388, #4381, #3458, #4150 ) ) ;
#2647 = DIRECTION ( 'NONE',  ( 1.000000000000000000, 0.000000000000000000, 0.000000000000000000 ) ) ;
#2648 = EDGE_CURVE ( 'NONE', #2980, #2152, #3694, .T. ) ;
#2649 = COLOUR_RGB ( '',0.7686274509803920907, 0.7686274509803920907, 0.7686274509803920907 ) ;
#2650 = FILL_AREA_STYLE ('',( #2337 ) ) ;
#2651 = DIRECTION ( 'NONE',  ( -0.9615825319869173438, 0.000000000000000000, -0.2745159998572559990 ) ) ;
#2652 = ORIENTED_EDGE ( 'NONE', *, *, #356, .F. ) ;
#2653 = PRESENTATION_STYLE_ASSIGNMENT (( #485 ) ) ;
#2654 = VECTOR ( 'NONE', #3299, 1000.000000000000000 ) ;
#2655 = ORIENTED_EDGE ( 'NONE', *, *, #4171, .F. ) ;
#2656 = VERTEX_POINT ( 'NONE', #109 ) ;
#2657 =( LENGTH_UNIT ( ) NAMED_UNIT ( * ) SI_UNIT ( .MILLI., .METRE. ) );
#2658 = CYLINDRICAL_SURFACE ( 'NONE', #3506, 0.07280000000000000360 ) ;
#2659 = SURFACE_SIDE_STYLE ('',( #827 ) ) ;
#2660 = ORIENTED_EDGE ( 'NONE', *, *, #2727, .T. ) ;
#2661 = CARTESIAN_POINT ( 'NONE',  ( 2.350880583661799861, 1.782199999999999784, -0.6689799213428695435 ) ) ;
#2662 = CYLINDRICAL_SURFACE ( 'NONE', #3287, 0.07280000000000003135 ) ;
#2663 = ORIENTED_EDGE ( 'NONE', *, *, #237, .F. ) ;
#2664 = DIRECTION ( 'NONE',  ( 0.000000000000000000, 0.000000000000000000, -1.000000000000000000 ) ) ;
#2665 = LINE ( 'NONE', #1960, #2106 ) ;
#2666 = CARTESIAN_POINT ( 'NONE',  ( 2.646000000000000796, 1.782199999999999784, -0.4375000000000000000 ) ) ;
#2667 = LINE ( 'NONE', #3380, #663 ) ;
#2668 = DIRECTION ( 'NONE',  ( -1.000000000000000000, 0.000000000000000000, 0.000000000000000000 ) ) ;
#2669 = ORIENTED_EDGE ( 'NONE', *, *, #3771, .F. ) ;
#2670 = CARTESIAN_POINT ( 'NONE',  ( 4.827200000000001268, 0.07280000000000000360, 0.000000000000000000 ) ) ;
#2671 = CARTESIAN_POINT ( 'NONE',  ( 3.850611154794318480, 1.743223985694740685, -3.416502303313009303 ) ) ;
#2672 = UNCERTAINTY_MEASURE_WITH_UNIT (LENGTH_MEASURE( 1.000000000000000082E-05 ), #1239, 'distance_accuracy_value', 'NONE');
#2673 = FACE_OUTER_BOUND ( 'NONE', #1755, .T. ) ;
#2674 = ORIENTED_EDGE ( 'NONE', *, *, #3572, .F. ) ;
#2675 = ORIENTED_EDGE ( 'NONE', *, *, #4139, .T. ) ;
#2676 = FILL_AREA_STYLE_COLOUR ( '', #2759 ) ;
#2677 = LINE ( 'NONE', #1974, #1473 ) ;
#2678 = DIRECTION ( 'NONE',  ( 0.9610348236706638403, 0.000000000000000000, 0.2764273280489756845 ) ) ;
#2679 = VERTEX_POINT ( 'NONE', #3032 ) ;
#2680 = CARTESIAN_POINT ( 'NONE',  ( 1.049564823986081086, 0.1125232603454675712, -0.08074809722277782875 ) ) ;
#2681 = LINE ( 'NONE', #3322, #4587 ) ;
#2682 = LINE ( 'NONE', #4105, #4368 ) ;
#2683 = EDGE_CURVE ( 'NONE', #19, #353, #882, .T. ) ;
#2684 = VERTEX_POINT ( 'NONE', #2272 ) ;
#2685 = SPHERICAL_SURFACE ( 'NONE', #570, 0.07280000000000000360 ) ;
#2686 = DIRECTION ( 'NONE',  ( 0.9985542843760948362, 0.000000000000000000, 0.05375259206908061110 ) ) ;
#2687 = DIRECTION ( 'NONE',  ( -0.000000000000000000, -1.000000000000000000, 0.000000000000000000 ) ) ;
#2688 = VECTOR ( 'NONE', #1291, 1000.000000000000000 ) ;
#2689 = SURFACE_STYLE_USAGE ( .BOTH. , #2316 ) ;
#2690 = SURFACE_SIDE_STYLE ('',( #1217 ) ) ;
#2691 = ORIENTED_EDGE ( 'NONE', *, *, #4140, .T. ) ;
#2692 = AXIS2_PLACEMENT_3D ( 'NONE', #3497, #4259, #4575 ) ;
#2693 = LINE ( 'NONE', #4092, #4267 ) ;
#2694 = FILL_AREA_STYLE_COLOUR ( '', #3078 ) ;
#2695 = AXIS2_PLACEMENT_3D ( 'NONE', #1569, #113, #1612 ) ;
#2696 = PRESENTATION_STYLE_ASSIGNMENT (( #2741 ) ) ;
#2697 = EDGE_LOOP ( 'NONE', ( #683, #1180, #105, #1832 ) ) ;
#2698 = ORIENTED_EDGE ( 'NONE', *, *, #1526, .F. ) ;
#2699 = LINE ( 'NONE', #118, #868 ) ;
#2700 =( NAMED_UNIT ( * ) SI_UNIT ( $, .STERADIAN. ) SOLID_ANGLE_UNIT ( ) );
#2701 = AXIS2_PLACEMENT_3D ( 'NONE', #2754, #617, #3517 ) ;
#2702 = ADVANCED_FACE ( 'NONE', ( #530 ), #458, .F. ) ;
#2703 = CARTESIAN_POINT ( 'NONE',  ( 0.07280000000000000360, 0.07280000000000000360, -3.427200000000000024 ) ) ;
#2704 = CARTESIAN_POINT ( 'NONE',  ( 4.900000000000000355, 0.07280000000000000360, -3.427200000000000024 ) ) ;
#2705 = PRESENTATION_LAYER_ASSIGNMENT (  '', '', ( #50 ) ) ;
#2706 = AXIS2_PLACEMENT_3D ( 'NONE', #4054, #3534, #73 ) ;
#2707 = ORIENTED_EDGE ( 'NONE', *, *, #3581, .F. ) ;
#2708 = CARTESIAN_POINT ( 'NONE',  ( 2.646000000000010122, 1.782199999999999784, -2.776044555654648693 ) ) ;
#2709 = CIRCLE ( 'NONE', #1639, 0.07280000000000003135 ) ;
#2710 = DIRECTION ( 'NONE',  ( 0.000000000000000000, 0.000000000000000000, -1.000000000000000000 ) ) ;
#2711 = PRESENTATION_LAYER_ASSIGNMENT (  '', '', ( #3672 ) ) ;
#2712 = COLOUR_RGB ( '',0.7686274509803920907, 0.7686274509803920907, 0.7686274509803920907 ) ;
#2713 = SPHERICAL_SURFACE ( 'NONE', #3537, 0.07280000000000000360 ) ;
#2714 = ORIENTED_EDGE ( 'NONE', *, *, #2729, .F. ) ;
#2715 = CARTESIAN_POINT ( 'NONE',  ( 2.131461455074789679, 1.782199999999999784, -0.5853694807669547195 ) ) ;
#2716 = SURFACE_STYLE_USAGE ( .BOTH. , #165 ) ;
#2717 = EDGE_CURVE ( 'NONE', #1097, #516, #1538, .T. ) ;
#2718 = STYLED_ITEM ( 'NONE', ( #3739 ), #3794 ) ;
#2719 = CARTESIAN_POINT ( 'NONE',  ( 2.646000000000010122, 1.782199999999999784, -1.898139623118868524 ) ) ;
#2720 = UNCERTAINTY_MEASURE_WITH_UNIT (LENGTH_MEASURE( 1.000000000000000082E-05 ), #2149, 'distance_accuracy_value', 'NONE');
#2721 = LINE ( 'NONE', #929, #3615 ) ;
#2722 = ORIENTED_EDGE ( 'NONE', *, *, #3541, .F. ) ;
#2723 = ORIENTED_EDGE ( 'NONE', *, *, #2113, .T. ) ;
#2724 = AXIS2_PLACEMENT_3D ( 'NONE', #2002, #1197, #2361 ) ;
#2725 = DIRECTION ( 'NONE',  ( 0.000000000000000000, 0.000000000000000000, -1.000000000000000000 ) ) ;
#2726 = DIRECTION ( 'NONE',  ( -0.9610029908221285888, 0.000000000000000000, -0.2765379750249932211 ) ) ;
#2727 = EDGE_CURVE ( 'NONE', #2055, #361, #3401, .T. ) ;
#2728 = CARTESIAN_POINT ( 'NONE',  ( 1.049999999999994937, 0.07280000000000003135, -3.358199106259448730 ) ) ;
#2729 = EDGE_CURVE ( 'NONE', #2632, #1437, #3856, .T. ) ;
#2730 = ORIENTED_EDGE ( 'NONE', *, *, #1418, .T. ) ;
#2731 = AXIS2_PLACEMENT_3D ( 'NONE', #1423, #3604, #2513 ) ;
#2732 = DIRECTION ( 'NONE',  ( 0.000000000000000000, 0.000000000000000000, 1.000000000000000000 ) ) ;
#2733 = MANIFOLD_SOLID_BREP ( 'Fillet3', #466 ) ;
#2734 = CARTESIAN_POINT ( 'NONE',  ( 3.850258766749323769, 0.1140762683298838509, -0.07948323945854329775 ) ) ;
#2735 = SURFACE_STYLE_FILL_AREA ( #2311 ) ;
#2736 = DIRECTION ( 'NONE',  ( -0.2745159998572560545, 0.000000000000000000, 0.9615825319869174548 ) ) ;
#2737 = CARTESIAN_POINT ( 'NONE',  ( 2.646000000000010122, 1.782199999999999784, -0.9899927494813206552 ) ) ;
#2738 = ORIENTED_EDGE ( 'NONE', *, *, #4140, .F. ) ;
#2739 = EDGE_CURVE ( 'NONE', #2044, #3643, #245, .T. ) ;
#2740 = FILL_AREA_STYLE_COLOUR ( '', #1467 ) ;
#2741 = SURFACE_STYLE_USAGE ( .BOTH. , #4213 ) ;
#2742 = ORIENTED_EDGE ( 'NONE', *, *, #905, .F. ) ;
#2743 = LINE ( 'NONE', #953, #870 ) ;
#2744 = DIRECTION ( 'NONE',  ( 0.8958676361826827250, 0.000000000000000000, 0.4443210308329467728 ) ) ;
#2745 =( BOUNDED_CURVE ( )  B_SPLINE_CURVE ( 3, ( #2268, #1102, #4015, #2569 ),
 .UNSPECIFIED., .F., .T. ) 
 B_SPLINE_CURVE_WITH_KNOTS ( ( 4, 4 ),
 ( 4.712388980384689674, 5.009640341705896560 ),
 .UNSPECIFIED. ) 
 CURVE ( )  GEOMETRIC_REPRESENTATION_ITEM ( )  RATIONAL_B_SPLINE_CURVE ( ( 1.000000000000000000, 0.9926503465430338569, 0.9926503465430338569, 1.000000000000000000 ) ) 
 REPRESENTATION_ITEM ( '' )  );
#2746 = DIRECTION ( 'NONE',  ( -0.000000000000000000, -1.000000000000000000, 0.000000000000000000 ) ) ;
#2747 = EDGE_CURVE ( 'NONE', #2163, #475, #2338, .T. ) ;
#2748 = FILL_AREA_STYLE_COLOUR ( '', #1238 ) ;
#2749 = CARTESIAN_POINT ( 'NONE',  ( 4.900000000000000355, 0.07280000000000000360, -0.07280000000000000360 ) ) ;
#2750 = ADVANCED_FACE ( 'NONE', ( #662 ), #2406, .T. ) ;
#2751 = DIRECTION ( 'NONE',  ( -0.004650693823668810255, 0.000000000000000000, 0.9999891854650021505 ) ) ;
#2752 = FILL_AREA_STYLE ('',( #3115 ) ) ;
#2753 = VERTEX_POINT ( 'NONE', #2506 ) ;
#2754 = CARTESIAN_POINT ( 'NONE',  ( 0.9771999999999995135, 1.777199999999999891, -0.07280000000000003135 ) ) ;
#2755 = CIRCLE ( 'NONE', #1295, 0.07280000000000003135 ) ;
#2756 = LINE ( 'NONE', #2008, #1256 ) ;
#2757 = DIRECTION ( 'NONE',  ( -0.000000000000000000, -1.000000000000000000, 0.000000000000000000 ) ) ;
#2758 = CIRCLE ( 'NONE', #4561, 0.07280000000000000360 ) ;
#2759 = COLOUR_RGB ( '',0.7686274509803920907, 0.7686274509803920907, 0.7686274509803920907 ) ;
#2760 = VERTEX_POINT ( 'NONE', #1412 ) ;
#2761 = PLANE ( 'NONE',  #2916 ) ;
#2762 = CARTESIAN_POINT ( 'NONE',  ( 3.922800000000000509, 0.07280000000000000360, -3.427200000000000024 ) ) ;
#2763 = AXIS2_PLACEMENT_3D ( 'NONE', #1788, #1419, #2510 ) ;
#2764 = CARTESIAN_POINT ( 'NONE',  ( 2.646000000000010122, 1.777199999999999891, -0.5838112303105352785 ) ) ;
#2765 = EDGE_CURVE ( 'NONE', #559, #234, #215, .T. ) ;
#2766 = ORIENTED_EDGE ( 'NONE', *, *, #1401, .F. ) ;
#2767 = FILL_AREA_STYLE_COLOUR ( '', #193 ) ;
#2768 = SURFACE_STYLE_FILL_AREA ( #2393 ) ;
#2769 = VECTOR ( 'NONE', #1881, 1000.000000000000000 ) ;
#2770 = DIRECTION ( 'NONE',  ( 0.000000000000000000, 0.000000000000000000, 1.000000000000000000 ) ) ;
#2771 = AXIS2_PLACEMENT_3D ( 'NONE', #592, #4162, #4492 ) ;
#2772 = MECHANICAL_DESIGN_GEOMETRIC_PRESENTATION_REPRESENTATION (  '', ( #647 ), #3973 ) ;
#2773 = CARTESIAN_POINT ( 'NONE',  ( 2.131461455074789679, 1.777199999999999891, -1.569502186183909798 ) ) ;
#2774 = CARTESIAN_POINT ( 'NONE',  ( 2.187919857998915862, 1.782199999999999784, -1.675837106146426336 ) ) ;
#2775 = PRESENTATION_LAYER_ASSIGNMENT (  '', '', ( #508 ) ) ;
#2776 = CARTESIAN_POINT ( 'NONE',  ( 3.850000000000000533, 1.777199999999999891, -3.358199106259449174 ) ) ;
#2777 =( NAMED_UNIT ( * ) PLANE_ANGLE_UNIT ( ) SI_UNIT ( $, .RADIAN. ) );
#2778 = ORIENTED_EDGE ( 'NONE', *, *, #2979, .T. ) ;
#2779 = ADVANCED_FACE ( 'NONE', ( #3150 ), #4568, .F. ) ;
#2780 = CARTESIAN_POINT ( 'NONE',  ( 3.850111683549548136, 0.07683096162209822333, -3.378288477569294290 ) ) ;
#2781 = STYLED_ITEM ( 'NONE', ( #2642 ), #2908 ) ;
#2782 = SURFACE_STYLE_FILL_AREA ( #598 ) ;
#2783 = SURFACE_SIDE_STYLE ('',( #4280 ) ) ;
#2784 = CARTESIAN_POINT ( 'NONE',  ( 2.131461455074789679, 1.782199999999999784, -1.788625948747415650 ) ) ;
#2785 =( GEOMETRIC_REPRESENTATION_CONTEXT ( 3 ) GLOBAL_UNCERTAINTY_ASSIGNED_CONTEXT ( ( #4212 ) ) GLOBAL_UNIT_ASSIGNED_CONTEXT ( ( #1827, #3294, #1209 ) ) REPRESENTATION_CONTEXT ( 'NONE', 'WORKASPACE' ) );
#2786 = VERTEX_POINT ( 'NONE', #3544 ) ;
#2787 = CARTESIAN_POINT ( 'NONE',  ( 1.048424327829683644, 1.750598832835278396, -3.411155914505482833 ) ) ;
#2788 = SURFACE_STYLE_FILL_AREA ( #300 ) ;
#2789 =( GEOMETRIC_REPRESENTATION_CONTEXT ( 3 ) GLOBAL_UNCERTAINTY_ASSIGNED_CONTEXT ( ( #1573 ) ) GLOBAL_UNIT_ASSIGNED_CONTEXT ( ( #3463, #2529, #2460 ) ) REPRESENTATION_CONTEXT ( 'NONE', 'WORKASPACE' ) );
#2790 = DIRECTION ( 'NONE',  ( 0.2764273280489756290, 0.000000000000000000, -0.9610348236706638403 ) ) ;
#2791 = AXIS2_PLACEMENT_3D ( 'NONE', #4043, #3279, #817 ) ;
#2792 = AXIS2_PLACEMENT_3D ( 'NONE', #4211, #4281, #1043 ) ;
#2793 = VERTEX_POINT ( 'NONE', #3215 ) ;
#2794 = CARTESIAN_POINT ( 'NONE',  ( 0.9771999999999949615, 0.07280000000000000360, 0.000000000000000000 ) ) ;
#2795 = SURFACE_SIDE_STYLE ('',( #2768 ) ) ;
#2796 =( GEOMETRIC_REPRESENTATION_CONTEXT ( 3 ) GLOBAL_UNCERTAINTY_ASSIGNED_CONTEXT ( ( #816 ) ) GLOBAL_UNIT_ASSIGNED_CONTEXT ( ( #919, #4412, #1264 ) ) REPRESENTATION_CONTEXT ( 'NONE', 'WORKASPACE' ) );
#2797 = AXIS2_PLACEMENT_3D ( 'NONE', #4095, #1498, #3749 ) ;
#2798 = FACE_OUTER_BOUND ( 'NONE', #426, .T. ) ;
#2799 = DIRECTION ( 'NONE',  ( 0.2762517575166369976, 0.000000000000000000, -0.9610853065513847993 ) ) ;
#2800 =( GEOMETRIC_REPRESENTATION_CONTEXT ( 3 ) GLOBAL_UNCERTAINTY_ASSIGNED_CONTEXT ( ( #1461 ) ) GLOBAL_UNIT_ASSIGNED_CONTEXT ( ( #3588, #2777, #966 ) ) REPRESENTATION_CONTEXT ( 'NONE', 'WORKASPACE' ) );
#2801 = PRESENTATION_STYLE_ASSIGNMENT (( #594 ) ) ;
#2802 = APPLICATION_PROTOCOL_DEFINITION ( 'draft international standard', 'automotive_design', 1998, #2482 ) ;
#2803 = MANIFOLD_SOLID_BREP ( 'Scale1[3]', #3627 ) ;
#2804 = ORIENTED_EDGE ( 'NONE', *, *, #2717, .F. ) ;
#2805 = DIRECTION ( 'NONE',  ( 0.000000000000000000, 0.000000000000000000, 1.000000000000000000 ) ) ;
#2806 = FILL_AREA_STYLE ('',( #3813 ) ) ;
#2807 = DIRECTION ( 'NONE',  ( 0.000000000000000000, 0.000000000000000000, 1.000000000000000000 ) ) ;
#2808 = ADVANCED_FACE ( 'NONE', ( #2075 ), #1384, .T. ) ;
#2809 = CARTESIAN_POINT ( 'NONE',  ( 1.049999999999999822, 1.769960016085844190, -3.419960016085844767 ) ) ;
#2810 = UNCERTAINTY_MEASURE_WITH_UNIT (LENGTH_MEASURE( 1.000000000000000082E-05 ), #4009, 'distance_accuracy_value', 'NONE');
#2811 = DIRECTION ( 'NONE',  ( -1.000000000000000000, 0.000000000000000000, 0.000000000000000000 ) ) ;
#2812 = ORIENTED_EDGE ( 'NONE', *, *, #3928, .T. ) ;
#2813 = CARTESIAN_POINT ( 'NONE',  ( 1.046807367472176953, 0.09412262632962009601, -0.09412262632961863884 ) ) ;
#2814 =( NAMED_UNIT ( * ) PLANE_ANGLE_UNIT ( ) SI_UNIT ( $, .RADIAN. ) );
#2815 = LINE ( 'NONE', #302, #3910 ) ;
#2816 = LINE ( 'NONE', #645, #1581 ) ;
#2817 = ORIENTED_EDGE ( 'NONE', *, *, #3293, .T. ) ;
#2818 = SURFACE_STYLE_FILL_AREA ( #1 ) ;
#2819 = MANIFOLD_SOLID_BREP ( 'Scale1[1]', #548 ) ;
#2820 = CARTESIAN_POINT ( 'NONE',  ( 0.000000000000000000, 1.777199999999999891, -3.500000000000000000 ) ) ;
#2821 = FACE_OUTER_BOUND ( 'NONE', #47, .T. ) ;
#2822 = EDGE_CURVE ( 'NONE', #4396, #2333, #3983, .T. ) ;
#2823 = VERTEX_POINT ( 'NONE', #4060 ) ;
#2824 = SURFACE_STYLE_FILL_AREA ( #1360 ) ;
#2825 = DIRECTION ( 'NONE',  ( 0.8843386665637649191, 0.000000000000000000, 0.4668459304955138167 ) ) ;
#2826 = SURFACE_STYLE_FILL_AREA ( #1015 ) ;
#2827 = DIRECTION ( 'NONE',  ( -0.2759782365590691122, 0.000000000000000000, 0.9611638845408968512 ) ) ;
#2828 = CARTESIAN_POINT ( 'NONE',  ( 2.646000000000010122, 1.782199999999999784, -0.7760298214970402508 ) ) ;
#2829 = ORIENTED_EDGE ( 'NONE', *, *, #885, .T. ) ;
#2830 = CARTESIAN_POINT ( 'NONE',  ( 1.048295513432164094, 0.08846103348493503105, -0.1004892639653232889 ) ) ;
#2831 = CARTESIAN_POINT ( 'NONE',  ( 3.850815866597121495, 0.1057275243086356897, -3.415785839608291408 ) ) ;
#2832 = MECHANICAL_DESIGN_GEOMETRIC_PRESENTATION_REPRESENTATION (  '', ( #1619 ), #4485 ) ;
#2833 = DIRECTION ( 'NONE',  ( -0.000000000000000000, -1.000000000000000000, 0.000000000000000000 ) ) ;
#2834 = EDGE_CURVE ( 'NONE', #2793, #3847, #3395, .T. ) ;
#2835 = EDGE_LOOP ( 'NONE', ( #1121, #2829, #1290 ) ) ;
#2836 =( NAMED_UNIT ( * ) PLANE_ANGLE_UNIT ( ) SI_UNIT ( $, .RADIAN. ) );
#2837 = EDGE_CURVE ( 'NONE', #3248, #3347, #3655, .T. ) ;
#2838 = LINE ( 'NONE', #3228, #2174 ) ;
#2839 = DIRECTION ( 'NONE',  ( 0.000000000000000000, 0.000000000000000000, 1.000000000000000000 ) ) ;
#2840 = EDGE_CURVE ( 'NONE', #4341, #1424, #4386, .T. ) ;
#2841 = VECTOR ( 'NONE', #784, 1000.000000000000000 ) ;
#2842 = FILL_AREA_STYLE ('',( #445 ) ) ;
#2843 = LINE ( 'NONE', #2499, #1963 ) ;
#2844 = SPHERICAL_SURFACE ( 'NONE', #4217, 0.07280000000000000360 ) ;
#2845 = AXIS2_PLACEMENT_3D ( 'NONE', #3965, #3608, #2138 ) ;
#2846 = VECTOR ( 'NONE', #1202, 1000.000000000000000 ) ;
#2847 = ORIENTED_EDGE ( 'NONE', *, *, #2957, .T. ) ;
#2848 = PRESENTATION_STYLE_ASSIGNMENT (( #2521 ) ) ;
#2849 =( LENGTH_UNIT ( ) NAMED_UNIT ( * ) SI_UNIT ( .MILLI., .METRE. ) );
#2850 = EDGE_CURVE ( 'NONE', #2656, #3605, #2293, .T. ) ;
#2851 = CARTESIAN_POINT ( 'NONE',  ( 2.420225839608120211, 1.782199999999999784, -2.301641900901354454 ) ) ;
#2852 = MECHANICAL_DESIGN_GEOMETRIC_PRESENTATION_REPRESENTATION (  '', ( #280 ), #955 ) ;
#2853 = MECHANICAL_DESIGN_GEOMETRIC_PRESENTATION_REPRESENTATION (  '', ( #143 ), #3596 ) ;
#2854 = FILL_AREA_STYLE_COLOUR ( '', #3371 ) ;
#2855 = PLANE ( 'NONE',  #2792 ) ;
#2856 = UNCERTAINTY_MEASURE_WITH_UNIT (LENGTH_MEASURE( 1.000000000000000082E-05 ), #3354, 'distance_accuracy_value', 'NONE');
#2857 = ORIENTED_EDGE ( 'NONE', *, *, #3462, .F. ) ;
#2858 =( GEOMETRIC_REPRESENTATION_CONTEXT ( 3 ) GLOBAL_UNCERTAINTY_ASSIGNED_CONTEXT ( ( #2346 ) ) GLOBAL_UNIT_ASSIGNED_CONTEXT ( ( #2129, #1758, #1783 ) ) REPRESENTATION_CONTEXT ( 'NONE', 'WORKASPACE' ) );
#2859 = COLOUR_RGB ( '',0.7686274509803920907, 0.7686274509803920907, 0.7686274509803920907 ) ;
#2860 = DIRECTION ( 'NONE',  ( 0.000000000000000000, 0.000000000000000000, 1.000000000000000000 ) ) ;
#2861 = CARTESIAN_POINT ( 'NONE',  ( 2.646000000000010122, 1.782199999999999784, -0.9325870156079367757 ) ) ;
#2862 = ADVANCED_FACE ( 'NONE', ( #129 ), #874, .F. ) ;
#2863 = AXIS2_PLACEMENT_3D ( 'NONE', #1476, #2235, #2608 ) ;
#2864 = DIRECTION ( 'NONE',  ( 1.000000000000000000, 0.000000000000000000, 0.000000000000000000 ) ) ;
#2865 = FILL_AREA_STYLE ('',( #1000 ) ) ;
#2866 = ORIENTED_EDGE ( 'NONE', *, *, #3472, .T. ) ;
#2867 = AXIS2_PLACEMENT_3D ( 'NONE', #3889, #1070, #2864 ) ;
#2868 = LINE ( 'NONE', #2185, #350 ) ;
#2869 = DIRECTION ( 'NONE',  ( -1.000000000000000000, 0.000000000000000000, 0.000000000000000000 ) ) ;
#2870 = VECTOR ( 'NONE', #1759, 1000.000000000000114 ) ;
#2871 = CARTESIAN_POINT ( 'NONE',  ( 4.900000000000000355, 0.07280000000000000360, 0.000000000000000000 ) ) ;
#2872 = AXIS2_PLACEMENT_3D ( 'NONE', #3224, #3529, #3177 ) ;
#2873 = LINE ( 'NONE', #3924, #3984 ) ;
#2874 = CARTESIAN_POINT ( 'NONE',  ( 3.850000000000000977, 1.777199999999999891, -3.354400000000000048 ) ) ;
#2875 = FILL_AREA_STYLE_COLOUR ( '', #3094 ) ;
#2876 = STYLED_ITEM ( 'NONE', ( #3940 ), #4276 ) ;
#2877 = ORIENTED_EDGE ( 'NONE', *, *, #2623, .T. ) ;
#2878 = CARTESIAN_POINT ( 'NONE',  ( 0.9771999999999995135, 1.777199999999999891, -3.427200000000000024 ) ) ;
#2879 = SURFACE_STYLE_FILL_AREA ( #2901 ) ;
#2880 =( LENGTH_UNIT ( ) NAMED_UNIT ( * ) SI_UNIT ( .MILLI., .METRE. ) );
#2881 = PRESENTATION_LAYER_ASSIGNMENT (  '', '', ( #4298 ) ) ;
#2882 = CARTESIAN_POINT ( 'NONE',  ( 4.900000000000000355, 0.000000000000000000, -0.07280000000000000360 ) ) ;
#2883 = CARTESIAN_POINT ( 'NONE',  ( 2.325122522707465222, 1.782199999999999784, -2.328779857981044366 ) ) ;
#2884 = ORIENTED_EDGE ( 'NONE', *, *, #698, .F. ) ;
#2885 = DIRECTION ( 'NONE',  ( -1.000000000000000000, 0.000000000000000000, 0.000000000000000000 ) ) ;
#2886 = CARTESIAN_POINT ( 'NONE',  ( 1.049888316450452219, 1.728288477569294157, -0.07683096162209833435 ) ) ;
#2887 = FACE_OUTER_BOUND ( 'NONE', #1370, .T. ) ;
#2888 = EDGE_CURVE ( 'NONE', #398, #1620, #1584, .T. ) ;
#2889 = EDGE_LOOP ( 'NONE', ( #1643, #396, #4582, #3775 ) ) ;
#2890 = VERTEX_POINT ( 'NONE', #3688 ) ;
#2891 = DIRECTION ( 'NONE',  ( 0.000000000000000000, 0.000000000000000000, -1.000000000000000000 ) ) ;
#2892 = PRESENTATION_STYLE_ASSIGNMENT (( #1770 ) ) ;
#2893 = PRESENTATION_STYLE_ASSIGNMENT (( #3580 ) ) ;
#2894 = VERTEX_POINT ( 'NONE', #1902 ) ;
#2895 = DIRECTION ( 'NONE',  ( 1.000000000000000000, 0.000000000000000000, 0.000000000000000000 ) ) ;
#2896 = ORIENTED_EDGE ( 'NONE', *, *, #1556, .T. ) ;
#2897 = CARTESIAN_POINT ( 'NONE',  ( 3.922800000000000509, 1.777199999999999891, 0.000000000000000000 ) ) ;
#2898 = ORIENTED_EDGE ( 'NONE', *, *, #2609, .T. ) ;
#2899 =( LENGTH_UNIT ( ) NAMED_UNIT ( * ) SI_UNIT ( .MILLI., .METRE. ) );
#2900 = EDGE_CURVE ( 'NONE', #1174, #2370, #2681, .T. ) ;
#2901 = FILL_AREA_STYLE ('',( #3542 ) ) ;
#2902 = COLOUR_RGB ( '',0.7686274509803920907, 0.7686274509803920907, 0.7686274509803920907 ) ;
#2903 = UNCERTAINTY_MEASURE_WITH_UNIT (LENGTH_MEASURE( 1.000000000000000082E-05 ), #2597, 'distance_accuracy_value', 'NONE');
#2904 = DIRECTION ( 'NONE',  ( -0.9617234872620624708, 0.000000000000000000, -0.2740217765953969487 ) ) ;
#2905 = ORIENTED_EDGE ( 'NONE', *, *, #3264, .F. ) ;
#2906 = CARTESIAN_POINT ( 'NONE',  ( 0.9771999999999949615, 0.000000000000000000, -3.427200000000000024 ) ) ;
#2907 = DIRECTION ( 'NONE',  ( -0.000000000000000000, -1.000000000000000000, -0.000000000000000000 ) ) ;
#2908 = ADVANCED_FACE ( 'NONE', ( #104 ), #2662, .T. ) ;
#2909 = ORIENTED_EDGE ( 'NONE', *, *, #1885, .T. ) ;
#2910 = DIRECTION ( 'NONE',  ( 0.000000000000000000, -1.000000000000000000, 0.000000000000000000 ) ) ;
#2911 = ORIENTED_EDGE ( 'NONE', *, *, #873, .F. ) ;
#2912 = ORIENTED_EDGE ( 'NONE', *, *, #1846, .T. ) ;
#2913 = LINE ( 'NONE', #1354, #3361 ) ;
#2914 = DIRECTION ( 'NONE',  ( -1.000000000000000000, 0.000000000000000000, -0.000000000000000000 ) ) ;
#2915 = ORIENTED_EDGE ( 'NONE', *, *, #2200, .F. ) ;
#2916 = AXIS2_PLACEMENT_3D ( 'NONE', #2458, #1366, #3153 ) ;
#2917 = ORIENTED_EDGE ( 'NONE', *, *, #4570, .F. ) ;
#2918 = DIRECTION ( 'NONE',  ( 0.000000000000000000, -1.000000000000000000, 0.000000000000000000 ) ) ;
#2919 = ORIENTED_EDGE ( 'NONE', *, *, #3057, .T. ) ;
#2920 = VECTOR ( 'NONE', #1129, 1000.000000000000000 ) ;
#2921 = CARTESIAN_POINT ( 'NONE',  ( 0.07280000000000000360, 1.777199999999999891, -0.07280000000000000360 ) ) ;
#2922 = VECTOR ( 'NONE', #984, 1000.000000000000000 ) ;
#2923 = COLOUR_RGB ( '',0.7686274509803920907, 0.7686274509803920907, 0.7686274509803920907 ) ;
#2924 = ADVANCED_FACE ( 'NONE', ( #2021 ), #3504, .F. ) ;
#2925 = ORIENTED_EDGE ( 'NONE', *, *, #2563, .F. ) ;
#2926 = SURFACE_STYLE_USAGE ( .BOTH. , #1465 ) ;
#2927 = VECTOR ( 'NONE', #1341, 1000.000000000000000 ) ;
#2928 = SPHERICAL_SURFACE ( 'NONE', #2119, 0.07280000000000000360 ) ;
#2929 = CARTESIAN_POINT ( 'NONE',  ( 2.548089955612195201, 1.777199999999999891, -2.507346551699583870 ) ) ;
#2930 = CIRCLE ( 'NONE', #1641, 0.07280000000000000360 ) ;
#2931 = ORIENTED_EDGE ( 'NONE', *, *, #2336, .F. ) ;
#2932 = VERTEX_POINT ( 'NONE', #3134 ) ;
#2933 = LINE ( 'NONE', #3679, #3421 ) ;
#2934 =( LENGTH_UNIT ( ) NAMED_UNIT ( * ) SI_UNIT ( .MILLI., .METRE. ) );
#2935 = PRESENTATION_LAYER_ASSIGNMENT (  '', '', ( #1322 ) ) ;
#2936 = VECTOR ( 'NONE', #2237, 1000.000000000000000 ) ;
#2937 = EDGE_LOOP ( 'NONE', ( #4377, #3432, #1735, #4456 ) ) ;
#2938 = CARTESIAN_POINT ( 'NONE',  ( 4.827200000000001268, 0.07280000000000000360, -0.07280000000000000360 ) ) ;
#2939 = ORIENTED_EDGE ( 'NONE', *, *, #2171, .F. ) ;
#2940 = DIRECTION ( 'NONE',  ( -0.000000000000000000, -1.000000000000000000, 0.000000000000000000 ) ) ;
#2941 = EDGE_CURVE ( 'NONE', #639, #4396, #4177, .T. ) ;
#2942 = ORIENTED_EDGE ( 'NONE', *, *, #4637, .T. ) ;
#2943 = PRESENTATION_LAYER_ASSIGNMENT (  '', '', ( #2718 ) ) ;
#2944 = DIRECTION ( 'NONE',  ( -1.000000000000000000, 0.000000000000000000, 0.000000000000000000 ) ) ;
#2945 = FILL_AREA_STYLE ('',( #3950 ) ) ;
#2946 = VECTOR ( 'NONE', #2449, 1000.000000000000000 ) ;
#2947 = UNCERTAINTY_MEASURE_WITH_UNIT (LENGTH_MEASURE( 1.000000000000000082E-05 ), #394, 'distance_accuracy_value', 'NONE');
#2948 = ORIENTED_EDGE ( 'NONE', *, *, #3606, .T. ) ;
#2949 =( LENGTH_UNIT ( ) NAMED_UNIT ( * ) SI_UNIT ( .MILLI., .METRE. ) );
#2950 = MECHANICAL_DESIGN_GEOMETRIC_PRESENTATION_REPRESENTATION (  '', ( #4449 ), #1049 ) ;
#2951 = SURFACE_STYLE_FILL_AREA ( #3644 ) ;
#2952 = LINE ( 'NONE', #93, #291 ) ;
#2953 = DIRECTION ( 'NONE',  ( 0.004650693823668811989, 0.000000000000000000, -0.9999891854650021505 ) ) ;
#2954 = ORIENTED_EDGE ( 'NONE', *, *, #1296, .F. ) ;
#2955 = EDGE_LOOP ( 'NONE', ( #1523, #2539, #76, #3632 ) ) ;
#2956 =( NAMED_UNIT ( * ) SI_UNIT ( $, .STERADIAN. ) SOLID_ANGLE_UNIT ( ) );
#2957 = EDGE_CURVE ( 'NONE', #361, #3248, #610, .T. ) ;
#2958 = LINE ( 'NONE', #1208, #4580 ) ;
#2959 = ORIENTED_EDGE ( 'NONE', *, *, #4284, .F. ) ;
#2960 = EDGE_LOOP ( 'NONE', ( #1933, #1824, #4541 ) ) ;
#2961 = CARTESIAN_POINT ( 'NONE',  ( 2.131461455074789679, 1.782199999999999784, -1.138056229662791852 ) ) ;
#2962 = EDGE_CURVE ( 'NONE', #2932, #1214, #220, .T. ) ;
#2963 = ADVANCED_FACE ( 'NONE', ( #3785 ), #4225, .T. ) ;
#2964 =( NAMED_UNIT ( * ) PLANE_ANGLE_UNIT ( ) SI_UNIT ( $, .RADIAN. ) );
#2965 = VERTEX_POINT ( 'NONE', #4488 ) ;
#2966 = FACE_OUTER_BOUND ( 'NONE', #3712, .T. ) ;
#2967 = VERTEX_POINT ( 'NONE', #2444 ) ;
#2968 = CARTESIAN_POINT ( 'NONE',  ( 2.185713901613333121, 1.782199999999999784, -2.030318652395434409 ) ) ;
#2969 = DIRECTION ( 'NONE',  ( -2.978577396938198557E-15, -1.000000000000000000, 0.000000000000000000 ) ) ;
#2970 = DIRECTION ( 'NONE',  ( 0.000000000000000000, 1.000000000000000000, 0.000000000000000000 ) ) ;
#2971 =( NAMED_UNIT ( * ) PLANE_ANGLE_UNIT ( ) SI_UNIT ( $, .RADIAN. ) );
#2972 = ORIENTED_EDGE ( 'NONE', *, *, #899, .T. ) ;
#2973 = SURFACE_STYLE_FILL_AREA ( #1935 ) ;
#2974 = DIRECTION ( 'NONE',  ( 0.000000000000000000, 0.000000000000000000, -1.000000000000000000 ) ) ;
#2975 = DIRECTION ( 'NONE',  ( 0.000000000000000000, 0.000000000000000000, 1.000000000000000000 ) ) ;
#2976 = ORIENTED_EDGE ( 'NONE', *, *, #3521, .F. ) ;
#2977 = FACE_OUTER_BOUND ( 'NONE', #4012, .T. ) ;
#2978 =( LENGTH_UNIT ( ) NAMED_UNIT ( * ) SI_UNIT ( .MILLI., .METRE. ) );
#2979 = EDGE_CURVE ( 'NONE', #733, #3480, #4542, .T. ) ;
#2980 = VERTEX_POINT ( 'NONE', #2375 ) ;
#2981 = DIRECTION ( 'NONE',  ( 0.000000000000000000, 0.000000000000000000, -1.000000000000000000 ) ) ;
#2982 = FILL_AREA_STYLE_COLOUR ( '', #892 ) ;
#2983 = ORIENTED_EDGE ( 'NONE', *, *, #4275, .T. ) ;
#2984 = PRESENTATION_LAYER_ASSIGNMENT (  '', '', ( #1619 ) ) ;
#2985 = ORIENTED_EDGE ( 'NONE', *, *, #2468, .F. ) ;
#2986 = CARTESIAN_POINT ( 'NONE',  ( 2.366619534904705890, 1.777199999999999891, -0.8167821278507133576 ) ) ;
#2987 = LINE ( 'NONE', #4448, #499 ) ;
#2988 = AXIS2_PLACEMENT_3D ( 'NONE', #65, #1067, #1492 ) ;
#2989 = SURFACE_SIDE_STYLE ('',( #134 ) ) ;
#2990 = DIRECTION ( 'NONE',  ( 1.000000000000000000, 0.000000000000000000, 0.000000000000000000 ) ) ;
#2991 = PRESENTATION_LAYER_ASSIGNMENT (  '', '', ( #1944 ) ) ;
#2992 = VERTEX_POINT ( 'NONE', #4540 ) ;
#2993 = STYLED_ITEM ( 'NONE', ( #800 ), #1062 ) ;
#2994 = FILL_AREA_STYLE_COLOUR ( '', #2649 ) ;
#2995 =( NAMED_UNIT ( * ) SI_UNIT ( $, .STERADIAN. ) SOLID_ANGLE_UNIT ( ) );
#2996 = ORIENTED_EDGE ( 'NONE', *, *, #4034, .T. ) ;
#2997 = VECTOR ( 'NONE', #523, 1000.000000000000000 ) ;
#2998 = ORIENTED_EDGE ( 'NONE', *, *, #3337, .T. ) ;
#2999 = EDGE_CURVE ( 'NONE', #2992, #3034, #3803, .T. ) ;
#3000 = DIRECTION ( 'NONE',  ( 0.000000000000000000, 1.000000000000000000, 0.000000000000000000 ) ) ;
#3001 = SURFACE_SIDE_STYLE ('',( #3364 ) ) ;
#3002 = CARTESIAN_POINT ( 'NONE',  ( 1.049999999999999600, 0.07280000000000003135, -3.500000000000000000 ) ) ;
#3003 = VECTOR ( 'NONE', #4047, 1000.000000000000000 ) ;
#3004 = EDGE_CURVE ( 'NONE', #772, #3835, #1374, .T. ) ;
#3005 = PRESENTATION_STYLE_ASSIGNMENT (( #1997 ) ) ;
#3006 = MECHANICAL_DESIGN_GEOMETRIC_PRESENTATION_REPRESENTATION (  '', ( #3219 ), #146 ) ;
#3007 = DIRECTION ( 'NONE',  ( 0.000000000000000000, 0.000000000000000000, 1.000000000000000000 ) ) ;
#3008 = CARTESIAN_POINT ( 'NONE',  ( 2.366619534904712552, 1.777199999999999891, -0.6638874471448800163 ) ) ;
#3009 = CARTESIAN_POINT ( 'NONE',  ( 2.230809282386529535, 1.782199999999999784, -2.895382102646353761 ) ) ;
#3010 = ORIENTED_EDGE ( 'NONE', *, *, #61, .T. ) ;
#3011 =( LENGTH_UNIT ( ) NAMED_UNIT ( * ) SI_UNIT ( .MILLI., .METRE. ) );
#3012 = PRESENTATION_LAYER_ASSIGNMENT (  '', '', ( #2566 ) ) ;
#3013 = FILL_AREA_STYLE_COLOUR ( '', #2859 ) ;
#3014 =( NAMED_UNIT ( * ) PLANE_ANGLE_UNIT ( ) SI_UNIT ( $, .RADIAN. ) );
#3015 = FILL_AREA_STYLE ('',( #743 ) ) ;
#3016 = VECTOR ( 'NONE', #3450, 1000.000000000000000 ) ;
#3017 = VERTEX_POINT ( 'NONE', #3161 ) ;
#3018 = FACE_OUTER_BOUND ( 'NONE', #1092, .T. ) ;
#3019 = DIRECTION ( 'NONE',  ( 0.000000000000000000, 0.000000000000000000, 1.000000000000000000 ) ) ;
#3020 = CIRCLE ( 'NONE', #2731, 0.07280000000000003135 ) ;
#3021 = EDGE_CURVE ( 'NONE', #1992, #117, #1718, .T. ) ;
#3022 = ORIENTED_EDGE ( 'NONE', *, *, #4508, .F. ) ;
#3023 = AXIS2_PLACEMENT_3D ( 'NONE', #208, #1991, #3408 ) ;
#3024 = ORIENTED_EDGE ( 'NONE', *, *, #202, .T. ) ;
#3025 = SURFACE_STYLE_FILL_AREA ( #1598 ) ;
#3026 = CARTESIAN_POINT ( 'NONE',  ( 2.131461455074789679, 1.777199999999999891, -1.056984182129538707 ) ) ;
#3027 = FILL_AREA_STYLE ('',( #1580 ) ) ;
#3028 = EDGE_CURVE ( 'NONE', #1705, #2967, #4266, .T. ) ;
#3029 = CARTESIAN_POINT ( 'NONE',  ( 4.900000000000000355, 0.07280000000000000360, -3.500000000000000000 ) ) ;
#3030 = DIRECTION ( 'NONE',  ( 0.000000000000000000, -1.000000000000000000, 0.000000000000000000 ) ) ;
#3031 = ORIENTED_EDGE ( 'NONE', *, *, #1979, .T. ) ;
#3032 = CARTESIAN_POINT ( 'NONE',  ( 2.131461455074789679, 1.777199999999999891, -0.5853694807669547195 ) ) ;
#3033 = LINE ( 'NONE', #505, #1981 ) ;
#3034 = VERTEX_POINT ( 'NONE', #3229 ) ;
#3035 = EDGE_CURVE ( 'NONE', #117, #1193, #4243, .T. ) ;
#3036 = DIRECTION ( 'NONE',  ( 1.000000000000000000, 8.935732190814594487E-15, 0.000000000000000000 ) ) ;
#3037 = CARTESIAN_POINT ( 'NONE',  ( 3.850000000000000089, 1.704399999999999471, -3.427200000000000024 ) ) ;
#3038 = UNCERTAINTY_MEASURE_WITH_UNIT (LENGTH_MEASURE( 1.000000000000000082E-05 ), #2899, 'distance_accuracy_value', 'NONE');
#3039 = VERTEX_POINT ( 'NONE', #3556 ) ;
#3040 = ORIENTED_EDGE ( 'NONE', *, *, #2273, .T. ) ;
#3041 = PRESENTATION_STYLE_ASSIGNMENT (( #2371 ) ) ;
#3042 = EDGE_CURVE ( 'NONE', #559, #2598, #1033, .T. ) ;
#3043 =( NAMED_UNIT ( * ) PLANE_ANGLE_UNIT ( ) SI_UNIT ( $, .RADIAN. ) );
#3044 = FACE_OUTER_BOUND ( 'NONE', #3208, .T. ) ;
#3045 = CARTESIAN_POINT ( 'NONE',  ( 1.049994533079422920, 0.07369216240005511953, -3.365762345343279449 ) ) ;
#3046 = LINE ( 'NONE', #2355, #3947 ) ;
#3047 = PRESENTATION_STYLE_ASSIGNMENT (( #2419 ) ) ;
#3048 = CARTESIAN_POINT ( 'NONE',  ( 2.131461455074789679, 1.777199999999999891, -0.5853694807669547195 ) ) ;
#3049 = SURFACE_SIDE_STYLE ('',( #3447 ) ) ;
#3050 = CARTESIAN_POINT ( 'NONE',  ( 1.049388845205681653, 1.766502303313009392, -3.393223985694740819 ) ) ;
#3051 = STYLED_ITEM ( 'NONE', ( #3990 ), #222 ) ;
#3052 = FACE_OUTER_BOUND ( 'NONE', #752, .T. ) ;
#3053 =( NAMED_UNIT ( * ) SI_UNIT ( $, .STERADIAN. ) SOLID_ANGLE_UNIT ( ) );
#3054 = ORIENTED_EDGE ( 'NONE', *, *, #561, .F. ) ;
#3055 = AXIS2_PLACEMENT_3D ( 'NONE', #2626, #2277, #1219 ) ;
#3056 = LINE ( 'NONE', #2319, #1086 ) ;
#3057 = EDGE_CURVE ( 'NONE', #3034, #832, #309, .T. ) ;
#3058 =( GEOMETRIC_REPRESENTATION_CONTEXT ( 3 ) GLOBAL_UNCERTAINTY_ASSIGNED_CONTEXT ( ( #4645 ) ) GLOBAL_UNIT_ASSIGNED_CONTEXT ( ( #4230, #4566, #2056 ) ) REPRESENTATION_CONTEXT ( 'NONE', 'WORKASPACE' ) );
#3059 = CARTESIAN_POINT ( 'NONE',  ( 0.000000000000000000, 1.777199999999999891, -3.427200000000000024 ) ) ;
#3060 = ORIENTED_EDGE ( 'NONE', *, *, #4313, .T. ) ;
#3061 = ORIENTED_EDGE ( 'NONE', *, *, #1749, .T. ) ;
#3062 = SURFACE_SIDE_STYLE ('',( #1548 ) ) ;
#3063 = VECTOR ( 'NONE', #2069, 1000.000000000000000 ) ;
#3064 = CARTESIAN_POINT ( 'NONE',  ( 1.049999999999999822, 1.777199999999999891, -0.07280000000000003135 ) ) ;
#3065 = FILL_AREA_STYLE ('',( #2064 ) ) ;
#3066 = COLOUR_RGB ( '',0.7686274509803920907, 0.7686274509803920907, 0.7686274509803920907 ) ;
#3067 = EDGE_LOOP ( 'NONE', ( #248, #1864, #4075, #2652 ) ) ;
#3068 = FACE_OUTER_BOUND ( 'NONE', #2435, .T. ) ;
#3069 = STYLED_ITEM ( 'NONE', ( #2199 ), #2555 ) ;
#3070 = VECTOR ( 'NONE', #3949, 1000.000000000000000 ) ;
#3071 = DIRECTION ( 'NONE',  ( 0.000000000000000000, 0.000000000000000000, 1.000000000000000000 ) ) ;
#3072 = VECTOR ( 'NONE', #1144, 1000.000000000000114 ) ;
#3073 =( GEOMETRIC_REPRESENTATION_CONTEXT ( 3 ) GLOBAL_UNCERTAINTY_ASSIGNED_CONTEXT ( ( #3841 ) ) GLOBAL_UNIT_ASSIGNED_CONTEXT ( ( #2849, #1487, #2545 ) ) REPRESENTATION_CONTEXT ( 'NONE', 'WORKASPACE' ) );
#3074 = CARTESIAN_POINT ( 'NONE',  ( 2.420225839607043739, 1.782199999999999784, -1.200947889792602474 ) ) ;
#3075 = CARTESIAN_POINT ( 'NONE',  ( 2.229401225116402596, 1.782199999999999784, -1.255934090619534649 ) ) ;
#3076 = ADVANCED_FACE ( 'NONE', ( #1076 ), #1095, .F. ) ;
#3077 = ORIENTED_EDGE ( 'NONE', *, *, #2019, .T. ) ;
#3078 = COLOUR_RGB ( '',0.7686274509803920907, 0.7686274509803920907, 0.7686274509803920907 ) ;
#3079 = CARTESIAN_POINT ( 'NONE',  ( 3.849964757895330436, 0.07418152472596832581, -3.370661401835343796 ) ) ;
#3080 = DIRECTION ( 'NONE',  ( -0.9610992334305258344, 0.000000000000000000, -0.2762033010288898471 ) ) ;
#3081 = CARTESIAN_POINT ( 'NONE',  ( 3.850000000000000089, 1.712475480621353574, -3.427200000000000024 ) ) ;
#3082 = ORIENTED_EDGE ( 'NONE', *, *, #1302, .F. ) ;
#3083 = ORIENTED_EDGE ( 'NONE', *, *, #1448, .F. ) ;
#3084 = CARTESIAN_POINT ( 'NONE',  ( 2.230809282386529535, 1.777199999999999891, -2.895382102646353761 ) ) ;
#3085 = PRESENTATION_LAYER_ASSIGNMENT (  '', '', ( #1413 ) ) ;
#3086 = CARTESIAN_POINT ( 'NONE',  ( 2.646000000000010122, 1.782199999999999784, -1.898139623118868524 ) ) ;
#3087 = FACE_OUTER_BOUND ( 'NONE', #667, .T. ) ;
#3088 = ADVANCED_FACE ( 'NONE', ( #2140 ), #1140, .T. ) ;
#3089 = CIRCLE ( 'NONE', #2423, 0.07280000000000003135 ) ;
#3090 = CARTESIAN_POINT ( 'NONE',  ( 2.646000000000010122, 1.782199999999999784, -2.629472052082345357 ) ) ;
#3091 = EDGE_CURVE ( 'NONE', #1940, #3242, #1428, .T. ) ;
#3092 = PRESENTATION_LAYER_ASSIGNMENT (  '', '', ( #455 ) ) ;
#3093 =( LENGTH_UNIT ( ) NAMED_UNIT ( * ) SI_UNIT ( .MILLI., .METRE. ) );
#3094 = COLOUR_RGB ( '',0.7921568627450980005, 0.8196078431372548767, 0.9333333333333333481 ) ;
#3095 = DIRECTION ( 'NONE',  ( 0.9610992334315860974, 0.000000000000000000, 0.2762033010252007981 ) ) ;
#3096 = CARTESIAN_POINT ( 'NONE',  ( 2.646000000000010122, 1.782199999999999784, -0.9325870156079367757 ) ) ;
#3097 = ADVANCED_FACE ( 'NONE', ( #447 ), #471, .T. ) ;
#3098 =( NAMED_UNIT ( * ) PLANE_ANGLE_UNIT ( ) SI_UNIT ( $, .RADIAN. ) );
#3099 =( NAMED_UNIT ( * ) PLANE_ANGLE_UNIT ( ) SI_UNIT ( $, .RADIAN. ) );
#3100 = ORIENTED_EDGE ( 'NONE', *, *, #4483, .F. ) ;
#3101 = FILL_AREA_STYLE ('',( #2740 ) ) ;
#3102 = CYLINDRICAL_SURFACE ( 'NONE', #3214, 0.07280000000000003135 ) ;
#3103 = EDGE_CURVE ( 'NONE', #1449, #4144, #3727, .T. ) ;
#3104 = CARTESIAN_POINT ( 'NONE',  ( 1.046807367472177397, 0.09412262632961890252, -3.405877373670380237 ) ) ;
#3105 = PLANE ( 'NONE',  #3023 ) ;
#3106 = ORIENTED_EDGE ( 'NONE', *, *, #4, .T. ) ;
#3107 = CARTESIAN_POINT ( 'NONE',  ( 1.049994533079427805, 1.715762345343283313, -3.426307837599944062 ) ) ;
#3108 = PLANE ( 'NONE',  #1636 ) ;
#3109 = CARTESIAN_POINT ( 'NONE',  ( 2.230809282385251890, 1.782199999999999784, -2.748844018251972887 ) ) ;
#3110 = ORIENTED_EDGE ( 'NONE', *, *, #702, .F. ) ;
#3111 = DIRECTION ( 'NONE',  ( 0.000000000000000000, 0.000000000000000000, 1.000000000000000000 ) ) ;
#3112 = EDGE_CURVE ( 'NONE', #4274, #3847, #849, .T. ) ;
#3113 = DIRECTION ( 'NONE',  ( 0.000000000000000000, 0.000000000000000000, -1.000000000000000000 ) ) ;
#3114 = LINE ( 'NONE', #3075, #1399 ) ;
#3115 = FILL_AREA_STYLE_COLOUR ( '', #3240 ) ;
#3116 = ORIENTED_EDGE ( 'NONE', *, *, #971, .T. ) ;
#3117 = SURFACE_SIDE_STYLE ('',( #1706 ) ) ;
#3118 =( LENGTH_UNIT ( ) NAMED_UNIT ( * ) SI_UNIT ( .MILLI., .METRE. ) );
#3119 = VECTOR ( 'NONE', #3172, 1000.000000000000000 ) ;
#3120 = DIRECTION ( 'NONE',  ( 1.000000000000000000, 0.000000000000000000, 2.978577396938197768E-15 ) ) ;
#3121 = DIRECTION ( 'NONE',  ( 0.000000000000000000, 0.000000000000000000, 1.000000000000000000 ) ) ;
#3122 = UNCERTAINTY_MEASURE_WITH_UNIT (LENGTH_MEASURE( 1.000000000000000082E-05 ), #3760, 'distance_accuracy_value', 'NONE');
#3123 = SURFACE_STYLE_FILL_AREA ( #951 ) ;
#3124 = ORIENTED_EDGE ( 'NONE', *, *, #2025, .T. ) ;
#3125 = CARTESIAN_POINT ( 'NONE',  ( 1.049888316450447778, 0.07683096162209850088, -0.1217115224307051130 ) ) ;
#3126 = CARTESIAN_POINT ( 'NONE',  ( 2.350880583661799861, 1.782199999999999784, -0.6689799213428695435 ) ) ;
#3127 = VECTOR ( 'NONE', #4534, 1000.000000000000114 ) ;
#3128 = CARTESIAN_POINT ( 'NONE',  ( 3.850000000000000533, 0.07280000000000000360, 0.000000000000000000 ) ) ;
#3129 = ADVANCED_FACE ( 'NONE', ( #4010 ), #2637, .T. ) ;
#3130 = ORIENTED_EDGE ( 'NONE', *, *, #1431, .F. ) ;
#3131 = AXIS2_PLACEMENT_3D ( 'NONE', #762, #3188, #1854 ) ;
#3132 = LINE ( 'NONE', #2708, #424 ) ;
#3133 = MECHANICAL_DESIGN_GEOMETRIC_PRESENTATION_REPRESENTATION (  '', ( #1091 ), #1947 ) ;
#3134 = CARTESIAN_POINT ( 'NONE',  ( 2.131461455074789679, 1.782199999999999784, -2.238814386013834756 ) ) ;
#3135 = AXIS2_PLACEMENT_3D ( 'NONE', #1331, #2049, #986 ) ;
#3136 = COLOUR_RGB ( '',0.7686274509803920907, 0.7686274509803920907, 0.7686274509803920907 ) ;
#3137 = MECHANICAL_DESIGN_GEOMETRIC_PRESENTATION_REPRESENTATION (  '', ( #2023 ), #4658 ) ;
#3138 = LINE ( 'NONE', #1266, #132 ) ;
#3139 = DIRECTION ( 'NONE',  ( 0.9615825319869173438, 0.000000000000000000, 0.2745159998572559990 ) ) ;
#3140 =( GEOMETRIC_REPRESENTATION_CONTEXT ( 3 ) GLOBAL_UNCERTAINTY_ASSIGNED_CONTEXT ( ( #2009 ) ) GLOBAL_UNIT_ASSIGNED_CONTEXT ( ( #2127, #3780, #1739 ) ) REPRESENTATION_CONTEXT ( 'NONE', 'WORKASPACE' ) );
#3141 = CARTESIAN_POINT ( 'NONE',  ( 2.131461455074789679, 1.777199999999999891, -0.7318762750000832318 ) ) ;
#3142 = MECHANICAL_DESIGN_GEOMETRIC_PRESENTATION_REPRESENTATION (  '', ( #1247 ), #2401 ) ;
#3143 = DIRECTION ( 'NONE',  ( 0.000000000000000000, 0.000000000000000000, 1.000000000000000000 ) ) ;
#3144 = ORIENTED_EDGE ( 'NONE', *, *, #3103, .F. ) ;
#3145 = CARTESIAN_POINT ( 'NONE',  ( 2.187919857998915862, 1.777199999999999891, -1.675837106146426336 ) ) ;
#3146 = PRESENTATION_LAYER_ASSIGNMENT (  '', '', ( #2781 ) ) ;
#3147 = CARTESIAN_POINT ( 'NONE',  ( 0.07280000000000000360, 1.777199999999999891, -3.427200000000000024 ) ) ;
#3148 = COLOUR_RGB ( '',0.7686274509803920907, 0.7686274509803920907, 0.7686274509803920907 ) ;
#3149 = DIRECTION ( 'NONE',  ( 1.000000000000000000, 0.000000000000000000, 0.000000000000000000 ) ) ;
#3150 = FACE_OUTER_BOUND ( 'NONE', #187, .T. ) ;
#3151 = CYLINDRICAL_SURFACE ( 'NONE', #1618, 0.07280000000000000360 ) ;
#3152 = ORIENTED_EDGE ( 'NONE', *, *, #1627, .T. ) ;
#3153 = DIRECTION ( 'NONE',  ( 0.000000000000000000, 0.000000000000000000, -1.000000000000000000 ) ) ;
#3154 = CIRCLE ( 'NONE', #4137, 0.07280000000000000360 ) ;
#3155 = CARTESIAN_POINT ( 'NONE',  ( 2.548108729707782238, 1.782199999999999784, -1.449742222008734815 ) ) ;
#3156 = CIRCLE ( 'NONE', #4287, 0.07280000000000000360 ) ;
#3157 = ORIENTED_EDGE ( 'NONE', *, *, #3035, .T. ) ;
#3158 = PLANE ( 'NONE',  #627 ) ;
#3159 = CARTESIAN_POINT ( 'NONE',  ( 2.325105313117773242, 1.782199999999999784, -1.448931806827066682 ) ) ;
#3160 = ADVANCED_FACE ( 'NONE', ( #3479 ), #3392, .F. ) ;
#3161 = CARTESIAN_POINT ( 'NONE',  ( 2.131461455074789679, 1.782199999999999784, -3.064812069616920986 ) ) ;
#3162 = STYLED_ITEM ( 'NONE', ( #1316 ), #4407 ) ;
#3163 = DIRECTION ( 'NONE',  ( 0.000000000000000000, 0.000000000000000000, -1.000000000000000000 ) ) ;
#3164 = STYLED_ITEM ( 'NONE', ( #390 ), #4529 ) ;
#3165 = DIRECTION ( 'NONE',  ( 1.000000000000000000, 0.000000000000000000, 0.000000000000000000 ) ) ;
#3166 = SHAPE_DEFINITION_REPRESENTATION ( #2270, #3730 ) ;
#3167 = ORIENTED_EDGE ( 'NONE', *, *, #4560, .T. ) ;
#3168 = DIRECTION ( 'NONE',  ( 1.000000000000000000, -0.000000000000000000, -0.000000000000000000 ) ) ;
#3169 =( NAMED_UNIT ( * ) SI_UNIT ( $, .STERADIAN. ) SOLID_ANGLE_UNIT ( ) );
#3170 = DIRECTION ( 'NONE',  ( -1.000000000000000000, 0.000000000000000000, 0.000000000000000000 ) ) ;
#3171 = SURFACE_STYLE_FILL_AREA ( #689 ) ;
#3172 = DIRECTION ( 'NONE',  ( -1.000000000000000000, -0.000000000000000000, -0.000000000000000000 ) ) ;
#3173 = EDGE_CURVE ( 'NONE', #1365, #1559, #916, .T. ) ;
#3174 = ORIENTED_EDGE ( 'NONE', *, *, #988, .T. ) ;
#3175 = CARTESIAN_POINT ( 'NONE',  ( 1.050000000000000044, 1.708199106259449929, -3.427200000000000024 ) ) ;
#3176 = SURFACE_SIDE_STYLE ('',( #2788 ) ) ;
#3177 = DIRECTION ( 'NONE',  ( 1.000000000000000000, 0.000000000000000000, 0.000000000000000000 ) ) ;
#3178 = EDGE_CURVE ( 'NONE', #1911, #2232, #2042, .T. ) ;
#3179 = ORIENTED_EDGE ( 'NONE', *, *, #1271, .T. ) ;
#3180 = CARTESIAN_POINT ( 'NONE',  ( 4.900000000000000355, 0.000000000000000000, -3.427200000000000024 ) ) ;
#3181 =( LENGTH_UNIT ( ) NAMED_UNIT ( * ) SI_UNIT ( .MILLI., .METRE. ) );
#3182 = PRESENTATION_STYLE_ASSIGNMENT (( #1751 ) ) ;
#3183 = DIRECTION ( 'NONE',  ( -0.000000000000000000, -1.000000000000000000, 0.000000000000000000 ) ) ;
#3184 = DIRECTION ( 'NONE',  ( 1.000000000000000000, 0.000000000000000000, 0.000000000000000000 ) ) ;
#3185 = DIRECTION ( 'NONE',  ( -0.000000000000000000, 0.000000000000000000, 1.000000000000000000 ) ) ;
#3186 = LINE ( 'NONE', #260, #4156 ) ;
#3187 = ORIENTED_EDGE ( 'NONE', *, *, #3681, .T. ) ;
#3188 = DIRECTION ( 'NONE',  ( 0.000000000000000000, 1.000000000000000000, 0.000000000000000000 ) ) ;
#3189 = CYLINDRICAL_SURFACE ( 'NONE', #1479, 0.07280000000000000360 ) ;
#3190 = PLANE ( 'NONE',  #4120 ) ;
#3191 = CARTESIAN_POINT ( 'NONE',  ( 1.048927909664956415, 1.762799849230893390, -3.412799849230893745 ) ) ;
#3192 = DIRECTION ( 'NONE',  ( -0.000000000000000000, -1.000000000000000000, 0.000000000000000000 ) ) ;
#3193 = ORIENTED_EDGE ( 'NONE', *, *, #1496, .T. ) ;
#3194 = LINE ( 'NONE', #1111, #2162 ) ;
#3195 = ADVANCED_FACE ( 'NONE', ( #2373 ), #1323, .F. ) ;
#3196 = DIRECTION ( 'NONE',  ( 0.6995643972270459976, 0.000000000000000000, 0.7145695586381776154 ) ) ;
#3197 = VECTOR ( 'NONE', #2233, 1000.000000000000000 ) ;
#3198 =( NAMED_UNIT ( * ) SI_UNIT ( $, .STERADIAN. ) SOLID_ANGLE_UNIT ( ) );
#3199 = EDGE_CURVE ( 'NONE', #236, #1449, #3802, .T. ) ;
#3200 = ORIENTED_EDGE ( 'NONE', *, *, #640, .F. ) ;
#3201 = DIRECTION ( 'NONE',  ( -2.978577396938224195E-15, -1.000000000000000000, -0.000000000000000000 ) ) ;
#3202 =( GEOMETRIC_REPRESENTATION_CONTEXT ( 3 ) GLOBAL_UNCERTAINTY_ASSIGNED_CONTEXT ( ( #1713 ) ) GLOBAL_UNIT_ASSIGNED_CONTEXT ( ( #4113, #4045, #140 ) ) REPRESENTATION_CONTEXT ( 'NONE', 'WORKASPACE' ) );
#3203 = CARTESIAN_POINT ( 'NONE',  ( 2.646000000000010122, 1.782199999999999784, -0.9325870156079367757 ) ) ;
#3204 = FILL_AREA_STYLE ('',( #1799 ) ) ;
#3205 = STYLED_ITEM ( 'NONE', ( #1170 ), #853 ) ;
#3206 = AXIS2_PLACEMENT_3D ( 'NONE', #915, #1919, #1623 ) ;
#3207 = EDGE_CURVE ( 'NONE', #4432, #1917, #3800, .T. ) ;
#3208 = EDGE_LOOP ( 'NONE', ( #3935, #957, #721, #4063 ) ) ;
#3209 = STYLED_ITEM ( 'NONE', ( #3047 ), #2177 ) ;
#3210 = ORIENTED_EDGE ( 'NONE', *, *, #4048, .T. ) ;
#3211 = SURFACE_SIDE_STYLE ('',( #1381 ) ) ;
#3212 = FILL_AREA_STYLE ('',( #1857 ) ) ;
#3213 = MECHANICAL_DESIGN_GEOMETRIC_PRESENTATION_REPRESENTATION (  '', ( #508 ), #3140 ) ;
#3214 = AXIS2_PLACEMENT_3D ( 'NONE', #4278, #4350, #2944 ) ;
#3215 = CARTESIAN_POINT ( 'NONE',  ( 2.131461455074789679, 1.782199999999999784, -0.7318762750000832318 ) ) ;
#3216 = UNCERTAINTY_MEASURE_WITH_UNIT (LENGTH_MEASURE( 1.000000000000000082E-05 ), #3363, 'distance_accuracy_value', 'NONE');
#3217 = EDGE_LOOP ( 'NONE', ( #375, #3100, #3647, #2983 ) ) ;
#3218 = COLOUR_RGB ( '',0.7921568627450980005, 0.8196078431372548767, 0.9333333333333333481 ) ;
#3219 = STYLED_ITEM ( 'NONE', ( #4343 ), #1990 ) ;
#3220 = FILL_AREA_STYLE ('',( #2228 ) ) ;
#3221 = CARTESIAN_POINT ( 'NONE',  ( 2.131461455074789679, 1.777199999999999891, -1.056984182129538707 ) ) ;
#3222 = STYLED_ITEM ( 'NONE', ( #2893 ), #3088 ) ;
#3223 = CARTESIAN_POINT ( 'NONE',  ( 3.850000000000000089, 0.1455999999999999794, -3.427200000000000024 ) ) ;
#3224 = CARTESIAN_POINT ( 'NONE',  ( 4.827200000000001268, 1.777199999999999891, -0.07280000000000000360 ) ) ;
#3225 = VERTEX_POINT ( 'NONE', #2704 ) ;
#3226 = ORIENTED_EDGE ( 'NONE', *, *, #1920, .T. ) ;
#3227 = AXIS2_PLACEMENT_3D ( 'NONE', #2784, #334, #3492 ) ;
#3228 = CARTESIAN_POINT ( 'NONE',  ( 2.646000000000010122, 1.777199999999999891, -1.898139623118868524 ) ) ;
#3229 = CARTESIAN_POINT ( 'NONE',  ( 0.07279999999999960114, 1.777199999999999891, -3.500000000000000000 ) ) ;
#3230 = VECTOR ( 'NONE', #1385, 1000.000000000000114 ) ;
#3231 = EDGE_CURVE ( 'NONE', #242, #19, #216, .T. ) ;
#3232 = ORIENTED_EDGE ( 'NONE', *, *, #1200, .T. ) ;
#3233 = CIRCLE ( 'NONE', #902, 0.07280000000000000360 ) ;
#3234 = LINE ( 'NONE', #2120, #3969 ) ;
#3235 = LINE ( 'NONE', #3324, #4064 ) ;
#3236 = VECTOR ( 'NONE', #3246, 999.9999999999998863 ) ;
#3237 = EDGE_LOOP ( 'NONE', ( #211, #168, #3083, #1275 ) ) ;
#3238 = SPHERICAL_SURFACE ( 'NONE', #4111, 0.07280000000000000360 ) ;
#3239 = DIRECTION ( 'NONE',  ( 0.000000000000000000, 0.000000000000000000, 1.000000000000000000 ) ) ;
#3240 = COLOUR_RGB ( '',0.7686274509803920907, 0.7686274509803920907, 0.7686274509803920907 ) ;
#3241 =( NAMED_UNIT ( * ) SI_UNIT ( $, .STERADIAN. ) SOLID_ANGLE_UNIT ( ) );
#3242 = VERTEX_POINT ( 'NONE', #607 ) ;
#3243 = CARTESIAN_POINT ( 'NONE',  ( 4.827200000000001268, 1.777199999999999891, 0.000000000000000000 ) ) ;
#3244 = LINE ( 'NONE', #17, #1477 ) ;
#3245 = CARTESIAN_POINT ( 'NONE',  ( 1.046807367472181616, 1.755877373670380326, -0.09412262632961930497 ) ) ;
#3246 = DIRECTION ( 'NONE',  ( 0.9611542233438713501, 0.000000000000000000, 0.2760118818968482768 ) ) ;
#3247 = ORIENTED_EDGE ( 'NONE', *, *, #1904, .T. ) ;
#3248 = VERTEX_POINT ( 'NONE', #2764 ) ;
#3249 = DIRECTION ( 'NONE',  ( -0.000000000000000000, 1.000000000000000000, 0.000000000000000000 ) ) ;
#3250 = ORIENTED_EDGE ( 'NONE', *, *, #3231, .F. ) ;
#3251 = SURFACE_STYLE_USAGE ( .BOTH. , #3535 ) ;
#3252 = EDGE_CURVE ( 'NONE', #1534, #2011, #4127, .T. ) ;
#3253 = ORIENTED_EDGE ( 'NONE', *, *, #3838, .F. ) ;
#3254 = SURFACE_SIDE_STYLE ('',( #454 ) ) ;
#3255 = EDGE_LOOP ( 'NONE', ( #3174, #1110, #4401, #84 ) ) ;
#3256 = SURFACE_STYLE_USAGE ( .BOTH. , #706 ) ;
#3257 = SURFACE_STYLE_USAGE ( .BOTH. , #1756 ) ;
#3258 = FACE_OUTER_BOUND ( 'NONE', #1009, .T. ) ;
#3259 = FILL_AREA_STYLE ('',( #4352 ) ) ;
#3260 = EDGE_CURVE ( 'NONE', #772, #808, #956, .T. ) ;
#3261 = ORIENTED_EDGE ( 'NONE', *, *, #436, .F. ) ;
#3262 = DIRECTION ( 'NONE',  ( -1.000000000000000000, -0.000000000000000000, -0.000000000000000000 ) ) ;
#3263 = CARTESIAN_POINT ( 'NONE',  ( 0.9771999999999995135, 1.849999999999999867, -3.427200000000000024 ) ) ;
#3264 = EDGE_CURVE ( 'NONE', #3471, #1452, #898, .T. ) ;
#3265 = VERTEX_POINT ( 'NONE', #1626 ) ;
#3266 = ORIENTED_EDGE ( 'NONE', *, *, #2533, .F. ) ;
#3267 = CARTESIAN_POINT ( 'NONE',  ( 4.900000000000000355, 0.000000000000000000, 0.000000000000000000 ) ) ;
#3268 = FILL_AREA_STYLE ('',( #2307 ) ) ;
#3269 =( GEOMETRIC_REPRESENTATION_CONTEXT ( 3 ) GLOBAL_UNCERTAINTY_ASSIGNED_CONTEXT ( ( #3216 ) ) GLOBAL_UNIT_ASSIGNED_CONTEXT ( ( #3363, #4123, #914 ) ) REPRESENTATION_CONTEXT ( 'NONE', 'WORKASPACE' ) );
#3270 = VECTOR ( 'NONE', #263, 1000.000000000000000 ) ;
#3271 = ORIENTED_EDGE ( 'NONE', *, *, #2192, .T. ) ;
#3272 = LINE ( 'NONE', #3945, #4273 ) ;
#3273 = VERTEX_POINT ( 'NONE', #543 ) ;
#3274 = LINE ( 'NONE', #2591, #4677 ) ;
#3275 = EDGE_LOOP ( 'NONE', ( #1441, #3200, #4336, #3040, #2998, #1218, #3431, #2884 ) ) ;
#3276 = VECTOR ( 'NONE', #2618, 1000.000000000000000 ) ;
#3277 = FACE_OUTER_BOUND ( 'NONE', #4666, .T. ) ;
#3278 = VECTOR ( 'NONE', #4028, 1000.000000000000000 ) ;
#3279 = DIRECTION ( 'NONE',  ( -0.3725077383644826989, 0.000000000000000000, -0.9280290862136694185 ) ) ;
#3280 = ORIENTED_EDGE ( 'NONE', *, *, #754, .T. ) ;
#3281 = EDGE_CURVE ( 'NONE', #3975, #4274, #562, .T. ) ;
#3282 = DIRECTION ( 'NONE',  ( 0.000000000000000000, 0.000000000000000000, -1.000000000000000000 ) ) ;
#3283 = VECTOR ( 'NONE', #1994, 1000.000000000000000 ) ;
#3284 = LINE ( 'NONE', #66, #205 ) ;
#3285 =( NAMED_UNIT ( * ) PLANE_ANGLE_UNIT ( ) SI_UNIT ( $, .RADIAN. ) );
#3286 = LINE ( 'NONE', #68, #3695 ) ;
#3287 = AXIS2_PLACEMENT_3D ( 'NONE', #4133, #2770, #4198 ) ;
#3288 = VECTOR ( 'NONE', #2452, 1000.000000000000000 ) ;
#3289 = ORIENTED_EDGE ( 'NONE', *, *, #3626, .T. ) ;
#3290 = ORIENTED_EDGE ( 'NONE', *, *, #4178, .F. ) ;
#3291 = CARTESIAN_POINT ( 'NONE',  ( 1.049999999999999822, 0.000000000000000000, -3.427200000000000024 ) ) ;
#3292 = ADVANCED_FACE ( 'NONE', ( #3087 ), #372, .T. ) ;
#3293 = EDGE_CURVE ( 'NONE', #403, #1546, #251, .T. ) ;
#3294 =( NAMED_UNIT ( * ) PLANE_ANGLE_UNIT ( ) SI_UNIT ( $, .RADIAN. ) );
#3295 = ORIENTED_EDGE ( 'NONE', *, *, #2629, .T. ) ;
#3296 = CARTESIAN_POINT ( 'NONE',  ( 2.646000000000000796, 1.782199999999999784, -0.4375000000000000000 ) ) ;
#3297 = FILL_AREA_STYLE_COLOUR ( '', #513 ) ;
#3298 = ORIENTED_EDGE ( 'NONE', *, *, #3938, .F. ) ;
#3299 = DIRECTION ( 'NONE',  ( 0.000000000000000000, 0.000000000000000000, 1.000000000000000000 ) ) ;
#3300 = EDGE_LOOP ( 'NONE', ( #3865, #4639, #4069, #822 ) ) ;
#3301 = PRESENTATION_LAYER_ASSIGNMENT (  '', '', ( #157 ) ) ;
#3302 = FILL_AREA_STYLE ('',( #2313 ) ) ;
#3303 = SURFACE_SIDE_STYLE ('',( #86 ) ) ;
#3304 = COLOUR_RGB ( '',0.7686274509803920907, 0.7686274509803920907, 0.7686274509803920907 ) ;
#3305 = FACE_OUTER_BOUND ( 'NONE', #2029, .T. ) ;
#3306 = UNCERTAINTY_MEASURE_WITH_UNIT (LENGTH_MEASURE( 1.000000000000000082E-05 ), #619, 'distance_accuracy_value', 'NONE');
#3307 = DIRECTION ( 'NONE',  ( 0.000000000000000000, -0.000000000000000000, -1.000000000000000000 ) ) ;
#3308 = VERTEX_POINT ( 'NONE', #3550 ) ;
#3309 = VECTOR ( 'NONE', #1545, 1000.000000000000000 ) ;
#3310 = CARTESIAN_POINT ( 'NONE',  ( 2.229418434705821017, 1.777199999999999891, -2.356628101727054059 ) ) ;
#3311 = EDGE_CURVE ( 'NONE', #3851, #559, #4607, .T. ) ;
#3312 = CYLINDRICAL_SURFACE ( 'NONE', #1880, 0.07280000000000003135 ) ;
#3313 = FILL_AREA_STYLE_COLOUR ( '', #2206 ) ;
#3314 =( GEOMETRIC_REPRESENTATION_CONTEXT ( 3 ) GLOBAL_UNCERTAINTY_ASSIGNED_CONTEXT ( ( #13 ) ) GLOBAL_UNIT_ASSIGNED_CONTEXT ( ( #1518, #2971, #4003 ) ) REPRESENTATION_CONTEXT ( 'NONE', 'WORKASPACE' ) );
#3315 = VERTEX_POINT ( 'NONE', #321 ) ;
#3316 = EDGE_LOOP ( 'NONE', ( #4623, #1425, #3751 ) ) ;
#3317 = CARTESIAN_POINT ( 'NONE',  ( 4.900000000000000355, 1.777199999999999891, -0.07280000000000000360 ) ) ;
#3318 = PRESENTATION_STYLE_ASSIGNMENT (( #4100 ) ) ;
#3319 = EDGE_LOOP ( 'NONE', ( #3325, #1958, #2917, #2730 ) ) ;
#3320 = ORIENTED_EDGE ( 'NONE', *, *, #4268, .F. ) ;
#3321 = CARTESIAN_POINT ( 'NONE',  ( 1.049184133402873753, 0.1057275243086366334, -0.08421416039170816215 ) ) ;
#3322 = CARTESIAN_POINT ( 'NONE',  ( 2.131461455074789679, 1.782199999999999784, -1.056984182129538707 ) ) ;
#3323 = ORIENTED_EDGE ( 'NONE', *, *, #3207, .T. ) ;
#3324 = CARTESIAN_POINT ( 'NONE',  ( 0.000000000000000000, 0.000000000000000000, -3.427200000000000024 ) ) ;
#3325 = ORIENTED_EDGE ( 'NONE', *, *, #873, .T. ) ;
#3326 =( NAMED_UNIT ( * ) PLANE_ANGLE_UNIT ( ) SI_UNIT ( $, .RADIAN. ) );
#3327 = SURFACE_STYLE_USAGE ( .BOTH. , #4108 ) ;
#3328 = DIRECTION ( 'NONE',  ( 0.000000000000000000, 0.000000000000000000, -1.000000000000000000 ) ) ;
#3329 = ORIENTED_EDGE ( 'NONE', *, *, #3311, .T. ) ;
#3330 =( NAMED_UNIT ( * ) PLANE_ANGLE_UNIT ( ) SI_UNIT ( $, .RADIAN. ) );
#3331 = FILL_AREA_STYLE_COLOUR ( '', #806 ) ;
#3332 = PRODUCT ( 'CCS_CCSTD_1812_L4.9W3.5T1.85B0.7', 'CCS_CCSTD_1812_L4.9W3.5T1.85B0.7', '', ( #704 ) ) ;
#3333 = DIRECTION ( 'NONE',  ( 0.000000000000000000, 1.000000000000000000, 0.000000000000000000 ) ) ;
#3334 = ORIENTED_EDGE ( 'NONE', *, *, #2941, .T. ) ;
#3335 = ORIENTED_EDGE ( 'NONE', *, *, #3981, .T. ) ;
#3336 = DIRECTION ( 'NONE',  ( 0.000000000000000000, 0.000000000000000000, 1.000000000000000000 ) ) ;
#3337 = EDGE_CURVE ( 'NONE', #1853, #2625, #1895, .T. ) ;
#3338 = LINE ( 'NONE', #3086, #4190 ) ;
#3339 = DIRECTION ( 'NONE',  ( 0.000000000000000000, -1.000000000000000000, 0.000000000000000000 ) ) ;
#3340 = DIRECTION ( 'NONE',  ( 1.000000000000000000, 0.000000000000000000, 0.000000000000000000 ) ) ;
#3341 = DIRECTION ( 'NONE',  ( 0.9610853065513847993, 0.000000000000000000, 0.2762517575166369976 ) ) ;
#3342 = AXIS2_PLACEMENT_3D ( 'NONE', #2794, #3866, #3823 ) ;
#3343 = CARTESIAN_POINT ( 'NONE',  ( 1.048424327829678093, 0.09940116716472364999, -0.08884408549451522363 ) ) ;
#3344 = ADVANCED_FACE ( 'NONE', ( #1368 ), #981, .F. ) ;
#3345 = DIRECTION ( 'NONE',  ( 1.000000000000000000, 0.000000000000000000, 0.000000000000000000 ) ) ;
#3346 = VECTOR ( 'NONE', #2260, 1000.000000000000000 ) ;
#3347 = VERTEX_POINT ( 'NONE', #2178 ) ;
#3348 = DIRECTION ( 'NONE',  ( -0.05375259206908061804, 0.000000000000000000, 0.9985542843760949472 ) ) ;
#3349 = ADVANCED_FACE ( 'NONE', ( #1023 ), #18, .F. ) ;
#3350 = CIRCLE ( 'NONE', #3884, 0.07280000000000000360 ) ;
#3351 = DIRECTION ( 'NONE',  ( 1.000000000000000000, -0.000000000000000000, -0.000000000000000000 ) ) ;
#3352 = PLANE ( 'NONE',  #3699 ) ;
#3353 = ORIENTED_EDGE ( 'NONE', *, *, #561, .T. ) ;
#3354 =( LENGTH_UNIT ( ) NAMED_UNIT ( * ) SI_UNIT ( .MILLI., .METRE. ) );
#3355 = CARTESIAN_POINT ( 'NONE',  ( 2.646000000000010122, 1.777199999999999891, -1.452722609482480554 ) ) ;
#3356 = ADVANCED_FACE ( 'NONE', ( #4651 ), #4239, .F. ) ;
#3357 = AXIS2_PLACEMENT_3D ( 'NONE', #3434, #2325, #3754 ) ;
#3358 = DIRECTION ( 'NONE',  ( 0.000000000000000000, 1.000000000000000000, -0.000000000000000000 ) ) ;
#3359 = DIRECTION ( 'NONE',  ( 1.000000000000000000, 0.000000000000000000, -0.000000000000000000 ) ) ;
#3360 = ORIENTED_EDGE ( 'NONE', *, *, #4297, .T. ) ;
#3361 = VECTOR ( 'NONE', #324, 1000.000000000000000 ) ;
#3362 = ORIENTED_EDGE ( 'NONE', *, *, #173, .T. ) ;
#3363 =( LENGTH_UNIT ( ) NAMED_UNIT ( * ) SI_UNIT ( .MILLI., .METRE. ) );
#3364 = SURFACE_STYLE_FILL_AREA ( #3389 ) ;
#3365 = EDGE_CURVE ( 'NONE', #4004, #1893, #2815, .T. ) ;
#3366 =( NAMED_UNIT ( * ) PLANE_ANGLE_UNIT ( ) SI_UNIT ( $, .RADIAN. ) );
#3367 = VECTOR ( 'NONE', #1836, 1000.000000000000000 ) ;
#3368 = FILL_AREA_STYLE ('',( #3651 ) ) ;
#3369 = VECTOR ( 'NONE', #1667, 1000.000000000000000 ) ;
#3370 = CARTESIAN_POINT ( 'NONE',  ( 4.827200000000001268, 0.07280000000000000360, -3.427200000000000024 ) ) ;
#3371 = COLOUR_RGB ( '',0.7686274509803920907, 0.7686274509803920907, 0.7686274509803920907 ) ;
#3372 = AXIS2_PLACEMENT_3D ( 'NONE', #3806, #3448, #939 ) ;
#3373 = CARTESIAN_POINT ( 'NONE',  ( 1.050001800200619728, 0.1379901960871676436, -0.07309921352172948916 ) ) ;
#3374 = DIRECTION ( 'NONE',  ( -0.9612934544747570031, 0.000000000000000000, -0.2755265765475048423 ) ) ;
#3375 = EDGE_CURVE ( 'NONE', #2463, #1992, #3921, .T. ) ;
#3376 = VECTOR ( 'NONE', #1056, 1000.000000000000000 ) ;
#3377 = CARTESIAN_POINT ( 'NONE',  ( 0.9771999999999995135, 1.777199999999999891, -3.427200000000000024 ) ) ;
#3378 = VERTEX_POINT ( 'NONE', #3939 ) ;
#3379 = CARTESIAN_POINT ( 'NONE',  ( 4.900000000000000355, 1.777199999999999891, -3.500000000000000000 ) ) ;
#3380 = CARTESIAN_POINT ( 'NONE',  ( 2.646000000000010122, 1.782199999999999784, -2.629472052082345357 ) ) ;
#3381 = DIRECTION ( 'NONE',  ( 0.000000000000000000, 0.000000000000000000, 1.000000000000000000 ) ) ;
#3382 = VERTEX_POINT ( 'NONE', #342 ) ;
#3383 = CARTESIAN_POINT ( 'NONE',  ( 0.9771999999999949615, 1.168436341270918085E-14, -3.427200000000000024 ) ) ;
#3384 = VECTOR ( 'NONE', #4346, 1000.000000000000000 ) ;
#3385 = CARTESIAN_POINT ( 'NONE',  ( 3.853192632527818517, 0.09412262632961936049, -0.09412262632961937436 ) ) ;
#3386 = EDGE_CURVE ( 'NONE', #733, #2095, #694, .T. ) ;
#3387 = ORIENTED_EDGE ( 'NONE', *, *, #3365, .F. ) ;
#3388 = ORIENTED_EDGE ( 'NONE', *, *, #4357, .T. ) ;
#3389 = FILL_AREA_STYLE ('',( #3412 ) ) ;
#3390 = PLANE ( 'NONE',  #3595 ) ;
#3391 = AXIS2_PLACEMENT_3D ( 'NONE', #1733, #3143, #1335 ) ;
#3392 = PLANE ( 'NONE',  #2644 ) ;
#3393 = CARTESIAN_POINT ( 'NONE',  ( 2.325105313117773242, 1.782199999999999784, -1.228085846872917664 ) ) ;
#3394 = LINE ( 'NONE', #3654, #135 ) ;
#3395 = LINE ( 'NONE', #525, #587 ) ;
#3396 = DIRECTION ( 'NONE',  ( -0.000000000000000000, -1.000000000000000000, 0.000000000000000000 ) ) ;
#3397 = EDGE_CURVE ( 'NONE', #3944, #534, #3154, .T. ) ;
#3398 = FILL_AREA_STYLE ('',( #2748 ) ) ;
#3399 = EDGE_CURVE ( 'NONE', #1844, #750, #2952, .T. ) ;
#3400 = SURFACE_STYLE_FILL_AREA ( #4087 ) ;
#3401 = LINE ( 'NONE', #2666, #2332 ) ;
#3402 = DIRECTION ( 'NONE',  ( 1.000000000000000000, 0.000000000000000000, 0.000000000000000000 ) ) ;
#3403 = CARTESIAN_POINT ( 'NONE',  ( 2.131461455074789679, 1.782199999999999784, -1.056984182129538707 ) ) ;
#3404 = ORIENTED_EDGE ( 'NONE', *, *, #2900, .T. ) ;
#3405 = SURFACE_SIDE_STYLE ('',( #507 ) ) ;
#3406 = DIRECTION ( 'NONE',  ( 0.000000000000000000, 1.000000000000000000, 0.000000000000000000 ) ) ;
#3407 = UNCERTAINTY_MEASURE_WITH_UNIT (LENGTH_MEASURE( 1.000000000000000082E-05 ), #3181, 'distance_accuracy_value', 'NONE');
#3408 = DIRECTION ( 'NONE',  ( 0.000000000000000000, 0.000000000000000000, -1.000000000000000000 ) ) ;
#3409 = ORIENTED_EDGE ( 'NONE', *, *, #3021, .F. ) ;
#3410 = ORIENTED_EDGE ( 'NONE', *, *, #1141, .T. ) ;
#3411 = CARTESIAN_POINT ( 'NONE',  ( 4.900000000000000355, 1.849999999999999867, -3.427200000000000024 ) ) ;
#3412 = FILL_AREA_STYLE_COLOUR ( '', #2169 ) ;
#3413 = PRESENTATION_STYLE_ASSIGNMENT (( #848 ) ) ;
#3414 = EDGE_CURVE ( 'NONE', #864, #1844, #1155, .T. ) ;
#3415 = CARTESIAN_POINT ( 'NONE',  ( 2.131461455074789679, 1.777199999999999891, -1.951152340343301539 ) ) ;
#3416 = FILL_AREA_STYLE ('',( #2020 ) ) ;
#3417 = DIRECTION ( 'NONE',  ( 0.9601763114327566129, 0.000000000000000000, 0.2793947940878394043 ) ) ;
#3418 = DIRECTION ( 'NONE',  ( 0.000000000000000000, 1.000000000000000000, 0.000000000000000000 ) ) ;
#3419 = CARTESIAN_POINT ( 'NONE',  ( 4.900000000000000355, 1.777199999999999891, -0.07280000000000000360 ) ) ;
#3420 = DIRECTION ( 'NONE',  ( -0.9610853065513846882, 0.000000000000000000, -0.2762517575166369421 ) ) ;
#3421 = VECTOR ( 'NONE', #1074, 1000.000000000000114 ) ;
#3422 = SURFACE_STYLE_FILL_AREA ( #1931 ) ;
#3423 = DIRECTION ( 'NONE',  ( 1.000000000000000000, 0.000000000000000000, 0.000000000000000000 ) ) ;
#3424 = ADVANCED_FACE ( 'NONE', ( #4073 ), #2928, .T. ) ;
#3425 = ORIENTED_EDGE ( 'NONE', *, *, #3399, .T. ) ;
#3426 = CIRCLE ( 'NONE', #3498, 0.07280000000000003135 ) ;
#3427 = FACE_OUTER_BOUND ( 'NONE', #2073, .T. ) ;
#3428 = AXIS2_PLACEMENT_3D ( 'NONE', #239, #1699, #3113 ) ;
#3429 = DIRECTION ( 'NONE',  ( 0.9610853065513847993, 0.000000000000000000, 0.2762517575166369976 ) ) ;
#3430 = ADVANCED_FACE ( 'NONE', ( #3719 ), #487, .F. ) ;
#3431 = ORIENTED_EDGE ( 'NONE', *, *, #3469, .T. ) ;
#3432 = ORIENTED_EDGE ( 'NONE', *, *, #4275, .F. ) ;
#3433 = LINE ( 'NONE', #932, #1229 ) ;
#3434 = CARTESIAN_POINT ( 'NONE',  ( 4.827200000000001268, 1.777199999999999891, -3.427200000000000024 ) ) ;
#3435 = DIRECTION ( 'NONE',  ( 0.000000000000000000, 0.000000000000000000, 1.000000000000000000 ) ) ;
#3436 = VECTOR ( 'NONE', #1847, 1000.000000000000114 ) ;
#3437 = MECHANICAL_DESIGN_GEOMETRIC_PRESENTATION_REPRESENTATION (  '', ( #3590 ), #3822 ) ;
#3438 = ADVANCED_FACE ( 'NONE', ( #39 ), #3312, .T. ) ;
#3439 = EDGE_CURVE ( 'NONE', #4215, #236, #1300, .T. ) ;
#3440 =( NAMED_UNIT ( * ) PLANE_ANGLE_UNIT ( ) SI_UNIT ( $, .RADIAN. ) );
#3441 = DIRECTION ( 'NONE',  ( -1.000000000000000000, 0.000000000000000000, 0.000000000000000000 ) ) ;
#3442 = COLOUR_RGB ( '',0.7686274509803920907, 0.7686274509803920907, 0.7686274509803920907 ) ;
#3443 = AXIS2_PLACEMENT_3D ( 'NONE', #1270, #972, #1288 ) ;
#3444 = DIRECTION ( 'NONE',  ( 5.943634068010689976E-14, 0.000000000000000000, -1.000000000000000000 ) ) ;
#3445 = VECTOR ( 'NONE', #569, 1000.000000000000114 ) ;
#3446 = ADVANCED_FACE ( 'NONE', ( #511 ), #928, .F. ) ;
#3447 = SURFACE_STYLE_FILL_AREA ( #3398 ) ;
#3448 = DIRECTION ( 'NONE',  ( -1.000000000000000000, 0.000000000000000000, -5.943634068010691238E-14 ) ) ;
#3449 = STYLED_ITEM ( 'NONE', ( #3318 ), #3097 ) ;
#3450 = DIRECTION ( 'NONE',  ( 1.000000000000000000, 0.000000000000000000, -0.000000000000000000 ) ) ;
#3451 = EDGE_LOOP ( 'NONE', ( #330, #729, #102, #448 ) ) ;
#3452 = COLOUR_RGB ( '',0.7686274509803920907, 0.7686274509803920907, 0.7686274509803920907 ) ;
#3453 = CARTESIAN_POINT ( 'NONE',  ( 2.646000000000010122, 1.777199999999999891, -1.650160399609248874 ) ) ;
#3454 =( GEOMETRIC_REPRESENTATION_CONTEXT ( 3 ) GLOBAL_UNCERTAINTY_ASSIGNED_CONTEXT ( ( #2720 ) ) GLOBAL_UNIT_ASSIGNED_CONTEXT ( ( #2149, #2432, #3566 ) ) REPRESENTATION_CONTEXT ( 'NONE', 'WORKASPACE' ) );
#3455 = CARTESIAN_POINT ( 'NONE',  ( 3.850111683549548136, 1.728288477569294157, -3.423169038377901874 ) ) ;
#3456 = UNCERTAINTY_MEASURE_WITH_UNIT (LENGTH_MEASURE( 1.000000000000000082E-05 ), #2657, 'distance_accuracy_value', 'NONE');
#3457 =( NAMED_UNIT ( * ) SI_UNIT ( $, .STERADIAN. ) SOLID_ANGLE_UNIT ( ) );
#3458 = ORIENTED_EDGE ( 'NONE', *, *, #510, .F. ) ;
#3459 = FACE_OUTER_BOUND ( 'NONE', #3451, .T. ) ;
#3460 = STYLED_ITEM ( 'NONE', ( #3997 ), #3995 ) ;
#3461 = FACE_OUTER_BOUND ( 'NONE', #3300, .T. ) ;
#3462 = EDGE_CURVE ( 'NONE', #1971, #3616, #578, .T. ) ;
#3463 =( LENGTH_UNIT ( ) NAMED_UNIT ( * ) SI_UNIT ( .MILLI., .METRE. ) );
#3464 = VECTOR ( 'NONE', #373, 1000.000000000000000 ) ;
#3465 = ORIENTED_EDGE ( 'NONE', *, *, #1930, .F. ) ;
#3466 = CARTESIAN_POINT ( 'NONE',  ( 0.9771999999999951836, 0.07280000000000000360, -3.427200000000000024 ) ) ;
#3467 = SURFACE_STYLE_USAGE ( .BOTH. , #3049 ) ;
#3468 = DIRECTION ( 'NONE',  ( 1.000000000000000000, 0.000000000000000000, 0.000000000000000000 ) ) ;
#3469 = EDGE_CURVE ( 'NONE', #2018, #1787, #1661, .T. ) ;
#3470 = CARTESIAN_POINT ( 'NONE',  ( 2.646000000000010122, 1.782199999999999784, -1.898139623118868524 ) ) ;
#3471 = VERTEX_POINT ( 'NONE', #2367 ) ;
#3472 = EDGE_CURVE ( 'NONE', #2296, #1450, #2756, .T. ) ;
#3473 = FILL_AREA_STYLE_COLOUR ( '', #3218 ) ;
#3474 =( LENGTH_UNIT ( ) NAMED_UNIT ( * ) SI_UNIT ( .MILLI., .METRE. ) );
#3475 = CARTESIAN_POINT ( 'NONE',  ( 2.131461455074789679, 1.777199999999999891, -1.569502186183909798 ) ) ;
#3476 = ORIENTED_EDGE ( 'NONE', *, *, #2005, .F. ) ;
#3477 = CARTESIAN_POINT ( 'NONE',  ( 1.047905612443421619, 0.09023104508787511968, -0.09824730024223249369 ) ) ;
#3478 = DIRECTION ( 'NONE',  ( 1.000000000000000000, -2.978577396938197768E-15, 0.000000000000000000 ) ) ;
#3479 = FACE_OUTER_BOUND ( 'NONE', #2239, .T. ) ;
#3480 = VERTEX_POINT ( 'NONE', #3385 ) ;
#3481 = CYLINDRICAL_SURFACE ( 'NONE', #258, 0.07280000000000003135 ) ;
#3482 = FACE_OUTER_BOUND ( 'NONE', #7, .T. ) ;
#3483 = CARTESIAN_POINT ( 'NONE',  ( 3.850000000000000089, 0.1455999999999999794, -0.07280000000000003135 ) ) ;
#3484 = DIRECTION ( 'NONE',  ( 0.000000000000000000, -1.000000000000000000, 0.000000000000000000 ) ) ;
#3485 = DIRECTION ( 'NONE',  ( 0.000000000000000000, 0.000000000000000000, 1.000000000000000000 ) ) ;
#3486 = CARTESIAN_POINT ( 'NONE',  ( 0.9771999999999949615, 0.07280000000000000360, 0.000000000000000000 ) ) ;
#3487 = ORIENTED_EDGE ( 'NONE', *, *, #550, .F. ) ;
#3488 = EDGE_CURVE ( 'NONE', #162, #2236, #1037, .T. ) ;
#3489 = LINE ( 'NONE', #3145, #2017 ) ;
#3490 = SURFACE_STYLE_USAGE ( .BOTH. , #3519 ) ;
#3491 = PRESENTATION_STYLE_ASSIGNMENT (( #1041 ) ) ;
#3492 = DIRECTION ( 'NONE',  ( 0.000000000000000000, 0.000000000000000000, -1.000000000000000000 ) ) ;
#3493 = UNCERTAINTY_MEASURE_WITH_UNIT (LENGTH_MEASURE( 1.000000000000000082E-05 ), #3093, 'distance_accuracy_value', 'NONE');
#3494 = SURFACE_STYLE_USAGE ( .BOTH. , #1344 ) ;
#3495 = STYLED_ITEM ( 'NONE', ( #3041 ), #256 ) ;
#3496 = EDGE_LOOP ( 'NONE', ( #3547, #1308, #2674 ) ) ;
#3497 = CARTESIAN_POINT ( 'NONE',  ( 2.229401225116402596, 1.782199999999999784, -1.490363109686198895 ) ) ;
#3498 = AXIS2_PLACEMENT_3D ( 'NONE', #1763, #3955, #2599 ) ;
#3499 = CARTESIAN_POINT ( 'NONE',  ( 2.131461455074789679, 1.782199999999999784, -0.7318762750000832318 ) ) ;
#3500 = VERTEX_POINT ( 'NONE', #1670 ) ;
#3501 = PRESENTATION_STYLE_ASSIGNMENT (( #323 ) ) ;
#3502 = DIRECTION ( 'NONE',  ( -1.000000000000000000, 0.000000000000000000, 0.000000000000000000 ) ) ;
#3503 = COLOUR_RGB ( '',0.7686274509803920907, 0.7686274509803920907, 0.7686274509803920907 ) ;
#3504 = PLANE ( 'NONE',  #3513 ) ;
#3505 = MECHANICAL_DESIGN_GEOMETRIC_PRESENTATION_REPRESENTATION (  '', ( #2993 ), #2327 ) ;
#3506 = AXIS2_PLACEMENT_3D ( 'NONE', #3317, #100, #1528 ) ;
#3507 = VECTOR ( 'NONE', #1439, 1000.000000000000000 ) ;
#3508 = FILL_AREA_STYLE_COLOUR ( '', #2923 ) ;
#3509 = CARTESIAN_POINT ( 'NONE',  ( 3.853192632527818517, 0.09412262632961940212, -3.405877373670380681 ) ) ;
#3510 = EDGE_CURVE ( 'NONE', #3763, #1731, #233, .T. ) ;
#3511 = B_SPLINE_CURVE_WITH_KNOTS ( 'NONE', 3,
 ( #497, #451, #4385, #1873, #2641, #4058, #4463, #473, #3759, #4406 ),
 .UNSPECIFIED., .F., .F.,
 ( 4, 3, 3, 4 ),
 ( 0.000000000000000000, 2.422644186407596622E-05, 4.850291313082665949E-05, 5.704030738691036849E-05 ),
 .UNSPECIFIED. ) ;
#3512 = EDGE_LOOP ( 'NONE', ( #2160, #1848, #2905, #2742, #2416, #2812 ) ) ;
#3513 = AXIS2_PLACEMENT_3D ( 'NONE', #2357, #255, #3417 ) ;
#3514 = PRESENTATION_LAYER_ASSIGNMENT (  '', '', ( #143 ) ) ;
#3515 =( NAMED_UNIT ( * ) PLANE_ANGLE_UNIT ( ) SI_UNIT ( $, .RADIAN. ) );
#3516 = ORIENTED_EDGE ( 'NONE', *, *, #3252, .T. ) ;
#3517 = DIRECTION ( 'NONE',  ( 0.000000000000000000, -1.000000000000000000, -3.723221746172747210E-16 ) ) ;
#3518 = MECHANICAL_DESIGN_GEOMETRIC_PRESENTATION_REPRESENTATION (  '', ( #2781 ), #888 ) ;
#3519 = SURFACE_SIDE_STYLE ('',( #4620 ) ) ;
#3520 = AXIS2_PLACEMENT_3D ( 'NONE', #3685, #779, #1509 ) ;
#3521 = EDGE_CURVE ( 'NONE', #1470, #3988, #949, .T. ) ;
#3522 = FILL_AREA_STYLE_COLOUR ( '', #4365 ) ;
#3523 = VECTOR ( 'NONE', #4081, 1000.000000000000000 ) ;
#3524 = ORIENTED_EDGE ( 'NONE', *, *, #3397, .F. ) ;
#3525 = CARTESIAN_POINT ( 'NONE',  ( 1.049741233250671923, 0.07948323945854364470, -0.1140762683298830876 ) ) ;
#3526 = LINE ( 'NONE', #980, #1022 ) ;
#3527 = AXIS2_PLACEMENT_3D ( 'NONE', #1350, #1422, #2491 ) ;
#3528 = DIRECTION ( 'NONE',  ( -0.7145695586381776154, 0.000000000000000000, 0.6995643972270459976 ) ) ;
#3529 = DIRECTION ( 'NONE',  ( 0.000000000000000000, 0.000000000000000000, 1.000000000000000000 ) ) ;
#3530 = ORIENTED_EDGE ( 'NONE', *, *, #4595, .T. ) ;
#3531 = CARTESIAN_POINT ( 'NONE',  ( 3.922800000000000509, 0.07280000000000000360, 0.000000000000000000 ) ) ;
#3532 =( NAMED_UNIT ( * ) SI_UNIT ( $, .STERADIAN. ) SOLID_ANGLE_UNIT ( ) );
#3533 = COLOUR_RGB ( '',0.7921568627450980005, 0.8196078431372548767, 0.9333333333333333481 ) ;
#3534 = DIRECTION ( 'NONE',  ( 0.000000000000000000, 1.000000000000000000, 0.000000000000000000 ) ) ;
#3535 = SURFACE_SIDE_STYLE ('',( #703 ) ) ;
#3536 = ADVANCED_FACE ( 'NONE', ( #4476 ), #1203, .T. ) ;
#3537 = AXIS2_PLACEMENT_3D ( 'NONE', #4142, #2003, #3423 ) ;
#3538 = DIRECTION ( 'NONE',  ( -0.2740217765953968931, 0.000000000000000000, 0.9617234872620624708 ) ) ;
#3539 = DIRECTION ( 'NONE',  ( 0.000000000000000000, 0.000000000000000000, 1.000000000000000000 ) ) ;
#3540 = ORIENTED_EDGE ( 'NONE', *, *, #2487, .F. ) ;
#3541 = EDGE_CURVE ( 'NONE', #3039, #2965, #4502, .T. ) ;
#3542 = FILL_AREA_STYLE_COLOUR ( '', #2486 ) ;
#3543 = PLANE ( 'NONE',  #54 ) ;
#3544 = CARTESIAN_POINT ( 'NONE',  ( 4.827200000000001268, 0.000000000000000000, -3.427200000000000024 ) ) ;
#3545 = DIRECTION ( 'NONE',  ( -0.000000000000000000, -1.000000000000000000, 0.000000000000000000 ) ) ;
#3546 = UNCERTAINTY_MEASURE_WITH_UNIT (LENGTH_MEASURE( 1.000000000000000082E-05 ), #2978, 'distance_accuracy_value', 'NONE');
#3547 = ORIENTED_EDGE ( 'NONE', *, *, #4001, .T. ) ;
#3548 = DIRECTION ( 'NONE',  ( 0.004650693823668811989, 0.000000000000000000, -0.9999891854650021505 ) ) ;
#3549 = DIRECTION ( 'NONE',  ( -2.978577396938198162E-15, -1.000000000000000000, 0.000000000000000000 ) ) ;
#3550 = CARTESIAN_POINT ( 'NONE',  ( 2.646000000000010122, 1.777199999999999891, -1.544308912229137354 ) ) ;
#3551 = CARTESIAN_POINT ( 'NONE',  ( 2.131461455074789679, 1.782199999999999784, -0.5853694807669547195 ) ) ;
#3552 = EDGE_LOOP ( 'NONE', ( #4025, #354, #259, #2226, #1317, #3742 ) ) ;
#3553 =( NAMED_UNIT ( * ) SI_UNIT ( $, .STERADIAN. ) SOLID_ANGLE_UNIT ( ) );
#3554 = EDGE_CURVE ( 'NONE', #4119, #4082, #3859, .T. ) ;
#3555 = LINE ( 'NONE', #3203, #4417 ) ;
#3556 = CARTESIAN_POINT ( 'NONE',  ( 2.646000000000010122, 1.782199999999999784, -1.898139623118868524 ) ) ;
#3557 = SURFACE_STYLE_USAGE ( .BOTH. , #1119 ) ;
#3558 = EDGE_CURVE ( 'NONE', #2044, #1437, #1804, .T. ) ;
#3559 = CARTESIAN_POINT ( 'NONE',  ( 0.9771999999999995135, 1.777199999999999891, -0.07280000000000000360 ) ) ;
#3560 = DIRECTION ( 'NONE',  ( 0.9617234872620624708, 0.000000000000000000, 0.2740217765953968931 ) ) ;
#3561 = DIRECTION ( 'NONE',  ( 0.000000000000000000, 0.000000000000000000, 1.000000000000000000 ) ) ;
#3562 = ORIENTED_EDGE ( 'NONE', *, *, #3558, .F. ) ;
#3563 = SURFACE_STYLE_USAGE ( .BOTH. , #3211 ) ;
#3564 = PRESENTATION_STYLE_ASSIGNMENT (( #2547 ) ) ;
#3565 = ADVANCED_FACE ( 'NONE', ( #2101 ), #3597, .F. ) ;
#3566 =( NAMED_UNIT ( * ) SI_UNIT ( $, .STERADIAN. ) SOLID_ANGLE_UNIT ( ) );
#3567 = CARTESIAN_POINT ( 'NONE',  ( 4.827200000000001268, 0.000000000000000000, -0.07280000000000000360 ) ) ;
#3568 = ORIENTED_EDGE ( 'NONE', *, *, #3028, .T. ) ;
#3569 =( GEOMETRIC_REPRESENTATION_CONTEXT ( 3 ) GLOBAL_UNCERTAINTY_ASSIGNED_CONTEXT ( ( #1415 ) ) GLOBAL_UNIT_ASSIGNED_CONTEXT ( ( #1371, #1769, #3553 ) ) REPRESENTATION_CONTEXT ( 'NONE', 'WORKASPACE' ) );
#3570 = CARTESIAN_POINT ( 'NONE',  ( 2.325122522707465222, 1.777199999999999891, -2.328779857981044366 ) ) ;
#3571 = DIRECTION ( 'NONE',  ( 0.9610348236706638403, 0.000000000000000000, 0.2764273280489756845 ) ) ;
#3572 = EDGE_CURVE ( 'NONE', #1145, #3988, #1178, .T. ) ;
#3573 = CARTESIAN_POINT ( 'NONE',  ( 3.922800000000000509, 1.777199999999999891, -0.07280000000000003135 ) ) ;
#3574 = DIRECTION ( 'NONE',  ( -2.978577396938198557E-15, -1.000000000000000000, 0.000000000000000000 ) ) ;
#3575 = ORIENTED_EDGE ( 'NONE', *, *, #4569, .F. ) ;
#3576 = VERTEX_POINT ( 'NONE', #3881 ) ;
#3577 = LINE ( 'NONE', #697, #3197 ) ;
#3578 =( GEOMETRIC_REPRESENTATION_CONTEXT ( 3 ) GLOBAL_UNCERTAINTY_ASSIGNED_CONTEXT ( ( #2856 ) ) GLOBAL_UNIT_ASSIGNED_CONTEXT ( ( #3354, #3330, #3669 ) ) REPRESENTATION_CONTEXT ( 'NONE', 'WORKASPACE' ) );
#3579 = CARTESIAN_POINT ( 'NONE',  ( 4.827200000000001268, 1.777199999999999891, 0.000000000000000000 ) ) ;
#3580 = SURFACE_STYLE_USAGE ( .BOTH. , #2188 ) ;
#3581 = EDGE_CURVE ( 'NONE', #1620, #4432, #1571, .T. ) ;
#3582 = AXIS2_PLACEMENT_3D ( 'NONE', #3713, #2664, #4086 ) ;
#3583 = ORIENTED_EDGE ( 'NONE', *, *, #550, .T. ) ;
#3584 = CARTESIAN_POINT ( 'NONE',  ( 2.229401225116402596, 1.782199999999999784, -1.490363109686198895 ) ) ;
#3585 = STYLED_ITEM ( 'NONE', ( #653 ), #1096 ) ;
#3586 = CYLINDRICAL_SURFACE ( 'NONE', #967, 0.07279999999999960114 ) ;
#3587 = ADVANCED_FACE ( 'NONE', ( #295 ), #1343, .F. ) ;
#3588 =( LENGTH_UNIT ( ) NAMED_UNIT ( * ) SI_UNIT ( .MILLI., .METRE. ) );
#3589 = VECTOR ( 'NONE', #1398, 1000.000000000000000 ) ;
#3590 = STYLED_ITEM ( 'NONE', ( #2320 ), #1480 ) ;
#3591 = ORIENTED_EDGE ( 'NONE', *, *, #4357, .F. ) ;
#3592 = DIRECTION ( 'NONE',  ( 1.000000000000000000, 0.000000000000000000, 0.000000000000000000 ) ) ;
#3593 = CARTESIAN_POINT ( 'NONE',  ( 2.131461455074789679, 1.777199999999999891, -1.138056229662791852 ) ) ;
#3594 = DIRECTION ( 'NONE',  ( -1.000000000000000000, 0.000000000000000000, 0.000000000000000000 ) ) ;
#3595 = AXIS2_PLACEMENT_3D ( 'NONE', #2430, #171, #2726 ) ;
#3596 =( GEOMETRIC_REPRESENTATION_CONTEXT ( 3 ) GLOBAL_UNCERTAINTY_ASSIGNED_CONTEXT ( ( #3795 ) ) GLOBAL_UNIT_ASSIGNED_CONTEXT ( ( #2429, #4209, #3169 ) ) REPRESENTATION_CONTEXT ( 'NONE', 'WORKASPACE' ) );
#3597 = PLANE ( 'NONE',  #3227 ) ;
#3598 = PRODUCT_DEFINITION_CONTEXT ( 'detailed design', #2482, 'design' ) ;
#3599 = SURFACE_STYLE_FILL_AREA ( #336 ) ;
#3600 = ORIENTED_EDGE ( 'NONE', *, *, #3521, .T. ) ;
#3601 = AXIS2_PLACEMENT_3D ( 'NONE', #2774, #903, #593 ) ;
#3602 =( NAMED_UNIT ( * ) PLANE_ANGLE_UNIT ( ) SI_UNIT ( $, .RADIAN. ) );
#3603 = CARTESIAN_POINT ( 'NONE',  ( 1.049741233250676142, 1.735923731670116155, -0.07948323945854336714 ) ) ;
#3604 = DIRECTION ( 'NONE',  ( -0.000000000000000000, -1.000000000000000000, -0.000000000000000000 ) ) ;
#3605 = VERTEX_POINT ( 'NONE', #1740 ) ;
#3606 = EDGE_CURVE ( 'NONE', #3265, #772, #2130, .T. ) ;
#3607 = AXIS2_PLACEMENT_3D ( 'NONE', #2168, #1016, #4233 ) ;
#3608 = DIRECTION ( 'NONE',  ( -0.2762033010288898471, 0.000000000000000000, 0.9610992334305259455 ) ) ;
#3609 = MECHANICAL_DESIGN_GEOMETRIC_PRESENTATION_REPRESENTATION (  '', ( #1655 ), #1495 ) ;
#3610 = ORIENTED_EDGE ( 'NONE', *, *, #1653, .T. ) ;
#3611 = VECTOR ( 'NONE', #2359, 1000.000000000000114 ) ;
#3612 = CARTESIAN_POINT ( 'NONE',  ( 2.646000000000010122, 1.782199999999999784, -0.5838112303105352785 ) ) ;
#3613 = ORIENTED_EDGE ( 'NONE', *, *, #3784, .T. ) ;
#3614 = CARTESIAN_POINT ( 'NONE',  ( 2.646000000000010122, 1.782199999999999784, -1.544308912229137354 ) ) ;
#3615 = VECTOR ( 'NONE', #2757, 1000.000000000000000 ) ;
#3616 = VERTEX_POINT ( 'NONE', #4644 ) ;
#3617 = CARTESIAN_POINT ( 'NONE',  ( 2.230809282385251890, 1.777199999999999891, -2.748844018251972887 ) ) ;
#3618 = PRESENTATION_STYLE_ASSIGNMENT (( #3257 ) ) ;
#3619 = SURFACE_STYLE_USAGE ( .BOTH. , #3303 ) ;
#3620 = FILL_AREA_STYLE ('',( #2246 ) ) ;
#3621 = SURFACE_STYLE_FILL_AREA ( #1108 ) ;
#3622 = ORIENTED_EDGE ( 'NONE', *, *, #2536, .F. ) ;
#3623 =( NAMED_UNIT ( * ) SI_UNIT ( $, .STERADIAN. ) SOLID_ANGLE_UNIT ( ) );
#3624 = SURFACE_STYLE_USAGE ( .BOTH. , #794 ) ;
#3625 = CARTESIAN_POINT ( 'NONE',  ( 2.366619534904712552, 1.782199999999999784, -0.6638874471448800163 ) ) ;
#3626 = EDGE_CURVE ( 'NONE', #3308, #1101, #4669, .T. ) ;
#3627 = CLOSED_SHELL ( 'NONE', ( #3629, #1773, #3446, #4522, #1711, #3356, #3344, #189, #1281, #3349, #1988, #922, #2750 ) ) ;
#3628 = ORIENTED_EDGE ( 'NONE', *, *, #3260, .T. ) ;
#3629 = ADVANCED_FACE ( 'NONE', ( #637 ), #2855, .F. ) ;
#3630 = CARTESIAN_POINT ( 'NONE',  ( 2.420225839607043739, 1.782199999999999784, -1.421762559585259877 ) ) ;
#3631 = PRESENTATION_STYLE_ASSIGNMENT (( #869 ) ) ;
#3632 = ORIENTED_EDGE ( 'NONE', *, *, #436, .T. ) ;
#3633 = CYLINDRICAL_SURFACE ( 'NONE', #736, 0.07279999999999960114 ) ;
#3634 = ORIENTED_EDGE ( 'NONE', *, *, #4552, .T. ) ;
#3635 = CARTESIAN_POINT ( 'NONE',  ( 2.131461455074789679, 1.782199999999999784, -0.8876543440893396308 ) ) ;
#3636 = ORIENTED_EDGE ( 'NONE', *, *, #1075, .F. ) ;
#3637 = FILL_AREA_STYLE ('',( #1012 ) ) ;
#3638 =( NAMED_UNIT ( * ) SI_UNIT ( $, .STERADIAN. ) SOLID_ANGLE_UNIT ( ) );
#3639 = EDGE_LOOP ( 'NONE', ( #1147, #3054, #1649, #1903, #1926, #4652, #489, #2857, #1941, #865, #186, #1210, #1443, #2558, #4602, #156, #3591 ) ) ;
#3640 =( LENGTH_UNIT ( ) NAMED_UNIT ( * ) SI_UNIT ( .MILLI., .METRE. ) );
#3641 = CARTESIAN_POINT ( 'NONE',  ( 2.646000000000010122, 1.777199999999999891, -0.9899927494813206552 ) ) ;
#3642 = ADVANCED_FACE ( 'NONE', ( #3932 ), #1414, .T. ) ;
#3643 = VERTEX_POINT ( 'NONE', #2076 ) ;
#3644 = FILL_AREA_STYLE ('',( #2154 ) ) ;
#3645 = CARTESIAN_POINT ( 'NONE',  ( 3.849998199799375076, 0.07309921352172960018, -0.1379901960871668110 ) ) ;
#3646 = ORIENTED_EDGE ( 'NONE', *, *, #4139, .F. ) ;
#3647 = ORIENTED_EDGE ( 'NONE', *, *, #121, .F. ) ;
#3648 = CARTESIAN_POINT ( 'NONE',  ( 2.548089955612195201, 1.777199999999999891, -2.265138798481020732 ) ) ;
#3649 = PRESENTATION_STYLE_ASSIGNMENT (( #826 ) ) ;
#3650 = STYLED_ITEM ( 'NONE', ( #866 ), #267 ) ;
#3651 = FILL_AREA_STYLE_COLOUR ( '', #4514 ) ;
#3652 = VECTOR ( 'NONE', #3548, 1000.000000000000227 ) ;
#3653 = EDGE_LOOP ( 'NONE', ( #2193, #1324, #803, #209 ) ) ;
#3654 = CARTESIAN_POINT ( 'NONE',  ( 1.049999999999999600, 1.777199999999999891, -3.500000000000000000 ) ) ;
#3655 = LINE ( 'NONE', #3008, #4663 ) ;
#3656 = PRESENTATION_LAYER_ASSIGNMENT (  '', '', ( #3205 ) ) ;
#3657 = ORIENTED_EDGE ( 'NONE', *, *, #4146, .T. ) ;
#3658 = CARTESIAN_POINT ( 'NONE',  ( 0.07279999999999960114, 0.000000000000000000, -0.07280000000000000360 ) ) ;
#3659 = ORIENTED_EDGE ( 'NONE', *, *, #3681, .F. ) ;
#3660 = PRESENTATION_LAYER_ASSIGNMENT (  '', '', ( #3585 ) ) ;
#3661 = SURFACE_SIDE_STYLE ('',( #2824 ) ) ;
#3662 = ADVANCED_FACE ( 'NONE', ( #266 ), #110, .F. ) ;
#3663 =( NAMED_UNIT ( * ) PLANE_ANGLE_UNIT ( ) SI_UNIT ( $, .RADIAN. ) );
#3664 =( GEOMETRIC_REPRESENTATION_CONTEXT ( 3 ) GLOBAL_UNCERTAINTY_ASSIGNED_CONTEXT ( ( #618 ) ) GLOBAL_UNIT_ASSIGNED_CONTEXT ( ( #1233, #609, #4486 ) ) REPRESENTATION_CONTEXT ( 'NONE', 'WORKASPACE' ) );
#3665 = DIRECTION ( 'NONE',  ( -1.000000000000000000, 0.000000000000000000, 0.000000000000000000 ) ) ;
#3666 = COLOUR_RGB ( '',0.7686274509803920907, 0.7686274509803920907, 0.7686274509803920907 ) ;
#3667 = FACE_OUTER_BOUND ( 'NONE', #3217, .T. ) ;
#3668 = ORIENTED_EDGE ( 'NONE', *, *, #4214, .T. ) ;
#3669 =( NAMED_UNIT ( * ) SI_UNIT ( $, .STERADIAN. ) SOLID_ANGLE_UNIT ( ) );
#3670 = MECHANICAL_DESIGN_GEOMETRIC_PRESENTATION_REPRESENTATION (  '', ( #4046 ), #1868 ) ;
#3671 = LINE ( 'NONE', #2861, #1869 ) ;
#3672 = STYLED_ITEM ( 'NONE', ( #1987 ), #1537 ) ;
#3673 = DIRECTION ( 'NONE',  ( 0.000000000000000000, 0.000000000000000000, 1.000000000000000000 ) ) ;
#3674 = PLANE ( 'NONE',  #1420 ) ;
#3675 = PRESENTATION_LAYER_ASSIGNMENT (  '', '', ( #2032 ) ) ;
#3676 = VECTOR ( 'NONE', #2537, 1000.000000000000114 ) ;
#3677 = ORIENTED_EDGE ( 'NONE', *, *, #4491, .T. ) ;
#3678 = ORIENTED_EDGE ( 'NONE', *, *, #1904, .F. ) ;
#3679 = CARTESIAN_POINT ( 'NONE',  ( 2.131461455074789679, 1.782199999999999784, -1.138056229662791852 ) ) ;
#3680 = CARTESIAN_POINT ( 'NONE',  ( 3.922800000000000509, 1.849999999999999867, -0.07280000000000000360 ) ) ;
#3681 = EDGE_CURVE ( 'NONE', #4396, #3382, #12, .T. ) ;
#3682 = MECHANICAL_DESIGN_GEOMETRIC_PRESENTATION_REPRESENTATION (  '', ( #3836 ), #1330 ) ;
#3683 = ADVANCED_FACE ( 'NONE', ( #4375 ), #388, .T. ) ;
#3684 = ORIENTED_EDGE ( 'NONE', *, *, #3178, .F. ) ;
#3685 = CARTESIAN_POINT ( 'NONE',  ( 2.325122522707465222, 1.782199999999999784, -2.549591398757555361 ) ) ;
#3686 = EDGE_CURVE ( 'NONE', #3265, #4082, #1909, .T. ) ;
#3687 = AXIS2_PLACEMENT_3D ( 'NONE', #3486, #681, #2072 ) ;
#3688 = CARTESIAN_POINT ( 'NONE',  ( 0.000000000000000000, 1.777199999999999891, -0.07280000000000000360 ) ) ;
#3689 = VERTEX_POINT ( 'NONE', #3979 ) ;
#3690 = CARTESIAN_POINT ( 'NONE',  ( 2.350880583661799861, 1.782199999999999784, -0.6689799213428695435 ) ) ;
#3691 = ORIENTED_EDGE ( 'NONE', *, *, #3810, .T. ) ;
#3692 = DIRECTION ( 'NONE',  ( -1.000000000000000000, 0.000000000000000000, 0.000000000000000000 ) ) ;
#3693 = CARTESIAN_POINT ( 'NONE',  ( 2.646000000000010122, 1.782199999999999784, -2.090815050663394015 ) ) ;
#3694 = LINE ( 'NONE', #1216, #4269 ) ;
#3695 = VECTOR ( 'NONE', #2953, 1000.000000000000227 ) ;
#3696 = SURFACE_STYLE_USAGE ( .BOTH. , #4002 ) ;
#3697 = UNCERTAINTY_MEASURE_WITH_UNIT (LENGTH_MEASURE( 1.000000000000000082E-05 ), #2170, 'distance_accuracy_value', 'NONE');
#3698 = EDGE_LOOP ( 'NONE', ( #674, #459, #3929, #3941 ) ) ;
#3699 = AXIS2_PLACEMENT_3D ( 'NONE', #1565, #1462, #3307 ) ;
#3700 = CARTESIAN_POINT ( 'NONE',  ( 2.325105313117773242, 1.782199999999999784, -1.228085846872917664 ) ) ;
#3701 = CARTESIAN_POINT ( 'NONE',  ( 3.850005466920572772, 0.07369216240005535545, -0.1342376546567189410 ) ) ;
#3702 = VERTEX_POINT ( 'NONE', #1883 ) ;
#3703 = ORIENTED_EDGE ( 'NONE', *, *, #3581, .T. ) ;
#3704 = CARTESIAN_POINT ( 'NONE',  ( 3.850000000000000533, 1.708199106259448818, -0.07280000000000004523 ) ) ;
#3705 = PLANE ( 'NONE',  #2395 ) ;
#3706 =( NAMED_UNIT ( * ) SI_UNIT ( $, .STERADIAN. ) SOLID_ANGLE_UNIT ( ) );
#3707 = ADVANCED_FACE ( 'NONE', ( #3305 ), #815, .T. ) ;
#3708 = ORIENTED_EDGE ( 'NONE', *, *, #1566, .T. ) ;
#3709 = LINE ( 'NONE', #2661, #893 ) ;
#3710 = PRESENTATION_STYLE_ASSIGNMENT (( #4103 ) ) ;
#3711 = ORIENTED_EDGE ( 'NONE', *, *, #2377, .F. ) ;
#3712 = EDGE_LOOP ( 'NONE', ( #4328, #62, #982, #540 ) ) ;
#3713 = CARTESIAN_POINT ( 'NONE',  ( 4.827200000000001268, 0.07280000000000000360, -3.427200000000000024 ) ) ;
#3714 = PLANE ( 'NONE',  #514 ) ;
#3715 = DIRECTION ( 'NONE',  ( 0.000000000000000000, 0.000000000000000000, -1.000000000000000000 ) ) ;
#3716 =( LENGTH_UNIT ( ) NAMED_UNIT ( * ) SI_UNIT ( .MILLI., .METRE. ) );
#3717 = ORIENTED_EDGE ( 'NONE', *, *, #3042, .F. ) ;
#3718 =( NAMED_UNIT ( * ) SI_UNIT ( $, .STERADIAN. ) SOLID_ANGLE_UNIT ( ) );
#3719 = FACE_OUTER_BOUND ( 'NONE', #1865, .T. ) ;
#3720 = CARTESIAN_POINT ( 'NONE',  ( 3.850000000000000533, 0.07280000000000003135, -0.1418008937405508263 ) ) ;
#3721 = ORIENTED_EDGE ( 'NONE', *, *, #4595, .F. ) ;
#3722 = ORIENTED_EDGE ( 'NONE', *, *, #3488, .F. ) ;
#3723 = CARTESIAN_POINT ( 'NONE',  ( 4.900000000000000355, 1.777199999999999891, -3.427200000000000024 ) ) ;
#3724 = CARTESIAN_POINT ( 'NONE',  ( 3.851575672170317155, 1.750598832835277063, -0.08884408549451593140 ) ) ;
#3725 = EDGE_CURVE ( 'NONE', #3702, #4172, #4418, .T. ) ;
#3726 = SURFACE_STYLE_FILL_AREA ( #4080 ) ;
#3727 = LINE ( 'NONE', #1551, #3523 ) ;
#3728 = FACE_OUTER_BOUND ( 'NONE', #4361, .T. ) ;
#3729 = CARTESIAN_POINT ( 'NONE',  ( 2.229401225116402596, 1.782199999999999784, -1.255934090619534649 ) ) ;
#3730 = ADVANCED_BREP_SHAPE_REPRESENTATION ( 'CCS_CCSTD_1812_L4.9W3.5T1.85B0.7', ( #2733, #2819, #4291, #2803, #3391 ), #2800 ) ;
#3731 = DIRECTION ( 'NONE',  ( -1.000000000000000000, 0.000000000000000000, 0.000000000000000000 ) ) ;
#3732 = FACE_OUTER_BOUND ( 'NONE', #1136, .T. ) ;
#3733 = VECTOR ( 'NONE', #1325, 1000.000000000000114 ) ;
#3734 = ORIENTED_EDGE ( 'NONE', *, *, #3021, .T. ) ;
#3735 = FACE_OUTER_BOUND ( 'NONE', #3919, .T. ) ;
#3736 = STYLED_ITEM ( 'NONE', ( #2653 ), #655 ) ;
#3737 = CARTESIAN_POINT ( 'NONE',  ( 1.049888316450452441, 1.773169038377901519, -3.378288477569294734 ) ) ;
#3738 = EDGE_CURVE ( 'NONE', #3576, #3988, #3156, .T. ) ;
#3739 = PRESENTATION_STYLE_ASSIGNMENT (( #2689 ) ) ;
#3740 = DIRECTION ( 'NONE',  ( -0.9610674221107078363, 0.000000000000000000, -0.2763139702539094689 ) ) ;
#3741 = COLOUR_RGB ( '',0.7686274509803920907, 0.7686274509803920907, 0.7686274509803920907 ) ;
#3742 = ORIENTED_EDGE ( 'NONE', *, *, #3199, .F. ) ;
#3743 = CARTESIAN_POINT ( 'NONE',  ( 2.230809282386529535, 1.782199999999999784, -2.895382102646353761 ) ) ;
#3744 = LINE ( 'NONE', #3700, #2846 ) ;
#3745 = AXIS2_PLACEMENT_3D ( 'NONE', #3559, #3184, #311 ) ;
#3746 = VECTOR ( 'NONE', #3095, 1000.000000000000000 ) ;
#3747 = CARTESIAN_POINT ( 'NONE',  ( 1.049388845205677656, 0.1067760143052585292, -3.416502303313009303 ) ) ;
#3748 = UNCERTAINTY_MEASURE_WITH_UNIT (LENGTH_MEASURE( 1.000000000000000082E-05 ), #1503, 'distance_accuracy_value', 'NONE');
#3749 = DIRECTION ( 'NONE',  ( -0.8958676361826826140, 0.000000000000000000, -0.4443210308329467173 ) ) ;
#3750 = ORIENTED_EDGE ( 'NONE', *, *, #3462, .T. ) ;
#3751 = ORIENTED_EDGE ( 'NONE', *, *, #1874, .F. ) ;
#3752 = VECTOR ( 'NONE', #340, 1000.000000000000000 ) ;
#3753 = CARTESIAN_POINT ( 'NONE',  ( 1.049999999999999600, 0.07280000000000003135, -0.1375245193786459874 ) ) ;
#3754 = DIRECTION ( 'NONE',  ( 1.000000000000000000, 0.000000000000000000, 0.000000000000000000 ) ) ;
#3755 = CARTESIAN_POINT ( 'NONE',  ( 2.548089955612195201, 1.782199999999999784, -2.507346551699583870 ) ) ;
#3756 = PRESENTATION_LAYER_ASSIGNMENT (  '', '', ( #1247 ) ) ;
#3757 = ADVANCED_FACE ( 'NONE', ( #1241 ), #3789, .T. ) ;
#3758 = ORIENTED_EDGE ( 'NONE', *, *, #476, .T. ) ;
#3759 = CARTESIAN_POINT ( 'NONE',  ( 3.852582322781696433, 1.757869719926277607, -0.09611497258517742726 ) ) ;
#3760 =( LENGTH_UNIT ( ) NAMED_UNIT ( * ) SI_UNIT ( .MILLI., .METRE. ) );
#3761 =( GEOMETRIC_REPRESENTATION_CONTEXT ( 3 ) GLOBAL_UNCERTAINTY_ASSIGNED_CONTEXT ( ( #3546 ) ) GLOBAL_UNIT_ASSIGNED_CONTEXT ( ( #2978, #2289, #3706 ) ) REPRESENTATION_CONTEXT ( 'NONE', 'WORKASPACE' ) );
#3762 = LINE ( 'NONE', #3009, #3611 ) ;
#3763 = VERTEX_POINT ( 'NONE', #2737 ) ;
#3764 = SURFACE_STYLE_FILL_AREA ( #3302 ) ;
#3765 = STYLED_ITEM ( 'NONE', ( #1915 ), #3424 ) ;
#3766 = DIRECTION ( 'NONE',  ( -1.000000000000000000, 0.000000000000000000, 0.000000000000000000 ) ) ;
#3767 = CARTESIAN_POINT ( 'NONE',  ( 3.850000000000000089, 0.1455999999999999794, -3.427200000000000024 ) ) ;
#3768 = DIRECTION ( 'NONE',  ( -0.6995643972270458866, 0.000000000000000000, -0.7145695586381776154 ) ) ;
#3769 = AXIS2_PLACEMENT_3D ( 'NONE', #227, #160, #2751 ) ;
#3770 = EDGE_LOOP ( 'NONE', ( #4008, #1762, #3711, #3060 ) ) ;
#3771 = EDGE_CURVE ( 'NONE', #3500, #952, #2667, .T. ) ;
#3772 = SURFACE_SIDE_STYLE ('',( #2344 ) ) ;
#3773 = VECTOR ( 'NONE', #3071, 1000.000000000000000 ) ;
#3774 =( NAMED_UNIT ( * ) SI_UNIT ( $, .STERADIAN. ) SOLID_ANGLE_UNIT ( ) );
#3775 = ORIENTED_EDGE ( 'NONE', *, *, #1950, .T. ) ;
#3776 = MECHANICAL_DESIGN_GEOMETRIC_PRESENTATION_REPRESENTATION (  '', ( #531 ), #2 ) ;
#3777 = ORIENTED_EDGE ( 'NONE', *, *, #3414, .F. ) ;
#3778 = SURFACE_SIDE_STYLE ('',( #3025 ) ) ;
#3779 =( NAMED_UNIT ( * ) PLANE_ANGLE_UNIT ( ) SI_UNIT ( $, .RADIAN. ) );
#3780 =( NAMED_UNIT ( * ) PLANE_ANGLE_UNIT ( ) SI_UNIT ( $, .RADIAN. ) );
#3781 = DIRECTION ( 'NONE',  ( -0.000000000000000000, -1.000000000000000000, 0.000000000000000000 ) ) ;
#3782 = ADVANCED_FACE ( 'NONE', ( #571 ), #4495, .F. ) ;
#3783 = ORIENTED_EDGE ( 'NONE', *, *, #3897, .F. ) ;
#3784 = EDGE_CURVE ( 'NONE', #2679, #361, #1640, .T. ) ;
#3785 = FACE_OUTER_BOUND ( 'NONE', #3552, .T. ) ;
#3786 = CARTESIAN_POINT ( 'NONE',  ( 2.646000000000010122, 1.777199999999999891, -2.629472052082345357 ) ) ;
#3787 = CARTESIAN_POINT ( 'NONE',  ( 2.230820466309290762, 1.777199999999999891, -3.036258007834996331 ) ) ;
#3788 = ADVANCED_FACE ( 'NONE', ( #3052 ), #4471, .F. ) ;
#3789 = PLANE ( 'NONE',  #1113 ) ;
#3790 = EDGE_LOOP ( 'NONE', ( #4370, #2550, #4194, #3425 ) ) ;
#3791 = DIRECTION ( 'NONE',  ( -0.000000000000000000, 1.000000000000000000, 0.000000000000000000 ) ) ;
#3792 = EDGE_CURVE ( 'NONE', #117, #2823, #2027, .T. ) ;
#3793 = CARTESIAN_POINT ( 'NONE',  ( 4.827200000000001268, 1.777199999999999891, -3.427200000000000024 ) ) ;
#3794 = ADVANCED_FACE ( 'NONE', ( #2379 ), #856, .T. ) ;
#3795 = UNCERTAINTY_MEASURE_WITH_UNIT (LENGTH_MEASURE( 1.000000000000000082E-05 ), #2429, 'distance_accuracy_value', 'NONE');
#3796 = ORIENTED_EDGE ( 'NONE', *, *, #3386, .T. ) ;
#3797 = ORIENTED_EDGE ( 'NONE', *, *, #1914, .F. ) ;
#3798 = FILL_AREA_STYLE_COLOUR ( '', #2010 ) ;
#3799 = CARTESIAN_POINT ( 'NONE',  ( 2.230809282386529535, 1.777199999999999891, -2.895382102646353761 ) ) ;
#3800 = LINE ( 'NONE', #3128, #4667 ) ;
#3801 = ADVANCED_FACE ( 'NONE', ( #4592 ), #2052, .F. ) ;
#3802 = B_SPLINE_CURVE_WITH_KNOTS ( 'NONE', 3,
 ( #4555, #933, #191, #1294, #172, #1601, #3045, #2353, #2728, #1230 ),
 .UNSPECIFIED., .F., .F.,
 ( 4, 3, 3, 4 ),
 ( 0.000000000000000000, 2.291429526389539642E-05, 4.570773099061711884E-05, 5.697602054444507648E-05 ),
 .UNSPECIFIED. ) ;
#3803 = LINE ( 'NONE', #565, #1724 ) ;
#3804 = MECHANICAL_DESIGN_GEOMETRIC_PRESENTATION_REPRESENTATION (  '', ( #1373 ), #3569 ) ;
#3805 = LINE ( 'NONE', #568, #3063 ) ;
#3806 = CARTESIAN_POINT ( 'NONE',  ( 2.646000000000010122, 1.782199999999999784, -0.5838112303105352785 ) ) ;
#3807 = AXIS2_PLACEMENT_3D ( 'NONE', #3291, #517, #4077 ) ;
#3808 = DIRECTION ( 'NONE',  ( 0.000000000000000000, 0.000000000000000000, 1.000000000000000000 ) ) ;
#3809 = ORIENTED_EDGE ( 'NONE', *, *, #4508, .T. ) ;
#3810 = EDGE_CURVE ( 'NONE', #398, #1870, #299, .T. ) ;
#3811 = VECTOR ( 'NONE', #2062, 1000.000000000000000 ) ;
#3812 = PRESENTATION_STYLE_ASSIGNMENT (( #230 ) ) ;
#3813 = FILL_AREA_STYLE_COLOUR ( '', #1099 ) ;
#3814 = CARTESIAN_POINT ( 'NONE',  ( 1.048295513432164539, 0.1004892639653234554, -3.411538966515065052 ) ) ;
#3815 = CIRCLE ( 'NONE', #643, 0.07280000000000000360 ) ;
#3816 = DIRECTION ( 'NONE',  ( -1.000000000000000000, 0.000000000000000000, 0.000000000000000000 ) ) ;
#3817 = EDGE_LOOP ( 'NONE', ( #2567, #1656, #2305, #4451 ) ) ;
#3818 = PLANE ( 'NONE',  #3964 ) ;
#3819 = SURFACE_SIDE_STYLE ('',( #4237 ) ) ;
#3820 = SURFACE_SIDE_STYLE ('',( #4157 ) ) ;
#3821 =( GEOMETRIC_REPRESENTATION_CONTEXT ( 3 ) GLOBAL_UNCERTAINTY_ASSIGNED_CONTEXT ( ( #246 ) ) GLOBAL_UNIT_ASSIGNED_CONTEXT ( ( #2934, #3366, #421 ) ) REPRESENTATION_CONTEXT ( 'NONE', 'WORKASPACE' ) );
#3822 =( GEOMETRIC_REPRESENTATION_CONTEXT ( 3 ) GLOBAL_UNCERTAINTY_ASSIGNED_CONTEXT ( ( #3933 ) ) GLOBAL_UNIT_ASSIGNED_CONTEXT ( ( #509, #4425, #3718 ) ) REPRESENTATION_CONTEXT ( 'NONE', 'WORKASPACE' ) );
#3823 = DIRECTION ( 'NONE',  ( 1.000000000000000000, 0.000000000000000000, 0.000000000000000000 ) ) ;
#3824 = ADVANCED_FACE ( 'NONE', ( #987 ), #2844, .T. ) ;
#3825 = LINE ( 'NONE', #591, #2922 ) ;
#3826 = VECTOR ( 'NONE', #2687, 1000.000000000000000 ) ;
#3827 = CARTESIAN_POINT ( 'NONE',  ( 2.646000000000010122, 1.777199999999999891, -0.5838112303105352785 ) ) ;
#3828 = AXIS2_PLACEMENT_3D ( 'NONE', #1510, #831, #3951 ) ;
#3829 = PRESENTATION_LAYER_ASSIGNMENT (  '', '', ( #3219 ) ) ;
#3830 = ADVANCED_FACE ( 'NONE', ( #4272 ), #2143, .F. ) ;
#3831 = LINE ( 'NONE', #680, #2111 ) ;
#3832 =( GEOMETRIC_REPRESENTATION_CONTEXT ( 3 ) GLOBAL_UNCERTAINTY_ASSIGNED_CONTEXT ( ( #2150 ) ) GLOBAL_UNIT_ASSIGNED_CONTEXT ( ( #1896, #4055, #4030 ) ) REPRESENTATION_CONTEXT ( 'NONE', 'WORKASPACE' ) );
#3833 = LINE ( 'NONE', #1334, #2946 ) ;
#3834 = FACE_OUTER_BOUND ( 'NONE', #3496, .T. ) ;
#3835 = VERTEX_POINT ( 'NONE', #2400 ) ;
#3836 = STYLED_ITEM ( 'NONE', ( #2058 ), #3536 ) ;
#3837 = CARTESIAN_POINT ( 'NONE',  ( 3.850000000000000533, 1.769960016085843968, -3.419960016085844767 ) ) ;
#3838 = EDGE_CURVE ( 'NONE', #1787, #169, #1949, .T. ) ;
#3839 = COLOUR_RGB ( '',0.7686274509803920907, 0.7686274509803920907, 0.7686274509803920907 ) ;
#3840 = SURFACE_STYLE_FILL_AREA ( #4116 ) ;
#3841 = UNCERTAINTY_MEASURE_WITH_UNIT (LENGTH_MEASURE( 1.000000000000000082E-05 ), #2849, 'distance_accuracy_value', 'NONE');
#3842 = ORIENTED_EDGE ( 'NONE', *, *, #1032, .F. ) ;
#3843 = CARTESIAN_POINT ( 'NONE',  ( 4.900000000000000355, 0.000000000000000000, -0.07280000000000000360 ) ) ;
#3844 =( NAMED_UNIT ( * ) SI_UNIT ( $, .STERADIAN. ) SOLID_ANGLE_UNIT ( ) );
#3845 = DIRECTION ( 'NONE',  ( -0.000000000000000000, -1.000000000000000000, 0.000000000000000000 ) ) ;
#3846 = PRESENTATION_LAYER_ASSIGNMENT (  '', '', ( #4449 ) ) ;
#3847 = VERTEX_POINT ( 'NONE', #3141 ) ;
#3848 = SURFACE_STYLE_FILL_AREA ( #3416 ) ;
#3849 = DIRECTION ( 'NONE',  ( 0.000000000000000000, 0.000000000000000000, 1.000000000000000000 ) ) ;
#3850 = EDGE_CURVE ( 'NONE', #2104, #1838, #3833, .T. ) ;
#3851 = VERTEX_POINT ( 'NONE', #3874 ) ;
#3852 = CARTESIAN_POINT ( 'NONE',  ( 2.646000000000010122, 1.777199999999999891, -2.776044555654648693 ) ) ;
#3853 = SURFACE_SIDE_STYLE ('',( #1377 ) ) ;
#3854 = VERTEX_POINT ( 'NONE', #4205 ) ;
#3855 = CARTESIAN_POINT ( 'NONE',  ( 3.853192632527818517, 0.09412262632961940212, -3.405877373670380681 ) ) ;
#3856 = B_SPLINE_CURVE_WITH_KNOTS ( 'NONE', 3,
 ( #480, #179, #4109, #3737, #1609, #3050, #1562, #1240, #837, #1929 ),
 .UNSPECIFIED., .F., .F.,
 ( 4, 3, 3, 4 ),
 ( 0.000000000000000000, 2.422644186407640668E-05, 4.850291313082751330E-05, 5.704030738690903357E-05 ),
 .UNSPECIFIED. ) ;
#3857 = DIRECTION ( 'NONE',  ( 5.943634068010689976E-14, 0.000000000000000000, -1.000000000000000000 ) ) ;
#3858 = CARTESIAN_POINT ( 'NONE',  ( 1.049999999999994937, 1.146752297821207996E-14, -3.427200000000000024 ) ) ;
#3859 = LINE ( 'NONE', #2454, #4670 ) ;
#3860 = DIRECTION ( 'NONE',  ( -0.000000000000000000, -0.000000000000000000, 1.000000000000000000 ) ) ;
#3861 = ORIENTED_EDGE ( 'NONE', *, *, #4382, .F. ) ;
#3862 = CARTESIAN_POINT ( 'NONE',  ( 2.325105313117773242, 1.777199999999999891, -1.228085846872917664 ) ) ;
#3863 = DIRECTION ( 'NONE',  ( 1.000000000000000000, -0.000000000000000000, 0.000000000000000000 ) ) ;
#3864 = CARTESIAN_POINT ( 'NONE',  ( 1.049999999999999822, 1.712475480621353574, -0.07280000000000003135 ) ) ;
#3865 = ORIENTED_EDGE ( 'NONE', *, *, #1914, .T. ) ;
#3866 = DIRECTION ( 'NONE',  ( 0.000000000000000000, 0.000000000000000000, 1.000000000000000000 ) ) ;
#3867 = EDGE_CURVE ( 'NONE', #2894, #1851, #965, .T. ) ;
#3868 = CARTESIAN_POINT ( 'NONE',  ( 2.131461455074789679, 1.782199999999999784, -1.788625948747415650 ) ) ;
#3869 = CARTESIAN_POINT ( 'NONE',  ( 3.850611154794318480, 0.1067760143052592509, -0.08349769668699028036 ) ) ;
#3870 = CARTESIAN_POINT ( 'NONE',  ( 4.900000000000000355, 1.777199999999999891, -0.07280000000000000360 ) ) ;
#3871 = PLANE ( 'NONE',  #2405 ) ;
#3872 = EDGE_CURVE ( 'NONE', #976, #2258, #2498, .T. ) ;
#3873 = ADVANCED_FACE ( 'NONE', ( #2821 ), #81, .F. ) ;
#3874 = CARTESIAN_POINT ( 'NONE',  ( 0.07279999999999960114, 0.000000000000000000, -3.427200000000000024 ) ) ;
#3875 = EDGE_LOOP ( 'NONE', ( #435, #4022, #1597, #4262 ) ) ;
#3876 = DIRECTION ( 'NONE',  ( 0.000000000000000000, 0.000000000000000000, 1.000000000000000000 ) ) ;
#3877 = DIRECTION ( 'NONE',  ( -1.000000000000000000, 0.000000000000000000, 0.000000000000000000 ) ) ;
#3878 = EDGE_CURVE ( 'NONE', #1243, #2760, #2240, .T. ) ;
#3879 = CARTESIAN_POINT ( 'NONE',  ( 1.049999999999999822, 1.704399999999999471, -0.07280000000000003135 ) ) ;
#3880 = DIRECTION ( 'NONE',  ( 2.978577396938197768E-15, 0.000000000000000000, -1.000000000000000000 ) ) ;
#3881 = CARTESIAN_POINT ( 'NONE',  ( 0.000000000000000000, 0.07280000000000000360, -0.07280000000000000360 ) ) ;
#3882 = UNCERTAINTY_MEASURE_WITH_UNIT (LENGTH_MEASURE( 1.000000000000000082E-05 ), #1951, 'distance_accuracy_value', 'NONE');
#3883 = FACE_OUTER_BOUND ( 'NONE', #4085, .T. ) ;
#3884 = AXIS2_PLACEMENT_3D ( 'NONE', #392, #3262, #1134 ) ;
#3885 = ORIENTED_EDGE ( 'NONE', *, *, #3917, .F. ) ;
#3886 = CARTESIAN_POINT ( 'NONE',  ( 2.131461455074789679, 1.782199999999999784, -2.176825446628522176 ) ) ;
#3887 = FILL_AREA_STYLE ('',( #1764 ) ) ;
#3888 = AXIS2_PLACEMENT_3D ( 'NONE', #880, #2024, #628 ) ;
#3889 = CARTESIAN_POINT ( 'NONE',  ( 3.922800000000000509, 0.07280000000000000360, -0.07280000000000000360 ) ) ;
#3890 = CARTESIAN_POINT ( 'NONE',  ( 2.420225839608120211, 1.782199999999999784, -2.301641900901354454 ) ) ;
#3891 = VERTEX_POINT ( 'NONE', #782 ) ;
#3892 =( GEOMETRIC_REPRESENTATION_CONTEXT ( 3 ) GLOBAL_UNCERTAINTY_ASSIGNED_CONTEXT ( ( #4169 ) ) GLOBAL_UNIT_ASSIGNED_CONTEXT ( ( #528, #3326, #4446 ) ) REPRESENTATION_CONTEXT ( 'NONE', 'WORKASPACE' ) );
#3893 = DIRECTION ( 'NONE',  ( 0.9280290862136694185, 0.000000000000000000, -0.3725077383644825879 ) ) ;
#3894 = CARTESIAN_POINT ( 'NONE',  ( 0.07279999999999960114, 0.07280000000000000360, 0.000000000000000000 ) ) ;
#3895 = CARTESIAN_POINT ( 'NONE',  ( 1.049944214848891333, 1.772706132417263714, -0.1192957949763251424 ) ) ;
#3896 = CIRCLE ( 'NONE', #3135, 0.07280000000000003135 ) ;
#3897 = EDGE_CURVE ( 'NONE', #1047, #2684, #3972, .T. ) ;
#3898 = VECTOR ( 'NONE', #3857, 1000.000000000000000 ) ;
#3899 = VECTOR ( 'NONE', #3937, 1000.000000000000227 ) ;
#3900 = LINE ( 'NONE', #2820, #4578 ) ;
#3901 = CARTESIAN_POINT ( 'NONE',  ( 1.046807367472176953, 0.09412262632962009601, -0.09412262632961863884 ) ) ;
#3902 = VECTOR ( 'NONE', #3444, 1000.000000000000000 ) ;
#3903 = DIRECTION ( 'NONE',  ( 0.2763173343569854667, 0.000000000000000000, -0.9610664548998939516 ) ) ;
#3904 = PRESENTATION_LAYER_ASSIGNMENT (  '', '', ( #4585 ) ) ;
#3905 = ORIENTED_EDGE ( 'NONE', *, *, #3439, .T. ) ;
#3906 = FILL_AREA_STYLE_COLOUR ( '', #1558 ) ;
#3907 = DIRECTION ( 'NONE',  ( -0.000000000000000000, -1.000000000000000000, 0.000000000000000000 ) ) ;
#3908 = SURFACE_SIDE_STYLE ('',( #3171 ) ) ;
#3909 = DIRECTION ( 'NONE',  ( 1.000000000000000000, 0.000000000000000000, 0.000000000000000000 ) ) ;
#3910 = VECTOR ( 'NONE', #4288, 1000.000000000000000 ) ;
#3911 = EDGE_CURVE ( 'NONE', #4373, #1346, #3235, .T. ) ;
#3912 = EDGE_LOOP ( 'NONE', ( #139, #3124, #2502, #2919 ) ) ;
#3913 = LINE ( 'NONE', #641, #713 ) ;
#3914 = VECTOR ( 'NONE', #58, 1000.000000000000000 ) ;
#3915 = CARTESIAN_POINT ( 'NONE',  ( 1.049388845205681431, 1.743223985694740685, -0.08349769668699033587 ) ) ;
#3916 = CARTESIAN_POINT ( 'NONE',  ( 0.07279999999999960114, 0.000000000000000000, 0.000000000000000000 ) ) ;
#3917 = EDGE_CURVE ( 'NONE', #3347, #648, #1806, .T. ) ;
#3918 = VECTOR ( 'NONE', #1453, 1000.000000000000114 ) ;
#3919 = EDGE_LOOP ( 'NONE', ( #759, #1530, #1677, #9 ) ) ;
#3920 = SURFACE_STYLE_FILL_AREA ( #4609 ) ;
#3921 = B_SPLINE_CURVE_WITH_KNOTS ( 'NONE', 3,
 ( #719, #3864, #1745, #2886, #3603, #3915, #1051, #1820, #2512, #3245 ),
 .UNSPECIFIED., .F., .F.,
 ( 4, 3, 3, 4 ),
 ( 4.389429016847926357E-19, 2.422644186407610852E-05, 4.850291313082697798E-05, 5.704030738691027362E-05 ),
 .UNSPECIFIED. ) ;
#3922 = PRESENTATION_LAYER_ASSIGNMENT (  '', '', ( #3162 ) ) ;
#3923 = SURFACE_STYLE_FILL_AREA ( #2497 ) ;
#3924 = CARTESIAN_POINT ( 'NONE',  ( 2.350880583661799861, 1.777199999999999891, -0.6689799213428695435 ) ) ;
#3925 = ORIENTED_EDGE ( 'NONE', *, *, #46, .F. ) ;
#3926 = CARTESIAN_POINT ( 'NONE',  ( 4.827200000000001268, 0.07280000000000000360, -0.07280000000000000360 ) ) ;
#3927 = FILL_AREA_STYLE ('',( #2875 ) ) ;
#3928 = EDGE_CURVE ( 'NONE', #4241, #2463, #4036, .T. ) ;
#3929 = ORIENTED_EDGE ( 'NONE', *, *, #4093, .F. ) ;
#3930 = EDGE_CURVE ( 'NONE', #2894, #3017, #4372, .T. ) ;
#3931 = SURFACE_STYLE_USAGE ( .BOTH. , #4210 ) ;
#3932 = FACE_OUTER_BOUND ( 'NONE', #3817, .T. ) ;
#3933 = UNCERTAINTY_MEASURE_WITH_UNIT (LENGTH_MEASURE( 1.000000000000000082E-05 ), #509, 'distance_accuracy_value', 'NONE');
#3934 = LINE ( 'NONE', #2131, #1057 ) ;
#3935 = ORIENTED_EDGE ( 'NONE', *, *, #2487, .T. ) ;
#3936 = CARTESIAN_POINT ( 'NONE',  ( 3.850000000000000089, 1.777199999999999891, -0.07280000000000003135 ) ) ;
#3937 = DIRECTION ( 'NONE',  ( 0.002813301676014986867, 0.000000000000000000, -0.9999960426590095430 ) ) ;
#3938 = EDGE_CURVE ( 'NONE', #3891, #1621, #2194, .T. ) ;
#3939 = CARTESIAN_POINT ( 'NONE',  ( 2.185713901613333121, 1.777199999999999891, -2.030318652395434409 ) ) ;
#3940 = PRESENTATION_STYLE_ASSIGNMENT (( #2556 ) ) ;
#3941 = ORIENTED_EDGE ( 'NONE', *, *, #2888, .F. ) ;
#3942 = CARTESIAN_POINT ( 'NONE',  ( 0.07279999999999960114, 1.777199999999999891, 0.000000000000000000 ) ) ;
#3943 = SURFACE_STYLE_FILL_AREA ( #1772 ) ;
#3944 = VERTEX_POINT ( 'NONE', #2897 ) ;
#3945 = CARTESIAN_POINT ( 'NONE',  ( 2.548089955612195201, 1.782199999999999784, -2.265138798481020732 ) ) ;
#3946 = APPLICATION_PROTOCOL_DEFINITION ( 'draft international standard', 'automotive_design', 1998, #4390 ) ;
#3947 = VECTOR ( 'NONE', #3341, 1000.000000000000114 ) ;
#3948 = ORIENTED_EDGE ( 'NONE', *, *, #4203, .T. ) ;
#3949 = DIRECTION ( 'NONE',  ( -0.000000000000000000, 1.000000000000000000, -0.000000000000000000 ) ) ;
#3950 = FILL_AREA_STYLE_COLOUR ( '', #1318 ) ;
#3951 = DIRECTION ( 'NONE',  ( 1.000000000000000000, -2.978577396938197768E-15, 0.000000000000000000 ) ) ;
#3952 = DIRECTION ( 'NONE',  ( -1.000000000000000000, 0.000000000000000000, 0.000000000000000000 ) ) ;
#3953 = EDGE_CURVE ( 'NONE', #2531, #3616, #4323, .T. ) ;
#3954 = ORIENTED_EDGE ( 'NONE', *, *, #4606, .F. ) ;
#3955 = DIRECTION ( 'NONE',  ( -1.000000000000000000, 0.000000000000000000, 0.000000000000000000 ) ) ;
#3956 = LINE ( 'NONE', #1135, #3507 ) ;
#3957 = EDGE_CURVE ( 'NONE', #4432, #3480, #2745, .T. ) ;
#3958 = CARTESIAN_POINT ( 'NONE',  ( 3.850055785151108356, 0.1192957949763252673, -3.422706132417264069 ) ) ;
#3959 = MECHANICAL_DESIGN_GEOMETRIC_PRESENTATION_REPRESENTATION (  '', ( #3495 ), #3269 ) ;
#3960 = CARTESIAN_POINT ( 'NONE',  ( 2.131461455074789679, 1.777199999999999891, -2.620785903659705873 ) ) ;
#3961 = ORIENTED_EDGE ( 'NONE', *, *, #46, .T. ) ;
#3962 = ORIENTED_EDGE ( 'NONE', *, *, #1702, .T. ) ;
#3963 =( NAMED_UNIT ( * ) PLANE_ANGLE_UNIT ( ) SI_UNIT ( $, .RADIAN. ) );
#3964 = AXIS2_PLACEMENT_3D ( 'NONE', #585, #2039, #235 ) ;
#3965 = CARTESIAN_POINT ( 'NONE',  ( 2.230820466309290762, 1.782199999999999784, -3.036258007834996331 ) ) ;
#3966 = VECTOR ( 'NONE', #2503, 1000.000000000000114 ) ;
#3967 = ORIENTED_EDGE ( 'NONE', *, *, #83, .F. ) ;
#3968 = DIRECTION ( 'NONE',  ( 1.000000000000000000, 0.000000000000000000, -3.723221746172747210E-16 ) ) ;
#3969 = VECTOR ( 'NONE', #1375, 1000.000000000000000 ) ;
#3970 = MECHANICAL_DESIGN_GEOMETRIC_PRESENTATION_REPRESENTATION (  '', ( #2252 ), #879 ) ;
#3971 = ORIENTED_EDGE ( 'NONE', *, *, #2377, .T. ) ;
#3972 = LINE ( 'NONE', #3635, #2575 ) ;
#3973 =( GEOMETRIC_REPRESENTATION_CONTEXT ( 3 ) GLOBAL_UNCERTAINTY_ASSIGNED_CONTEXT ( ( #167 ) ) GLOBAL_UNIT_ASSIGNED_CONTEXT ( ( #2600, #1068, #3623 ) ) REPRESENTATION_CONTEXT ( 'NONE', 'WORKASPACE' ) );
#3974 = EDGE_CURVE ( 'NONE', #3378, #2965, #3274, .T. ) ;
#3975 = VERTEX_POINT ( 'NONE', #3690 ) ;
#3976 = CARTESIAN_POINT ( 'NONE',  ( 2.229418434705821017, 1.782199999999999784, -2.356628101727054059 ) ) ;
#3977 = DIRECTION ( 'NONE',  ( 1.000000000000000000, 5.957154793876397114E-15, -0.000000000000000000 ) ) ;
#3978 = PRESENTATION_LAYER_ASSIGNMENT (  '', '', ( #4046 ) ) ;
#3979 = CARTESIAN_POINT ( 'NONE',  ( 2.646000000000010122, 1.782199999999999784, -0.7760298214970402508 ) ) ;
#3980 = FILL_AREA_STYLE ('',( #4068 ) ) ;
#3981 = EDGE_CURVE ( 'NONE', #1731, #3308, #1080, .T. ) ;
#3982 = ORIENTED_EDGE ( 'NONE', *, *, #4634, .F. ) ;
#3983 = CIRCLE ( 'NONE', #145, 0.07280000000000000360 ) ;
#3984 = VECTOR ( 'NONE', #1036, 1000.000000000000000 ) ;
#3985 = DIRECTION ( 'NONE',  ( -2.978577396938198162E-15, -1.000000000000000000, -2.661576992865339188E-29 ) ) ;
#3986 = PRESENTATION_LAYER_ASSIGNMENT (  '', '', ( #3222 ) ) ;
#3987 = DIRECTION ( 'NONE',  ( 0.000000000000000000, 0.000000000000000000, 1.000000000000000000 ) ) ;
#3988 = VERTEX_POINT ( 'NONE', #3658 ) ;
#3989 = ORIENTED_EDGE ( 'NONE', *, *, #3867, .F. ) ;
#3990 = PRESENTATION_STYLE_ASSIGNMENT (( #43 ) ) ;
#3991 = AXIS2_PLACEMENT_3D ( 'NONE', #1841, #1937, #2253 ) ;
#3992 = CARTESIAN_POINT ( 'NONE',  ( 4.900000000000000355, 1.777199999999999891, -3.427200000000000024 ) ) ;
#3993 = CARTESIAN_POINT ( 'NONE',  ( 1.049184133402878416, 1.765785839608290830, -0.1057275243086356620 ) ) ;
#3994 = EDGE_LOOP ( 'NONE', ( #3360, #1499, #2381, #1665 ) ) ;
#3995 = ADVANCED_FACE ( 'NONE', ( #2966 ), #3586, .T. ) ;
#3996 = ORIENTED_EDGE ( 'NONE', *, *, #4491, .F. ) ;
#3997 = PRESENTATION_STYLE_ASSIGNMENT (( #30 ) ) ;
#3998 = VECTOR ( 'NONE', #2910, 1000.000000000000000 ) ;
#3999 = ORIENTED_EDGE ( 'NONE', *, *, #763, .F. ) ;
#4000 = FILL_AREA_STYLE_COLOUR ( '', #717 ) ;
#4001 = EDGE_CURVE ( 'NONE', #1145, #3576, #3233, .T. ) ;
#4002 = SURFACE_SIDE_STYLE ('',( #2596 ) ) ;
#4003 =( NAMED_UNIT ( * ) SI_UNIT ( $, .STERADIAN. ) SOLID_ANGLE_UNIT ( ) );
#4004 = VERTEX_POINT ( 'NONE', #2645 ) ;
#4005 = CARTESIAN_POINT ( 'NONE',  ( 2.420225839607043739, 1.782199999999999784, -1.421762559585259877 ) ) ;
#4006 = CARTESIAN_POINT ( 'NONE',  ( 3.850435176013914162, 0.08074809722277834223, -0.1125232603454665720 ) ) ;
#4007 = ORIENTED_EDGE ( 'NONE', *, *, #3004, .T. ) ;
#4008 = ORIENTED_EDGE ( 'NONE', *, *, #4431, .T. ) ;
#4009 =( LENGTH_UNIT ( ) NAMED_UNIT ( * ) SI_UNIT ( .MILLI., .METRE. ) );
#4010 = FACE_OUTER_BOUND ( 'NONE', #798, .T. ) ;
#4011 = EDGE_CURVE ( 'NONE', #403, #4052, #876, .T. ) ;
#4012 = EDGE_LOOP ( 'NONE', ( #4478, #1878, #1650 ) ) ;
#4013 = DIRECTION ( 'NONE',  ( -0.000000000000000000, -1.000000000000000000, 0.000000000000000000 ) ) ;
#4014 = ORIENTED_EDGE ( 'NONE', *, *, #3928, .F. ) ;
#4015 = CARTESIAN_POINT ( 'NONE',  ( 3.851072090335043718, 0.08720015076910671292, -0.08720015076910672680 ) ) ;
#4016 = ORIENTED_EDGE ( 'NONE', *, *, #2053, .F. ) ;
#4017 = DIRECTION ( 'NONE',  ( -0.000000000000000000, -1.000000000000000000, 0.000000000000000000 ) ) ;
#4018 = DIRECTION ( 'NONE',  ( -5.398671531950485747E-15, 0.000000000000000000, 1.000000000000000000 ) ) ;
#4019 = DIRECTION ( 'NONE',  ( -2.978577396938198162E-15, -1.000000000000000000, 0.000000000000000000 ) ) ;
#4020 = UNCERTAINTY_MEASURE_WITH_UNIT (LENGTH_MEASURE( 1.000000000000000082E-05 ), #3716, 'distance_accuracy_value', 'NONE');
#4021 = PRESENTATION_STYLE_ASSIGNMENT (( #4376 ) ) ;
#4022 = ORIENTED_EDGE ( 'NONE', *, *, #2962, .F. ) ;
#4023 = FACE_OUTER_BOUND ( 'NONE', #2590, .T. ) ;
#4024 = CARTESIAN_POINT ( 'NONE',  ( 1.049888316450448000, 0.1217115224307051963, -3.423169038377901874 ) ) ;
#4025 = ORIENTED_EDGE ( 'NONE', *, *, #3439, .F. ) ;
#4026 = ORIENTED_EDGE ( 'NONE', *, *, #2195, .T. ) ;
#4027 = LINE ( 'NONE', #724, #332 ) ;
#4028 = DIRECTION ( 'NONE',  ( 1.000000000000000000, -0.000000000000000000, -0.000000000000000000 ) ) ;
#4029 = AXIS2_PLACEMENT_3D ( 'NONE', #4053, #3000, #97 ) ;
#4030 =( NAMED_UNIT ( * ) SI_UNIT ( $, .STERADIAN. ) SOLID_ANGLE_UNIT ( ) );
#4031 = AXIS2_PLACEMENT_3D ( 'NONE', #4649, #2551, #3282 ) ;
#4032 = ORIENTED_EDGE ( 'NONE', *, *, #727, .T. ) ;
#4033 = CARTESIAN_POINT ( 'NONE',  ( 2.499054402578549272, 1.782199999999999784, -1.768838267633026984 ) ) ;
#4034 = EDGE_CURVE ( 'NONE', #2519, #4119, #2331, .T. ) ;
#4035 = VERTEX_POINT ( 'NONE', #477 ) ;
#4036 = LINE ( 'NONE', #1433, #1116 ) ;
#4037 = ORIENTED_EDGE ( 'NONE', *, *, #1455, .F. ) ;
#4038 = CARTESIAN_POINT ( 'NONE',  ( 0.9771999999999945175, 0.07280000000000000360, -0.07280000000000000360 ) ) ;
#4039 =( LENGTH_UNIT ( ) NAMED_UNIT ( * ) SI_UNIT ( .MILLI., .METRE. ) );
#4040 = LINE ( 'NONE', #1983, #2636 ) ;
#4041 = VECTOR ( 'NONE', #2732, 1000.000000000000000 ) ;
#4042 =( GEOMETRIC_REPRESENTATION_CONTEXT ( 3 ) GLOBAL_UNCERTAINTY_ASSIGNED_CONTEXT ( ( #1760 ) ) GLOBAL_UNIT_ASSIGNED_CONTEXT ( ( #2459, #2814, #1321 ) ) REPRESENTATION_CONTEXT ( 'NONE', 'WORKASPACE' ) );
#4043 = CARTESIAN_POINT ( 'NONE',  ( 2.646000000000010122, 1.782199999999999784, -0.7760298214970402508 ) ) ;
#4044 = ORIENTED_EDGE ( 'NONE', *, *, #1996, .T. ) ;
#4045 =( NAMED_UNIT ( * ) PLANE_ANGLE_UNIT ( ) SI_UNIT ( $, .RADIAN. ) );
#4046 = STYLED_ITEM ( 'NONE', ( #3564 ), #2615 ) ;
#4047 = DIRECTION ( 'NONE',  ( -0.000000000000000000, -1.000000000000000000, 0.000000000000000000 ) ) ;
#4048 = EDGE_CURVE ( 'NONE', #3273, #382, #4135, .T. ) ;
#4049 = SURFACE_STYLE_USAGE ( .BOTH. , #845 ) ;
#4050 = VECTOR ( 'NONE', #1638, 1000.000000000000000 ) ;
#4051 = ORIENTED_EDGE ( 'NONE', *, *, #2273, .F. ) ;
#4052 = VERTEX_POINT ( 'NONE', #1925 ) ;
#4053 = CARTESIAN_POINT ( 'NONE',  ( 3.922800000000000509, 0.000000000000000000, -3.427200000000000024 ) ) ;
#4054 = CARTESIAN_POINT ( 'NONE',  ( 0.07280000000000000360, 1.777199999999999891, -0.07280000000000000360 ) ) ;
#4055 =( NAMED_UNIT ( * ) PLANE_ANGLE_UNIT ( ) SI_UNIT ( $, .RADIAN. ) );
#4056 = AXIS2_PLACEMENT_3D ( 'NONE', #1989, #3406, #184 ) ;
#4057 = PLANE ( 'NONE',  #1923 ) ;
#4058 = CARTESIAN_POINT ( 'NONE',  ( 3.850611154794318480, 1.766502303313009614, -0.1067760143052595007 ) ) ;
#4059 = COLOUR_RGB ( '',0.7686274509803920907, 0.7686274509803920907, 0.7686274509803920907 ) ;
#4060 = CARTESIAN_POINT ( 'NONE',  ( 3.850000000000000977, 1.777199999999999891, -0.1456000000000000627 ) ) ;
#4061 = ORIENTED_EDGE ( 'NONE', *, *, #4560, .F. ) ;
#4062 = CARTESIAN_POINT ( 'NONE',  ( 0.07279999999999960114, 0.07280000000000000360, -0.07280000000000000360 ) ) ;
#4063 = ORIENTED_EDGE ( 'NONE', *, *, #2840, .T. ) ;
#4064 = VECTOR ( 'NONE', #1484, 1000.000000000000000 ) ;
#4065 = SURFACE_STYLE_USAGE ( .BOTH. , #2334 ) ;
#4066 = DIRECTION ( 'NONE',  ( 1.000000000000000000, -0.000000000000000000, 0.000000000000000000 ) ) ;
#4067 = VECTOR ( 'NONE', #4334, 1000.000000000000000 ) ;
#4068 = FILL_AREA_STYLE_COLOUR ( '', #669 ) ;
#4069 = ORIENTED_EDGE ( 'NONE', *, *, #2066, .F. ) ;
#4070 = EDGE_CURVE ( 'NONE', #384, #2894, #3762, .T. ) ;
#4071 = DIRECTION ( 'NONE',  ( -7.938847109757213207E-05, 0.000000000000000000, 0.9999999968487351953 ) ) ;
#4072 = MECHANICAL_DESIGN_GEOMETRIC_PRESENTATION_REPRESENTATION (  '', ( #164 ), #4452 ) ;
#4073 = FACE_OUTER_BOUND ( 'NONE', #701, .T. ) ;
#4074 = CARTESIAN_POINT ( 'NONE',  ( 4.827200000000001268, 1.777199999999999891, -3.427200000000000024 ) ) ;
#4075 = ORIENTED_EDGE ( 'NONE', *, *, #462, .F. ) ;
#4076 = ORIENTED_EDGE ( 'NONE', *, *, #3365, .T. ) ;
#4077 = DIRECTION ( 'NONE',  ( 1.000000000000000000, 0.000000000000000000, 0.000000000000000000 ) ) ;
#4078 = CARTESIAN_POINT ( 'NONE',  ( 0.07279999999999960114, 0.07280000000000000360, 0.000000000000000000 ) ) ;
#4079 = ADVANCED_FACE ( 'NONE', ( #3732 ), #1236, .T. ) ;
#4080 = FILL_AREA_STYLE ('',( #2635 ) ) ;
#4081 = DIRECTION ( 'NONE',  ( -0.000000000000000000, -0.000000000000000000, 1.000000000000000000 ) ) ;
#4082 = VERTEX_POINT ( 'NONE', #4443 ) ;
#4083 = CARTESIAN_POINT ( 'NONE',  ( 1.049944214848886670, 0.1192957949763263081, -0.07729386758273557034 ) ) ;
#4084 = CARTESIAN_POINT ( 'NONE',  ( 3.922800000000000509, 0.07280000000000000360, -0.07280000000000000360 ) ) ;
#4085 = EDGE_LOOP ( 'NONE', ( #1905, #2976, #758, #3636 ) ) ;
#4086 = DIRECTION ( 'NONE',  ( -1.000000000000000000, 0.000000000000000000, 0.000000000000000000 ) ) ;
#4087 = FILL_AREA_STYLE ('',( #3013 ) ) ;
#4088 = SURFACE_STYLE_USAGE ( .BOTH. , #2989 ) ;
#4089 = LINE ( 'NONE', #4524, #977 ) ;
#4090 = ORIENTED_EDGE ( 'NONE', *, *, #2030, .T. ) ;
#4091 = PLANE ( 'NONE',  #2695 ) ;
#4092 = CARTESIAN_POINT ( 'NONE',  ( 2.325105313117773242, 1.777199999999999891, -1.448931806827066682 ) ) ;
#4093 = EDGE_CURVE ( 'NONE', #1620, #2296, #4290, .T. ) ;
#4094 = DIRECTION ( 'NONE',  ( 0.9612934544747571142, 0.000000000000000000, 0.2755265765475048978 ) ) ;
#4095 = CARTESIAN_POINT ( 'NONE',  ( 2.131461455074789679, 1.782199999999999784, -1.951152340343301539 ) ) ;
#4096 = ORIENTED_EDGE ( 'NONE', *, *, #2822, .T. ) ;
#4097 = VERTEX_POINT ( 'NONE', #566 ) ;
#4098 = CYLINDRICAL_SURFACE ( 'NONE', #1695, 0.07280000000000003135 ) ;
#4099 = FILL_AREA_STYLE_COLOUR ( '', #3136 ) ;
#4100 = SURFACE_STYLE_USAGE ( .BOTH. , #2659 ) ;
#4101 = EDGE_LOOP ( 'NONE', ( #1993, #2583, #1860, #4405 ) ) ;
#4102 = DIRECTION ( 'NONE',  ( -1.000000000000000000, -0.000000000000000000, 0.000000000000000000 ) ) ;
#4103 = SURFACE_STYLE_USAGE ( .BOTH. , #1555 ) ;
#4104 = EDGE_CURVE ( 'NONE', #750, #3378, #1167, .T. ) ;
#4105 = CARTESIAN_POINT ( 'NONE',  ( 2.646000000000010122, 1.782199999999999784, -0.9899927494813206552 ) ) ;
#4106 = ORIENTED_EDGE ( 'NONE', *, *, #2245, .F. ) ;
#4107 = CARTESIAN_POINT ( 'NONE',  ( 2.420225839608120211, 1.782199999999999784, -2.301641900901354454 ) ) ;
#4108 = SURFACE_SIDE_STYLE ('',( #3400 ) ) ;
#4109 = CARTESIAN_POINT ( 'NONE',  ( 1.050035242104669919, 1.775818475274031583, -3.370661401835343796 ) ) ;
#4110 = PRESENTATION_STYLE_ASSIGNMENT (( #1198 ) ) ;
#4111 = AXIS2_PLACEMENT_3D ( 'NONE', #1833, #1435, #3592 ) ;
#4112 = VERTEX_POINT ( 'NONE', #1557 ) ;
#4113 =( LENGTH_UNIT ( ) NAMED_UNIT ( * ) SI_UNIT ( .MILLI., .METRE. ) );
#4114 = FILL_AREA_STYLE_COLOUR ( '', #651 ) ;
#4115 = STYLED_ITEM ( 'NONE', ( #999 ), #1207 ) ;
#4116 = FILL_AREA_STYLE ('',( #2694 ) ) ;
#4117 = UNCERTAINTY_MEASURE_WITH_UNIT (LENGTH_MEASURE( 1.000000000000000082E-05 ), #994, 'distance_accuracy_value', 'NONE');
#4118 = PRESENTATION_STYLE_ASSIGNMENT (( #1616 ) ) ;
#4119 = VERTEX_POINT ( 'NONE', #155 ) ;
#4120 = AXIS2_PLACEMENT_3D ( 'NONE', #661, #4599, #190 ) ;
#4121 = ORIENTED_EDGE ( 'NONE', *, *, #75, .T. ) ;
#4122 = VECTOR ( 'NONE', #412, 1000.000000000000000 ) ;
#4123 =( NAMED_UNIT ( * ) PLANE_ANGLE_UNIT ( ) SI_UNIT ( $, .RADIAN. ) );
#4124 = CARTESIAN_POINT ( 'NONE',  ( 3.850435176013914162, 1.737476739654533420, -0.08074809722277838386 ) ) ;
#4125 = CARTESIAN_POINT ( 'NONE',  ( 2.420225839607043739, 1.782199999999999784, -1.200947889792602474 ) ) ;
#4126 = AXIS2_PLACEMENT_3D ( 'NONE', #1686, #294, #2148 ) ;
#4127 = LINE ( 'NONE', #1995, #1175 ) ;
#4128 = VECTOR ( 'NONE', #1536, 1000.000000000000000 ) ;
#4129 = VERTEX_POINT ( 'NONE', #1585 ) ;
#4130 = STYLED_ITEM ( 'NONE', ( #3631 ), #3129 ) ;
#4131 = PRESENTATION_LAYER_ASSIGNMENT (  '', '', ( #4200 ) ) ;
#4132 = SURFACE_STYLE_USAGE ( .BOTH. , #2795 ) ;
#4133 = CARTESIAN_POINT ( 'NONE',  ( 0.9771999999999995135, 1.777199999999999891, -3.500000000000000000 ) ) ;
#4134 = AXIS2_PLACEMENT_3D ( 'NONE', #652, #4657, #2869 ) ;
#4135 = LINE ( 'NONE', #833, #2354 ) ;
#4136 = LINE ( 'NONE', #3074, #500 ) ;
#4137 = AXIS2_PLACEMENT_3D ( 'NONE', #3573, #463, #3673 ) ;
#4138 = CARTESIAN_POINT ( 'NONE',  ( 0.000000000000000000, 0.000000000000000000, 0.000000000000000000 ) ) ;
#4139 = EDGE_CURVE ( 'NONE', #3847, #2679, #1633, .T. ) ;
#4140 = EDGE_CURVE ( 'NONE', #3763, #4532, #2682, .T. ) ;
#4141 = SURFACE_STYLE_FILL_AREA ( #2340 ) ;
#4142 = CARTESIAN_POINT ( 'NONE',  ( 0.07280000000000000360, 0.07280000000000000360, -0.07280000000000000360 ) ) ;
#4143 = PRESENTATION_LAYER_ASSIGNMENT (  '', '', ( #1655 ) ) ;
#4144 = VERTEX_POINT ( 'NONE', #176 ) ;
#4145 = CARTESIAN_POINT ( 'NONE',  ( 3.850000000000000977, 0.07280000000000003135, -3.362475480621353707 ) ) ;
#4146 = EDGE_CURVE ( 'NONE', #534, #2219, #4487, .T. ) ;
#4147 =( GEOMETRIC_REPRESENTATION_CONTEXT ( 3 ) GLOBAL_UNCERTAINTY_ASSIGNED_CONTEXT ( ( #1814 ) ) GLOBAL_UNIT_ASSIGNED_CONTEXT ( ( #4301, #312, #1038 ) ) REPRESENTATION_CONTEXT ( 'NONE', 'WORKASPACE' ) );
#4148 = CARTESIAN_POINT ( 'NONE',  ( 3.849964757895330436, 1.720661401835343440, -3.425818475274031716 ) ) ;
#4149 = FACE_OUTER_BOUND ( 'NONE', #4101, .T. ) ;
#4150 = ORIENTED_EDGE ( 'NONE', *, *, #1069, .T. ) ;
#4151 = COLOUR_RGB ( '',0.7686274509803920907, 0.7686274509803920907, 0.7686274509803920907 ) ;
#4152 = EDGE_LOOP ( 'NONE', ( #4014, #3152, #3796, #1794 ) ) ;
#4153 = CYLINDRICAL_SURFACE ( 'NONE', #4029, 0.07280000000000003135 ) ;
#4154 = SURFACE_STYLE_USAGE ( .BOTH. , #3001 ) ;
#4155 = CARTESIAN_POINT ( 'NONE',  ( 2.646000000000010122, 1.782199999999999784, -0.5838112303105352785 ) ) ;
#4156 = VECTOR ( 'NONE', #3539, 1000.000000000000000 ) ;
#4157 = SURFACE_STYLE_FILL_AREA ( #3065 ) ;
#4158 = ORIENTED_EDGE ( 'NONE', *, *, #1337, .T. ) ;
#4159 = CARTESIAN_POINT ( 'NONE',  ( 3.852582322781696433, 0.09611497258517723297, -0.09213028007372227324 ) ) ;
#4160 = EDGE_CURVE ( 'NONE', #3315, #1214, #274, .T. ) ;
#4161 = DIRECTION ( 'NONE',  ( -0.9610674221107078363, 0.000000000000000000, -0.2763139702539094689 ) ) ;
#4162 = DIRECTION ( 'NONE',  ( -1.000000000000000000, -0.000000000000000000, -0.000000000000000000 ) ) ;
#4163 = DIRECTION ( 'NONE',  ( -2.978577396938197768E-15, -1.000000000000000000, 0.000000000000000000 ) ) ;
#4164 = DIRECTION ( 'NONE',  ( 0.000000000000000000, 1.000000000000000000, 0.000000000000000000 ) ) ;
#4165 = DIRECTION ( 'NONE',  ( -0.9620200793798762140, 0.000000000000000000, -0.2729786930695083935 ) ) ;
#4166 = ORIENTED_EDGE ( 'NONE', *, *, #3953, .F. ) ;
#4167 = CARTESIAN_POINT ( 'NONE',  ( 2.230820466309290762, 1.777199999999999891, -3.036258007834996331 ) ) ;
#4168 =( NAMED_UNIT ( * ) PLANE_ANGLE_UNIT ( ) SI_UNIT ( $, .RADIAN. ) );
#4169 = UNCERTAINTY_MEASURE_WITH_UNIT (LENGTH_MEASURE( 1.000000000000000082E-05 ), #528, 'distance_accuracy_value', 'NONE');
#4170 =( NAMED_UNIT ( * ) PLANE_ANGLE_UNIT ( ) SI_UNIT ( $, .RADIAN. ) );
#4171 = EDGE_CURVE ( 'NONE', #976, #516, #228, .T. ) ;
#4172 = VERTEX_POINT ( 'NONE', #3890 ) ;
#4173 = DIRECTION ( 'NONE',  ( -0.000000000000000000, -1.000000000000000000, 0.000000000000000000 ) ) ;
#4174 = DIRECTION ( 'NONE',  ( 1.000000000000000000, 0.000000000000000000, 0.000000000000000000 ) ) ;
#4175 = EDGE_CURVE ( 'NONE', #162, #4320, #2179, .T. ) ;
#4176 = DIRECTION ( 'NONE',  ( 0.000000000000000000, 0.000000000000000000, -1.000000000000000000 ) ) ;
#4177 = LINE ( 'NONE', #937, #1245 ) ;
#4178 = EDGE_CURVE ( 'NONE', #4181, #2679, #1351, .T. ) ;
#4179 = FACE_OUTER_BOUND ( 'NONE', #1039, .T. ) ;
#4180 = MECHANICAL_DESIGN_GEOMETRIC_PRESENTATION_REPRESENTATION (  '', ( #3650 ), #1458 ) ;
#4181 = VERTEX_POINT ( 'NONE', #1821 ) ;
#4182 = COLOUR_RGB ( '',0.7686274509803920907, 0.7686274509803920907, 0.7686274509803920907 ) ;
#4183 =( NAMED_UNIT ( * ) PLANE_ANGLE_UNIT ( ) SI_UNIT ( $, .RADIAN. ) );
#4184 =( NAMED_UNIT ( * ) SI_UNIT ( $, .STERADIAN. ) SOLID_ANGLE_UNIT ( ) );
#4185 = DIRECTION ( 'NONE',  ( 0.000000000000000000, 0.000000000000000000, -1.000000000000000000 ) ) ;
#4186 = CYLINDRICAL_SURFACE ( 'NONE', #1668, 0.07280000000000000360 ) ;
#4187 = ORIENTED_EDGE ( 'NONE', *, *, #151, .F. ) ;
#4188 = CARTESIAN_POINT ( 'NONE',  ( 2.548108729707782238, 1.782199999999999784, -1.449742222008734815 ) ) ;
#4189 = DIRECTION ( 'NONE',  ( 1.000000000000000000, -2.978577396938197768E-15, 0.000000000000000000 ) ) ;
#4190 = VECTOR ( 'NONE', #2725, 1000.000000000000000 ) ;
#4191 = CARTESIAN_POINT ( 'NONE',  ( 2.325105313117773242, 1.782199999999999784, -1.448931806827066682 ) ) ;
#4192 = AXIS2_PLACEMENT_3D ( 'NONE', #2938, #4102, #872 ) ;
#4193 = AXIS2_PLACEMENT_3D ( 'NONE', #2007, #1570, #3019 ) ;
#4194 = ORIENTED_EDGE ( 'NONE', *, *, #2303, .F. ) ;
#4195 =( NAMED_UNIT ( * ) SI_UNIT ( $, .STERADIAN. ) SOLID_ANGLE_UNIT ( ) );
#4196 = VECTOR ( 'NONE', #2244, 1000.000000000000000 ) ;
#4197 = EDGE_CURVE ( 'NONE', #832, #234, #2816, .T. ) ;
#4198 = DIRECTION ( 'NONE',  ( 1.000000000000000000, 0.000000000000000000, 0.000000000000000000 ) ) ;
#4199 = VECTOR ( 'NONE', #688, 1000.000000000000000 ) ;
#4200 = STYLED_ITEM ( 'NONE', ( #1171 ), #1736 ) ;
#4201 = PLANE ( 'NONE',  #3428 ) ;
#4202 = CARTESIAN_POINT ( 'NONE',  ( 3.853192632527818517, 1.755877373670380548, -3.405877373670380681 ) ) ;
#4203 = EDGE_CURVE ( 'NONE', #4373, #3034, #3020, .T. ) ;
#4204 = PRESENTATION_LAYER_ASSIGNMENT (  '', '', ( #4358 ) ) ;
#4205 = CARTESIAN_POINT ( 'NONE',  ( 2.646000000000010122, 1.782199999999999784, -2.776044555654648693 ) ) ;
#4206 = EDGE_LOOP ( 'NONE', ( #3329, #70, #3600, #3634 ) ) ;
#4207 = PRESENTATION_LAYER_ASSIGNMENT (  '', '', ( #656 ) ) ;
#4208 = CARTESIAN_POINT ( 'NONE',  ( 3.850258766749323769, 0.07948323945854321448, -3.385923731670116066 ) ) ;
#4209 =( NAMED_UNIT ( * ) PLANE_ANGLE_UNIT ( ) SI_UNIT ( $, .RADIAN. ) );
#4210 = SURFACE_SIDE_STYLE ('',( #2826 ) ) ;
#4211 = CARTESIAN_POINT ( 'NONE',  ( 2.646000000000000796, 1.782199999999999784, -0.4375000000000000000 ) ) ;
#4212 = UNCERTAINTY_MEASURE_WITH_UNIT (LENGTH_MEASURE( 1.000000000000000082E-05 ), #1827, 'distance_accuracy_value', 'NONE');
#4213 = SURFACE_SIDE_STYLE ('',( #580 ) ) ;
#4214 = EDGE_CURVE ( 'NONE', #4551, #3039, #1792, .T. ) ;
#4215 = VERTEX_POINT ( 'NONE', #1442 ) ;
#4216 = CARTESIAN_POINT ( 'NONE',  ( 1.049388845205677212, 0.08349769668699082159, -0.1067760143052583627 ) ) ;
#4217 = AXIS2_PLACEMENT_3D ( 'NONE', #3926, #4228, #4563 ) ;
#4218 = CARTESIAN_POINT ( 'NONE',  ( 2.229418434705821017, 1.782199999999999784, -2.356628101727054059 ) ) ;
#4219 = VECTOR ( 'NONE', #796, 1000.000000000000000 ) ;
#4220 = ADVANCED_FACE ( 'NONE', ( #2887 ), #2112, .F. ) ;
#4221 = ORIENTED_EDGE ( 'NONE', *, *, #2834, .T. ) ;
#4222 = DIRECTION ( 'NONE',  ( 0.000000000000000000, 0.000000000000000000, 1.000000000000000000 ) ) ;
#4223 =( GEOMETRIC_REPRESENTATION_CONTEXT ( 3 ) GLOBAL_UNCERTAINTY_ASSIGNED_CONTEXT ( ( #4394 ) ) GLOBAL_UNIT_ASSIGNED_CONTEXT ( ( #1778, #3515, #1703 ) ) REPRESENTATION_CONTEXT ( 'NONE', 'WORKASPACE' ) );
#4224 = DIRECTION ( 'NONE',  ( 0.000000000000000000, -1.000000000000000000, 0.000000000000000000 ) ) ;
#4225 = CYLINDRICAL_SURFACE ( 'NONE', #520, 0.07280000000000003135 ) ;
#4226 = DIRECTION ( 'NONE',  ( -1.000000000000000000, 0.000000000000000000, 0.000000000000000000 ) ) ;
#4227 = FACE_OUTER_BOUND ( 'NONE', #2275, .T. ) ;
#4228 = DIRECTION ( 'NONE',  ( 0.000000000000000000, 1.000000000000000000, 0.000000000000000000 ) ) ;
#4229 = ORIENTED_EDGE ( 'NONE', *, *, #945, .T. ) ;
#4230 =( LENGTH_UNIT ( ) NAMED_UNIT ( * ) SI_UNIT ( .MILLI., .METRE. ) );
#4231 = PRESENTATION_STYLE_ASSIGNMENT (( #660 ) ) ;
#4232 = DIRECTION ( 'NONE',  ( -0.000000000000000000, -1.000000000000000000, -0.000000000000000000 ) ) ;
#4233 = DIRECTION ( 'NONE',  ( 0.000000000000000000, 0.000000000000000000, 1.000000000000000000 ) ) ;
#4234 = LINE ( 'NONE', #996, #4556 ) ;
#4235 = ORIENTED_EDGE ( 'NONE', *, *, #4104, .F. ) ;
#4236 = FACE_OUTER_BOUND ( 'NONE', #422, .T. ) ;
#4237 = SURFACE_STYLE_FILL_AREA ( #3887 ) ;
#4238 = EDGE_CURVE ( 'NONE', #2333, #1145, #4675, .T. ) ;
#4239 = PLANE ( 'NONE',  #3527 ) ;
#4240 = CARTESIAN_POINT ( 'NONE',  ( 1.049999999999999822, 0.1455999999999999794, -0.07280000000000003135 ) ) ;
#4241 = VERTEX_POINT ( 'NONE', #4240 ) ;
#4242 = DIRECTION ( 'NONE',  ( -0.9615825319869173438, 0.000000000000000000, -0.2745159998572559990 ) ) ;
#4243 = LINE ( 'NONE', #1400, #1106 ) ;
#4244 = MECHANICAL_DESIGN_GEOMETRIC_PRESENTATION_REPRESENTATION (  '', ( #2366 ), #931 ) ;
#4245 = PLANE ( 'NONE',  #802 ) ;
#4246 = EDGE_CURVE ( 'NONE', #2262, #1971, #4315, .T. ) ;
#4247 = CARTESIAN_POINT ( 'NONE',  ( 3.850000000000000977, 0.07280000000000003135, -0.1456000000000000627 ) ) ;
#4248 = ORIENTED_EDGE ( 'NONE', *, *, #2286, .F. ) ;
#4249 = CARTESIAN_POINT ( 'NONE',  ( 3.850055785151108356, 1.772706132417263936, -3.380704205023674636 ) ) ;
#4250 = EDGE_LOOP ( 'NONE', ( #4389, #3646, #1027, #3797, #56, #1478, #2911, #4367, #3885, #1060, #1181 ) ) ;
#4251 = VECTOR ( 'NONE', #2605, 1000.000000000000114 ) ;
#4252 = FACE_OUTER_BOUND ( 'NONE', #745, .T. ) ;
#4253 = PRESENTATION_STYLE_ASSIGNMENT (( #3931 ) ) ;
#4254 = CARTESIAN_POINT ( 'NONE',  ( 1.049999999999999600, 1.777199999999999891, -3.427200000000000024 ) ) ;
#4255 = UNCERTAINTY_MEASURE_WITH_UNIT (LENGTH_MEASURE( 1.000000000000000082E-05 ), #801, 'distance_accuracy_value', 'NONE');
#4256 = DIRECTION ( 'NONE',  ( -0.000000000000000000, -1.000000000000000000, 0.000000000000000000 ) ) ;
#4257 = PRESENTATION_LAYER_ASSIGNMENT (  '', '', ( #1625 ) ) ;
#4258 = ORIENTED_EDGE ( 'NONE', *, *, #2563, .T. ) ;
#4259 = DIRECTION ( 'NONE',  ( -0.2732148821746302469, 0.000000000000000000, 0.9619530280415478085 ) ) ;
#4260 = MECHANICAL_DESIGN_GEOMETRIC_PRESENTATION_REPRESENTATION (  '', ( #1944 ), #940 ) ;
#4261 = LINE ( 'NONE', #3625, #4067 ) ;
#4262 = ORIENTED_EDGE ( 'NONE', *, *, #2134, .T. ) ;
#4263 = COLOUR_RGB ( '',0.7686274509803920907, 0.7686274509803920907, 0.7686274509803920907 ) ;
#4264 = SURFACE_SIDE_STYLE ('',( #1003 ) ) ;
#4265 = FACE_OUTER_BOUND ( 'NONE', #4410, .T. ) ;
#4266 = LINE ( 'NONE', #1355, #437 ) ;
#4267 = VECTOR ( 'NONE', #1177, 1000.000000000000000 ) ;
#4268 = EDGE_CURVE ( 'NONE', #2236, #976, #1024, .T. ) ;
#4269 = VECTOR ( 'NONE', #4393, 1000.000000000000000 ) ;
#4270 = SURFACE_STYLE_FILL_AREA ( #2842 ) ;
#4271 = MECHANICAL_DESIGN_GEOMETRIC_PRESENTATION_REPRESENTATION (  '', ( #2485 ), #218 ) ;
#4272 = FACE_OUTER_BOUND ( 'NONE', #894, .T. ) ;
#4273 = VECTOR ( 'NONE', #732, 1000.000000000000000 ) ;
#4274 = VERTEX_POINT ( 'NONE', #4629 ) ;
#4275 = EDGE_CURVE ( 'NONE', #3242, #3347, #4261, .T. ) ;
#4276 = ADVANCED_FACE ( 'NONE', ( #695 ), #2492, .F. ) ;
#4277 = VECTOR ( 'NONE', #2744, 1000.000000000000114 ) ;
#4278 = CARTESIAN_POINT ( 'NONE',  ( 3.922800000000000509, 0.07280000000000000360, 0.000000000000000000 ) ) ;
#4279 = CARTESIAN_POINT ( 'NONE',  ( 2.420225839608120211, 1.777199999999999891, -2.522422151516349853 ) ) ;
#4280 = SURFACE_STYLE_FILL_AREA ( #1312 ) ;
#4281 = DIRECTION ( 'NONE',  ( 0.2762033010252008536, 0.000000000000000000, -0.9610992334315860974 ) ) ;
#4282 = DIRECTION ( 'NONE',  ( -0.9615454294334447871, 0.000000000000000000, -0.2746459304917006072 ) ) ;
#4283 = ORIENTED_EDGE ( 'NONE', *, *, #3686, .F. ) ;
#4284 = EDGE_CURVE ( 'NONE', #4320, #1097, #863, .T. ) ;
#4285 = LINE ( 'NONE', #668, #3652 ) ;
#4286 = DIRECTION ( 'NONE',  ( -0.000000000000000000, -1.000000000000000000, 0.000000000000000000 ) ) ;
#4287 = AXIS2_PLACEMENT_3D ( 'NONE', #838, #1813, #3402 ) ;
#4288 = DIRECTION ( 'NONE',  ( 0.000000000000000000, 0.000000000000000000, -1.000000000000000000 ) ) ;
#4289 = CARTESIAN_POINT ( 'NONE',  ( 3.850000000000000977, 1.769960016085844190, -0.08003998391415569069 ) ) ;
#4290 = CIRCLE ( 'NONE', #4604, 0.07280000000000000360 ) ;
#4291 = MANIFOLD_SOLID_BREP ( 'Scale1[2]', #1835 ) ;
#4292 = ORIENTED_EDGE ( 'NONE', *, *, #810, .T. ) ;
#4293 = CARTESIAN_POINT ( 'NONE',  ( 3.850000000000000977, 1.777199999999999891, -3.354400000000000048 ) ) ;
#4294 = CARTESIAN_POINT ( 'NONE',  ( 2.548089955612195201, 1.777199999999999891, -2.265138798481020732 ) ) ;
#4295 = AXIS2_PLACEMENT_3D ( 'NONE', #1522, #2975, #3359 ) ;
#4296 = DIRECTION ( 'NONE',  ( -0.000000000000000000, -1.000000000000000000, 0.000000000000000000 ) ) ;
#4297 = EDGE_CURVE ( 'NONE', #3616, #131, #115, .T. ) ;
#4298 = STYLED_ITEM ( 'NONE', ( #4450 ), #4526 ) ;
#4299 = CARTESIAN_POINT ( 'NONE',  ( 0.9771999999999949615, 0.07280000000000000360, -0.07280000000000000360 ) ) ;
#4300 = EDGE_CURVE ( 'NONE', #1621, #4532, #1939, .T. ) ;
#4301 =( LENGTH_UNIT ( ) NAMED_UNIT ( * ) SI_UNIT ( .MILLI., .METRE. ) );
#4302 = ORIENTED_EDGE ( 'NONE', *, *, #4404, .F. ) ;
#4303 = DIRECTION ( 'NONE',  ( -0.000000000000000000, -0.000000000000000000, -1.000000000000000000 ) ) ;
#4304 = LINE ( 'NONE', #2522, #3070 ) ;
#4305 =( NAMED_UNIT ( * ) PLANE_ANGLE_UNIT ( ) SI_UNIT ( $, .RADIAN. ) );
#4306 = VECTOR ( 'NONE', #2904, 1000.000000000000000 ) ;
#4307 = DIRECTION ( 'NONE',  ( -0.000000000000000000, -1.000000000000000000, 0.000000000000000000 ) ) ;
#4308 = UNCERTAINTY_MEASURE_WITH_UNIT (LENGTH_MEASURE( 1.000000000000000082E-05 ), #753, 'distance_accuracy_value', 'NONE');
#4309 = CARTESIAN_POINT ( 'NONE',  ( 3.850000000000000977, 0.07280000000000003135, -0.07280000000000003135 ) ) ;
#4310 = ORIENTED_EDGE ( 'NONE', *, *, #4447, .T. ) ;
#4311 = CARTESIAN_POINT ( 'NONE',  ( 3.922800000000000509, 0.000000000000000000, -3.427200000000000024 ) ) ;
#4312 = SURFACE_STYLE_USAGE ( .BOTH. , #92 ) ;
#4313 = EDGE_CURVE ( 'NONE', #498, #2588, #41, .T. ) ;
#4314 = CARTESIAN_POINT ( 'NONE',  ( 3.851575672170317155, 0.09940116716472288672, -3.411155914505483722 ) ) ;
#4315 = LINE ( 'NONE', #1071, #3464 ) ;
#4316 = ORIENTED_EDGE ( 'NONE', *, *, #2417, .F. ) ;
#4317 = CARTESIAN_POINT ( 'NONE',  ( 2.646000000000010122, 1.777199999999999891, -2.090815050663394015 ) ) ;
#4318 =( LENGTH_UNIT ( ) NAMED_UNIT ( * ) SI_UNIT ( .MILLI., .METRE. ) );
#4319 = EDGE_CURVE ( 'NONE', #2370, #2684, #1204, .T. ) ;
#4320 = VERTEX_POINT ( 'NONE', #2602 ) ;
#4321 = DIRECTION ( 'NONE',  ( -0.9611638845408968512, 0.000000000000000000, -0.2759782365590690567 ) ) ;
#4322 = ORIENTED_EDGE ( 'NONE', *, *, #308, .F. ) ;
#4323 = LINE ( 'NONE', #1127, #3384 ) ;
#4324 = ORIENTED_EDGE ( 'NONE', *, *, #3103, .T. ) ;
#4325 = PRESENTATION_STYLE_ASSIGNMENT (( #3563 ) ) ;
#4326 = DIRECTION ( 'NONE',  ( 0.000000000000000000, 0.000000000000000000, -1.000000000000000000 ) ) ;
#4327 = CARTESIAN_POINT ( 'NONE',  ( 4.900000000000000355, 1.849999999999999867, -0.07280000000000000360 ) ) ;
#4328 = ORIENTED_EDGE ( 'NONE', *, *, #885, .F. ) ;
#4329 = DIRECTION ( 'NONE',  ( -0.2729786930695083935, 0.000000000000000000, 0.9620200793798762140 ) ) ;
#4330 = EDGE_CURVE ( 'NONE', #1072, #2236, #3089, .T. ) ;
#4331 =( LENGTH_UNIT ( ) NAMED_UNIT ( * ) SI_UNIT ( .MILLI., .METRE. ) );
#4332 = VECTOR ( 'NONE', #491, 1000.000000000000114 ) ;
#4333 = ORIENTED_EDGE ( 'NONE', *, *, #2417, .T. ) ;
#4334 = DIRECTION ( 'NONE',  ( -0.000000000000000000, -1.000000000000000000, 0.000000000000000000 ) ) ;
#4335 = ORIENTED_EDGE ( 'NONE', *, *, #4238, .F. ) ;
#4336 = ORIENTED_EDGE ( 'NONE', *, *, #1283, .F. ) ;
#4337 = SURFACE_STYLE_FILL_AREA ( #4362 ) ;
#4338 = ADVANCED_FACE ( 'NONE', ( #2673 ), #821, .F. ) ;
#4339 =( NAMED_UNIT ( * ) SI_UNIT ( $, .STERADIAN. ) SOLID_ANGLE_UNIT ( ) );
#4340 = STYLED_ITEM ( 'NONE', ( #2848 ), #781 ) ;
#4341 = VERTEX_POINT ( 'NONE', #1114 ) ;
#4342 = EDGE_CURVE ( 'NONE', #3480, #1917, #23, .T. ) ;
#4343 = PRESENTATION_STYLE_ASSIGNMENT (( #3251 ) ) ;
#4344 = PRESENTATION_LAYER_ASSIGNMENT (  '', '', ( #3209 ) ) ;
#4345 = EDGE_LOOP ( 'NONE', ( #1886, #3657, #761, #2630, #2778, #2614, #3266, #3996 ) ) ;
#4346 = DIRECTION ( 'NONE',  ( -0.000000000000000000, -1.000000000000000000, 0.000000000000000000 ) ) ;
#4347 = AXIS2_PLACEMENT_3D ( 'NONE', #2207, #1818, #1888 ) ;
#4348 = ORIENTED_EDGE ( 'NONE', *, *, #4382, .T. ) ;
#4349 = DIRECTION ( 'NONE',  ( 0.000000000000000000, 0.000000000000000000, -1.000000000000000000 ) ) ;
#4350 = DIRECTION ( 'NONE',  ( 0.000000000000000000, 0.000000000000000000, -1.000000000000000000 ) ) ;
#4351 = VECTOR ( 'NONE', #3351, 1000.000000000000000 ) ;
#4352 = FILL_AREA_STYLE_COLOUR ( '', #2197 ) ;
#4353 = UNCERTAINTY_MEASURE_WITH_UNIT (LENGTH_MEASURE( 1.000000000000000082E-05 ), #2341, 'distance_accuracy_value', 'NONE');
#4354 = ORIENTED_EDGE ( 'NONE', *, *, #2739, .F. ) ;
#4355 = CIRCLE ( 'NONE', #284, 0.07280000000000000360 ) ;
#4356 = DIRECTION ( 'NONE',  ( 0.000000000000000000, 0.000000000000000000, -1.000000000000000000 ) ) ;
#4357 = EDGE_CURVE ( 'NONE', #4097, #1559, #3286, .T. ) ;
#4358 = STYLED_ITEM ( 'NONE', ( #3182 ), #3076 ) ;
#4359 = DIRECTION ( 'NONE',  ( 0.9610029908221285888, 0.000000000000000000, 0.2765379750249932211 ) ) ;
#4360 = ORIENTED_EDGE ( 'NONE', *, *, #2390, .F. ) ;
#4361 = EDGE_LOOP ( 'NONE', ( #2898, #1297, #2610, #1507 ) ) ;
#4362 = FILL_AREA_STYLE ('',( #443 ) ) ;
#4363 = VECTOR ( 'NONE', #2974, 1000.000000000000000 ) ;
#4364 = SURFACE_STYLE_USAGE ( .BOTH. , #1139 ) ;
#4365 = COLOUR_RGB ( '',0.7686274509803920907, 0.7686274509803920907, 0.7686274509803920907 ) ;
#4366 = ADVANCED_FACE ( 'NONE', ( #1890 ), #3674, .F. ) ;
#4367 = ORIENTED_EDGE ( 'NONE', *, *, #2629, .F. ) ;
#4368 = VECTOR ( 'NONE', #3396, 1000.000000000000000 ) ;
#4369 = FACE_OUTER_BOUND ( 'NONE', #42, .T. ) ;
#4370 = ORIENTED_EDGE ( 'NONE', *, *, #4104, .T. ) ;
#4371 = ADVANCED_FACE ( 'NONE', ( #1647 ), #601, .T. ) ;
#4372 = LINE ( 'NONE', #1512, #374 ) ;
#4373 = VERTEX_POINT ( 'NONE', #3059 ) ;
#4374 = PLANE ( 'NONE',  #1629 ) ;
#4375 = FACE_OUTER_BOUND ( 'NONE', #252, .T. ) ;
#4376 = SURFACE_STYLE_USAGE ( .BOTH. , #2549 ) ;
#4377 = ORIENTED_EDGE ( 'NONE', *, *, #2837, .T. ) ;
#4378 = CARTESIAN_POINT ( 'NONE',  ( 4.827200000000001268, 1.849999999999999867, -0.07280000000000000360 ) ) ;
#4379 = DIRECTION ( 'NONE',  ( -3.723221746172769397E-16, 0.000000000000000000, 1.000000000000000000 ) ) ;
#4380 = FILL_AREA_STYLE ('',( #2994 ) ) ;
#4381 = ORIENTED_EDGE ( 'NONE', *, *, #3173, .F. ) ;
#4382 = EDGE_CURVE ( 'NONE', #917, #1546, #4504, .T. ) ;
#4383 = FILL_AREA_STYLE ('',( #4099 ) ) ;
#4384 = ORIENTED_EDGE ( 'NONE', *, *, #2303, .T. ) ;
#4385 = CARTESIAN_POINT ( 'NONE',  ( 3.849964757895330436, 1.775818475274031583, -0.1293385981646564820 ) ) ;
#4386 = LINE ( 'NONE', #154, #2561 ) ;
#4387 = ORIENTED_EDGE ( 'NONE', *, *, #3028, .F. ) ;
#4388 = CARTESIAN_POINT ( 'NONE',  ( -0.8070152987309990866, 1.782199999999999784, 0.007919489514314502487 ) ) ;
#4389 = ORIENTED_EDGE ( 'NONE', *, *, #3784, .F. ) ;
#4390 = APPLICATION_CONTEXT ( 'automotive_design' ) ;
#4391 = CYLINDRICAL_SURFACE ( 'NONE', #875, 0.07280000000000003135 ) ;
#4392 = ADVANCED_FACE ( 'NONE', ( #1249 ), #3105, .F. ) ;
#4393 = DIRECTION ( 'NONE',  ( 0.000000000000000000, 0.000000000000000000, 1.000000000000000000 ) ) ;
#4394 = UNCERTAINTY_MEASURE_WITH_UNIT (LENGTH_MEASURE( 1.000000000000000082E-05 ), #1778, 'distance_accuracy_value', 'NONE');
#4395 = FACE_OUTER_BOUND ( 'NONE', #2527, .T. ) ;
#4396 = VERTEX_POINT ( 'NONE', #2386 ) ;
#4397 = SURFACE_STYLE_FILL_AREA ( #114 ) ;
#4398 = FILL_AREA_STYLE_COLOUR ( '', #744 ) ;
#4399 = CARTESIAN_POINT ( 'NONE',  ( 3.922800000000000509, 1.849999999999999867, 0.000000000000000000 ) ) ;
#4400 = ORIENTED_EDGE ( 'NONE', *, *, #1526, .T. ) ;
#4401 = ORIENTED_EDGE ( 'NONE', *, *, #476, .F. ) ;
#4402 =( NAMED_UNIT ( * ) PLANE_ANGLE_UNIT ( ) SI_UNIT ( $, .RADIAN. ) );
#4403 = FACE_OUTER_BOUND ( 'NONE', #1286, .T. ) ;
#4404 = EDGE_CURVE ( 'NONE', #3605, #4119, #2721, .T. ) ;
#4405 = ORIENTED_EDGE ( 'NONE', *, *, #446, .F. ) ;
#4406 = CARTESIAN_POINT ( 'NONE',  ( 3.853192632527818517, 1.755877373670380548, -0.09412262632961940212 ) ) ;
#4407 = ADVANCED_FACE ( 'NONE', ( #4149 ), #4186, .T. ) ;
#4408 = FILL_AREA_STYLE ('',( #2982 ) ) ;
#4409 = MECHANICAL_DESIGN_GEOMETRIC_PRESENTATION_REPRESENTATION (  '', ( #2249 ), #341 ) ;
#4410 = EDGE_LOOP ( 'NONE', ( #3708, #1137, #886, #1891 ) ) ;
#4411 = EDGE_CURVE ( 'NONE', #1346, #3576, #3934, .T. ) ;
#4412 =( NAMED_UNIT ( * ) PLANE_ANGLE_UNIT ( ) SI_UNIT ( $, .RADIAN. ) );
#4413 = ORIENTED_EDGE ( 'NONE', *, *, #2747, .F. ) ;
#4414 = PRESENTATION_LAYER_ASSIGNMENT (  '', '', ( #2993 ) ) ;
#4415 = CYLINDRICAL_SURFACE ( 'NONE', #1173, 0.07280000000000003135 ) ;
#4416 = CARTESIAN_POINT ( 'NONE',  ( 1.049999999999999600, 1.777199999999999891, -3.354400000000000048 ) ) ;
#4417 = VECTOR ( 'NONE', #493, 1000.000000000000000 ) ;
#4418 = LINE ( 'NONE', #88, #2350 ) ;
#4419 = CIRCLE ( 'NONE', #4193, 0.07280000000000003135 ) ;
#4420 = EDGE_CURVE ( 'NONE', #4129, #1424, #1416, .T. ) ;
#4421 = EDGE_LOOP ( 'NONE', ( #3750, #4166, #3575, #913 ) ) ;
#4422 = FACE_OUTER_BOUND ( 'NONE', #4527, .T. ) ;
#4423 = ADVANCED_FACE ( 'NONE', ( #3883 ), #3151, .T. ) ;
#4424 = VECTOR ( 'NONE', #2167, 1000.000000000000000 ) ;
#4425 =( NAMED_UNIT ( * ) PLANE_ANGLE_UNIT ( ) SI_UNIT ( $, .RADIAN. ) );
#4426 =( GEOMETRIC_REPRESENTATION_CONTEXT ( 3 ) GLOBAL_UNCERTAINTY_ASSIGNED_CONTEXT ( ( #296 ) ) GLOBAL_UNIT_ASSIGNED_CONTEXT ( ( #183, #1246, #4567 ) ) REPRESENTATION_CONTEXT ( 'NONE', 'WORKASPACE' ) );
#4427 =( NAMED_UNIT ( * ) SI_UNIT ( $, .STERADIAN. ) SOLID_ANGLE_UNIT ( ) );
#4428 = DIRECTION ( 'NONE',  ( 0.000000000000000000, 0.000000000000000000, 1.000000000000000000 ) ) ;
#4429 =( GEOMETRIC_REPRESENTATION_CONTEXT ( 3 ) GLOBAL_UNCERTAINTY_ASSIGNED_CONTEXT ( ( #537 ) ) GLOBAL_UNIT_ASSIGNED_CONTEXT ( ( #474, #2964, #807 ) ) REPRESENTATION_CONTEXT ( 'NONE', 'WORKASPACE' ) );
#4430 = VECTOR ( 'NONE', #1195, 1000.000000000000000 ) ;
#4431 = EDGE_CURVE ( 'NONE', #2588, #4112, #4234, .T. ) ;
#4432 = VERTEX_POINT ( 'NONE', #4309 ) ;
#4433 = ORIENTED_EDGE ( 'NONE', *, *, #2151, .T. ) ;
#4434 =( NAMED_UNIT ( * ) SI_UNIT ( $, .STERADIAN. ) SOLID_ANGLE_UNIT ( ) );
#4435 = CARTESIAN_POINT ( 'NONE',  ( 3.850005466920572772, 1.715762345343280870, -0.07369216240005539709 ) ) ;
#4436 = LINE ( 'NONE', #397, #1390 ) ;
#4437 = VECTOR ( 'NONE', #1257, 1000.000000000000000 ) ;
#4438 = AXIS2_PLACEMENT_3D ( 'NONE', #1594, #909, #4094 ) ;
#4439 = FILL_AREA_STYLE_COLOUR ( '', #787 ) ;
#4440 = LINE ( 'NONE', #1552, #1953 ) ;
#4441 =( GEOMETRIC_REPRESENTATION_CONTEXT ( 3 ) GLOBAL_UNCERTAINTY_ASSIGNED_CONTEXT ( ( #4020 ) ) GLOBAL_UNIT_ASSIGNED_CONTEXT ( ( #3716, #3014, #4545 ) ) REPRESENTATION_CONTEXT ( 'NONE', 'WORKASPACE' ) );
#4442 = SURFACE_STYLE_FILL_AREA ( #4408 ) ;
#4443 = CARTESIAN_POINT ( 'NONE',  ( 2.325122522707465222, 1.777199999999999891, -2.328779857981044366 ) ) ;
#4444 = ORIENTED_EDGE ( 'NONE', *, *, #1979, .F. ) ;
#4445 = VECTOR ( 'NONE', #1393, 1000.000000000000000 ) ;
#4446 =( NAMED_UNIT ( * ) SI_UNIT ( $, .STERADIAN. ) SOLID_ANGLE_UNIT ( ) );
#4447 = EDGE_CURVE ( 'NONE', #1534, #1911, #1065, .T. ) ;
#4448 = CARTESIAN_POINT ( 'NONE',  ( 2.187919857998915862, 1.782199999999999784, -1.675837106146426336 ) ) ;
#4449 = STYLED_ITEM ( 'NONE', ( #488 ), #4291 ) ;
#4450 = PRESENTATION_STYLE_ASSIGNMENT (( #2300 ) ) ;
#4451 = ORIENTED_EDGE ( 'NONE', *, *, #3057, .F. ) ;
#4452 =( GEOMETRIC_REPRESENTATION_CONTEXT ( 3 ) GLOBAL_UNCERTAINTY_ASSIGNED_CONTEXT ( ( #1517 ) ) GLOBAL_UNIT_ASSIGNED_CONTEXT ( ( #1984, #3099, #3053 ) ) REPRESENTATION_CONTEXT ( 'NONE', 'WORKASPACE' ) );
#4453 = FACE_OUTER_BOUND ( 'NONE', #4152, .T. ) ;
#4454 = UNCERTAINTY_MEASURE_WITH_UNIT (LENGTH_MEASURE( 1.000000000000000082E-05 ), #1179, 'distance_accuracy_value', 'NONE');
#4455 = CARTESIAN_POINT ( 'NONE',  ( 2.420225839607043739, 1.782199999999999784, -1.421762559585259877 ) ) ;
#4456 = ORIENTED_EDGE ( 'NONE', *, *, #883, .T. ) ;
#4457 = ORIENTED_EDGE ( 'NONE', *, *, #1418, .F. ) ;
#4458 = SPHERICAL_SURFACE ( 'NONE', #3357, 0.07280000000000000360 ) ;
#4459 = VECTOR ( 'NONE', #1387, 1000.000000000000000 ) ;
#4460 = SURFACE_SIDE_STYLE ('',( #2234 ) ) ;
#4461 = SURFACE_STYLE_FILL_AREA ( #3027 ) ;
#4462 = ORIENTED_EDGE ( 'NONE', *, *, #4146, .F. ) ;
#4463 = CARTESIAN_POINT ( 'NONE',  ( 3.851704486567831154, 1.761538966515065585, -0.1004892639653245240 ) ) ;
#4464 =( NAMED_UNIT ( * ) PLANE_ANGLE_UNIT ( ) SI_UNIT ( $, .RADIAN. ) );
#4465 = PRESENTATION_STYLE_ASSIGNMENT (( #194 ) ) ;
#4466 = ORIENTED_EDGE ( 'NONE', *, *, #3375, .F. ) ;
#4467 = LINE ( 'NONE', #4107, #2841 ) ;
#4468 = FACE_OUTER_BOUND ( 'NONE', #1482, .T. ) ;
#4469 = EDGE_CURVE ( 'NONE', #4396, #2890, #2758, .T. ) ;
#4470 = CARTESIAN_POINT ( 'NONE',  ( 1.049999999999999822, 1.849999999999999867, -0.07280000000000003135 ) ) ;
#4471 = PLANE ( 'NONE',  #2724 ) ;
#4472 = CARTESIAN_POINT ( 'NONE',  ( 1.046807367472176953, 0.09412262632962009601, -0.09412262632961863884 ) ) ;
#4473 = EDGE_CURVE ( 'NONE', #1917, #4144, #1741, .T. ) ;
#4474 = ORIENTED_EDGE ( 'NONE', *, *, #2648, .F. ) ;
#4475 = CARTESIAN_POINT ( 'NONE',  ( 2.230809282386529535, 1.782199999999999784, -2.895382102646353761 ) ) ;
#4476 = FACE_OUTER_BOUND ( 'NONE', #247, .T. ) ;
#4477 = EDGE_LOOP ( 'NONE', ( #4096, #4248, #484, #3659 ) ) ;
#4478 = ORIENTED_EDGE ( 'NONE', *, *, #2200, .T. ) ;
#4479 = SURFACE_STYLE_USAGE ( .BOTH. , #3778 ) ;
#4480 =( NAMED_UNIT ( * ) SI_UNIT ( $, .STERADIAN. ) SOLID_ANGLE_UNIT ( ) );
#4481 = DIRECTION ( 'NONE',  ( 0.000000000000000000, 0.000000000000000000, 1.000000000000000000 ) ) ;
#4482 = ORIENTED_EDGE ( 'NONE', *, *, #365, .T. ) ;
#4483 = EDGE_CURVE ( 'NONE', #3689, #648, #1363, .T. ) ;
#4484 = ORIENTED_EDGE ( 'NONE', *, *, #121, .T. ) ;
#4485 =( GEOMETRIC_REPRESENTATION_CONTEXT ( 3 ) GLOBAL_UNCERTAINTY_ASSIGNED_CONTEXT ( ( #862 ) ) GLOBAL_UNIT_ASSIGNED_CONTEXT ( ( #4558, #2836, #4195 ) ) REPRESENTATION_CONTEXT ( 'NONE', 'WORKASPACE' ) );
#4486 =( NAMED_UNIT ( * ) SI_UNIT ( $, .STERADIAN. ) SOLID_ANGLE_UNIT ( ) );
#4487 =( BOUNDED_CURVE ( )  B_SPLINE_CURVE ( 3, ( #748, #4289, #2462, #343 ),
 .UNSPECIFIED., .F., .T. ) 
 B_SPLINE_CURVE_WITH_KNOTS ( ( 4, 4 ),
 ( 1.570796326794896558, 1.868047688116103888 ),
 .UNSPECIFIED. ) 
 CURVE ( )  GEOMETRIC_REPRESENTATION_ITEM ( )  RATIONAL_B_SPLINE_CURVE ( ( 1.000000000000000000, 0.9926503465430338569, 0.9926503465430338569, 1.000000000000000000 ) ) 
 REPRESENTATION_ITEM ( '' )  );
#4488 = CARTESIAN_POINT ( 'NONE',  ( 2.646000000000010122, 1.777199999999999891, -1.898139623118868524 ) ) ;
#4489 = CARTESIAN_POINT ( 'NONE',  ( 2.646000000000010122, 1.777199999999999891, -1.787331774155181074 ) ) ;
#4490 = MECHANICAL_DESIGN_GEOMETRIC_PRESENTATION_REPRESENTATION (  '', ( #567 ), #3202 ) ;
#4491 = EDGE_CURVE ( 'NONE', #3944, #2296, #1018, .T. ) ;
#4492 = DIRECTION ( 'NONE',  ( 0.000000000000000000, 0.000000000000000000, -1.000000000000000000 ) ) ;
#4493 = DIRECTION ( 'NONE',  ( 0.000000000000000000, 0.000000000000000000, 1.000000000000000000 ) ) ;
#4494 = CARTESIAN_POINT ( 'NONE',  ( 2.325105313117773242, 1.782199999999999784, -1.228085846872917664 ) ) ;
#4495 = PLANE ( 'NONE',  #3769 ) ;
#4496 = MECHANICAL_DESIGN_GEOMETRIC_PRESENTATION_REPRESENTATION (  '', ( #1307 ), #4653 ) ;
#4497 = EDGE_LOOP ( 'NONE', ( #4662, #1407, #574, #1501 ) ) ;
#4498 = DIRECTION ( 'NONE',  ( 1.000000000000000000, -2.978577396938197768E-15, 0.000000000000000000 ) ) ;
#4499 = DIRECTION ( 'NONE',  ( 0.000000000000000000, 0.000000000000000000, 1.000000000000000000 ) ) ;
#4500 = CIRCLE ( 'NONE', #4192, 0.07280000000000000360 ) ;
#4501 = PRESENTATION_LAYER_ASSIGNMENT (  '', '', ( #2094 ) ) ;
#4502 = LINE ( 'NONE', #2719, #2041 ) ;
#4503 = UNCERTAINTY_MEASURE_WITH_UNIT (LENGTH_MEASURE( 1.000000000000000082E-05 ), #4331, 'distance_accuracy_value', 'NONE');
#4504 = LINE ( 'NONE', #3475, #1189 ) ;
#4505 = ORIENTED_EDGE ( 'NONE', *, *, #3558, .T. ) ;
#4506 = ORIENTED_EDGE ( 'NONE', *, *, #754, .F. ) ;
#4507 = CIRCLE ( 'NONE', #4581, 0.07280000000000003135 ) ;
#4508 = EDGE_CURVE ( 'NONE', #2598, #236, #1872, .T. ) ;
#4509 = CARTESIAN_POINT ( 'NONE',  ( 1.048927909664956193, 1.762799849230893168, -0.08720015076910660190 ) ) ;
#4510 = COLOUR_RGB ( '',0.6470588235294117974, 0.5176470588235293491, 0.000000000000000000 ) ;
#4511 = DIRECTION ( 'NONE',  ( 0.8958676361826827250, 0.000000000000000000, 0.4443210308329467728 ) ) ;
#4512 = MECHANICAL_DESIGN_GEOMETRIC_PRESENTATION_REPRESENTATION (  '', ( #3672 ), #4426 ) ;
#4513 = DIRECTION ( 'NONE',  ( 1.000000000000000000, 0.000000000000000000, 0.000000000000000000 ) ) ;
#4514 = COLOUR_RGB ( '',0.6470588235294117974, 0.5176470588235293491, 0.000000000000000000 ) ;
#4515 = FILL_AREA_STYLE_COLOUR ( '', #3066 ) ;
#4516 = FILL_AREA_STYLE ('',( #2394 ) ) ;
#4517 = AXIS2_PLACEMENT_3D ( 'NONE', #3793, #861, #2321 ) ;
#4518 = DIRECTION ( 'NONE',  ( -0.9615323037684311291, 0.000000000000000000, -0.2746918797667187162 ) ) ;
#4519 = PLANE ( 'NONE',  #1784 ) ;
#4520 =( GEOMETRIC_REPRESENTATION_CONTEXT ( 3 ) GLOBAL_UNCERTAINTY_ASSIGNED_CONTEXT ( ( #59 ) ) GLOBAL_UNIT_ASSIGNED_CONTEXT ( ( #1539, #765, #3241 ) ) REPRESENTATION_CONTEXT ( 'NONE', 'WORKASPACE' ) );
#4521 = CARTESIAN_POINT ( 'NONE',  ( 2.548108729707782238, 1.782199999999999784, -1.164510496710604137 ) ) ;
#4522 = ADVANCED_FACE ( 'NONE', ( #3667 ), #2274, .F. ) ;
#4523 = DIRECTION ( 'NONE',  ( -0.000000000000000000, -1.000000000000000000, 0.000000000000000000 ) ) ;
#4524 = CARTESIAN_POINT ( 'NONE',  ( 2.366619534904705890, 1.782199999999999784, -0.8167821278507133576 ) ) ;
#4525 = AXIS2_PLACEMENT_3D ( 'NONE', #657, #3538, #3560 ) ;
#4526 = ADVANCED_FACE ( 'NONE', ( #434 ), #3352, .F. ) ;
#4527 = EDGE_LOOP ( 'NONE', ( #1417, #1779, #2306 ) ) ;
#4528 = DIRECTION ( 'NONE',  ( 0.000000000000000000, 0.000000000000000000, 1.000000000000000000 ) ) ;
#4529 = ADVANCED_FACE ( 'NONE', ( #4395 ), #766, .T. ) ;
#4530 = DIRECTION ( 'NONE',  ( 1.000000000000000000, -0.000000000000000000, -0.000000000000000000 ) ) ;
#4531 = SURFACE_STYLE_FILL_AREA ( #512 ) ;
#4532 = VERTEX_POINT ( 'NONE', #3641 ) ;
#4533 = EDGE_LOOP ( 'NONE', ( #3193, #1823, #322, #2691 ) ) ;
#4534 = DIRECTION ( 'NONE',  ( 7.938847109757211852E-05, 0.000000000000000000, -0.9999999968487351953 ) ) ;
#4535 = VECTOR ( 'NONE', #4165, 1000.000000000000000 ) ;
#4536 = SURFACE_STYLE_USAGE ( .BOTH. , #3820 ) ;
#4537 = ADVANCED_FACE ( 'NONE', ( #1932 ), #408, .T. ) ;
#4538 = CYLINDRICAL_SURFACE ( 'NONE', #270, 0.07280000000000003135 ) ;
#4539 =( GEOMETRIC_REPRESENTATION_CONTEXT ( 3 ) GLOBAL_UNCERTAINTY_ASSIGNED_CONTEXT ( ( #3697 ) ) GLOBAL_UNIT_ASSIGNED_CONTEXT ( ( #2170, #1084, #712 ) ) REPRESENTATION_CONTEXT ( 'NONE', 'WORKASPACE' ) );
#4540 = CARTESIAN_POINT ( 'NONE',  ( 0.07279999999999960114, 0.07280000000000000360, -3.500000000000000000 ) ) ;
#4541 = ORIENTED_EDGE ( 'NONE', *, *, #4330, .F. ) ;
#4542 = B_SPLINE_CURVE_WITH_KNOTS ( 'NONE', 3,
 ( #3483, #1697, #2086, #1679, #2734, #3869, #1263, #1605, #4159, #918 ),
 .UNSPECIFIED., .F., .F.,
 ( 4, 3, 3, 4 ),
 ( 5.587850095852340640E-20, 2.422644186407607125E-05, 4.850291313082686278E-05, 5.704030738691038204E-05 ),
 .UNSPECIFIED. ) ;
#4543 = CARTESIAN_POINT ( 'NONE',  ( 2.131461455074789679, 1.782199999999999784, -0.8876543440893396308 ) ) ;
#4544 = CARTESIAN_POINT ( 'NONE',  ( 2.646000000000010122, 1.782199999999999784, -1.787331774155181074 ) ) ;
#4545 =( NAMED_UNIT ( * ) SI_UNIT ( $, .STERADIAN. ) SOLID_ANGLE_UNIT ( ) );
#4546 = VERTEX_POINT ( 'NONE', #2028 ) ;
#4547 = SURFACE_STYLE_FILL_AREA ( #3101 ) ;
#4548 = CARTESIAN_POINT ( 'NONE',  ( 4.900000000000000355, 0.07280000000000000360, 0.000000000000000000 ) ) ;
#4549 = CARTESIAN_POINT ( 'NONE',  ( 2.646000000000010122, 1.777199999999999891, -2.479564017292827049 ) ) ;
#4550 = DIRECTION ( 'NONE',  ( 0.000000000000000000, 0.000000000000000000, -1.000000000000000000 ) ) ;
#4551 = VERTEX_POINT ( 'NONE', #924 ) ;
#4552 = EDGE_CURVE ( 'NONE', #3988, #3851, #532, .T. ) ;
#4553 = CARTESIAN_POINT ( 'NONE',  ( 1.049999999999999822, 1.704399999999999471, -3.427200000000000024 ) ) ;
#4554 = SURFACE_STYLE_USAGE ( .BOTH. , #3819 ) ;
#4555 = CARTESIAN_POINT ( 'NONE',  ( 1.046807367472177397, 0.09412262632961890252, -3.405877373670380237 ) ) ;
#4556 = VECTOR ( 'NONE', #4282, 1000.000000000000114 ) ;
#4557 = ORIENTED_EDGE ( 'NONE', *, *, #1529, .T. ) ;
#4558 =( LENGTH_UNIT ( ) NAMED_UNIT ( * ) SI_UNIT ( .MILLI., .METRE. ) );
#4559 = FACE_OUTER_BOUND ( 'NONE', #2955, .T. ) ;
#4560 = EDGE_CURVE ( 'NONE', #2656, #2519, #3033, .T. ) ;
#4561 = AXIS2_PLACEMENT_3D ( 'NONE', #2455, #2526, #3909 ) ;
#4562 = VECTOR ( 'NONE', #3893, 1000.000000000000114 ) ;
#4563 = DIRECTION ( 'NONE',  ( 1.000000000000000000, 0.000000000000000000, 0.000000000000000000 ) ) ;
#4564 = ORIENTED_EDGE ( 'NONE', *, *, #2727, .F. ) ;
#4565 = AXIS2_PLACEMENT_3D ( 'NONE', #692, #3985, #2153 ) ;
#4566 =( NAMED_UNIT ( * ) PLANE_ANGLE_UNIT ( ) SI_UNIT ( $, .RADIAN. ) );
#4567 =( NAMED_UNIT ( * ) SI_UNIT ( $, .STERADIAN. ) SOLID_ANGLE_UNIT ( ) );
#4568 = PLANE ( 'NONE',  #1030 ) ;
#4569 = EDGE_CURVE ( 'NONE', #2262, #2531, #1610, .T. ) ;
#4570 = EDGE_CURVE ( 'NONE', #1828, #1243, #4089, .T. ) ;
#4571 = AXIS2_PLACEMENT_3D ( 'NONE', #2451, #1309, #3876 ) ;
#4572 = SURFACE_STYLE_USAGE ( .BOTH. , #2408 ) ;
#4573 = VERTEX_POINT ( 'NONE', #4472 ) ;
#4574 = ORIENTED_EDGE ( 'NONE', *, *, #3626, .F. ) ;
#4575 = DIRECTION ( 'NONE',  ( 0.9619530280415478085, 0.000000000000000000, 0.2732148821746302469 ) ) ;
#4576 = VECTOR ( 'NONE', #1660, 1000.000000000000000 ) ;
#4577 = CARTESIAN_POINT ( 'NONE',  ( 2.131461455074789679, 1.777199999999999891, -2.238814386013834756 ) ) ;
#4578 = VECTOR ( 'NONE', #285, 1000.000000000000000 ) ;
#4579 = DIRECTION ( 'NONE',  ( 0.002813301676014986867, 0.000000000000000000, -0.9999960426590095430 ) ) ;
#4580 = VECTOR ( 'NONE', #2678, 1000.000000000000114 ) ;
#4581 = AXIS2_PLACEMENT_3D ( 'NONE', #2762, #2907, #2511 ) ;
#4582 = ORIENTED_EDGE ( 'NONE', *, *, #3725, .F. ) ;
#4583 = LINE ( 'NONE', #1748, #3733 ) ;
#4584 = LINE ( 'NONE', #238, #2329 ) ;
#4585 = STYLED_ITEM ( 'NONE', ( #4325 ), #1604 ) ;
#4586 = DIRECTION ( 'NONE',  ( -0.000000000000000000, -1.000000000000000000, 0.000000000000000000 ) ) ;
#4587 = VECTOR ( 'NONE', #4307, 1000.000000000000000 ) ;
#4588 = PRESENTATION_LAYER_ASSIGNMENT (  '', '', ( #1091 ) ) ;
#4589 = DIRECTION ( 'NONE',  ( 0.000000000000000000, 0.000000000000000000, -1.000000000000000000 ) ) ;
#4590 = DIRECTION ( 'NONE',  ( -0.000000000000000000, -1.000000000000000000, 0.000000000000000000 ) ) ;
#4591 = MECHANICAL_DESIGN_GEOMETRIC_PRESENTATION_REPRESENTATION (  '', ( #4358 ), #739 ) ;
#4592 = FACE_OUTER_BOUND ( 'NONE', #1965, .T. ) ;
#4593 = CARTESIAN_POINT ( 'NONE',  ( 1.049999999999994937, 0.07280000000000000360, 0.000000000000000000 ) ) ;
#4594 = EDGE_LOOP ( 'NONE', ( #3353, #2411, #1592, #490 ) ) ;
#4595 = EDGE_CURVE ( 'NONE', #1243, #1174, #572, .T. ) ;
#4596 = AXIS2_PLACEMENT_3D ( 'NONE', #2135, #3528, #3196 ) ;
#4597 = CARTESIAN_POINT ( 'NONE',  ( 2.646000000000010122, 1.777199999999999891, -1.787331774155181074 ) ) ;
#4598 = DIRECTION ( 'NONE',  ( 0.000000000000000000, 0.000000000000000000, -1.000000000000000000 ) ) ;
#4599 = DIRECTION ( 'NONE',  ( 1.000000000000000000, -0.000000000000000000, 0.000000000000000000 ) ) ;
#4600 = AXIS2_PLACEMENT_3D ( 'NONE', #1516, #2970, #2990 ) ;
#4601 = DIRECTION ( 'NONE',  ( 0.000000000000000000, -1.000000000000000000, 0.000000000000000000 ) ) ;
#4602 = ORIENTED_EDGE ( 'NONE', *, *, #2609, .F. ) ;
#4603 = LINE ( 'NONE', #1277, #2243 ) ;
#4604 = AXIS2_PLACEMENT_3D ( 'NONE', #4084, #1213, #1980 ) ;
#4605 = DIRECTION ( 'NONE',  ( 0.7059037656364457458, 0.000000000000000000, -0.7083077534944016707 ) ) ;
#4606 = EDGE_CURVE ( 'NONE', #1672, #1169, #2380, .T. ) ;
#4607 = LINE ( 'NONE', #644, #2116 ) ;
#4608 = ORIENTED_EDGE ( 'NONE', *, *, #3035, .F. ) ;
#4609 = FILL_AREA_STYLE ('',( #2494 ) ) ;
#4610 = ADVANCED_FACE ( 'NONE', ( #3834 ), #2713, .T. ) ;
#4611 = VECTOR ( 'NONE', #3561, 1000.000000000000000 ) ;
#4612 = DIRECTION ( 'NONE',  ( 0.000000000000000000, 0.000000000000000000, -1.000000000000000000 ) ) ;
#4613 = CARTESIAN_POINT ( 'NONE',  ( 1.049999999999999600, 1.777199999999999891, -0.1418008937405507985 ) ) ;
#4614 = ADVANCED_FACE ( 'NONE', ( #2054 ), #1642, .F. ) ;
#4615 = DIRECTION ( 'NONE',  ( -1.000000000000000000, 0.000000000000000000, 0.000000000000000000 ) ) ;
#4616 = ORIENTED_EDGE ( 'NONE', *, *, #810, .F. ) ;
#4617 = DIRECTION ( 'NONE',  ( -0.000000000000000000, -1.000000000000000000, -0.000000000000000000 ) ) ;
#4618 = ORIENTED_EDGE ( 'NONE', *, *, #317, .T. ) ;
#4619 = CARTESIAN_POINT ( 'NONE',  ( 3.850000000000000089, 1.777199999999999891, -3.427200000000000024 ) ) ;
#4620 = SURFACE_STYLE_FILL_AREA ( #2806 ) ;
#4621 = LINE ( 'NONE', #542, #3283 ) ;
#4622 = SURFACE_STYLE_USAGE ( .BOTH. , #3908 ) ;
#4623 = ORIENTED_EDGE ( 'NONE', *, *, #728, .T. ) ;
#4624 = ORIENTED_EDGE ( 'NONE', *, *, #3792, .F. ) ;
#4625 = CARTESIAN_POINT ( 'NONE',  ( 4.827200000000001268, 0.000000000000000000, -0.07280000000000000360 ) ) ;
#4626 = PRESENTATION_STYLE_ASSIGNMENT (( #271 ) ) ;
#4627 = EDGE_CURVE ( 'NONE', #3576, #2890, #1406, .T. ) ;
#4628 = DIRECTION ( 'NONE',  ( 1.000000000000000000, 0.000000000000000000, -0.000000000000000000 ) ) ;
#4629 = CARTESIAN_POINT ( 'NONE',  ( 2.350880583661799861, 1.777199999999999891, -0.6689799213428695435 ) ) ;
#4630 = ORIENTED_EDGE ( 'NONE', *, *, #2850, .T. ) ;
#4631 = FACE_OUTER_BOUND ( 'NONE', #2156, .T. ) ;
#4632 = CARTESIAN_POINT ( 'NONE',  ( 3.853192632527818517, 0.09412262632961940212, -3.405877373670380681 ) ) ;
#4633 = CARTESIAN_POINT ( 'NONE',  ( 1.048424327829682978, 1.761155914505483810, -0.09940116716472276182 ) ) ;
#4634 = EDGE_CURVE ( 'NONE', #4144, #4671, #1754, .T. ) ;
#4635 = FACE_OUTER_BOUND ( 'NONE', #2541, .T. ) ;
#4636 = DIRECTION ( 'NONE',  ( -0.000000000000000000, 0.000000000000000000, 1.000000000000000000 ) ) ;
#4637 = EDGE_CURVE ( 'NONE', #1838, #917, #3186, .T. ) ;
#4638 = CARTESIAN_POINT ( 'NONE',  ( 1.049999999999999822, 1.704399999999999693, -3.427200000000000024 ) ) ;
#4639 = ORIENTED_EDGE ( 'NONE', *, *, #3281, .F. ) ;
#4640 =( NAMED_UNIT ( * ) PLANE_ANGLE_UNIT ( ) SI_UNIT ( $, .RADIAN. ) );
#4641 = DIRECTION ( 'NONE',  ( 0.000000000000000000, 0.000000000000000000, 1.000000000000000000 ) ) ;
#4642 = COLOUR_RGB ( '',0.6470588235294117974, 0.5176470588235293491, 0.000000000000000000 ) ;
#4643 = LINE ( 'NONE', #4155, #3898 ) ;
#4644 = CARTESIAN_POINT ( 'NONE',  ( 2.548089955612195201, 1.777199999999999891, -2.507346551699583870 ) ) ;
#4645 = UNCERTAINTY_MEASURE_WITH_UNIT (LENGTH_MEASURE( 1.000000000000000082E-05 ), #4230, 'distance_accuracy_value', 'NONE');
#4646 = CARTESIAN_POINT ( 'NONE',  ( 3.922800000000000509, 0.000000000000000000, 0.000000000000000000 ) ) ;
#4647 = MECHANICAL_DESIGN_GEOMETRIC_PRESENTATION_REPRESENTATION (  '', ( #3736 ), #3578 ) ;
#4648 = ORIENTED_EDGE ( 'NONE', *, *, #1035, .T. ) ;
#4649 = CARTESIAN_POINT ( 'NONE',  ( 0.07280000000000000360, 0.07280000000000000360, -3.427200000000000024 ) ) ;
#4650 = DIRECTION ( 'NONE',  ( 1.000000000000000000, 0.000000000000000000, -0.000000000000000000 ) ) ;
#4651 = FACE_OUTER_BOUND ( 'NONE', #3319, .T. ) ;
#4652 = ORIENTED_EDGE ( 'NONE', *, *, #2291, .F. ) ;
#4653 =( GEOMETRIC_REPRESENTATION_CONTEXT ( 3 ) GLOBAL_UNCERTAINTY_ASSIGNED_CONTEXT ( ( #1044 ) ) GLOBAL_UNIT_ASSIGNED_CONTEXT ( ( #469, #3779, #2700 ) ) REPRESENTATION_CONTEXT ( 'NONE', 'WORKASPACE' ) );
#4654 = EDGE_CURVE ( 'NONE', #3643, #2018, #2093, .T. ) ;
#4655 = DIRECTION ( 'NONE',  ( -0.000000000000000000, -1.000000000000000000, 0.000000000000000000 ) ) ;
#4656 = MECHANICAL_DESIGN_GEOMETRIC_PRESENTATION_REPRESENTATION (  '', ( #725 ), #3821 ) ;
#4657 = DIRECTION ( 'NONE',  ( -0.000000000000000000, -0.000000000000000000, 1.000000000000000000 ) ) ;
#4658 =( GEOMETRIC_REPRESENTATION_CONTEXT ( 3 ) GLOBAL_UNCERTAINTY_ASSIGNED_CONTEXT ( ( #711 ) ) GLOBAL_UNIT_ASSIGNED_CONTEXT ( ( #1674, #2080, #3844 ) ) REPRESENTATION_CONTEXT ( 'NONE', 'WORKASPACE' ) );
#4659 = AXIS2_PLACEMENT_3D ( 'NONE', #2147, #3594, #3239 ) ;
#4660 = VECTOR ( 'NONE', #3080, 1000.000000000000227 ) ;
#4661 = LINE ( 'NONE', #3584, #3676 ) ;
#4662 = ORIENTED_EDGE ( 'NONE', *, *, #2390, .T. ) ;
#4663 = VECTOR ( 'NONE', #3374, 1000.000000000000227 ) ;
#4664 = CARTESIAN_POINT ( 'NONE',  ( 3.850005466920572772, 1.776307837599944373, -3.365762345343280781 ) ) ;
#4665 = VECTOR ( 'NONE', #4321, 1000.000000000000114 ) ;
#4666 = EDGE_LOOP ( 'NONE', ( #49, #1161, #1715, #4007 ) ) ;
#4667 = VECTOR ( 'NONE', #521, 1000.000000000000000 ) ;
#4668 = CARTESIAN_POINT ( 'NONE',  ( 1.049999999999999600, 1.777199999999999891, -3.354400000000000048 ) ) ;
#4669 = LINE ( 'NONE', #1313, #3230 ) ;
#4670 = VECTOR ( 'NONE', #316, 1000.000000000000000 ) ;
#4671 = VERTEX_POINT ( 'NONE', #682 ) ;
#4672 = LINE ( 'NONE', #1421, #2481 ) ;
#4673 = MECHANICAL_DESIGN_GEOMETRIC_PRESENTATION_REPRESENTATION (  '', ( #74 ), #4441 ) ;
#4674 = CARTESIAN_POINT ( 'NONE',  ( 3.853192632527818517, 0.09412262632961940212, -3.405877373670380681 ) ) ;
#4675 = LINE ( 'NONE', #3916, #3998 ) ;
#4676 = ORIENTED_EDGE ( 'NONE', *, *, #4469, .T. ) ;
#4677 = VECTOR ( 'NONE', #1831, 999.9999999999998863 ) ;
#4678 = ORIENTED_EDGE ( 'NONE', *, *, #4570, .T. ) ;
ENDSEC;
END-ISO-10303-21;
