ISO-10303-21;
HEADER;
FILE_DESCRIPTION (( 'STEP AP214' ),
    '1' );
FILE_NAME ('61301021821.STEP',
    '2025-11-28T09:29:23',
    ( '' ),
    ( '' ),
    'SwSTEP 2.0',
    'SolidWorks 2023',
    '' );
FILE_SCHEMA (( 'AUTOMOTIVE_DESIGN' ));
ENDSEC;

DATA;
#1 = FACE_OUTER_BOUND ( 'NONE', #2167, .T. ) ;
#2 = PRESENTATION_STYLE_ASSIGNMENT (( #5313 ) ) ;
#3 = DIRECTION ( 'NONE',  ( -1.239088197126290077E-15, 1.000000000000000000, 0.000000000000000000 ) ) ;
#4 = DIRECTION ( 'NONE',  ( 0.5773502691896270633, 0.5773502691896257311, 0.5773502691896246208 ) ) ;
#5 = SURFACE_SIDE_STYLE ('',( #6530 ) ) ;
#6 = VECTOR ( 'NONE', #2541, 1000.000000000000000 ) ;
#7 = SURFACE_SIDE_STYLE ('',( #5917 ) ) ;
#8 = ORIENTED_EDGE ( 'NONE', *, *, #513, .F. ) ;
#9 = EDGE_CURVE ( 'NONE', #854, #1298, #4869, .T. ) ;
#10 = SURFACE_SIDE_STYLE ('',( #7109 ) ) ;
#11 = VECTOR ( 'NONE', #4408, 1000.000000000000000 ) ;
#12 = SURFACE_STYLE_USAGE ( .BOTH. , #5806 ) ;
#13 = LINE ( 'NONE', #7586, #3323 ) ;
#14 = CARTESIAN_POINT ( 'NONE',  ( -1.539999999999999591, 1.620000000000000107, 3.750000000000000000 ) ) ;
#15 = SURFACE_STYLE_FILL_AREA ( #2935 ) ;
#16 = ORIENTED_EDGE ( 'NONE', *, *, #6736, .F. ) ;
#17 = AXIS2_PLACEMENT_3D ( 'NONE', #6166, #4334, #4862 ) ;
#18 = STYLED_ITEM ( 'NONE', ( #5307 ), #1573 ) ;
#19 = VERTEX_POINT ( 'NONE', #107 ) ;
#20 = EDGE_LOOP ( 'NONE', ( #5409, #5641, #5995, #4560 ) ) ;
#21 = SURFACE_SIDE_STYLE ('',( #1695 ) ) ;
#22 = FILL_AREA_STYLE_COLOUR ( '', #6351 ) ;
#23 = PRESENTATION_STYLE_ASSIGNMENT (( #1697 ) ) ;
#25 = EDGE_CURVE ( 'NONE', #5454, #6730, #5501, .T. ) ;
#24 = VECTOR ( 'NONE', #2874, 1000.000000000000000 ) ;
#26 = PRESENTATION_STYLE_ASSIGNMENT (( #6431 ) ) ;
#27 = SURFACE_SIDE_STYLE ('',( #5869 ) ) ;
#28 = CARTESIAN_POINT ( 'NONE',  ( 3.090000000000000302, -1.820000000000000062, 4.250000000000000000 ) ) ;
#29 = ORIENTED_EDGE ( 'NONE', *, *, #5061, .T. ) ;
#30 = ORIENTED_EDGE ( 'NONE', *, *, #6562, .F. ) ;
#31 =( LENGTH_UNIT ( ) NAMED_UNIT ( * ) SI_UNIT ( .MILLI., .METRE. ) );
#32 = DIRECTION ( 'NONE',  ( 0.000000000000000000, 0.000000000000000000, -1.000000000000000000 ) ) ;
#33 = CARTESIAN_POINT ( 'NONE',  ( -4.730000000000000426, -0.9200000000000000400, -12.25140600070190011 ) ) ;
#34 = ADVANCED_FACE ( 'NONE', ( #705 ), #6708, .F. ) ;
#35 = PRESENTATION_STYLE_ASSIGNMENT (( #5278 ) ) ;
#36 = AXIS2_PLACEMENT_3D ( 'NONE', #6722, #3222, #2613 ) ;
#37 = LINE ( 'NONE', #3034, #5983 ) ;
#38 = EDGE_CURVE ( 'NONE', #2546, #2872, #220, .T. ) ;
#39 = CARTESIAN_POINT ( 'NONE',  ( -0.1138737533966049792, 0.000000000000000000, -4.023197458950360073 ) ) ;
#40 = VECTOR ( 'NONE', #4501, 1000.000000000000000 ) ;
#41 = PRESENTATION_LAYER_ASSIGNMENT (  '', '', ( #1001 ) ) ;
#42 =( NAMED_UNIT ( * ) SI_UNIT ( $, .STERADIAN. ) SOLID_ANGLE_UNIT ( ) );
#43 = MECHANICAL_DESIGN_GEOMETRIC_PRESENTATION_REPRESENTATION (  '', ( #7183 ), #2118 ) ;
#44 = DIRECTION ( 'NONE',  ( -1.000000000000000000, 0.000000000000000000, 0.000000000000000000 ) ) ;
#45 = SURFACE_STYLE_FILL_AREA ( #5319 ) ;
#46 = LINE ( 'NONE', #4766, #1435 ) ;
#47 = AXIS2_PLACEMENT_3D ( 'NONE', #2142, #1128, #2943 ) ;
#48 = VECTOR ( 'NONE', #7217, 1000.000000000000000 ) ;
#49 =( GEOMETRIC_REPRESENTATION_CONTEXT ( 3 ) GLOBAL_UNCERTAINTY_ASSIGNED_CONTEXT ( ( #3818 ) ) GLOBAL_UNIT_ASSIGNED_CONTEXT ( ( #5775, #5051, #6855 ) ) REPRESENTATION_CONTEXT ( 'NONE', 'WORKASPACE' ) );
#50 = ORIENTED_EDGE ( 'NONE', *, *, #980, .F. ) ;
#51 = AXIS2_PLACEMENT_3D ( 'NONE', #3024, #5531, #7205 ) ;
#52 = SURFACE_STYLE_FILL_AREA ( #2210 ) ;
#53 = SHAPE_DEFINITION_REPRESENTATION ( #2750, #541 ) ;
#54 = VECTOR ( 'NONE', #6053, 1000.000000000000000 ) ;
#55 = EDGE_CURVE ( 'NONE', #792, #2213, #7209, .T. ) ;
#56 = CARTESIAN_POINT ( 'NONE',  ( 1.540000000000000036, -0.9200000000000000400, -3.449999999999999734 ) ) ;
#57 = DIRECTION ( 'NONE',  ( 0.000000000000000000, -0.7071067811865450192, -0.7071067811865500152 ) ) ;
#58 = EDGE_CURVE ( 'NONE', #5533, #7207, #3759, .T. ) ;
#59 = CARTESIAN_POINT ( 'NONE',  ( -4.080000000000000071, -4.170008355713480109E-16, 3.750000000000000000 ) ) ;
#60 = STYLED_ITEM ( 'NONE', ( #5885 ), #6104 ) ;
#61 = EDGE_LOOP ( 'NONE', ( #2557, #2134, #6460, #7479 ) ) ;
#62 = ORIENTED_EDGE ( 'NONE', *, *, #2325, .T. ) ;
#63 = VERTEX_POINT ( 'NONE', #3100 ) ;
#64 = MECHANICAL_DESIGN_GEOMETRIC_PRESENTATION_REPRESENTATION (  '', ( #6720 ), #5352 ) ;
#65 = PRESENTATION_STYLE_ASSIGNMENT (( #4059 ) ) ;
#66 = CARTESIAN_POINT ( 'NONE',  ( 3.540000000000000036, -0.9200000000000000400, -12.25140600070190011 ) ) ;
#67 = DIRECTION ( 'NONE',  ( -0.000000000000000000, -1.000000000000000000, 0.000000000000000000 ) ) ;
#68 = CYLINDRICAL_SURFACE ( 'NONE', #5442, 0.5529067033259800201 ) ;
#69 = CARTESIAN_POINT ( 'NONE',  ( 0.3543932267340400011, 1.626303258728260102E-16, 6.023317510942439945 ) ) ;
#70 = FILL_AREA_STYLE ('',( #4064 ) ) ;
#71 = FILL_AREA_STYLE_COLOUR ( '', #3722 ) ;
#72 = ORIENTED_EDGE ( 'NONE', *, *, #4226, .F. ) ;
#73 = CARTESIAN_POINT ( 'NONE',  ( 6.080000000000000071, -1.620000000000000107, -3.449999999999999734 ) ) ;
#74 = ORIENTED_EDGE ( 'NONE', *, *, #3751, .F. ) ;
#75 = DIRECTION ( 'NONE',  ( 0.02505097067657190840, 0.000000000000000000, -0.9996861751910753879 ) ) ;
#76 = SURFACE_STYLE_USAGE ( .BOTH. , #4150 ) ;
#77 =( NAMED_UNIT ( * ) PLANE_ANGLE_UNIT ( ) SI_UNIT ( $, .RADIAN. ) );
#78 =( NAMED_UNIT ( * ) PLANE_ANGLE_UNIT ( ) SI_UNIT ( $, .RADIAN. ) );
#79 = DIRECTION ( 'NONE',  ( 0.000000000000000000, -0.7071067811865450192, -0.7071067811865500152 ) ) ;
#80 = SURFACE_SIDE_STYLE ('',( #1904 ) ) ;
#81 = ORIENTED_EDGE ( 'NONE', *, *, #5900, .T. ) ;
#82 = VECTOR ( 'NONE', #5740, 1000.000000000000000 ) ;
#83 = CARTESIAN_POINT ( 'NONE',  ( 6.599999999999999645, -2.540000000000000036, -4.250000000000000000 ) ) ;
#84 = FILL_AREA_STYLE ('',( #5359 ) ) ;
#85 = DIRECTION ( 'NONE',  ( -0.9996861751910754990, 0.000000000000000000, -0.02505097067657191187 ) ) ;
#86 = MECHANICAL_DESIGN_GEOMETRIC_PRESENTATION_REPRESENTATION (  '', ( #5005 ), #4868 ) ;
#87 = VERTEX_POINT ( 'NONE', #5344 ) ;
#88 = FILL_AREA_STYLE_COLOUR ( '', #2248 ) ;
#89 = PRESENTATION_LAYER_ASSIGNMENT (  '', '', ( #3261 ) ) ;
#90 =( NAMED_UNIT ( * ) SI_UNIT ( $, .STERADIAN. ) SOLID_ANGLE_UNIT ( ) );
#91 = CONTEXT_DEPENDENT_SHAPE_REPRESENTATION ( #3550, #5088 ) ;
#92 = VECTOR ( 'NONE', #2944, 1000.000000000000000 ) ;
#93 = CARTESIAN_POINT ( 'NONE',  ( 3.540000000000000480, 1.620000000000000329, -3.449999999999999734 ) ) ;
#94 = CARTESIAN_POINT ( 'NONE',  ( 0.3819168425098897202, 0.4000000000000000222, 4.780491394004580563 ) ) ;
#95 = CARTESIAN_POINT ( 'NONE',  ( 5.429999999999999716, -1.620000000000000107, 3.750000000000000000 ) ) ;
#96 = ORIENTED_EDGE ( 'NONE', *, *, #5004, .F. ) ;
#97 = VERTEX_POINT ( 'NONE', #666 ) ;
#98 = ORIENTED_EDGE ( 'NONE', *, *, #7530, .T. ) ;
#99 = CARTESIAN_POINT ( 'NONE',  ( -0.1679208549823459906, 0.000000000000000000, 5.288875901474290764 ) ) ;
#100 = DIRECTION ( 'NONE',  ( -0.9996861751910754990, -0.000000000000000000, 0.02505097067657191187 ) ) ;
#101 =( LENGTH_UNIT ( ) NAMED_UNIT ( * ) SI_UNIT ( .MILLI., .METRE. ) );
#102 = AXIS2_PLACEMENT_3D ( 'NONE', #712, #5430, #4877 ) ;
#103 = FILL_AREA_STYLE ('',( #736 ) ) ;
#104 = FILL_AREA_STYLE_COLOUR ( '', #4838 ) ;
#105 = PLANE ( 'NONE',  #1550 ) ;
#106 = ORIENTED_EDGE ( 'NONE', *, *, #1802, .T. ) ;
#107 = CARTESIAN_POINT ( 'NONE',  ( -6.080000000000000071, -0.9199999999999998179, 3.750000000000000000 ) ) ;
#108 = VERTEX_POINT ( 'NONE', #73 ) ;
#109 = EDGE_CURVE ( 'NONE', #4556, #740, #3670, .T. ) ;
#110 =( LENGTH_UNIT ( ) NAMED_UNIT ( * ) SI_UNIT ( .MILLI., .METRE. ) );
#111 =( LENGTH_UNIT ( ) NAMED_UNIT ( * ) SI_UNIT ( .MILLI., .METRE. ) );
#112 = FACE_OUTER_BOUND ( 'NONE', #6694, .T. ) ;
#113 = DIRECTION ( 'NONE',  ( 0.000000000000000000, -1.000000000000000000, 0.000000000000000000 ) ) ;
#114 = PRESENTATION_STYLE_ASSIGNMENT (( #4152 ) ) ;
#115 = CARTESIAN_POINT ( 'NONE',  ( -3.540000000000000036, 1.620000000000000107, 3.750000000000000000 ) ) ;
#116 =( NAMED_UNIT ( * ) PLANE_ANGLE_UNIT ( ) SI_UNIT ( $, .RADIAN. ) );
#117 = CARTESIAN_POINT ( 'NONE',  ( -9.901406000701879151, -0.9200000000000000400, -3.450000000000000178 ) ) ;
#118 =( LENGTH_UNIT ( ) NAMED_UNIT ( * ) SI_UNIT ( .MILLI., .METRE. ) );
#119 = ADVANCED_FACE ( 'NONE', ( #742 ), #3384, .T. ) ;
#120 = DIRECTION ( 'NONE',  ( -1.000000000000000000, 0.000000000000000000, -0.000000000000000000 ) ) ;
#121 = DIRECTION ( 'NONE',  ( 0.000000000000000000, 1.000000000000000000, 0.000000000000000000 ) ) ;
#122 = ORIENTED_EDGE ( 'NONE', *, *, #920, .T. ) ;
#123 = ITEM_DEFINED_TRANSFORMATION ( 'NONE', 'NONE', #4374,  #4622 ) ;
#124 = CARTESIAN_POINT ( 'NONE',  ( -5.629999999999999893, -1.820000000000000062, 4.250000000000000000 ) ) ;
#125 = CARTESIAN_POINT ( 'NONE',  ( 0.3699999999999999400, 0.4000000000000000222, -0.05191018432148633566 ) ) ;
#126 = ADVANCED_FACE ( 'NONE', ( #5103 ), #5175, .T. ) ;
#127 = ORIENTED_EDGE ( 'NONE', *, *, #1792, .T. ) ;
#128 = ORIENTED_EDGE ( 'NONE', *, *, #2575, .T. ) ;
#129 = STYLED_ITEM ( 'NONE', ( #6536 ), #2884 ) ;
#130 = STYLED_ITEM ( 'NONE', ( #4301 ), #2400 ) ;
#131 = ORIENTED_EDGE ( 'NONE', *, *, #6759, .F. ) ;
#132 = FILL_AREA_STYLE ('',( #1162 ) ) ;
#133 = CARTESIAN_POINT ( 'NONE',  ( 4.730000000000000426, 0.9200000000000000400, -12.25140600070190011 ) ) ;
#134 = DIRECTION ( 'NONE',  ( -1.239088197126290077E-15, -1.000000000000000000, 0.000000000000000000 ) ) ;
#135 = DIRECTION ( 'NONE',  ( 0.000000000000000000, 0.000000000000000000, -1.000000000000000000 ) ) ;
#136 = PRESENTATION_STYLE_ASSIGNMENT (( #5416 ) ) ;
#137 = PRESENTATION_LAYER_ASSIGNMENT (  '', '', ( #3435 ) ) ;
#138 = PRESENTATION_LAYER_ASSIGNMENT (  '', '', ( #6668 ) ) ;
#139 = SURFACE_STYLE_FILL_AREA ( #7241 ) ;
#140 = ORIENTED_EDGE ( 'NONE', *, *, #3955, .T. ) ;
#141 = SURFACE_STYLE_USAGE ( .BOTH. , #183 ) ;
#142 = ORIENTED_EDGE ( 'NONE', *, *, #3446, .F. ) ;
#143 = DIRECTION ( 'NONE',  ( 0.000000000000000000, -0.000000000000000000, -1.000000000000000000 ) ) ;
#144 =( GEOMETRIC_REPRESENTATION_CONTEXT ( 3 ) GLOBAL_UNCERTAINTY_ASSIGNED_CONTEXT ( ( #1099 ) ) GLOBAL_UNIT_ASSIGNED_CONTEXT ( ( #192, #2563, #1819 ) ) REPRESENTATION_CONTEXT ( 'NONE', 'WORKASPACE' ) );
#145 = PRESENTATION_STYLE_ASSIGNMENT (( #749 ) ) ;
#146 = FACE_OUTER_BOUND ( 'NONE', #4642, .T. ) ;
#147 = CARTESIAN_POINT ( 'NONE',  ( -6.599999999999999645, 2.540000000000000036, 4.250000000000000000 ) ) ;
#148 = LINE ( 'NONE', #3677, #7249 ) ;
#149 = ADVANCED_FACE ( 'NONE', ( #6282 ), #2126, .F. ) ;
#150 = EDGE_CURVE ( 'NONE', #3508, #7407, #7505, .T. ) ;
#151 = VECTOR ( 'NONE', #5366, 1000.000000000000000 ) ;
#152 = VERTEX_POINT ( 'NONE', #5966 ) ;
#153 = STYLED_ITEM ( 'NONE', ( #617 ), #1770 ) ;
#154 = AXIS2_PLACEMENT_3D ( 'NONE', #272, #1416, #3770 ) ;
#155 = SURFACE_SIDE_STYLE ('',( #7141 ) ) ;
#156 = STYLED_ITEM ( 'NONE', ( #433 ), #4146 ) ;
#157 = COLOUR_RGB ( '',0.2000000000000000111, 0.2000000000000000111, 0.2000000000000000111 ) ;
#158 = LINE ( 'NONE', #4967, #1988 ) ;
#159 = DIRECTION ( 'NONE',  ( 1.239088197126290077E-15, -1.000000000000000000, -0.000000000000000000 ) ) ;
#160 = PLANE ( 'NONE',  #6328 ) ;
#161 = AXIS2_PLACEMENT_3D ( 'NONE', #6913, #3857, #6240 ) ;
#162 = ORIENTED_EDGE ( 'NONE', *, *, #4776, .F. ) ;
#163 =( GEOMETRIC_REPRESENTATION_CONTEXT ( 3 ) GLOBAL_UNCERTAINTY_ASSIGNED_CONTEXT ( ( #4807 ) ) GLOBAL_UNIT_ASSIGNED_CONTEXT ( ( #4331, #2548, #6624 ) ) REPRESENTATION_CONTEXT ( 'NONE', 'WORKASPACE' ) );
#164 = DIRECTION ( 'NONE',  ( 1.000000000000000000, 1.239088197126290077E-15, 1.377868836128689948E-31 ) ) ;
#165 = LINE ( 'NONE', #2624, #4941 ) ;
#166 = PRESENTATION_LAYER_ASSIGNMENT (  '', '', ( #3132 ) ) ;
#167 = MECHANICAL_DESIGN_GEOMETRIC_PRESENTATION_REPRESENTATION (  '', ( #3723 ), #1008 ) ;
#168 = DIRECTION ( 'NONE',  ( -0.2451003951954431326, 0.000000000000000000, 0.9694977030787836902 ) ) ;
#169 = AXIS2_PLACEMENT_3D ( 'NONE', #4093, #5362, #1761 ) ;
#170 = ORIENTED_EDGE ( 'NONE', *, *, #5219, .T. ) ;
#171 = EDGE_LOOP ( 'NONE', ( #1827, #3202, #5169, #2152 ) ) ;
#172 = AXIS2_PLACEMENT_3D ( 'NONE', #481, #6367, #1738 ) ;
#173 = ORIENTED_EDGE ( 'NONE', *, *, #7065, .T. ) ;
#174 = CARTESIAN_POINT ( 'NONE',  ( -1.990000000000000435, -2.540000000000000036, 4.250000000000000000 ) ) ;
#175 = AXIS2_PLACEMENT_3D ( 'NONE', #2683, #4342, #6218 ) ;
#176 = EDGE_CURVE ( 'NONE', #5345, #3945, #6504, .T. ) ;
#177 = PRESENTATION_STYLE_ASSIGNMENT (( #6626 ) ) ;
#178 = CARTESIAN_POINT ( 'NONE',  ( -0.3499999999999999778, -1.620000000000000107, -12.25140600070190011 ) ) ;
#179 = PRESENTATION_STYLE_ASSIGNMENT (( #5530 ) ) ;
#180 = COLOUR_RGB ( '',0.2000000000000000111, 0.2000000000000000111, 0.2000000000000000111 ) ;
#181 = CARTESIAN_POINT ( 'NONE',  ( -4.080000000000000071, -1.620000000000000107, 3.750000000000000000 ) ) ;
#182 = ORIENTED_EDGE ( 'NONE', *, *, #549, .T. ) ;
#183 = SURFACE_SIDE_STYLE ('',( #1289 ) ) ;
#184 = VERTEX_POINT ( 'NONE', #4740 ) ;
#185 = MECHANICAL_DESIGN_GEOMETRIC_PRESENTATION_REPRESENTATION (  '', ( #5608 ), #4003 ) ;
#186 = FILL_AREA_STYLE_COLOUR ( '', #6929 ) ;
#187 = EDGE_CURVE ( 'NONE', #3508, #4810, #6419, .T. ) ;
#188 = FILL_AREA_STYLE_COLOUR ( '', #6715 ) ;
#189 = DIRECTION ( 'NONE',  ( 0.000000000000000000, -1.000000000000000000, -1.112002228190259966E-16 ) ) ;
#190 = SURFACE_SIDE_STYLE ('',( #6098 ) ) ;
#191 = AXIS2_PLACEMENT_3D ( 'NONE', #5776, #398, #7422 ) ;
#192 =( LENGTH_UNIT ( ) NAMED_UNIT ( * ) SI_UNIT ( .MILLI., .METRE. ) );
#193 = ORIENTED_EDGE ( 'NONE', *, *, #3149, .F. ) ;
#194 = ADVANCED_FACE ( 'NONE', ( #1187 ), #1800, .F. ) ;
#195 =( NAMED_UNIT ( * ) SI_UNIT ( $, .STERADIAN. ) SOLID_ANGLE_UNIT ( ) );
#196 = EDGE_CURVE ( 'NONE', #6893, #5333, #5999, .T. ) ;
#197 = DIRECTION ( 'NONE',  ( -1.000000000000000000, 0.000000000000000000, 0.000000000000000000 ) ) ;
#198 = SURFACE_STYLE_USAGE ( .BOTH. , #1328 ) ;
#199 = VERTEX_POINT ( 'NONE', #5257 ) ;
#200 = EDGE_CURVE ( 'NONE', #1778, #4491, #6537, .T. ) ;
#201 = DIRECTION ( 'NONE',  ( 0.000000000000000000, 0.000000000000000000, -1.000000000000000000 ) ) ;
#202 = CARTESIAN_POINT ( 'NONE',  ( -2.189999999999999947, 0.9200000000000000400, -12.25140600070190011 ) ) ;
#203 = CARTESIAN_POINT ( 'NONE',  ( -5.429999999999999716, -1.620000000000000107, -12.25140600070190011 ) ) ;
#204 = SURFACE_SIDE_STYLE ('',( #2458 ) ) ;
#205 = PRESENTATION_STYLE_ASSIGNMENT (( #7035 ) ) ;
#206 = UNCERTAINTY_MEASURE_WITH_UNIT (LENGTH_MEASURE( 1.000000000000000082E-05 ), #6723, 'distance_accuracy_value', 'NONE');
#207 = DIRECTION ( 'NONE',  ( -0.7071067811865461294, 0.000000000000000000, -0.7071067811865490160 ) ) ;
#208 = ORIENTED_EDGE ( 'NONE', *, *, #7130, .F. ) ;
#209 = ORIENTED_EDGE ( 'NONE', *, *, #5625, .T. ) ;
#210 = VERTEX_POINT ( 'NONE', #95 ) ;
#211 = MECHANICAL_DESIGN_GEOMETRIC_PRESENTATION_REPRESENTATION (  '', ( #6630 ), #1673 ) ;
#212 = FACE_OUTER_BOUND ( 'NONE', #3141, .T. ) ;
#213 = FILL_AREA_STYLE_COLOUR ( '', #6324 ) ;
#214 = CARTESIAN_POINT ( 'NONE',  ( -4.080000000000000071, 1.620000000000000107, -12.25140600070190011 ) ) ;
#215 =( LENGTH_UNIT ( ) NAMED_UNIT ( * ) SI_UNIT ( .MILLI., .METRE. ) );
#216 = FACE_OUTER_BOUND ( 'NONE', #4907, .T. ) ;
#217 = STYLED_ITEM ( 'NONE', ( #1991 ), #586 ) ;
#218 =( NAMED_UNIT ( * ) PLANE_ANGLE_UNIT ( ) SI_UNIT ( $, .RADIAN. ) );
#219 = ORIENTED_EDGE ( 'NONE', *, *, #5243, .T. ) ;
#220 = LINE ( 'NONE', #4825, #6132 ) ;
#221 = ORIENTED_EDGE ( 'NONE', *, *, #2031, .T. ) ;
#222 =( GEOMETRIC_REPRESENTATION_CONTEXT ( 3 ) GLOBAL_UNCERTAINTY_ASSIGNED_CONTEXT ( ( #5680 ) ) GLOBAL_UNIT_ASSIGNED_CONTEXT ( ( #2814, #6875, #4502 ) ) REPRESENTATION_CONTEXT ( 'NONE', 'WORKASPACE' ) );
#223 = DIRECTION ( 'NONE',  ( 0.000000000000000000, 0.7071067811865455743, -0.7071067811865495711 ) ) ;
#224 = SURFACE_STYLE_USAGE ( .BOTH. , #2446 ) ;
#225 = SURFACE_SIDE_STYLE ('',( #6021 ) ) ;
#226 =( NAMED_UNIT ( * ) PLANE_ANGLE_UNIT ( ) SI_UNIT ( $, .RADIAN. ) );
#227 = EDGE_CURVE ( 'NONE', #5074, #3509, #3463, .T. ) ;
#228 = EDGE_CURVE ( 'NONE', #6482, #199, #611, .T. ) ;
#229 = PRODUCT ( '61301021821', '61301021821', '', ( #1182 ) ) ;
#230 = ORIENTED_EDGE ( 'NONE', *, *, #3998, .F. ) ;
#231 = CIRCLE ( 'NONE', #2552, 0.08882474621664526726 ) ;
#232 = ADVANCED_FACE ( 'NONE', ( #2971, #2391, #1157, #3618, #688, #3504, #548, #2314, #7589, #5893, #579 ), #2279, .T. ) ;
#233 = DIRECTION ( 'NONE',  ( -1.000000000000000000, 1.239088197126290077E-15, 1.377868836128689948E-31 ) ) ;
#234 = PLANE ( 'NONE',  #5830 ) ;
#235 = ORIENTED_EDGE ( 'NONE', *, *, #6655, .F. ) ;
#236 = CARTESIAN_POINT ( 'NONE',  ( 6.599999999999999645, -1.949999999999999956, 4.250000000000000000 ) ) ;
#237 = CARTESIAN_POINT ( 'NONE',  ( 5.429999999999998828, -2.540000000000000036, 4.050000000000000711 ) ) ;
#238 = CARTESIAN_POINT ( 'NONE',  ( 0.3819168425098897202, 0.4000000000000000222, 4.780491394004580563 ) ) ;
#239 =( NAMED_UNIT ( * ) PLANE_ANGLE_UNIT ( ) SI_UNIT ( $, .RADIAN. ) );
#240 = EDGE_CURVE ( 'NONE', #4411, #2692, #4401, .T. ) ;
#241 = EDGE_CURVE ( 'NONE', #6519, #3465, #726, .T. ) ;
#242 = ORIENTED_EDGE ( 'NONE', *, *, #5243, .F. ) ;
#243 = ORIENTED_EDGE ( 'NONE', *, *, #5669, .F. ) ;
#244 = ORIENTED_EDGE ( 'NONE', *, *, #3523, .F. ) ;
#245 = FACE_BOUND ( 'NONE', #3195, .T. ) ;
#246 = FILL_AREA_STYLE ('',( #7268 ) ) ;
#247 = FILL_AREA_STYLE ('',( #2551 ) ) ;
#248 = DIRECTION ( 'NONE',  ( -0.000000000000000000, 1.000000000000000000, 1.112002228190259966E-16 ) ) ;
#249 = DIRECTION ( 'NONE',  ( 0.000000000000000000, -1.000000000000000000, 0.000000000000000000 ) ) ;
#250 = ORIENTED_EDGE ( 'NONE', *, *, #382, .F. ) ;
#251 = CIRCLE ( 'NONE', #4549, 0.5529067033259800201 ) ;
#252 = ORIENTED_EDGE ( 'NONE', *, *, #3015, .F. ) ;
#253 = ORIENTED_EDGE ( 'NONE', *, *, #718, .T. ) ;
#254 = ADVANCED_FACE ( 'NONE', ( #6195 ), #1340, .T. ) ;
#255 = DIRECTION ( 'NONE',  ( 0.000000000000000000, 0.000000000000000000, 1.000000000000000000 ) ) ;
#256 = CARTESIAN_POINT ( 'NONE',  ( -6.599999999999999645, -1.619999999999998996, 4.050000000000000711 ) ) ;
#257 = DIRECTION ( 'NONE',  ( 0.000000000000000000, -1.000000000000000000, 0.000000000000000000 ) ) ;
#258 = MECHANICAL_DESIGN_GEOMETRIC_PRESENTATION_REPRESENTATION (  '', ( #4922 ), #1345 ) ;
#259 = COLOUR_RGB ( '',0.2000000000000000111, 0.2000000000000000111, 0.2000000000000000111 ) ;
#260 =( NAMED_UNIT ( * ) PLANE_ANGLE_UNIT ( ) SI_UNIT ( $, .RADIAN. ) );
#261 = CARTESIAN_POINT ( 'NONE',  ( -0.8932477478277009997, 0.4000000000000000222, 0.4035344174496410252 ) ) ;
#262 = FILL_AREA_STYLE_COLOUR ( '', #3915 ) ;
#263 = ORIENTED_EDGE ( 'NONE', *, *, #2468, .F. ) ;
#264 = VECTOR ( 'NONE', #825, 1000.000000000000000 ) ;
#265 = VECTOR ( 'NONE', #5507, 1000.000000000000000 ) ;
#266 = PRODUCT_RELATED_PRODUCT_CATEGORY ( 'part', '', ( #7445 ) ) ;
#267 = PRESENTATION_STYLE_ASSIGNMENT (( #1412 ) ) ;
#268 = SURFACE_STYLE_FILL_AREA ( #842 ) ;
#269 = EDGE_CURVE ( 'NONE', #6725, #5286, #3817, .T. ) ;
#270 = VECTOR ( 'NONE', #2681, 1000.000000000000000 ) ;
#271 = AXIS2_PLACEMENT_3D ( 'NONE', #2174, #5112, #3426 ) ;
#272 = CARTESIAN_POINT ( 'NONE',  ( -5.629999999999999893, -2.540000000000000036, 4.250000000000000000 ) ) ;
#273 = VECTOR ( 'NONE', #1946, 1000.000000000000000 ) ;
#274 = ORIENTED_EDGE ( 'NONE', *, *, #5503, .T. ) ;
#275 = VECTOR ( 'NONE', #2738, 1000.000000000000000 ) ;
#276 = CIRCLE ( 'NONE', #2972, 0.1999999999999999001 ) ;
#277 = FILL_AREA_STYLE ('',( #3183 ) ) ;
#278 = UNCERTAINTY_MEASURE_WITH_UNIT (LENGTH_MEASURE( 1.000000000000000082E-05 ), #3660, 'distance_accuracy_value', 'NONE');
#279 =( GEOMETRIC_REPRESENTATION_CONTEXT ( 3 ) GLOBAL_UNCERTAINTY_ASSIGNED_CONTEXT ( ( #4980 ) ) GLOBAL_UNIT_ASSIGNED_CONTEXT ( ( #6787, #5585, #6174 ) ) REPRESENTATION_CONTEXT ( 'NONE', 'WORKASPACE' ) );
#280 = CARTESIAN_POINT ( 'NONE',  ( -0.3700000000000003841, 0.4000000000000000222, -3.482642567711101478 ) ) ;
#281 = ITEM_DEFINED_TRANSFORMATION ( 'NONE', 'NONE', #6241,  #4622 ) ;
#282 = LINE ( 'NONE', #4430, #1214 ) ;
#283 = FILL_AREA_STYLE ('',( #1917 ) ) ;
#284 = FACE_OUTER_BOUND ( 'NONE', #3631, .T. ) ;
#285 = MECHANICAL_DESIGN_GEOMETRIC_PRESENTATION_REPRESENTATION (  '', ( #1496 ), #5840 ) ;
#286 = UNCERTAINTY_MEASURE_WITH_UNIT (LENGTH_MEASURE( 1.000000000000000082E-05 ), #4211, 'distance_accuracy_value', 'NONE');
#287 = MECHANICAL_DESIGN_GEOMETRIC_PRESENTATION_REPRESENTATION (  '', ( #3220 ), #3110 ) ;
#288 = CARTESIAN_POINT ( 'NONE',  ( -6.599999999999999645, -1.820000000000000062, 4.250000000000000000 ) ) ;
#289 = ORIENTED_EDGE ( 'NONE', *, *, #3470, .F. ) ;
#290 = MECHANICAL_DESIGN_GEOMETRIC_PRESENTATION_REPRESENTATION (  '', ( #761 ), #6702 ) ;
#291 = ORIENTED_EDGE ( 'NONE', *, *, #914, .T. ) ;
#292 = LINE ( 'NONE', #782, #525 ) ;
#293 = VECTOR ( 'NONE', #6055, 1000.000000000000000 ) ;
#294 = PLANE ( 'NONE',  #2859 ) ;
#295 = LINE ( 'NONE', #6813, #320 ) ;
#296 =( NAMED_UNIT ( * ) SI_UNIT ( $, .STERADIAN. ) SOLID_ANGLE_UNIT ( ) );
#297 = ADVANCED_FACE ( 'NONE', ( #3047 ), #7301, .F. ) ;
#298 = VECTOR ( 'NONE', #1181, 1000.000000000000000 ) ;
#299 = SURFACE_STYLE_FILL_AREA ( #5571 ) ;
#300 =( NAMED_UNIT ( * ) PLANE_ANGLE_UNIT ( ) SI_UNIT ( $, .RADIAN. ) );
#301 = DIRECTION ( 'NONE',  ( 0.000000000000000000, -1.000000000000000000, -0.000000000000000000 ) ) ;
#302 = VECTOR ( 'NONE', #5711, 1000.000000000000000 ) ;
#303 = MECHANICAL_DESIGN_GEOMETRIC_PRESENTATION_REPRESENTATION (  '', ( #4353 ), #4832 ) ;
#304 = ORIENTED_EDGE ( 'NONE', *, *, #1802, .F. ) ;
#305 = VERTEX_POINT ( 'NONE', #6243 ) ;
#306 = ORIENTED_EDGE ( 'NONE', *, *, #6992, .F. ) ;
#307 = SURFACE_STYLE_USAGE ( .BOTH. , #6664 ) ;
#308 = CARTESIAN_POINT ( 'NONE',  ( -2.890000000000000124, -1.620000000000000107, 3.750000000000000000 ) ) ;
#309 = LINE ( 'NONE', #867, #1737 ) ;
#310 = STYLED_ITEM ( 'NONE', ( #5692 ), #4895 ) ;
#311 = CARTESIAN_POINT ( 'NONE',  ( -2.890000000000000124, 1.620000000000000107, 3.750000000000000000 ) ) ;
#312 = DIRECTION ( 'NONE',  ( -1.000000000000000000, 0.000000000000000000, -0.000000000000000000 ) ) ;
#313 =( GEOMETRIC_REPRESENTATION_CONTEXT ( 3 ) GLOBAL_UNCERTAINTY_ASSIGNED_CONTEXT ( ( #4592 ) ) GLOBAL_UNIT_ASSIGNED_CONTEXT ( ( #413, #5185, #3947 ) ) REPRESENTATION_CONTEXT ( 'NONE', 'WORKASPACE' ) );
#314 = ORIENTED_EDGE ( 'NONE', *, *, #2785, .F. ) ;
#315 = STYLED_ITEM ( 'NONE', ( #6121 ), #5960 ) ;
#316 = DIRECTION ( 'NONE',  ( 0.000000000000000000, -1.112002228190259966E-16, 1.000000000000000000 ) ) ;
#317 = CARTESIAN_POINT ( 'NONE',  ( -9.901406000701879151, 1.620000000000000329, -3.449999999999999734 ) ) ;
#318 = DIRECTION ( 'NONE',  ( 0.5773502691896279515, -0.5773502691896252870, -0.5773502691896241767 ) ) ;
#319 =( NAMED_UNIT ( * ) SI_UNIT ( $, .STERADIAN. ) SOLID_ANGLE_UNIT ( ) );
#320 = VECTOR ( 'NONE', #1506, 1000.000000000000000 ) ;
#321 = EDGE_CURVE ( 'NONE', #4169, #3376, #2155, .T. ) ;
#322 = VERTEX_POINT ( 'NONE', #1495 ) ;
#323 = SURFACE_SIDE_STYLE ('',( #3229 ) ) ;
#324 = DIRECTION ( 'NONE',  ( -0.000000000000000000, 0.000000000000000000, 1.000000000000000000 ) ) ;
#325 = CARTESIAN_POINT ( 'NONE',  ( -1.539999999999999591, -0.9200000000000000400, 3.750000000000000000 ) ) ;
#326 = FACE_OUTER_BOUND ( 'NONE', #5578, .T. ) ;
#327 = SURFACE_SIDE_STYLE ('',( #4512 ) ) ;
#328 = ORIENTED_EDGE ( 'NONE', *, *, #3996, .T. ) ;
#329 = CARTESIAN_POINT ( 'NONE',  ( -2.890000000000000124, -0.9200000000000000400, 3.750000000000000000 ) ) ;
#330 = CARTESIAN_POINT ( 'NONE',  ( 0.3500000000000003664, -2.540000000000000036, 4.050000000000000711 ) ) ;
#331 = SURFACE_SIDE_STYLE ('',( #7471 ) ) ;
#332 = LINE ( 'NONE', #4520, #4606 ) ;
#333 = FILL_AREA_STYLE ('',( #7319 ) ) ;
#334 = VERTEX_POINT ( 'NONE', #3235 ) ;
#335 = ORIENTED_EDGE ( 'NONE', *, *, #1943, .T. ) ;
#336 = ORIENTED_EDGE ( 'NONE', *, *, #833, .F. ) ;
#337 = CARTESIAN_POINT ( 'NONE',  ( 0.5500000000000010436, -2.540000000000000036, 4.250000000000000000 ) ) ;
#338 = DIRECTION ( 'NONE',  ( -0.000000000000000000, 0.000000000000000000, 1.000000000000000000 ) ) ;
#339 = CARTESIAN_POINT ( 'NONE',  ( -0.5499999999999992673, -2.540000000000000036, 4.250000000000000000 ) ) ;
#340 = FACE_OUTER_BOUND ( 'NONE', #368, .T. ) ;
#341 = COLOUR_RGB ( '',0.2000000000000000111, 0.2000000000000000111, 0.2000000000000000111 ) ;
#342 = CARTESIAN_POINT ( 'NONE',  ( -3.539999999999999591, 0.9200000000000002620, -3.449999999999999734 ) ) ;
#343 = DIRECTION ( 'NONE',  ( 0.000000000000000000, -1.000000000000000000, 0.000000000000000000 ) ) ;
#344 =( LENGTH_UNIT ( ) NAMED_UNIT ( * ) SI_UNIT ( .MILLI., .METRE. ) );
#345 = ORIENTED_EDGE ( 'NONE', *, *, #3721, .T. ) ;
#346 = ADVANCED_FACE ( 'NONE', ( #7385 ), #5684, .F. ) ;
#347 = CARTESIAN_POINT ( 'NONE',  ( 0.3500000000000009770, 0.9200000000000000400, -12.25140600070190011 ) ) ;
#348 = DIRECTION ( 'NONE',  ( -0.000000000000000000, 1.000000000000000000, 0.000000000000000000 ) ) ;
#349 = SURFACE_STYLE_FILL_AREA ( #2100 ) ;
#350 =( GEOMETRIC_REPRESENTATION_CONTEXT ( 3 ) GLOBAL_UNCERTAINTY_ASSIGNED_CONTEXT ( ( #1490 ) ) GLOBAL_UNIT_ASSIGNED_CONTEXT ( ( #6298, #6841, #3370 ) ) REPRESENTATION_CONTEXT ( 'NONE', 'WORKASPACE' ) );
#351 = FILL_AREA_STYLE ('',( #5082 ) ) ;
#352 = ORIENTED_EDGE ( 'NONE', *, *, #2341, .T. ) ;
#353 = PRODUCT_DEFINITION_SHAPE ( 'NONE', 'NONE',  #7638 ) ;
#354 = ADVANCED_FACE ( 'NONE', ( #326 ), #6306, .F. ) ;
#355 = CARTESIAN_POINT ( 'NONE',  ( -2.189999999999999947, -1.620000000000000107, -12.25140600070190011 ) ) ;
#356 = CARTESIAN_POINT ( 'NONE',  ( 2.189999999999999947, -0.9200000000000000400, 3.750000000000000000 ) ) ;
#357 = SURFACE_STYLE_USAGE ( .BOTH. , #5767 ) ;
#358 = UNCERTAINTY_MEASURE_WITH_UNIT (LENGTH_MEASURE( 1.000000000000000082E-05 ), #7148, 'distance_accuracy_value', 'NONE');
#359 = ORIENTED_EDGE ( 'NONE', *, *, #3221, .F. ) ;
#360 = SURFACE_STYLE_USAGE ( .BOTH. , #6350 ) ;
#361 = CARTESIAN_POINT ( 'NONE',  ( 2.540000000000000036, 1.070000000000000062, -3.326802541049640016 ) ) ;
#362 = LINE ( 'NONE', #472, #987 ) ;
#363 = FILL_AREA_STYLE_COLOUR ( '', #6615 ) ;
#364 = DIRECTION ( 'NONE',  ( 1.000000000000000000, 0.000000000000000000, -0.000000000000000000 ) ) ;
#365 = SURFACE_SIDE_STYLE ('',( #4381 ) ) ;
#366 = ORIENTED_EDGE ( 'NONE', *, *, #2860, .T. ) ;
#367 = EDGE_LOOP ( 'NONE', ( #4147, #1813, #1272, #6510 ) ) ;
#368 = EDGE_LOOP ( 'NONE', ( #864, #3399, #456, #1377, #1733, #3864, #3538, #1840 ) ) ;
#369 = CARTESIAN_POINT ( 'NONE',  ( 2.189999999999999947, 1.620000000000000107, 3.750000000000000000 ) ) ;
#370 = FILL_AREA_STYLE ('',( #5582 ) ) ;
#371 = SURFACE_STYLE_USAGE ( .BOTH. , #3762 ) ;
#372 = CARTESIAN_POINT ( 'NONE',  ( 2.189999999999999947, -1.620000000000000107, 3.750000000000000000 ) ) ;
#373 = SURFACE_SIDE_STYLE ('',( #6327 ) ) ;
#374 = SURFACE_STYLE_USAGE ( .BOTH. , #5667 ) ;
#375 = AXIS2_PLACEMENT_3D ( 'NONE', #6613, #1382, #4770 ) ;
#376 = CYLINDRICAL_SURFACE ( 'NONE', #2129, 0.5529067033259800201 ) ;
#377 = CARTESIAN_POINT ( 'NONE',  ( -3.089999999999999414, 0.7200000000000009726, 4.250000000000000000 ) ) ;
#378 = EDGE_LOOP ( 'NONE', ( #3657, #6594, #5562, #6586 ) ) ;
#379 = LINE ( 'NONE', #2725, #1970 ) ;
#380 = MECHANICAL_DESIGN_GEOMETRIC_PRESENTATION_REPRESENTATION (  '', ( #3308 ), #2954 ) ;
#381 = EDGE_CURVE ( 'NONE', #2712, #562, #2783, .T. ) ;
#382 = EDGE_CURVE ( 'NONE', #6264, #108, #3976, .T. ) ;
#383 = LINE ( 'NONE', #5599, #2181 ) ;
#384 = STYLED_ITEM ( 'NONE', ( #7046 ), #3377 ) ;
#385 = AXIS2_PLACEMENT_3D ( 'NONE', #3787, #6164, #134 ) ;
#386 = VERTEX_POINT ( 'NONE', #3006 ) ;
#387 = AXIS2_PLACEMENT_3D ( 'NONE', #6035, #4890, #7229 ) ;
#388 = CIRCLE ( 'NONE', #4692, 0.08819660112501069571 ) ;
#389 = DIRECTION ( 'NONE',  ( -0.000000000000000000, 1.000000000000000000, 0.000000000000000000 ) ) ;
#390 = DIRECTION ( 'NONE',  ( 0.000000000000000000, 1.000000000000000000, 0.000000000000000000 ) ) ;
#391 = SURFACE_SIDE_STYLE ('',( #3862 ) ) ;
#392 = SURFACE_SIDE_STYLE ('',( #6158 ) ) ;
#393 = CIRCLE ( 'NONE', #1854, 0.5529067033259800201 ) ;
#394 =( GEOMETRIC_REPRESENTATION_CONTEXT ( 3 ) GLOBAL_UNCERTAINTY_ASSIGNED_CONTEXT ( ( #2038 ) ) GLOBAL_UNIT_ASSIGNED_CONTEXT ( ( #2356, #7087, #4104 ) ) REPRESENTATION_CONTEXT ( 'NONE', 'WORKASPACE' ) );
#395 = VERTEX_POINT ( 'NONE', #3530 ) ;
#396 = VECTOR ( 'NONE', #6919, 1000.000000000000000 ) ;
#397 = LINE ( 'NONE', #2746, #5593 ) ;
#398 = DIRECTION ( 'NONE',  ( 0.000000000000000000, 0.000000000000000000, 1.000000000000000000 ) ) ;
#399 = FILL_AREA_STYLE_COLOUR ( '', #983 ) ;
#400 = COLOUR_RGB ( '',0.2000000000000000111, 0.2000000000000000111, 0.2000000000000000111 ) ;
#401 = PRESENTATION_LAYER_ASSIGNMENT (  '', '', ( #2230 ) ) ;
#402 = DIRECTION ( 'NONE',  ( 0.9979513697968032115, 0.000000000000000000, 0.06397705464214724358 ) ) ;
#403 = CARTESIAN_POINT ( 'NONE',  ( -0.3499999999999999778, 1.620000000000000107, -12.25140600070190011 ) ) ;
#404 = STYLED_ITEM ( 'NONE', ( #145 ), #6398 ) ;
#405 = PLANE ( 'NONE',  #5640 ) ;
#406 = ORIENTED_EDGE ( 'NONE', *, *, #6151, .T. ) ;
#407 = ORIENTED_EDGE ( 'NONE', *, *, #2882, .F. ) ;
#408 = PRESENTATION_LAYER_ASSIGNMENT (  '', '', ( #4815 ) ) ;
#409 = ORIENTED_EDGE ( 'NONE', *, *, #2535, .T. ) ;
#410 = EDGE_CURVE ( 'NONE', #5936, #322, #7614, .T. ) ;
#411 = PRESENTATION_STYLE_ASSIGNMENT (( #5110 ) ) ;
#412 = MECHANICAL_DESIGN_GEOMETRIC_PRESENTATION_REPRESENTATION (  '', ( #4819 ), #163 ) ;
#413 =( LENGTH_UNIT ( ) NAMED_UNIT ( * ) SI_UNIT ( .MILLI., .METRE. ) );
#414 = FACE_OUTER_BOUND ( 'NONE', #2974, .T. ) ;
#415 = PRESENTATION_STYLE_ASSIGNMENT (( #1524 ) ) ;
#416 = LINE ( 'NONE', #5073, #5274 ) ;
#417 = PRODUCT_DEFINITION_SHAPE ( 'NONE', 'NONE',  #7639 ) ;
#418 = VERTEX_POINT ( 'NONE', #3564 ) ;
#419 = ADVANCED_FACE ( 'NONE', ( #3452 ), #5389, .T. ) ;
#420 = AXIS2_PLACEMENT_3D ( 'NONE', #2562, #7250, #838 ) ;
#421 = DIRECTION ( 'NONE',  ( 0.000000000000000000, 0.7071067811865500152, 0.7071067811865450192 ) ) ;
#422 = SURFACE_STYLE_FILL_AREA ( #3291 ) ;
#423 = UNCERTAINTY_MEASURE_WITH_UNIT (LENGTH_MEASURE( 1.000000000000000082E-05 ), #7220, 'distance_accuracy_value', 'NONE');
#424 = VECTOR ( 'NONE', #1452, 1000.000000000000000 ) ;
#425 = SURFACE_STYLE_USAGE ( .BOTH. , #2694 ) ;
#426 = DIRECTION ( 'NONE',  ( -0.7071067811865489050, 0.000000000000000000, -0.7071067811865460184 ) ) ;
#427 = STYLED_ITEM ( 'NONE', ( #6196 ), #6052 ) ;
#428 = VECTOR ( 'NONE', #5866, 1000.000000000000000 ) ;
#429 = EDGE_CURVE ( 'NONE', #3250, #5792, #639, .T. ) ;
#430 = ORIENTED_EDGE ( 'NONE', *, *, #3014, .F. ) ;
#431 = EDGE_CURVE ( 'NONE', #4314, #841, #2539, .T. ) ;
#432 = UNCERTAINTY_MEASURE_WITH_UNIT (LENGTH_MEASURE( 1.000000000000000082E-05 ), #4702, 'distance_accuracy_value', 'NONE');
#433 = PRESENTATION_STYLE_ASSIGNMENT (( #6343 ) ) ;
#434 = LINE ( 'NONE', #2075, #4209 ) ;
#435 =( LENGTH_UNIT ( ) NAMED_UNIT ( * ) SI_UNIT ( .MILLI., .METRE. ) );
#436 = UNCERTAINTY_MEASURE_WITH_UNIT (LENGTH_MEASURE( 1.000000000000000082E-05 ), #6557, 'distance_accuracy_value', 'NONE');
#437 = DIRECTION ( 'NONE',  ( 0.000000000000000000, 0.7071067811865500152, -0.7071067811865450192 ) ) ;
#438 = ORIENTED_EDGE ( 'NONE', *, *, #4266, .F. ) ;
#439 = DIRECTION ( 'NONE',  ( 1.000000000000000000, 0.000000000000000000, 0.000000000000000000 ) ) ;
#440 = CARTESIAN_POINT ( 'NONE',  ( 0.3699999999999998845, 0.4000000000000000222, -3.482642567711100146 ) ) ;
#441 =( NAMED_UNIT ( * ) SI_UNIT ( $, .STERADIAN. ) SOLID_ANGLE_UNIT ( ) );
#442 = CARTESIAN_POINT ( 'NONE',  ( -4.080000000000000071, -0.9200000000000000400, -3.449999999999999734 ) ) ;
#443 = VERTEX_POINT ( 'NONE', #7577 ) ;
#444 = ORIENTED_EDGE ( 'NONE', *, *, #5915, .T. ) ;
#445 = ORIENTED_EDGE ( 'NONE', *, *, #5915, .F. ) ;
#446 = CARTESIAN_POINT ( 'NONE',  ( -0.6405210985066780438, 0.4000000000000000222, 6.186473989507359939 ) ) ;
#447 =( NAMED_UNIT ( * ) PLANE_ANGLE_UNIT ( ) SI_UNIT ( $, .RADIAN. ) );
#448 = SURFACE_SIDE_STYLE ('',( #6364 ) ) ;
#449 = FACE_OUTER_BOUND ( 'NONE', #367, .T. ) ;
#450 = EDGE_CURVE ( 'NONE', #7119, #4743, #7144, .T. ) ;
#451 = SURFACE_STYLE_USAGE ( .BOTH. , #3362 ) ;
#452 = CARTESIAN_POINT ( 'NONE',  ( 1.540000000000000480, 0.9200000000000000400, 3.750000000000000000 ) ) ;
#453 = PRESENTATION_STYLE_ASSIGNMENT (( #6263 ) ) ;
#454 = VECTOR ( 'NONE', #6133, 1000.000000000000000 ) ;
#455 = LINE ( 'NONE', #6984, #5768 ) ;
#456 = ORIENTED_EDGE ( 'NONE', *, *, #3895, .T. ) ;
#457 = CARTESIAN_POINT ( 'NONE',  ( 1.019028251576665323, 0.2000000000000000111, 0.9258181915659118300 ) ) ;
#458 =( GEOMETRIC_REPRESENTATION_CONTEXT ( 3 ) GLOBAL_UNCERTAINTY_ASSIGNED_CONTEXT ( ( #1579 ) ) GLOBAL_UNIT_ASSIGNED_CONTEXT ( ( #435, #4434, #2701 ) ) REPRESENTATION_CONTEXT ( 'NONE', 'WORKASPACE' ) );
#459 =( GEOMETRIC_REPRESENTATION_CONTEXT ( 3 ) GLOBAL_UNCERTAINTY_ASSIGNED_CONTEXT ( ( #1419 ) ) GLOBAL_UNIT_ASSIGNED_CONTEXT ( ( #2438, #4865, #3140 ) ) REPRESENTATION_CONTEXT ( 'NONE', 'WORKASPACE' ) );
#460 = DIRECTION ( 'NONE',  ( 0.4281872867782747227, 0.000000000000000000, -0.9036900173408244363 ) ) ;
#461 = CARTESIAN_POINT ( 'NONE',  ( 0.5569527916718950422, -2.168404344971008868E-16, 2.050178687254370136 ) ) ;
#462 = SURFACE_SIDE_STYLE ('',( #985 ) ) ;
#463 = EDGE_CURVE ( 'NONE', #7030, #1971, #46, .T. ) ;
#464 = PRESENTATION_STYLE_ASSIGNMENT (( #5038 ) ) ;
#465 = ORIENTED_EDGE ( 'NONE', *, *, #6655, .T. ) ;
#466 = MECHANICAL_DESIGN_GEOMETRIC_PRESENTATION_REPRESENTATION (  '', ( #5650 ), #4881 ) ;
#467 = CARTESIAN_POINT ( 'NONE',  ( -6.599999999999999645, 1.949999999999999956, -4.250000000000000000 ) ) ;
#468 = LINE ( 'NONE', #1683, #3820 ) ;
#469 = ORIENTED_EDGE ( 'NONE', *, *, #1010, .T. ) ;
#470 = CARTESIAN_POINT ( 'NONE',  ( -5.080000000000000071, 1.070000000000000062, -3.326802541049640016 ) ) ;
#471 =( LENGTH_UNIT ( ) NAMED_UNIT ( * ) SI_UNIT ( .MILLI., .METRE. ) );
#472 = CARTESIAN_POINT ( 'NONE',  ( -6.599999999999999645, 1.820000000000000062, 4.250000000000000000 ) ) ;
#473 = EDGE_CURVE ( 'NONE', #1079, #210, #7026, .T. ) ;
#474 = DIRECTION ( 'NONE',  ( -0.000000000000000000, 0.000000000000000000, -1.000000000000000000 ) ) ;
#475 = EDGE_CURVE ( 'NONE', #5259, #3322, #4631, .T. ) ;
#476 = VERTEX_POINT ( 'NONE', #4045 ) ;
#477 = ORIENTED_EDGE ( 'NONE', *, *, #4075, .F. ) ;
#478 = ORIENTED_EDGE ( 'NONE', *, *, #6339, .F. ) ;
#479 = FILL_AREA_STYLE ('',( #2765 ) ) ;
#480 = CYLINDRICAL_SURFACE ( 'NONE', #1480, 0.5529067033259800201 ) ;
#481 = CARTESIAN_POINT ( 'NONE',  ( -0.6405210985066780438, 0.4000000000000000222, 6.186473989507359939 ) ) ;
#482 = SURFACE_SIDE_STYLE ('',( #4497 ) ) ;
#483 = CARTESIAN_POINT ( 'NONE',  ( -0.8932477478277009997, 0.000000000000000000, 0.4035344174496410252 ) ) ;
#484 = VERTEX_POINT ( 'NONE', #6412 ) ;
#485 = VERTEX_POINT ( 'NONE', #1104 ) ;
#486 = PLANE ( 'NONE',  #1874 ) ;
#487 = UNCERTAINTY_MEASURE_WITH_UNIT (LENGTH_MEASURE( 1.000000000000000082E-05 ), #2227, 'distance_accuracy_value', 'NONE');
#488 =( LENGTH_UNIT ( ) NAMED_UNIT ( * ) SI_UNIT ( .MILLI., .METRE. ) );
#489 = DIRECTION ( 'NONE',  ( 0.000000000000000000, 1.000000000000000000, 0.000000000000000000 ) ) ;
#490 = EDGE_CURVE ( 'NONE', #210, #6264, #1720, .T. ) ;
#491 = MECHANICAL_DESIGN_GEOMETRIC_PRESENTATION_REPRESENTATION (  '', ( #2085 ), #1707 ) ;
#492 = ORIENTED_EDGE ( 'NONE', *, *, #410, .T. ) ;
#493 = ADVANCED_FACE ( 'NONE', ( #1793 ), #1213, .T. ) ;
#494 = UNCERTAINTY_MEASURE_WITH_UNIT (LENGTH_MEASURE( 1.000000000000000082E-05 ), #5635, 'distance_accuracy_value', 'NONE');
#495 = CARTESIAN_POINT ( 'NONE',  ( -4.080000000000000071, 1.620000000000000107, 3.750000000000000000 ) ) ;
#496 = CARTESIAN_POINT ( 'NONE',  ( 6.599999999999999645, 2.540000000000000036, 4.250000000000000000 ) ) ;
#497 = ORIENTED_EDGE ( 'NONE', *, *, #5797, .T. ) ;
#498 = VECTOR ( 'NONE', #1433, 1000.000000000000000 ) ;
#499 = PRESENTATION_LAYER_ASSIGNMENT (  '', '', ( #3827 ) ) ;
#500 = CARTESIAN_POINT ( 'NONE',  ( -0.3499999999999999778, 1.620000000000000107, 3.750000000000000000 ) ) ;
#501 =( LENGTH_UNIT ( ) NAMED_UNIT ( * ) SI_UNIT ( .MILLI., .METRE. ) );
#502 = DIRECTION ( 'NONE',  ( -0.7071067811865489050, 0.000000000000000000, 0.7071067811865460184 ) ) ;
#503 = PLANE ( 'NONE',  #387 ) ;
#504 = DIRECTION ( 'NONE',  ( 0.000000000000000000, 0.7071067811865500152, 0.7071067811865450192 ) ) ;
#505 =( NAMED_UNIT ( * ) PLANE_ANGLE_UNIT ( ) SI_UNIT ( $, .RADIAN. ) );
#506 = VECTOR ( 'NONE', #2507, 1000.000000000000000 ) ;
#507 = MECHANICAL_DESIGN_GEOMETRIC_PRESENTATION_REPRESENTATION (  '', ( #7051 ), #3324 ) ;
#508 = LINE ( 'NONE', #2869, #6235 ) ;
#509 =( GEOMETRIC_REPRESENTATION_CONTEXT ( 3 ) GLOBAL_UNCERTAINTY_ASSIGNED_CONTEXT ( ( #1715 ) ) GLOBAL_UNIT_ASSIGNED_CONTEXT ( ( #101, #6981, #1083 ) ) REPRESENTATION_CONTEXT ( 'NONE', 'WORKASPACE' ) );
#510 = ORIENTED_EDGE ( 'NONE', *, *, #2589, .F. ) ;
#511 = EDGE_LOOP ( 'NONE', ( #7246, #7533, #430, #3182 ) ) ;
#512 = ORIENTED_EDGE ( 'NONE', *, *, #6726, .T. ) ;
#513 = EDGE_CURVE ( 'NONE', #1971, #753, #5438, .T. ) ;
#514 = CARTESIAN_POINT ( 'NONE',  ( -0.7366198555544819504, 0.4000000000000000222, 0.3147096712329959800 ) ) ;
#515 =( GEOMETRIC_REPRESENTATION_CONTEXT ( 3 ) GLOBAL_UNCERTAINTY_ASSIGNED_CONTEXT ( ( #423 ) ) GLOBAL_UNIT_ASSIGNED_CONTEXT ( ( #7220, #3680, #195 ) ) REPRESENTATION_CONTEXT ( 'NONE', 'WORKASPACE' ) );
#516 = SURFACE_STYLE_FILL_AREA ( #6513 ) ;
#517 = MECHANICAL_DESIGN_GEOMETRIC_PRESENTATION_REPRESENTATION (  '', ( #881 ), #6443 ) ;
#518 = DIRECTION ( 'NONE',  ( 0.000000000000000000, -1.000000000000000000, -0.000000000000000000 ) ) ;
#519 =( GEOMETRIC_REPRESENTATION_CONTEXT ( 3 ) GLOBAL_UNCERTAINTY_ASSIGNED_CONTEXT ( ( #2115 ) ) GLOBAL_UNIT_ASSIGNED_CONTEXT ( ( #709, #4831, #1818 ) ) REPRESENTATION_CONTEXT ( 'NONE', 'WORKASPACE' ) );
#520 = SURFACE_STYLE_USAGE ( .BOTH. , #5790 ) ;
#521 = AXIS2_PLACEMENT_3D ( 'NONE', #3528, #7102, #3561 ) ;
#522 = ORIENTED_EDGE ( 'NONE', *, *, #6269, .T. ) ;
#523 = COLOUR_RGB ( '',0.2000000000000000111, 0.2000000000000000111, 0.2000000000000000111 ) ;
#524 = ORIENTED_EDGE ( 'NONE', *, *, #2150, .F. ) ;
#525 = VECTOR ( 'NONE', #3136, 1000.000000000000000 ) ;
#526 = CARTESIAN_POINT ( 'NONE',  ( 0.8932477478277009997, 0.000000000000000000, 0.3147096712329958690 ) ) ;
#527 = AXIS2_PLACEMENT_3D ( 'NONE', #7021, #3440, #1748 ) ;
#528 = FILL_AREA_STYLE_COLOUR ( '', #1627 ) ;
#529 = MECHANICAL_DESIGN_GEOMETRIC_PRESENTATION_REPRESENTATION (  '', ( #7188 ), #5475 ) ;
#530 = FILL_AREA_STYLE_COLOUR ( '', #5211 ) ;
#531 = FILL_AREA_STYLE ('',( #5312 ) ) ;
#532 = COLOUR_RGB ( '',0.2000000000000000111, 0.2000000000000000111, 0.2000000000000000111 ) ;
#533 = CARTESIAN_POINT ( 'NONE',  ( -3.540000000000000036, -0.9200000000000000400, -3.449999999999999734 ) ) ;
#534 = COLOUR_RGB ( '',0.7411764705882353255, 0.7764705882352941346, 0.8000000000000000444 ) ;
#535 =( GEOMETRIC_REPRESENTATION_CONTEXT ( 3 ) GLOBAL_UNCERTAINTY_ASSIGNED_CONTEXT ( ( #888 ) ) GLOBAL_UNIT_ASSIGNED_CONTEXT ( ( #1817, #1859, #2993 ) ) REPRESENTATION_CONTEXT ( 'NONE', 'WORKASPACE' ) );
#536 = CARTESIAN_POINT ( 'NONE',  ( -0.3699999999999999956, 0.4000000000000000222, -0.05191018432148652301 ) ) ;
#538 = FACE_OUTER_BOUND ( 'NONE', #944, .T. ) ;
#537 = VECTOR ( 'NONE', #1281, 1000.000000000000000 ) ;
#539 = VECTOR ( 'NONE', #474, 1000.000000000000000 ) ;
#540 = CARTESIAN_POINT ( 'NONE',  ( -1.414545021914681566E-16, 0.4000000000000000222, 1.461922895605469952 ) ) ;
#541 = SHAPE_REPRESENTATION ( '61301021821', ( #5355, #1887, #6603, #4374, #2774, #4490, #6724, #1531, #1407, #7463, #1762, #6241 ), #4618 ) ;
#542 = VECTOR ( 'NONE', #2941, 1000.000000000000000 ) ;
#543 = VERTEX_POINT ( 'NONE', #6642 ) ;
#544 = VECTOR ( 'NONE', #673, 1000.000000000000000 ) ;
#545 = DIRECTION ( 'NONE',  ( 0.000000000000000000, 0.000000000000000000, 1.000000000000000000 ) ) ;
#546 = CARTESIAN_POINT ( 'NONE',  ( 4.730000000000000426, 0.9200000000000002620, 4.050000000000000711 ) ) ;
#547 = SURFACE_STYLE_FILL_AREA ( #5857 ) ;
#548 = FACE_BOUND ( 'NONE', #4123, .T. ) ;
#549 = EDGE_CURVE ( 'NONE', #3927, #5783, #3727, .T. ) ;
#550 = LINE ( 'NONE', #4055, #4968 ) ;
#551 = ORIENTED_EDGE ( 'NONE', *, *, #5358, .F. ) ;
#552 = ORIENTED_EDGE ( 'NONE', *, *, #3619, .T. ) ;
#553 = ORIENTED_EDGE ( 'NONE', *, *, #6082, .F. ) ;
#554 =( NAMED_UNIT ( * ) SI_UNIT ( $, .STERADIAN. ) SOLID_ANGLE_UNIT ( ) );
#555 = CARTESIAN_POINT ( 'NONE',  ( -4.730000000000000426, -0.9200000000000000400, 4.050000000000000711 ) ) ;
#556 = DIRECTION ( 'NONE',  ( 0.000000000000000000, 0.000000000000000000, -1.000000000000000000 ) ) ;
#557 = SURFACE_STYLE_FILL_AREA ( #3512 ) ;
#558 = SURFACE_SIDE_STYLE ('',( #2289 ) ) ;
#559 = CARTESIAN_POINT ( 'NONE',  ( -0.2253056840829079643, 0.3999999999999999112, 5.752751436071860347 ) ) ;
#560 = SURFACE_STYLE_FILL_AREA ( #2212 ) ;
#561 = ORIENTED_EDGE ( 'NONE', *, *, #4745, .F. ) ;
#562 = VERTEX_POINT ( 'NONE', #4921 ) ;
#563 = CARTESIAN_POINT ( 'NONE',  ( 5.629999999999999893, -2.540000000000000036, 4.250000000000000000 ) ) ;
#564 = DIRECTION ( 'NONE',  ( -1.000000000000000000, 0.000000000000000000, 0.000000000000000000 ) ) ;
#565 = SURFACE_STYLE_FILL_AREA ( #5942 ) ;
#566 = SURFACE_STYLE_USAGE ( .BOTH. , #7139 ) ;
#567 = EDGE_CURVE ( 'NONE', #5192, #3010, #6113, .T. ) ;
#568 = MECHANICAL_DESIGN_GEOMETRIC_PRESENTATION_REPRESENTATION (  '', ( #7609 ), #4394 ) ;
#569 = AXIS2_PLACEMENT_3D ( 'NONE', #1318, #3549, #4178 ) ;
#570 = DIRECTION ( 'NONE',  ( 0.000000000000000000, 0.000000000000000000, -1.000000000000000000 ) ) ;
#571 =( NAMED_UNIT ( * ) SI_UNIT ( $, .STERADIAN. ) SOLID_ANGLE_UNIT ( ) );
#572 = AXIS2_PLACEMENT_3D ( 'NONE', #1373, #233, #2568 ) ;
#573 = STYLED_ITEM ( 'NONE', ( #6011 ), #1228 ) ;
#574 =( NAMED_UNIT ( * ) SI_UNIT ( $, .STERADIAN. ) SOLID_ANGLE_UNIT ( ) );
#575 = ORIENTED_EDGE ( 'NONE', *, *, #2904, .F. ) ;
#576 = EDGE_CURVE ( 'NONE', #5164, #5454, #5548, .T. ) ;
#577 = CARTESIAN_POINT ( 'NONE',  ( -0.3499999999999999778, -0.9200000000000000400, 3.750000000000000000 ) ) ;
#578 = CONTEXT_DEPENDENT_SHAPE_REPRESENTATION ( #1724, #3227 ) ;
#579 = FACE_BOUND ( 'NONE', #2242, .T. ) ;
#580 = PRESENTATION_STYLE_ASSIGNMENT (( #3537 ) ) ;
#581 = ORIENTED_EDGE ( 'NONE', *, *, #38, .F. ) ;
#582 = ORIENTED_EDGE ( 'NONE', *, *, #1031, .T. ) ;
#583 = ORIENTED_EDGE ( 'NONE', *, *, #772, .T. ) ;
#584 =( NAMED_UNIT ( * ) SI_UNIT ( $, .STERADIAN. ) SOLID_ANGLE_UNIT ( ) );
#585 = FACE_OUTER_BOUND ( 'NONE', #6200, .T. ) ;
#586 = ADVANCED_FACE ( 'NONE', ( #4241 ), #6568, .F. ) ;
#587 = DIRECTION ( 'NONE',  ( 0.000000000000000000, -1.112002228190259966E-16, 1.000000000000000000 ) ) ;
#588 = FILL_AREA_STYLE ('',( #5230 ) ) ;
#589 = SURFACE_SIDE_STYLE ('',( #557 ) ) ;
#590 = FILL_AREA_STYLE ('',( #7090 ) ) ;
#591 = FACE_OUTER_BOUND ( 'NONE', #6216, .T. ) ;
#592 = ORIENTED_EDGE ( 'NONE', *, *, #3560, .F. ) ;
#593 = ORIENTED_EDGE ( 'NONE', *, *, #567, .F. ) ;
#594 = SURFACE_SIDE_STYLE ('',( #1247 ) ) ;
#595 = DIRECTION ( 'NONE',  ( -0.7071067811865500152, 0.000000000000000000, -0.7071067811865450192 ) ) ;
#596 = CARTESIAN_POINT ( 'NONE',  ( 0.3699999999999999956, 0.4000000000000000222, -0.05191018432148637035 ) ) ;
#597 = SURFACE_STYLE_USAGE ( .BOTH. , #5912 ) ;
#598 = CARTESIAN_POINT ( 'NONE',  ( 2.190000000000000835, -2.540000000000000036, 4.050000000000000711 ) ) ;
#599 = EDGE_CURVE ( 'NONE', #5135, #6974, #4846, .T. ) ;
#600 = EDGE_CURVE ( 'NONE', #4437, #4556, #5993, .T. ) ;
#601 = SURFACE_SIDE_STYLE ('',( #5246 ) ) ;
#602 = CARTESIAN_POINT ( 'NONE',  ( 0.5500000000000010436, -2.540000000000000036, 4.250000000000000000 ) ) ;
#603 = PRESENTATION_STYLE_ASSIGNMENT (( #2897 ) ) ;
#604 = ORIENTED_EDGE ( 'NONE', *, *, #4841, .T. ) ;
#605 =( NAMED_UNIT ( * ) SI_UNIT ( $, .STERADIAN. ) SOLID_ANGLE_UNIT ( ) );
#606 = VECTOR ( 'NONE', #5954, 1000.000000000000000 ) ;
#607 = VECTOR ( 'NONE', #1394, 1000.000000000000000 ) ;
#608 = PRODUCT_CONTEXT ( 'NONE', #1331, 'mechanical' ) ;
#609 = FILL_AREA_STYLE ('',( #1155 ) ) ;
#610 = CARTESIAN_POINT ( 'NONE',  ( 4.730000000000000426, -1.620000000000000107, 3.750000000000000000 ) ) ;
#611 = LINE ( 'NONE', #1268, #2533 ) ;
#612 = CARTESIAN_POINT ( 'NONE',  ( -0.5176744983949770340, -5.329070518200752183E-16, 6.166017239158860797 ) ) ;
#613 = ORIENTED_EDGE ( 'NONE', *, *, #7532, .F. ) ;
#614 = PRESENTATION_LAYER_ASSIGNMENT (  '', '', ( #3950 ) ) ;
#615 = ORIENTED_EDGE ( 'NONE', *, *, #1304, .T. ) ;
#616 = ORIENTED_EDGE ( 'NONE', *, *, #6105, .F. ) ;
#617 = PRESENTATION_STYLE_ASSIGNMENT (( #7343 ) ) ;
#618 = LINE ( 'NONE', #4676, #755 ) ;
#619 = VECTOR ( 'NONE', #4871, 1000.000000000000000 ) ;
#620 = DIRECTION ( 'NONE',  ( -1.239088197126290077E-15, -1.000000000000000000, 0.000000000000000000 ) ) ;
#621 = VECTOR ( 'NONE', #3682, 1000.000000000000000 ) ;
#622 = FACE_OUTER_BOUND ( 'NONE', #20, .T. ) ;
#623 = ORIENTED_EDGE ( 'NONE', *, *, #3358, .T. ) ;
#624 = EDGE_CURVE ( 'NONE', #4425, #6933, #4275, .T. ) ;
#625 = VERTEX_POINT ( 'NONE', #1871 ) ;
#626 = AXIS2_PLACEMENT_3D ( 'NONE', #3774, #6687, #4927 ) ;
#627 =( GEOMETRIC_REPRESENTATION_CONTEXT ( 3 ) GLOBAL_UNCERTAINTY_ASSIGNED_CONTEXT ( ( #4660 ) ) GLOBAL_UNIT_ASSIGNED_CONTEXT ( ( #5785, #2830, #554 ) ) REPRESENTATION_CONTEXT ( 'NONE', 'WORKASPACE' ) );
#628 = VERTEX_POINT ( 'NONE', #6067 ) ;
#629 = DIRECTION ( 'NONE',  ( 0.7071067811865461294, 0.000000000000000000, -0.7071067811865490160 ) ) ;
#630 = COLOUR_RGB ( '',0.2000000000000000111, 0.2000000000000000111, 0.2000000000000000111 ) ;
#631 = AXIS2_PLACEMENT_3D ( 'NONE', #5317, #6610, #570 ) ;
#632 = FILL_AREA_STYLE ('',( #2331 ) ) ;
#633 = CARTESIAN_POINT ( 'NONE',  ( -2.890000000000000124, -1.620000000000000107, 3.750000000000000000 ) ) ;
#634 = AXIS2_PLACEMENT_3D ( 'NONE', #5334, #6005, #7008 ) ;
#635 = AXIS2_PLACEMENT_3D ( 'NONE', #33, #564, #7628 ) ;
#636 = COLOUR_RGB ( '',0.2000000000000000111, 0.2000000000000000111, 0.2000000000000000111 ) ;
#637 = FACE_OUTER_BOUND ( 'NONE', #5033, .T. ) ;
#638 = SURFACE_SIDE_STYLE ('',( #837 ) ) ;
#639 = LINE ( 'NONE', #5845, #2295 ) ;
#640 = VECTOR ( 'NONE', #6368, 1000.000000000000114 ) ;
#641 = EDGE_CURVE ( 'NONE', #4870, #3911, #762, .T. ) ;
#642 = VERTEX_POINT ( 'NONE', #3259 ) ;
#643 = VECTOR ( 'NONE', #2280, 1000.000000000000114 ) ;
#644 = MECHANICAL_DESIGN_GEOMETRIC_PRESENTATION_REPRESENTATION (  '', ( #6843 ), #2886 ) ;
#645 = DIRECTION ( 'NONE',  ( -1.000000000000000000, 0.000000000000000000, -0.000000000000000000 ) ) ;
#646 = PRODUCT_CONTEXT ( 'NONE', #4609, 'mechanical' ) ;
#647 = FILL_AREA_STYLE_COLOUR ( '', #6791 ) ;
#648 = VECTOR ( 'NONE', #5831, 1000.000000000000000 ) ;
#649 = CARTESIAN_POINT ( 'NONE',  ( -0.3499999999999986455, -2.540000000000000036, 4.050000000000000711 ) ) ;
#650 = CARTESIAN_POINT ( 'NONE',  ( 0.5500000000000010436, 0.7200000000000010836, 4.250000000000000000 ) ) ;
#651 = SURFACE_STYLE_FILL_AREA ( #1727 ) ;
#652 = DIRECTION ( 'NONE',  ( -0.02505097067657190840, 0.000000000000000000, -0.9996861751910753879 ) ) ;
#653 = PRESENTATION_LAYER_ASSIGNMENT (  '', '', ( #2764 ) ) ;
#654 = EDGE_CURVE ( 'NONE', #5523, #2231, #2151, .T. ) ;
#655 =( GEOMETRIC_REPRESENTATION_CONTEXT ( 3 ) GLOBAL_UNCERTAINTY_ASSIGNED_CONTEXT ( ( #4511 ) ) GLOBAL_UNIT_ASSIGNED_CONTEXT ( ( #5123, #1602, #7489 ) ) REPRESENTATION_CONTEXT ( 'NONE', 'WORKASPACE' ) );
#656 = ORIENTED_EDGE ( 'NONE', *, *, #5023, .F. ) ;
#657 = EDGE_LOOP ( 'NONE', ( #934, #925, #5742, #2570 ) ) ;
#658 = VERTEX_POINT ( 'NONE', #5637 ) ;
#659 = AXIS2_PLACEMENT_3D ( 'NONE', #2434, #3054, #5414 ) ;
#660 =( LENGTH_UNIT ( ) NAMED_UNIT ( * ) SI_UNIT ( .MILLI., .METRE. ) );
#661 =( LENGTH_UNIT ( ) NAMED_UNIT ( * ) SI_UNIT ( .MILLI., .METRE. ) );
#662 =( NAMED_UNIT ( * ) SI_UNIT ( $, .STERADIAN. ) SOLID_ANGLE_UNIT ( ) );
#663 = SURFACE_STYLE_USAGE ( .BOTH. , #4067 ) ;
#664 = DIRECTION ( 'NONE',  ( 0.000000000000000000, 0.7071067811865495711, -0.7071067811865455743 ) ) ;
#665 = EDGE_LOOP ( 'NONE', ( #6320, #6639, #4837, #6905, #5451, #5935, #2514, #6085, #7099, #6171, #2132, #3193, #2555, #3580, #4994, #6001, #7306, #477, #5622, #4181, #6213, #1911, #1478, #3077, #3008 ) ) ;
#666 = CARTESIAN_POINT ( 'NONE',  ( 6.080000000000000071, -0.9200000000000000400, -3.449999999999999734 ) ) ;
#667 = ORIENTED_EDGE ( 'NONE', *, *, #5401, .F. ) ;
#668 = SURFACE_STYLE_USAGE ( .BOTH. , #5239 ) ;
#669 = EDGE_CURVE ( 'NONE', #1653, #5523, #986, .T. ) ;
#670 = SURFACE_SIDE_STYLE ('',( #1201 ) ) ;
#671 = LINE ( 'NONE', #6602, #7062 ) ;
#672 = LINE ( 'NONE', #6605, #6554 ) ;
#673 = DIRECTION ( 'NONE',  ( -1.000000000000000000, 0.000000000000000000, -0.000000000000000000 ) ) ;
#674 = DIRECTION ( 'NONE',  ( -1.000000000000000000, -0.000000000000000000, -0.000000000000000000 ) ) ;
#675 = ADVANCED_FACE ( 'NONE', ( #7490 ), #6763, .T. ) ;
#676 = ADVANCED_FACE ( 'NONE', ( #1026 ), #3806, .F. ) ;
#677 = EDGE_CURVE ( 'NONE', #7468, #1898, #5676, .T. ) ;
#678 = PLANE ( 'NONE',  #3847 ) ;
#679 =( NAMED_UNIT ( * ) PLANE_ANGLE_UNIT ( ) SI_UNIT ( $, .RADIAN. ) );
#680 = CARTESIAN_POINT ( 'NONE',  ( -2.190000000000000835, -2.540000000000000036, 4.050000000000000711 ) ) ;
#681 = MECHANICAL_DESIGN_GEOMETRIC_PRESENTATION_REPRESENTATION (  '', ( #1053 ), #7106 ) ;
#682 = EDGE_LOOP ( 'NONE', ( #106, #510, #1670, #819 ) ) ;
#683 = CARTESIAN_POINT ( 'NONE',  ( 1.989999999999999991, -2.540000000000000036, 4.250000000000000000 ) ) ;
#684 =( GEOMETRIC_REPRESENTATION_CONTEXT ( 3 ) GLOBAL_UNCERTAINTY_ASSIGNED_CONTEXT ( ( #6165 ) ) GLOBAL_UNIT_ASSIGNED_CONTEXT ( ( #6355, #505, #2868 ) ) REPRESENTATION_CONTEXT ( 'NONE', 'WORKASPACE' ) );
#685 =( NAMED_UNIT ( * ) PLANE_ANGLE_UNIT ( ) SI_UNIT ( $, .RADIAN. ) );
#686 = SURFACE_SIDE_STYLE ('',( #1266 ) ) ;
#687 = FACE_OUTER_BOUND ( 'NONE', #2758, .T. ) ;
#688 = FACE_BOUND ( 'NONE', #6041, .T. ) ;
#689 =( NAMED_UNIT ( * ) PLANE_ANGLE_UNIT ( ) SI_UNIT ( $, .RADIAN. ) );
#690 = ORIENTED_EDGE ( 'NONE', *, *, #1822, .T. ) ;
#691 = MECHANICAL_DESIGN_GEOMETRIC_PRESENTATION_REPRESENTATION (  '', ( #2918 ), #4646 ) ;
#692 = ORIENTED_EDGE ( 'NONE', *, *, #7100, .F. ) ;
#693 = ORIENTED_EDGE ( 'NONE', *, *, #2104, .F. ) ;
#694 = CARTESIAN_POINT ( 'NONE',  ( -0.1830820574702410053, 0.4000000000000000222, 5.449641565359209849 ) ) ;
#695 = FILL_AREA_STYLE ('',( #213 ) ) ;
#696 = EDGE_CURVE ( 'NONE', #6394, #5345, #383, .T. ) ;
#697 =( NAMED_UNIT ( * ) PLANE_ANGLE_UNIT ( ) SI_UNIT ( $, .RADIAN. ) );
#698 = CARTESIAN_POINT ( 'NONE',  ( -2.189999999999999947, -0.9200000000000001510, 4.050000000000001599 ) ) ;
#699 = EDGE_CURVE ( 'NONE', #2231, #1298, #2730, .T. ) ;
#700 = VECTOR ( 'NONE', #4349, 1000.000000000000000 ) ;
#701 = SURFACE_SIDE_STYLE ('',( #3753 ) ) ;
#702 = SURFACE_STYLE_FILL_AREA ( #6008 ) ;
#703 = SURFACE_STYLE_FILL_AREA ( #6593 ) ;
#704 = EDGE_LOOP ( 'NONE', ( #1333, #5410, #3690, #2386 ) ) ;
#705 = FACE_OUTER_BOUND ( 'NONE', #3705, .T. ) ;
#706 = ORIENTED_EDGE ( 'NONE', *, *, #7587, .F. ) ;
#707 = CARTESIAN_POINT ( 'NONE',  ( -0.3499999999999999778, -1.620000000000000107, 3.750000000000000000 ) ) ;
#708 = FILL_AREA_STYLE ('',( #6097 ) ) ;
#709 =( LENGTH_UNIT ( ) NAMED_UNIT ( * ) SI_UNIT ( .MILLI., .METRE. ) );
#710 = DIRECTION ( 'NONE',  ( -0.000000000000000000, -1.000000000000000000, -0.000000000000000000 ) ) ;
#711 =( NAMED_UNIT ( * ) SI_UNIT ( $, .STERADIAN. ) SOLID_ANGLE_UNIT ( ) );
#712 = CARTESIAN_POINT ( 'NONE',  ( 0.000000000000000000, -4.170008355713480109E-16, 3.750000000000000000 ) ) ;
#713 = ORIENTED_EDGE ( 'NONE', *, *, #3540, .T. ) ;
#714 = DIRECTION ( 'NONE',  ( -0.000000000000000000, 1.000000000000000000, -0.000000000000000000 ) ) ;
#715 = FILL_AREA_STYLE_COLOUR ( '', #2364 ) ;
#716 = SURFACE_STYLE_USAGE ( .BOTH. , #4273 ) ;
#717 = DIRECTION ( 'NONE',  ( -0.000000000000000000, -1.000000000000000000, -0.000000000000000000 ) ) ;
#718 = EDGE_CURVE ( 'NONE', #5924, #4709, #3522, .T. ) ;
#719 = EDGE_CURVE ( 'NONE', #2916, #4621, #4154, .T. ) ;
#720 = VERTEX_POINT ( 'NONE', #7098 ) ;
#721 = PLANE ( 'NONE',  #3474 ) ;
#722 = CARTESIAN_POINT ( 'NONE',  ( -2.890000000000000124, 0.9200000000000000400, -12.25140600070190011 ) ) ;
#723 = AXIS2_PLACEMENT_3D ( 'NONE', #1916, #5489, #6075 ) ;
#724 = PRESENTATION_STYLE_ASSIGNMENT (( #6614 ) ) ;
#725 = CARTESIAN_POINT ( 'NONE',  ( -0.8588250565440940232, -3.252606517456513302E-16, 5.322969931419179623 ) ) ;
#726 = LINE ( 'NONE', #2574, #7110 ) ;
#727 =( NAMED_UNIT ( * ) SI_UNIT ( $, .STERADIAN. ) SOLID_ANGLE_UNIT ( ) );
#728 = EDGE_LOOP ( 'NONE', ( #8, #1669, #6660, #793 ) ) ;
#729 = ORIENTED_EDGE ( 'NONE', *, *, #4792, .F. ) ;
#730 = VECTOR ( 'NONE', #4086, 1000.000000000000000 ) ;
#731 = PRESENTATION_LAYER_ASSIGNMENT (  '', '', ( #5828 ) ) ;
#732 = VERTEX_POINT ( 'NONE', #3409 ) ;
#733 = CARTESIAN_POINT ( 'NONE',  ( 1.000000000000000222, 1.620000000000000329, -3.449999999999999734 ) ) ;
#734 = LINE ( 'NONE', #3786, #4242 ) ;
#735 = FILL_AREA_STYLE_COLOUR ( '', #6922 ) ;
#736 = FILL_AREA_STYLE_COLOUR ( '', #6236 ) ;
#737 = VECTOR ( 'NONE', #1555, 1000.000000000000000 ) ;
#738 = AXIS2_PLACEMENT_3D ( 'NONE', #4517, #3381, #7501 ) ;
#739 = DIRECTION ( 'NONE',  ( 0.000000000000000000, -0.000000000000000000, -1.000000000000000000 ) ) ;
#740 = VERTEX_POINT ( 'NONE', #39 ) ;
#741 = ADVANCED_FACE ( 'NONE', ( #6408 ), #1063, .T. ) ;
#742 = FACE_OUTER_BOUND ( 'NONE', #682, .T. ) ;
#743 = EDGE_CURVE ( 'NONE', #6498, #6854, #2220, .T. ) ;
#744 = EDGE_LOOP ( 'NONE', ( #5813, #2072, #832, #7210, #1730, #6134, #913, #2021 ) ) ;
#745 = VECTOR ( 'NONE', #4943, 1000.000000000000000 ) ;
#746 = SURFACE_SIDE_STYLE ('',( #6015 ) ) ;
#747 = COLOUR_RGB ( '',0.2000000000000000111, 0.2000000000000000111, 0.2000000000000000111 ) ;
#748 = FACE_OUTER_BOUND ( 'NONE', #6652, .T. ) ;
#749 = SURFACE_STYLE_USAGE ( .BOTH. , #190 ) ;
#750 =( LENGTH_UNIT ( ) NAMED_UNIT ( * ) SI_UNIT ( .MILLI., .METRE. ) );
#751 = CARTESIAN_POINT ( 'NONE',  ( -9.901406000701879151, -1.620000000000000107, -3.450000000000000178 ) ) ;
#752 = VECTOR ( 'NONE', #4132, 1000.000000000000000 ) ;
#753 = VERTEX_POINT ( 'NONE', #2924 ) ;
#754 = TOROIDAL_SURFACE ( 'NONE', #2344, 0.08819660112501069571, 0.1499999999999999944 ) ;
#755 = VECTOR ( 'NONE', #6545, 1000.000000000000000 ) ;
#756 =( GEOMETRIC_REPRESENTATION_CONTEXT ( 3 ) GLOBAL_UNCERTAINTY_ASSIGNED_CONTEXT ( ( #5769 ) ) GLOBAL_UNIT_ASSIGNED_CONTEXT ( ( #2821, #5168, #2228 ) ) REPRESENTATION_CONTEXT ( 'NONE', 'WORKASPACE' ) );
#757 = FACE_OUTER_BOUND ( 'NONE', #794, .T. ) ;
#758 = SURFACE_SIDE_STYLE ('',( #2531 ) ) ;
#759 = MECHANICAL_DESIGN_GEOMETRIC_PRESENTATION_REPRESENTATION (  '', ( #7059 ), #7050 ) ;
#760 = SURFACE_SIDE_STYLE ('',( #6063 ) ) ;
#761 = STYLED_ITEM ( 'NONE', ( #6061 ), #6608 ) ;
#762 = LINE ( 'NONE', #1945, #1064 ) ;
#763 = PLANE ( 'NONE',  #154 ) ;
#764 =( GEOMETRIC_REPRESENTATION_CONTEXT ( 3 ) GLOBAL_UNCERTAINTY_ASSIGNED_CONTEXT ( ( #1208 ) ) GLOBAL_UNIT_ASSIGNED_CONTEXT ( ( #3605, #3450, #7024 ) ) REPRESENTATION_CONTEXT ( 'NONE', 'WORKASPACE' ) );
#765 = AXIS2_PLACEMENT_3D ( 'NONE', #3326, #5120, #2183 ) ;
#766 = ORIENTED_EDGE ( 'NONE', *, *, #6000, .F. ) ;
#767 = LINE ( 'NONE', #4396, #1637 ) ;
#768 = DIRECTION ( 'NONE',  ( -0.5773502691896286176, -0.5773502691896236216, 0.5773502691896248429 ) ) ;
#770 = DIRECTION ( 'NONE',  ( 0.000000000000000000, 1.807003620809174385E-16, 1.000000000000000000 ) ) ;
#769 = VECTOR ( 'NONE', #3480, 1000.000000000000000 ) ;
#771 = VECTOR ( 'NONE', #2657, 1000.000000000000114 ) ;
#772 = EDGE_CURVE ( 'NONE', #753, #443, #7608, .T. ) ;
#773 = DIRECTION ( 'NONE',  ( -0.7071067811865500152, 0.000000000000000000, -0.7071067811865450192 ) ) ;
#774 = SURFACE_STYLE_FILL_AREA ( #6077 ) ;
#775 = SURFACE_STYLE_FILL_AREA ( #7190 ) ;
#776 = VECTOR ( 'NONE', #3378, 1000.000000000000000 ) ;
#777 = VERTEX_POINT ( 'NONE', #633 ) ;
#778 = EDGE_LOOP ( 'NONE', ( #5180, #7233, #1722, #2989 ) ) ;
#779 = VECTOR ( 'NONE', #3991, 1000.000000000000000 ) ;
#780 = AXIS2_PLACEMENT_3D ( 'NONE', #2983, #6479, #2401 ) ;
#781 = ORIENTED_EDGE ( 'NONE', *, *, #2498, .T. ) ;
#782 = CARTESIAN_POINT ( 'NONE',  ( 1.000000000000000000, -4.170008355713480109E-16, 3.750000000000000000 ) ) ;
#783 = VECTOR ( 'NONE', #3633, 1000.000000000000000 ) ;
#784 = EDGE_CURVE ( 'NONE', #5522, #7387, #5913, .T. ) ;
#785 = CARTESIAN_POINT ( 'NONE',  ( 4.080000000000000071, -0.9200000000000000400, -3.449999999999999734 ) ) ;
#786 = FILL_AREA_STYLE ('',( #7201 ) ) ;
#787 = DIRECTION ( 'NONE',  ( 0.000000000000000000, -0.000000000000000000, -1.000000000000000000 ) ) ;
#788 = EDGE_CURVE ( 'NONE', #3894, #4870, #4013, .T. ) ;
#789 = FILL_AREA_STYLE_COLOUR ( '', #3986 ) ;
#790 = MECHANICAL_DESIGN_GEOMETRIC_PRESENTATION_REPRESENTATION (  '', ( #2504 ), #5480 ) ;
#791 = DIRECTION ( 'NONE',  ( 0.000000000000000000, -0.000000000000000000, 1.000000000000000000 ) ) ;
#792 = VERTEX_POINT ( 'NONE', #2332 ) ;
#793 = ORIENTED_EDGE ( 'NONE', *, *, #4389, .T. ) ;
#794 = EDGE_LOOP ( 'NONE', ( #4009, #7083, #6633, #7600, #4993, #4735, #444, #7120 ) ) ;
#795 = AXIS2_PLACEMENT_3D ( 'NONE', #4728, #3598, #5394 ) ;
#796 = FILL_AREA_STYLE_COLOUR ( '', #5477 ) ;
#797 = PRESENTATION_LAYER_ASSIGNMENT (  '', '', ( #1274 ) ) ;
#798 =( LENGTH_UNIT ( ) NAMED_UNIT ( * ) SI_UNIT ( .MILLI., .METRE. ) );
#799 = LINE ( 'NONE', #3715, #293 ) ;
#800 = DIRECTION ( 'NONE',  ( 0.000000000000000000, 0.000000000000000000, -1.000000000000000000 ) ) ;
#801 = SURFACE_STYLE_USAGE ( .BOTH. , #4791 ) ;
#802 = EDGE_LOOP ( 'NONE', ( #2068, #853, #2976, #1438 ) ) ;
#803 =( NAMED_UNIT ( * ) SI_UNIT ( $, .STERADIAN. ) SOLID_ANGLE_UNIT ( ) );
#804 = DIRECTION ( 'NONE',  ( 0.000000000000000000, -0.000000000000000000, -1.000000000000000000 ) ) ;
#805 = PRESENTATION_STYLE_ASSIGNMENT (( #4310 ) ) ;
#806 = EDGE_CURVE ( 'NONE', #4709, #6347, #6952, .T. ) ;
#807 = DIRECTION ( 'NONE',  ( -0.000000000000000000, 0.000000000000000000, -1.000000000000000000 ) ) ;
#808 = ORIENTED_EDGE ( 'NONE', *, *, #5900, .F. ) ;
#809 =( LENGTH_UNIT ( ) NAMED_UNIT ( * ) SI_UNIT ( .MILLI., .METRE. ) );
#810 = UNCERTAINTY_MEASURE_WITH_UNIT (LENGTH_MEASURE( 1.000000000000000082E-05 ), #3003, 'distance_accuracy_value', 'NONE');
#811 = DIRECTION ( 'NONE',  ( -0.5773502691896271743, -0.5773502691896252870, 0.5773502691896247319 ) ) ;
#812 = FACE_OUTER_BOUND ( 'NONE', #6716, .T. ) ;
#813 = CARTESIAN_POINT ( 'NONE',  ( -0.9820446186353369855, 0.4000000000000000222, 0.4057595635624680619 ) ) ;
#814 = SURFACE_SIDE_STYLE ('',( #774 ) ) ;
#815 = UNCERTAINTY_MEASURE_WITH_UNIT (LENGTH_MEASURE( 1.000000000000000082E-05 ), #6325, 'distance_accuracy_value', 'NONE');
#816 = FILL_AREA_STYLE_COLOUR ( '', #7212 ) ;
#817 = ORIENTED_EDGE ( 'NONE', *, *, #699, .F. ) ;
#818 = EDGE_CURVE ( 'NONE', #4683, #3694, #3441, .T. ) ;
#819 = ORIENTED_EDGE ( 'NONE', *, *, #6197, .F. ) ;
#820 = ORIENTED_EDGE ( 'NONE', *, *, #6979, .F. ) ;
#821 = COLOUR_RGB ( '',0.2000000000000000111, 0.2000000000000000111, 0.2000000000000000111 ) ;
#822 = MECHANICAL_DESIGN_GEOMETRIC_PRESENTATION_REPRESENTATION (  '', ( #573 ), #1060 ) ;
#823 = DIRECTION ( 'NONE',  ( 0.000000000000000000, -1.000000000000000000, -1.112002228190259966E-16 ) ) ;
#824 = UNCERTAINTY_MEASURE_WITH_UNIT (LENGTH_MEASURE( 1.000000000000000082E-05 ), #2435, 'distance_accuracy_value', 'NONE');
#825 = DIRECTION ( 'NONE',  ( 0.000000000000000000, -1.000000000000000000, -0.000000000000000000 ) ) ;
#826 =( LENGTH_UNIT ( ) NAMED_UNIT ( * ) SI_UNIT ( .MILLI., .METRE. ) );
#827 = FILL_AREA_STYLE_COLOUR ( '', #3126 ) ;
#828 = VECTOR ( 'NONE', #6266, 1000.000000000000000 ) ;
#829 = FILL_AREA_STYLE ('',( #2017 ) ) ;
#830 = PRODUCT_DEFINITION ( 'UNKNOWN', '', #6358, #4368 ) ;
#831 = ORIENTED_EDGE ( 'NONE', *, *, #5219, .F. ) ;
#832 = ORIENTED_EDGE ( 'NONE', *, *, #5669, .T. ) ;
#833 = EDGE_CURVE ( 'NONE', #7446, #152, #5280, .T. ) ;
#834 = SURFACE_STYLE_USAGE ( .BOTH. , #746 ) ;
#835 = VECTOR ( 'NONE', #6445, 1000.000000000000000 ) ;
#836 = CARTESIAN_POINT ( 'NONE',  ( -4.730000000000000426, 0.9200000000000000400, -12.25140600070190011 ) ) ;
#837 = SURFACE_STYLE_FILL_AREA ( #84 ) ;
#838 = DIRECTION ( 'NONE',  ( -0.02505097067657199861, 0.000000000000000000, -0.9996861751910753879 ) ) ;
#839 =( NAMED_UNIT ( * ) PLANE_ANGLE_UNIT ( ) SI_UNIT ( $, .RADIAN. ) );
#840 = FILL_AREA_STYLE ('',( #4915 ) ) ;
#841 = VERTEX_POINT ( 'NONE', #7022 ) ;
#842 = FILL_AREA_STYLE ('',( #4842 ) ) ;
#843 =( LENGTH_UNIT ( ) NAMED_UNIT ( * ) SI_UNIT ( .MILLI., .METRE. ) );
#844 = ORIENTED_EDGE ( 'NONE', *, *, #5348, .T. ) ;
#845 = EDGE_CURVE ( 'NONE', #4870, #4411, #6490, .T. ) ;
#846 = CARTESIAN_POINT ( 'NONE',  ( 4.080000000000000071, 1.620000000000000107, 3.750000000000000000 ) ) ;
#847 = CARTESIAN_POINT ( 'NONE',  ( 0.9820446186353369855, 0.4000000000000000222, 0.4057595635624680064 ) ) ;
#848 =( LENGTH_UNIT ( ) NAMED_UNIT ( * ) SI_UNIT ( .MILLI., .METRE. ) );
#849 = FILL_AREA_STYLE ('',( #2628 ) ) ;
#850 = PRESENTATION_STYLE_ASSIGNMENT (( #6037 ) ) ;
#851 = FILL_AREA_STYLE_COLOUR ( '', #5229 ) ;
#852 = VERTEX_POINT ( 'NONE', #5880 ) ;
#853 = ORIENTED_EDGE ( 'NONE', *, *, #784, .T. ) ;
#854 = VERTEX_POINT ( 'NONE', #7061 ) ;
#855 = SURFACE_STYLE_FILL_AREA ( #5455 ) ;
#856 = SURFACE_STYLE_USAGE ( .BOTH. , #6043 ) ;
#857 = SURFACE_STYLE_FILL_AREA ( #786 ) ;
#858 = CARTESIAN_POINT ( 'NONE',  ( 5.629999999999999893, -2.540000000000000036, 4.250000000000000000 ) ) ;
#859 = CARTESIAN_POINT ( 'NONE',  ( -6.599999999999999645, 0.7200000000000009726, 4.250000000000000000 ) ) ;
#860 = CARTESIAN_POINT ( 'NONE',  ( 1.540000000000000036, 1.620000000000000107, 3.750000000000000000 ) ) ;
#861 = ORIENTED_EDGE ( 'NONE', *, *, #833, .T. ) ;
#862 = COLOUR_RGB ( '',0.2000000000000000111, 0.2000000000000000111, 0.2000000000000000111 ) ;
#863 = EDGE_LOOP ( 'NONE', ( #5224, #5753, #3994, #2431 ) ) ;
#864 = ORIENTED_EDGE ( 'NONE', *, *, #4226, .T. ) ;
#865 = PRESENTATION_STYLE_ASSIGNMENT (( #834 ) ) ;
#866 = CARTESIAN_POINT ( 'NONE',  ( -5.429999999999998828, -1.619999999999999885, 4.050000000000001599 ) ) ;
#867 = CARTESIAN_POINT ( 'NONE',  ( 6.080000000000000071, 0.9199999999999990408, -3.449999999999999734 ) ) ;
#868 =( GEOMETRIC_REPRESENTATION_CONTEXT ( 3 ) GLOBAL_UNCERTAINTY_ASSIGNED_CONTEXT ( ( #5674 ) ) GLOBAL_UNIT_ASSIGNED_CONTEXT ( ( #6566, #7553, #3318 ) ) REPRESENTATION_CONTEXT ( 'NONE', 'WORKASPACE' ) );
#869 = COLOUR_RGB ( '',0.2000000000000000111, 0.2000000000000000111, 0.2000000000000000111 ) ;
#870 = CARTESIAN_POINT ( 'NONE',  ( -4.080000000000000071, 0.9199999999999990408, 3.750000000000000000 ) ) ;
#871 = DIRECTION ( 'NONE',  ( -1.000000000000000000, 0.000000000000000000, 0.000000000000000000 ) ) ;
#872 = ORIENTED_EDGE ( 'NONE', *, *, #2376, .F. ) ;
#873 = COLOUR_RGB ( '',0.2000000000000000111, 0.2000000000000000111, 0.2000000000000000111 ) ;
#874 = DIRECTION ( 'NONE',  ( 0.000000000000000000, 0.000000000000000000, 1.000000000000000000 ) ) ;
#875 =( LENGTH_UNIT ( ) NAMED_UNIT ( * ) SI_UNIT ( .MILLI., .METRE. ) );
#876 = VECTOR ( 'NONE', #6978, 1000.000000000000000 ) ;
#877 = VECTOR ( 'NONE', #3285, 1000.000000000000000 ) ;
#878 = CARTESIAN_POINT ( 'NONE',  ( 4.730000000000000426, 0.9200000000000000400, 3.750000000000000000 ) ) ;
#879 = COLOUR_RGB ( '',0.2000000000000000111, 0.2000000000000000111, 0.2000000000000000111 ) ;
#880 = EDGE_LOOP ( 'NONE', ( #6731, #2131, #219, #4768, #4412, #4008, #1660, #7555 ) ) ;
#881 = STYLED_ITEM ( 'NONE', ( #5496 ), #1950 ) ;
#882 = DIRECTION ( 'NONE',  ( 1.000000000000000000, 0.000000000000000000, -0.000000000000000000 ) ) ;
#883 = UNCERTAINTY_MEASURE_WITH_UNIT (LENGTH_MEASURE( 1.000000000000000082E-05 ), #2560, 'distance_accuracy_value', 'NONE');
#884 = PLANE ( 'NONE',  #626 ) ;
#885 =( NAMED_UNIT ( * ) PLANE_ANGLE_UNIT ( ) SI_UNIT ( $, .RADIAN. ) );
#886 = DIRECTION ( 'NONE',  ( 0.000000000000000000, 1.000000000000000000, -0.000000000000000000 ) ) ;
#887 =( NAMED_UNIT ( * ) SI_UNIT ( $, .STERADIAN. ) SOLID_ANGLE_UNIT ( ) );
#888 = UNCERTAINTY_MEASURE_WITH_UNIT (LENGTH_MEASURE( 1.000000000000000082E-05 ), #1817, 'distance_accuracy_value', 'NONE');
#889 = COLOUR_RGB ( '',0.2000000000000000111, 0.2000000000000000111, 0.2000000000000000111 ) ;
#890 = AXIS2_PLACEMENT_3D ( 'NONE', #2762, #5109, #5784 ) ;
#891 = EDGE_LOOP ( 'NONE', ( #5331, #6400, #230, #1086 ) ) ;
#892 = FACE_BOUND ( 'NONE', #4017, .T. ) ;
#893 = MECHANICAL_DESIGN_GEOMETRIC_PRESENTATION_REPRESENTATION (  '', ( #6822 ), #2362 ) ;
#894 = CARTESIAN_POINT ( 'NONE',  ( 1.540000000000000480, 0.9200000000000002620, -3.449999999999999734 ) ) ;
#895 =( GEOMETRIC_REPRESENTATION_CONTEXT ( 3 ) GLOBAL_UNCERTAINTY_ASSIGNED_CONTEXT ( ( #6451 ) ) GLOBAL_UNIT_ASSIGNED_CONTEXT ( ( #1287, #5310, #2526 ) ) REPRESENTATION_CONTEXT ( 'NONE', 'WORKASPACE' ) );
#896 = SURFACE_STYLE_FILL_AREA ( #4988 ) ;
#897 = LINE ( 'NONE', #3243, #4313 ) ;
#898 = PRODUCT_DEFINITION_SHAPE ( 'NONE', 'NONE',  #7635 ) ;
#899 = FILL_AREA_STYLE ('',( #2791 ) ) ;
#900 = EDGE_CURVE ( 'NONE', #4161, #108, #1749, .T. ) ;
#901 = DIRECTION ( 'NONE',  ( 0.000000000000000000, 0.7071067811865500152, 0.7071067811865450192 ) ) ;
#902 = ORIENTED_EDGE ( 'NONE', *, *, #490, .F. ) ;
#903 = ORIENTED_EDGE ( 'NONE', *, *, #920, .F. ) ;
#904 = ORIENTED_EDGE ( 'NONE', *, *, #4078, .T. ) ;
#905 = VECTOR ( 'NONE', #5010, 1000.000000000000000 ) ;
#906 = LINE ( 'NONE', #337, #270 ) ;
#907 = FACE_OUTER_BOUND ( 'NONE', #3832, .T. ) ;
#908 =( GEOMETRIC_REPRESENTATION_CONTEXT ( 3 ) GLOBAL_UNCERTAINTY_ASSIGNED_CONTEXT ( ( #1572 ) ) GLOBAL_UNIT_ASSIGNED_CONTEXT ( ( #2255, #2322, #1352 ) ) REPRESENTATION_CONTEXT ( 'NONE', 'WORKASPACE' ) );
#909 = DIRECTION ( 'NONE',  ( 0.000000000000000000, -0.000000000000000000, -1.000000000000000000 ) ) ;
#910 = CARTESIAN_POINT ( 'NONE',  ( 3.540000000000000036, 0.9199999999999990408, -3.449999999999999734 ) ) ;
#911 = FILL_AREA_STYLE ('',( #2722 ) ) ;
#912 = DIRECTION ( 'NONE',  ( 0.5773502691896270633, -0.5773502691896257311, -0.5773502691896246208 ) ) ;
#913 = ORIENTED_EDGE ( 'NONE', *, *, #1543, .T. ) ;
#914 = EDGE_CURVE ( 'NONE', #6651, #2916, #1821, .T. ) ;
#915 =( LENGTH_UNIT ( ) NAMED_UNIT ( * ) SI_UNIT ( .MILLI., .METRE. ) );
#916 = FACE_OUTER_BOUND ( 'NONE', #1922, .T. ) ;
#917 = CARTESIAN_POINT ( 'NONE',  ( 6.080000000000000071, 0.9200000000000000400, 3.750000000000000000 ) ) ;
#918 = DIRECTION ( 'NONE',  ( 0.000000000000000000, -1.000000000000000000, -1.112002228190259966E-16 ) ) ;
#919 = ORIENTED_EDGE ( 'NONE', *, *, #1479, .T. ) ;
#920 = EDGE_CURVE ( 'NONE', #6498, #1151, #1982, .T. ) ;
#921 =( LENGTH_UNIT ( ) NAMED_UNIT ( * ) SI_UNIT ( .MILLI., .METRE. ) );
#922 = CARTESIAN_POINT ( 'NONE',  ( -0.005178789717898660272, 0.4000000000000000222, 2.014805344883670024 ) ) ;
#923 = CARTESIAN_POINT ( 'NONE',  ( -6.599999999999999645, -1.820000000000000062, 4.250000000000000000 ) ) ;
#924 = FILL_AREA_STYLE_COLOUR ( '', #5096 ) ;
#925 = ORIENTED_EDGE ( 'NONE', *, *, #3408, .F. ) ;
#926 = FILL_AREA_STYLE ('',( #6247 ) ) ;
#927 = CARTESIAN_POINT ( 'NONE',  ( 2.890000000000000124, 0.9200000000000002620, 4.050000000000001599 ) ) ;
#928 = CARTESIAN_POINT ( 'NONE',  ( -4.730000000000000426, -1.620000000000000107, -12.25140600070190011 ) ) ;
#929 = CARTESIAN_POINT ( 'NONE',  ( -1.540000000000000036, 0.9199999999999990408, 3.750000000000000000 ) ) ;
#930 = CARTESIAN_POINT ( 'NONE',  ( -4.080000000000000071, -4.170008355713480109E-16, 3.750000000000000000 ) ) ;
#931 = SURFACE_SIDE_STYLE ('',( #5697 ) ) ;
#932 = ORIENTED_EDGE ( 'NONE', *, *, #6250, .T. ) ;
#933 = ORIENTED_EDGE ( 'NONE', *, *, #4828, .T. ) ;
#934 = ORIENTED_EDGE ( 'NONE', *, *, #227, .T. ) ;
#935 = EDGE_CURVE ( 'NONE', #305, #5533, #6671, .T. ) ;
#936 = EDGE_CURVE ( 'NONE', #5060, #4946, #1365, .T. ) ;
#937 = FACE_OUTER_BOUND ( 'NONE', #6572, .T. ) ;
#938 =( NAMED_UNIT ( * ) PLANE_ANGLE_UNIT ( ) SI_UNIT ( $, .RADIAN. ) );
#939 = DIRECTION ( 'NONE',  ( 0.000000000000000000, -1.000000000000000000, 0.000000000000000000 ) ) ;
#940 = SURFACE_STYLE_USAGE ( .BOTH. , #4455 ) ;
#941 = AXIS2_PLACEMENT_3D ( 'NONE', #4160, #2384, #7104 ) ;
#942 = DIRECTION ( 'NONE',  ( 0.000000000000000000, -1.000000000000000000, 0.000000000000000000 ) ) ;
#943 = LINE ( 'NONE', #3321, #949 ) ;
#944 = EDGE_LOOP ( 'NONE', ( #5177, #5863, #3793, #3621 ) ) ;
#945 = VECTOR ( 'NONE', #2999, 1000.000000000000114 ) ;
#946 = PRESENTATION_STYLE_ASSIGNMENT (( #141 ) ) ;
#947 = FILL_AREA_STYLE ('',( #4624 ) ) ;
#948 = CARTESIAN_POINT ( 'NONE',  ( 5.630000000000000782, 1.820000000000000062, 4.250000000000000000 ) ) ;
#949 = VECTOR ( 'NONE', #912, 999.9999999999998863 ) ;
#950 = SURFACE_STYLE_USAGE ( .BOTH. , #3807 ) ;
#951 = ORIENTED_EDGE ( 'NONE', *, *, #6871, .T. ) ;
#952 = B_SPLINE_SURFACE_WITH_KNOTS ( 'NONE', 3, 1, ( 
 ( #446, #5973 ),
 ( #5373, #6512 ),
 ( #1806, #6426 ),
 ( #4674, #3019 ),
 ( #694, #1193 ),
 ( #5412, #99 ),
 ( #3542, #2432 ) ),
 .UNSPECIFIED., .F., .F., .F.,
 ( 4, 1, 1, 1, 4 ),
 ( 2, 2 ),
 ( 0.000000000000000000, 0.2500000000000000000, 0.5000000000000000000, 0.7500000000000000000, 1.000000000000000000 ),
 ( 0.000000000000000000, 1.000000000000000000 ),
 .UNSPECIFIED. ) ;
#953 = UNCERTAINTY_MEASURE_WITH_UNIT (LENGTH_MEASURE( 1.000000000000000082E-05 ), #6402, 'distance_accuracy_value', 'NONE');
#954 = CARTESIAN_POINT ( 'NONE',  ( 1.540000000000000480, -1.620000000000000107, -3.449999999999999734 ) ) ;
#955 = SURFACE_STYLE_USAGE ( .BOTH. , #4474 ) ;
#956 = LINE ( 'NONE', #4400, #2224 ) ;
#957 = UNCERTAINTY_MEASURE_WITH_UNIT (LENGTH_MEASURE( 1.000000000000000082E-05 ), #5663, 'distance_accuracy_value', 'NONE');
#958 = CARTESIAN_POINT ( 'NONE',  ( 6.599999999999999645, -1.949999999999999956, -4.250000000000000000 ) ) ;
#959 = ADVANCED_FACE ( 'NONE', ( #7140 ), #6558, .T. ) ;
#960 = ORIENTED_EDGE ( 'NONE', *, *, #4129, .T. ) ;
#961 = DIRECTION ( 'NONE',  ( 0.000000000000000000, 0.000000000000000000, 1.000000000000000000 ) ) ;
#962 = FACE_OUTER_BOUND ( 'NONE', #4298, .T. ) ;
#963 = UNCERTAINTY_MEASURE_WITH_UNIT (LENGTH_MEASURE( 1.000000000000000082E-05 ), #5054, 'distance_accuracy_value', 'NONE');
#964 = DIRECTION ( 'NONE',  ( -0.000000000000000000, -1.000000000000000000, 0.000000000000000000 ) ) ;
#965 = PLANE ( 'NONE',  #5734 ) ;
#966 = LINE ( 'NONE', #403, #6096 ) ;
#967 = VERTEX_POINT ( 'NONE', #3111 ) ;
#968 = VERTEX_POINT ( 'NONE', #1252 ) ;
#969 = ORIENTED_EDGE ( 'NONE', *, *, #3358, .F. ) ;
#970 = PLANE ( 'NONE',  #7287 ) ;
#971 = CARTESIAN_POINT ( 'NONE',  ( -5.429999999999999716, 1.620000000000000107, 3.750000000000000000 ) ) ;
#972 = CARTESIAN_POINT ( 'NONE',  ( 4.530000000000002025, -0.7199999999999999734, 4.250000000000000000 ) ) ;
#973 = CARTESIAN_POINT ( 'NONE',  ( 5.429999999999999716, -1.620000000000000107, -12.25140600070190011 ) ) ;
#974 =( NAMED_UNIT ( * ) PLANE_ANGLE_UNIT ( ) SI_UNIT ( $, .RADIAN. ) );
#975 = SURFACE_STYLE_FILL_AREA ( #4458 ) ;
#976 = AXIS2_PLACEMENT_3D ( 'NONE', #991, #7462, #4506 ) ;
#977 =( NAMED_UNIT ( * ) SI_UNIT ( $, .STERADIAN. ) SOLID_ANGLE_UNIT ( ) );
#978 = DIRECTION ( 'NONE',  ( -0.9996861751910754990, -0.000000000000000000, 0.02505097067657191187 ) ) ;
#979 = ADVANCED_FACE ( 'NONE', ( #1864 ), #6023, .F. ) ;
#980 = EDGE_CURVE ( 'NONE', #6730, #5969, #148, .T. ) ;
#981 = EDGE_LOOP ( 'NONE', ( #5660, #7419, #122, #407 ) ) ;
#982 = SURFACE_STYLE_USAGE ( .BOTH. , #3845 ) ;
#983 = COLOUR_RGB ( '',0.2000000000000000111, 0.2000000000000000111, 0.2000000000000000111 ) ;
#984 = DIRECTION ( 'NONE',  ( 0.7071067811865461294, 0.000000000000000000, -0.7071067811865490160 ) ) ;
#985 = SURFACE_STYLE_FILL_AREA ( #849 ) ;
#986 = LINE ( 'NONE', #6234, #5136 ) ;
#987 = VECTOR ( 'NONE', #1580, 1000.000000000000000 ) ;
#988 = ORIENTED_EDGE ( 'NONE', *, *, #7587, .T. ) ;
#989 = PRESENTATION_LAYER_ASSIGNMENT (  '', '', ( #5441 ) ) ;
#990 = SURFACE_SIDE_STYLE ('',( #5727 ) ) ;
#991 = CARTESIAN_POINT ( 'NONE',  ( 0.7366198555544819504, 0.4000000000000000222, -0.05191018432148639811 ) ) ;
#992 = CARTESIAN_POINT ( 'NONE',  ( -4.080000000000000071, -1.620000000000000107, -3.449999999999999734 ) ) ;
#993 = SURFACE_STYLE_USAGE ( .BOTH. , #391 ) ;
#994 = MECHANICAL_DESIGN_GEOMETRIC_PRESENTATION_REPRESENTATION (  '', ( #1845 ), #627 ) ;
#995 = ORIENTED_EDGE ( 'NONE', *, *, #5421, .T. ) ;
#996 = ADVANCED_FACE ( 'NONE', ( #1477 ), #4420, .F. ) ;
#997 = STYLED_ITEM ( 'NONE', ( #7028 ), #6126 ) ;
#998 = DIRECTION ( 'NONE',  ( 0.5773502691896282846, 0.5773502691896245098, 0.5773502691896245098 ) ) ;
#999 = DIRECTION ( 'NONE',  ( 1.000000000000000000, 0.000000000000000000, 0.000000000000000000 ) ) ;
#1000 = COLOUR_RGB ( '',0.2000000000000000111, 0.2000000000000000111, 0.2000000000000000111 ) ;
#1001 = STYLED_ITEM ( 'NONE', ( #6758 ), #2190 ) ;
#1002 = CARTESIAN_POINT ( 'NONE',  ( 5.629999999999999893, -2.540000000000000036, 4.250000000000000000 ) ) ;
#1003 =( LENGTH_UNIT ( ) NAMED_UNIT ( * ) SI_UNIT ( .MILLI., .METRE. ) );
#1004 = PRESENTATION_LAYER_ASSIGNMENT (  '', '', ( #3105 ) ) ;
#1005 = CARTESIAN_POINT ( 'NONE',  ( -6.599999999999999645, -0.9200000000000008171, 4.050000000000000711 ) ) ;
#1006 = ORIENTED_EDGE ( 'NONE', *, *, #1409, .T. ) ;
#1007 = ORIENTED_EDGE ( 'NONE', *, *, #3373, .T. ) ;
#1008 =( GEOMETRIC_REPRESENTATION_CONTEXT ( 3 ) GLOBAL_UNCERTAINTY_ASSIGNED_CONTEXT ( ( #2449 ) ) GLOBAL_UNIT_ASSIGNED_CONTEXT ( ( #4656, #7058, #2410 ) ) REPRESENTATION_CONTEXT ( 'NONE', 'WORKASPACE' ) );
#1009 = VERTEX_POINT ( 'NONE', #377 ) ;
#1010 = EDGE_CURVE ( 'NONE', #2546, #5323, #943, .T. ) ;
#1011 = DIRECTION ( 'NONE',  ( -0.7071067811865500152, 0.000000000000000000, 0.7071067811865450192 ) ) ;
#1012 = DIRECTION ( 'NONE',  ( 0.5773502691896260641, -0.5773502691896272854, 0.5773502691896237327 ) ) ;
#1013 =( GEOMETRIC_REPRESENTATION_CONTEXT ( 3 ) GLOBAL_UNCERTAINTY_ASSIGNED_CONTEXT ( ( #5048 ) ) GLOBAL_UNIT_ASSIGNED_CONTEXT ( ( #6258, #6543, #3581 ) ) REPRESENTATION_CONTEXT ( 'NONE', 'WORKASPACE' ) );
#1014 = EDGE_CURVE ( 'NONE', #3509, #7155, #3176, .T. ) ;
#1015 = CARTESIAN_POINT ( 'NONE',  ( 0.8932477478277009997, 0.000000000000000000, 0.3147096712329959800 ) ) ;
#1016 = MECHANICAL_DESIGN_GEOMETRIC_PRESENTATION_REPRESENTATION (  '', ( #1256 ), #2745 ) ;
#1017 = PRESENTATION_STYLE_ASSIGNMENT (( #3364 ) ) ;
#1018 = ORIENTED_EDGE ( 'NONE', *, *, #1596, .F. ) ;
#1019 = VECTOR ( 'NONE', #4707, 1000.000000000000000 ) ;
#1020 = AXIS2_PLACEMENT_3D ( 'NONE', #3535, #4603, #7539 ) ;
#1021 = DIRECTION ( 'NONE',  ( 0.000000000000000000, -0.000000000000000000, 1.000000000000000000 ) ) ;
#1022 = SURFACE_STYLE_USAGE ( .BOTH. , #6335 ) ;
#1023 = STYLED_ITEM ( 'NONE', ( #6987 ), #7226 ) ;
#1024 = DIRECTION ( 'NONE',  ( -1.000000000000000000, 0.000000000000000000, -0.000000000000000000 ) ) ;
#1025 = DIRECTION ( 'NONE',  ( -0.000000000000000000, 0.000000000000000000, -1.000000000000000000 ) ) ;
#1026 = FACE_OUTER_BOUND ( 'NONE', #6622, .T. ) ;
#1027 =( GEOMETRIC_REPRESENTATION_CONTEXT ( 3 ) GLOBAL_UNCERTAINTY_ASSIGNED_CONTEXT ( ( #6772 ) ) GLOBAL_UNIT_ASSIGNED_CONTEXT ( ( #7578, #1039, #574 ) ) REPRESENTATION_CONTEXT ( 'NONE', 'WORKASPACE' ) );
#1028 = MECHANICAL_DESIGN_GEOMETRIC_PRESENTATION_REPRESENTATION (  '', ( #6598 ), #2894 ) ;
#1029 = STYLED_ITEM ( 'NONE', ( #3391 ), #7466 ) ;
#1030 = ORIENTED_EDGE ( 'NONE', *, *, #6105, .T. ) ;
#1031 = EDGE_CURVE ( 'NONE', #19, #4946, #6178, .T. ) ;
#1032 = ADVANCED_FACE ( 'NONE', ( #4959 ), #2097, .T. ) ;
#1033 = CARTESIAN_POINT ( 'NONE',  ( 5.429999999999998828, -0.9200000000000000400, 4.050000000000000711 ) ) ;
#1034 = UNCERTAINTY_MEASURE_WITH_UNIT (LENGTH_MEASURE( 1.000000000000000082E-05 ), #915, 'distance_accuracy_value', 'NONE');
#1035 = FILL_AREA_STYLE_COLOUR ( '', #6447 ) ;
#1036 = SURFACE_STYLE_USAGE ( .BOTH. , #1717 ) ;
#1037 = VECTOR ( 'NONE', #1459, 1000.000000000000114 ) ;
#1038 = UNCERTAINTY_MEASURE_WITH_UNIT (LENGTH_MEASURE( 1.000000000000000082E-05 ), #2036, 'distance_accuracy_value', 'NONE');
#1039 =( NAMED_UNIT ( * ) PLANE_ANGLE_UNIT ( ) SI_UNIT ( $, .RADIAN. ) );
#1040 = ORIENTED_EDGE ( 'NONE', *, *, #2366, .F. ) ;
#1041 = DIRECTION ( 'NONE',  ( 1.000000000000000000, 0.000000000000000000, 0.000000000000000000 ) ) ;
#1042 =( NAMED_UNIT ( * ) SI_UNIT ( $, .STERADIAN. ) SOLID_ANGLE_UNIT ( ) );
#1043 = FACE_OUTER_BOUND ( 'NONE', #3410, .T. ) ;
#1044 =( NAMED_UNIT ( * ) PLANE_ANGLE_UNIT ( ) SI_UNIT ( $, .RADIAN. ) );
#1045 = EDGE_CURVE ( 'NONE', #7119, #4857, #5908, .T. ) ;
#1046 = CARTESIAN_POINT ( 'NONE',  ( -0.6405210985066780438, -1.626303258728256651E-16, 6.186473989507359939 ) ) ;
#1047 = ORIENTED_EDGE ( 'NONE', *, *, #431, .T. ) ;
#1048 = ORIENTED_EDGE ( 'NONE', *, *, #3505, .T. ) ;
#1049 = ORIENTED_EDGE ( 'NONE', *, *, #5560, .T. ) ;
#1050 = DIRECTION ( 'NONE',  ( 1.000000000000000000, 0.000000000000000000, 0.000000000000000000 ) ) ;
#1051 = DIRECTION ( 'NONE',  ( 0.000000000000000000, 1.000000000000000000, 0.000000000000000000 ) ) ;
#1052 =( NAMED_UNIT ( * ) SI_UNIT ( $, .STERADIAN. ) SOLID_ANGLE_UNIT ( ) );
#1053 = STYLED_ITEM ( 'NONE', ( #1243 ), #34 ) ;
#1054 = DIRECTION ( 'NONE',  ( 0.000000000000000000, -0.000000000000000000, -1.000000000000000000 ) ) ;
#1055 = ORIENTED_EDGE ( 'NONE', *, *, #2031, .F. ) ;
#1056 = EDGE_CURVE ( 'NONE', #7117, #6552, #416, .T. ) ;
#1057 = ORIENTED_EDGE ( 'NONE', *, *, #576, .T. ) ;
#1058 = COLOUR_RGB ( '',0.2000000000000000111, 0.2000000000000000111, 0.2000000000000000111 ) ;
#1059 = DIRECTION ( 'NONE',  ( 0.000000000000000000, -1.000000000000000000, -0.000000000000000000 ) ) ;
#1060 =( GEOMETRIC_REPRESENTATION_CONTEXT ( 3 ) GLOBAL_UNCERTAINTY_ASSIGNED_CONTEXT ( ( #6994 ) ) GLOBAL_UNIT_ASSIGNED_CONTEXT ( ( #5383, #218, #1812 ) ) REPRESENTATION_CONTEXT ( 'NONE', 'WORKASPACE' ) );
#1061 = CARTESIAN_POINT ( 'NONE',  ( -6.080000000000000071, -1.620000000000000107, 3.750000000000000000 ) ) ;
#1062 = SURFACE_STYLE_USAGE ( .BOTH. , #462 ) ;
#1063 = PLANE ( 'NONE',  #3650 ) ;
#1064 = VECTOR ( 'NONE', #3851, 1000.000000000000000 ) ;
#1065 = ORIENTED_EDGE ( 'NONE', *, *, #4602, .F. ) ;
#1066 = VECTOR ( 'NONE', #2565, 1000.000000000000000 ) ;
#1067 = SURFACE_STYLE_FILL_AREA ( #2226 ) ;
#1068 = FACE_OUTER_BOUND ( 'NONE', #3058, .T. ) ;
#1069 =( LENGTH_UNIT ( ) NAMED_UNIT ( * ) SI_UNIT ( .MILLI., .METRE. ) );
#1070 = DIRECTION ( 'NONE',  ( 0.000000000000000000, -0.000000000000000000, -1.000000000000000000 ) ) ;
#1071 = EDGE_CURVE ( 'NONE', #6860, #4338, #4885, .T. ) ;
#1072 = VERTEX_POINT ( 'NONE', #5871 ) ;
#1073 = CARTESIAN_POINT ( 'NONE',  ( -0.9640337486817975865, 0.2000000000000000389, 1.124502878070298140 ) ) ;
#1074 =( NAMED_UNIT ( * ) PLANE_ANGLE_UNIT ( ) SI_UNIT ( $, .RADIAN. ) );
#1075 =( NAMED_UNIT ( * ) PLANE_ANGLE_UNIT ( ) SI_UNIT ( $, .RADIAN. ) );
#1076 = DIRECTION ( 'NONE',  ( -0.000000000000000000, 0.000000000000000000, 1.000000000000000000 ) ) ;
#1077 = CARTESIAN_POINT ( 'NONE',  ( -6.599999999999999645, 1.619999999999998996, 4.050000000000000711 ) ) ;
#1078 = ORIENTED_EDGE ( 'NONE', *, *, #4664, .T. ) ;
#1079 = VERTEX_POINT ( 'NONE', #4031 ) ;
#1080 = ORIENTED_EDGE ( 'NONE', *, *, #2237, .T. ) ;
#1081 = DIRECTION ( 'NONE',  ( 1.239088197126290077E-15, -1.000000000000000000, -0.000000000000000000 ) ) ;
#1082 = CARTESIAN_POINT ( 'NONE',  ( 0.8588250565440940232, -2.710505431213761085E-16, 5.322969931419179623 ) ) ;
#1083 =( NAMED_UNIT ( * ) SI_UNIT ( $, .STERADIAN. ) SOLID_ANGLE_UNIT ( ) );
#1084 = FACE_OUTER_BOUND ( 'NONE', #5191, .T. ) ;
#1085 = DIRECTION ( 'NONE',  ( -1.000000000000000000, -0.000000000000000000, -0.000000000000000000 ) ) ;
#1086 = ORIENTED_EDGE ( 'NONE', *, *, #6276, .T. ) ;
#1087 = ORIENTED_EDGE ( 'NONE', *, *, #1711, .T. ) ;
#1088 = DIRECTION ( 'NONE',  ( 0.9996861751910754990, 0.000000000000000000, 0.02505097067657191187 ) ) ;
#1089 = CARTESIAN_POINT ( 'NONE',  ( -9.901406000701879151, 0.9200000000000011502, -3.449999999999999734 ) ) ;
#1090 = SURFACE_SIDE_STYLE ('',( #5673 ) ) ;
#1091 = EDGE_CURVE ( 'NONE', #1659, #1273, #231, .T. ) ;
#1092 = SURFACE_STYLE_FILL_AREA ( #4037 ) ;
#1093 = DIRECTION ( 'NONE',  ( 0.5773502691896273964, 0.5773502691896249539, 0.5773502691896249539 ) ) ;
#1094 = SURFACE_STYLE_FILL_AREA ( #4122 ) ;
#1095 = MECHANICAL_DESIGN_GEOMETRIC_PRESENTATION_REPRESENTATION (  '', ( #2473 ), #3076 ) ;
#1096 = ADVANCED_FACE ( 'NONE', ( #7517 ), #1777, .F. ) ;
#1097 = EDGE_CURVE ( 'NONE', #5701, #4712, #4568, .T. ) ;
#1098 =( LENGTH_UNIT ( ) NAMED_UNIT ( * ) SI_UNIT ( .MILLI., .METRE. ) );
#1099 = UNCERTAINTY_MEASURE_WITH_UNIT (LENGTH_MEASURE( 1.000000000000000082E-05 ), #192, 'distance_accuracy_value', 'NONE');
#1100 = EDGE_CURVE ( 'NONE', #5671, #2697, #4144, .T. ) ;
#1101 = CARTESIAN_POINT ( 'NONE',  ( 1.540000000000000036, -0.9199999999999995959, -3.449999999999999734 ) ) ;
#1102 = VECTOR ( 'NONE', #909, 1000.000000000000000 ) ;
#1103 = PRESENTATION_LAYER_ASSIGNMENT (  '', '', ( #3308 ) ) ;
#1104 = CARTESIAN_POINT ( 'NONE',  ( 4.729999999999999538, 1.619999999999999885, 4.050000000000001599 ) ) ;
#1105 = SURFACE_STYLE_USAGE ( .BOTH. , #6413 ) ;
#1106 = ORIENTED_EDGE ( 'NONE', *, *, #4736, .T. ) ;
#1107 = MECHANICAL_DESIGN_GEOMETRIC_PRESENTATION_REPRESENTATION (  '', ( #2463 ), #3834 ) ;
#1108 = LINE ( 'NONE', #577, #3989 ) ;
#1109 = CONTEXT_DEPENDENT_SHAPE_REPRESENTATION ( #6202, #3114 ) ;
#1110 = CARTESIAN_POINT ( 'NONE',  ( -4.730000000000000426, 1.620000000000000107, -12.25140600070190011 ) ) ;
#1111 = FILL_AREA_STYLE ('',( #2866 ) ) ;
#1112 = FILL_AREA_STYLE_COLOUR ( '', #3001 ) ;
#1113 = CARTESIAN_POINT ( 'NONE',  ( 2.189999999999999947, -0.9200000000000000400, -12.25140600070190011 ) ) ;
#1114 = AXIS2_PLACEMENT_3D ( 'NONE', #1222, #2312, #4637 ) ;
#1115 = DIRECTION ( 'NONE',  ( -0.000000000000000000, -1.000000000000000000, -0.000000000000000000 ) ) ;
#1116 = CIRCLE ( 'NONE', #271, 0.1999999999999999001 ) ;
#1117 = VERTEX_POINT ( 'NONE', #1635 ) ;
#1118 = VECTOR ( 'NONE', #6458, 1000.000000000000000 ) ;
#1119 = ORIENTED_EDGE ( 'NONE', *, *, #1966, .F. ) ;
#1120 = ORIENTED_EDGE ( 'NONE', *, *, #2645, .T. ) ;
#1121 = VECTOR ( 'NONE', #5013, 1000.000000000000114 ) ;
#1122 = AXIS2_PLACEMENT_3D ( 'NONE', #4675, #7042, #5899 ) ;
#1123 = DIRECTION ( 'NONE',  ( -0.9996861751910754990, -0.000000000000000000, 0.02505097067657191187 ) ) ;
#1124 = LINE ( 'NONE', #4106, #6437 ) ;
#1125 = EDGE_CURVE ( 'NONE', #2316, #4136, #3365, .T. ) ;
#1126 = CARTESIAN_POINT ( 'NONE',  ( 0.1830820574702410053, 5.421010862427519705E-17, 5.449641565359209849 ) ) ;
#1127 = FACE_OUTER_BOUND ( 'NONE', #1428, .T. ) ;
#1128 = DIRECTION ( 'NONE',  ( 0.9996861751910754990, 0.000000000000000000, -0.02505097067657191187 ) ) ;
#1129 = DIRECTION ( 'NONE',  ( 0.000000000000000000, -0.7071067811865455743, -0.7071067811865495711 ) ) ;
#1130 = STYLED_ITEM ( 'NONE', ( #3004 ), #4187 ) ;
#1131 = VERTEX_POINT ( 'NONE', #28 ) ;
#1132 = AXIS2_PLACEMENT_3D ( 'NONE', #3767, #3681, #6146 ) ;
#1133 = ORIENTED_EDGE ( 'NONE', *, *, #900, .T. ) ;
#1134 = AXIS2_PLACEMENT_3D ( 'NONE', #6775, #1457, #1347 ) ;
#1135 = LINE ( 'NONE', #4074, #3732 ) ;
#1136 = CARTESIAN_POINT ( 'NONE',  ( -1.989999999999999991, -2.540000000000000036, 4.250000000000000000 ) ) ;
#1137 =( GEOMETRIC_REPRESENTATION_CONTEXT ( 3 ) GLOBAL_UNCERTAINTY_ASSIGNED_CONTEXT ( ( #7492 ) ) GLOBAL_UNIT_ASSIGNED_CONTEXT ( ( #6099, #4914, #5476 ) ) REPRESENTATION_CONTEXT ( 'NONE', 'WORKASPACE' ) );
#1138 = CARTESIAN_POINT ( 'NONE',  ( 6.599999999999999645, -2.540000000000000036, -4.250000000000000000 ) ) ;
#1139 = CARTESIAN_POINT ( 'NONE',  ( -6.080000000000000071, 0.9200000000000002620, -3.449999999999999734 ) ) ;
#1140 = PRESENTATION_LAYER_ASSIGNMENT (  '', '', ( #4471 ) ) ;
#1141 = EDGE_CURVE ( 'NONE', #4306, #305, #6481, .T. ) ;
#1142 = STYLED_ITEM ( 'NONE', ( #2475 ), #4755 ) ;
#1143 = VECTOR ( 'NONE', #1361, 1000.000000000000000 ) ;
#1144 = SURFACE_STYLE_USAGE ( .BOTH. , #6450 ) ;
#1146 = FILL_AREA_STYLE_COLOUR ( '', #3079 ) ;
#1145 = PRESENTATION_LAYER_ASSIGNMENT (  '', '', ( #4481 ) ) ;
#1147 = COLOUR_RGB ( '',0.2000000000000000111, 0.2000000000000000111, 0.2000000000000000111 ) ;
#1148 = CARTESIAN_POINT ( 'NONE',  ( 5.429999999999999716, -1.620000000000000107, 3.750000000000000000 ) ) ;
#1149 = PLANE ( 'NONE',  #2353 ) ;
#1150 = EDGE_CURVE ( 'NONE', #5164, #3694, #455, .T. ) ;
#1151 = VERTEX_POINT ( 'NONE', #5824 ) ;
#1152 = PRESENTATION_LAYER_ASSIGNMENT (  '', '', ( #6598 ) ) ;
#1153 = DIRECTION ( 'NONE',  ( 1.239088197126290077E-15, -1.000000000000000000, -0.000000000000000000 ) ) ;
#1154 = SHAPE_DEFINITION_REPRESENTATION ( #4884, #6374 ) ;
#1155 = FILL_AREA_STYLE_COLOUR ( '', #4327 ) ;
#1156 =( NAMED_UNIT ( * ) PLANE_ANGLE_UNIT ( ) SI_UNIT ( $, .RADIAN. ) );
#1157 = FACE_BOUND ( 'NONE', #1465, .T. ) ;
#1158 = CARTESIAN_POINT ( 'NONE',  ( -6.599999999999999645, 0.9200000000000012612, 4.050000000000001599 ) ) ;
#1159 = ORIENTED_EDGE ( 'NONE', *, *, #1097, .T. ) ;
#1160 = ORIENTED_EDGE ( 'NONE', *, *, #7271, .T. ) ;
#1161 = EDGE_LOOP ( 'NONE', ( #6663, #6821, #2990, #3719 ) ) ;
#1162 = FILL_AREA_STYLE_COLOUR ( '', #636 ) ;
#1163 = LINE ( 'NONE', #4713, #876 ) ;
#1164 = DIRECTION ( 'NONE',  ( -0.000000000000000000, 1.000000000000000000, 0.000000000000000000 ) ) ;
#1165 = CARTESIAN_POINT ( 'NONE',  ( -0.8588250565440940232, 0.4000000000000000222, 5.322969931419179623 ) ) ;
#1166 = FILL_AREA_STYLE_COLOUR ( '', #873 ) ;
#1167 = CARTESIAN_POINT ( 'NONE',  ( -0.3499999999999999778, 1.620000000000000107, 3.750000000000000000 ) ) ;
#1168 = ORIENTED_EDGE ( 'NONE', *, *, #150, .T. ) ;
#1169 = ADVANCED_FACE ( 'NONE', ( #3481 ), #1701, .F. ) ;
#1170 = ORIENTED_EDGE ( 'NONE', *, *, #3996, .F. ) ;
#1171 = EDGE_CURVE ( 'NONE', #4848, #2679, #1894, .T. ) ;
#1172 = PRESENTATION_STYLE_ASSIGNMENT (( #7055 ) ) ;
#1173 = CARTESIAN_POINT ( 'NONE',  ( -9.901406000701879151, -1.620000000000000107, -3.450000000000000178 ) ) ;
#1174 = ORIENTED_EDGE ( 'NONE', *, *, #321, .F. ) ;
#1175 = VECTOR ( 'NONE', #4283, 1000.000000000000000 ) ;
#1176 = PRESENTATION_LAYER_ASSIGNMENT (  '', '', ( #4510 ) ) ;
#1177 =( NAMED_UNIT ( * ) PLANE_ANGLE_UNIT ( ) SI_UNIT ( $, .RADIAN. ) );
#1178 = MECHANICAL_DESIGN_GEOMETRIC_PRESENTATION_REPRESENTATION (  '', ( #217 ), #4397 ) ;
#1179 = ORIENTED_EDGE ( 'NONE', *, *, #4587, .T. ) ;
#1180 = PRESENTATION_LAYER_ASSIGNMENT (  '', '', ( #2682 ) ) ;
#1181 = DIRECTION ( 'NONE',  ( 1.000000000000000000, 0.000000000000000000, -0.000000000000000000 ) ) ;
#1182 = PRODUCT_CONTEXT ( 'NONE', #5700, 'mechanical' ) ;
#1183 = DIRECTION ( 'NONE',  ( -1.239088197126290077E-15, -1.000000000000000000, 0.000000000000000000 ) ) ;
#1184 = MANIFOLD_SOLID_BREP ( 'Imported1', #7484 ) ;
#1185 =( LENGTH_UNIT ( ) NAMED_UNIT ( * ) SI_UNIT ( .MILLI., .METRE. ) );
#1186 =( LENGTH_UNIT ( ) NAMED_UNIT ( * ) SI_UNIT ( .MILLI., .METRE. ) );
#1187 = FACE_OUTER_BOUND ( 'NONE', #3794, .T. ) ;
#1188 = CARTESIAN_POINT ( 'NONE',  ( -0.2253056840829079921, -4.786969431957999966E-16, 5.752751436071860347 ) ) ;
#1189 = AXIS2_PLACEMENT_3D ( 'NONE', #6292, #6331, #3802 ) ;
#1190 = ORIENTED_EDGE ( 'NONE', *, *, #6992, .T. ) ;
#1191 = ORIENTED_EDGE ( 'NONE', *, *, #1150, .T. ) ;
#1192 = ORIENTED_EDGE ( 'NONE', *, *, #7160, .F. ) ;
#1193 = CARTESIAN_POINT ( 'NONE',  ( -0.1830820574702410053, 1.084202172485499997E-16, 5.449641565359209849 ) ) ;
#1194 = FILL_AREA_STYLE_COLOUR ( '', #5193 ) ;
#1195 = LINE ( 'NONE', #133, #542 ) ;
#1196 = CARTESIAN_POINT ( 'NONE',  ( -0.3819168425098900532, 0.4000000000000000222, 4.780491394004580563 ) ) ;
#1197 = VERTEX_POINT ( 'NONE', #2985 ) ;
#1198 = ORIENTED_EDGE ( 'NONE', *, *, #900, .F. ) ;
#1199 = ORIENTED_EDGE ( 'NONE', *, *, #269, .T. ) ;
#1200 = DIRECTION ( 'NONE',  ( 0.000000000000000000, -0.000000000000000000, -1.000000000000000000 ) ) ;
#1201 = SURFACE_STYLE_FILL_AREA ( #6523 ) ;
#1202 = DIRECTION ( 'NONE',  ( 0.000000000000000000, 0.000000000000000000, -1.000000000000000000 ) ) ;
#1203 = EDGE_CURVE ( 'NONE', #3927, #5969, #4750, .T. ) ;
#1204 = PRESENTATION_STYLE_ASSIGNMENT (( #6524 ) ) ;
#1205 = CARTESIAN_POINT ( 'NONE',  ( -0.3499999999999999778, -0.9200000000000000400, -12.25140600070190011 ) ) ;
#1206 = FILL_AREA_STYLE_COLOUR ( '', #4652 ) ;
#1207 = EDGE_LOOP ( 'NONE', ( #2006, #6631, #3745, #4826 ) ) ;
#1208 = UNCERTAINTY_MEASURE_WITH_UNIT (LENGTH_MEASURE( 1.000000000000000082E-05 ), #3605, 'distance_accuracy_value', 'NONE');
#1209 = SURFACE_STYLE_FILL_AREA ( #6528 ) ;
#1210 = SURFACE_STYLE_USAGE ( .BOTH. , #638 ) ;
#1211 = EDGE_CURVE ( 'NONE', #4857, #7413, #5978, .T. ) ;
#1212 = MECHANICAL_DESIGN_GEOMETRIC_PRESENTATION_REPRESENTATION (  '', ( #4547 ), #2414 ) ;
#1213 = PLANE ( 'NONE',  #572 ) ;
#1214 = VECTOR ( 'NONE', #5645, 1000.000000000000000 ) ;
#1215 = EDGE_LOOP ( 'NONE', ( #7273, #7266, #336, #5934 ) ) ;
#1216 = PRESENTATION_STYLE_ASSIGNMENT (( #4665 ) ) ;
#1217 = PRESENTATION_LAYER_ASSIGNMENT (  '', '', ( #4922 ) ) ;
#1218 = VECTOR ( 'NONE', #6856, 1000.000000000000000 ) ;
#1219 = FILL_AREA_STYLE_COLOUR ( '', #4092 ) ;
#1220 = DIRECTION ( 'NONE',  ( 1.000000000000000000, 0.000000000000000000, 0.000000000000000000 ) ) ;
#1221 = SURFACE_STYLE_USAGE ( .BOTH. , #2934 ) ;
#1222 = CARTESIAN_POINT ( 'NONE',  ( -0.5499999999999990452, -2.540000000000000036, 4.250000000000000000 ) ) ;
#1223 = SURFACE_STYLE_USAGE ( .BOTH. , #3573 ) ;
#1224 = DIRECTION ( 'NONE',  ( -1.000000000000000000, -0.000000000000000000, -0.000000000000000000 ) ) ;
#1225 = ORIENTED_EDGE ( 'NONE', *, *, #5037, .T. ) ;
#1226 = VECTOR ( 'NONE', #6857, 1000.000000000000000 ) ;
#1228 = ADVANCED_FACE ( 'NONE', ( #622 ), #5933, .F. ) ;
#1227 = COLOUR_RGB ( '',0.2000000000000000111, 0.2000000000000000111, 0.2000000000000000111 ) ;
#1229 = EDGE_LOOP ( 'NONE', ( #3630, #235, #4995, #1040 ) ) ;
#1230 = VERTEX_POINT ( 'NONE', #4822 ) ;
#1231 = SURFACE_STYLE_FILL_AREA ( #7584 ) ;
#1232 = LINE ( 'NONE', #174, #5201 ) ;
#1233 =( NAMED_UNIT ( * ) SI_UNIT ( $, .STERADIAN. ) SOLID_ANGLE_UNIT ( ) );
#1234 = FACE_OUTER_BOUND ( 'NONE', #5810, .T. ) ;
#1235 = STYLED_ITEM ( 'NONE', ( #3572 ), #3644 ) ;
#1236 = VECTOR ( 'NONE', #5815, 1000.000000000000000 ) ;
#1238 = AXIS2_PLACEMENT_3D ( 'NONE', #5505, #1324, #189 ) ;
#1237 = CARTESIAN_POINT ( 'NONE',  ( -6.080000000000000071, 1.620000000000000107, -3.449999999999999734 ) ) ;
#1239 = SURFACE_STYLE_FILL_AREA ( #6703 ) ;
#1240 =( GEOMETRIC_REPRESENTATION_CONTEXT ( 3 ) GLOBAL_UNCERTAINTY_ASSIGNED_CONTEXT ( ( #1341 ) ) GLOBAL_UNIT_ASSIGNED_CONTEXT ( ( #5320, #6030, #4734 ) ) REPRESENTATION_CONTEXT ( 'NONE', 'WORKASPACE' ) );
#1241 = FILL_AREA_STYLE_COLOUR ( '', #1789 ) ;
#1242 = ORIENTED_EDGE ( 'NONE', *, *, #5739, .F. ) ;
#1243 = PRESENTATION_STYLE_ASSIGNMENT (( #6632 ) ) ;
#1244 = VECTOR ( 'NONE', #811, 1000.000000000000114 ) ;
#1245 = AXIS2_PLACEMENT_3D ( 'NONE', #7311, #1888, #4376 ) ;
#1246 = ORIENTED_EDGE ( 'NONE', *, *, #3444, .T. ) ;
#1247 = SURFACE_STYLE_FILL_AREA ( #5909 ) ;
#1248 = AXIS2_PLACEMENT_3D ( 'NONE', #973, #2026, #1590 ) ;
#1249 = CARTESIAN_POINT ( 'NONE',  ( 0.000000000000000000, -4.170008355713480109E-16, 3.750000000000000000 ) ) ;
#1250 = VECTOR ( 'NONE', #2034, 1000.000000000000000 ) ;
#1251 = STYLED_ITEM ( 'NONE', ( #5161 ), #2286 ) ;
#1252 = CARTESIAN_POINT ( 'NONE',  ( 0.005178789717898660272, 0.000000000000000000, 1.461898641557689782 ) ) ;
#1253 = PRESENTATION_LAYER_ASSIGNMENT (  '', '', ( #5207 ) ) ;
#1254 = MECHANICAL_DESIGN_GEOMETRIC_PRESENTATION_REPRESENTATION (  '', ( #6948 ), #895 ) ;
#1255 = DIRECTION ( 'NONE',  ( -1.000000000000000000, 1.239088197126290077E-15, 1.377868836128689948E-31 ) ) ;
#1256 = STYLED_ITEM ( 'NONE', ( #1017 ), #5403 ) ;
#1257 = CARTESIAN_POINT ( 'NONE',  ( 6.080000000000000071, -1.620000000000000107, 3.750000000000000000 ) ) ;
#1258 = PRESENTATION_LAYER_ASSIGNMENT (  '', '', ( #4477 ) ) ;
#1259 = ORIENTED_EDGE ( 'NONE', *, *, #2020, .T. ) ;
#1260 = ADVANCED_FACE ( 'NONE', ( #7243 ), #105, .T. ) ;
#1261 = VECTOR ( 'NONE', #791, 1000.000000000000000 ) ;
#1262 = SURFACE_STYLE_USAGE ( .BOTH. , #2966 ) ;
#1263 = ITEM_DEFINED_TRANSFORMATION ( 'NONE', 'NONE', #1887,  #4622 ) ;
#1264 = SURFACE_STYLE_FILL_AREA ( #5365 ) ;
#1265 =( GEOMETRIC_REPRESENTATION_CONTEXT ( 3 ) GLOBAL_UNCERTAINTY_ASSIGNED_CONTEXT ( ( #3978 ) ) GLOBAL_UNIT_ASSIGNED_CONTEXT ( ( #5616, #2550, #1393 ) ) REPRESENTATION_CONTEXT ( 'NONE', 'WORKASPACE' ) );
#1266 = SURFACE_STYLE_FILL_AREA ( #4207 ) ;
#1267 = CARTESIAN_POINT ( 'NONE',  ( -6.080000000000000071, -1.620000000000000107, -3.449999999999999734 ) ) ;
#1268 = CARTESIAN_POINT ( 'NONE',  ( -6.599999999999999645, 0.9200000000000012612, 4.050000000000001599 ) ) ;
#1269 = AXIS2_PLACEMENT_3D ( 'NONE', #3236, #1499, #4476 ) ;
#1270 = VECTOR ( 'NONE', #7151, 1000.000000000000000 ) ;
#1271 = ORIENTED_EDGE ( 'NONE', *, *, #2474, .T. ) ;
#1272 = ORIENTED_EDGE ( 'NONE', *, *, #4165, .F. ) ;
#1273 = VERTEX_POINT ( 'NONE', #5576 ) ;
#1274 = STYLED_ITEM ( 'NONE', ( #7354 ), #7559 ) ;
#1275 = PLANE ( 'NONE',  #634 ) ;
#1276 = DIRECTION ( 'NONE',  ( -0.7071067811865461294, 0.000000000000000000, -0.7071067811865490160 ) ) ;
#1277 = FACE_OUTER_BOUND ( 'NONE', #2324, .T. ) ;
#1278 = CARTESIAN_POINT ( 'NONE',  ( -9.901406000701879151, 0.9200000000000011502, -3.449999999999999734 ) ) ;
#1279 = CARTESIAN_POINT ( 'NONE',  ( -6.599999999999999645, -1.820000000000000062, 4.250000000000000000 ) ) ;
#1280 = FILL_AREA_STYLE_COLOUR ( '', #1147 ) ;
#1281 = DIRECTION ( 'NONE',  ( -1.000000000000000000, -0.000000000000000000, 0.000000000000000000 ) ) ;
#1282 = ORIENTED_EDGE ( 'NONE', *, *, #2366, .T. ) ;
#1283 = DIRECTION ( 'NONE',  ( 0.7071067811865461294, 0.000000000000000000, -0.7071067811865490160 ) ) ;
#1284 = ORIENTED_EDGE ( 'NONE', *, *, #5646, .T. ) ;
#1285 = FILL_AREA_STYLE_COLOUR ( '', #4082 ) ;
#1286 = LINE ( 'NONE', #3030, #2377 ) ;
#1287 =( LENGTH_UNIT ( ) NAMED_UNIT ( * ) SI_UNIT ( .MILLI., .METRE. ) );
#1288 = CARTESIAN_POINT ( 'NONE',  ( 4.730000000000000426, -0.9200000000000000400, -12.25140600070190011 ) ) ;
#1289 = SURFACE_STYLE_FILL_AREA ( #4232 ) ;
#1290 = ADVANCED_FACE ( 'NONE', ( #4488 ), #405, .T. ) ;
#1291 = DIRECTION ( 'NONE',  ( -1.000000000000000000, -0.000000000000000000, -0.000000000000000000 ) ) ;
#1292 = ORIENTED_EDGE ( 'NONE', *, *, #3661, .T. ) ;
#1293 = PRESENTATION_LAYER_ASSIGNMENT (  '', '', ( #1053 ) ) ;
#1294 = LINE ( 'NONE', #3038, #1620 ) ;
#1295 = PRESENTATION_STYLE_ASSIGNMENT (( #198 ) ) ;
#1296 =( NAMED_UNIT ( * ) SI_UNIT ( $, .STERADIAN. ) SOLID_ANGLE_UNIT ( ) );
#1297 = STYLED_ITEM ( 'NONE', ( #6958 ), #346 ) ;
#1298 = VERTEX_POINT ( 'NONE', #5105 ) ;
#1299 = DIRECTION ( 'NONE',  ( -0.02505097067657190840, 0.000000000000000000, 0.9996861751910753879 ) ) ;
#1300 = AXIS2_PLACEMENT_3D ( 'NONE', #5209, #85, #4662 ) ;
#1301 = DIRECTION ( 'NONE',  ( 0.000000000000000000, 0.7071067811865450192, -0.7071067811865500152 ) ) ;
#1302 = SURFACE_SIDE_STYLE ('',( #4205 ) ) ;
#1303 = LINE ( 'NONE', #4248, #2343 ) ;
#1304 = EDGE_CURVE ( 'NONE', #5469, #4650, #3272, .T. ) ;
#1305 = DIRECTION ( 'NONE',  ( 0.7071067811865450192, 0.000000000000000000, -0.7071067811865500152 ) ) ;
#1306 = FILL_AREA_STYLE_COLOUR ( '', #341 ) ;
#1307 = ADVANCED_FACE ( 'NONE', ( #2128 ), #4945, .F. ) ;
#1308 =( NAMED_UNIT ( * ) PLANE_ANGLE_UNIT ( ) SI_UNIT ( $, .RADIAN. ) );
#1309 = ORIENTED_EDGE ( 'NONE', *, *, #696, .T. ) ;
#1310 = VECTOR ( 'NONE', #120, 1000.000000000000000 ) ;
#1311 = VERTEX_POINT ( 'NONE', #3940 ) ;
#1312 = EDGE_LOOP ( 'NONE', ( #1047, #3782, #1160, #6732, #4034 ) ) ;
#1313 = DIRECTION ( 'NONE',  ( -0.000000000000000000, 0.000000000000000000, -1.000000000000000000 ) ) ;
#1314 = FILL_AREA_STYLE ('',( #22 ) ) ;
#1315 = SURFACE_SIDE_STYLE ('',( #857 ) ) ;
#1316 = MECHANICAL_DESIGN_GEOMETRIC_PRESENTATION_REPRESENTATION (  '', ( #2682 ), #5512 ) ;
#1317 = FACE_OUTER_BOUND ( 'NONE', #6532, .T. ) ;
#1318 = CARTESIAN_POINT ( 'NONE',  ( 0.000000000000000000, 0.4000000000000000222, -4.023197458950360073 ) ) ;
#1319 = ORIENTED_EDGE ( 'NONE', *, *, #7211, .F. ) ;
#1320 = CARTESIAN_POINT ( 'NONE',  ( 5.429999999999999716, 1.620000000000000107, 3.750000000000000000 ) ) ;
#1321 = ORIENTED_EDGE ( 'NONE', *, *, #1125, .T. ) ;
#1322 =( NAMED_UNIT ( * ) SI_UNIT ( $, .STERADIAN. ) SOLID_ANGLE_UNIT ( ) );
#1323 = CARTESIAN_POINT ( 'NONE',  ( -0.9690439428171118141, -1.761828530288944705E-16, 0.9245656430320835506 ) ) ;
#1324 = DIRECTION ( 'NONE',  ( 0.000000000000000000, -1.112002228190259966E-16, 1.000000000000000000 ) ) ;
#1325 = CARTESIAN_POINT ( 'NONE',  ( 0.8932477478277009997, 0.4000000000000000222, 0.4035344174496410252 ) ) ;
#1326 = ORIENTED_EDGE ( 'NONE', *, *, #7532, .T. ) ;
#1327 =( NAMED_UNIT ( * ) PLANE_ANGLE_UNIT ( ) SI_UNIT ( $, .RADIAN. ) );
#1328 = SURFACE_SIDE_STYLE ('',( #6184 ) ) ;
#1329 = CARTESIAN_POINT ( 'NONE',  ( 1.990000000000000435, -2.540000000000000036, 4.250000000000000000 ) ) ;
#1330 = CARTESIAN_POINT ( 'NONE',  ( -5.629999999999999893, -2.540000000000000036, 4.250000000000000000 ) ) ;
#1331 = APPLICATION_CONTEXT ( 'automotive_design' ) ;
#1332 = EDGE_CURVE ( 'NONE', #6359, #5345, #6317, .T. ) ;
#1333 = ORIENTED_EDGE ( 'NONE', *, *, #5378, .T. ) ;
#1334 = CARTESIAN_POINT ( 'NONE',  ( 0.8588250565440940232, -2.168404344971008868E-16, 5.322969931419179623 ) ) ;
#1335 = CARTESIAN_POINT ( 'NONE',  ( -0.5569527916718959304, -1.626303258728256651E-16, 2.050178687254367915 ) ) ;
#1336 = ITEM_DEFINED_TRANSFORMATION ( 'NONE', 'NONE', #1762,  #4622 ) ;
#1337 = STYLED_ITEM ( 'NONE', ( #5997 ), #2929 ) ;
#1338 =( LENGTH_UNIT ( ) NAMED_UNIT ( * ) SI_UNIT ( .MILLI., .METRE. ) );
#1339 = DIRECTION ( 'NONE',  ( -0.000000000000000000, 0.000000000000000000, -1.000000000000000000 ) ) ;
#1340 = PLANE ( 'NONE',  #3036 ) ;
#1341 = UNCERTAINTY_MEASURE_WITH_UNIT (LENGTH_MEASURE( 1.000000000000000082E-05 ), #5320, 'distance_accuracy_value', 'NONE');
#1342 = CARTESIAN_POINT ( 'NONE',  ( 0.1830820574702410053, -3.898791012257873452E-16, 5.449641565359209849 ) ) ;
#1343 = ORIENTED_EDGE ( 'NONE', *, *, #6734, .F. ) ;
#1344 = ORIENTED_EDGE ( 'NONE', *, *, #3849, .F. ) ;
#1345 =( GEOMETRIC_REPRESENTATION_CONTEXT ( 3 ) GLOBAL_UNCERTAINTY_ASSIGNED_CONTEXT ( ( #487 ) ) GLOBAL_UNIT_ASSIGNED_CONTEXT ( ( #2227, #6995, #2306 ) ) REPRESENTATION_CONTEXT ( 'NONE', 'WORKASPACE' ) );
#1346 = ORIENTED_EDGE ( 'NONE', *, *, #4677, .F. ) ;
#1347 = DIRECTION ( 'NONE',  ( -0.02505097067657190840, 0.000000000000000000, 0.9996861751910753879 ) ) ;
#1348 = CARTESIAN_POINT ( 'NONE',  ( -0.8932477478277009997, 0.4000000000000000222, 0.3147096712329959800 ) ) ;
#1349 = PRESENTATION_STYLE_ASSIGNMENT (( #3138 ) ) ;
#1350 = PRESENTATION_LAYER_ASSIGNMENT (  '', '', ( #7534 ) ) ;
#1351 =( GEOMETRIC_REPRESENTATION_CONTEXT ( 3 ) GLOBAL_UNCERTAINTY_ASSIGNED_CONTEXT ( ( #1034 ) ) GLOBAL_UNIT_ASSIGNED_CONTEXT ( ( #915, #7561, #3401 ) ) REPRESENTATION_CONTEXT ( 'NONE', 'WORKASPACE' ) );
#1352 =( NAMED_UNIT ( * ) SI_UNIT ( $, .STERADIAN. ) SOLID_ANGLE_UNIT ( ) );
#1353 = DIRECTION ( 'NONE',  ( 0.000000000000000000, -1.000000000000000000, 0.000000000000000000 ) ) ;
#1354 = EDGE_LOOP ( 'NONE', ( #5059, #5925, #4540, #604 ) ) ;
#1355 = VERTEX_POINT ( 'NONE', #442 ) ;
#1356 = ORIENTED_EDGE ( 'NONE', *, *, #3754, .F. ) ;
#1357 = ADVANCED_FACE ( 'NONE', ( #2795 ), #5146, .F. ) ;
#1358 = COLOUR_RGB ( '',0.7411764705882353255, 0.7764705882352941346, 0.8000000000000000444 ) ;
#1359 = LINE ( 'NONE', #6711, #6199 ) ;
#1360 = MECHANICAL_DESIGN_GEOMETRIC_PRESENTATION_REPRESENTATION (  '', ( #1604 ), #1351 ) ;
#1361 = DIRECTION ( 'NONE',  ( 1.000000000000000000, 0.000000000000000000, -0.000000000000000000 ) ) ;
#1362 =( NAMED_UNIT ( * ) SI_UNIT ( $, .STERADIAN. ) SOLID_ANGLE_UNIT ( ) );
#1363 = FILL_AREA_STYLE_COLOUR ( '', #747 ) ;
#1364 = FACE_OUTER_BOUND ( 'NONE', #3541, .T. ) ;
#1365 = LINE ( 'NONE', #3718, #700 ) ;
#1366 = AXIS2_PLACEMENT_3D ( 'NONE', #5444, #4429, #5488 ) ;
#1367 = ORIENTED_EDGE ( 'NONE', *, *, #2523, .F. ) ;
#1368 = VECTOR ( 'NONE', #6569, 1000.000000000000000 ) ;
#1369 = AXIS2_PLACEMENT_3D ( 'NONE', #5435, #6028, #4238 ) ;
#1370 = FACE_OUTER_BOUND ( 'NONE', #2659, .T. ) ;
#1371 = EDGE_CURVE ( 'NONE', #1516, #6650, #3637, .T. ) ;
#1372 = AXIS2_PLACEMENT_3D ( 'NONE', #6866, #257, #3315 ) ;
#1373 = CARTESIAN_POINT ( 'NONE',  ( 6.080000000000000071, -1.620000000000000107, 3.750000000000000000 ) ) ;
#1374 = SURFACE_STYLE_USAGE ( .BOTH. , #7105 ) ;
#1375 = COLOUR_RGB ( '',0.7411764705882353255, 0.7764705882352941346, 0.8000000000000000444 ) ;
#1376 = PRESENTATION_LAYER_ASSIGNMENT (  '', '', ( #3220 ) ) ;
#1377 = ORIENTED_EDGE ( 'NONE', *, *, #2398, .T. ) ;
#1378 = PRESENTATION_LAYER_ASSIGNMENT (  '', '', ( #3720 ) ) ;
#1379 = SURFACE_SIDE_STYLE ('',( #4363 ) ) ;
#1380 = CARTESIAN_POINT ( 'NONE',  ( 2.890000000000000124, -0.9200000000000000400, 3.750000000000000000 ) ) ;
#1382 = DIRECTION ( 'NONE',  ( -1.000000000000000000, 1.239088197126290077E-15, 1.377868836128689948E-31 ) ) ;
#1381 = COLOUR_RGB ( '',0.7411764705882353255, 0.7764705882352941346, 0.8000000000000000444 ) ;
#1383 = VECTOR ( 'NONE', #7566, 1000.000000000000000 ) ;
#1384 = LINE ( 'NONE', #610, #1270 ) ;
#1385 = CARTESIAN_POINT ( 'NONE',  ( 6.599999999999999645, -2.540000000000000036, -4.250000000000000000 ) ) ;
#1386 = FACE_OUTER_BOUND ( 'NONE', #863, .T. ) ;
#1387 = EDGE_CURVE ( 'NONE', #6264, #2395, #6056, .T. ) ;
#1388 = VERTEX_POINT ( 'NONE', #4834 ) ;
#1389 = EDGE_LOOP ( 'NONE', ( #2318, #1343, #16, #766 ) ) ;
#1390 = ORIENTED_EDGE ( 'NONE', *, *, #2071, .T. ) ;
#1391 = DIRECTION ( 'NONE',  ( 0.000000000000000000, -1.000000000000000000, -1.112002228190259966E-16 ) ) ;
#1392 =( NAMED_UNIT ( * ) PLANE_ANGLE_UNIT ( ) SI_UNIT ( $, .RADIAN. ) );
#1393 =( NAMED_UNIT ( * ) SI_UNIT ( $, .STERADIAN. ) SOLID_ANGLE_UNIT ( ) );
#1394 = DIRECTION ( 'NONE',  ( -1.000000000000000000, 0.000000000000000000, -0.000000000000000000 ) ) ;
#1395 = DIRECTION ( 'NONE',  ( 0.000000000000000000, -1.000000000000000000, 0.000000000000000000 ) ) ;
#1396 = MECHANICAL_DESIGN_GEOMETRIC_PRESENTATION_REPRESENTATION (  '', ( #310 ), #7082 ) ;
#1397 = LINE ( 'NONE', #1930, #4605 ) ;
#1398 = SURFACE_STYLE_USAGE ( .BOTH. , #5417 ) ;
#1399 = VERTEX_POINT ( 'NONE', #5991 ) ;
#1400 =( GEOMETRIC_REPRESENTATION_CONTEXT ( 3 ) GLOBAL_UNCERTAINTY_ASSIGNED_CONTEXT ( ( #815 ) ) GLOBAL_UNIT_ASSIGNED_CONTEXT ( ( #6325, #2137, #2249 ) ) REPRESENTATION_CONTEXT ( 'NONE', 'WORKASPACE' ) );
#1401 =( NAMED_UNIT ( * ) PLANE_ANGLE_UNIT ( ) SI_UNIT ( $, .RADIAN. ) );
#1402 = VERTEX_POINT ( 'NONE', #4188 ) ;
#1403 = SURFACE_SIDE_STYLE ('',( #6172 ) ) ;
#1404 = PLANE ( 'NONE',  #175 ) ;
#1405 = FACE_OUTER_BOUND ( 'NONE', #1947, .T. ) ;
#1406 = CARTESIAN_POINT ( 'NONE',  ( -1.990000000000000435, -0.7199999999999999734, 4.250000000000000000 ) ) ;
#1407 = AXIS2_PLACEMENT_3D ( 'NONE', #3274, #4550, #7470 ) ;
#1408 =( NAMED_UNIT ( * ) SI_UNIT ( $, .STERADIAN. ) SOLID_ANGLE_UNIT ( ) );
#1409 = EDGE_CURVE ( 'NONE', #6472, #5732, #4303, .T. ) ;
#1410 = ADVANCED_FACE ( 'NONE', ( #3067 ), #2447, .F. ) ;
#1411 = ORIENTED_EDGE ( 'NONE', *, *, #818, .T. ) ;
#1412 = SURFACE_STYLE_USAGE ( .BOTH. , #5545 ) ;
#1413 = PLANE ( 'NONE',  #1132 ) ;
#1414 =( NAMED_UNIT ( * ) SI_UNIT ( $, .STERADIAN. ) SOLID_ANGLE_UNIT ( ) );
#1415 = SURFACE_SIDE_STYLE ('',( #3041 ) ) ;
#1416 = DIRECTION ( 'NONE',  ( -0.7071067811865461294, 0.000000000000000000, -0.7071067811865490160 ) ) ;
#1417 = EDGE_LOOP ( 'NONE', ( #3579, #1271, #7493, #3170 ) ) ;
#1418 = DIRECTION ( 'NONE',  ( 0.000000000000000000, -1.000000000000000000, -0.000000000000000000 ) ) ;
#1419 = UNCERTAINTY_MEASURE_WITH_UNIT (LENGTH_MEASURE( 1.000000000000000082E-05 ), #2438, 'distance_accuracy_value', 'NONE');
#1420 = CARTESIAN_POINT ( 'NONE',  ( 2.189999999999999947, 0.9200000000000000400, 3.750000000000000000 ) ) ;
#1421 = PLANE ( 'NONE',  #5678 ) ;
#1422 = SURFACE_STYLE_USAGE ( .BOTH. , #4929 ) ;
#1423 = LINE ( 'NONE', #4012, #6831 ) ;
#1424 = UNCERTAINTY_MEASURE_WITH_UNIT (LENGTH_MEASURE( 1.000000000000000082E-05 ), #6535, 'distance_accuracy_value', 'NONE');
#1425 = CARTESIAN_POINT ( 'NONE',  ( -0.3499999999999999778, 1.620000000000000107, -12.25140600070190011 ) ) ;
#1426 = ORIENTED_EDGE ( 'NONE', *, *, #2441, .F. ) ;
#1427 = EDGE_LOOP ( 'NONE', ( #6682, #1768, #6422, #6115 ) ) ;
#1428 = EDGE_LOOP ( 'NONE', ( #5411, #7358, #1030, #2204, #3779, #1106, #582, #5651 ) ) ;
#1429 = COLOUR_RGB ( '',0.2000000000000000111, 0.2000000000000000111, 0.2000000000000000111 ) ;
#1430 = CARTESIAN_POINT ( 'NONE',  ( -2.890000000000000124, 0.9200000000000000400, 3.750000000000000000 ) ) ;
#1431 = FILL_AREA_STYLE_COLOUR ( '', #7548 ) ;
#1432 = CARTESIAN_POINT ( 'NONE',  ( -0.7366198555544819504, 0.4000000000000000222, -0.05191018432148639811 ) ) ;
#1433 = DIRECTION ( 'NONE',  ( 0.000000000000000000, -0.000000000000000000, 1.000000000000000000 ) ) ;
#1434 = SURFACE_SIDE_STYLE ('',( #5381 ) ) ;
#1435 = VECTOR ( 'NONE', #2271, 1000.000000000000000 ) ;
#1436 = PRESENTATION_STYLE_ASSIGNMENT (( #1511 ) ) ;
#1437 = ORIENTED_EDGE ( 'NONE', *, *, #2668, .T. ) ;
#1438 = ORIENTED_EDGE ( 'NONE', *, *, #6839, .F. ) ;
#1439 = VERTEX_POINT ( 'NONE', #7138 ) ;
#1440 = EDGE_CURVE ( 'NONE', #6386, #7291, #672, .T. ) ;
#1441 = DIRECTION ( 'NONE',  ( 0.000000000000000000, -1.000000000000000000, -1.112002228190259966E-16 ) ) ;
#1442 = ADVANCED_FACE ( 'NONE', ( #3033 ), #5194, .T. ) ;
#1443 = SURFACE_SIDE_STYLE ('',( #7275 ) ) ;
#1444 = CARTESIAN_POINT ( 'NONE',  ( -0.6405210985066780438, -2.168404344971008868E-16, 6.186473989507359939 ) ) ;
#1445 = ORIENTED_EDGE ( 'NONE', *, *, #150, .F. ) ;
#1446 = PRESENTATION_STYLE_ASSIGNMENT (( #5596 ) ) ;
#1447 = FILL_AREA_STYLE ('',( #6760 ) ) ;
#1448 = SURFACE_STYLE_USAGE ( .BOTH. , #2035 ) ;
#1449 = SURFACE_STYLE_FILL_AREA ( #6149 ) ;
#1450 = ORIENTED_EDGE ( 'NONE', *, *, #4315, .F. ) ;
#1451 = EDGE_CURVE ( 'NONE', #2023, #5699, #6872, .T. ) ;
#1452 = DIRECTION ( 'NONE',  ( -0.000000000000000000, 1.000000000000000000, -0.000000000000000000 ) ) ;
#1453 = DIRECTION ( 'NONE',  ( 1.000000000000000000, -0.000000000000000000, 0.000000000000000000 ) ) ;
#1454 = DIRECTION ( 'NONE',  ( 1.000000000000000000, 0.000000000000000000, -0.000000000000000000 ) ) ;
#1455 = CARTESIAN_POINT ( 'NONE',  ( 0.1138737533966043963, 0.4000000000000000222, -4.023197458950359184 ) ) ;
#1456 = VERTEX_POINT ( 'NONE', #6372 ) ;
#1457 = DIRECTION ( 'NONE',  ( -0.9996861751910754990, 0.000000000000000000, -0.02505097067657191187 ) ) ;
#1458 = DIRECTION ( 'NONE',  ( 0.000000000000000000, 1.000000000000000000, 0.000000000000000000 ) ) ;
#1459 = DIRECTION ( 'NONE',  ( 0.06397705464214722970, 0.000000000000000000, 0.9979513697968031005 ) ) ;
#1460 = LINE ( 'NONE', #2637, #4558 ) ;
#1461 = LINE ( 'NONE', #7316, #2590 ) ;
#1462 = CARTESIAN_POINT ( 'NONE',  ( 0.5569527916718951532, 0.000000000000000000, 2.050178687254367915 ) ) ;
#1463 = EDGE_CURVE ( 'NONE', #753, #6651, #3922, .T. ) ;
#1464 = DIRECTION ( 'NONE',  ( 0.000000000000000000, -0.000000000000000000, -1.000000000000000000 ) ) ;
#1465 = EDGE_LOOP ( 'NONE', ( #3388, #2169, #6774, #575 ) ) ;
#1466 = COLOUR_RGB ( '',0.2000000000000000111, 0.2000000000000000111, 0.2000000000000000111 ) ;
#1467 = VECTOR ( 'NONE', #5068, 1000.000000000000000 ) ;
#1468 = ORIENTED_EDGE ( 'NONE', *, *, #187, .F. ) ;
#1469 = ORIENTED_EDGE ( 'NONE', *, *, #936, .F. ) ;
#1470 = LINE ( 'NONE', #4872, #1143 ) ;
#1471 = CARTESIAN_POINT ( 'NONE',  ( 5.429999999999998828, 0.9200000000000012612, 4.050000000000001599 ) ) ;
#1472 = LINE ( 'NONE', #2649, #2110 ) ;
#1473 = VECTOR ( 'NONE', #3529, 1000.000000000000000 ) ;
#1474 = VECTOR ( 'NONE', #4818, 1000.000000000000000 ) ;
#1475 = DIRECTION ( 'NONE',  ( 0.000000000000000000, 1.000000000000000000, 0.000000000000000000 ) ) ;
#1476 = DIRECTION ( 'NONE',  ( -1.000000000000000000, -0.000000000000000000, 0.000000000000000000 ) ) ;
#1477 = FACE_OUTER_BOUND ( 'NONE', #3765, .T. ) ;
#1478 = ORIENTED_EDGE ( 'NONE', *, *, #788, .F. ) ;
#1479 = EDGE_CURVE ( 'NONE', #4721, #967, #5034, .T. ) ;
#1480 = AXIS2_PLACEMENT_3D ( 'NONE', #3918, #6261, #1631 ) ;
#1481 = VECTOR ( 'NONE', #1704, 1000.000000000000000 ) ;
#1482 = SURFACE_STYLE_USAGE ( .BOTH. , #4423 ) ;
#1483 = VECTOR ( 'NONE', #3462, 1000.000000000000000 ) ;
#1484 = PRESENTATION_LAYER_ASSIGNMENT (  '', '', ( #7052 ) ) ;
#1485 = DIRECTION ( 'NONE',  ( 0.5773502691896273964, -0.5773502691896249539, -0.5773502691896249539 ) ) ;
#1486 =( GEOMETRIC_REPRESENTATION_CONTEXT ( 3 ) GLOBAL_UNCERTAINTY_ASSIGNED_CONTEXT ( ( #1038 ) ) GLOBAL_UNIT_ASSIGNED_CONTEXT ( ( #2036, #3764, #1362 ) ) REPRESENTATION_CONTEXT ( 'NONE', 'WORKASPACE' ) );
#1487 = ORIENTED_EDGE ( 'NONE', *, *, #6897, .T. ) ;
#1488 = VECTOR ( 'NONE', #4398, 1000.000000000000000 ) ;
#1489 = FILL_AREA_STYLE_COLOUR ( '', #5094 ) ;
#1490 = UNCERTAINTY_MEASURE_WITH_UNIT (LENGTH_MEASURE( 1.000000000000000082E-05 ), #6298, 'distance_accuracy_value', 'NONE');
#1491 =( GEOMETRIC_REPRESENTATION_CONTEXT ( 3 ) GLOBAL_UNCERTAINTY_ASSIGNED_CONTEXT ( ( #1424 ) ) GLOBAL_UNIT_ASSIGNED_CONTEXT ( ( #6535, #685, #5406 ) ) REPRESENTATION_CONTEXT ( 'NONE', 'WORKASPACE' ) );
#1492 =( LENGTH_UNIT ( ) NAMED_UNIT ( * ) SI_UNIT ( .MILLI., .METRE. ) );
#1493 = FILL_AREA_STYLE ('',( #7346 ) ) ;
#1494 = CARTESIAN_POINT ( 'NONE',  ( 0.6405210985066780438, 0.4000000000000000222, 6.186473989507359939 ) ) ;
#1495 = CARTESIAN_POINT ( 'NONE',  ( -1.000000000000000000, -0.9199999999999998179, 3.750000000000000000 ) ) ;
#1496 = STYLED_ITEM ( 'NONE', ( #3072 ), #4193 ) ;
#1497 = UNCERTAINTY_MEASURE_WITH_UNIT (LENGTH_MEASURE( 1.000000000000000082E-05 ), #4854, 'distance_accuracy_value', 'NONE');
#1498 = PRESENTATION_LAYER_ASSIGNMENT (  '', '', ( #2612 ) ) ;
#1499 = DIRECTION ( 'NONE',  ( 0.000000000000000000, 0.7071067811865455743, -0.7071067811865495711 ) ) ;
#1500 = EDGE_CURVE ( 'NONE', #841, #4314, #388, .T. ) ;
#1501 = ORIENTED_EDGE ( 'NONE', *, *, #1010, .F. ) ;
#1502 =( GEOMETRIC_REPRESENTATION_CONTEXT ( 3 ) GLOBAL_UNCERTAINTY_ASSIGNED_CONTEXT ( ( #3518 ) ) GLOBAL_UNIT_ASSIGNED_CONTEXT ( ( #5367, #1646, #6119 ) ) REPRESENTATION_CONTEXT ( 'NONE', 'WORKASPACE' ) );
#1503 = PLANE ( 'NONE',  #7069 ) ;
#1504 = STYLED_ITEM ( 'NONE', ( #6555 ), #4407 ) ;
#1505 = SURFACE_STYLE_FILL_AREA ( #6812 ) ;
#1506 = DIRECTION ( 'NONE',  ( -1.000000000000000000, 0.000000000000000000, -0.000000000000000000 ) ) ;
#1507 = PRODUCT_DEFINITION_SHAPE ( 'NONE', 'NONE',  #7636 ) ;
#1508 = VECTOR ( 'NONE', #4202, 1000.000000000000000 ) ;
#1509 = CARTESIAN_POINT ( 'NONE',  ( -6.599999999999999645, -0.7199999999999999734, 4.250000000000000000 ) ) ;
#1510 = LINE ( 'NONE', #3201, #3485 ) ;
#1511 = SURFACE_STYLE_USAGE ( .BOTH. , #365 ) ;
#1512 =( GEOMETRIC_REPRESENTATION_CONTEXT ( 3 ) GLOBAL_UNCERTAINTY_ASSIGNED_CONTEXT ( ( #4285 ) ) GLOBAL_UNIT_ASSIGNED_CONTEXT ( ( #3287, #2211, #6224 ) ) REPRESENTATION_CONTEXT ( 'NONE', 'WORKASPACE' ) );
#1513 = COLOUR_RGB ( '',0.7411764705882353255, 0.7764705882352941346, 0.8000000000000000444 ) ;
#1514 = ORIENTED_EDGE ( 'NONE', *, *, #4572, .F. ) ;
#1515 = ORIENTED_EDGE ( 'NONE', *, *, #4478, .T. ) ;
#1516 = VERTEX_POINT ( 'NONE', #6295 ) ;
#1517 = FILL_AREA_STYLE_COLOUR ( '', #4588 ) ;
#1518 = CARTESIAN_POINT ( 'NONE',  ( 3.540000000000000036, -4.170008355713480109E-16, 3.750000000000000000 ) ) ;
#1519 =( GEOMETRIC_REPRESENTATION_CONTEXT ( 3 ) GLOBAL_UNCERTAINTY_ASSIGNED_CONTEXT ( ( #3898 ) ) GLOBAL_UNIT_ASSIGNED_CONTEXT ( ( #1003, #4447, #4555 ) ) REPRESENTATION_CONTEXT ( 'NONE', 'WORKASPACE' ) );
#1520 = CARTESIAN_POINT ( 'NONE',  ( -0.8932477478277009997, 0.4000000000000000222, 0.4035344174496410252 ) ) ;
#1521 = LINE ( 'NONE', #1444, #5714 ) ;
#1522 = AXIS2_PLACEMENT_3D ( 'NONE', #3666, #7125, #7240 ) ;
#1523 =( LENGTH_UNIT ( ) NAMED_UNIT ( * ) SI_UNIT ( .MILLI., .METRE. ) );
#1524 = SURFACE_STYLE_USAGE ( .BOTH. , #6830 ) ;
#1525 = DIRECTION ( 'NONE',  ( -0.000000000000000000, 0.000000000000000000, -1.000000000000000000 ) ) ;
#1526 = VECTOR ( 'NONE', #67, 1000.000000000000000 ) ;
#1527 = DIRECTION ( 'NONE',  ( -0.000000000000000000, 1.000000000000000000, -0.000000000000000000 ) ) ;
#1528 = ORIENTED_EDGE ( 'NONE', *, *, #2882, .T. ) ;
#1529 = COLOUR_RGB ( '',0.7411764705882353255, 0.7764705882352941346, 0.8000000000000000444 ) ;
#1530 =( NAMED_UNIT ( * ) PLANE_ANGLE_UNIT ( ) SI_UNIT ( $, .RADIAN. ) );
#1531 = AXIS2_PLACEMENT_3D ( 'NONE', #3869, #2198, #3935 ) ;
#1532 = DIRECTION ( 'NONE',  ( -1.000000000000000000, 0.000000000000000000, -0.000000000000000000 ) ) ;
#1533 = LINE ( 'NONE', #5036, #3977 ) ;
#1534 = CARTESIAN_POINT ( 'NONE',  ( -5.429999999999998828, -2.540000000000000036, 4.050000000000000711 ) ) ;
#1535 = VERTEX_POINT ( 'NONE', #5672 ) ;
#1536 = EDGE_CURVE ( 'NONE', #5792, #7322, #379, .T. ) ;
#1537 = FILL_AREA_STYLE ('',( #1035 ) ) ;
#1538 = DIRECTION ( 'NONE',  ( -0.000000000000000000, 0.000000000000000000, -1.000000000000000000 ) ) ;
#1539 = FACE_OUTER_BOUND ( 'NONE', #3307, .T. ) ;
#1540 = EDGE_LOOP ( 'NONE', ( #6094, #3029, #6944, #50 ) ) ;
#1541 = LINE ( 'NONE', #7421, #4105 ) ;
#1542 = ADVANCED_FACE ( 'NONE', ( #1560 ), #5634, .F. ) ;
#1543 = EDGE_CURVE ( 'NONE', #4934, #5095, #2099, .T. ) ;
#1544 = CARTESIAN_POINT ( 'NONE',  ( 0.5569527916718950422, 0.4000000000000000222, 2.050178687254370136 ) ) ;
#1545 = FILL_AREA_STYLE_COLOUR ( '', #180 ) ;
#1546 = CARTESIAN_POINT ( 'NONE',  ( 0.3699999999999999956, 0.000000000000000000, -0.05191018432148630096 ) ) ;
#1547 = ORIENTED_EDGE ( 'NONE', *, *, #6839, .T. ) ;
#1548 = VECTOR ( 'NONE', #7623, 1000.000000000000000 ) ;
#1549 = VERTEX_POINT ( 'NONE', #6837 ) ;
#1550 = AXIS2_PLACEMENT_3D ( 'NONE', #860, #7430, #3306 ) ;
#1551 = ORIENTED_EDGE ( 'NONE', *, *, #7176, .T. ) ;
#1552 = CARTESIAN_POINT ( 'NONE',  ( 1.540000000000000036, 1.620000000000000107, -12.25140600070190011 ) ) ;
#1553 = ADVANCED_FACE ( 'NONE', ( #5119 ), #1598, .F. ) ;
#1554 = PRESENTATION_LAYER_ASSIGNMENT (  '', '', ( #3395 ) ) ;
#1555 = DIRECTION ( 'NONE',  ( 1.000000000000000000, -0.000000000000000000, 0.000000000000000000 ) ) ;
#1556 = CARTESIAN_POINT ( 'NONE',  ( -1.016818841108109162, 0.2000000000000000389, 1.013987114409429902 ) ) ;
#1557 = CARTESIAN_POINT ( 'NONE',  ( -0.9690439428171118141, 0.2000000000000000111, 0.9245656430320832175 ) ) ;
#1558 = ORIENTED_EDGE ( 'NONE', *, *, #2150, .T. ) ;
#1559 = VECTOR ( 'NONE', #4580, 999.9999999999998863 ) ;
#1560 = FACE_OUTER_BOUND ( 'NONE', #3539, .T. ) ;
#1561 =( LENGTH_UNIT ( ) NAMED_UNIT ( * ) SI_UNIT ( .MILLI., .METRE. ) );
#1562 = CARTESIAN_POINT ( 'NONE',  ( -1.540000000000000036, -4.170008355713480109E-16, 3.750000000000000000 ) ) ;
#1563 = SURFACE_STYLE_FILL_AREA ( #5719 ) ;
#1564 = AXIS2_PLACEMENT_3D ( 'NONE', #1557, #978, #7015 ) ;
#1565 = DIRECTION ( 'NONE',  ( 1.000000000000000000, 1.239088197126290077E-15, 1.377868836128689948E-31 ) ) ;
#1566 = ORIENTED_EDGE ( 'NONE', *, *, #3809, .F. ) ;
#1567 = UNCERTAINTY_MEASURE_WITH_UNIT (LENGTH_MEASURE( 1.000000000000000082E-05 ), #3791, 'distance_accuracy_value', 'NONE');
#1568 = DIRECTION ( 'NONE',  ( 0.000000000000000000, -0.7071067811865450192, -0.7071067811865500152 ) ) ;
#1569 =( NAMED_UNIT ( * ) PLANE_ANGLE_UNIT ( ) SI_UNIT ( $, .RADIAN. ) );
#1570 = PLANE ( 'NONE',  #5200 ) ;
#1571 = DIRECTION ( 'NONE',  ( 0.000000000000000000, 0.7071067811865455743, -0.7071067811865495711 ) ) ;
#1572 = UNCERTAINTY_MEASURE_WITH_UNIT (LENGTH_MEASURE( 1.000000000000000082E-05 ), #2255, 'distance_accuracy_value', 'NONE');
#1573 = ADVANCED_FACE ( 'NONE', ( #2327 ), #6522, .T. ) ;
#1574 = EDGE_CURVE ( 'NONE', #3894, #720, #5876, .T. ) ;
#1575 = ORIENTED_EDGE ( 'NONE', *, *, #6484, .T. ) ;
#1576 = LINE ( 'NONE', #5735, #6951 ) ;
#1577 = DIRECTION ( 'NONE',  ( 0.000000000000000000, 0.000000000000000000, 1.000000000000000000 ) ) ;
#1578 =( LENGTH_UNIT ( ) NAMED_UNIT ( * ) SI_UNIT ( .MILLI., .METRE. ) );
#1579 = UNCERTAINTY_MEASURE_WITH_UNIT (LENGTH_MEASURE( 1.000000000000000082E-05 ), #435, 'distance_accuracy_value', 'NONE');
#1580 = DIRECTION ( 'NONE',  ( 1.000000000000000000, 0.000000000000000000, -0.000000000000000000 ) ) ;
#1581 =( LENGTH_UNIT ( ) NAMED_UNIT ( * ) SI_UNIT ( .MILLI., .METRE. ) );
#1582 = DIRECTION ( 'NONE',  ( -0.02505097067657167248, 9.486769009248167742E-16, 0.9996861751910753879 ) ) ;
#1583 = CARTESIAN_POINT ( 'NONE',  ( -6.599999999999999645, 0.7200000000000009726, 4.250000000000000000 ) ) ;
#1584 = ORIENTED_EDGE ( 'NONE', *, *, #5482, .T. ) ;
#1585 = VERTEX_POINT ( 'NONE', #3436 ) ;
#1586 = VERTEX_POINT ( 'NONE', #2407 ) ;
#1587 = SURFACE_SIDE_STYLE ('',( #4528 ) ) ;
#1588 = DIRECTION ( 'NONE',  ( 0.000000000000000000, 1.000000000000000000, 0.000000000000000000 ) ) ;
#1589 = DIRECTION ( 'NONE',  ( -1.000000000000000000, -0.000000000000000000, 0.000000000000000000 ) ) ;
#1590 = DIRECTION ( 'NONE',  ( 0.000000000000000000, -0.000000000000000000, 1.000000000000000000 ) ) ;
#1591 =( NAMED_UNIT ( * ) SI_UNIT ( $, .STERADIAN. ) SOLID_ANGLE_UNIT ( ) );
#1592 = FILL_AREA_STYLE_COLOUR ( '', #6456 ) ;
#1593 = DIRECTION ( 'NONE',  ( 1.000000000000000000, 0.000000000000000000, -0.000000000000000000 ) ) ;
#1594 = ORIENTED_EDGE ( 'NONE', *, *, #3769, .F. ) ;
#1595 = ADVANCED_FACE ( 'NONE', ( #4182 ), #3593, .T. ) ;
#1596 = EDGE_CURVE ( 'NONE', #732, #6790, #1359, .T. ) ;
#1597 =( GEOMETRIC_REPRESENTATION_CONTEXT ( 3 ) GLOBAL_UNCERTAINTY_ASSIGNED_CONTEXT ( ( #5988 ) ) GLOBAL_UNIT_ASSIGNED_CONTEXT ( ( #798, #6751, #1791 ) ) REPRESENTATION_CONTEXT ( 'NONE', 'WORKASPACE' ) );
#1598 = PLANE ( 'NONE',  #3200 ) ;
#1599 = COLOUR_RGB ( '',0.2000000000000000111, 0.2000000000000000111, 0.2000000000000000111 ) ;
#1600 = FILL_AREA_STYLE_COLOUR ( '', #3848 ) ;
#1601 = DIRECTION ( 'NONE',  ( -0.000000000000000000, 1.000000000000000000, 1.112002228190259966E-16 ) ) ;
#1602 =( NAMED_UNIT ( * ) PLANE_ANGLE_UNIT ( ) SI_UNIT ( $, .RADIAN. ) );
#1603 = AXIS2_PLACEMENT_3D ( 'NONE', #3665, #1395, #787 ) ;
#1604 = STYLED_ITEM ( 'NONE', ( #6906 ), #1542 ) ;
#1605 = ORIENTED_EDGE ( 'NONE', *, *, #4518, .T. ) ;
#1607 = ADVANCED_FACE ( 'NONE', ( #1899 ), #4786, .F. ) ;
#1606 = MECHANICAL_DESIGN_GEOMETRIC_PRESENTATION_REPRESENTATION (  '', ( #5441 ), #2225 ) ;
#1608 = SURFACE_STYLE_USAGE ( .BOTH. , #4733 ) ;
#1609 = DIRECTION ( 'NONE',  ( -0.5773502691896269523, -0.5773502691896253980, 0.5773502691896248429 ) ) ;
#1610 = CARTESIAN_POINT ( 'NONE',  ( -5.629999999999999893, -2.540000000000000036, 4.250000000000000000 ) ) ;
#1611 = VECTOR ( 'NONE', #6192, 1000.000000000000000 ) ;
#1612 = ORIENTED_EDGE ( 'NONE', *, *, #2622, .F. ) ;
#1613 = AXIS2_PLACEMENT_3D ( 'NONE', #5186, #1301, #3011 ) ;
#1614 = ADVANCED_FACE ( 'NONE', ( #2024 ), #5423, .F. ) ;
#1615 = DIRECTION ( 'NONE',  ( -0.000000000000000000, 0.000000000000000000, -1.000000000000000000 ) ) ;
#1616 = CARTESIAN_POINT ( 'NONE',  ( 5.080000000000000071, 1.070000000000000062, -3.326802541049640016 ) ) ;
#1617 = B_SPLINE_CURVE_WITH_KNOTS ( 'NONE', 3,
 ( #4286, #6649, #3048, #4808, #1342, #6580, #2544 ),
 .UNSPECIFIED., .F., .F.,
 ( 4, 1, 1, 1, 4 ),
 ( 4.668888894386533081E-51, 0.0004057054834207661108, 0.0008114109668415322215, 0.001217116450262298224, 0.001622821933683064443 ),
 .UNSPECIFIED. ) ;
#1618 = DIRECTION ( 'NONE',  ( -1.239088197126290077E-15, -1.000000000000000000, 0.000000000000000000 ) ) ;
#1619 =( GEOMETRIC_REPRESENTATION_CONTEXT ( 3 ) GLOBAL_UNCERTAINTY_ASSIGNED_CONTEXT ( ( #1708 ) ) GLOBAL_UNIT_ASSIGNED_CONTEXT ( ( #1492, #4541, #6380 ) ) REPRESENTATION_CONTEXT ( 'NONE', 'WORKASPACE' ) );
#1620 = VECTOR ( 'NONE', #5398, 1000.000000000000000 ) ;
#1621 = EDGE_CURVE ( 'NONE', #2697, #5922, #1975, .T. ) ;
#1622 =( NAMED_UNIT ( * ) SI_UNIT ( $, .STERADIAN. ) SOLID_ANGLE_UNIT ( ) );
#1623 = LINE ( 'NONE', #930, #779 ) ;
#1624 = VECTOR ( 'NONE', #6733, 1000.000000000000000 ) ;
#1625 = ORIENTED_EDGE ( 'NONE', *, *, #2734, .T. ) ;
#1626 = ORIENTED_EDGE ( 'NONE', *, *, #1091, .T. ) ;
#1627 = COLOUR_RGB ( '',0.2000000000000000111, 0.2000000000000000111, 0.2000000000000000111 ) ;
#1628 = ORIENTED_EDGE ( 'NONE', *, *, #4532, .T. ) ;
#1629 = STYLED_ITEM ( 'NONE', ( #3734 ), #7064 ) ;
#1630 = CARTESIAN_POINT ( 'NONE',  ( -0.005178789717898660272, 0.000000000000000000, 1.461898641557689782 ) ) ;
#1631 = DIRECTION ( 'NONE',  ( 0.000000000000000000, 0.000000000000000000, -1.000000000000000000 ) ) ;
#1632 =( NAMED_UNIT ( * ) SI_UNIT ( $, .STERADIAN. ) SOLID_ANGLE_UNIT ( ) );
#1633 = PRESENTATION_LAYER_ASSIGNMENT (  '', '', ( #7570 ) ) ;
#1634 = CARTESIAN_POINT ( 'NONE',  ( -6.599999999999999645, -1.820000000000000062, 4.250000000000000000 ) ) ;
#1635 = CARTESIAN_POINT ( 'NONE',  ( 2.890000000000000124, -1.620000000000000107, 3.750000000000000000 ) ) ;
#1636 = ORIENTED_EDGE ( 'NONE', *, *, #4677, .T. ) ;
#1637 = VECTOR ( 'NONE', #5553, 1000.000000000000000 ) ;
#1638 = ORIENTED_EDGE ( 'NONE', *, *, #2237, .F. ) ;
#1639 = VECTOR ( 'NONE', #2907, 1000.000000000000000 ) ;
#1640 = PRESENTATION_LAYER_ASSIGNMENT (  '', '', ( #7332 ) ) ;
#1641 = DIRECTION ( 'NONE',  ( -0.02505097067657292148, 0.000000000000000000, 0.9996861751910753879 ) ) ;
#1642 = DIRECTION ( 'NONE',  ( -0.000000000000000000, 0.000000000000000000, 1.000000000000000000 ) ) ;
#1643 = VECTOR ( 'NONE', #4264, 1000.000000000000000 ) ;
#1644 =( LENGTH_UNIT ( ) NAMED_UNIT ( * ) SI_UNIT ( .MILLI., .METRE. ) );
#1645 = EDGE_CURVE ( 'NONE', #484, #4169, #5471, .T. ) ;
#1646 =( NAMED_UNIT ( * ) PLANE_ANGLE_UNIT ( ) SI_UNIT ( $, .RADIAN. ) );
#1647 = DIRECTION ( 'NONE',  ( -1.239088197126290077E-15, 1.000000000000000000, 0.000000000000000000 ) ) ;
#1648 = PRESENTATION_LAYER_ASSIGNMENT (  '', '', ( #4977 ) ) ;
#1649 = ORIENTED_EDGE ( 'NONE', *, *, #5061, .F. ) ;
#1650 = UNCERTAINTY_MEASURE_WITH_UNIT (LENGTH_MEASURE( 1.000000000000000082E-05 ), #1098, 'distance_accuracy_value', 'NONE');
#1651 = DIRECTION ( 'NONE',  ( 0.000000000000000000, 1.000000000000000000, 0.000000000000000000 ) ) ;
#1652 = PRODUCT_DEFINITION_CONTEXT ( 'detailed design', #5001, 'design' ) ;
#1653 = VERTEX_POINT ( 'NONE', #7248 ) ;
#1654 = FACE_OUTER_BOUND ( 'NONE', #1312, .T. ) ;
#1655 = FACE_OUTER_BOUND ( 'NONE', #6470, .T. ) ;
#1656 = CARTESIAN_POINT ( 'NONE',  ( -6.080000000000000071, 1.620000000000000107, -12.25140600070190011 ) ) ;
#1657 = CARTESIAN_POINT ( 'NONE',  ( 5.429999999999999716, -0.9200000000000000400, 3.750000000000000000 ) ) ;
#1658 = ORIENTED_EDGE ( 'NONE', *, *, #1463, .F. ) ;
#1659 = VERTEX_POINT ( 'NONE', #5152 ) ;
#1660 = ORIENTED_EDGE ( 'NONE', *, *, #567, .T. ) ;
#1661 = FACE_OUTER_BOUND ( 'NONE', #7016, .T. ) ;
#1662 = CARTESIAN_POINT ( 'NONE',  ( 5.429999999999998828, 1.619999999999999885, 4.050000000000001599 ) ) ;
#1663 = DIRECTION ( 'NONE',  ( -0.000000000000000000, 1.000000000000000000, 0.000000000000000000 ) ) ;
#1664 = CARTESIAN_POINT ( 'NONE',  ( -6.599999999999999645, 0.7200000000000009726, 4.250000000000000000 ) ) ;
#1665 = CARTESIAN_POINT ( 'NONE',  ( 3.540000000000000036, 1.620000000000000107, -12.25140600070190011 ) ) ;
#1666 =( NAMED_UNIT ( * ) PLANE_ANGLE_UNIT ( ) SI_UNIT ( $, .RADIAN. ) );
#1667 = LINE ( 'NONE', #7091, #769 ) ;
#1668 =( NAMED_UNIT ( * ) SI_UNIT ( $, .STERADIAN. ) SOLID_ANGLE_UNIT ( ) );
#1669 = ORIENTED_EDGE ( 'NONE', *, *, #5221, .T. ) ;
#1670 = ORIENTED_EDGE ( 'NONE', *, *, #4340, .T. ) ;
#1671 =( NAMED_UNIT ( * ) PLANE_ANGLE_UNIT ( ) SI_UNIT ( $, .RADIAN. ) );
#1672 = COLOUR_RGB ( '',0.2000000000000000111, 0.2000000000000000111, 0.2000000000000000111 ) ;
#1673 =( GEOMETRIC_REPRESENTATION_CONTEXT ( 3 ) GLOBAL_UNCERTAINTY_ASSIGNED_CONTEXT ( ( #4504 ) ) GLOBAL_UNIT_ASSIGNED_CONTEXT ( ( #6819, #3757, #3829 ) ) REPRESENTATION_CONTEXT ( 'NONE', 'WORKASPACE' ) );
#1674 = LINE ( 'NONE', #4500, #4948 ) ;
#1675 = SURFACE_STYLE_FILL_AREA ( #6405 ) ;
#1676 = PRESENTATION_STYLE_ASSIGNMENT (( #3331 ) ) ;
#1677 = DIRECTION ( 'NONE',  ( 0.000000000000000000, -0.000000000000000000, 1.000000000000000000 ) ) ;
#1678 = VECTOR ( 'NONE', #807, 1000.000000000000000 ) ;
#1679 = EDGE_LOOP ( 'NONE', ( #667, #3256, #6051, #1174 ) ) ;
#1680 = SURFACE_STYLE_USAGE ( .BOTH. , #3867 ) ;
#1681 = VECTOR ( 'NONE', #674, 1000.000000000000000 ) ;
#1682 = FILL_AREA_STYLE_COLOUR ( '', #1000 ) ;
#1683 = CARTESIAN_POINT ( 'NONE',  ( 2.889999999999999236, -0.9200000000000000400, 4.050000000000000711 ) ) ;
#1684 = DIRECTION ( 'NONE',  ( 1.000000000000000000, -0.000000000000000000, 0.000000000000000000 ) ) ;
#1685 = FILL_AREA_STYLE_COLOUR ( '', #5443 ) ;
#1686 = VERTEX_POINT ( 'NONE', #3252 ) ;
#1687 = ADVANCED_FACE ( 'NONE', ( #7436 ), #970, .T. ) ;
#1688 =( NAMED_UNIT ( * ) PLANE_ANGLE_UNIT ( ) SI_UNIT ( $, .RADIAN. ) );
#1689 = FILL_AREA_STYLE_COLOUR ( '', #869 ) ;
#1690 =( NAMED_UNIT ( * ) PLANE_ANGLE_UNIT ( ) SI_UNIT ( $, .RADIAN. ) );
#1691 = FILL_AREA_STYLE_COLOUR ( '', #821 ) ;
#1692 = VERTEX_POINT ( 'NONE', #4414 ) ;
#1693 = VERTEX_POINT ( 'NONE', #3999 ) ;
#1694 = EDGE_LOOP ( 'NONE', ( #242, #6409, #831, #3016 ) ) ;
#1695 = SURFACE_STYLE_FILL_AREA ( #132 ) ;
#1696 = PLANE ( 'NONE',  #659 ) ;
#1697 = SURFACE_STYLE_USAGE ( .BOTH. , #4747 ) ;
#1698 = ADVANCED_FACE ( 'NONE', ( #937 ), #2802, .T. ) ;
#1699 = CARTESIAN_POINT ( 'NONE',  ( 0.3819168425098900532, 0.000000000000000000, 4.780491394004579675 ) ) ;
#1700 = PLANE ( 'NONE',  #780 ) ;
#1701 = PLANE ( 'NONE',  #569 ) ;
#1702 = EDGE_LOOP ( 'NONE', ( #3089, #7247, #2513, #1246, #2269 ) ) ;
#1703 = ORIENTED_EDGE ( 'NONE', *, *, #2052, .T. ) ;
#1704 = DIRECTION ( 'NONE',  ( -0.000000000000000000, -1.000000000000000000, 0.000000000000000000 ) ) ;
#1705 = LINE ( 'NONE', #563, #5598 ) ;
#1706 = PRESENTATION_STYLE_ASSIGNMENT (( #5350 ) ) ;
#1707 =( GEOMETRIC_REPRESENTATION_CONTEXT ( 3 ) GLOBAL_UNCERTAINTY_ASSIGNED_CONTEXT ( ( #5277 ) ) GLOBAL_UNIT_ASSIGNED_CONTEXT ( ( #6303, #1569, #2699 ) ) REPRESENTATION_CONTEXT ( 'NONE', 'WORKASPACE' ) );
#1708 = UNCERTAINTY_MEASURE_WITH_UNIT (LENGTH_MEASURE( 1.000000000000000082E-05 ), #1492, 'distance_accuracy_value', 'NONE');
#1709 = DIRECTION ( 'NONE',  ( 0.000000000000000000, -1.112002228190259966E-16, 1.000000000000000000 ) ) ;
#1710 = DIRECTION ( 'NONE',  ( 0.000000000000000000, -1.807003620809174385E-16, 1.000000000000000000 ) ) ;
#1711 = EDGE_CURVE ( 'NONE', #5796, #1131, #3946, .T. ) ;
#1712 = CARTESIAN_POINT ( 'NONE',  ( 0.1138737533966049931, 0.4000000000000000222, -4.023197458950360073 ) ) ;
#1713 = STYLED_ITEM ( 'NONE', ( #2252 ), #3303 ) ;
#1714 = VECTOR ( 'NONE', #6938, 1000.000000000000000 ) ;
#1715 = UNCERTAINTY_MEASURE_WITH_UNIT (LENGTH_MEASURE( 1.000000000000000082E-05 ), #101, 'distance_accuracy_value', 'NONE');
#1716 = SURFACE_STYLE_FILL_AREA ( #5284 ) ;
#1717 = SURFACE_SIDE_STYLE ('',( #4589 ) ) ;
#1718 = PRESENTATION_LAYER_ASSIGNMENT (  '', '', ( #3316 ) ) ;
#1719 = AXIS2_PLACEMENT_3D ( 'NONE', #6428, #3476, #556 ) ;
#1720 = LINE ( 'NONE', #1148, #7242 ) ;
#1721 = DIRECTION ( 'NONE',  ( 0.000000000000000000, -0.000000000000000000, -1.000000000000000000 ) ) ;
#1722 = ORIENTED_EDGE ( 'NONE', *, *, #2164, .F. ) ;
#1723 = VECTOR ( 'NONE', #3890, 1000.000000000000000 ) ;
#1724 =( REPRESENTATION_RELATIONSHIP ('NONE','NONE', #541, #6374 ) REPRESENTATION_RELATIONSHIP_WITH_TRANSFORMATION ( #7112 )SHAPE_REPRESENTATION_RELATIONSHIP( ) );
#1725 = EDGE_CURVE ( 'NONE', #6621, #1388, #6217, .T. ) ;
#1726 = CARTESIAN_POINT ( 'NONE',  ( 2.890000000000000124, 0.9200000000000000400, -12.25140600070190011 ) ) ;
#1727 = FILL_AREA_STYLE ('',( #4054 ) ) ;
#1728 = EDGE_CURVE ( 'NONE', #6552, #1585, #906, .T. ) ;
#1729 = VECTOR ( 'NONE', #3634, 1000.000000000000000 ) ;
#1730 = ORIENTED_EDGE ( 'NONE', *, *, #5513, .T. ) ;
#1731 = MECHANICAL_DESIGN_GEOMETRIC_PRESENTATION_REPRESENTATION (  '', ( #6686 ), #6439 ) ;
#1732 = EDGE_LOOP ( 'NONE', ( #6424, #4395, #3588, #4372 ) ) ;
#1733 = ORIENTED_EDGE ( 'NONE', *, *, #6387, .T. ) ;
#1734 = PRESENTATION_LAYER_ASSIGNMENT (  '', '', ( #3576 ) ) ;
#1735 = CARTESIAN_POINT ( 'NONE',  ( 0.3500000000000009770, 1.620000000000000107, 3.750000000000000000 ) ) ;
#1736 = SURFACE_STYLE_USAGE ( .BOTH. , #7044 ) ;
#1737 = VECTOR ( 'NONE', #7331, 1000.000000000000000 ) ;
#1738 = DIRECTION ( 'NONE',  ( -0.2451003951954450755, 0.000000000000000000, -0.9694977030787832462 ) ) ;
#1739 = PRESENTATION_STYLE_ASSIGNMENT (( #4985 ) ) ;
#1740 =( GEOMETRIC_REPRESENTATION_CONTEXT ( 3 ) GLOBAL_UNCERTAINTY_ASSIGNED_CONTEXT ( ( #5121 ) ) GLOBAL_UNIT_ASSIGNED_CONTEXT ( ( #4505, #3974, #5799 ) ) REPRESENTATION_CONTEXT ( 'NONE', 'WORKASPACE' ) );
#1741 = VERTEX_POINT ( 'NONE', #4452 ) ;
#1742 = ORIENTED_EDGE ( 'NONE', *, *, #187, .T. ) ;
#1743 =( NAMED_UNIT ( * ) PLANE_ANGLE_UNIT ( ) SI_UNIT ( $, .RADIAN. ) );
#1744 =( GEOMETRIC_REPRESENTATION_CONTEXT ( 3 ) GLOBAL_UNCERTAINTY_ASSIGNED_CONTEXT ( ( #7231 ) ) GLOBAL_UNIT_ASSIGNED_CONTEXT ( ( #6022, #226, #6754 ) ) REPRESENTATION_CONTEXT ( 'NONE', 'WORKASPACE' ) );
#1745 = LINE ( 'NONE', #2368, #3589 ) ;
#1746 = MECHANICAL_DESIGN_GEOMETRIC_PRESENTATION_REPRESENTATION (  '', ( #1504 ), #7310 ) ;
#1747 = CARTESIAN_POINT ( 'NONE',  ( 4.730000000000000426, -1.620000000000000107, -12.25140600070190011 ) ) ;
#1748 = DIRECTION ( 'NONE',  ( 0.000000000000000000, -1.000000000000000000, -1.112002228190259966E-16 ) ) ;
#1749 = LINE ( 'NONE', #1173, #4523 ) ;
#1750 = VECTOR ( 'NONE', #5657, 1000.000000000000000 ) ;
#1751 = PRESENTATION_LAYER_ASSIGNMENT (  '', '', ( #4353 ) ) ;
#1752 = EDGE_CURVE ( 'NONE', #7108, #7153, #6825, .T. ) ;
#1753 = DIRECTION ( 'NONE',  ( -1.000000000000000000, 0.000000000000000000, -0.000000000000000000 ) ) ;
#1754 = PRESENTATION_STYLE_ASSIGNMENT (( #7611 ) ) ;
#1756 = DIRECTION ( 'NONE',  ( -0.000000000000000000, 0.000000000000000000, -1.000000000000000000 ) ) ;
#1755 = VECTOR ( 'NONE', #4894, 1000.000000000000000 ) ;
#1757 = VECTOR ( 'NONE', #3906, 1000.000000000000000 ) ;
#1758 = FACE_OUTER_BOUND ( 'NONE', #7307, .T. ) ;
#1759 = VECTOR ( 'NONE', #338, 1000.000000000000000 ) ;
#1760 = EDGE_LOOP ( 'NONE', ( #3310, #4056, #2196, #2987, #713, #861, #4288, #524 ) ) ;
#1761 = DIRECTION ( 'NONE',  ( 0.000000000000000000, 0.7071067811865495711, -0.7071067811865455743 ) ) ;
#1762 = AXIS2_PLACEMENT_3D ( 'NONE', #2160, #2706, #999 ) ;
#1763 = ITEM_DEFINED_TRANSFORMATION ( 'NONE', 'NONE', #7463,  #4622 ) ;
#1764 = CARTESIAN_POINT ( 'NONE',  ( -0.7366198555544819504, 0.4000000000000000222, 0.3147096712329955914 ) ) ;
#1765 =( NAMED_UNIT ( * ) SI_UNIT ( $, .STERADIAN. ) SOLID_ANGLE_UNIT ( ) );
#1766 = DIRECTION ( 'NONE',  ( -0.000000000000000000, -1.000000000000000000, -0.000000000000000000 ) ) ;
#1767 = EDGE_LOOP ( 'NONE', ( #6277, #960, #1658, #583 ) ) ;
#1768 = ORIENTED_EDGE ( 'NONE', *, *, #6840, .F. ) ;
#1769 = ORIENTED_EDGE ( 'NONE', *, *, #2575, .F. ) ;
#1770 = ADVANCED_FACE ( 'NONE', ( #6259 ), #754, .T. ) ;
#1771 = CARTESIAN_POINT ( 'NONE',  ( 0.000000000000000000, -4.170008355713480109E-16, 3.750000000000000000 ) ) ;
#1772 = PLANE ( 'NONE',  #7060 ) ;
#1773 = DIRECTION ( 'NONE',  ( 0.000000000000000000, -1.000000000000000000, -1.112002228190259966E-16 ) ) ;
#1774 = DIRECTION ( 'NONE',  ( -0.02505097067657190840, 0.000000000000000000, -0.9996861751910753879 ) ) ;
#1775 = SURFACE_STYLE_USAGE ( .BOTH. , #589 ) ;
#1776 = DIRECTION ( 'NONE',  ( 0.000000000000000000, -1.000000000000000000, 0.000000000000000000 ) ) ;
#1777 = PLANE ( 'NONE',  #7487 ) ;
#1778 = VERTEX_POINT ( 'NONE', #5294 ) ;
#1779 = ORIENTED_EDGE ( 'NONE', *, *, #1141, .F. ) ;
#1780 = EDGE_CURVE ( 'NONE', #6472, #7153, #5264, .T. ) ;
#1781 = CARTESIAN_POINT ( 'NONE',  ( 0.5500000000000010436, -2.540000000000000036, 4.250000000000000000 ) ) ;
#1782 = PRESENTATION_STYLE_ASSIGNMENT (( #3521 ) ) ;
#1783 = UNCERTAINTY_MEASURE_WITH_UNIT (LENGTH_MEASURE( 1.000000000000000082E-05 ), #2041, 'distance_accuracy_value', 'NONE');
#1784 = FACE_OUTER_BOUND ( 'NONE', #5386, .T. ) ;
#1785 = PLANE ( 'NONE',  #4473 ) ;
#1786 =( NAMED_UNIT ( * ) SI_UNIT ( $, .STERADIAN. ) SOLID_ANGLE_UNIT ( ) );
#1787 = VERTEX_POINT ( 'NONE', #1662 ) ;
#1788 = PRESENTATION_LAYER_ASSIGNMENT (  '', '', ( #7609 ) ) ;
#1789 = COLOUR_RGB ( '',0.2000000000000000111, 0.2000000000000000111, 0.2000000000000000111 ) ;
#1790 = CARTESIAN_POINT ( 'NONE',  ( 2.890000000000000124, 1.620000000000000107, -12.25140600070190011 ) ) ;
#1791 =( NAMED_UNIT ( * ) SI_UNIT ( $, .STERADIAN. ) SOLID_ANGLE_UNIT ( ) );
#1792 = EDGE_CURVE ( 'NONE', #6498, #1741, #5335, .T. ) ;
#1793 = FACE_OUTER_BOUND ( 'NONE', #6696, .T. ) ;
#1794 = LINE ( 'NONE', #7179, #273 ) ;
#1795 = ORIENTED_EDGE ( 'NONE', *, *, #1100, .F. ) ;
#1796 = FILL_AREA_STYLE ('',( #88 ) ) ;
#1797 = APPLICATION_PROTOCOL_DEFINITION ( 'draft international standard', 'automotive_design', 1998, #2133 ) ;
#1798 = FILL_AREA_STYLE ('',( #7620 ) ) ;
#1799 = LINE ( 'NONE', #5447, #7458 ) ;
#1800 = PLANE ( 'NONE',  #5888 ) ;
#1801 = FILL_AREA_STYLE_COLOUR ( '', #3728 ) ;
#1802 = EDGE_CURVE ( 'NONE', #5333, #4905, #2979, .T. ) ;
#1803 = ORIENTED_EDGE ( 'NONE', *, *, #7369, .T. ) ;
#1804 = ORIENTED_EDGE ( 'NONE', *, *, #6502, .F. ) ;
#1805 = ORIENTED_EDGE ( 'NONE', *, *, #2690, .T. ) ;
#1806 = CARTESIAN_POINT ( 'NONE',  ( -0.3543932267340400011, 0.4000000000000000222, 6.023317510942439945 ) ) ;
#1807 = SURFACE_STYLE_USAGE ( .BOTH. , #4139 ) ;
#1808 = SURFACE_STYLE_USAGE ( .BOTH. , #5336 ) ;
#1809 = CARTESIAN_POINT ( 'NONE',  ( 0.5176744983949780332, 0.4000000000000000222, 6.166017239158860797 ) ) ;
#1810 = FACE_OUTER_BOUND ( 'NONE', #6237, .T. ) ;
#1811 = LINE ( 'NONE', #5905, #5083 ) ;
#1812 =( NAMED_UNIT ( * ) SI_UNIT ( $, .STERADIAN. ) SOLID_ANGLE_UNIT ( ) );
#1813 = ORIENTED_EDGE ( 'NONE', *, *, #4841, .F. ) ;
#1814 = DIRECTION ( 'NONE',  ( -0.7071067811865489050, 0.000000000000000000, -0.7071067811865460184 ) ) ;
#1815 = ORIENTED_EDGE ( 'NONE', *, *, #6784, .T. ) ;
#1816 = FILL_AREA_STYLE ('',( #2294 ) ) ;
#1817 =( LENGTH_UNIT ( ) NAMED_UNIT ( * ) SI_UNIT ( .MILLI., .METRE. ) );
#1818 =( NAMED_UNIT ( * ) SI_UNIT ( $, .STERADIAN. ) SOLID_ANGLE_UNIT ( ) );
#1819 =( NAMED_UNIT ( * ) SI_UNIT ( $, .STERADIAN. ) SOLID_ANGLE_UNIT ( ) );
#1820 = CARTESIAN_POINT ( 'NONE',  ( -9.901406000701879151, -1.949999999999999956, -3.450000000000000178 ) ) ;
#1821 = LINE ( 'NONE', #4762, #5643 ) ;
#1822 = EDGE_CURVE ( 'NONE', #5323, #3877, #5227, .T. ) ;
#1823 = EDGE_CURVE ( 'NONE', #1535, #3894, #1163, .T. ) ;
#1824 = DIRECTION ( 'NONE',  ( -0.000000000000000000, 0.000000000000000000, -1.000000000000000000 ) ) ;
#1825 = ADVANCED_FACE ( 'NONE', ( #2397 ), #6427, .T. ) ;
#1826 = LINE ( 'NONE', #2419, #4695 ) ;
#1827 = ORIENTED_EDGE ( 'NONE', *, *, #4033, .F. ) ;
#1828 = AXIS2_PLACEMENT_3D ( 'NONE', #2957, #6454, #5844 ) ;
#1829 = AXIS2_PLACEMENT_3D ( 'NONE', #1165, #4062, #1774 ) ;
#1830 = APPLICATION_PROTOCOL_DEFINITION ( 'draft international standard', 'automotive_design', 1998, #4609 ) ;
#1831 = CARTESIAN_POINT ( 'NONE',  ( -0.8588250565440940232, 0.4000000000000000222, 5.322969931419180512 ) ) ;
#1832 = CARTESIAN_POINT ( 'NONE',  ( -6.599999999999999645, -1.619999999999998996, 4.050000000000000711 ) ) ;
#1833 = CARTESIAN_POINT ( 'NONE',  ( 0.9690439428171121472, 0.4000000000000000222, 0.9245656430320829955 ) ) ;
#1834 = CARTESIAN_POINT ( 'NONE',  ( -6.599999999999999645, -1.820000000000000062, 4.250000000000000000 ) ) ;
#1835 = CARTESIAN_POINT ( 'NONE',  ( -6.599999999999999645, 1.949999999999999956, -3.449999999999999734 ) ) ;
#1836 = ADVANCED_BREP_SHAPE_REPRESENTATION ( '', ( #3731, #4622 ), #2387 ) ;
#1837 = ORIENTED_EDGE ( 'NONE', *, *, #2303, .T. ) ;
#1838 = VECTOR ( 'NONE', #964, 1000.000000000000000 ) ;
#1839 = ORIENTED_EDGE ( 'NONE', *, *, #743, .T. ) ;
#1840 = ORIENTED_EDGE ( 'NONE', *, *, #475, .F. ) ;
#1841 = FACE_OUTER_BOUND ( 'NONE', #5009, .T. ) ;
#1842 = CARTESIAN_POINT ( 'NONE',  ( 4.730000000000000426, 1.620000000000000107, 3.750000000000000000 ) ) ;
#1843 = ADVANCED_FACE ( 'NONE', ( #585 ), #1772, .F. ) ;
#1844 = PRESENTATION_LAYER_ASSIGNMENT (  '', '', ( #3567 ) ) ;
#1845 = STYLED_ITEM ( 'NONE', ( #4171 ), #1825 ) ;
#1847 = VECTOR ( 'NONE', #6515, 1000.000000000000000 ) ;
#1846 = CARTESIAN_POINT ( 'NONE',  ( 0.2253056840829079921, 5.421010862427519705E-17, 5.752751436071860347 ) ) ;
#1848 =( LENGTH_UNIT ( ) NAMED_UNIT ( * ) SI_UNIT ( .MILLI., .METRE. ) );
#1849 = LINE ( 'NONE', #6628, #537 ) ;
#1850 = PRESENTATION_LAYER_ASSIGNMENT (  '', '', ( #5195 ) ) ;
#1851 = FILL_AREA_STYLE_COLOUR ( '', #2047 ) ;
#1852 = ORIENTED_EDGE ( 'NONE', *, *, #5515, .F. ) ;
#1853 = SURFACE_SIDE_STYLE ('',( #2440 ) ) ;
#1854 = AXIS2_PLACEMENT_3D ( 'NONE', #4272, #714, #5434 ) ;
#1855 = ORIENTED_EDGE ( 'NONE', *, *, #6082, .T. ) ;
#1856 = EDGE_CURVE ( 'NONE', #3803, #4848, #2010, .T. ) ;
#1857 = DIRECTION ( 'NONE',  ( -0.7071067811865489050, 0.000000000000000000, -0.7071067811865460184 ) ) ;
#1858 = PRESENTATION_LAYER_ASSIGNMENT (  '', '', ( #3217 ) ) ;
#1859 =( NAMED_UNIT ( * ) PLANE_ANGLE_UNIT ( ) SI_UNIT ( $, .RADIAN. ) );
#1860 = FILL_AREA_STYLE_COLOUR ( '', #2617 ) ;
#1861 = FILL_AREA_STYLE_COLOUR ( '', #6223 ) ;
#1862 = FILL_AREA_STYLE_COLOUR ( '', #2724 ) ;
#1863 = STYLED_ITEM ( 'NONE', ( #2781 ), #4175 ) ;
#1864 = FACE_OUTER_BOUND ( 'NONE', #3143, .T. ) ;
#1865 = COLOUR_RGB ( '',0.2000000000000000111, 0.2000000000000000111, 0.2000000000000000111 ) ;
#1866 = VECTOR ( 'NONE', #5834, 1000.000000000000000 ) ;
#1867 = EDGE_CURVE ( 'NONE', #4338, #1197, #276, .T. ) ;
#1868 = FILL_AREA_STYLE_COLOUR ( '', #4942 ) ;
#1869 = MECHANICAL_DESIGN_GEOMETRIC_PRESENTATION_REPRESENTATION (  '', ( #2003 ), #2124 ) ;
#1870 = FILL_AREA_STYLE_COLOUR ( '', #4217 ) ;
#1871 = CARTESIAN_POINT ( 'NONE',  ( 6.599999999999999645, -2.540000000000000036, 4.250000000000000000 ) ) ;
#1872 = VECTOR ( 'NONE', #3755, 1000.000000000000114 ) ;
#1873 = CARTESIAN_POINT ( 'NONE',  ( -1.540000000000000036, 0.9200000000000000400, -12.25140600070190011 ) ) ;
#1874 = AXIS2_PLACEMENT_3D ( 'NONE', #2843, #2887, #1200 ) ;
#1875 = ORIENTED_EDGE ( 'NONE', *, *, #3505, .F. ) ;
#1876 = VECTOR ( 'NONE', #4134, 1000.000000000000000 ) ;
#1877 = FILL_AREA_STYLE ('',( #1996 ) ) ;
#1878 = VECTOR ( 'NONE', #5921, 1000.000000000000000 ) ;
#1879 = SURFACE_SIDE_STYLE ('',( #52 ) ) ;
#1880 = CARTESIAN_POINT ( 'NONE',  ( -4.730000000000000426, -0.9200000000000000400, 3.750000000000000000 ) ) ;
#1881 =( NAMED_UNIT ( * ) PLANE_ANGLE_UNIT ( ) SI_UNIT ( $, .RADIAN. ) );
#1882 = UNCERTAINTY_MEASURE_WITH_UNIT (LENGTH_MEASURE( 1.000000000000000082E-05 ), #3638, 'distance_accuracy_value', 'NONE');
#1883 = LINE ( 'NONE', #5450, #3865 ) ;
#1884 = EDGE_LOOP ( 'NONE', ( #2654, #2309, #7133, #1932 ) ) ;
#1885 = ORIENTED_EDGE ( 'NONE', *, *, #5850, .T. ) ;
#1886 = ORIENTED_EDGE ( 'NONE', *, *, #3661, .F. ) ;
#1887 = AXIS2_PLACEMENT_3D ( 'NONE', #3987, #6886, #5138 ) ;
#1888 = DIRECTION ( 'NONE',  ( 0.000000000000000000, 1.000000000000000000, 0.000000000000000000 ) ) ;
#1889 = PLANE ( 'NONE',  #5603 ) ;
#1890 = LINE ( 'NONE', #1278, #4794 ) ;
#1891 = LINE ( 'NONE', #5529, #498 ) ;
#1892 = SURFACE_STYLE_FILL_AREA ( #103 ) ;
#1893 = LINE ( 'NONE', #6704, #2503 ) ;
#1894 = LINE ( 'NONE', #6659, #5506 ) ;
#1895 = ORIENTED_EDGE ( 'NONE', *, *, #5023, .T. ) ;
#1896 = EDGE_CURVE ( 'NONE', #4329, #3322, #2433, .T. ) ;
#1897 = DIRECTION ( 'NONE',  ( -0.2451003951954450755, 0.000000000000000000, 0.9694977030787832462 ) ) ;
#1898 = VERTEX_POINT ( 'NONE', #1842 ) ;
#1899 = FACE_OUTER_BOUND ( 'NONE', #4699, .T. ) ;
#1900 = PRESENTATION_STYLE_ASSIGNMENT (( #76 ) ) ;
#1901 = LINE ( 'NONE', #3713, #6054 ) ;
#1902 = LINE ( 'NONE', #836, #6084 ) ;
#1903 = CARTESIAN_POINT ( 'NONE',  ( 1.540000000000000036, -0.9199999999999998179, 3.750000000000000000 ) ) ;
#1904 = SURFACE_STYLE_FILL_AREA ( #3601 ) ;
#1905 = ORIENTED_EDGE ( 'NONE', *, *, #382, .T. ) ;
#1906 = UNCERTAINTY_MEASURE_WITH_UNIT (LENGTH_MEASURE( 1.000000000000000082E-05 ), #1186, 'distance_accuracy_value', 'NONE');
#1907 = FILL_AREA_STYLE ('',( #1870 ) ) ;
#1908 = CARTESIAN_POINT ( 'NONE',  ( -6.599999999999999645, 1.619999999999998996, 4.050000000000000711 ) ) ;
#1909 = FILL_AREA_STYLE ('',( #7223 ) ) ;
#1910 = VECTOR ( 'NONE', #7036, 1000.000000000000000 ) ;
#1911 = ORIENTED_EDGE ( 'NONE', *, *, #845, .F. ) ;
#1912 = PLANE ( 'NONE',  #5855 ) ;
#1913 = PRESENTATION_LAYER_ASSIGNMENT (  '', '', ( #2416 ) ) ;
#1914 = CARTESIAN_POINT ( 'NONE',  ( 2.189999999999999947, -0.9200000000000000400, 3.750000000000000000 ) ) ;
#1915 = PRESENTATION_LAYER_ASSIGNMENT (  '', '', ( #2297 ) ) ;
#1916 = CARTESIAN_POINT ( 'NONE',  ( -6.080000000000000071, 1.620000000000000107, 3.750000000000000000 ) ) ;
#1917 = FILL_AREA_STYLE_COLOUR ( '', #1358 ) ;
#1918 = LINE ( 'NONE', #1880, #5210 ) ;
#1919 = LINE ( 'NONE', #7152, #4972 ) ;
#1920 = ORIENTED_EDGE ( 'NONE', *, *, #3602, .T. ) ;
#1921 = COLOUR_RGB ( '',0.2000000000000000111, 0.2000000000000000111, 0.2000000000000000111 ) ;
#1922 = EDGE_LOOP ( 'NONE', ( #4620, #4014, #4878, #7018 ) ) ;
#1923 = ORIENTED_EDGE ( 'NONE', *, *, #6533, .F. ) ;
#1924 = PRESENTATION_STYLE_ASSIGNMENT (( #3696 ) ) ;
#1925 = CARTESIAN_POINT ( 'NONE',  ( -0.6405210985066780438, 0.4000000000000000222, 6.186473989507359939 ) ) ;
#1926 = DIRECTION ( 'NONE',  ( 0.000000000000000000, -1.000000000000000000, 0.000000000000000000 ) ) ;
#1927 = VECTOR ( 'NONE', #1593, 1000.000000000000000 ) ;
#1928 = CARTESIAN_POINT ( 'NONE',  ( 3.090000000000000302, 0.7200000000000006395, 4.250000000000000000 ) ) ;
#1929 = LINE ( 'NONE', #4220, #4117 ) ;
#1930 = CARTESIAN_POINT ( 'NONE',  ( 4.730000000000000426, 1.620000000000000107, -12.25140600070190011 ) ) ;
#1931 = PRESENTATION_STYLE_ASSIGNMENT (( #5465 ) ) ;
#1932 = ORIENTED_EDGE ( 'NONE', *, *, #4084, .T. ) ;
#1933 = ORIENTED_EDGE ( 'NONE', *, *, #473, .F. ) ;
#1934 = CARTESIAN_POINT ( 'NONE',  ( 0.000000000000000000, -4.170008355713480109E-16, 3.750000000000000000 ) ) ;
#1935 = EDGE_CURVE ( 'NONE', #2760, #1971, #4859, .T. ) ;
#1936 = PRESENTATION_STYLE_ASSIGNMENT (( #307 ) ) ;
#1937 = CARTESIAN_POINT ( 'NONE',  ( 0.3819168425098897757, -1.626303258728256651E-16, 4.780491394004580563 ) ) ;
#1938 = CARTESIAN_POINT ( 'NONE',  ( -6.599999999999999645, 0.7200000000000009726, 4.250000000000000000 ) ) ;
#1939 = CARTESIAN_POINT ( 'NONE',  ( 3.089999999999999858, -2.540000000000000036, 4.250000000000000000 ) ) ;
#1940 = CARTESIAN_POINT ( 'NONE',  ( 2.189999999999999947, -1.620000000000000107, -12.25140600070190011 ) ) ;
#1941 = VERTEX_POINT ( 'NONE', #4218 ) ;
#1942 = FACE_OUTER_BOUND ( 'NONE', #3026, .T. ) ;
#1943 = EDGE_CURVE ( 'NONE', #2086, #2909, #6625, .T. ) ;
#1944 = PLANE ( 'NONE',  #6943 ) ;
#1945 = CARTESIAN_POINT ( 'NONE',  ( 0.3699999999999999956, 0.4000000000000000222, -3.482642567711100146 ) ) ;
#1946 = DIRECTION ( 'NONE',  ( -1.239088197126290077E-15, -1.000000000000000000, 0.000000000000000000 ) ) ;
#1947 = EDGE_LOOP ( 'NONE', ( #3422, #6539, #4608, #5886 ) ) ;
#1948 = CARTESIAN_POINT ( 'NONE',  ( -5.429999999999999716, -1.620000000000000107, 3.750000000000000000 ) ) ;
#1949 = UNCERTAINTY_MEASURE_WITH_UNIT (LENGTH_MEASURE( 1.000000000000000082E-05 ), #111, 'distance_accuracy_value', 'NONE');
#1950 = ADVANCED_FACE ( 'NONE', ( #5413 ), #6654, .T. ) ;
#1951 = LINE ( 'NONE', #2505, #2606 ) ;
#1952 = PLANE ( 'NONE',  #723 ) ;
#1953 = PRESENTATION_LAYER_ASSIGNMENT (  '', '', ( #5292 ) ) ;
#1954 = PRESENTATION_STYLE_ASSIGNMENT (( #1422 ) ) ;
#1955 = CARTESIAN_POINT ( 'NONE',  ( -1.000000000000000000, 1.620000000000000107, 3.750000000000000000 ) ) ;
#1956 = UNCERTAINTY_MEASURE_WITH_UNIT (LENGTH_MEASURE( 1.000000000000000082E-05 ), #921, 'distance_accuracy_value', 'NONE');
#1957 = LINE ( 'NONE', #4931, #1755 ) ;
#1958 = ORIENTED_EDGE ( 'NONE', *, *, #7013, .T. ) ;
#1959 = VERTEX_POINT ( 'NONE', #733 ) ;
#1960 = COLOUR_RGB ( '',0.2000000000000000111, 0.2000000000000000111, 0.2000000000000000111 ) ;
#1961 = MECHANICAL_DESIGN_GEOMETRIC_PRESENTATION_REPRESENTATION (  '', ( #3821 ), #5551 ) ;
#1962 = ORIENTED_EDGE ( 'NONE', *, *, #7399, .T. ) ;
#1963 = SURFACE_STYLE_USAGE ( .BOTH. , #6125 ) ;
#1964 = EDGE_CURVE ( 'NONE', #6542, #7387, #1232, .T. ) ;
#1965 = SURFACE_STYLE_USAGE ( .BOTH. , #1315 ) ;
#1966 = EDGE_CURVE ( 'NONE', #4905, #7477, #4987, .T. ) ;
#1967 =( NAMED_UNIT ( * ) PLANE_ANGLE_UNIT ( ) SI_UNIT ( $, .RADIAN. ) );
#1968 = SURFACE_SIDE_STYLE ('',( #1239 ) ) ;
#1969 = PRESENTATION_LAYER_ASSIGNMENT (  '', '', ( #5938 ) ) ;
#1970 = VECTOR ( 'NONE', #5715, 1000.000000000000000 ) ;
#1971 = VERTEX_POINT ( 'NONE', #4406 ) ;
#1972 = DIRECTION ( 'NONE',  ( 1.000000000000000000, 0.000000000000000000, -0.000000000000000000 ) ) ;
#1973 = VERTEX_POINT ( 'NONE', #894 ) ;
#1974 = PRESENTATION_LAYER_ASSIGNMENT (  '', '', ( #5314 ) ) ;
#1975 = LINE ( 'NONE', #3062, #7171 ) ;
#1976 =( NAMED_UNIT ( * ) SI_UNIT ( $, .STERADIAN. ) SOLID_ANGLE_UNIT ( ) );
#1977 = FILL_AREA_STYLE ('',( #6018 ) ) ;
#1978 = VECTOR ( 'NONE', #121, 1000.000000000000000 ) ;
#1979 = CARTESIAN_POINT ( 'NONE',  ( -6.599999999999999645, -2.540000000000000036, -4.250000000000000000 ) ) ;
#1980 =( REPRESENTATION_RELATIONSHIP ('NONE','NONE', #541, #6374 ) REPRESENTATION_RELATIONSHIP_WITH_TRANSFORMATION ( #3458 )SHAPE_REPRESENTATION_RELATIONSHIP( ) );
#1981 = DIRECTION ( 'NONE',  ( 0.000000000000000000, -1.112002228190259966E-16, 1.000000000000000000 ) ) ;
#1982 = LINE ( 'NONE', #751, #1066 ) ;
#1983 = VECTOR ( 'NONE', #4507, 1000.000000000000000 ) ;
#1984 = VERTEX_POINT ( 'NONE', #5798 ) ;
#1985 = STYLED_ITEM ( 'NONE', ( #5245 ), #2050 ) ;
#1986 = AXIS2_PLACEMENT_3D ( 'NONE', #4767, #4276, #7145 ) ;
#1987 = CARTESIAN_POINT ( 'NONE',  ( -2.890000000000000124, 1.619999999999999885, 4.050000000000001599 ) ) ;
#1988 = VECTOR ( 'NONE', #3150, 1000.000000000000000 ) ;
#1989 =( LENGTH_UNIT ( ) NAMED_UNIT ( * ) SI_UNIT ( .MILLI., .METRE. ) );
#1990 = VECTOR ( 'NONE', #5962, 1000.000000000000000 ) ;
#1991 = PRESENTATION_STYLE_ASSIGNMENT (( #7342 ) ) ;
#1992 =( LENGTH_UNIT ( ) NAMED_UNIT ( * ) SI_UNIT ( .MILLI., .METRE. ) );
#1993 = AXIS2_PLACEMENT_3D ( 'NONE', #3292, #3369, #6338 ) ;
#1994 = ADVANCED_FACE ( 'NONE', ( #6204 ), #294, .T. ) ;
#1995 = ORIENTED_EDGE ( 'NONE', *, *, #1211, .T. ) ;
#1996 = FILL_AREA_STYLE_COLOUR ( '', #2621 ) ;
#1997 = DIRECTION ( 'NONE',  ( 0.000000000000000000, 0.000000000000000000, -1.000000000000000000 ) ) ;
#1999 = DIRECTION ( 'NONE',  ( -3.067859105459799616E-18, 1.000000000000000000, -1.224262474599610784E-16 ) ) ;
#1998 = PRESENTATION_LAYER_ASSIGNMENT (  '', '', ( #6836 ) ) ;
#2000 = FILL_AREA_STYLE_COLOUR ( '', #2851 ) ;
#2001 = SURFACE_SIDE_STYLE ('',( #1563 ) ) ;
#2002 = LINE ( 'NONE', #2667, #4612 ) ;
#2003 = STYLED_ITEM ( 'NONE', ( #1216 ), #6942 ) ;
#2004 = EDGE_LOOP ( 'NONE', ( #5566, #438, #7267, #6783 ) ) ;
#2005 = EDGE_CURVE ( 'NONE', #4020, #2872, #3785, .T. ) ;
#2006 = ORIENTED_EDGE ( 'NONE', *, *, #549, .F. ) ;
#2007 = VECTOR ( 'NONE', #1766, 1000.000000000000000 ) ;
#2008 = PRESENTATION_LAYER_ASSIGNMENT (  '', '', ( #4839 ) ) ;
#2009 = VERTEX_POINT ( 'NONE', #2634 ) ;
#2010 = LINE ( 'NONE', #3020, #3330 ) ;
#2011 = PRESENTATION_LAYER_ASSIGNMENT (  '', '', ( #3357 ) ) ;
#2012 = SURFACE_SIDE_STYLE ('',( #4939 ) ) ;
#2013 = DIRECTION ( 'NONE',  ( -0.02505097067657155105, 0.000000000000000000, -0.9996861751910754990 ) ) ;
#2014 = DIRECTION ( 'NONE',  ( 0.000000000000000000, -0.000000000000000000, -1.000000000000000000 ) ) ;
#2015 = AXIS2_PLACEMENT_3D ( 'NONE', #6959, #5770, #1721 ) ;
#2016 =( GEOMETRIC_REPRESENTATION_CONTEXT ( 3 ) GLOBAL_UNCERTAINTY_ASSIGNED_CONTEXT ( ( #1882 ) ) GLOBAL_UNIT_ASSIGNED_CONTEXT ( ( #3638, #4388, #5508 ) ) REPRESENTATION_CONTEXT ( 'NONE', 'WORKASPACE' ) );
#2017 = FILL_AREA_STYLE_COLOUR ( '', #2534 ) ;
#2018 = VERTEX_POINT ( 'NONE', #7610 ) ;
#2019 = PRESENTATION_LAYER_ASSIGNMENT (  '', '', ( #2135 ) ) ;
#2020 = EDGE_CURVE ( 'NONE', #484, #6093, #4585, .T. ) ;
#2021 = ORIENTED_EDGE ( 'NONE', *, *, #7428, .F. ) ;
#2022 = EDGE_CURVE ( 'NONE', #63, #1388, #4628, .T. ) ;
#2023 = VERTEX_POINT ( 'NONE', #2078 ) ;
#2024 = FACE_OUTER_BOUND ( 'NONE', #5026, .T. ) ;
#2025 = DIRECTION ( 'NONE',  ( -1.000000000000000000, 0.000000000000000000, 0.000000000000000000 ) ) ;
#2026 = DIRECTION ( 'NONE',  ( 0.000000000000000000, 1.000000000000000000, 0.000000000000000000 ) ) ;
#2027 = CARTESIAN_POINT ( 'NONE',  ( 0.8588250565440957995, 0.4000000000000000222, 5.322969931419179623 ) ) ;
#2028 = PRESENTATION_STYLE_ASSIGNMENT (( #224 ) ) ;
#2029 = SURFACE_STYLE_FILL_AREA ( #6057 ) ;
#2030 = ORIENTED_EDGE ( 'NONE', *, *, #3532, .T. ) ;
#2031 = EDGE_CURVE ( 'NONE', #4448, #4437, #2305, .T. ) ;
#2032 = SURFACE_STYLE_FILL_AREA ( #7339 ) ;
#2033 = PLANE ( 'NONE',  #4347 ) ;
#2034 = DIRECTION ( 'NONE',  ( 0.000000000000000000, 1.000000000000000000, 0.000000000000000000 ) ) ;
#2035 = SURFACE_SIDE_STYLE ('',( #3926 ) ) ;
#2036 =( LENGTH_UNIT ( ) NAMED_UNIT ( * ) SI_UNIT ( .MILLI., .METRE. ) );
#2037 = ORIENTED_EDGE ( 'NONE', *, *, #196, .T. ) ;
#2038 = UNCERTAINTY_MEASURE_WITH_UNIT (LENGTH_MEASURE( 1.000000000000000082E-05 ), #2356, 'distance_accuracy_value', 'NONE');
#2039 = EDGE_CURVE ( 'NONE', #1273, #5106, #5166, .T. ) ;
#2040 = DIRECTION ( 'NONE',  ( -0.5773502691896271743, -0.5773502691896252870, 0.5773502691896247319 ) ) ;
#2041 =( LENGTH_UNIT ( ) NAMED_UNIT ( * ) SI_UNIT ( .MILLI., .METRE. ) );
#2042 = CARTESIAN_POINT ( 'NONE',  ( -0.3499999999999986455, 0.9200000000000002620, 4.050000000000000711 ) ) ;
#2043 = DIRECTION ( 'NONE',  ( 0.000000000000000000, 1.112002228190259966E-16, -1.000000000000000000 ) ) ;
#2044 = UNCERTAINTY_MEASURE_WITH_UNIT (LENGTH_MEASURE( 1.000000000000000082E-05 ), #5853, 'distance_accuracy_value', 'NONE');
#2045 = ORIENTED_EDGE ( 'NONE', *, *, #624, .F. ) ;
#2046 = ORIENTED_EDGE ( 'NONE', *, *, #3684, .F. ) ;
#2047 = COLOUR_RGB ( '',0.2000000000000000111, 0.2000000000000000111, 0.2000000000000000111 ) ;
#2048 = DIRECTION ( 'NONE',  ( 1.000000000000000000, -0.000000000000000000, 0.000000000000000000 ) ) ;
#2049 = EDGE_CURVE ( 'NONE', #777, #395, #2673, .T. ) ;
#2050 = ADVANCED_FACE ( 'NONE', ( #5019 ), #7389, .F. ) ;
#2051 = SURFACE_STYLE_USAGE ( .BOTH. , #7356 ) ;
#2052 = EDGE_CURVE ( 'NONE', #1355, #4946, #5283, .T. ) ;
#2053 = DIRECTION ( 'NONE',  ( 0.5773502691896245098, -0.5773502691896282846, 0.5773502691896245098 ) ) ;
#2054 = CARTESIAN_POINT ( 'NONE',  ( 0.3500000000000010325, 0.9200000000000002620, 4.050000000000001599 ) ) ;
#2055 = COLOUR_RGB ( '',0.2000000000000000111, 0.2000000000000000111, 0.2000000000000000111 ) ;
#2056 = DIRECTION ( 'NONE',  ( 0.9996861751910754990, 0.000000000000000000, -0.02505097067657191187 ) ) ;
#2057 = VERTEX_POINT ( 'NONE', #83 ) ;
#2058 = ORIENTED_EDGE ( 'NONE', *, *, #4479, .F. ) ;
#2059 = ORIENTED_EDGE ( 'NONE', *, *, #2690, .F. ) ;
#2060 = STYLED_ITEM ( 'NONE', ( #7336 ), #996 ) ;
#2061 = FACE_OUTER_BOUND ( 'NONE', #2257, .T. ) ;
#2062 = PLANE ( 'NONE',  #1238 ) ;
#2063 = DIRECTION ( 'NONE',  ( 1.000000000000000000, 0.000000000000000000, -0.000000000000000000 ) ) ;
#2064 = LINE ( 'NONE', #2603, #1102 ) ;
#2065 = LINE ( 'NONE', #2721, #6463 ) ;
#2066 = SURFACE_STYLE_FILL_AREA ( #3840 ) ;
#2067 = PRESENTATION_STYLE_ASSIGNMENT (( #6869 ) ) ;
#2068 = ORIENTED_EDGE ( 'NONE', *, *, #6276, .F. ) ;
#2069 = CARTESIAN_POINT ( 'NONE',  ( -0.3499999999999999778, 1.620000000000000107, 3.750000000000000000 ) ) ;
#2070 = DIRECTION ( 'NONE',  ( -0.000000000000000000, 1.000000000000000000, -0.000000000000000000 ) ) ;
#2071 = EDGE_CURVE ( 'NONE', #6472, #3153, #3495, .T. ) ;
#2072 = ORIENTED_EDGE ( 'NONE', *, *, #935, .T. ) ;
#2073 = LINE ( 'NONE', #6440, #6102 ) ;
#2074 = CARTESIAN_POINT ( 'NONE',  ( -4.730000000000000426, 1.620000000000000329, 4.050000000000000711 ) ) ;
#2075 = CARTESIAN_POINT ( 'NONE',  ( 0.5500000000000010436, -2.540000000000000036, 4.250000000000000000 ) ) ;
#2076 = CARTESIAN_POINT ( 'NONE',  ( -6.599999999999999645, -0.7199999999999999734, 4.250000000000000000 ) ) ;
#2077 = ORIENTED_EDGE ( 'NONE', *, *, #3446, .T. ) ;
#2078 = CARTESIAN_POINT ( 'NONE',  ( -0.9999999999999991118, 0.9200000000000002620, -3.449999999999999734 ) ) ;
#2079 = SURFACE_STYLE_USAGE ( .BOTH. , #6310 ) ;
#2080 = DIRECTION ( 'NONE',  ( 1.000000000000000000, 0.000000000000000000, 0.000000000000000000 ) ) ;
#2081 = SURFACE_STYLE_USAGE ( .BOTH. , #4379 ) ;
#2082 = DIRECTION ( 'NONE',  ( -0.000000000000000000, -1.000000000000000000, -0.000000000000000000 ) ) ;
#2083 = EDGE_CURVE ( 'NONE', #1973, #6878, #5357, .T. ) ;
#2084 = ORIENTED_EDGE ( 'NONE', *, *, #6449, .F. ) ;
#2085 = STYLED_ITEM ( 'NONE', ( #6193 ), #2947 ) ;
#2086 = VERTEX_POINT ( 'NONE', #7101 ) ;
#2087 = EDGE_LOOP ( 'NONE', ( #1605, #6024, #1625, #6300 ) ) ;
#2088 = ADVANCED_FACE ( 'NONE', ( #4763 ), #4795, .T. ) ;
#2089 =( NAMED_UNIT ( * ) SI_UNIT ( $, .STERADIAN. ) SOLID_ANGLE_UNIT ( ) );
#2090 = SURFACE_STYLE_FILL_AREA ( #3284 ) ;
#2091 = LINE ( 'NONE', #7439, #877 ) ;
#2092 = COLOUR_RGB ( '',0.2000000000000000111, 0.2000000000000000111, 0.2000000000000000111 ) ;
#2093 = CIRCLE ( 'NONE', #1719, 0.3666198555544820104 ) ;
#2094 = FILL_AREA_STYLE ('',( #3428 ) ) ;
#2095 = FILL_AREA_STYLE_COLOUR ( '', #4718 ) ;
#2096 = LINE ( 'NONE', #2688, #4229 ) ;
#2097 = PLANE ( 'NONE',  #2928 ) ;
#2098 = ORIENTED_EDGE ( 'NONE', *, *, #7294, .T. ) ;
#2099 = LINE ( 'NONE', #2773, #2959 ) ;
#2100 = FILL_AREA_STYLE ('',( #5794 ) ) ;
#2101 = MECHANICAL_DESIGN_GEOMETRIC_PRESENTATION_REPRESENTATION (  '', ( #7045 ), #3691 ) ;
#2102 = PRESENTATION_LAYER_ASSIGNMENT (  '', '', ( #2473 ) ) ;
#2103 = CARTESIAN_POINT ( 'NONE',  ( -3.540000000000000036, -0.9200000000000000400, 3.750000000000000000 ) ) ;
#2104 = EDGE_CURVE ( 'NONE', #4673, #3086, #1294, .T. ) ;
#2105 = EDGE_LOOP ( 'NONE', ( #6781, #2502, #328, #4102 ) ) ;
#2106 = ADVANCED_FACE ( 'NONE', ( #4732 ), #3643, .T. ) ;
#2107 = PRESENTATION_LAYER_ASSIGNMENT (  '', '', ( #6206 ) ) ;
#2108 = PRESENTATION_LAYER_ASSIGNMENT (  '', '', ( #881 ) ) ;
#2109 = UNCERTAINTY_MEASURE_WITH_UNIT (LENGTH_MEASURE( 1.000000000000000082E-05 ), #6814, 'distance_accuracy_value', 'NONE');
#2110 = VECTOR ( 'NONE', #5113, 1000.000000000000000 ) ;
#2111 = PLANE ( 'NONE',  #5204 ) ;
#2112 = SURFACE_STYLE_FILL_AREA ( #1493 ) ;
#2113 = DIRECTION ( 'NONE',  ( 1.000000000000000000, 0.000000000000000000, -0.000000000000000000 ) ) ;
#2114 = VECTOR ( 'NONE', #389, 1000.000000000000000 ) ;
#2115 = UNCERTAINTY_MEASURE_WITH_UNIT (LENGTH_MEASURE( 1.000000000000000082E-05 ), #709, 'distance_accuracy_value', 'NONE');
#2116 = COLOUR_RGB ( '',0.7411764705882353255, 0.7764705882352941346, 0.8000000000000000444 ) ;
#2117 = DIRECTION ( 'NONE',  ( 0.000000000000000000, -1.000000000000000000, 0.000000000000000000 ) ) ;
#2118 =( GEOMETRIC_REPRESENTATION_CONTEXT ( 3 ) GLOBAL_UNCERTAINTY_ASSIGNED_CONTEXT ( ( #4893 ) ) GLOBAL_UNIT_ASSIGNED_CONTEXT ( ( #5865, #2396, #584 ) ) REPRESENTATION_CONTEXT ( 'NONE', 'WORKASPACE' ) );
#2119 = ORIENTED_EDGE ( 'NONE', *, *, #4129, .F. ) ;
#2120 = VECTOR ( 'NONE', #1476, 1000.000000000000000 ) ;
#2121 = DIRECTION ( 'NONE',  ( 1.000000000000000000, 0.000000000000000000, -0.000000000000000000 ) ) ;
#2122 = DIRECTION ( 'NONE',  ( 0.000000000000000000, 0.000000000000000000, 1.000000000000000000 ) ) ;
#2123 = LINE ( 'NONE', #6279, #1218 ) ;
#2124 =( GEOMETRIC_REPRESENTATION_CONTEXT ( 3 ) GLOBAL_UNCERTAINTY_ASSIGNED_CONTEXT ( ( #2194 ) ) GLOBAL_UNIT_ASSIGNED_CONTEXT ( ( #3533, #1688, #3009 ) ) REPRESENTATION_CONTEXT ( 'NONE', 'WORKASPACE' ) );
#2125 = LINE ( 'NONE', #6252, #1757 ) ;
#2126 = PLANE ( 'NONE',  #5382 ) ;
#2127 = DIRECTION ( 'NONE',  ( 0.000000000000000000, 0.000000000000000000, 1.000000000000000000 ) ) ;
#2128 = FACE_OUTER_BOUND ( 'NONE', #6612, .T. ) ;
#2129 = AXIS2_PLACEMENT_3D ( 'NONE', #5630, #343, #7443 ) ;
#2130 = VECTOR ( 'NONE', #1475, 1000.000000000000000 ) ;
#2131 = ORIENTED_EDGE ( 'NONE', *, *, #1536, .T. ) ;
#2132 = ORIENTED_EDGE ( 'NONE', *, *, #1045, .F. ) ;
#2133 = APPLICATION_CONTEXT ( 'automotive_design' ) ;
#2134 = ORIENTED_EDGE ( 'NONE', *, *, #7582, .F. ) ;
#2135 = STYLED_ITEM ( 'NONE', ( #4300 ), #7370 ) ;
#2136 = CARTESIAN_POINT ( 'NONE',  ( -1.000000000000000000, -0.9200000000000000400, 3.750000000000000000 ) ) ;
#2137 =( NAMED_UNIT ( * ) PLANE_ANGLE_UNIT ( ) SI_UNIT ( $, .RADIAN. ) );
#2138 = SURFACE_STYLE_USAGE ( .BOTH. , #448 ) ;
#2139 = FILL_AREA_STYLE_COLOUR ( '', #4341 ) ;
#2140 = VECTOR ( 'NONE', #2014, 1000.000000000000000 ) ;
#2141 =( LENGTH_UNIT ( ) NAMED_UNIT ( * ) SI_UNIT ( .MILLI., .METRE. ) );
#2142 = CARTESIAN_POINT ( 'NONE',  ( -0.8588250565440940232, 0.4000000000000000222, 5.322969931419179623 ) ) ;
#2143 = COLOUR_RGB ( '',0.2000000000000000111, 0.2000000000000000111, 0.2000000000000000111 ) ;
#2144 = FILL_AREA_STYLE_COLOUR ( '', #6147 ) ;
#2145 = ORIENTED_EDGE ( 'NONE', *, *, #3792, .F. ) ;
#2146 = CIRCLE ( 'NONE', #6477, 0.1499999999999999667 ) ;
#2147 = CARTESIAN_POINT ( 'NONE',  ( 0.6405210985066780438, -1.084202172485504434E-16, 6.186473989507359939 ) ) ;
#2148 = CARTESIAN_POINT ( 'NONE',  ( -4.730000000000000426, 1.620000000000000107, 3.750000000000000000 ) ) ;
#2149 =( NAMED_UNIT ( * ) SI_UNIT ( $, .STERADIAN. ) SOLID_ANGLE_UNIT ( ) );
#2150 = EDGE_CURVE ( 'NONE', #4113, #3282, #6062, .T. ) ;
#2151 = LINE ( 'NONE', #1534, #828 ) ;
#2152 = ORIENTED_EDGE ( 'NONE', *, *, #3684, .T. ) ;
#2153 = FACE_OUTER_BOUND ( 'NONE', #4339, .T. ) ;
#2154 = CYLINDRICAL_SURFACE ( 'NONE', #976, 0.3666198555544820104 ) ;
#2155 = LINE ( 'NONE', #7497, #6137 ) ;
#2156 = FILL_AREA_STYLE ('',( #851 ) ) ;
#2157 = ORIENTED_EDGE ( 'NONE', *, *, #914, .F. ) ;
#2158 = DIRECTION ( 'NONE',  ( 0.000000000000000000, 0.000000000000000000, 1.000000000000000000 ) ) ;
#2159 = AXIS2_PLACEMENT_3D ( 'NONE', #6596, #1283, #1814 ) ;
#2160 = CARTESIAN_POINT ( 'NONE',  ( 5.080000000000000071, -1.469999999999999973, -3.326802541049640016 ) ) ;
#2161 =( NAMED_UNIT ( * ) PLANE_ANGLE_UNIT ( ) SI_UNIT ( $, .RADIAN. ) );
#2162 = CARTESIAN_POINT ( 'NONE',  ( 3.540000000000000036, 0.9200000000000000400, 3.750000000000000000 ) ) ;
#2163 = DIRECTION ( 'NONE',  ( -0.000000000000000000, 0.000000000000000000, -1.000000000000000000 ) ) ;
#2164 = EDGE_CURVE ( 'NONE', #562, #7117, #3180, .T. ) ;
#2165 = LINE ( 'NONE', #1546, #5860 ) ;
#2166 = FILL_AREA_STYLE_COLOUR ( '', #3027 ) ;
#2167 = EDGE_LOOP ( 'NONE', ( #1057, #131, #1411, #2841 ) ) ;
#2168 = AXIS2_PLACEMENT_3D ( 'NONE', #4543, #5015, #5731 ) ;
#2169 = ORIENTED_EDGE ( 'NONE', *, *, #1451, .F. ) ;
#2170 = MECHANICAL_DESIGN_GEOMETRIC_PRESENTATION_REPRESENTATION (  '', ( #4510 ), #2404 ) ;
#2171 = VERTEX_POINT ( 'NONE', #2069 ) ;
#2172 = DIRECTION ( 'NONE',  ( 1.000000000000000000, 1.239088197126290077E-15, 1.377868836128689948E-31 ) ) ;
#2173 = SURFACE_STYLE_USAGE ( .BOTH. , #1443 ) ;
#2174 = CARTESIAN_POINT ( 'NONE',  ( 0.9690439428171118141, 0.2000000000000000111, 0.9245656430320832175 ) ) ;
#2175 = CARTESIAN_POINT ( 'NONE',  ( 4.080000000000000071, -0.9199999999999995959, -3.449999999999999734 ) ) ;
#2176 = VECTOR ( 'NONE', #159, 1000.000000000000000 ) ;
#2177 =( LENGTH_UNIT ( ) NAMED_UNIT ( * ) SI_UNIT ( .MILLI., .METRE. ) );
#2178 = SURFACE_SIDE_STYLE ('',( #2066 ) ) ;
#2179 = EDGE_LOOP ( 'NONE', ( #5272, #6106, #4180, #1958, #170, #492, #3982, #4155 ) ) ;
#2180 = EDGE_CURVE ( 'NONE', #1516, #5796, #2656, .T. ) ;
#2181 = VECTOR ( 'NONE', #318, 1000.000000000000114 ) ;
#2182 = DIRECTION ( 'NONE',  ( 0.000000000000000000, 1.000000000000000000, 0.000000000000000000 ) ) ;
#2183 = DIRECTION ( 'NONE',  ( -3.463922910530402421E-14, 0.000000000000000000, -1.000000000000000000 ) ) ;
#2184 = LINE ( 'NONE', #1562, #6457 ) ;
#2185 = CARTESIAN_POINT ( 'NONE',  ( 2.890000000000000124, -0.9200000000000000400, 3.750000000000000000 ) ) ;
#2186 = PRESENTATION_LAYER_ASSIGNMENT (  '', '', ( #7255 ) ) ;
#2187 = SURFACE_STYLE_FILL_AREA ( #351 ) ;
#2188 = ADVANCED_FACE ( 'NONE', ( #1942 ), #6230, .T. ) ;
#2189 = ORIENTED_EDGE ( 'NONE', *, *, #4626, .T. ) ;
#2190 = ADVANCED_FACE ( 'NONE', ( #916 ), #1413, .T. ) ;
#2191 = UNCERTAINTY_MEASURE_WITH_UNIT (LENGTH_MEASURE( 1.000000000000000082E-05 ), #5190, 'distance_accuracy_value', 'NONE');
#2192 = DIRECTION ( 'NONE',  ( 0.000000000000000000, 0.7071067811865500152, -0.7071067811865450192 ) ) ;
#2193 = LINE ( 'NONE', #3297, #7424 ) ;
#2194 = UNCERTAINTY_MEASURE_WITH_UNIT (LENGTH_MEASURE( 1.000000000000000082E-05 ), #3533, 'distance_accuracy_value', 'NONE');
#2195 = CARTESIAN_POINT ( 'NONE',  ( -9.901406000701879151, -1.620000000000000107, -3.450000000000000178 ) ) ;
#2196 = ORIENTED_EDGE ( 'NONE', *, *, #7100, .T. ) ;
#2197 = CARTESIAN_POINT ( 'NONE',  ( 1.000000000000000000, 0.9200000000000000400, -12.25140600070190011 ) ) ;
#2198 = DIRECTION ( 'NONE',  ( 0.000000000000000000, 0.000000000000000000, 1.000000000000000000 ) ) ;
#2199 = LINE ( 'NONE', #2675, #1226 ) ;
#2200 = FILL_AREA_STYLE ('',( #4554 ) ) ;
#2201 = DIRECTION ( 'NONE',  ( 1.000000000000000000, 0.000000000000000000, -0.000000000000000000 ) ) ;
#2202 = ORIENTED_EDGE ( 'NONE', *, *, #3751, .T. ) ;
#2203 = ORIENTED_EDGE ( 'NONE', *, *, #6144, .F. ) ;
#2204 = ORIENTED_EDGE ( 'NONE', *, *, #1100, .T. ) ;
#2205 = ADVANCED_FACE ( 'NONE', ( #4965 ), #2033, .F. ) ;
#2206 = SURFACE_STYLE_USAGE ( .BOTH. , #1587 ) ;
#2207 = SURFACE_STYLE_USAGE ( .BOTH. , #6899 ) ;
#2208 = PLANE ( 'NONE',  #7086 ) ;
#2209 = DIRECTION ( 'NONE',  ( -0.000000000000000000, 1.000000000000000000, 0.000000000000000000 ) ) ;
#2210 = FILL_AREA_STYLE ('',( #3614 ) ) ;
#2211 =( NAMED_UNIT ( * ) PLANE_ANGLE_UNIT ( ) SI_UNIT ( $, .RADIAN. ) );
#2212 = FILL_AREA_STYLE ('',( #2808 ) ) ;
#2213 = VERTEX_POINT ( 'NONE', #2147 ) ;
#2214 = ORIENTED_EDGE ( 'NONE', *, *, #2241, .F. ) ;
#2215 = MECHANICAL_DESIGN_GEOMETRIC_PRESENTATION_REPRESENTATION (  '', ( #3435 ), #5930 ) ;
#2216 = CARTESIAN_POINT ( 'NONE',  ( -7.072725109573407831E-17, 0.4000000000000000222, 1.461922895605469952 ) ) ;
#2217 = SURFACE_SIDE_STYLE ('',( #5756 ) ) ;
#2218 = CARTESIAN_POINT ( 'NONE',  ( -1.540000000000000036, 0.9199999999999990408, -3.449999999999999734 ) ) ;
#2219 = LINE ( 'NONE', #2185, #5867 ) ;
#2220 = LINE ( 'NONE', #533, #3400 ) ;
#2221 = MECHANICAL_DESIGN_GEOMETRIC_PRESENTATION_REPRESENTATION (  '', ( #3088 ), #7166 ) ;
#2222 = ORIENTED_EDGE ( 'NONE', *, *, #7193, .T. ) ;
#2223 = SURFACE_STYLE_FILL_AREA ( #7525 ) ;
#2224 = VECTOR ( 'NONE', #4475, 1000.000000000000000 ) ;
#2225 =( GEOMETRIC_REPRESENTATION_CONTEXT ( 3 ) GLOBAL_UNCERTAINTY_ASSIGNED_CONTEXT ( ( #4887 ) ) GLOBAL_UNIT_ASSIGNED_CONTEXT ( ( #3206, #2443, #1322 ) ) REPRESENTATION_CONTEXT ( 'NONE', 'WORKASPACE' ) );
#2226 = FILL_AREA_STYLE ('',( #6849 ) ) ;
#2227 =( LENGTH_UNIT ( ) NAMED_UNIT ( * ) SI_UNIT ( .MILLI., .METRE. ) );
#2228 =( NAMED_UNIT ( * ) SI_UNIT ( $, .STERADIAN. ) SOLID_ANGLE_UNIT ( ) );
#2229 = MECHANICAL_DESIGN_GEOMETRIC_PRESENTATION_REPRESENTATION (  '', ( #156 ), #1740 ) ;
#2230 = STYLED_ITEM ( 'NONE', ( #7353 ), #1994 ) ;
#2231 = VERTEX_POINT ( 'NONE', #3439 ) ;
#2232 = MECHANICAL_DESIGN_GEOMETRIC_PRESENTATION_REPRESENTATION (  '', ( #3105 ), #3968 ) ;
#2233 = LINE ( 'NONE', #2197, #3347 ) ;
#2234 = PRESENTATION_STYLE_ASSIGNMENT (( #12 ) ) ;
#2235 = MECHANICAL_DESIGN_GEOMETRIC_PRESENTATION_REPRESENTATION (  '', ( #4697 ), #3970 ) ;
#2236 = MECHANICAL_DESIGN_GEOMETRIC_PRESENTATION_REPRESENTATION (  '', ( #1251 ), #7304 ) ;
#2237 = EDGE_CURVE ( 'NONE', #7006, #5922, #6296, .T. ) ;
#2238 = CARTESIAN_POINT ( 'NONE',  ( -6.599999999999999645, 0.9200000000000012612, 4.050000000000001599 ) ) ;
#2239 = FILL_AREA_STYLE ('',( #7002 ) ) ;
#2240 =( NAMED_UNIT ( * ) SI_UNIT ( $, .STERADIAN. ) SOLID_ANGLE_UNIT ( ) );
#2241 = EDGE_CURVE ( 'NONE', #87, #5523, #7563, .T. ) ;
#2242 = EDGE_LOOP ( 'NONE', ( #2744, #706, #1133, #5861 ) ) ;
#2243 = ORIENTED_EDGE ( 'NONE', *, *, #109, .F. ) ;
#2244 = VECTOR ( 'NONE', #6752, 1000.000000000000000 ) ;
#2245 = ORIENTED_EDGE ( 'NONE', *, *, #4792, .T. ) ;
#2246 = PLANE ( 'NONE',  #4351 ) ;
#2247 = CARTESIAN_POINT ( 'NONE',  ( -1.540000000000000036, -4.170008355713480109E-16, 3.750000000000000000 ) ) ;
#2248 = COLOUR_RGB ( '',0.2000000000000000111, 0.2000000000000000111, 0.2000000000000000111 ) ;
#2249 =( NAMED_UNIT ( * ) SI_UNIT ( $, .STERADIAN. ) SOLID_ANGLE_UNIT ( ) );
#2250 = DIRECTION ( 'NONE',  ( 0.5773502691896260641, -0.5773502691896272854, 0.5773502691896237327 ) ) ;
#2251 = DIRECTION ( 'NONE',  ( 0.000000000000000000, 1.000000000000000000, 0.000000000000000000 ) ) ;
#2252 = PRESENTATION_STYLE_ASSIGNMENT (( #451 ) ) ;
#2253 = CARTESIAN_POINT ( 'NONE',  ( -1.539999999999999591, -0.9200000000000000400, -3.449999999999999734 ) ) ;
#2254 = VECTOR ( 'NONE', #4111, 1000.000000000000000 ) ;
#2255 =( LENGTH_UNIT ( ) NAMED_UNIT ( * ) SI_UNIT ( .MILLI., .METRE. ) );
#2256 = CARTESIAN_POINT ( 'NONE',  ( 0.3500000000000003664, -2.540000000000000036, 4.050000000000000711 ) ) ;
#2257 = EDGE_LOOP ( 'NONE', ( #263, #561, #808, #5781 ) ) ;
#2258 = ORIENTED_EDGE ( 'NONE', *, *, #6181, .T. ) ;
#2259 =( GEOMETRIC_REPRESENTATION_CONTEXT ( 3 ) GLOBAL_UNCERTAINTY_ASSIGNED_CONTEXT ( ( #2666 ) ) GLOBAL_UNIT_ASSIGNED_CONTEXT ( ( #4380, #2437, #3702 ) ) REPRESENTATION_CONTEXT ( 'NONE', 'WORKASPACE' ) );
#2260 =( NAMED_UNIT ( * ) SI_UNIT ( $, .STERADIAN. ) SOLID_ANGLE_UNIT ( ) );
#2261 = CARTESIAN_POINT ( 'NONE',  ( 0.3500000000000013656, 0.9200000000000012612, 4.050000000000001599 ) ) ;
#2262 = UNCERTAINTY_MEASURE_WITH_UNIT (LENGTH_MEASURE( 1.000000000000000082E-05 ), #2389, 'distance_accuracy_value', 'NONE');
#2263 = PRESENTATION_LAYER_ASSIGNMENT (  '', '', ( #2506 ) ) ;
#2264 = FILL_AREA_STYLE_COLOUR ( '', #1375 ) ;
#2265 =( NAMED_UNIT ( * ) PLANE_ANGLE_UNIT ( ) SI_UNIT ( $, .RADIAN. ) );
#2266 = MECHANICAL_DESIGN_GEOMETRIC_PRESENTATION_REPRESENTATION (  '', ( #315 ), #6107 ) ;
#2267 = STYLED_ITEM ( 'NONE', ( #1676 ), #5097 ) ;
#2268 = PRODUCT_DEFINITION_FORMATION_WITH_SPECIFIED_SOURCE ( 'ANY', '', #5460, .NOT_KNOWN. ) ;
#2269 = ORIENTED_EDGE ( 'NONE', *, *, #5739, .T. ) ;
#2270 =( NAMED_UNIT ( * ) SI_UNIT ( $, .STERADIAN. ) SOLID_ANGLE_UNIT ( ) );
#2271 = DIRECTION ( 'NONE',  ( -0.000000000000000000, 0.000000000000000000, 1.000000000000000000 ) ) ;
#2272 = FACE_OUTER_BOUND ( 'NONE', #2326, .T. ) ;
#2273 = ORIENTED_EDGE ( 'NONE', *, *, #2378, .T. ) ;
#2274 = EDGE_CURVE ( 'NONE', #4020, #5323, #1674, .T. ) ;
#2275 =( NAMED_UNIT ( * ) PLANE_ANGLE_UNIT ( ) SI_UNIT ( $, .RADIAN. ) );
#2276 = DIRECTION ( 'NONE',  ( 0.000000000000000000, 0.000000000000000000, 1.000000000000000000 ) ) ;
#2277 = PRESENTATION_STYLE_ASSIGNMENT (( #3013 ) ) ;
#2278 = LINE ( 'NONE', #5808, #1878 ) ;
#2279 = PLANE ( 'NONE',  #7486 ) ;
#2280 = DIRECTION ( 'NONE',  ( 0.5773502691896276184, 0.5773502691896248429, 0.5773502691896248429 ) ) ;
#2281 = ORIENTED_EDGE ( 'NONE', *, *, #5375, .F. ) ;
#2282 = ORIENTED_EDGE ( 'NONE', *, *, #3112, .T. ) ;
#2283 = ORIENTED_EDGE ( 'NONE', *, *, #5646, .F. ) ;
#2284 =( GEOMETRIC_REPRESENTATION_CONTEXT ( 3 ) GLOBAL_UNCERTAINTY_ASSIGNED_CONTEXT ( ( #963 ) ) GLOBAL_UNIT_ASSIGNED_CONTEXT ( ( #5054, #2825, #3419 ) ) REPRESENTATION_CONTEXT ( 'NONE', 'WORKASPACE' ) );
#2285 =( LENGTH_UNIT ( ) NAMED_UNIT ( * ) SI_UNIT ( .MILLI., .METRE. ) );
#2286 = ADVANCED_FACE ( 'NONE', ( #7520 ), #6265, .F. ) ;
#2287 = DIRECTION ( 'NONE',  ( 0.000000000000000000, -0.000000000000000000, 1.000000000000000000 ) ) ;
#2288 = LINE ( 'NONE', #1279, #2462 ) ;
#2289 = SURFACE_STYLE_FILL_AREA ( #70 ) ;
#2290 = DIRECTION ( 'NONE',  ( -0.9996861751910754990, 0.000000000000000000, 0.02505097067657191187 ) ) ;
#2291 = VECTOR ( 'NONE', #7079, 1000.000000000000000 ) ;
#2292 = ORIENTED_EDGE ( 'NONE', *, *, #6527, .F. ) ;
#2293 = ORIENTED_EDGE ( 'NONE', *, *, #3178, .T. ) ;
#2294 = FILL_AREA_STYLE_COLOUR ( '', #3317 ) ;
#2295 = VECTOR ( 'NONE', #5360, 1000.000000000000000 ) ;
#2296 = CARTESIAN_POINT ( 'NONE',  ( 3.540000000000000036, -1.620000000000000107, 3.750000000000000000 ) ) ;
#2297 = STYLED_ITEM ( 'NONE', ( #1931 ), #1184 ) ;
#2298 =( NAMED_UNIT ( * ) SI_UNIT ( $, .STERADIAN. ) SOLID_ANGLE_UNIT ( ) );
#2299 = PRESENTATION_STYLE_ASSIGNMENT (( #566 ) ) ;
#2300 = CARTESIAN_POINT ( 'NONE',  ( -2.189999999999999947, 0.9200000000000012612, 4.050000000000001599 ) ) ;
#2301 = STYLED_ITEM ( 'NONE', ( #2658 ), #676 ) ;
#2302 = UNCERTAINTY_MEASURE_WITH_UNIT (LENGTH_MEASURE( 1.000000000000000082E-05 ), #488, 'distance_accuracy_value', 'NONE');
#2303 = EDGE_CURVE ( 'NONE', #4743, #7413, #7063, .T. ) ;
#2304 = ADVANCED_FACE ( 'NONE', ( #4536 ), #6907, .F. ) ;
#2305 = LINE ( 'NONE', #536, #4698 ) ;
#2306 =( NAMED_UNIT ( * ) SI_UNIT ( $, .STERADIAN. ) SOLID_ANGLE_UNIT ( ) );
#2307 = SURFACE_STYLE_FILL_AREA ( #6383 ) ;
#2308 = FILL_AREA_STYLE ('',( #1685 ) ) ;
#2309 = ORIENTED_EDGE ( 'NONE', *, *, #5463, .F. ) ;
#2310 = LINE ( 'NONE', #5252, #4966 ) ;
#2311 = SURFACE_STYLE_FILL_AREA ( #1798 ) ;
#2312 = DIRECTION ( 'NONE',  ( -0.7071067811865461294, 0.000000000000000000, -0.7071067811865490160 ) ) ;
#2313 = DIRECTION ( 'NONE',  ( 0.000000000000000000, 0.7071067811865455743, -0.7071067811865495711 ) ) ;
#2314 = FACE_BOUND ( 'NONE', #981, .T. ) ;
#2315 = DIRECTION ( 'NONE',  ( -1.000000000000000000, 0.000000000000000000, -0.000000000000000000 ) ) ;
#2316 = VERTEX_POINT ( 'NONE', #5832 ) ;
#2317 = ORIENTED_EDGE ( 'NONE', *, *, #1574, .F. ) ;
#2318 = ORIENTED_EDGE ( 'NONE', *, *, #6976, .F. ) ;
#2319 =( LENGTH_UNIT ( ) NAMED_UNIT ( * ) SI_UNIT ( .MILLI., .METRE. ) );
#2320 = FACE_OUTER_BOUND ( 'NONE', #2547, .T. ) ;
#2321 = CARTESIAN_POINT ( 'NONE',  ( 4.080000000000000071, 1.620000000000000107, -3.449999999999999734 ) ) ;
#2322 =( NAMED_UNIT ( * ) PLANE_ANGLE_UNIT ( ) SI_UNIT ( $, .RADIAN. ) );
#2323 =( NAMED_UNIT ( * ) SI_UNIT ( $, .STERADIAN. ) SOLID_ANGLE_UNIT ( ) );
#2324 = EDGE_LOOP ( 'NONE', ( #3671, #5290, #4778, #4373 ) ) ;
#2325 = EDGE_CURVE ( 'NONE', #1741, #777, #1745, .T. ) ;
#2326 = EDGE_LOOP ( 'NONE', ( #128, #4534, #7324, #4526, #6160, #7378, #3103, #7397 ) ) ;
#2327 = FACE_OUTER_BOUND ( 'NONE', #4413, .T. ) ;
#2328 = DIRECTION ( 'NONE',  ( 1.000000000000000000, -0.000000000000000000, 0.000000000000000000 ) ) ;
#2329 = LINE ( 'NONE', #2949, #7312 ) ;
#2330 = PRESENTATION_LAYER_ASSIGNMENT (  '', '', ( #2085 ) ) ;
#2331 = FILL_AREA_STYLE_COLOUR ( '', #3005 ) ;
#2332 = CARTESIAN_POINT ( 'NONE',  ( 0.8588250565440951334, -3.252606517456513302E-16, 5.322969931419178735 ) ) ;
#2333 = EDGE_CURVE ( 'NONE', #2692, #3204, #2988, .T. ) ;
#2334 = AXIS2_PLACEMENT_3D ( 'NONE', #5821, #942, #2806 ) ;
#2335 = STYLED_ITEM ( 'NONE', ( #2470 ), #2646 ) ;
#2336 = PRESENTATION_STYLE_ASSIGNMENT (( #4080 ) ) ;
#2337 = PLANE ( 'NONE',  #5549 ) ;
#2338 = VECTOR ( 'NONE', #5778, 1000.000000000000000 ) ;
#2339 = FILL_AREA_STYLE_COLOUR ( '', #5639 ) ;
#2340 = ADVANCED_FACE ( 'NONE', ( #5276 ), #4788, .T. ) ;
#2341 = EDGE_CURVE ( 'NONE', #720, #3911, #2329, .T. ) ;
#2342 = ORIENTED_EDGE ( 'NONE', *, *, #4478, .F. ) ;
#2343 = VECTOR ( 'NONE', #3741, 1000.000000000000000 ) ;
#2344 = AXIS2_PLACEMENT_3D ( 'NONE', #7594, #6475, #3473 ) ;
#2345 = PLANE ( 'NONE',  #169 ) ;
#2346 =( NAMED_UNIT ( * ) PLANE_ANGLE_UNIT ( ) SI_UNIT ( $, .RADIAN. ) );
#2347 =( LENGTH_UNIT ( ) NAMED_UNIT ( * ) SI_UNIT ( .MILLI., .METRE. ) );
#2348 = SURFACE_SIDE_STYLE ('',( #15 ) ) ;
#2349 = VECTOR ( 'NONE', #3880, 1000.000000000000000 ) ;
#2350 = CARTESIAN_POINT ( 'NONE',  ( -0.1679208549823459906, -5.329070518200752183E-16, 5.288875901474290764 ) ) ;
#2351 = ADVANCED_FACE ( 'NONE', ( #4151 ), #4758, .F. ) ;
#2352 = ORIENTED_EDGE ( 'NONE', *, *, #1045, .T. ) ;
#2353 = AXIS2_PLACEMENT_3D ( 'NONE', #1610, #2960, #4089 ) ;
#2354 = ORIENTED_EDGE ( 'NONE', *, *, #3406, .T. ) ;
#2355 = VERTEX_POINT ( 'NONE', #866 ) ;
#2356 =( LENGTH_UNIT ( ) NAMED_UNIT ( * ) SI_UNIT ( .MILLI., .METRE. ) );
#2357 = VECTOR ( 'NONE', #2063, 1000.000000000000000 ) ;
#2358 = PRESENTATION_STYLE_ASSIGNMENT (( #1775 ) ) ;
#2359 = FACE_OUTER_BOUND ( 'NONE', #171, .T. ) ;
#2360 = SURFACE_STYLE_USAGE ( .BOTH. , #27 ) ;
#2361 = CARTESIAN_POINT ( 'NONE',  ( 6.080000000000000071, -4.170008355713480109E-16, 3.750000000000000000 ) ) ;
#2362 =( GEOMETRIC_REPRESENTATION_CONTEXT ( 3 ) GLOBAL_UNCERTAINTY_ASSIGNED_CONTEXT ( ( #2696 ) ) GLOBAL_UNIT_ASSIGNED_CONTEXT ( ( #1989, #3327, #6838 ) ) REPRESENTATION_CONTEXT ( 'NONE', 'WORKASPACE' ) );
#2363 = ORIENTED_EDGE ( 'NONE', *, *, #5085, .T. ) ;
#2364 = COLOUR_RGB ( '',0.2000000000000000111, 0.2000000000000000111, 0.2000000000000000111 ) ;
#2365 = ORIENTED_EDGE ( 'NONE', *, *, #2537, .F. ) ;
#2366 = EDGE_CURVE ( 'NONE', #777, #3086, #6786, .T. ) ;
#2367 = CYLINDRICAL_SURFACE ( 'NONE', #7076, 0.08882474621664526726 ) ;
#2368 = CARTESIAN_POINT ( 'NONE',  ( -2.189999999999999947, -1.620000000000000107, 3.750000000000000000 ) ) ;
#2369 = STYLED_ITEM ( 'NONE', ( #26 ), #4731 ) ;
#2370 = SURFACE_SIDE_STYLE ('',( #1675 ) ) ;
#2371 = CARTESIAN_POINT ( 'NONE',  ( -2.889999999999998792, 0.9200000000000002620, 4.050000000000000711 ) ) ;
#2372 = VECTOR ( 'NONE', #2863, 1000.000000000000000 ) ;
#2373 = VECTOR ( 'NONE', #2315, 1000.000000000000000 ) ;
#2374 = VECTOR ( 'NONE', #5750, 1000.000000000000000 ) ;
#2375 = UNCERTAINTY_MEASURE_WITH_UNIT (LENGTH_MEASURE( 1.000000000000000082E-05 ), #750, 'distance_accuracy_value', 'NONE');
#2376 = EDGE_CURVE ( 'NONE', #6347, #4499, #1901, .T. ) ;
#2377 = VECTOR ( 'NONE', #7095, 1000.000000000000000 ) ;
#2378 = EDGE_CURVE ( 'NONE', #4499, #1079, #4997, .T. ) ;
#2379 = ADVANCED_FACE ( 'NONE', ( #3107 ), #2062, .F. ) ;
#2380 = PLANE ( 'NONE',  #36 ) ;
#2382 = FILL_AREA_STYLE_COLOUR ( '', #4557 ) ;
#2381 = PRESENTATION_LAYER_ASSIGNMENT (  '', '', ( #3606 ) ) ;
#2383 =( GEOMETRIC_REPRESENTATION_CONTEXT ( 3 ) GLOBAL_UNCERTAINTY_ASSIGNED_CONTEXT ( ( #3525 ) ) GLOBAL_UNIT_ASSIGNED_CONTEXT ( ( #1848, #4335, #662 ) ) REPRESENTATION_CONTEXT ( 'NONE', 'WORKASPACE' ) );
#2384 = DIRECTION ( 'NONE',  ( 0.9996861751910754990, 0.000000000000000000, -0.02505097067657191187 ) ) ;
#2385 = STYLED_ITEM ( 'NONE', ( #6864 ), #7400 ) ;
#2386 = ORIENTED_EDGE ( 'NONE', *, *, #6879, .F. ) ;
#2387 =( GEOMETRIC_REPRESENTATION_CONTEXT ( 3 ) GLOBAL_UNCERTAINTY_ASSIGNED_CONTEXT ( ( #7303 ) ) GLOBAL_UNIT_ASSIGNED_CONTEXT ( ( #501, #1074, #2789 ) ) REPRESENTATION_CONTEXT ( 'NONE', 'WORKASPACE' ) );
#2388 = PLANE ( 'NONE',  #3679 ) ;
#2389 =( LENGTH_UNIT ( ) NAMED_UNIT ( * ) SI_UNIT ( .MILLI., .METRE. ) );
#2390 = DIRECTION ( 'NONE',  ( -1.239088197126290077E-15, 1.000000000000000000, 0.000000000000000000 ) ) ;
#2391 = FACE_BOUND ( 'NONE', #3510, .T. ) ;
#2392 = LINE ( 'NONE', #5809, #7329 ) ;
#2393 = ORIENTED_EDGE ( 'NONE', *, *, #4644, .T. ) ;
#2394 = ORIENTED_EDGE ( 'NONE', *, *, #3792, .T. ) ;
#2395 = VERTEX_POINT ( 'NONE', #3763 ) ;
#2396 =( NAMED_UNIT ( * ) PLANE_ANGLE_UNIT ( ) SI_UNIT ( $, .RADIAN. ) );
#2397 = FACE_OUTER_BOUND ( 'NONE', #891, .T. ) ;
#2398 = EDGE_CURVE ( 'NONE', #2231, #3216, #4416, .T. ) ;
#2399 = CARTESIAN_POINT ( 'NONE',  ( 4.529999999999999361, -1.820000000000000506, 4.250000000000000000 ) ) ;
#2400 = ADVANCED_FACE ( 'NONE', ( #1405 ), #4830, .F. ) ;
#2401 = DIRECTION ( 'NONE',  ( 0.000000000000000000, -0.000000000000000000, -1.000000000000000000 ) ) ;
#2402 = CARTESIAN_POINT ( 'NONE',  ( -0.1679208549823459906, 0.3999999999999999112, 5.288875901474290764 ) ) ;
#2403 = ORIENTED_EDGE ( 'NONE', *, *, #7017, .F. ) ;
#2404 =( GEOMETRIC_REPRESENTATION_CONTEXT ( 3 ) GLOBAL_UNCERTAINTY_ASSIGNED_CONTEXT ( ( #3972 ) ) GLOBAL_UNIT_ASSIGNED_CONTEXT ( ( #3875, #6254, #5658 ) ) REPRESENTATION_CONTEXT ( 'NONE', 'WORKASPACE' ) );
#2405 = DIRECTION ( 'NONE',  ( 0.4281872867782717806, 0.000000000000000000, -0.9036900173408258796 ) ) ;
#2406 = ORIENTED_EDGE ( 'NONE', *, *, #5937, .T. ) ;
#2407 = CARTESIAN_POINT ( 'NONE',  ( -4.530000000000000249, 1.820000000000000062, 4.250000000000000000 ) ) ;
#2408 = CARTESIAN_POINT ( 'NONE',  ( 2.890000000000000124, -0.9200000000000000400, 4.050000000000001599 ) ) ;
#2409 = COLOUR_RGB ( '',0.2000000000000000111, 0.2000000000000000111, 0.2000000000000000111 ) ;
#2410 =( NAMED_UNIT ( * ) SI_UNIT ( $, .STERADIAN. ) SOLID_ANGLE_UNIT ( ) );
#2411 = DIRECTION ( 'NONE',  ( 0.000000000000000000, 0.7071067811865500152, -0.7071067811865450192 ) ) ;
#2412 = SURFACE_STYLE_FILL_AREA ( #531 ) ;
#2413 = PRESENTATION_STYLE_ASSIGNMENT (( #3035 ) ) ;
#2414 =( GEOMETRIC_REPRESENTATION_CONTEXT ( 3 ) GLOBAL_UNCERTAINTY_ASSIGNED_CONTEXT ( ( #6768 ) ) GLOBAL_UNIT_ASSIGNED_CONTEXT ( ( #3556, #4875, #711 ) ) REPRESENTATION_CONTEXT ( 'NONE', 'WORKASPACE' ) );
#2415 = PRESENTATION_STYLE_ASSIGNMENT (( #1210 ) ) ;
#2416 = STYLED_ITEM ( 'NONE', ( #6496 ), #493 ) ;
#2417 = SURFACE_SIDE_STYLE ('',( #2307 ) ) ;
#2418 = EDGE_CURVE ( 'NONE', #3465, #4425, #2684, .T. ) ;
#2419 = CARTESIAN_POINT ( 'NONE',  ( 0.005178789717898660272, 0.4000000000000000222, 1.461898641557689782 ) ) ;
#2420 = ORIENTED_EDGE ( 'NONE', *, *, #4572, .T. ) ;
#2421 = PRESENTATION_LAYER_ASSIGNMENT (  '', '', ( #2060 ) ) ;
#2422 = LINE ( 'NONE', #4769, #6342 ) ;
#2423 = LINE ( 'NONE', #4802, #7177 ) ;
#2424 = CONTEXT_DEPENDENT_SHAPE_REPRESENTATION ( #5149, #6766 ) ;
#2425 = CARTESIAN_POINT ( 'NONE',  ( 1.540000000000000036, 1.620000000000000107, 3.750000000000000000 ) ) ;
#2426 = LINE ( 'NONE', #1764, #752 ) ;
#2427 = DIRECTION ( 'NONE',  ( -0.000000000000000000, 1.000000000000000000, 1.112002228190259966E-16 ) ) ;
#2428 = FACE_OUTER_BOUND ( 'NONE', #4809, .T. ) ;
#2429 = VERTEX_POINT ( 'NONE', #3314 ) ;
#2430 = ORIENTED_EDGE ( 'NONE', *, *, #4047, .T. ) ;
#2431 = ORIENTED_EDGE ( 'NONE', *, *, #4596, .T. ) ;
#2432 = CARTESIAN_POINT ( 'NONE',  ( -0.3819168425098900532, 0.000000000000000000, 4.780491394004579675 ) ) ;
#2433 = LINE ( 'NONE', #3624, #6207 ) ;
#2434 = CARTESIAN_POINT ( 'NONE',  ( 0.000000000000000000, -4.170008355713480109E-16, 3.750000000000000000 ) ) ;
#2435 =( LENGTH_UNIT ( ) NAMED_UNIT ( * ) SI_UNIT ( .MILLI., .METRE. ) );
#2436 = PLANE ( 'NONE',  #6229 ) ;
#2437 =( NAMED_UNIT ( * ) PLANE_ANGLE_UNIT ( ) SI_UNIT ( $, .RADIAN. ) );
#2438 =( LENGTH_UNIT ( ) NAMED_UNIT ( * ) SI_UNIT ( .MILLI., .METRE. ) );
#2439 = ORIENTED_EDGE ( 'NONE', *, *, #450, .T. ) ;
#2440 = SURFACE_STYLE_FILL_AREA ( #2521 ) ;
#2441 = EDGE_CURVE ( 'NONE', #7322, #5936, #5665, .T. ) ;
#2442 = EDGE_LOOP ( 'NONE', ( #5293, #1282, #693, #5814 ) ) ;
#2443 =( NAMED_UNIT ( * ) PLANE_ANGLE_UNIT ( ) SI_UNIT ( $, .RADIAN. ) );
#2444 = CARTESIAN_POINT ( 'NONE',  ( 0.9690439428171118141, 0.2000000000000000111, 0.9245656430320832175 ) ) ;
#2445 = SURFACE_STYLE_USAGE ( .BOTH. , #3065 ) ;
#2446 = SURFACE_SIDE_STYLE ('',( #3145 ) ) ;
#2447 = PLANE ( 'NONE',  #5056 ) ;
#2448 = CARTESIAN_POINT ( 'NONE',  ( 1.000000000000000000, -1.620000000000000107, 3.750000000000000000 ) ) ;
#2449 = UNCERTAINTY_MEASURE_WITH_UNIT (LENGTH_MEASURE( 1.000000000000000082E-05 ), #4656, 'distance_accuracy_value', 'NONE');
#2450 = FILL_AREA_STYLE ('',( #1868 ) ) ;
#2451 =( NAMED_UNIT ( * ) PLANE_ANGLE_UNIT ( ) SI_UNIT ( $, .RADIAN. ) );
#2452 = CARTESIAN_POINT ( 'NONE',  ( -0.3699999999999999956, 0.000000000000000000, -3.482642567711100146 ) ) ;
#2453 = MECHANICAL_DESIGN_GEOMETRIC_PRESENTATION_REPRESENTATION (  '', ( #129 ), #7523 ) ;
#2454 = FACE_OUTER_BOUND ( 'NONE', #5679, .T. ) ;
#2455 = EDGE_LOOP ( 'NONE', ( #4649, #3466, #2045, #7519 ) ) ;
#2456 = STYLED_ITEM ( 'NONE', ( #3988 ), #2716 ) ;
#2457 = LINE ( 'NONE', #7187, #4672 ) ;
#2458 = SURFACE_STYLE_FILL_AREA ( #1111 ) ;
#2459 = EDGE_CURVE ( 'NONE', #5106, #7624, #5045, .T. ) ;
#2460 = DIRECTION ( 'NONE',  ( 0.000000000000000000, -1.000000000000000000, -0.000000000000000000 ) ) ;
#2461 = ORIENTED_EDGE ( 'NONE', *, *, #3085, .T. ) ;
#2462 = VECTOR ( 'NONE', #6546, 1000.000000000000000 ) ;
#2463 = STYLED_ITEM ( 'NONE', ( #5388 ), #1595 ) ;
#2464 = ORIENTED_EDGE ( 'NONE', *, *, #241, .T. ) ;
#2465 = ORIENTED_EDGE ( 'NONE', *, *, #5911, .T. ) ;
#2466 = FACE_BOUND ( 'NONE', #7544, .T. ) ;
#2467 = ADVANCED_FACE ( 'NONE', ( #4531 ), #3253, .F. ) ;
#2468 = EDGE_CURVE ( 'NONE', #485, #6482, #2091, .T. ) ;
#2469 = SURFACE_SIDE_STYLE ('',( #5870 ) ) ;
#2470 = PRESENTATION_STYLE_ASSIGNMENT (( #1965 ) ) ;
#2471 = VECTOR ( 'NONE', #3359, 1000.000000000000000 ) ;
#2473 = STYLED_ITEM ( 'NONE', ( #3882 ), #2467 ) ;
#2472 = CARTESIAN_POINT ( 'NONE',  ( -0.9690439428171120362, 0.4000000000000000222, 0.9245656430320839947 ) ) ;
#2474 = EDGE_CURVE ( 'NONE', #2520, #3945, #6901, .T. ) ;
#2475 = PRESENTATION_STYLE_ASSIGNMENT (( #6129 ) ) ;
#2476 = SURFACE_SIDE_STYLE ('',( #139 ) ) ;
#2477 = EDGE_LOOP ( 'NONE', ( #7265, #3142, #7360, #2098 ) ) ;
#2478 =( NAMED_UNIT ( * ) SI_UNIT ( $, .STERADIAN. ) SOLID_ANGLE_UNIT ( ) );
#2479 = AXIS2_PLACEMENT_3D ( 'NONE', #2540, #6804, #1997 ) ;
#2480 = MECHANICAL_DESIGN_GEOMETRIC_PRESENTATION_REPRESENTATION (  '', ( #3576 ), #5449 ) ;
#2481 = ORIENTED_EDGE ( 'NONE', *, *, #5122, .F. ) ;
#2482 = CARTESIAN_POINT ( 'NONE',  ( -6.599999999999999645, -2.540000000000000036, -4.250000000000000000 ) ) ;
#2483 = COLOUR_RGB ( '',0.2000000000000000111, 0.2000000000000000111, 0.2000000000000000111 ) ;
#2484 = CARTESIAN_POINT ( 'NONE',  ( -0.7366198555544819504, 0.4000000000000000222, 0.3147096712329959800 ) ) ;
#2485 =( NAMED_UNIT ( * ) PLANE_ANGLE_UNIT ( ) SI_UNIT ( $, .RADIAN. ) );
#2486 = CARTESIAN_POINT ( 'NONE',  ( -0.6405210985066780438, -1.626303258728256651E-16, 6.186473989507359939 ) ) ;
#2487 = DIRECTION ( 'NONE',  ( 0.000000000000000000, 0.000000000000000000, -1.000000000000000000 ) ) ;
#2488 = CARTESIAN_POINT ( 'NONE',  ( 6.080000000000000071, -4.170008355713480109E-16, 3.750000000000000000 ) ) ;
#2489 = PRESENTATION_LAYER_ASSIGNMENT (  '', '', ( #4697 ) ) ;
#2490 = AXIS2_PLACEMENT_3D ( 'NONE', #5546, #7374, #804 ) ;
#2491 = SURFACE_SIDE_STYLE ('',( #2029 ) ) ;
#2492 = DIRECTION ( 'NONE',  ( 1.000000000000000000, -0.000000000000000000, 0.000000000000000000 ) ) ;
#2493 = ORIENTED_EDGE ( 'NONE', *, *, #2833, .T. ) ;
#2494 = AXIS2_PLACEMENT_3D ( 'NONE', #3407, #3925, #6297 ) ;
#2495 = CARTESIAN_POINT ( 'NONE',  ( -0.5499999999999992673, -2.540000000000000036, 4.250000000000000000 ) ) ;
#2496 = AXIS2_PLACEMENT_3D ( 'NONE', #7258, #1418, #201 ) ;
#2497 = CARTESIAN_POINT ( 'NONE',  ( -6.080000000000000071, -0.9200000000000000400, 3.750000000000000000 ) ) ;
#2498 = EDGE_CURVE ( 'NONE', #5404, #3508, #4564, .T. ) ;
#2499 = MECHANICAL_DESIGN_GEOMETRIC_PRESENTATION_REPRESENTATION (  '', ( #6836 ), #5970 ) ;
#2500 = AXIS2_PLACEMENT_3D ( 'NONE', #6291, #871, #5587 ) ;
#2501 = CARTESIAN_POINT ( 'NONE',  ( 0.000000000000000000, -4.170008355713480109E-16, 3.750000000000000000 ) ) ;
#2502 = ORIENTED_EDGE ( 'NONE', *, *, #7224, .T. ) ;
#2503 = VECTOR ( 'NONE', #6009, 1000.000000000000000 ) ;
#2504 = STYLED_ITEM ( 'NONE', ( #136 ), #4774 ) ;
#2505 = CARTESIAN_POINT ( 'NONE',  ( -5.429999999999998828, -1.620000000000000107, 4.050000000000000711 ) ) ;
#2506 = STYLED_ITEM ( 'NONE', ( #4172 ), #7557 ) ;
#2507 = DIRECTION ( 'NONE',  ( 1.000000000000000000, -0.000000000000000000, 0.000000000000000000 ) ) ;
#2508 = CARTESIAN_POINT ( 'NONE',  ( 0.5176744983949780332, 0.4000000000000001887, 6.166017239158860797 ) ) ;
#2509 = CARTESIAN_POINT ( 'NONE',  ( 5.429999999999999716, 0.9200000000000000400, 3.750000000000000000 ) ) ;
#2510 = VECTOR ( 'NONE', #1093, 1000.000000000000114 ) ;
#2511 = ORIENTED_EDGE ( 'NONE', *, *, #3544, .F. ) ;
#2512 = EDGE_CURVE ( 'NONE', #6650, #6394, #4454, .T. ) ;
#2513 = ORIENTED_EDGE ( 'NONE', *, *, #3168, .T. ) ;
#2514 = ORIENTED_EDGE ( 'NONE', *, *, #1943, .F. ) ;
#2515 = PRESENTATION_STYLE_ASSIGNMENT (( #5829 ) ) ;
#2516 = FACE_BOUND ( 'NONE', #5862, .T. ) ;
#2517 = CARTESIAN_POINT ( 'NONE',  ( 4.530000000000001137, -2.540000000000000036, 4.250000000000000000 ) ) ;
#2518 = CARTESIAN_POINT ( 'NONE',  ( 2.189999999999999947, 0.9200000000000000400, 3.750000000000000000 ) ) ;
#2519 = DIRECTION ( 'NONE',  ( 1.000000000000000000, 0.000000000000000000, -0.000000000000000000 ) ) ;
#2520 = VERTEX_POINT ( 'NONE', #3392 ) ;
#2521 = FILL_AREA_STYLE ('',( #3028 ) ) ;
#2522 = ORIENTED_EDGE ( 'NONE', *, *, #677, .T. ) ;
#2523 = EDGE_CURVE ( 'NONE', #418, #7601, #2717, .T. ) ;
#2524 = FILL_AREA_STYLE ('',( #186 ) ) ;
#2525 = SURFACE_SIDE_STYLE ('',( #3063 ) ) ;
#2526 =( NAMED_UNIT ( * ) SI_UNIT ( $, .STERADIAN. ) SOLID_ANGLE_UNIT ( ) );
#2527 = PLANE ( 'NONE',  #5575 ) ;
#2528 = DIRECTION ( 'NONE',  ( 0.000000000000000000, -1.000000000000000000, 0.000000000000000000 ) ) ;
#2529 = EDGE_LOOP ( 'NONE', ( #2642, #6551, #6003, #553 ) ) ;
#2530 = UNCERTAINTY_MEASURE_WITH_UNIT (LENGTH_MEASURE( 1.000000000000000082E-05 ), #7189, 'distance_accuracy_value', 'NONE');
#2531 = SURFACE_STYLE_FILL_AREA ( #3724 ) ;
#2532 = LINE ( 'NONE', #1873, #3098 ) ;
#2533 = VECTOR ( 'NONE', #3574, 1000.000000000000000 ) ;
#2534 = COLOUR_RGB ( '',0.7411764705882353255, 0.7764705882352941346, 0.8000000000000000444 ) ;
#2535 = EDGE_CURVE ( 'NONE', #5305, #4866, #3836, .T. ) ;
#2536 = EDGE_LOOP ( 'NONE', ( #1170, #3709, #1319, #6255 ) ) ;
#2537 = EDGE_CURVE ( 'NONE', #199, #1439, #4613, .T. ) ;
#2538 = CARTESIAN_POINT ( 'NONE',  ( -1.000000000000000000, -0.9200000000000000400, -12.25140600070190011 ) ) ;
#2539 = CIRCLE ( 'NONE', #1300, 0.08819660112501069571 ) ;
#2540 = CARTESIAN_POINT ( 'NONE',  ( -0.7366198555544819504, 0.4000000000000000222, -0.05191018432148639811 ) ) ;
#2541 = DIRECTION ( 'NONE',  ( 0.5773502691896277295, -0.5773502691896268413, 0.5773502691896227335 ) ) ;
#2542 =( NAMED_UNIT ( * ) PLANE_ANGLE_UNIT ( ) SI_UNIT ( $, .RADIAN. ) );
#2543 = FILL_AREA_STYLE ('',( #4892 ) ) ;
#2544 = CARTESIAN_POINT ( 'NONE',  ( 0.3819168425098897757, -1.626303258728256651E-16, 4.780491394004580563 ) ) ;
#2545 = VERTEX_POINT ( 'NONE', #6865 ) ;
#2546 = VERTEX_POINT ( 'NONE', #972 ) ;
#2547 = EDGE_LOOP ( 'NONE', ( #3830, #6150, #2157, #2119 ) ) ;
#2548 =( NAMED_UNIT ( * ) PLANE_ANGLE_UNIT ( ) SI_UNIT ( $, .RADIAN. ) );
#2549 = SURFACE_STYLE_USAGE ( .BOTH. , #5374 ) ;
#2550 =( NAMED_UNIT ( * ) PLANE_ANGLE_UNIT ( ) SI_UNIT ( $, .RADIAN. ) );
#2551 = FILL_AREA_STYLE_COLOUR ( '', #1599 ) ;
#2552 = AXIS2_PLACEMENT_3D ( 'NONE', #483, #5752, #5157 ) ;
#2553 = CARTESIAN_POINT ( 'NONE',  ( -6.599999999999999645, 1.820000000000000062, 4.250000000000000000 ) ) ;
#2554 = SURFACE_STYLE_USAGE ( .BOTH. , #1434 ) ;
#2555 = ORIENTED_EDGE ( 'NONE', *, *, #3270, .F. ) ;
#2556 = CARTESIAN_POINT ( 'NONE',  ( -6.599999999999999645, 0.7200000000000009726, 4.250000000000000000 ) ) ;
#2557 = ORIENTED_EDGE ( 'NONE', *, *, #5515, .T. ) ;
#2558 = DIRECTION ( 'NONE',  ( 0.000000000000000000, 0.000000000000000000, -1.000000000000000000 ) ) ;
#2559 = FILL_AREA_STYLE ('',( #3798 ) ) ;
#2560 =( LENGTH_UNIT ( ) NAMED_UNIT ( * ) SI_UNIT ( .MILLI., .METRE. ) );
#2561 = CARTESIAN_POINT ( 'NONE',  ( 0.005178789717898660272, 0.000000000000000000, 2.014805344883670024 ) ) ;
#2562 = CARTESIAN_POINT ( 'NONE',  ( -1.019028251576665323, 0.2000000000000000111, 0.9258181915659118300 ) ) ;
#2563 =( NAMED_UNIT ( * ) PLANE_ANGLE_UNIT ( ) SI_UNIT ( $, .RADIAN. ) );
#2564 = EDGE_CURVE ( 'NONE', #4170, #1456, #1116, .T. ) ;
#2565 = DIRECTION ( 'NONE',  ( 1.000000000000000000, -0.000000000000000000, 0.000000000000000000 ) ) ;
#2566 = ORIENTED_EDGE ( 'NONE', *, *, #2564, .F. ) ;
#2567 = PLANE ( 'NONE',  #5951 ) ;
#2568 = DIRECTION ( 'NONE',  ( -1.239088197126290077E-15, -1.000000000000000000, 0.000000000000000000 ) ) ;
#2569 = SURFACE_STYLE_FILL_AREA ( #5550 ) ;
#2570 = ORIENTED_EDGE ( 'NONE', *, *, #2645, .F. ) ;
#2571 = CARTESIAN_POINT ( 'NONE',  ( -9.901406000701879151, 1.949999999999999956, -3.449999999999999734 ) ) ;
#2572 =( NAMED_UNIT ( * ) PLANE_ANGLE_UNIT ( ) SI_UNIT ( $, .RADIAN. ) );
#2573 =( GEOMETRIC_REPRESENTATION_CONTEXT ( 3 ) GLOBAL_UNCERTAINTY_ASSIGNED_CONTEXT ( ( #1783 ) ) GLOBAL_UNIT_ASSIGNED_CONTEXT ( ( #2041, #885, #5128 ) ) REPRESENTATION_CONTEXT ( 'NONE', 'WORKASPACE' ) );
#2574 = CARTESIAN_POINT ( 'NONE',  ( 3.090000000000000746, -2.540000000000000036, 4.250000000000000000 ) ) ;
#2575 = EDGE_CURVE ( 'NONE', #4145, #1402, #5928, .T. ) ;
#2576 = UNCERTAINTY_MEASURE_WITH_UNIT (LENGTH_MEASURE( 1.000000000000000082E-05 ), #3209, 'distance_accuracy_value', 'NONE');
#2577 = CARTESIAN_POINT ( 'NONE',  ( -0.5499999999999990452, -2.540000000000000036, 4.250000000000000000 ) ) ;
#2578 = ORIENTED_EDGE ( 'NONE', *, *, #6526, .F. ) ;
#2579 = ORIENTED_EDGE ( 'NONE', *, *, #4079, .F. ) ;
#2580 = AXIS2_PLACEMENT_3D ( 'NONE', #2561, #2686, #6220 ) ;
#2581 =( GEOMETRIC_REPRESENTATION_CONTEXT ( 3 ) GLOBAL_UNCERTAINTY_ASSIGNED_CONTEXT ( ( #5041 ) ) GLOBAL_UNIT_ASSIGNED_CONTEXT ( ( #1578, #2161, #6887 ) ) REPRESENTATION_CONTEXT ( 'NONE', 'WORKASPACE' ) );
#2582 = ORIENTED_EDGE ( 'NONE', *, *, #5458, .T. ) ;
#2583 = PLANE ( 'NONE',  #4827 ) ;
#2584 =( LENGTH_UNIT ( ) NAMED_UNIT ( * ) SI_UNIT ( .MILLI., .METRE. ) );
#2585 =( NAMED_UNIT ( * ) PLANE_ANGLE_UNIT ( ) SI_UNIT ( $, .RADIAN. ) );
#2586 = DIRECTION ( 'NONE',  ( 0.000000000000000000, -1.112002228190259966E-16, 1.000000000000000000 ) ) ;
#2587 = UNCERTAINTY_MEASURE_WITH_UNIT (LENGTH_MEASURE( 1.000000000000000082E-05 ), #1185, 'distance_accuracy_value', 'NONE');
#2588 = LINE ( 'NONE', #3167, #745 ) ;
#2589 = EDGE_CURVE ( 'NONE', #658, #4905, #618, .T. ) ;
#2590 = VECTOR ( 'NONE', #3095, 1000.000000000000000 ) ;
#2591 = CARTESIAN_POINT ( 'NONE',  ( -5.429999999999999716, -1.620000000000000107, -12.25140600070190011 ) ) ;
#2592 = DIRECTION ( 'NONE',  ( 0.000000000000000000, -0.000000000000000000, -1.000000000000000000 ) ) ;
#2593 = ORIENTED_EDGE ( 'NONE', *, *, #4982, .T. ) ;
#2594 = EDGE_LOOP ( 'NONE', ( #3271, #7361, #1626, #3192 ) ) ;
#2595 = ORIENTED_EDGE ( 'NONE', *, *, #1725, .F. ) ;
#2596 =( GEOMETRIC_REPRESENTATION_CONTEXT ( 3 ) GLOBAL_UNCERTAINTY_ASSIGNED_CONTEXT ( ( #6908 ) ) GLOBAL_UNIT_ASSIGNED_CONTEXT ( ( #4805, #6728, #4978 ) ) REPRESENTATION_CONTEXT ( 'NONE', 'WORKASPACE' ) );
#2597 = CARTESIAN_POINT ( 'NONE',  ( -2.890000000000000124, 0.9200000000000000400, -12.25140600070190011 ) ) ;
#2598 = STYLED_ITEM ( 'NONE', ( #411 ), #1698 ) ;
#2599 = VECTOR ( 'NONE', #2250, 1000.000000000000114 ) ;
#2600 = CARTESIAN_POINT ( 'NONE',  ( -1.989999999999999991, 0.7200000000000007505, 4.250000000000000000 ) ) ;
#2601 = CARTESIAN_POINT ( 'NONE',  ( 0.3819168425098900532, 0.4000000000000000222, 4.780491394004579675 ) ) ;
#2602 = STYLED_ITEM ( 'NONE', ( #7377 ), #6301 ) ;
#2603 = CARTESIAN_POINT ( 'NONE',  ( 1.540000000000000036, -0.9200000000000000400, -12.25140600070190011 ) ) ;
#2604 = SURFACE_STYLE_FILL_AREA ( #3214 ) ;
#2605 = FILL_AREA_STYLE ('',( #262 ) ) ;
#2606 = VECTOR ( 'NONE', #2040, 1000.000000000000114 ) ;
#2607 = EDGE_LOOP ( 'NONE', ( #314, #4935, #902, #592 ) ) ;
#2608 = ADVANCED_FACE ( 'NONE', ( #5337 ), #68, .F. ) ;
#2609 = AXIS2_PLACEMENT_3D ( 'NONE', #6902, #3949, #3799 ) ;
#2610 =( NAMED_UNIT ( * ) PLANE_ANGLE_UNIT ( ) SI_UNIT ( $, .RADIAN. ) );
#2611 = PRESENTATION_LAYER_ASSIGNMENT (  '', '', ( #1863 ) ) ;
#2612 = STYLED_ITEM ( 'NONE', ( #2927 ), #2106 ) ;
#2613 = DIRECTION ( 'NONE',  ( 0.000000000000000000, 0.7071067811865500152, 0.7071067811865450192 ) ) ;
#2614 = VECTOR ( 'NONE', #3784, 1000.000000000000000 ) ;
#2615 = SURFACE_STYLE_USAGE ( .BOTH. , #4923 ) ;
#2616 = VECTOR ( 'NONE', #4955, 1000.000000000000000 ) ;
#2617 = COLOUR_RGB ( '',0.2000000000000000111, 0.2000000000000000111, 0.2000000000000000111 ) ;
#2618 = EDGE_CURVE ( 'NONE', #7155, #2171, #1124, .T. ) ;
#2619 = EDGE_LOOP ( 'NONE', ( #243, #6142, #6256, #5604 ) ) ;
#2620 = ADVANCED_FACE ( 'NONE', ( #1234 ), #4715, .F. ) ;
#2621 = COLOUR_RGB ( '',0.2000000000000000111, 0.2000000000000000111, 0.2000000000000000111 ) ;
#2622 = EDGE_CURVE ( 'NONE', #4855, #4437, #2093, .T. ) ;
#2623 = SURFACE_SIDE_STYLE ('',( #3651 ) ) ;
#2624 = CARTESIAN_POINT ( 'NONE',  ( 2.189999999999999947, 1.620000000000000107, 3.750000000000000000 ) ) ;
#2625 = LINE ( 'NONE', #4399, #5544 ) ;
#2626 = STYLED_ITEM ( 'NONE', ( #3547 ), #4706 ) ;
#2627 = SURFACE_STYLE_USAGE ( .BOTH. , #204 ) ;
#2628 = FILL_AREA_STYLE_COLOUR ( '', #4615 ) ;
#2629 = PRESENTATION_STYLE_ASSIGNMENT (( #5561 ) ) ;
#2630 = EDGE_LOOP ( 'NONE', ( #30, #1575, #1855, #1450 ) ) ;
#2631 = ORIENTED_EDGE ( 'NONE', *, *, #4626, .F. ) ;
#2632 = VECTOR ( 'NONE', #6081, 1000.000000000000000 ) ;
#2633 = LINE ( 'NONE', #3240, #2614 ) ;
#2634 = CARTESIAN_POINT ( 'NONE',  ( -1.540000000000000036, -1.620000000000000107, 3.750000000000000000 ) ) ;
#2635 = CIRCLE ( 'NONE', #3863, 0.1999999999999999001 ) ;
#2636 = DIRECTION ( 'NONE',  ( -0.000000000000000000, 0.000000000000000000, 1.000000000000000000 ) ) ;
#2637 = CARTESIAN_POINT ( 'NONE',  ( -1.540000000000000036, -0.9200000000000000400, -12.25140600070190011 ) ) ;
#2638 =( GEOMETRIC_REPRESENTATION_CONTEXT ( 3 ) GLOBAL_UNCERTAINTY_ASSIGNED_CONTEXT ( ( #286 ) ) GLOBAL_UNIT_ASSIGNED_CONTEXT ( ( #4211, #1308, #727 ) ) REPRESENTATION_CONTEXT ( 'NONE', 'WORKASPACE' ) );
#2639 = VECTOR ( 'NONE', #2390, 1000.000000000000000 ) ;
#2640 = CARTESIAN_POINT ( 'NONE',  ( -2.889999999999998792, -2.540000000000000036, 4.050000000000000711 ) ) ;
#2641 = SURFACE_STYLE_USAGE ( .BOTH. , #931 ) ;
#2642 = ORIENTED_EDGE ( 'NONE', *, *, #3270, .T. ) ;
#2643 = ORIENTED_EDGE ( 'NONE', *, *, #2512, .T. ) ;
#2644 = EDGE_LOOP ( 'NONE', ( #3783, #522, #919, #5440 ) ) ;
#2645 = EDGE_CURVE ( 'NONE', #5074, #5699, #3546, .T. ) ;
#2646 = ADVANCED_FACE ( 'NONE', ( #2320 ), #5901, .F. ) ;
#2647 = SURFACE_STYLE_FILL_AREA ( #370 ) ;
#2648 =( LENGTH_UNIT ( ) NAMED_UNIT ( * ) SI_UNIT ( .MILLI., .METRE. ) );
#2649 = CARTESIAN_POINT ( 'NONE',  ( -2.189999999999999947, -1.620000000000000107, 3.750000000000000000 ) ) ;
#2650 = VECTOR ( 'NONE', #2636, 1000.000000000000000 ) ;
#2651 = LINE ( 'NONE', #4999, #606 ) ;
#2652 = DIRECTION ( 'NONE',  ( -0.000000000000000000, 0.000000000000000000, -1.000000000000000000 ) ) ;
#2653 = SURFACE_SIDE_STYLE ('',( #4498 ) ) ;
#2654 = ORIENTED_EDGE ( 'NONE', *, *, #3373, .F. ) ;
#2655 = SURFACE_STYLE_FILL_AREA ( #4918 ) ;
#2656 = LINE ( 'NONE', #4880, #3342 ) ;
#2657 = DIRECTION ( 'NONE',  ( 0.06397705464214722970, 0.000000000000000000, -0.9979513697968031005 ) ) ;
#2658 = PRESENTATION_STYLE_ASSIGNMENT (( #1448 ) ) ;
#2659 = EDGE_LOOP ( 'NONE', ( #5370, #1779, #5826, #6961 ) ) ;
#2660 = LINE ( 'NONE', #5240, #3997 ) ;
#2661 = UNCERTAINTY_MEASURE_WITH_UNIT (LENGTH_MEASURE( 1.000000000000000082E-05 ), #7549, 'distance_accuracy_value', 'NONE');
#2662 = CARTESIAN_POINT ( 'NONE',  ( 4.529999999999999361, 1.820000000000000506, 4.250000000000000000 ) ) ;
#2663 = SURFACE_STYLE_FILL_AREA ( #6882 ) ;
#2664 = LINE ( 'NONE', #356, #2732 ) ;
#2665 = DIRECTION ( 'NONE',  ( 0.000000000000000000, -0.000000000000000000, 1.000000000000000000 ) ) ;
#2666 = UNCERTAINTY_MEASURE_WITH_UNIT (LENGTH_MEASURE( 1.000000000000000082E-05 ), #4380, 'distance_accuracy_value', 'NONE');
#2667 = CARTESIAN_POINT ( 'NONE',  ( 0.5569527916718948202, 0.4000000000000000222, 2.050178687254370136 ) ) ;
#2668 = EDGE_CURVE ( 'NONE', #6799, #3927, #6588, .T. ) ;
#2669 = ORIENTED_EDGE ( 'NONE', *, *, #6871, .F. ) ;
#2670 = COLOUR_RGB ( '',0.2000000000000000111, 0.2000000000000000111, 0.2000000000000000111 ) ;
#2671 = MECHANICAL_DESIGN_GEOMETRIC_PRESENTATION_REPRESENTATION (  '', ( #3901 ), #6268 ) ;
#2672 = CARTESIAN_POINT ( 'NONE',  ( 0.7366198555544819504, 0.4000000000000000222, 0.3147096712329959800 ) ) ;
#2673 = LINE ( 'NONE', #3411, #3455 ) ;
#2674 = UNCERTAINTY_MEASURE_WITH_UNIT (LENGTH_MEASURE( 1.000000000000000082E-05 ), #4979, 'distance_accuracy_value', 'NONE');
#2675 = CARTESIAN_POINT ( 'NONE',  ( 6.080000000000000071, 0.9200000000000000400, -12.25140600070190011 ) ) ;
#2676 = LINE ( 'NONE', #3277, #4482 ) ;
#2677 = VECTOR ( 'NONE', #1684, 1000.000000000000000 ) ;
#2678 = ORIENTED_EDGE ( 'NONE', *, *, #6619, .T. ) ;
#2679 = VERTEX_POINT ( 'NONE', #698 ) ;
#2680 = ORIENTED_EDGE ( 'NONE', *, *, #1409, .F. ) ;
#2681 = DIRECTION ( 'NONE',  ( 0.000000000000000000, -1.000000000000000000, -0.000000000000000000 ) ) ;
#2682 = STYLED_ITEM ( 'NONE', ( #5395 ), #959 ) ;
#2683 = CARTESIAN_POINT ( 'NONE',  ( 4.530000000000000249, -2.540000000000000036, 4.250000000000000000 ) ) ;
#2684 = LINE ( 'NONE', #5746, #2711 ) ;
#2685 = FILL_AREA_STYLE_COLOUR ( '', #2483 ) ;
#2686 = DIRECTION ( 'NONE',  ( -0.000000000000000000, 1.000000000000000000, -0.000000000000000000 ) ) ;
#2687 = DIRECTION ( 'NONE',  ( 0.5773502691896267303, -0.5773502691896258421, -0.5773502691896247319 ) ) ;
#2688 = CARTESIAN_POINT ( 'NONE',  ( -0.1138737533966049931, 0.4000000000000000222, -4.023197458950360073 ) ) ;
#2689 = EDGE_CURVE ( 'NONE', #1973, #4810, #1890, .T. ) ;
#2690 = EDGE_CURVE ( 'NONE', #7509, #2546, #6128, .T. ) ;
#2691 = PRODUCT_DEFINITION_SHAPE ( 'NONE', 'NONE',  #5159 ) ;
#2692 = VERTEX_POINT ( 'NONE', #6656 ) ;
#2693 = DIRECTION ( 'NONE',  ( 0.000000000000000000, -0.000000000000000000, -1.000000000000000000 ) ) ;
#2694 = SURFACE_SIDE_STYLE ('',( #349 ) ) ;
#2695 =( NAMED_UNIT ( * ) PLANE_ANGLE_UNIT ( ) SI_UNIT ( $, .RADIAN. ) );
#2696 = UNCERTAINTY_MEASURE_WITH_UNIT (LENGTH_MEASURE( 1.000000000000000082E-05 ), #1989, 'distance_accuracy_value', 'NONE');
#2697 = VERTEX_POINT ( 'NONE', #5527 ) ;
#2698 = SURFACE_SIDE_STYLE ('',( #1067 ) ) ;
#2699 =( NAMED_UNIT ( * ) SI_UNIT ( $, .STERADIAN. ) SOLID_ANGLE_UNIT ( ) );
#2700 = LINE ( 'NONE', #3930, #3101 ) ;
#2701 =( NAMED_UNIT ( * ) SI_UNIT ( $, .STERADIAN. ) SOLID_ANGLE_UNIT ( ) );
#2702 = SURFACE_STYLE_FILL_AREA ( #5648 ) ;
#2703 = EDGE_LOOP ( 'NONE', ( #2827, #72, #623, #2511 ) ) ;
#2704 = CARTESIAN_POINT ( 'NONE',  ( -2.189999999999999947, 1.619999999999999885, 4.050000000000001599 ) ) ;
#2705 = EDGE_CURVE ( 'NONE', #4113, #3125, #4861, .T. ) ;
#2706 = DIRECTION ( 'NONE',  ( 0.000000000000000000, 0.000000000000000000, 1.000000000000000000 ) ) ;
#2707 =( LENGTH_UNIT ( ) NAMED_UNIT ( * ) SI_UNIT ( .MILLI., .METRE. ) );
#2708 = CARTESIAN_POINT ( 'NONE',  ( 4.080000000000000071, 1.620000000000000107, 3.750000000000000000 ) ) ;
#2709 = CARTESIAN_POINT ( 'NONE',  ( 3.539999999999999591, -1.620000000000000107, -3.449999999999999734 ) ) ;
#2710 = ORIENTED_EDGE ( 'NONE', *, *, #3721, .F. ) ;
#2711 = VECTOR ( 'NONE', #1589, 1000.000000000000000 ) ;
#2712 = VERTEX_POINT ( 'NONE', #5568 ) ;
#2713 = ORIENTED_EDGE ( 'NONE', *, *, #490, .T. ) ;
#2714 = ADVANCED_FACE ( 'NONE', ( #3626 ), #6701, .T. ) ;
#2715 = FILL_AREA_STYLE ('',( #3390 ) ) ;
#2716 = ADVANCED_FACE ( 'NONE', ( #4781 ), #4255, .T. ) ;
#2717 = LINE ( 'NONE', #339, #1467 ) ;
#2718 = PRESENTATION_STYLE_ASSIGNMENT (( #940 ) ) ;
#2719 =( GEOMETRIC_REPRESENTATION_CONTEXT ( 3 ) GLOBAL_UNCERTAINTY_ASSIGNED_CONTEXT ( ( #5198 ) ) GLOBAL_UNIT_ASSIGNED_CONTEXT ( ( #4108, #5338, #3701 ) ) REPRESENTATION_CONTEXT ( 'NONE', 'WORKASPACE' ) );
#2720 =( GEOMETRIC_REPRESENTATION_CONTEXT ( 3 ) GLOBAL_UNCERTAINTY_ASSIGNED_CONTEXT ( ( #7381 ) ) GLOBAL_UNIT_ASSIGNED_CONTEXT ( ( #661, #5817, #2876 ) ) REPRESENTATION_CONTEXT ( 'NONE', 'WORKASPACE' ) );
#2721 = CARTESIAN_POINT ( 'NONE',  ( -5.629999999999999893, -0.7199999999999999734, 4.250000000000000000 ) ) ;
#2722 = FILL_AREA_STYLE_COLOUR ( '', #534 ) ;
#2723 = ORIENTED_EDGE ( 'NONE', *, *, #6461, .T. ) ;
#2724 = COLOUR_RGB ( '',0.2000000000000000111, 0.2000000000000000111, 0.2000000000000000111 ) ;
#2725 = CARTESIAN_POINT ( 'NONE',  ( 0.3500000000000009770, -1.620000000000000107, 3.750000000000000000 ) ) ;
#2726 = UNCERTAINTY_MEASURE_WITH_UNIT (LENGTH_MEASURE( 1.000000000000000082E-05 ), #3905, 'distance_accuracy_value', 'NONE');
#2727 = CARTESIAN_POINT ( 'NONE',  ( -4.080000000000000071, 0.9200000000000000400, 3.750000000000000000 ) ) ;
#2728 = AXIS2_PLACEMENT_3D ( 'NONE', #6599, #4908, #1857 ) ;
#2729 = AXIS2_PLACEMENT_3D ( 'NONE', #5627, #3948, #2804 ) ;
#2730 = LINE ( 'NONE', #7454, #3781 ) ;
#2731 = ORIENTED_EDGE ( 'NONE', *, *, #6387, .F. ) ;
#2732 = VECTOR ( 'NONE', #5093, 1000.000000000000000 ) ;
#2733 = COLOUR_RGB ( '',0.2000000000000000111, 0.2000000000000000111, 0.2000000000000000111 ) ;
#2734 = EDGE_CURVE ( 'NONE', #6790, #7192, #4073, .T. ) ;
#2735 = UNCERTAINTY_MEASURE_WITH_UNIT (LENGTH_MEASURE( 1.000000000000000082E-05 ), #5795, 'distance_accuracy_value', 'NONE');
#2736 = VECTOR ( 'NONE', #6397, 1000.000000000000000 ) ;
#2737 = PRESENTATION_STYLE_ASSIGNMENT (( #5764 ) ) ;
#2738 = DIRECTION ( 'NONE',  ( -1.000000000000000000, -0.000000000000000000, 0.000000000000000000 ) ) ;
#2739 = COLOUR_RGB ( '',0.2000000000000000111, 0.2000000000000000111, 0.2000000000000000111 ) ;
#2740 = UNCERTAINTY_MEASURE_WITH_UNIT (LENGTH_MEASURE( 1.000000000000000082E-05 ), #2319, 'distance_accuracy_value', 'NONE');
#2741 = PRESENTATION_LAYER_ASSIGNMENT (  '', '', ( #1251 ) ) ;
#2742 = SURFACE_STYLE_USAGE ( .BOTH. , #392 ) ;
#2743 = MECHANICAL_DESIGN_GEOMETRIC_PRESENTATION_REPRESENTATION (  '', ( #5207 ), #4950 ) ;
#2744 = ORIENTED_EDGE ( 'NONE', *, *, #5419, .T. ) ;
#2745 =( GEOMETRIC_REPRESENTATION_CONTEXT ( 3 ) GLOBAL_UNCERTAINTY_ASSIGNED_CONTEXT ( ( #3189 ) ) GLOBAL_UNIT_ASSIGNED_CONTEXT ( ( #5032, #4459, #977 ) ) REPRESENTATION_CONTEXT ( 'NONE', 'WORKASPACE' ) );
#2746 = CARTESIAN_POINT ( 'NONE',  ( -0.3700000000000017719, 0.4000000000000000222, -3.482642567711101034 ) ) ;
#2747 = PRESENTATION_LAYER_ASSIGNMENT (  '', '', ( #3468 ) ) ;
#2748 = CARTESIAN_POINT ( 'NONE',  ( 0.000000000000000000, 0.000000000000000000, 0.000000000000000000 ) ) ;
#2749 = UNCERTAINTY_MEASURE_WITH_UNIT (LENGTH_MEASURE( 1.000000000000000082E-05 ), #2819, 'distance_accuracy_value', 'NONE');
#2750 = PRODUCT_DEFINITION_SHAPE ( 'NONE', 'NONE',  #7341 ) ;
#2751 = VECTOR ( 'NONE', #998, 1000.000000000000000 ) ;
#2752 = DIRECTION ( 'NONE',  ( 0.06397705464214722970, 0.000000000000000000, -0.9979513697968031005 ) ) ;
#2753 =( NAMED_UNIT ( * ) SI_UNIT ( $, .STERADIAN. ) SOLID_ANGLE_UNIT ( ) );
#2754 = DIRECTION ( 'NONE',  ( -1.239088197126290077E-15, -1.000000000000000000, 0.000000000000000000 ) ) ;
#2755 = ADVANCED_FACE ( 'NONE', ( #4989 ), #5777, .T. ) ;
#2756 = LINE ( 'NONE', #859, #6591 ) ;
#2757 = STYLED_ITEM ( 'NONE', ( #4336 ), #5594 ) ;
#2758 = EDGE_LOOP ( 'NONE', ( #2317, #6986, #7485, #4130 ) ) ;
#2759 = EDGE_LOOP ( 'NONE', ( #3354, #2962, #1933, #1078 ) ) ;
#2760 = VERTEX_POINT ( 'NONE', #927 ) ;
#2761 =( GEOMETRIC_REPRESENTATION_CONTEXT ( 3 ) GLOBAL_UNCERTAINTY_ASSIGNED_CONTEXT ( ( #1956 ) ) GLOBAL_UNIT_ASSIGNED_CONTEXT ( ( #921, #6947, #5040 ) ) REPRESENTATION_CONTEXT ( 'NONE', 'WORKASPACE' ) );
#2762 = CARTESIAN_POINT ( 'NONE',  ( 4.080000000000000071, -0.9200000000000000400, 3.750000000000000000 ) ) ;
#2763 = DIRECTION ( 'NONE',  ( 0.000000000000000000, -0.000000000000000000, 1.000000000000000000 ) ) ;
#2764 = STYLED_ITEM ( 'NONE', ( #7264 ), #6032 ) ;
#2765 = FILL_AREA_STYLE_COLOUR ( '', #4201 ) ;
#2766 = CARTESIAN_POINT ( 'NONE',  ( -6.599999999999999645, -1.949999999999999956, -3.450000000000000178 ) ) ;
#2767 = CARTESIAN_POINT ( 'NONE',  ( -9.901406000701879151, 1.620000000000000329, -3.449999999999999734 ) ) ;
#2768 = CARTESIAN_POINT ( 'NONE',  ( 0.000000000000000000, -2.540000000000000036, 4.250000000000000000 ) ) ;
#2769 = AXIS2_PLACEMENT_3D ( 'NONE', #5816, #1051, #2763 ) ;
#2770 = SURFACE_STYLE_FILL_AREA ( #2605 ) ;
#2771 = ORIENTED_EDGE ( 'NONE', *, *, #4587, .F. ) ;
#2772 = EDGE_CURVE ( 'NONE', #4710, #3803, #1460, .T. ) ;
#2773 = CARTESIAN_POINT ( 'NONE',  ( 4.080000000000000071, 1.620000000000000107, -12.25140600070190011 ) ) ;
#2774 = AXIS2_PLACEMENT_3D ( 'NONE', #5689, #5100, #4636 ) ;
#2775 = DIRECTION ( 'NONE',  ( -0.7071067811865489050, 0.000000000000000000, -0.7071067811865460184 ) ) ;
#2776 = CARTESIAN_POINT ( 'NONE',  ( 0.3500000000000009770, -0.9200000000000000400, -12.25140600070190011 ) ) ;
#2777 = CARTESIAN_POINT ( 'NONE',  ( 1.000000000000000222, -0.9200000000000000400, -3.449999999999999734 ) ) ;
#2778 = DIRECTION ( 'NONE',  ( -0.5773502691896278405, -0.5773502691896240657, 0.5773502691896252870 ) ) ;
#2779 = UNCERTAINTY_MEASURE_WITH_UNIT (LENGTH_MEASURE( 1.000000000000000082E-05 ), #875, 'distance_accuracy_value', 'NONE');
#2780 = ORIENTED_EDGE ( 'NONE', *, *, #1621, .F. ) ;
#2781 = PRESENTATION_STYLE_ASSIGNMENT (( #3337 ) ) ;
#2782 = FILL_AREA_STYLE_COLOUR ( '', #6078 ) ;
#2783 = LINE ( 'NONE', #5131, #6509 ) ;
#2784 = EDGE_CURVE ( 'NONE', #1298, #1653, #3824, .T. ) ;
#2785 = EDGE_CURVE ( 'NONE', #2395, #5851, #897, .T. ) ;
#2786 = ORIENTED_EDGE ( 'NONE', *, *, #600, .T. ) ;
#2787 = DIRECTION ( 'NONE',  ( 1.000000000000000000, 0.000000000000000000, -0.000000000000000000 ) ) ;
#2788 = VECTOR ( 'NONE', #4753, 1000.000000000000000 ) ;
#2789 =( NAMED_UNIT ( * ) SI_UNIT ( $, .STERADIAN. ) SOLID_ANGLE_UNIT ( ) );
#2790 = SURFACE_STYLE_FILL_AREA ( #3936 ) ;
#2791 = FILL_AREA_STYLE_COLOUR ( '', #6928 ) ;
#2792 = FACE_OUTER_BOUND ( 'NONE', #1161, .T. ) ;
#2793 = SURFACE_STYLE_FILL_AREA ( #6971 ) ;
#2794 = LINE ( 'NONE', #3351, #6842 ) ;
#2795 = FACE_OUTER_BOUND ( 'NONE', #3309, .T. ) ;
#2796 = ORIENTED_EDGE ( 'NONE', *, *, #5911, .F. ) ;
#2797 =( GEOMETRIC_REPRESENTATION_CONTEXT ( 3 ) GLOBAL_UNCERTAINTY_ASSIGNED_CONTEXT ( ( #2674 ) ) GLOBAL_UNIT_ASSIGNED_CONTEXT ( ( #4979, #1881, #6156 ) ) REPRESENTATION_CONTEXT ( 'NONE', 'WORKASPACE' ) );
#2798 = ORIENTED_EDGE ( 'NONE', *, *, #4357, .F. ) ;
#2799 = VECTOR ( 'NONE', #6941, 1000.000000000000000 ) ;
#2800 = ORIENTED_EDGE ( 'NONE', *, *, #2005, .T. ) ;
#2801 = FILL_AREA_STYLE ('',( #1517 ) ) ;
#2802 = PLANE ( 'NONE',  #5705 ) ;
#2803 = SURFACE_STYLE_FILL_AREA ( #3313 ) ;
#2804 = DIRECTION ( 'NONE',  ( -0.7071067811865500152, 0.000000000000000000, 0.7071067811865450192 ) ) ;
#2805 = VECTOR ( 'NONE', #5956, 1000.000000000000000 ) ;
#2806 = DIRECTION ( 'NONE',  ( 0.000000000000000000, -0.000000000000000000, -1.000000000000000000 ) ) ;
#2807 = LINE ( 'NONE', #1634, #5466 ) ;
#2808 = FILL_AREA_STYLE_COLOUR ( '', #6521 ) ;
#2809 = EDGE_LOOP ( 'NONE', ( #1119, #304, #6124, #6286 ) ) ;
#2810 = MECHANICAL_DESIGN_GEOMETRIC_PRESENTATION_REPRESENTATION (  '', ( #2060 ), #4278 ) ;
#2811 = DIRECTION ( 'NONE',  ( -0.9996861751910754990, 0.000000000000000000, -0.02505097067657191187 ) ) ;
#2812 = EDGE_CURVE ( 'NONE', #1787, #4287, #5617, .T. ) ;
#2813 = PRESENTATION_STYLE_ASSIGNMENT (( #1062 ) ) ;
#2814 =( LENGTH_UNIT ( ) NAMED_UNIT ( * ) SI_UNIT ( .MILLI., .METRE. ) );
#2815 = EDGE_LOOP ( 'NONE', ( #6745, #995, #4916, #4168 ) ) ;
#2816 = DIRECTION ( 'NONE',  ( -1.000000000000000000, -0.000000000000000000, -0.000000000000000000 ) ) ;
#2817 = UNCERTAINTY_MEASURE_WITH_UNIT (LENGTH_MEASURE( 1.000000000000000082E-05 ), #5518, 'distance_accuracy_value', 'NONE');
#2818 = CARTESIAN_POINT ( 'NONE',  ( -4.080000000000000071, -1.620000000000000107, -12.25140600070190011 ) ) ;
#2819 =( LENGTH_UNIT ( ) NAMED_UNIT ( * ) SI_UNIT ( .MILLI., .METRE. ) );
#2820 = UNCERTAINTY_MEASURE_WITH_UNIT (LENGTH_MEASURE( 1.000000000000000082E-05 ), #4803, 'distance_accuracy_value', 'NONE');
#2821 =( LENGTH_UNIT ( ) NAMED_UNIT ( * ) SI_UNIT ( .MILLI., .METRE. ) );
#2822 = ORIENTED_EDGE ( 'NONE', *, *, #980, .T. ) ;
#2823 = LINE ( 'NONE', #3870, #5554 ) ;
#2824 = FILL_AREA_STYLE ('',( #6926 ) ) ;
#2825 =( NAMED_UNIT ( * ) PLANE_ANGLE_UNIT ( ) SI_UNIT ( $, .RADIAN. ) );
#2826 = ORIENTED_EDGE ( 'NONE', *, *, #7502, .F. ) ;
#2827 = ORIENTED_EDGE ( 'NONE', *, *, #3507, .T. ) ;
#2828 = ORIENTED_EDGE ( 'NONE', *, *, #7132, .T. ) ;
#2829 = SURFACE_STYLE_FILL_AREA ( #2715 ) ;
#2830 =( NAMED_UNIT ( * ) PLANE_ANGLE_UNIT ( ) SI_UNIT ( $, .RADIAN. ) );
#2831 = LINE ( 'NONE', #6980, #5989 ) ;
#2832 = DIRECTION ( 'NONE',  ( -0.000000000000000000, 1.000000000000000000, 0.000000000000000000 ) ) ;
#2833 = EDGE_CURVE ( 'NONE', #4569, #4712, #2123, .T. ) ;
#2834 = PLANE ( 'NONE',  #1613 ) ;
#2835 = LINE ( 'NONE', #7440, #737 ) ;
#2836 = CARTESIAN_POINT ( 'NONE',  ( 0.3500000000000008105, 1.619999999999999885, 4.050000000000001599 ) ) ;
#2837 = STYLED_ITEM ( 'NONE', ( #3157 ), #2922 ) ;
#2838 = CARTESIAN_POINT ( 'NONE',  ( 0.000000000000000000, -2.540000000000000036, -4.250000000000000000 ) ) ;
#2839 = PRESENTATION_STYLE_ASSIGNMENT (( #520 ) ) ;
#2840 = ORIENTED_EDGE ( 'NONE', *, *, #3242, .T. ) ;
#2841 = ORIENTED_EDGE ( 'NONE', *, *, #1150, .F. ) ;
#2842 = VECTOR ( 'NONE', #2855, 1000.000000000000000 ) ;
#2843 = CARTESIAN_POINT ( 'NONE',  ( 2.189999999999999947, -0.9200000000000000400, -12.25140600070190011 ) ) ;
#2844 = CARTESIAN_POINT ( 'NONE',  ( -6.599999999999999645, 1.619999999999998996, 4.050000000000000711 ) ) ;
#2845 = PLANE ( 'NONE',  #5588 ) ;
#2846 = CARTESIAN_POINT ( 'NONE',  ( 4.080000000000000071, 1.620000000000000329, -3.449999999999999734 ) ) ;
#2847 = CARTESIAN_POINT ( 'NONE',  ( 5.429999999999999716, -1.620000000000000107, 3.750000000000000000 ) ) ;
#2848 = MECHANICAL_DESIGN_GEOMETRIC_PRESENTATION_REPRESENTATION (  '', ( #7534 ), #4194 ) ;
#2849 = ADVANCED_FACE ( 'NONE', ( #962 ), #3302, .F. ) ;
#2850 = ORIENTED_EDGE ( 'NONE', *, *, #5265, .T. ) ;
#2851 = COLOUR_RGB ( '',0.7411764705882353255, 0.7764705882352941346, 0.8000000000000000444 ) ;
#2852 = PRESENTATION_LAYER_ASSIGNMENT (  '', '', ( #1845 ) ) ;
#2853 = MECHANICAL_DESIGN_GEOMETRIC_PRESENTATION_REPRESENTATION (  '', ( #5828 ), #5804 ) ;
#2854 = SURFACE_SIDE_STYLE ('',( #5644 ) ) ;
#2855 = DIRECTION ( 'NONE',  ( -0.000000000000000000, 0.000000000000000000, -1.000000000000000000 ) ) ;
#2856 = DIRECTION ( 'NONE',  ( -0.000000000000000000, -0.000000000000000000, 1.000000000000000000 ) ) ;
#2857 = ADVANCED_FACE ( 'NONE', ( #7537 ), #2388, .T. ) ;
#2858 = MECHANICAL_DESIGN_GEOMETRIC_PRESENTATION_REPRESENTATION (  '', ( #3963 ), #515 ) ;
#2859 = AXIS2_PLACEMENT_3D ( 'NONE', #3447, #5841, #6776 ) ;
#2860 = EDGE_CURVE ( 'NONE', #6482, #1686, #3459, .T. ) ;
#2861 = ORIENTED_EDGE ( 'NONE', *, *, #429, .F. ) ;
#2862 = PRESENTATION_LAYER_ASSIGNMENT (  '', '', ( #5076 ) ) ;
#2863 = DIRECTION ( 'NONE',  ( -1.000000000000000000, -0.000000000000000000, -0.000000000000000000 ) ) ;
#2864 = CARTESIAN_POINT ( 'NONE',  ( -1.540000000000000036, -1.620000000000000107, -3.449999999999999734 ) ) ;
#2865 = MECHANICAL_DESIGN_GEOMETRIC_PRESENTATION_REPRESENTATION (  '', ( #5579 ), #3109 ) ;
#2866 = FILL_AREA_STYLE_COLOUR ( '', #6064 ) ;
#2867 = DIRECTION ( 'NONE',  ( 0.000000000000000000, 0.7071067811865450192, -0.7071067811865500152 ) ) ;
#2868 =( NAMED_UNIT ( * ) SI_UNIT ( $, .STERADIAN. ) SOLID_ANGLE_UNIT ( ) );
#2869 = CARTESIAN_POINT ( 'NONE',  ( 4.530000000000001137, -2.540000000000000036, 4.250000000000000000 ) ) ;
#2870 = ORIENTED_EDGE ( 'NONE', *, *, #2618, .F. ) ;
#2871 = ORIENTED_EDGE ( 'NONE', *, *, #450, .F. ) ;
#2872 = VERTEX_POINT ( 'NONE', #2902 ) ;
#2873 =( NAMED_UNIT ( * ) PLANE_ANGLE_UNIT ( ) SI_UNIT ( $, .RADIAN. ) );
#2874 = DIRECTION ( 'NONE',  ( -0.000000000000000000, 0.000000000000000000, 1.000000000000000000 ) ) ;
#2875 = CARTESIAN_POINT ( 'NONE',  ( -0.9690439428171118141, 0.2000000000000000111, 0.9245656430320832175 ) ) ;
#2876 =( NAMED_UNIT ( * ) SI_UNIT ( $, .STERADIAN. ) SOLID_ANGLE_UNIT ( ) );
#2877 = PRESENTATION_LAYER_ASSIGNMENT (  '', '', ( #3478 ) ) ;
#2878 =( GEOMETRIC_REPRESENTATION_CONTEXT ( 3 ) GLOBAL_UNCERTAINTY_ASSIGNED_CONTEXT ( ( #4539 ) ) GLOBAL_UNIT_ASSIGNED_CONTEXT ( ( #5668, #1666, #5189 ) ) REPRESENTATION_CONTEXT ( 'NONE', 'WORKASPACE' ) );
#2879 = CARTESIAN_POINT ( 'NONE',  ( -3.539999999999999591, 0.9200000000000000400, 3.750000000000000000 ) ) ;
#2880 = ORIENTED_EDGE ( 'NONE', *, *, #6800, .F. ) ;
#2881 = MECHANICAL_DESIGN_GEOMETRIC_PRESENTATION_REPRESENTATION (  '', ( #3357 ), #535 ) ;
#2882 = EDGE_CURVE ( 'NONE', #4710, #1151, #5254, .T. ) ;
#2883 = ORIENTED_EDGE ( 'NONE', *, *, #5144, .T. ) ;
#2884 = ADVANCED_FACE ( 'NONE', ( #1655 ), #7585, .T. ) ;
#2885 = PRESENTATION_LAYER_ASSIGNMENT (  '', '', ( #2757 ) ) ;
#2886 =( GEOMETRIC_REPRESENTATION_CONTEXT ( 3 ) GLOBAL_UNCERTAINTY_ASSIGNED_CONTEXT ( ( #6026 ) ) GLOBAL_UNIT_ASSIGNED_CONTEXT ( ( #2347, #4704, #6418 ) ) REPRESENTATION_CONTEXT ( 'NONE', 'WORKASPACE' ) );
#2887 = DIRECTION ( 'NONE',  ( 0.000000000000000000, -1.000000000000000000, 0.000000000000000000 ) ) ;
#2888 = FILL_AREA_STYLE ('',( #1860 ) ) ;
#2889 = VECTOR ( 'NONE', #7328, 1000.000000000000000 ) ;
#2890 = PLANE ( 'NONE',  #4346 ) ;
#2891 = DIRECTION ( 'NONE',  ( -0.5773502691896286176, -0.5773502691896236216, 0.5773502691896248429 ) ) ;
#2892 = CARTESIAN_POINT ( 'NONE',  ( 4.080000000000000071, -0.9200000000000000400, 3.750000000000000000 ) ) ;
#2893 = VECTOR ( 'NONE', #4544, 1000.000000000000000 ) ;
#2894 =( GEOMETRIC_REPRESENTATION_CONTEXT ( 3 ) GLOBAL_UNCERTAINTY_ASSIGNED_CONTEXT ( ( #436 ) ) GLOBAL_UNIT_ASSIGNED_CONTEXT ( ( #6557, #5242, #3557 ) ) REPRESENTATION_CONTEXT ( 'NONE', 'WORKASPACE' ) );
#2895 =( GEOMETRIC_REPRESENTATION_CONTEXT ( 3 ) GLOBAL_UNCERTAINTY_ASSIGNED_CONTEXT ( ( #6307 ) ) GLOBAL_UNIT_ASSIGNED_CONTEXT ( ( #4860, #4441, #6700 ) ) REPRESENTATION_CONTEXT ( 'NONE', 'WORKASPACE' ) );
#2896 = DIRECTION ( 'NONE',  ( 0.000000000000000000, -1.000000000000000000, -0.000000000000000000 ) ) ;
#2897 = SURFACE_STYLE_USAGE ( .BOTH. , #2417 ) ;
#2898 = LINE ( 'NONE', #5249, #4087 ) ;
#2899 = ORIENTED_EDGE ( 'NONE', *, *, #2772, .F. ) ;
#2900 = EDGE_CURVE ( 'NONE', #4650, #6860, #5803, .T. ) ;
#2901 = CARTESIAN_POINT ( 'NONE',  ( -4.730000000000000426, 0.9200000000000000400, 3.750000000000000000 ) ) ;
#2902 = CARTESIAN_POINT ( 'NONE',  ( 5.629999999999999893, -0.7199999999999998623, 4.250000000000000000 ) ) ;
#2903 = FACE_OUTER_BOUND ( 'NONE', #4383, .T. ) ;
#2904 = EDGE_CURVE ( 'NONE', #1959, #6912, #2457, .T. ) ;
#2905 = SURFACE_SIDE_STYLE ('',( #547 ) ) ;
#2906 = SURFACE_SIDE_STYLE ('',( #651 ) ) ;
#2907 = DIRECTION ( 'NONE',  ( 0.000000000000000000, -0.000000000000000000, -1.000000000000000000 ) ) ;
#2908 = EDGE_LOOP ( 'NONE', ( #1344, #4070, #1804, #4470 ) ) ;
#2909 = VERTEX_POINT ( 'NONE', #1831 ) ;
#2910 = ORIENTED_EDGE ( 'NONE', *, *, #4084, .F. ) ;
#2911 = VECTOR ( 'NONE', #1897, 1000.000000000000114 ) ;
#2912 = DIRECTION ( 'NONE',  ( 0.5773502691896270633, 0.5773502691896257311, 0.5773502691896246208 ) ) ;
#2913 = CARTESIAN_POINT ( 'NONE',  ( -1.000000000000000000, 1.620000000000000107, -12.25140600070190011 ) ) ;
#2914 = LINE ( 'NONE', #1237, #2958 ) ;
#2915 = PRESENTATION_LAYER_ASSIGNMENT (  '', '', ( #3641 ) ) ;
#2916 = VERTEX_POINT ( 'NONE', #2425 ) ;
#2917 = EDGE_LOOP ( 'NONE', ( #692, #552, #2731, #6188 ) ) ;
#2918 = STYLED_ITEM ( 'NONE', ( #603 ), #419 ) ;
#2919 = DIRECTION ( 'NONE',  ( 0.000000000000000000, 0.000000000000000000, -1.000000000000000000 ) ) ;
#2920 = EDGE_CURVE ( 'NONE', #3216, #854, #3012, .T. ) ;
#2921 = SURFACE_SIDE_STYLE ('',( #565 ) ) ;
#2922 = ADVANCED_FACE ( 'NONE', ( #6118 ), #1952, .T. ) ;
#2923 = CARTESIAN_POINT ( 'NONE',  ( 0.8712847357665599590, 0.2000000000000000111, 0.8338916231209112517 ) ) ;
#2924 = CARTESIAN_POINT ( 'NONE',  ( 2.189999999999999059, 1.619999999999999885, 4.050000000000001599 ) ) ;
#2925 =( GEOMETRIC_REPRESENTATION_CONTEXT ( 3 ) GLOBAL_UNCERTAINTY_ASSIGNED_CONTEXT ( ( #6239 ) ) GLOBAL_UNIT_ASSIGNED_CONTEXT ( ( #4234, #116, #3639 ) ) REPRESENTATION_CONTEXT ( 'NONE', 'WORKASPACE' ) );
#2926 = UNCERTAINTY_MEASURE_WITH_UNIT (LENGTH_MEASURE( 1.000000000000000082E-05 ), #5822, 'distance_accuracy_value', 'NONE');
#2927 = PRESENTATION_STYLE_ASSIGNMENT (( #1144 ) ) ;
#2928 = AXIS2_PLACEMENT_3D ( 'NONE', #4460, #5541, #6834 ) ;
#2929 = ADVANCED_FACE ( 'NONE', ( #4928 ), #1421, .T. ) ;
#2930 = DIRECTION ( 'NONE',  ( 1.000000000000000000, 0.000000000000000000, -0.000000000000000000 ) ) ;
#2931 = FILL_AREA_STYLE ('',( #5212 ) ) ;
#2932 = ORIENTED_EDGE ( 'NONE', *, *, #7292, .F. ) ;
#2933 = DIRECTION ( 'NONE',  ( -1.000000000000000000, -0.000000000000000000, -0.000000000000000000 ) ) ;
#2934 = SURFACE_SIDE_STYLE ('',( #5919 ) ) ;
#2935 = FILL_AREA_STYLE ('',( #1691 ) ) ;
#2936 = LINE ( 'NONE', #1077, #2373 ) ;
#2937 = EDGE_LOOP ( 'NONE', ( #7371, #306, #4212, #1638 ) ) ;
#2938 = ORIENTED_EDGE ( 'NONE', *, *, #654, .F. ) ;
#2939 = ORIENTED_EDGE ( 'NONE', *, *, #1203, .F. ) ;
#2940 = FILL_AREA_STYLE_COLOUR ( '', #4573 ) ;
#2941 = DIRECTION ( 'NONE',  ( 0.000000000000000000, -0.000000000000000000, 1.000000000000000000 ) ) ;
#2942 = CARTESIAN_POINT ( 'NONE',  ( 0.5176744983949780332, 0.000000000000000000, 6.166017239158860797 ) ) ;
#2943 = DIRECTION ( 'NONE',  ( -0.02505097067657190840, 0.000000000000000000, -0.9996861751910753879 ) ) ;
#2944 = DIRECTION ( 'NONE',  ( -1.000000000000000000, 0.000000000000000000, -0.000000000000000000 ) ) ;
#2945 = ORIENTED_EDGE ( 'NONE', *, *, #6269, .F. ) ;
#2946 = VERTEX_POINT ( 'NONE', #3338 ) ;
#2947 = ADVANCED_FACE ( 'NONE', ( #3929 ), #2154, .F. ) ;
#2948 = ADVANCED_FACE ( 'NONE', ( #5043 ), #4542, .F. ) ;
#2949 = CARTESIAN_POINT ( 'NONE',  ( 0.3699999999999999956, 0.000000000000000000, -3.482642567711100146 ) ) ;
#2950 = MECHANICAL_DESIGN_GEOMETRIC_PRESENTATION_REPRESENTATION (  '', ( #5292 ), #2573 ) ;
#2951 = DIRECTION ( 'NONE',  ( 1.000000000000000000, 0.000000000000000000, 0.000000000000000000 ) ) ;
#2952 = DIRECTION ( 'NONE',  ( 0.000000000000000000, -0.000000000000000000, -1.000000000000000000 ) ) ;
#2953 = DIRECTION ( 'NONE',  ( 1.239088197126290077E-15, -1.000000000000000000, -0.000000000000000000 ) ) ;
#2954 =( GEOMETRIC_REPRESENTATION_CONTEXT ( 3 ) GLOBAL_UNCERTAINTY_ASSIGNED_CONTEXT ( ( #2109 ) ) GLOBAL_UNIT_ASSIGNED_CONTEXT ( ( #6814, #6353, #1042 ) ) REPRESENTATION_CONTEXT ( 'NONE', 'WORKASPACE' ) );
#2955 =( NAMED_UNIT ( * ) PLANE_ANGLE_UNIT ( ) SI_UNIT ( $, .RADIAN. ) );
#2956 = FACE_OUTER_BOUND ( 'NONE', #728, .T. ) ;
#2957 = CARTESIAN_POINT ( 'NONE',  ( 0.8668659148294480810, 0.2000000000000000111, 1.010229468807940956 ) ) ;
#2958 = VECTOR ( 'NONE', #7089, 1000.000000000000000 ) ;
#2959 = VECTOR ( 'NONE', #4465, 1000.000000000000000 ) ;
#2960 = DIRECTION ( 'NONE',  ( -0.7071067811865461294, 0.000000000000000000, -0.7071067811865490160 ) ) ;
#2961 = EDGE_CURVE ( 'NONE', #6394, #3060, #3186, .T. ) ;
#2962 = ORIENTED_EDGE ( 'NONE', *, *, #3560, .T. ) ;
#2963 = EDGE_CURVE ( 'NONE', #4857, #1549, #251, .T. ) ;
#2964 = STYLED_ITEM ( 'NONE', ( #5140 ), #3590 ) ;
#2965 = SHAPE_REPRESENTATION ( '61301021821', ( #4622 ), #7216 ) ;
#2966 = SURFACE_SIDE_STYLE ('',( #3273 ) ) ;
#2967 = PRESENTATION_LAYER_ASSIGNMENT (  '', '', ( #997 ) ) ;
#2968 = CONTEXT_DEPENDENT_SHAPE_REPRESENTATION ( #7128, #7182 ) ;
#2969 = CARTESIAN_POINT ( 'NONE',  ( 2.189999999999999947, 0.9200000000000000400, -12.25140600070190011 ) ) ;
#2970 = LINE ( 'NONE', #56, #2639 ) ;
#2971 = FACE_BOUND ( 'NONE', #7431, .T. ) ;
#2972 = AXIS2_PLACEMENT_3D ( 'NONE', #7156, #100, #5526 ) ;
#2973 = FILL_AREA_STYLE ('',( #1801 ) ) ;
#2974 = EDGE_LOOP ( 'NONE', ( #4960, #4670, #2439, #359 ) ) ;
#2975 = ORIENTED_EDGE ( 'NONE', *, *, #7531, .T. ) ;
#2976 = ORIENTED_EDGE ( 'NONE', *, *, #1964, .F. ) ;
#2977 = PRESENTATION_STYLE_ASSIGNMENT (( #3472 ) ) ;
#2978 = COLOUR_RGB ( '',0.2000000000000000111, 0.2000000000000000111, 0.2000000000000000111 ) ;
#2979 = LINE ( 'NONE', #2247, #1236 ) ;
#2980 = SURFACE_STYLE_FILL_AREA ( #5927 ) ;
#2981 = MECHANICAL_DESIGN_GEOMETRIC_PRESENTATION_REPRESENTATION (  '', ( #404 ), #519 ) ;
#2982 = CARTESIAN_POINT ( 'NONE',  ( -6.599999999999999645, -2.540000000000000036, 4.250000000000000000 ) ) ;
#2983 = CARTESIAN_POINT ( 'NONE',  ( -9.901406000701879151, 1.949999999999999956, -3.450000000000000178 ) ) ;
#2984 = CARTESIAN_POINT ( 'NONE',  ( -0.5176744983949770340, 0.3999999999999999112, 6.166017239158859908 ) ) ;
#2985 = CARTESIAN_POINT ( 'NONE',  ( -0.9740541369524259308, 0.2000000000000000111, 0.7246284079938681844 ) ) ;
#2986 = CIRCLE ( 'NONE', #5722, 0.5529067033259800201 ) ;
#2987 = ORIENTED_EDGE ( 'NONE', *, *, #2241, .T. ) ;
#2988 = CIRCLE ( 'NONE', #5325, 0.3666198555544820104 ) ;
#2989 = ORIENTED_EDGE ( 'NONE', *, *, #381, .F. ) ;
#2990 = ORIENTED_EDGE ( 'NONE', *, *, #6449, .T. ) ;
#2991 = VECTOR ( 'NONE', #3311, 1000.000000000000000 ) ;
#2992 = DIRECTION ( 'NONE',  ( -0.7071067811865489050, 0.000000000000000000, -0.7071067811865460184 ) ) ;
#2993 =( NAMED_UNIT ( * ) SI_UNIT ( $, .STERADIAN. ) SOLID_ANGLE_UNIT ( ) );
#2994 = STYLED_ITEM ( 'NONE', ( #4835 ), #5304 ) ;
#2995 = AXIS2_PLACEMENT_3D ( 'NONE', #3429, #5233, #7597 ) ;
#2996 = CARTESIAN_POINT ( 'NONE',  ( 1.989999999999999547, 0.7200000000000007505, 4.250000000000000000 ) ) ;
#2997 = AXIS2_PLACEMENT_3D ( 'NONE', #6389, #7469, #3866 ) ;
#2998 = EDGE_CURVE ( 'NONE', #7030, #5404, #282, .T. ) ;
#2999 = DIRECTION ( 'NONE',  ( 0.5773502691896260641, -0.5773502691896276184, 0.5773502691896236216 ) ) ;
#3000 = AXIS2_PLACEMENT_3D ( 'NONE', #6891, #7429, #1582 ) ;
#3001 = COLOUR_RGB ( '',0.2000000000000000111, 0.2000000000000000111, 0.2000000000000000111 ) ;
#3002 = VECTOR ( 'NONE', #7562, 1000.000000000000114 ) ;
#3003 =( LENGTH_UNIT ( ) NAMED_UNIT ( * ) SI_UNIT ( .MILLI., .METRE. ) );
#3004 = PRESENTATION_STYLE_ASSIGNMENT (( #4085 ) ) ;
#3005 = COLOUR_RGB ( '',0.2000000000000000111, 0.2000000000000000111, 0.2000000000000000111 ) ;
#3006 = CARTESIAN_POINT ( 'NONE',  ( 0.8588250565440945783, 0.4000000000000000222, 5.322969931419181400 ) ) ;
#3007 = FILL_AREA_STYLE_COLOUR ( '', #7054 ) ;
#3008 = ORIENTED_EDGE ( 'NONE', *, *, #5281, .F. ) ;
#3009 =( NAMED_UNIT ( * ) SI_UNIT ( $, .STERADIAN. ) SOLID_ANGLE_UNIT ( ) );
#3010 = VERTEX_POINT ( 'NONE', #3137 ) ;
#3011 = DIRECTION ( 'NONE',  ( 0.000000000000000000, 0.7071067811865500152, 0.7071067811865450192 ) ) ;
#3012 = LINE ( 'NONE', #3081, #6 ) ;
#3013 = SURFACE_STYLE_USAGE ( .BOTH. , #5216 ) ;
#3014 = EDGE_CURVE ( 'NONE', #1898, #4934, #2625, .T. ) ;
#3015 = EDGE_CURVE ( 'NONE', #476, #2429, #3265, .T. ) ;
#3016 = ORIENTED_EDGE ( 'NONE', *, *, #5891, .T. ) ;
#3017 = EDGE_LOOP ( 'NONE', ( #4250, #7432, #6956, #1259 ) ) ;
#3018 = ORIENTED_EDGE ( 'NONE', *, *, #2418, .T. ) ;
#3019 = CARTESIAN_POINT ( 'NONE',  ( -0.2253056840829079921, 5.421010862427519705E-17, 5.752751436071860347 ) ) ;
#3020 = CARTESIAN_POINT ( 'NONE',  ( -2.890000000000000124, -0.9200000000000000400, 3.750000000000000000 ) ) ;
#3021 = CARTESIAN_POINT ( 'NONE',  ( -2.190000000000000835, -0.9200000000000000400, 4.050000000000000711 ) ) ;
#3022 = CARTESIAN_POINT ( 'NONE',  ( 0.1679208549823459906, 0.000000000000000000, 5.288875901474290764 ) ) ;
#3023 = LINE ( 'NONE', #4903, #1872 ) ;
#3024 = CARTESIAN_POINT ( 'NONE',  ( -0.3819168425098900532, 0.4000000000000000222, 4.780491394004579675 ) ) ;
#3025 = SURFACE_STYLE_USAGE ( .BOTH. , #3668 ) ;
#3026 = EDGE_LOOP ( 'NONE', ( #7245, #2975, #7094, #1159 ) ) ;
#3027 = COLOUR_RGB ( '',0.7411764705882353255, 0.7764705882352941346, 0.8000000000000000444 ) ;
#3028 = FILL_AREA_STYLE_COLOUR ( '', #6743 ) ;
#3029 = ORIENTED_EDGE ( 'NONE', *, *, #576, .F. ) ;
#3030 = CARTESIAN_POINT ( 'NONE',  ( -0.6405210985066780438, 0.4000000000000000222, 6.186473989507359939 ) ) ;
#3031 = SURFACE_STYLE_USAGE ( .BOTH. , #670 ) ;
#3032 = COLOUR_RGB ( '',0.2000000000000000111, 0.2000000000000000111, 0.2000000000000000111 ) ;
#3033 = FACE_OUTER_BOUND ( 'NONE', #3366, .T. ) ;
#3034 = CARTESIAN_POINT ( 'NONE',  ( -6.599999999999999645, -1.820000000000000062, 4.250000000000000000 ) ) ;
#3035 = SURFACE_STYLE_USAGE ( .BOTH. , #80 ) ;
#3036 = AXIS2_PLACEMENT_3D ( 'NONE', #1385, #6120, #3742 ) ;
#3037 = EDGE_CURVE ( 'NONE', #4450, #3876, #3451, .T. ) ;
#3038 = CARTESIAN_POINT ( 'NONE',  ( -2.890000000000000124, -0.9200000000000000400, -12.25140600070190011 ) ) ;
#3039 = DIRECTION ( 'NONE',  ( -1.000000000000000000, 0.000000000000000000, 0.000000000000000000 ) ) ;
#3040 = PRESENTATION_LAYER_ASSIGNMENT (  '', '', ( #6388 ) ) ;
#3041 = SURFACE_STYLE_FILL_AREA ( #6611 ) ;
#3042 =( NAMED_UNIT ( * ) PLANE_ANGLE_UNIT ( ) SI_UNIT ( $, .RADIAN. ) );
#3043 = ORIENTED_EDGE ( 'NONE', *, *, #5114, .T. ) ;
#3044 = ITEM_DEFINED_TRANSFORMATION ( 'NONE', 'NONE', #6603,  #4622 ) ;
#3045 =( LENGTH_UNIT ( ) NAMED_UNIT ( * ) SI_UNIT ( .MILLI., .METRE. ) );
#3046 = FILL_AREA_STYLE ('',( #7115 ) ) ;
#3047 = FACE_OUTER_BOUND ( 'NONE', #2607, .T. ) ;
#3048 = CARTESIAN_POINT ( 'NONE',  ( 0.3543932267340400011, -2.814588839772364087E-16, 6.023317510942439945 ) ) ;
#3049 = ORIENTED_EDGE ( 'NONE', *, *, #1964, .T. ) ;
#3050 = ORIENTED_EDGE ( 'NONE', *, *, #3444, .F. ) ;
#3051 = ORIENTED_EDGE ( 'NONE', *, *, #3704, .T. ) ;
#3052 = FACE_OUTER_BOUND ( 'NONE', #2809, .T. ) ;
#3053 = CARTESIAN_POINT ( 'NONE',  ( 2.889999999999999236, -2.540000000000000036, 4.050000000000000711 ) ) ;
#3054 = DIRECTION ( 'NONE',  ( 0.000000000000000000, -1.112002228190259966E-16, 1.000000000000000000 ) ) ;
#3055 = SURFACE_SIDE_STYLE ('',( #702 ) ) ;
#3056 = CARTESIAN_POINT ( 'NONE',  ( -6.599999999999999645, 1.820000000000000062, 4.250000000000000000 ) ) ;
#3057 = FILL_AREA_STYLE ('',( #1241 ) ) ;
#3058 = EDGE_LOOP ( 'NONE', ( #5492, #2222, #7165, #2796 ) ) ;
#3059 = SURFACE_STYLE_FILL_AREA ( #7131 ) ;
#3060 = VERTEX_POINT ( 'NONE', #5247 ) ;
#3061 = EDGE_CURVE ( 'NONE', #6359, #3060, #468, .T. ) ;
#3062 = CARTESIAN_POINT ( 'NONE',  ( -5.429999999999999716, -0.9200000000000000400, -12.25140600070190011 ) ) ;
#3063 = SURFACE_STYLE_FILL_AREA ( #7167 ) ;
#3064 = SURFACE_SIDE_STYLE ('',( #7214 ) ) ;
#3065 = SURFACE_SIDE_STYLE ('',( #3595 ) ) ;
#3066 = LINE ( 'NONE', #4833, #48 ) ;
#3067 = FACE_OUTER_BOUND ( 'NONE', #1884, .T. ) ;
#3068 = PLANE ( 'NONE',  #7569 ) ;
#3069 = EDGE_LOOP ( 'NONE', ( #5581, #3133, #3423, #1048, #3389, #2037, #3669, #2403 ) ) ;
#3070 = MECHANICAL_DESIGN_GEOMETRIC_PRESENTATION_REPRESENTATION (  '', ( #5179 ), #6541 ) ;
#3071 = FILL_AREA_STYLE ('',( #715 ) ) ;
#3072 = PRESENTATION_STYLE_ASSIGNMENT (( #716 ) ) ;
#3073 = ADVANCED_FACE ( 'NONE', ( #1068 ), #2337, .F. ) ;
#3074 = CARTESIAN_POINT ( 'NONE',  ( 0.000000000000000000, -4.170008355713480109E-16, 3.750000000000000000 ) ) ;
#3075 = PRESENTATION_LAYER_ASSIGNMENT (  '', '', ( #1337 ) ) ;
#3076 =( GEOMETRIC_REPRESENTATION_CONTEXT ( 3 ) GLOBAL_UNCERTAINTY_ASSIGNED_CONTEXT ( ( #2661 ) ) GLOBAL_UNIT_ASSIGNED_CONTEXT ( ( #7549, #5707, #7512 ) ) REPRESENTATION_CONTEXT ( 'NONE', 'WORKASPACE' ) );
#3077 = ORIENTED_EDGE ( 'NONE', *, *, #1823, .F. ) ;
#3078 =( LENGTH_UNIT ( ) NAMED_UNIT ( * ) SI_UNIT ( .MILLI., .METRE. ) );
#3079 = COLOUR_RGB ( '',0.2000000000000000111, 0.2000000000000000111, 0.2000000000000000111 ) ;
#3080 = LINE ( 'NONE', #6646, #1244 ) ;
#3081 = CARTESIAN_POINT ( 'NONE',  ( -4.730000000000000426, 0.9200000000000012612, 4.050000000000001599 ) ) ;
#3082 = CARTESIAN_POINT ( 'NONE',  ( 1.000000000000000444, -0.9200000000000000400, 3.750000000000000000 ) ) ;
#3083 = DIRECTION ( 'NONE',  ( 0.000000000000000000, 1.000000000000000000, 1.112002228190259966E-16 ) ) ;
#3084 = SURFACE_STYLE_USAGE ( .BOTH. , #5369 ) ;
#3085 = EDGE_CURVE ( 'NONE', #6357, #1941, #4661, .T. ) ;
#3086 = VERTEX_POINT ( 'NONE', #7067 ) ;
#3087 = VECTOR ( 'NONE', #6627, 1000.000000000000000 ) ;
#3088 = STYLED_ITEM ( 'NONE', ( #946 ), #1442 ) ;
#3089 = ORIENTED_EDGE ( 'NONE', *, *, #5251, .F. ) ;
#3090 = ORIENTED_EDGE ( 'NONE', *, *, #3889, .F. ) ;
#3091 = CARTESIAN_POINT ( 'NONE',  ( -3.540000000000000036, 0.9200000000000000400, -12.25140600070190011 ) ) ;
#3092 = DIRECTION ( 'NONE',  ( -0.000000000000000000, 0.000000000000000000, 1.000000000000000000 ) ) ;
#3093 = FILL_AREA_STYLE_COLOUR ( '', #5812 ) ;
#3094 = COLOUR_RGB ( '',0.2000000000000000111, 0.2000000000000000111, 0.2000000000000000111 ) ;
#3096 = AXIS2_PLACEMENT_3D ( 'NONE', #4952, #7330, #6665 ) ;
#3095 = DIRECTION ( 'NONE',  ( -0.000000000000000000, -1.000000000000000000, 0.000000000000000000 ) ) ;
#3097 = PLANE ( 'NONE',  #5600 ) ;
#3098 = VECTOR ( 'NONE', #6643, 1000.000000000000000 ) ;
#3099 = ORIENTED_EDGE ( 'NONE', *, *, #2668, .F. ) ;
#3100 = CARTESIAN_POINT ( 'NONE',  ( 0.3500000000000010325, -1.619999999999999885, 4.050000000000001599 ) ) ;
#3101 = VECTOR ( 'NONE', #7417, 1000.000000000000000 ) ;
#3102 = VECTOR ( 'NONE', #2816, 1000.000000000000000 ) ;
#3103 = ORIENTED_EDGE ( 'NONE', *, *, #4625, .T. ) ;
#3104 = DIRECTION ( 'NONE',  ( 0.000000000000000000, -1.112002228190259966E-16, 1.000000000000000000 ) ) ;
#3105 = STYLED_ITEM ( 'NONE', ( #2718 ), #6505 ) ;
#3106 = LINE ( 'NONE', #4118, #783 ) ;
#3107 = FACE_OUTER_BOUND ( 'NONE', #4198, .T. ) ;
#3108 = DIRECTION ( 'NONE',  ( -0.000000000000000000, 0.000000000000000000, -1.000000000000000000 ) ) ;
#3109 =( GEOMETRIC_REPRESENTATION_CONTEXT ( 3 ) GLOBAL_UNCERTAINTY_ASSIGNED_CONTEXT ( ( #3445 ) ) GLOBAL_UNIT_ASSIGNED_CONTEXT ( ( #118, #2451, #4192 ) ) REPRESENTATION_CONTEXT ( 'NONE', 'WORKASPACE' ) );
#3110 =( GEOMETRIC_REPRESENTATION_CONTEXT ( 3 ) GLOBAL_UNCERTAINTY_ASSIGNED_CONTEXT ( ( #3412 ) ) GLOBAL_UNIT_ASSIGNED_CONTEXT ( ( #3846, #1327, #5597 ) ) REPRESENTATION_CONTEXT ( 'NONE', 'WORKASPACE' ) );
#3111 = CARTESIAN_POINT ( 'NONE',  ( -4.529999999999999361, -0.7199999999999997513, 4.250000000000000000 ) ) ;
#3112 = EDGE_CURVE ( 'NONE', #2009, #1151, #4016, .T. ) ;
#3113 = EDGE_CURVE ( 'NONE', #5796, #1117, #6381, .T. ) ;
#3114 = PRODUCT_DEFINITION_SHAPE ( 'NONE', 'NONE',  #7634 ) ;
#3115 = VERTEX_POINT ( 'NONE', #6411 ) ;
#3116 = STYLED_ITEM ( 'NONE', ( #1924 ), #6761 ) ;
#3117 = PRESENTATION_LAYER_ASSIGNMENT (  '', '', ( #1256 ) ) ;
#3118 = FILL_AREA_STYLE_COLOUR ( '', #6322 ) ;
#3119 = PRESENTATION_STYLE_ASSIGNMENT (( #1482 ) ) ;
#3120 = COLOUR_RGB ( '',0.7411764705882353255, 0.7764705882352941346, 0.8000000000000000444 ) ;
#3121 = FACE_OUTER_BOUND ( 'NONE', #3808, .T. ) ;
#3122 = DIRECTION ( 'NONE',  ( 0.000000000000000000, -1.000000000000000000, -1.112002228190259966E-16 ) ) ;
#3123 = VECTOR ( 'NONE', #2082, 1000.000000000000000 ) ;
#3124 = VECTOR ( 'NONE', #710, 1000.000000000000000 ) ;
#3125 = VERTEX_POINT ( 'NONE', #495 ) ;
#3126 = COLOUR_RGB ( '',0.2000000000000000111, 0.2000000000000000111, 0.2000000000000000111 ) ;
#3127 = PRESENTATION_LAYER_ASSIGNMENT (  '', '', ( #310 ) ) ;
#3128 = DIRECTION ( 'NONE',  ( -0.000000000000000000, -0.000000000000000000, 1.000000000000000000 ) ) ;
#3129 = CARTESIAN_POINT ( 'NONE',  ( 0.1679208549823460184, 0.4000000000000001887, 5.288875901474291652 ) ) ;
#3130 = DIRECTION ( 'NONE',  ( -1.000000000000000000, -0.000000000000000000, 0.000000000000000000 ) ) ;
#3131 = UNCERTAINTY_MEASURE_WITH_UNIT (LENGTH_MEASURE( 1.000000000000000082E-05 ), #3565, 'distance_accuracy_value', 'NONE');
#3132 = STYLED_ITEM ( 'NONE', ( #6525 ), #5282 ) ;
#3133 = ORIENTED_EDGE ( 'NONE', *, *, #25, .T. ) ;
#3134 = ORIENTED_EDGE ( 'NONE', *, *, #3218, .T. ) ;
#3135 = ORIENTED_EDGE ( 'NONE', *, *, #463, .F. ) ;
#3136 = DIRECTION ( 'NONE',  ( -0.000000000000000000, 1.000000000000000000, 1.112002228190259966E-16 ) ) ;
#3137 = CARTESIAN_POINT ( 'NONE',  ( 0.9999999999999997780, -1.620000000000000107, -3.449999999999999734 ) ) ;
#3138 = SURFACE_STYLE_USAGE ( .BOTH. , #701 ) ;
#3139 = LINE ( 'NONE', #4821, #3352 ) ;
#3140 =( NAMED_UNIT ( * ) SI_UNIT ( $, .STERADIAN. ) SOLID_ANGLE_UNIT ( ) );
#3141 = EDGE_LOOP ( 'NONE', ( #844, #3878, #1199, #2145 ) ) ;
#3142 = ORIENTED_EDGE ( 'NONE', *, *, #2784, .T. ) ;
#3143 = EDGE_LOOP ( 'NONE', ( #6341, #3566, #3294, #1426 ) ) ;
#3144 = CARTESIAN_POINT ( 'NONE',  ( -6.599999999999999645, 0.9200000000000012612, 4.050000000000001599 ) ) ;
#3145 = SURFACE_STYLE_FILL_AREA ( #4231 ) ;
#3146 = CARTESIAN_POINT ( 'NONE',  ( 2.190000000000000835, -1.620000000000000107, 4.050000000000000711 ) ) ;
#3147 = SURFACE_STYLE_USAGE ( .BOTH. , #2491 ) ;
#3148 = ORIENTED_EDGE ( 'NONE', *, *, #654, .T. ) ;
#3149 = EDGE_CURVE ( 'NONE', #5135, #5086, #5914, .T. ) ;
#3150 = DIRECTION ( 'NONE',  ( -1.000000000000000000, 0.000000000000000000, -0.000000000000000000 ) ) ;
#3151 =( NAMED_UNIT ( * ) SI_UNIT ( $, .STERADIAN. ) SOLID_ANGLE_UNIT ( ) );
#3152 = AXIS2_PLACEMENT_3D ( 'NONE', #7476, #2056, #5024 ) ;
#3153 = VERTEX_POINT ( 'NONE', #1101 ) ;
#3154 = EDGE_CURVE ( 'NONE', #5924, #6425, #7575, .T. ) ;
#3155 =( NAMED_UNIT ( * ) PLANE_ANGLE_UNIT ( ) SI_UNIT ( $, .RADIAN. ) );
#3156 = LINE ( 'NONE', #6074, #6935 ) ;
#3157 = PRESENTATION_STYLE_ASSIGNMENT (( #6688 ) ) ;
#3158 = PLANE ( 'NONE',  #5563 ) ;
#3159 = SURFACE_STYLE_USAGE ( .BOTH. , #6771 ) ;
#3160 = DIRECTION ( 'NONE',  ( -1.000000000000000000, 0.000000000000000000, -0.000000000000000000 ) ) ;
#3161 = ORIENTED_EDGE ( 'NONE', *, *, #3523, .T. ) ;
#3162 = ORIENTED_EDGE ( 'NONE', *, *, #5540, .T. ) ;
#3163 = ORIENTED_EDGE ( 'NONE', *, *, #3737, .T. ) ;
#3164 = FACE_BOUND ( 'NONE', #2644, .T. ) ;
#3165 =( LENGTH_UNIT ( ) NAMED_UNIT ( * ) SI_UNIT ( .MILLI., .METRE. ) );
#3166 = CARTESIAN_POINT ( 'NONE',  ( 0.000000000000000000, -4.170008355713480109E-16, 3.750000000000000000 ) ) ;
#3167 = CARTESIAN_POINT ( 'NONE',  ( -4.080000000000000071, -1.620000000000000107, -3.449999999999999734 ) ) ;
#3168 = EDGE_CURVE ( 'NONE', #4314, #1456, #6797, .T. ) ;
#3169 = LINE ( 'NONE', #2591, #1261 ) ;
#3170 = ORIENTED_EDGE ( 'NONE', *, *, #5004, .T. ) ;
#3171 = ORIENTED_EDGE ( 'NONE', *, *, #4266, .T. ) ;
#3172 = EDGE_LOOP ( 'NONE', ( #7591, #7040, #2493, #5361, #4723, #6550, #1120, #4546 ) ) ;
#3173 = DIRECTION ( 'NONE',  ( 0.000000000000000000, 0.7071067811865500152, -0.7071067811865450192 ) ) ;
#3174 = CARTESIAN_POINT ( 'NONE',  ( -0.3700000000000006062, 0.000000000000000000, -3.482642567711101034 ) ) ;
#3175 = ADVANCED_FACE ( 'NONE', ( #538 ), #5883, .T. ) ;
#3176 = LINE ( 'NONE', #6904, #1927 ) ;
#3177 = ORIENTED_EDGE ( 'NONE', *, *, #3085, .F. ) ;
#3178 = EDGE_CURVE ( 'NONE', #4582, #3153, #2064, .T. ) ;
#3179 = CARTESIAN_POINT ( 'NONE',  ( 0.8932477478277009997, 0.4000000000000000222, 0.3147096712329959800 ) ) ;
#3180 = LINE ( 'NONE', #2495, #7556 ) ;
#3181 =( NAMED_UNIT ( * ) SI_UNIT ( $, .STERADIAN. ) SOLID_ANGLE_UNIT ( ) );
#3182 = ORIENTED_EDGE ( 'NONE', *, *, #677, .F. ) ;
#3183 = FILL_AREA_STYLE_COLOUR ( '', #532 ) ;
#3184 = UNCERTAINTY_MEASURE_WITH_UNIT (LENGTH_MEASURE( 1.000000000000000082E-05 ), #1561, 'distance_accuracy_value', 'NONE');
#3185 = CARTESIAN_POINT ( 'NONE',  ( -4.080000000000000071, 1.620000000000000329, -3.449999999999999734 ) ) ;
#3186 = LINE ( 'NONE', #7383, #3554 ) ;
#3187 =( NAMED_UNIT ( * ) PLANE_ANGLE_UNIT ( ) SI_UNIT ( $, .RADIAN. ) );
#3188 =( LENGTH_UNIT ( ) NAMED_UNIT ( * ) SI_UNIT ( .MILLI., .METRE. ) );
#3189 = UNCERTAINTY_MEASURE_WITH_UNIT (LENGTH_MEASURE( 1.000000000000000082E-05 ), #5032, 'distance_accuracy_value', 'NONE');
#3190 = ADVANCED_FACE ( 'NONE', ( #4417 ), #3800, .F. ) ;
#3191 = EDGE_CURVE ( 'NONE', #5969, #5164, #7103, .T. ) ;
#3192 = ORIENTED_EDGE ( 'NONE', *, *, #2039, .T. ) ;
#3193 = ORIENTED_EDGE ( 'NONE', *, *, #3913, .F. ) ;
#3194 = MECHANICAL_DESIGN_GEOMETRIC_PRESENTATION_REPRESENTATION (  '', ( #6423 ), #868 ) ;
#3195 = EDGE_LOOP ( 'NONE', ( #1515, #81, #1049, #2077 ) ) ;
#3196 = SURFACE_SIDE_STYLE ('',( #855 ) ) ;
#3197 = LINE ( 'NONE', #3697, #2650 ) ;
#3198 =( NAMED_UNIT ( * ) PLANE_ANGLE_UNIT ( ) SI_UNIT ( $, .RADIAN. ) );
#3199 = CARTESIAN_POINT ( 'NONE',  ( -6.599999999999999645, 1.949999999999999956, -3.450000000000000178 ) ) ;
#3200 = AXIS2_PLACEMENT_3D ( 'NONE', #1781, #629, #2992 ) ;
#3201 = CARTESIAN_POINT ( 'NONE',  ( -4.730000000000000426, -1.620000000000000107, 3.750000000000000000 ) ) ;
#3202 = ORIENTED_EDGE ( 'NONE', *, *, #4776, .T. ) ;
#3203 = ORIENTED_EDGE ( 'NONE', *, *, #4771, .F. ) ;
#3204 = VERTEX_POINT ( 'NONE', #3562 ) ;
#3205 =( GEOMETRIC_REPRESENTATION_CONTEXT ( 3 ) GLOBAL_UNCERTAINTY_ASSIGNED_CONTEXT ( ( #2262 ) ) GLOBAL_UNIT_ASSIGNED_CONTEXT ( ( #2389, #6416, #4738 ) ) REPRESENTATION_CONTEXT ( 'NONE', 'WORKASPACE' ) );
#3206 =( LENGTH_UNIT ( ) NAMED_UNIT ( * ) SI_UNIT ( .MILLI., .METRE. ) );
#3207 = MECHANICAL_DESIGN_GEOMETRIC_PRESENTATION_REPRESENTATION (  '', ( #6071 ), #3958 ) ;
#3208 = MECHANICAL_DESIGN_GEOMETRIC_PRESENTATION_REPRESENTATION (  '', ( #6561 ), #509 ) ;
#3209 =( LENGTH_UNIT ( ) NAMED_UNIT ( * ) SI_UNIT ( .MILLI., .METRE. ) );
#3210 = DIRECTION ( 'NONE',  ( -0.000000000000000000, 1.000000000000000000, 0.000000000000000000 ) ) ;
#3211 = LINE ( 'NONE', #7364, #2357 ) ;
#3212 = STYLED_ITEM ( 'NONE', ( #3730 ), #6228 ) ;
#3213 = CARTESIAN_POINT ( 'NONE',  ( 2.189999999999999947, -0.9200000000000000400, 3.750000000000000000 ) ) ;
#3214 = FILL_AREA_STYLE ('',( #3801 ) ) ;
#3215 = CARTESIAN_POINT ( 'NONE',  ( -6.080000000000000071, -0.9200000000000000400, -12.25140600070190011 ) ) ;
#3216 = VERTEX_POINT ( 'NONE', #7143 ) ;
#3217 = STYLED_ITEM ( 'NONE', ( #4246 ), #6544 ) ;
#3218 = EDGE_CURVE ( 'NONE', #3877, #5924, #2651, .T. ) ;
#3219 = PRESENTATION_LAYER_ASSIGNMENT (  '', '', ( #7433 ) ) ;
#3220 = STYLED_ITEM ( 'NONE', ( #3119 ), #2188 ) ;
#3221 = EDGE_CURVE ( 'NONE', #968, #4743, #4065, .T. ) ;
#3222 = DIRECTION ( 'NONE',  ( 0.000000000000000000, 0.7071067811865450192, -0.7071067811865500152 ) ) ;
#3223 = PRESENTATION_LAYER_ASSIGNMENT (  '', '', ( #5081 ) ) ;
#3224 = DIRECTION ( 'NONE',  ( -0.000000000000000000, 1.000000000000000000, 0.000000000000000000 ) ) ;
#3225 = AXIS2_PLACEMENT_3D ( 'NONE', #1136, #5241, #595 ) ;
#3226 = ORIENTED_EDGE ( 'NONE', *, *, #5923, .T. ) ;
#3227 = PRODUCT_DEFINITION_SHAPE ( 'NONE', 'NONE',  #7633 ) ;
#3228 = VECTOR ( 'NONE', #5487, 1000.000000000000000 ) ;
#3229 = SURFACE_STYLE_FILL_AREA ( #3438 ) ;
#3230 = CARTESIAN_POINT ( 'NONE',  ( -2.189999999999999947, 1.620000000000000107, -12.25140600070190011 ) ) ;
#3232 = DIRECTION ( 'NONE',  ( 0.000000000000000000, 0.000000000000000000, -1.000000000000000000 ) ) ;
#3231 = PRESENTATION_LAYER_ASSIGNMENT (  '', '', ( #6584 ) ) ;
#3233 = VECTOR ( 'NONE', #312, 1000.000000000000000 ) ;
#3234 = CARTESIAN_POINT ( 'NONE',  ( -6.599999999999999645, -2.540000000000000036, 4.250000000000000000 ) ) ;
#3235 = CARTESIAN_POINT ( 'NONE',  ( 6.080000000000000071, 0.9200000000000002620, -3.449999999999999734 ) ) ;
#3236 = CARTESIAN_POINT ( 'NONE',  ( -6.599999999999999645, -0.7199999999999999734, 4.250000000000000000 ) ) ;
#3237 = VECTOR ( 'NONE', #1642, 1000.000000000000000 ) ;
#3238 = ORIENTED_EDGE ( 'NONE', *, *, #7502, .T. ) ;
#3239 = VECTOR ( 'NONE', #301, 1000.000000000000000 ) ;
#3240 = CARTESIAN_POINT ( 'NONE',  ( 0.3500000000000009770, -1.620000000000000107, 3.750000000000000000 ) ) ;
#3241 = CARTESIAN_POINT ( 'NONE',  ( -0.9820446186353369855, 0.4000000000000000222, 0.4057595635624680064 ) ) ;
#3242 = EDGE_CURVE ( 'NONE', #4136, #1072, #7278, .T. ) ;
#3243 = CARTESIAN_POINT ( 'NONE',  ( 4.730000000000000426, -0.9200000000000000400, 3.750000000000000000 ) ) ;
#3244 = ADVANCED_FACE ( 'NONE', ( #5628 ), #6529, .T. ) ;
#3245 = SURFACE_SIDE_STYLE ('',( #5022 ) ) ;
#3246 = CARTESIAN_POINT ( 'NONE',  ( 5.429999999999999716, 1.620000000000000107, -12.25140600070190011 ) ) ;
#3247 =( NAMED_UNIT ( * ) PLANE_ANGLE_UNIT ( ) SI_UNIT ( $, .RADIAN. ) );
#3248 = EDGE_LOOP ( 'NONE', ( #4783, #1852, #6672, #4924 ) ) ;
#3249 = PRODUCT_DEFINITION_FORMATION_WITH_SPECIFIED_SOURCE ( 'ANY', '', #229, .NOT_KNOWN. ) ;
#3250 = VERTEX_POINT ( 'NONE', #5788 ) ;
#3251 = ORIENTED_EDGE ( 'NONE', *, *, #3619, .F. ) ;
#3252 = CARTESIAN_POINT ( 'NONE',  ( 4.530000000000001137, 0.7200000000000008615, 4.250000000000000000 ) ) ;
#3253 = PLANE ( 'NONE',  #2729 ) ;
#3254 = CARTESIAN_POINT ( 'NONE',  ( -3.539999999999999591, -1.620000000000000107, -3.449999999999999734 ) ) ;
#3255 = LINE ( 'NONE', #7366, #5854 ) ;
#3256 = ORIENTED_EDGE ( 'NONE', *, *, #4982, .F. ) ;
#3257 = FILL_AREA_STYLE_COLOUR ( '', #6088 ) ;
#3258 = LINE ( 'NONE', #5718, #6092 ) ;
#3259 = CARTESIAN_POINT ( 'NONE',  ( -0.8588250565440945783, -2.620155250173302218E-16, 5.322969931419178735 ) ) ;
#3260 = PRESENTATION_STYLE_ASSIGNMENT (( #6267 ) ) ;
#3261 = STYLED_ITEM ( 'NONE', ( #5143 ), #149 ) ;
#3262 = ORIENTED_EDGE ( 'NONE', *, *, #2812, .T. ) ;
#3263 = UNCERTAINTY_MEASURE_WITH_UNIT (LENGTH_MEASURE( 1.000000000000000082E-05 ), #3663, 'distance_accuracy_value', 'NONE');
#3264 = FACE_OUTER_BOUND ( 'NONE', #4777, .T. ) ;
#3265 = LINE ( 'NONE', #355, #3558 ) ;
#3266 =( NAMED_UNIT ( * ) PLANE_ANGLE_UNIT ( ) SI_UNIT ( $, .RADIAN. ) );
#3267 = VECTOR ( 'NONE', #3130, 1000.000000000000000 ) ;
#3268 = CARTESIAN_POINT ( 'NONE',  ( 0.000000000000000000, -2.540000000000000036, 0.000000000000000000 ) ) ;
#3269 = FILL_AREA_STYLE ('',( #3299 ) ) ;
#3270 = EDGE_CURVE ( 'NONE', #5273, #7545, #6915, .T. ) ;
#3271 = ORIENTED_EDGE ( 'NONE', *, *, #2459, .T. ) ;
#3272 = CIRCLE ( 'NONE', #3152, 0.08819660112501394311 ) ;
#3273 = SURFACE_STYLE_FILL_AREA ( #926 ) ;
#3274 = CARTESIAN_POINT ( 'NONE',  ( 2.540000000000000036, -1.469999999999999973, -3.326802541049640016 ) ) ;
#3275 = DIRECTION ( 'NONE',  ( -1.000000000000000000, -0.000000000000000000, -0.000000000000000000 ) ) ;
#3276 =( NAMED_UNIT ( * ) SI_UNIT ( $, .STERADIAN. ) SOLID_ANGLE_UNIT ( ) );
#3277 = CARTESIAN_POINT ( 'NONE',  ( 0.3500000000000013656, -1.619999999999998996, 4.050000000000000711 ) ) ;
#3278 = LINE ( 'NONE', #5574, #1750 ) ;
#3279 = PRESENTATION_LAYER_ASSIGNMENT (  '', '', ( #5650 ) ) ;
#3280 = VERTEX_POINT ( 'NONE', #2766 ) ;
#3281 = ORIENTED_EDGE ( 'NONE', *, *, #7414, .T. ) ;
#3282 = VERTEX_POINT ( 'NONE', #6329 ) ;
#3283 = PRESENTATION_LAYER_ASSIGNMENT (  '', '', ( #6640 ) ) ;
#3284 = FILL_AREA_STYLE ('',( #796 ) ) ;
#3285 = DIRECTION ( 'NONE',  ( -0.000000000000000000, -1.000000000000000000, -0.000000000000000000 ) ) ;
#3286 = CARTESIAN_POINT ( 'NONE',  ( 3.540000000000000480, -0.9200000000000000400, -3.449999999999999734 ) ) ;
#3287 =( LENGTH_UNIT ( ) NAMED_UNIT ( * ) SI_UNIT ( .MILLI., .METRE. ) );
#3288 = ORIENTED_EDGE ( 'NONE', *, *, #228, .T. ) ;
#3289 = EDGE_CURVE ( 'NONE', #3678, #7407, #5749, .T. ) ;
#3290 = CARTESIAN_POINT ( 'NONE',  ( 2.189999999999999947, 1.620000000000000107, -12.25140600070190011 ) ) ;
#3291 = FILL_AREA_STYLE ('',( #3961 ) ) ;
#3292 = CARTESIAN_POINT ( 'NONE',  ( 0.000000000000000000, -4.170008355713480109E-16, 3.750000000000000000 ) ) ;
#3293 = SURFACE_STYLE_FILL_AREA ( #1909 ) ;
#3294 = ORIENTED_EDGE ( 'NONE', *, *, #410, .F. ) ;
#3295 = EDGE_CURVE ( 'NONE', #4145, #5732, #2835, .T. ) ;
#3296 = PRESENTATION_STYLE_ASSIGNMENT (( #7496 ) ) ;
#3297 = CARTESIAN_POINT ( 'NONE',  ( -4.080000000000000071, -0.9200000000000000400, -12.25140600070190011 ) ) ;
#3298 = FILL_AREA_STYLE_COLOUR ( '', #1429 ) ;
#3299 = FILL_AREA_STYLE_COLOUR ( '', #6962 ) ;
#3300 = ORIENTED_EDGE ( 'NONE', *, *, #3632, .F. ) ;
#3301 = DIRECTION ( 'NONE',  ( 1.000000000000000000, 0.000000000000000000, 0.000000000000000000 ) ) ;
#3302 = PLANE ( 'NONE',  #7528 ) ;
#3303 = ADVANCED_FACE ( 'NONE', ( #4004 ), #480, .F. ) ;
#3304 = SURFACE_STYLE_FILL_AREA ( #6167 ) ;
#3305 = CARTESIAN_POINT ( 'NONE',  ( -4.530000000000000249, -2.540000000000000036, 4.250000000000000000 ) ) ;
#3306 = DIRECTION ( 'NONE',  ( -1.239088197126290077E-15, 1.000000000000000000, 0.000000000000000000 ) ) ;
#3307 = EDGE_LOOP ( 'NONE', ( #1566, #729, #2880, #5552 ) ) ;
#3308 = STYLED_ITEM ( 'NONE', ( #5653 ), #2755 ) ;
#3309 = EDGE_LOOP ( 'NONE', ( #3300, #904, #221, #1612 ) ) ;
#3310 = ORIENTED_EDGE ( 'NONE', *, *, #2705, .T. ) ;
#3311 = DIRECTION ( 'NONE',  ( 0.000000000000000000, -0.000000000000000000, -1.000000000000000000 ) ) ;
#3312 = SURFACE_SIDE_STYLE ('',( #2647 ) ) ;
#3313 = FILL_AREA_STYLE ('',( #6363 ) ) ;
#3314 = CARTESIAN_POINT ( 'NONE',  ( -2.189999999999999947, -1.620000000000000107, 3.750000000000000000 ) ) ;
#3315 = DIRECTION ( 'NONE',  ( 0.000000000000000000, 0.000000000000000000, -1.000000000000000000 ) ) ;
#3316 = STYLED_ITEM ( 'NONE', ( #1349 ), #3420 ) ;
#3317 = COLOUR_RGB ( '',0.7411764705882353255, 0.7764705882352941346, 0.8000000000000000444 ) ;
#3318 =( NAMED_UNIT ( * ) SI_UNIT ( $, .STERADIAN. ) SOLID_ANGLE_UNIT ( ) );
#3319 = SURFACE_STYLE_USAGE ( .BOTH. , #3919 ) ;
#3320 = CARTESIAN_POINT ( 'NONE',  ( -1.540000000000000036, 0.9200000000000000400, 3.750000000000000000 ) ) ;
#3321 = CARTESIAN_POINT ( 'NONE',  ( 4.530000000000000249, -0.7199999999999999734, 4.250000000000000000 ) ) ;
#3322 = VERTEX_POINT ( 'NONE', #4457 ) ;
#3323 = VECTOR ( 'NONE', #4052, 999.9999999999998863 ) ;
#3324 =( GEOMETRIC_REPRESENTATION_CONTEXT ( 3 ) GLOBAL_UNCERTAINTY_ASSIGNED_CONTEXT ( ( #5842 ) ) GLOBAL_UNIT_ASSIGNED_CONTEXT ( ( #6785, #6288, #2089 ) ) REPRESENTATION_CONTEXT ( 'NONE', 'WORKASPACE' ) );
#3325 = CARTESIAN_POINT ( 'NONE',  ( -6.599999999999999645, 1.820000000000000062, 4.250000000000000000 ) ) ;
#3326 = CARTESIAN_POINT ( 'NONE',  ( -0.005178789717898660272, 0.000000000000000000, 2.014805344883670024 ) ) ;
#3327 =( NAMED_UNIT ( * ) PLANE_ANGLE_UNIT ( ) SI_UNIT ( $, .RADIAN. ) );
#3328 = ADVANCED_FACE ( 'NONE', ( #1084 ), #4495, .T. ) ;
#3329 = VECTOR ( 'NONE', #5647, 1000.000000000000114 ) ;
#3330 = VECTOR ( 'NONE', #3749, 1000.000000000000000 ) ;
#3331 = SURFACE_STYLE_USAGE ( .BOTH. , #2001 ) ;
#3332 = ORIENTED_EDGE ( 'NONE', *, *, #3470, .T. ) ;
#3333 = PRESENTATION_LAYER_ASSIGNMENT (  '', '', ( #1130 ) ) ;
#3334 = PRESENTATION_LAYER_ASSIGNMENT (  '', '', ( #3964 ) ) ;
#3335 = UNCERTAINTY_MEASURE_WITH_UNIT (LENGTH_MEASURE( 1.000000000000000082E-05 ), #344, 'distance_accuracy_value', 'NONE');
#3336 = PRESENTATION_LAYER_ASSIGNMENT (  '', '', ( #404 ) ) ;
#3337 = SURFACE_STYLE_USAGE ( .BOTH. , #990 ) ;
#3338 = CARTESIAN_POINT ( 'NONE',  ( 6.599999999999999645, 2.540000000000000036, -4.250000000000000000 ) ) ;
#3339 = CARTESIAN_POINT ( 'NONE',  ( 0.3699999999999999400, 0.000000000000000000, -3.482642567711100146 ) ) ;
#3340 = DIRECTION ( 'NONE',  ( 0.000000000000000000, 0.7071067811865495711, 0.7071067811865455743 ) ) ;
#3341 = UNCERTAINTY_MEASURE_WITH_UNIT (LENGTH_MEASURE( 1.000000000000000082E-05 ), #3165, 'distance_accuracy_value', 'NONE');
#3342 = VECTOR ( 'NONE', #6676, 1000.000000000000000 ) ;
#3343 = ORIENTED_EDGE ( 'NONE', *, *, #4165, .T. ) ;
#3344 = PRESENTATION_LAYER_ASSIGNMENT (  '', '', ( #6705 ) ) ;
#3345 = CARTESIAN_POINT ( 'NONE',  ( 1.540000000000000036, 1.620000000000000329, -3.449999999999999734 ) ) ;
#3346 = MECHANICAL_DESIGN_GEOMETRIC_PRESENTATION_REPRESENTATION (  '', ( #2369 ), #7196 ) ;
#3347 = VECTOR ( 'NONE', #1615, 1000.000000000000000 ) ;
#3348 = FILL_AREA_STYLE_COLOUR ( '', #3094 ) ;
#3349 = DIRECTION ( 'NONE',  ( 0.7071067811865461294, 0.000000000000000000, -0.7071067811865490160 ) ) ;
#3350 =( LENGTH_UNIT ( ) NAMED_UNIT ( * ) SI_UNIT ( .MILLI., .METRE. ) );
#3351 = CARTESIAN_POINT ( 'NONE',  ( -4.730000000000000426, -1.620000000000000107, 3.750000000000000000 ) ) ;
#3352 = VECTOR ( 'NONE', #248, 1000.000000000000000 ) ;
#3353 = PRESENTATION_LAYER_ASSIGNMENT (  '', '', ( #6843 ) ) ;
#3354 = ORIENTED_EDGE ( 'NONE', *, *, #7627, .F. ) ;
#3355 = ORIENTED_EDGE ( 'NONE', *, *, #3983, .F. ) ;
#3356 = ORIENTED_EDGE ( 'NONE', *, *, #1203, .T. ) ;
#3357 = STYLED_ITEM ( 'NONE', ( #1172 ), #7326 ) ;
#3358 = EDGE_CURVE ( 'NONE', #5259, #3282, #2914, .T. ) ;
#3359 = DIRECTION ( 'NONE',  ( -0.000000000000000000, 0.000000000000000000, 1.000000000000000000 ) ) ;
#3360 = DIRECTION ( 'NONE',  ( -0.9694977030787833572, 0.000000000000000000, -0.2451003951954451032 ) ) ;
#3361 = CARTESIAN_POINT ( 'NONE',  ( 4.729999999999999538, 0.9200000000000001510, 4.050000000000001599 ) ) ;
#3362 = SURFACE_SIDE_STYLE ('',( #7405 ) ) ;
#3363 = FILL_AREA_STYLE ('',( #6903 ) ) ;
#3364 = SURFACE_STYLE_USAGE ( .BOTH. , #2178 ) ;
#3365 = LINE ( 'NONE', #3515, #3642 ) ;
#3366 = EDGE_LOOP ( 'NONE', ( #5203, #6040, #7281, #5342, #5148, #1803, #1815, #5003 ) ) ;
#3367 = EDGE_CURVE ( 'NONE', #6386, #5095, #5929, .T. ) ;
#3368 = FILL_AREA_STYLE ('',( #1600 ) ) ;
#3369 = DIRECTION ( 'NONE',  ( 0.000000000000000000, -1.112002228190259966E-16, 1.000000000000000000 ) ) ;
#3370 =( NAMED_UNIT ( * ) SI_UNIT ( $, .STERADIAN. ) SOLID_ANGLE_UNIT ( ) );
#3371 = ADVANCED_FACE ( 'NONE', ( #7159 ), #4409, .F. ) ;
#3372 = ORIENTED_EDGE ( 'NONE', *, *, #2180, .F. ) ;
#3373 = EDGE_CURVE ( 'NONE', #4610, #7509, #2288, .T. ) ;
#3374 = DIRECTION ( 'NONE',  ( -0.000000000000000000, 1.000000000000000000, -0.000000000000000000 ) ) ;
#3375 = PRESENTATION_STYLE_ASSIGNMENT (( #1608 ) ) ;
#3376 = VERTEX_POINT ( 'NONE', #2982 ) ;
#3377 = ADVANCED_FACE ( 'NONE', ( #5269 ), #6430, .T. ) ;
#3378 = DIRECTION ( 'NONE',  ( -1.000000000000000000, -0.000000000000000000, -0.000000000000000000 ) ) ;
#3379 = PRESENTATION_LAYER_ASSIGNMENT (  '', '', ( #5005 ) ) ;
#3380 = DIRECTION ( 'NONE',  ( 1.000000000000000000, 0.000000000000000000, 0.000000000000000000 ) ) ;
#3381 = DIRECTION ( 'NONE',  ( -0.000000000000000000, 1.000000000000000000, -0.000000000000000000 ) ) ;
#3382 = CARTESIAN_POINT ( 'NONE',  ( -0.9999999999999993339, 0.9200000000000000400, 3.750000000000000000 ) ) ;
#3383 = SURFACE_STYLE_USAGE ( .BOTH. , #7078 ) ;
#3384 = PLANE ( 'NONE',  #6377 ) ;
#3385 = DIRECTION ( 'NONE',  ( 1.000000000000000000, 1.239088197126290077E-15, 1.377868836128689948E-31 ) ) ;
#3386 = EDGE_LOOP ( 'NONE', ( #6086, #2798, #6058, #74 ) ) ;
#3387 = MECHANICAL_DESIGN_GEOMETRIC_PRESENTATION_REPRESENTATION (  '', ( #3641 ), #4508 ) ;
#3388 = ORIENTED_EDGE ( 'NONE', *, *, #7606, .T. ) ;
#3389 = ORIENTED_EDGE ( 'NONE', *, *, #3998, .T. ) ;
#3390 = FILL_AREA_STYLE_COLOUR ( '', #6826 ) ;
#3391 = PRESENTATION_STYLE_ASSIGNMENT (( #3475 ) ) ;
#3392 = CARTESIAN_POINT ( 'NONE',  ( 2.189999999999999947, -1.620000000000000107, 3.750000000000000000 ) ) ;
#3393 = DIRECTION ( 'NONE',  ( 0.000000000000000000, -0.000000000000000000, 1.000000000000000000 ) ) ;
#3394 = EDGE_CURVE ( 'NONE', #6933, #6519, #5415, .T. ) ;
#3395 = STYLED_ITEM ( 'NONE', ( #5047 ), #354 ) ;
#3396 = DIRECTION ( 'NONE',  ( -1.000000000000000000, -0.000000000000000000, 0.000000000000000000 ) ) ;
#3397 = SURFACE_STYLE_FILL_AREA ( #4068 ) ;
#3398 = ORIENTED_EDGE ( 'NONE', *, *, #1780, .F. ) ;
#3399 = ORIENTED_EDGE ( 'NONE', *, *, #6920, .T. ) ;
#3400 = VECTOR ( 'NONE', #1647, 1000.000000000000000 ) ;
#3401 =( NAMED_UNIT ( * ) SI_UNIT ( $, .STERADIAN. ) SOLID_ANGLE_UNIT ( ) );
#3402 = FACE_OUTER_BOUND ( 'NONE', #5623, .T. ) ;
#3403 =( NAMED_UNIT ( * ) PLANE_ANGLE_UNIT ( ) SI_UNIT ( $, .RADIAN. ) );
#3404 = EDGE_CURVE ( 'NONE', #6013, #3280, #1461, .T. ) ;
#3405 = FACE_OUTER_BOUND ( 'NONE', #7499, .T. ) ;
#3406 = EDGE_CURVE ( 'NONE', #4338, #5106, #3825, .T. ) ;
#3407 = CARTESIAN_POINT ( 'NONE',  ( 1.000000000000000000, 0.9199999999999990408, 3.750000000000000000 ) ) ;
#3408 = EDGE_CURVE ( 'NONE', #2023, #3509, #1891, .T. ) ;
#3409 = CARTESIAN_POINT ( 'NONE',  ( 0.9820446186353369855, 0.4000000000000000222, 0.4057595635624675068 ) ) ;
#3410 = EDGE_LOOP ( 'NONE', ( #3099, #1547, #1514, #932 ) ) ;
#3411 = CARTESIAN_POINT ( 'NONE',  ( -2.890000000000000124, -1.620000000000000107, -12.25140600070190011 ) ) ;
#3412 = UNCERTAINTY_MEASURE_WITH_UNIT (LENGTH_MEASURE( 1.000000000000000082E-05 ), #3846, 'distance_accuracy_value', 'NONE');
#3413 =( NAMED_UNIT ( * ) PLANE_ANGLE_UNIT ( ) SI_UNIT ( $, .RADIAN. ) );
#3414 = LINE ( 'NONE', #496, #5069 ) ;
#3415 = ORIENTED_EDGE ( 'NONE', *, *, #5818, .F. ) ;
#3416 = CARTESIAN_POINT ( 'NONE',  ( -2.189999999999999947, 0.9200000000000000400, 3.750000000000000000 ) ) ;
#3417 = FACE_OUTER_BOUND ( 'NONE', #1767, .T. ) ;
#3418 = PLANE ( 'NONE',  #4969 ) ;
#3419 =( NAMED_UNIT ( * ) SI_UNIT ( $, .STERADIAN. ) SOLID_ANGLE_UNIT ( ) );
#3420 = ADVANCED_FACE ( 'NONE', ( #6044 ), #4990, .T. ) ;
#3421 = DIRECTION ( 'NONE',  ( 0.000000000000000000, -0.000000000000000000, 1.000000000000000000 ) ) ;
#3422 = ORIENTED_EDGE ( 'NONE', *, *, #7088, .F. ) ;
#3423 = ORIENTED_EDGE ( 'NONE', *, *, #4015, .T. ) ;
#3424 = VERTEX_POINT ( 'NONE', #2518 ) ;
#3425 = CARTESIAN_POINT ( 'NONE',  ( 4.730000000000000426, 0.9200000000000000400, 3.750000000000000000 ) ) ;
#3426 = DIRECTION ( 'NONE',  ( -0.02505097067657167248, -9.486769009248167742E-16, 0.9996861751910753879 ) ) ;
#3427 = LINE ( 'NONE', #6575, #1990 ) ;
#3428 = FILL_AREA_STYLE_COLOUR ( '', #6429 ) ;
#3429 = CARTESIAN_POINT ( 'NONE',  ( -5.429999999999999716, -0.9200000000000000400, -12.25140600070190011 ) ) ;
#3430 =( GEOMETRIC_REPRESENTATION_CONTEXT ( 3 ) GLOBAL_UNCERTAINTY_ASSIGNED_CONTEXT ( ( #7526 ) ) GLOBAL_UNIT_ASSIGNED_CONTEXT ( ( #3045, #4321, #5445 ) ) REPRESENTATION_CONTEXT ( 'NONE', 'WORKASPACE' ) );
#3431 = COLOUR_RGB ( '',0.7411764705882353255, 0.7764705882352941346, 0.8000000000000000444 ) ;
#3432 = CARTESIAN_POINT ( 'NONE',  ( -1.021237662045221262, 0.2000000000000000111, 0.8376492687223953126 ) ) ;
#3433 = ORIENTED_EDGE ( 'NONE', *, *, #3967, .F. ) ;
#3434 = ORIENTED_EDGE ( 'NONE', *, *, #1966, .T. ) ;
#3435 = STYLED_ITEM ( 'NONE', ( #3375 ), #3175 ) ;
#3436 = CARTESIAN_POINT ( 'NONE',  ( 0.5500000000000010436, -1.820000000000000062, 4.250000000000000000 ) ) ;
#3437 = AXIS2_PLACEMENT_3D ( 'NONE', #3166, #2586, #823 ) ;
#3438 = FILL_AREA_STYLE ('',( #1489 ) ) ;
#3439 = CARTESIAN_POINT ( 'NONE',  ( -5.429999999999998828, 0.9200000000000001510, 4.050000000000001599 ) ) ;
#3440 = DIRECTION ( 'NONE',  ( 0.000000000000000000, -1.112002228190259966E-16, 1.000000000000000000 ) ) ;
#3441 = LINE ( 'NONE', #3493, #6880 ) ;
#3442 = PRESENTATION_LAYER_ASSIGNMENT (  '', '', ( #384 ) ) ;
#3443 = PRESENTATION_LAYER_ASSIGNMENT (  '', '', ( #1604 ) ) ;
#3444 = EDGE_CURVE ( 'NONE', #1456, #1230, #6190, .T. ) ;
#3445 = UNCERTAINTY_MEASURE_WITH_UNIT (LENGTH_MEASURE( 1.000000000000000082E-05 ), #118, 'distance_accuracy_value', 'NONE');
#3446 = EDGE_CURVE ( 'NONE', #4287, #1439, #7239, .T. ) ;
#3447 = CARTESIAN_POINT ( 'NONE',  ( -0.3499999999999999778, 0.9200000000000000400, -12.25140600070190011 ) ) ;
#3448 = PRESENTATION_LAYER_ASSIGNMENT (  '', '', ( #6071 ) ) ;
#3449 = COLOUR_RGB ( '',0.2000000000000000111, 0.2000000000000000111, 0.2000000000000000111 ) ;
#3450 =( NAMED_UNIT ( * ) PLANE_ANGLE_UNIT ( ) SI_UNIT ( $, .RADIAN. ) );
#3451 = LINE ( 'NONE', #2818, #4679 ) ;
#3452 = FACE_OUTER_BOUND ( 'NONE', #6308, .T. ) ;
#3453 = PRESENTATION_STYLE_ASSIGNMENT (( #1105 ) ) ;
#3454 = VECTOR ( 'NONE', #6727, 1000.000000000000000 ) ;
#3455 = VECTOR ( 'NONE', #6163, 1000.000000000000000 ) ;
#3456 = ORIENTED_EDGE ( 'NONE', *, *, #6562, .T. ) ;
#3457 = CIRCLE ( 'NONE', #2609, 0.1999999999999999001 ) ;
#3458 = ITEM_DEFINED_TRANSFORMATION ( 'NONE', 'NONE', #1531,  #4622 ) ;
#3459 = LINE ( 'NONE', #546, #4184 ) ;
#3460 = AXIS2_PLACEMENT_3D ( 'NONE', #1790, #3039, #6453 ) ;
#3461 =( GEOMETRIC_REPRESENTATION_CONTEXT ( 3 ) GLOBAL_UNCERTAINTY_ASSIGNED_CONTEXT ( ( #6152 ) ) GLOBAL_UNIT_ASSIGNED_CONTEXT ( ( #6563, #1177, #3526 ) ) REPRESENTATION_CONTEXT ( 'NONE', 'WORKASPACE' ) );
#3462 = DIRECTION ( 'NONE',  ( 0.000000000000000000, -0.000000000000000000, 1.000000000000000000 ) ) ;
#3463 = LINE ( 'NONE', #5858, #5130 ) ;
#3464 = CARTESIAN_POINT ( 'NONE',  ( -3.540000000000000036, -0.9200000000000000400, -12.25140600070190011 ) ) ;
#3465 = VERTEX_POINT ( 'NONE', #1928 ) ;
#3466 = ORIENTED_EDGE ( 'NONE', *, *, #4389, .F. ) ;
#3467 = VECTOR ( 'NONE', #2891, 1000.000000000000227 ) ;
#3468 = STYLED_ITEM ( 'NONE', ( #6795 ), #4316 ) ;
#3469 = VERTEX_POINT ( 'NONE', #4293 ) ;
#3470 = EDGE_CURVE ( 'NONE', #1355, #3876, #2588, .T. ) ;
#3471 = ADVANCED_FACE ( 'NONE', ( #7202 ), #4378, .T. ) ;
#3472 = SURFACE_STYLE_USAGE ( .BOTH. , #4216 ) ;
#3473 = DIRECTION ( 'NONE',  ( -0.02505097067657191187, 0.000000000000000000, -0.9996861751910753879 ) ) ;
#3474 = AXIS2_PLACEMENT_3D ( 'NONE', #846, #164, #6072 ) ;
#3475 = SURFACE_STYLE_USAGE ( .BOTH. , #5153 ) ;
#3476 = DIRECTION ( 'NONE',  ( -0.000000000000000000, 1.000000000000000000, -0.000000000000000000 ) ) ;
#3477 = FILL_AREA_STYLE ('',( #1166 ) ) ;
#3478 = STYLED_ITEM ( 'NONE', ( #453 ), #5356 ) ;
#3479 =( GEOMETRIC_REPRESENTATION_CONTEXT ( 3 ) GLOBAL_UNCERTAINTY_ASSIGNED_CONTEXT ( ( #2926 ) ) GLOBAL_UNIT_ASSIGNED_CONTEXT ( ( #5822, #7012, #6983 ) ) REPRESENTATION_CONTEXT ( 'NONE', 'WORKASPACE' ) );
#3480 = DIRECTION ( 'NONE',  ( -1.000000000000000000, 0.000000000000000000, -0.000000000000000000 ) ) ;
#3481 = FACE_OUTER_BOUND ( 'NONE', #704, .T. ) ;
#3482 = ORIENTED_EDGE ( 'NONE', *, *, #4816, .T. ) ;
#3483 =( GEOMETRIC_REPRESENTATION_CONTEXT ( 3 ) GLOBAL_UNCERTAINTY_ASSIGNED_CONTEXT ( ( #2576 ) ) GLOBAL_UNIT_ASSIGNED_CONTEXT ( ( #3209, #938, #1976 ) ) REPRESENTATION_CONTEXT ( 'NONE', 'WORKASPACE' ) );
#3484 = ORIENTED_EDGE ( 'NONE', *, *, #2474, .F. ) ;
#3485 = VECTOR ( 'NONE', #6283, 1000.000000000000000 ) ;
#3486 = AXIS2_PLACEMENT_3D ( 'NONE', #3654, #1305, #773 ) ;
#3487 = SURFACE_STYLE_FILL_AREA ( #1816 ) ;
#3488 = LINE ( 'NONE', #5877, #424 ) ;
#3489 = PRESENTATION_STYLE_ASSIGNMENT (( #3031 ) ) ;
#3490 = MECHANICAL_DESIGN_GEOMETRIC_PRESENTATION_REPRESENTATION (  '', ( #2385 ), #1400 ) ;
#3491 = CARTESIAN_POINT ( 'NONE',  ( -0.3699999999999999956, 0.4000000000000000222, -0.05191018432148646056 ) ) ;
#3492 = LINE ( 'NONE', #2371, #3467 ) ;
#3493 = CARTESIAN_POINT ( 'NONE',  ( -3.540000000000000036, 1.620000000000000107, -3.449999999999999734 ) ) ;
#3494 = STYLED_ITEM ( 'NONE', ( #5965 ), #5087 ) ;
#3495 = LINE ( 'NONE', #117, #7174 ) ;
#3496 = UNCERTAINTY_MEASURE_WITH_UNIT (LENGTH_MEASURE( 1.000000000000000082E-05 ), #2648, 'distance_accuracy_value', 'NONE');
#3497 = FILL_AREA_STYLE_COLOUR ( '', #2978 ) ;
#3498 =( NAMED_UNIT ( * ) SI_UNIT ( $, .STERADIAN. ) SOLID_ANGLE_UNIT ( ) );
#3499 = LINE ( 'NONE', #2195, #396 ) ;
#3500 = ORIENTED_EDGE ( 'NONE', *, *, #2961, .T. ) ;
#3501 = LINE ( 'NONE', #7147, #1508 ) ;
#3502 = SHAPE_DEFINITION_REPRESENTATION ( #2691, #2965 ) ;
#3503 = CARTESIAN_POINT ( 'NONE',  ( -6.080000000000000071, -0.9199999999999995959, -3.449999999999999734 ) ) ;
#3504 = FACE_OUTER_BOUND ( 'NONE', #4754, .T. ) ;
#3505 = EDGE_CURVE ( 'NONE', #5783, #5522, #5654, .T. ) ;
#3506 = CARTESIAN_POINT ( 'NONE',  ( -0.1830820574702410053, -4.244868345715250214E-16, 5.449641565359209849 ) ) ;
#3507 = EDGE_CURVE ( 'NONE', #152, #7005, #6280, .T. ) ;
#3508 = VERTEX_POINT ( 'NONE', #2162 ) ;
#3509 = VERTEX_POINT ( 'NONE', #3382 ) ;
#3510 = EDGE_LOOP ( 'NONE', ( #3612, #4883, #7129, #1346 ) ) ;
#3511 =( LENGTH_UNIT ( ) NAMED_UNIT ( * ) SI_UNIT ( .MILLI., .METRE. ) );
#3512 = FILL_AREA_STYLE ('',( #4748 ) ) ;
#3513 = CARTESIAN_POINT ( 'NONE',  ( 4.080000000000000071, -1.620000000000000107, 3.750000000000000000 ) ) ;
#3514 = CARTESIAN_POINT ( 'NONE',  ( -6.599999999999999645, -0.7199999999999999734, 4.250000000000000000 ) ) ;
#3515 = CARTESIAN_POINT ( 'NONE',  ( 6.599999999999999645, 1.949999999999999956, -4.250000000000000000 ) ) ;
#3516 = STYLED_ITEM ( 'NONE', ( #3908 ), #1260 ) ;
#3517 = ORIENTED_EDGE ( 'NONE', *, *, #4033, .T. ) ;
#3518 = UNCERTAINTY_MEASURE_WITH_UNIT (LENGTH_MEASURE( 1.000000000000000082E-05 ), #5367, 'distance_accuracy_value', 'NONE');
#3519 = ORIENTED_EDGE ( 'NONE', *, *, #4919, .T. ) ;
#3520 = COLOUR_RGB ( '',0.2000000000000000111, 0.2000000000000000111, 0.2000000000000000111 ) ;
#3521 = SURFACE_STYLE_USAGE ( .BOTH. , #2217 ) ;
#3522 = LINE ( 'NONE', #2892, #4274 ) ;
#3523 = EDGE_CURVE ( 'NONE', #7601, #2545, #362, .T. ) ;
#3524 = AXIS2_PLACEMENT_3D ( 'NONE', #2103, #1565, #6796 ) ;
#3525 = UNCERTAINTY_MEASURE_WITH_UNIT (LENGTH_MEASURE( 1.000000000000000082E-05 ), #1848, 'distance_accuracy_value', 'NONE');
#3526 =( NAMED_UNIT ( * ) SI_UNIT ( $, .STERADIAN. ) SOLID_ANGLE_UNIT ( ) );
#3527 = AXIS2_PLACEMENT_3D ( 'NONE', #3887, #1527, #5117 ) ;
#3528 = CARTESIAN_POINT ( 'NONE',  ( -4.730000000000000426, -1.620000000000000107, -12.25140600070190011 ) ) ;
#3529 = DIRECTION ( 'NONE',  ( 0.000000000000000000, -1.000000000000000000, -0.000000000000000000 ) ) ;
#3530 = CARTESIAN_POINT ( 'NONE',  ( -2.890000000000000124, -1.619999999999999885, 4.050000000000001599 ) ) ;
#3531 = ORIENTED_EDGE ( 'NONE', *, *, #1867, .T. ) ;
#3532 = EDGE_CURVE ( 'NONE', #4306, #334, #2199, .T. ) ;
#3533 =( LENGTH_UNIT ( ) NAMED_UNIT ( * ) SI_UNIT ( .MILLI., .METRE. ) );
#3534 = CARTESIAN_POINT ( 'NONE',  ( 1.989999999999999991, -2.540000000000000036, 4.250000000000000000 ) ) ;
#3535 = CARTESIAN_POINT ( 'NONE',  ( 6.080000000000000071, 0.9199999999999990408, 3.750000000000000000 ) ) ;
#3536 = CARTESIAN_POINT ( 'NONE',  ( 3.540000000000000036, -4.170008355713480109E-16, 3.750000000000000000 ) ) ;
#3537 = SURFACE_STYLE_USAGE ( .BOTH. , #5328 ) ;
#3538 = ORIENTED_EDGE ( 'NONE', *, *, #1896, .T. ) ;
#3539 = EDGE_LOOP ( 'NONE', ( #3415, #2465, #244, #1292 ) ) ;
#3540 = EDGE_CURVE ( 'NONE', #5523, #7446, #2823, .T. ) ;
#3541 = EDGE_LOOP ( 'NONE', ( #7625, #1087, #5907, #6169 ) ) ;
#3542 = CARTESIAN_POINT ( 'NONE',  ( -0.3819168425098900532, 0.4000000000000000222, 4.780491394004579675 ) ) ;
#3543 = DIRECTION ( 'NONE',  ( 0.000000000000000000, -0.000000000000000000, -1.000000000000000000 ) ) ;
#3544 = EDGE_CURVE ( 'NONE', #152, #3282, #5174, .T. ) ;
#3545 = FILL_AREA_STYLE_COLOUR ( '', #3868 ) ;
#3546 = LINE ( 'NONE', #2913, #3559 ) ;
#3547 = PRESENTATION_STYLE_ASSIGNMENT (( #5339 ) ) ;
#3548 = LINE ( 'NONE', #1167, #5595 ) ;
#3549 = DIRECTION ( 'NONE',  ( 0.000000000000000000, 0.000000000000000000, 1.000000000000000000 ) ) ;
#3550 =( REPRESENTATION_RELATIONSHIP ('NONE','NONE', #541, #6374 ) REPRESENTATION_RELATIONSHIP_WITH_TRANSFORMATION ( #4131 )SHAPE_REPRESENTATION_RELATIONSHIP( ) );
#3551 = ORIENTED_EDGE ( 'NONE', *, *, #5463, .T. ) ;
#3552 = ORIENTED_EDGE ( 'NONE', *, *, #5937, .F. ) ;
#3553 = ORIENTED_EDGE ( 'NONE', *, *, #2784, .F. ) ;
#3554 = VECTOR ( 'NONE', #1454, 1000.000000000000000 ) ;
#3555 = UNCERTAINTY_MEASURE_WITH_UNIT (LENGTH_MEASURE( 1.000000000000000082E-05 ), #2707, 'distance_accuracy_value', 'NONE');
#3556 =( LENGTH_UNIT ( ) NAMED_UNIT ( * ) SI_UNIT ( .MILLI., .METRE. ) );
#3557 =( NAMED_UNIT ( * ) SI_UNIT ( $, .STERADIAN. ) SOLID_ANGLE_UNIT ( ) );
#3558 = VECTOR ( 'NONE', #1538, 1000.000000000000000 ) ;
#3559 = VECTOR ( 'NONE', #5267, 1000.000000000000000 ) ;
#3560 = EDGE_CURVE ( 'NONE', #5851, #210, #7538, .T. ) ;
#3561 = DIRECTION ( 'NONE',  ( 0.000000000000000000, -0.000000000000000000, 1.000000000000000000 ) ) ;
#3562 = CARTESIAN_POINT ( 'NONE',  ( 0.7366198555544819504, 0.000000000000000000, 0.3147096712329959800 ) ) ;
#3563 = AXIS2_PLACEMENT_3D ( 'NONE', #3325, #7408, #421 ) ;
#3564 = CARTESIAN_POINT ( 'NONE',  ( -0.5499999999999988232, 0.7200000000000011946, 4.250000000000000000 ) ) ;
#3565 =( LENGTH_UNIT ( ) NAMED_UNIT ( * ) SI_UNIT ( .MILLI., .METRE. ) );
#3566 = ORIENTED_EDGE ( 'NONE', *, *, #5503, .F. ) ;
#3567 = STYLED_ITEM ( 'NONE', ( #724 ), #3750 ) ;
#3568 = VECTOR ( 'NONE', #1012, 1000.000000000000114 ) ;
#3569 = VECTOR ( 'NONE', #4494, 1000.000000000000000 ) ;
#3570 = MECHANICAL_DESIGN_GEOMETRIC_PRESENTATION_REPRESENTATION (  '', ( #2602 ), #4203 ) ;
#3571 = SURFACE_SIDE_STYLE ('',( #7514 ) ) ;
#3572 = PRESENTATION_STYLE_ASSIGNMENT (( #4667 ) ) ;
#3573 = SURFACE_SIDE_STYLE ('',( #5407 ) ) ;
#3574 = DIRECTION ( 'NONE',  ( 1.000000000000000000, -0.000000000000000000, 0.000000000000000000 ) ) ;
#3575 = VECTOR ( 'NONE', #6273, 1000.000000000000000 ) ;
#3576 = STYLED_ITEM ( 'NONE', ( #4291 ), #1843 ) ;
#3577 = ORIENTED_EDGE ( 'NONE', *, *, #2589, .T. ) ;
#3578 =( GEOMETRIC_REPRESENTATION_CONTEXT ( 3 ) GLOBAL_UNCERTAINTY_ASSIGNED_CONTEXT ( ( #6079 ) ) GLOBAL_UNIT_ASSIGNED_CONTEXT ( ( #7215, #6636, #4302 ) ) REPRESENTATION_CONTEXT ( 'NONE', 'WORKASPACE' ) );
#3579 = ORIENTED_EDGE ( 'NONE', *, *, #5875, .F. ) ;
#3580 = ORIENTED_EDGE ( 'NONE', *, *, #6484, .F. ) ;
#3581 =( NAMED_UNIT ( * ) SI_UNIT ( $, .STERADIAN. ) SOLID_ANGLE_UNIT ( ) );
#3582 = DIRECTION ( 'NONE',  ( 0.000000000000000000, 1.000000000000000000, 0.000000000000000000 ) ) ;
#3583 = PRESENTATION_STYLE_ASSIGNMENT (( #4061 ) ) ;
#3584 = CARTESIAN_POINT ( 'NONE',  ( 0.1679208549823459906, 0.4000000000000000222, 5.288875901474290764 ) ) ;
#3585 =( NAMED_UNIT ( * ) SI_UNIT ( $, .STERADIAN. ) SOLID_ANGLE_UNIT ( ) );
#3586 = FACE_OUTER_BOUND ( 'NONE', #5387, .T. ) ;
#3587 = AXIS2_PLACEMENT_3D ( 'NONE', #1325, #2528, #2487 ) ;
#3588 = ORIENTED_EDGE ( 'NONE', *, *, #1056, .T. ) ;
#3589 = VECTOR ( 'NONE', #6601, 1000.000000000000000 ) ;
#3590 = ADVANCED_FACE ( 'NONE', ( #6208 ), #6888, .F. ) ;
#3591 = ORIENTED_EDGE ( 'NONE', *, *, #7390, .F. ) ;
#3592 = COLOUR_RGB ( '',0.2000000000000000111, 0.2000000000000000111, 0.2000000000000000111 ) ;
#3593 = PLANE ( 'NONE',  #5065 ) ;
#3594 = PLANE ( 'NONE',  #3600 ) ;
#3595 = SURFACE_STYLE_FILL_AREA ( #4183 ) ;
#3596 = MECHANICAL_DESIGN_GEOMETRIC_PRESENTATION_REPRESENTATION (  '', ( #7570 ), #2878 ) ;
#3597 = DIRECTION ( 'NONE',  ( -0.5773502691896280625, -0.5773502691896250649, 0.5773502691896242878 ) ) ;
#3598 = DIRECTION ( 'NONE',  ( 0.000000000000000000, -1.112002228190259966E-16, 1.000000000000000000 ) ) ;
#3599 = ADVANCED_FACE ( 'NONE', ( #5101 ), #7473, .F. ) ;
#3600 = AXIS2_PLACEMENT_3D ( 'NONE', #5985, #4787, #5504 ) ;
#3601 = FILL_AREA_STYLE ('',( #5354 ) ) ;
#3602 = EDGE_CURVE ( 'NONE', #3424, #443, #5288, .T. ) ;
#3603 = AXIS2_PLACEMENT_3D ( 'NONE', #181, #3629, #7318 ) ;
#3604 = MECHANICAL_DESIGN_GEOMETRIC_PRESENTATION_REPRESENTATION (  '', ( #7332 ), #5223 ) ;
#3605 =( LENGTH_UNIT ( ) NAMED_UNIT ( * ) SI_UNIT ( .MILLI., .METRE. ) );
#3607 =( NAMED_UNIT ( * ) SI_UNIT ( $, .STERADIAN. ) SOLID_ANGLE_UNIT ( ) );
#3606 = STYLED_ITEM ( 'NONE', ( #2629 ), #6066 ) ;
#3608 = MECHANICAL_DESIGN_GEOMETRIC_PRESENTATION_REPRESENTATION (  '', ( #3494 ), #1502 ) ;
#3609 = CARTESIAN_POINT ( 'NONE',  ( -3.540000000000000036, 1.620000000000000107, 3.750000000000000000 ) ) ;
#3610 = LINE ( 'NONE', #1330, #621 ) ;
#3611 = VECTOR ( 'NONE', #1164, 1000.000000000000000 ) ;
#3612 = ORIENTED_EDGE ( 'NONE', *, *, #4294, .T. ) ;
#3613 = AXIS2_PLACEMENT_3D ( 'NONE', #6737, #5020, #7238 ) ;
#3614 = FILL_AREA_STYLE_COLOUR ( '', #630 ) ;
#3615 = SURFACE_STYLE_USAGE ( .BOTH. , #4247 ) ;
#3616 = DIRECTION ( 'NONE',  ( 0.000000000000000000, 1.000000000000000000, 0.000000000000000000 ) ) ;
#3617 = CARTESIAN_POINT ( 'NONE',  ( 0.1830820574702410053, 0.4000000000000001887, 5.449641565359210738 ) ) ;
#3618 = FACE_BOUND ( 'NONE', #6597, .T. ) ;
#3619 = EDGE_CURVE ( 'NONE', #4326, #184, #5856, .T. ) ;
#3620 = ORIENTED_EDGE ( 'NONE', *, *, #1822, .F. ) ;
#3621 = ORIENTED_EDGE ( 'NONE', *, *, #1896, .F. ) ;
#3622 = ORIENTED_EDGE ( 'NONE', *, *, #2812, .F. ) ;
#3623 = FILL_AREA_STYLE_COLOUR ( '', #7560 ) ;
#3624 = CARTESIAN_POINT ( 'NONE',  ( -4.080000000000000071, 0.9200000000000000400, -12.25140600070190011 ) ) ;
#3625 = LINE ( 'NONE', #555, #6966 ) ;
#3626 = FACE_OUTER_BOUND ( 'NONE', #7164, .T. ) ;
#3627 =( NAMED_UNIT ( * ) PLANE_ANGLE_UNIT ( ) SI_UNIT ( $, .RADIAN. ) );
#3628 = FACE_OUTER_BOUND ( 'NONE', #5979, .T. ) ;
#3629 = DIRECTION ( 'NONE',  ( -1.000000000000000000, 1.239088197126290077E-15, 1.377868836128689948E-31 ) ) ;
#3630 = ORIENTED_EDGE ( 'NONE', *, *, #2325, .F. ) ;
#3631 = EDGE_LOOP ( 'NONE', ( #6378, #4260, #2631, #3484 ) ) ;
#3632 = EDGE_CURVE ( 'NONE', #6083, #4855, #2426, .T. ) ;
#3633 = DIRECTION ( 'NONE',  ( 0.000000000000000000, -1.000000000000000000, 0.000000000000000000 ) ) ;
#3634 = DIRECTION ( 'NONE',  ( 1.000000000000000000, -0.000000000000000000, 0.000000000000000000 ) ) ;
#3635 = FILL_AREA_STYLE_COLOUR ( '', #3711 ) ;
#3636 = LINE ( 'NONE', #6020, #3124 ) ;
#3637 = LINE ( 'NONE', #3146, #6065 ) ;
#3638 =( LENGTH_UNIT ( ) NAMED_UNIT ( * ) SI_UNIT ( .MILLI., .METRE. ) );
#3639 =( NAMED_UNIT ( * ) SI_UNIT ( $, .STERADIAN. ) SOLID_ANGLE_UNIT ( ) );
#3640 = ORIENTED_EDGE ( 'NONE', *, *, #3061, .T. ) ;
#3641 = STYLED_ITEM ( 'NONE', ( #7262 ), #254 ) ;
#3642 = VECTOR ( 'NONE', #5302, 1000.000000000000000 ) ;
#3643 = PLANE ( 'NONE',  #2490 ) ;
#3644 = ADVANCED_FACE ( 'NONE', ( #2903 ), #7001, .F. ) ;
#3645 =( LENGTH_UNIT ( ) NAMED_UNIT ( * ) SI_UNIT ( .MILLI., .METRE. ) );
#3646 = VECTOR ( 'NONE', #717, 1000.000000000000000 ) ;
#3647 =( NAMED_UNIT ( * ) PLANE_ANGLE_UNIT ( ) SI_UNIT ( $, .RADIAN. ) );
#3648 =( NAMED_UNIT ( * ) SI_UNIT ( $, .STERADIAN. ) SOLID_ANGLE_UNIT ( ) );
#3649 = ORIENTED_EDGE ( 'NONE', *, *, #6507, .F. ) ;
#3650 = AXIS2_PLACEMENT_3D ( 'NONE', #5945, #489, #1677 ) ;
#3651 = SURFACE_STYLE_FILL_AREA ( #277 ) ;
#3652 = LINE ( 'NONE', #6034, #6683 ) ;
#3653 = CARTESIAN_POINT ( 'NONE',  ( -0.8588250565440940232, 0.4000000000000000222, 5.322969931419179623 ) ) ;
#3654 = CARTESIAN_POINT ( 'NONE',  ( -1.989999999999999991, -2.540000000000000036, 4.250000000000000000 ) ) ;
#3655 = PRESENTATION_STYLE_ASSIGNMENT (( #4133 ) ) ;
#3656 = UNCERTAINTY_MEASURE_WITH_UNIT (LENGTH_MEASURE( 1.000000000000000082E-05 ), #4981, 'distance_accuracy_value', 'NONE');
#3657 = ORIENTED_EDGE ( 'NONE', *, *, #2020, .F. ) ;
#3658 = ORIENTED_EDGE ( 'NONE', *, *, #699, .T. ) ;
#3659 = ORIENTED_EDGE ( 'NONE', *, *, #2049, .T. ) ;
#3660 =( LENGTH_UNIT ( ) NAMED_UNIT ( * ) SI_UNIT ( .MILLI., .METRE. ) );
#3661 = EDGE_CURVE ( 'NONE', #7601, #1693, #13, .T. ) ;
#3662 = LINE ( 'NONE', #3021, #7208 ) ;
#3663 =( LENGTH_UNIT ( ) NAMED_UNIT ( * ) SI_UNIT ( .MILLI., .METRE. ) );
#3664 = EDGE_CURVE ( 'NONE', #1693, #6180, #5807, .T. ) ;
#3665 = CARTESIAN_POINT ( 'NONE',  ( -2.890000000000000124, 1.620000000000000107, -12.25140600070190011 ) ) ;
#3666 = CARTESIAN_POINT ( 'NONE',  ( -2.189999999999999947, -0.9200000000000000400, -12.25140600070190011 ) ) ;
#3667 = LINE ( 'NONE', #3056, #5975 ) ;
#3668 = SURFACE_SIDE_STYLE ('',( #6047 ) ) ;
#3669 = ORIENTED_EDGE ( 'NONE', *, *, #6197, .T. ) ;
#3670 = LINE ( 'NONE', #6050, #5631 ) ;
#3671 = ORIENTED_EDGE ( 'NONE', *, *, #806, .F. ) ;
#3672 = DIRECTION ( 'NONE',  ( -0.02505097067657167248, 9.486769009248167742E-16, 0.9996861751910753879 ) ) ;
#3673 = SURFACE_STYLE_USAGE ( .BOTH. , #3064 ) ;
#3674 = LINE ( 'NONE', #1938, #2616 ) ;
#3675 = SURFACE_STYLE_FILL_AREA ( #5943 ) ;
#3676 = FILL_AREA_STYLE_COLOUR ( '', #5332 ) ;
#3677 = CARTESIAN_POINT ( 'NONE',  ( -2.890000000000000124, 0.9200000000000000400, 3.750000000000000000 ) ) ;
#3678 = VERTEX_POINT ( 'NONE', #93 ) ;
#3679 = AXIS2_PLACEMENT_3D ( 'NONE', #1110, #7114, #6968 ) ;
#3680 =( NAMED_UNIT ( * ) PLANE_ANGLE_UNIT ( ) SI_UNIT ( $, .RADIAN. ) );
#3681 = DIRECTION ( 'NONE',  ( 0.000000000000000000, 1.000000000000000000, 0.000000000000000000 ) ) ;
#3682 = DIRECTION ( 'NONE',  ( -0.000000000000000000, 1.000000000000000000, 0.000000000000000000 ) ) ;
#3683 = MECHANICAL_DESIGN_GEOMETRIC_PRESENTATION_REPRESENTATION (  '', ( #2456 ), #2581 ) ;
#3684 = EDGE_CURVE ( 'NONE', #2316, #2018, #7150, .T. ) ;
#3685 = ORIENTED_EDGE ( 'NONE', *, *, #6181, .F. ) ;
#3686 = CARTESIAN_POINT ( 'NONE',  ( 5.429999999999998828, -0.9200000000000000400, 4.050000000000001599 ) ) ;
#3687 = DIRECTION ( 'NONE',  ( -0.000000000000000000, -1.000000000000000000, -0.000000000000000000 ) ) ;
#3688 = CARTESIAN_POINT ( 'NONE',  ( -0.3499999999999999778, -0.9200000000000000400, 3.750000000000000000 ) ) ;
#3689 = ADVANCED_FACE ( 'NONE', ( #3417 ), #503, .T. ) ;
#3690 = ORIENTED_EDGE ( 'NONE', *, *, #1574, .T. ) ;
#3691 =( GEOMETRIC_REPRESENTATION_CONTEXT ( 3 ) GLOBAL_UNCERTAINTY_ASSIGNED_CONTEXT ( ( #6989 ) ) GLOBAL_UNIT_ASSIGNED_CONTEXT ( ( #848, #2542, #7299 ) ) REPRESENTATION_CONTEXT ( 'NONE', 'WORKASPACE' ) );
#3692 = VECTOR ( 'NONE', #5755, 1000.000000000000000 ) ;
#3693 = ORIENTED_EDGE ( 'NONE', *, *, #7294, .F. ) ;
#3694 = VERTEX_POINT ( 'NONE', #5519 ) ;
#3695 =( REPRESENTATION_RELATIONSHIP ('NONE','NONE', #541, #6374 ) REPRESENTATION_RELATIONSHIP_WITH_TRANSFORMATION ( #123 )SHAPE_REPRESENTATION_RELATIONSHIP( ) );
#3696 = SURFACE_STYLE_USAGE ( .BOTH. , #7309 ) ;
#3697 = CARTESIAN_POINT ( 'NONE',  ( 1.000000000000000000, 1.620000000000000107, -12.25140600070190011 ) ) ;
#3698 =( NAMED_UNIT ( * ) PLANE_ANGLE_UNIT ( ) SI_UNIT ( $, .RADIAN. ) );
#3699 = MECHANICAL_DESIGN_GEOMETRIC_PRESENTATION_REPRESENTATION (  '', ( #6206 ), #3707 ) ;
#3700 = MECHANICAL_DESIGN_GEOMETRIC_PRESENTATION_REPRESENTATION (  '', ( #153 ), #394 ) ;
#3701 =( NAMED_UNIT ( * ) SI_UNIT ( $, .STERADIAN. ) SOLID_ANGLE_UNIT ( ) );
#3702 =( NAMED_UNIT ( * ) SI_UNIT ( $, .STERADIAN. ) SOLID_ANGLE_UNIT ( ) );
#3703 = ORIENTED_EDGE ( 'NONE', *, *, #7530, .F. ) ;
#3704 = EDGE_CURVE ( 'NONE', #2909, #4338, #4851, .T. ) ;
#3705 = EDGE_LOOP ( 'NONE', ( #1594, #5946, #3693, #7154 ) ) ;
#3706 = EDGE_CURVE ( 'NONE', #199, #1787, #5558, .T. ) ;
#3707 =( GEOMETRIC_REPRESENTATION_CONTEXT ( 3 ) GLOBAL_UNCERTAINTY_ASSIGNED_CONTEXT ( ( #7452 ) ) GLOBAL_UNIT_ASSIGNED_CONTEXT ( ( #4354, #6109, #6675 ) ) REPRESENTATION_CONTEXT ( 'NONE', 'WORKASPACE' ) );
#3708 = VECTOR ( 'NONE', #3582, 1000.000000000000000 ) ;
#3709 = ORIENTED_EDGE ( 'NONE', *, *, #7252, .T. ) ;
#3710 = DIRECTION ( 'NONE',  ( -0.000000000000000000, -1.000000000000000000, -0.000000000000000000 ) ) ;
#3711 = COLOUR_RGB ( '',0.2000000000000000111, 0.2000000000000000111, 0.2000000000000000111 ) ;
#3712 = PLANE ( 'NONE',  #2769 ) ;
#3713 = CARTESIAN_POINT ( 'NONE',  ( 4.730000000000000426, -1.620000000000000107, -12.25140600070190011 ) ) ;
#3714 = PLANE ( 'NONE',  #1248 ) ;
#3715 = CARTESIAN_POINT ( 'NONE',  ( 6.599999999999999645, -2.540000000000000036, 4.250000000000000000 ) ) ;
#3716 = SURFACE_SIDE_STYLE ('',( #3675 ) ) ;
#3717 = PRESENTATION_LAYER_ASSIGNMENT (  '', '', ( #5579 ) ) ;
#3718 = CARTESIAN_POINT ( 'NONE',  ( -6.080000000000000071, -0.9200000000000000400, -3.449999999999999734 ) ) ;
#3719 = ORIENTED_EDGE ( 'NONE', *, *, #3532, .F. ) ;
#3720 = STYLED_ITEM ( 'NONE', ( #3914 ), #6634 ) ;
#3721 = EDGE_CURVE ( 'NONE', #2697, #2355, #1303, .T. ) ;
#3722 = COLOUR_RGB ( '',0.7411764705882353255, 0.7764705882352941346, 0.8000000000000000444 ) ;
#3723 = STYLED_ITEM ( 'NONE', ( #4727 ), #4426 ) ;
#3724 = FILL_AREA_STYLE ('',( #3257 ) ) ;
#3725 = PRESENTATION_LAYER_ASSIGNMENT (  '', '', ( #7325 ) ) ;
#3726 = DIRECTION ( 'NONE',  ( 0.000000000000000000, -0.000000000000000000, 1.000000000000000000 ) ) ;
#3727 = LINE ( 'NONE', #4196, #3646 ) ;
#3728 = COLOUR_RGB ( '',0.2000000000000000111, 0.2000000000000000111, 0.2000000000000000111 ) ;
#3729 = COLOUR_RGB ( '',0.2000000000000000111, 0.2000000000000000111, 0.2000000000000000111 ) ;
#3730 = PRESENTATION_STYLE_ASSIGNMENT (( #1374 ) ) ;
#3731 = MANIFOLD_SOLID_BREP ( 'Imported1', #4138 ) ;
#3732 = VECTOR ( 'NONE', #2328, 1000.000000000000000 ) ;
#3733 = VERTEX_POINT ( 'NONE', #6578 ) ;
#3734 = PRESENTATION_STYLE_ASSIGNMENT (( #4245 ) ) ;
#3735 = PRESENTATION_LAYER_ASSIGNMENT (  '', '', ( #5098 ) ) ;
#3736 = UNCERTAINTY_MEASURE_WITH_UNIT (LENGTH_MEASURE( 1.000000000000000082E-05 ), #4653, 'distance_accuracy_value', 'NONE');
#3737 = EDGE_CURVE ( 'NONE', #395, #476, #4322, .T. ) ;
#3738 = LINE ( 'NONE', #2074, #1121 ) ;
#3739 = FILL_AREA_STYLE ('',( #7149 ) ) ;
#3740 = COLOUR_RGB ( '',0.2000000000000000111, 0.2000000000000000111, 0.2000000000000000111 ) ;
#3741 = DIRECTION ( 'NONE',  ( -0.000000000000000000, -1.000000000000000000, -0.000000000000000000 ) ) ;
#3742 = DIRECTION ( 'NONE',  ( -1.000000000000000000, 0.000000000000000000, -0.000000000000000000 ) ) ;
#3743 = UNCERTAINTY_MEASURE_WITH_UNIT (LENGTH_MEASURE( 1.000000000000000082E-05 ), #110, 'distance_accuracy_value', 'NONE');
#3744 = FILL_AREA_STYLE_COLOUR ( '', #5982 ) ;
#3745 = ORIENTED_EDGE ( 'NONE', *, *, #4917, .F. ) ;
#3746 = ORIENTED_EDGE ( 'NONE', *, *, #4294, .F. ) ;
#3747 = VERTEX_POINT ( 'NONE', #124 ) ;
#3748 = VECTOR ( 'NONE', #6205, 1000.000000000000000 ) ;
#3749 = DIRECTION ( 'NONE',  ( -1.000000000000000000, -0.000000000000000000, -0.000000000000000000 ) ) ;
#3750 = ADVANCED_FACE ( 'NONE', ( #812 ), #3158, .F. ) ;
#3751 = EDGE_CURVE ( 'NONE', #4848, #2429, #956, .T. ) ;
#3752 = UNCERTAINTY_MEASURE_WITH_UNIT (LENGTH_MEASURE( 1.000000000000000082E-05 ), #3975, 'distance_accuracy_value', 'NONE');
#3753 = SURFACE_STYLE_FILL_AREA ( #3788 ) ;
#3754 = EDGE_CURVE ( 'NONE', #5305, #5671, #5129, .T. ) ;
#3755 = DIRECTION ( 'NONE',  ( 0.5773502691896273964, -0.5773502691896249539, -0.5773502691896249539 ) ) ;
#3756 = CARTESIAN_POINT ( 'NONE',  ( -5.429999999999998828, 1.619999999999999885, 4.050000000000001599 ) ) ;
#3757 =( NAMED_UNIT ( * ) PLANE_ANGLE_UNIT ( ) SI_UNIT ( $, .RADIAN. ) );
#3758 = ORIENTED_EDGE ( 'NONE', *, *, #2005, .F. ) ;
#3759 = LINE ( 'NONE', #1320, #454 ) ;
#3760 = VERTEX_POINT ( 'NONE', #5611 ) ;
#3761 =( NAMED_UNIT ( * ) SI_UNIT ( $, .STERADIAN. ) SOLID_ANGLE_UNIT ( ) );
#3762 = SURFACE_SIDE_STYLE ('',( #2090 ) ) ;
#3763 = CARTESIAN_POINT ( 'NONE',  ( 6.080000000000000071, -0.9200000000000000400, 3.750000000000000000 ) ) ;
#3764 =( NAMED_UNIT ( * ) PLANE_ANGLE_UNIT ( ) SI_UNIT ( $, .RADIAN. ) );
#3765 = EDGE_LOOP ( 'NONE', ( #1055, #406, #951, #6285 ) ) ;
#3766 = FILL_AREA_STYLE_COLOUR ( '', #4332 ) ;
#3767 = CARTESIAN_POINT ( 'NONE',  ( 0.000000000000000000, 2.540000000000000036, 0.000000000000000000 ) ) ;
#3768 = EDGE_CURVE ( 'NONE', #1355, #1778, #2193, .T. ) ;
#3769 = EDGE_CURVE ( 'NONE', #3216, #87, #6305, .T. ) ;
#3770 = DIRECTION ( 'NONE',  ( -0.7071067811865489050, 0.000000000000000000, 0.7071067811865460184 ) ) ;
#3771 = ORIENTED_EDGE ( 'NONE', *, *, #5221, .F. ) ;
#3772 =( NAMED_UNIT ( * ) SI_UNIT ( $, .STERADIAN. ) SOLID_ANGLE_UNIT ( ) );
#3773 = MECHANICAL_DESIGN_GEOMETRIC_PRESENTATION_REPRESENTATION (  '', ( #3395 ), #5896 ) ;
#3774 = CARTESIAN_POINT ( 'NONE',  ( -2.890000000000000124, -0.9200000000000000400, -12.25140600070190011 ) ) ;
#3775 = CONTEXT_DEPENDENT_SHAPE_REPRESENTATION ( #5538, #7379 ) ;
#3776 = PRESENTATION_STYLE_ASSIGNMENT (( #2627 ) ) ;
#3777 =( NAMED_UNIT ( * ) SI_UNIT ( $, .STERADIAN. ) SOLID_ANGLE_UNIT ( ) );
#3778 = PLANE ( 'NONE',  #2015 ) ;
#3779 = ORIENTED_EDGE ( 'NONE', *, *, #1621, .T. ) ;
#3780 = PRODUCT_RELATED_PRODUCT_CATEGORY ( 'part', '', ( #229 ) ) ;
#3781 = VECTOR ( 'NONE', #2778, 1000.000000000000000 ) ;
#3782 = ORIENTED_EDGE ( 'NONE', *, *, #5251, .T. ) ;
#3783 = ORIENTED_EDGE ( 'NONE', *, *, #5547, .T. ) ;
#3784 = DIRECTION ( 'NONE',  ( 1.000000000000000000, 0.000000000000000000, -0.000000000000000000 ) ) ;
#3785 = LINE ( 'NONE', #1033, #6564 ) ;
#3786 = CARTESIAN_POINT ( 'NONE',  ( 5.429999999999999716, -0.9200000000000000400, -12.25140600070190011 ) ) ;
#3787 = CARTESIAN_POINT ( 'NONE',  ( 3.540000000000000036, -1.620000000000000107, 3.750000000000000000 ) ) ;
#3788 = FILL_AREA_STYLE ('',( #735 ) ) ;
#3789 = CARTESIAN_POINT ( 'NONE',  ( -0.7366198555544819504, 0.000000000000000000, 0.3147096712329957580 ) ) ;
#3790 = DIRECTION ( 'NONE',  ( 0.000000000000000000, -0.000000000000000000, -1.000000000000000000 ) ) ;
#3791 =( LENGTH_UNIT ( ) NAMED_UNIT ( * ) SI_UNIT ( .MILLI., .METRE. ) );
#3792 = EDGE_CURVE ( 'NONE', #3376, #5286, #5730, .T. ) ;
#3793 = ORIENTED_EDGE ( 'NONE', *, *, #6179, .T. ) ;
#3794 = EDGE_LOOP ( 'NONE', ( #2281, #3795, #3372, #6707 ) ) ;
#3795 = ORIENTED_EDGE ( 'NONE', *, *, #1711, .F. ) ;
#3796 = EDGE_CURVE ( 'NONE', #5323, #4499, #6806, .T. ) ;
#3797 = FILL_AREA_STYLE ('',( #1285 ) ) ;
#3798 = FILL_AREA_STYLE_COLOUR ( '', #4600 ) ;
#3799 = DIRECTION ( 'NONE',  ( -0.02505097067657167248, 9.486769009248167742E-16, -0.9996861751910753879 ) ) ;
#3800 = PLANE ( 'NONE',  #6186 ) ;
#3801 = FILL_AREA_STYLE_COLOUR ( '', #6227 ) ;
#3802 = DIRECTION ( 'NONE',  ( 0.000000000000000000, 0.000000000000000000, -1.000000000000000000 ) ) ;
#3803 = VERTEX_POINT ( 'NONE', #325 ) ;
#3804 = FACE_OUTER_BOUND ( 'NONE', #2536, .T. ) ;
#3805 = CARTESIAN_POINT ( 'NONE',  ( -6.080000000000000071, 0.9200000000000000400, -12.25140600070190011 ) ) ;
#3806 = PLANE ( 'NONE',  #6762 ) ;
#3807 = SURFACE_SIDE_STYLE ('',( #1449 ) ) ;
#3808 = EDGE_LOOP ( 'NONE', ( #1190, #2203, #5577, #3900 ) ) ;
#3809 = EDGE_CURVE ( 'NONE', #1585, #562, #7347, .T. ) ;
#3810 = CARTESIAN_POINT ( 'NONE',  ( -1.540000000000000036, 0.9200000000000002620, -3.449999999999999734 ) ) ;
#3811 = UNCERTAINTY_MEASURE_WITH_UNIT (LENGTH_MEASURE( 1.000000000000000082E-05 ), #6957, 'distance_accuracy_value', 'NONE');
#3812 = DIRECTION ( 'NONE',  ( -1.000000000000000000, -0.000000000000000000, -0.000000000000000000 ) ) ;
#3813 = DIRECTION ( 'NONE',  ( 1.000000000000000000, 0.000000000000000000, 0.000000000000000000 ) ) ;
#3814 = MECHANICAL_DESIGN_GEOMETRIC_PRESENTATION_REPRESENTATION (  '', ( #1337 ), #3430 ) ;
#3815 = MECHANICAL_DESIGN_GEOMETRIC_PRESENTATION_REPRESENTATION (  '', ( #7052 ), #2720 ) ;
#3816 = FILL_AREA_STYLE ('',( #2782 ) ) ;
#3817 = LINE ( 'NONE', #5408, #3267 ) ;
#3818 = UNCERTAINTY_MEASURE_WITH_UNIT (LENGTH_MEASURE( 1.000000000000000082E-05 ), #5775, 'distance_accuracy_value', 'NONE');
#3819 = EDGE_LOOP ( 'NONE', ( #6985, #5261, #5624, #3909, #6433, #291, #2678, #3746 ) ) ;
#3820 = VECTOR ( 'NONE', #4, 999.9999999999998863 ) ;
#3821 = STYLED_ITEM ( 'NONE', ( #2234 ), #2849 ) ;
#3822 = DIRECTION ( 'NONE',  ( 0.000000000000000000, -0.000000000000000000, 1.000000000000000000 ) ) ;
#3823 = FILL_AREA_STYLE_COLOUR ( '', #4730 ) ;
#3824 = LINE ( 'NONE', #7355, #11 ) ;
#3825 = LINE ( 'NONE', #2472, #5055 ) ;
#3826 = LINE ( 'NONE', #6209, #3992 ) ;
#3827 = STYLED_ITEM ( 'NONE', ( #2515 ), #1553 ) ;
#3828 = LINE ( 'NONE', #6210, #6712 ) ;
#3829 =( NAMED_UNIT ( * ) SI_UNIT ( $, .STERADIAN. ) SOLID_ANGLE_UNIT ( ) );
#3830 = ORIENTED_EDGE ( 'NONE', *, *, #5615, .F. ) ;
#3831 = ORIENTED_EDGE ( 'NONE', *, *, #669, .F. ) ;
#3832 = EDGE_LOOP ( 'NONE', ( #7194, #3043, #4404, #7626 ) ) ;
#3833 = VECTOR ( 'NONE', #1076, 1000.000000000000000 ) ;
#3834 =( GEOMETRIC_REPRESENTATION_CONTEXT ( 3 ) GLOBAL_UNCERTAINTY_ASSIGNED_CONTEXT ( ( #3736 ) ) GLOBAL_UNIT_ASSIGNED_CONTEXT ( ( #4653, #6485, #5535 ) ) REPRESENTATION_CONTEXT ( 'NONE', 'WORKASPACE' ) );
#3835 = PRESENTATION_LAYER_ASSIGNMENT (  '', '', ( #6561 ) ) ;
#3836 = LINE ( 'NONE', #7482, #2599 ) ;
#3837 = DIRECTION ( 'NONE',  ( -0.2451003951954450755, 0.000000000000000000, -0.9694977030787832462 ) ) ;
#3838 = FILL_AREA_STYLE_COLOUR ( '', #1960 ) ;
#3839 = CARTESIAN_POINT ( 'NONE',  ( -2.890000000000000124, -0.9200000000000002620, 4.050000000000001599 ) ) ;
#3840 = FILL_AREA_STYLE ('',( #1592 ) ) ;
#3841 =( NAMED_UNIT ( * ) PLANE_ANGLE_UNIT ( ) SI_UNIT ( $, .RADIAN. ) );
#3842 = VECTOR ( 'NONE', #390, 1000.000000000000000 ) ;
#3843 = ORIENTED_EDGE ( 'NONE', *, *, #1780, .T. ) ;
#3844 = VECTOR ( 'NONE', #3, 1000.000000000000000 ) ;
#3845 = SURFACE_SIDE_STYLE ('',( #4535 ) ) ;
#3846 =( LENGTH_UNIT ( ) NAMED_UNIT ( * ) SI_UNIT ( .MILLI., .METRE. ) );
#3847 = AXIS2_PLACEMENT_3D ( 'NONE', #5953, #44, #7142 ) ;
#3848 = COLOUR_RGB ( '',0.2000000000000000111, 0.2000000000000000111, 0.2000000000000000111 ) ;
#3849 = EDGE_CURVE ( 'NONE', #7153, #4021, #2664, .T. ) ;
#3850 = EDGE_CURVE ( 'NONE', #2545, #5039, #434, .T. ) ;
#3851 = DIRECTION ( 'NONE',  ( -0.000000000000000000, -1.000000000000000000, 0.000000000000000000 ) ) ;
#3852 = PLANE ( 'NONE',  #4456 ) ;
#3853 = VECTOR ( 'NONE', #6340, 1000.000000000000000 ) ;
#3854 = PRESENTATION_LAYER_ASSIGNMENT (  '', '', ( #7188 ) ) ;
#3855 = ORIENTED_EDGE ( 'NONE', *, *, #5670, .T. ) ;
#3856 = MECHANICAL_DESIGN_GEOMETRIC_PRESENTATION_REPRESENTATION (  '', ( #7325 ), #49 ) ;
#3857 = DIRECTION ( 'NONE',  ( 0.000000000000000000, 0.000000000000000000, -1.000000000000000000 ) ) ;
#3859 = SURFACE_SIDE_STYLE ('',( #2663 ) ) ;
#3858 = AXIS2_PLACEMENT_3D ( 'NONE', #1939, #4304, #6670 ) ;
#3860 = CIRCLE ( 'NONE', #420, 0.08819660112501394311 ) ;
#3861 = LINE ( 'NONE', #2042, #3329 ) ;
#3862 = SURFACE_STYLE_FILL_AREA ( #3931 ) ;
#3863 = AXIS2_PLACEMENT_3D ( 'NONE', #2444, #4725, #3672 ) ;
#3864 = ORIENTED_EDGE ( 'NONE', *, *, #5677, .T. ) ;
#3865 = VECTOR ( 'NONE', #652, 1000.000000000000114 ) ;
#3866 = DIRECTION ( 'NONE',  ( -0.02505097067657190840, 0.000000000000000000, 0.9996861751910753879 ) ) ;
#3867 = SURFACE_SIDE_STYLE ('',( #1505 ) ) ;
#3868 = COLOUR_RGB ( '',0.7411764705882353255, 0.7764705882352941346, 0.8000000000000000444 ) ;
#3869 = CARTESIAN_POINT ( 'NONE',  ( 8.673617379884041389E-16, 1.070000000000000062, -3.326802541049640016 ) ) ;
#3870 = CARTESIAN_POINT ( 'NONE',  ( -5.429999999999999716, 1.620000000000000107, -12.25140600070190011 ) ) ;
#3871 = DIRECTION ( 'NONE',  ( -0.7071067811865489050, 0.000000000000000000, -0.7071067811865460184 ) ) ;
#3872 = PRESENTATION_STYLE_ASSIGNMENT (( #4223 ) ) ;
#3873 = MECHANICAL_DESIGN_GEOMETRIC_PRESENTATION_REPRESENTATION (  '', ( #2267 ), #655 ) ;
#3874 = CARTESIAN_POINT ( 'NONE',  ( -4.730000000000000426, -0.9200000000000000400, 4.050000000000001599 ) ) ;
#3875 =( LENGTH_UNIT ( ) NAMED_UNIT ( * ) SI_UNIT ( .MILLI., .METRE. ) );
#3876 = VERTEX_POINT ( 'NONE', #992 ) ;
#3877 = VERTEX_POINT ( 'NONE', #7269 ) ;
#3878 = ORIENTED_EDGE ( 'NONE', *, *, #4532, .F. ) ;
#3879 = ORIENTED_EDGE ( 'NONE', *, *, #6607, .F. ) ;
#3880 = DIRECTION ( 'NONE',  ( -0.000000000000000000, 1.000000000000000000, 1.112002228190259966E-16 ) ) ;
#3881 = LINE ( 'NONE', #5626, #1759 ) ;
#3882 = PRESENTATION_STYLE_ASSIGNMENT (( #2138 ) ) ;
#3883 = FILL_AREA_STYLE ('',( #2685 ) ) ;
#3884 = DIRECTION ( 'NONE',  ( -0.000000000000000000, 1.000000000000000000, -0.000000000000000000 ) ) ;
#3885 = CARTESIAN_POINT ( 'NONE',  ( 5.429999999999998828, -2.540000000000000036, 4.050000000000000711 ) ) ;
#3886 = LINE ( 'NONE', #6832, #5473 ) ;
#3887 = CARTESIAN_POINT ( 'NONE',  ( -0.005178789717898660272, 0.4000000000000000222, 2.014805344883670024 ) ) ;
#3888 = VERTEX_POINT ( 'NONE', #1494 ) ;
#3889 = EDGE_CURVE ( 'NONE', #6180, #418, #3861, .T. ) ;
#3890 = DIRECTION ( 'NONE',  ( -1.239088197126290077E-15, 1.000000000000000000, 0.000000000000000000 ) ) ;
#3891 = PRESENTATION_STYLE_ASSIGNMENT (( #7451 ) ) ;
#3892 = DIRECTION ( 'NONE',  ( -1.239088197126290077E-15, -1.000000000000000000, 0.000000000000000000 ) ) ;
#3893 = DIRECTION ( 'NONE',  ( 0.000000000000000000, -1.112002228190259966E-16, 1.000000000000000000 ) ) ;
#3894 = VERTEX_POINT ( 'NONE', #1455 ) ;
#3895 = EDGE_CURVE ( 'NONE', #5698, #2231, #2700, .T. ) ;
#3896 = CARTESIAN_POINT ( 'NONE',  ( 4.080000000000000071, -1.620000000000000107, -3.449999999999999734 ) ) ;
#3897 = MECHANICAL_DESIGN_GEOMETRIC_PRESENTATION_REPRESENTATION (  '', ( #6873 ), #2797 ) ;
#3898 = UNCERTAINTY_MEASURE_WITH_UNIT (LENGTH_MEASURE( 1.000000000000000082E-05 ), #1003, 'distance_accuracy_value', 'NONE');
#3899 = DIRECTION ( 'NONE',  ( 0.000000000000000000, -0.7071067811865450192, -0.7071067811865500152 ) ) ;
#3900 = ORIENTED_EDGE ( 'NONE', *, *, #1031, .F. ) ;
#3901 = STYLED_ITEM ( 'NONE', ( #2839 ), #1169 ) ;
#3902 = SHAPE_REPRESENTATION_RELATIONSHIP ( 'NONE' , 'NONE' ,  #6374, #1836 ) ;
#3903 = FILL_AREA_STYLE_COLOUR ( '', #259 ) ;
#3904 = UNCERTAINTY_MEASURE_WITH_UNIT (LENGTH_MEASURE( 1.000000000000000082E-05 ), #3350, 'distance_accuracy_value', 'NONE');
#3905 =( LENGTH_UNIT ( ) NAMED_UNIT ( * ) SI_UNIT ( .MILLI., .METRE. ) );
#3906 = DIRECTION ( 'NONE',  ( -1.000000000000000000, -0.000000000000000000, -0.000000000000000000 ) ) ;
#3907 = COLOUR_RGB ( '',0.2000000000000000111, 0.2000000000000000111, 0.2000000000000000111 ) ;
#3908 = PRESENTATION_STYLE_ASSIGNMENT (( #1398 ) ) ;
#3909 = ORIENTED_EDGE ( 'NONE', *, *, #513, .T. ) ;
#3910 = ORIENTED_EDGE ( 'NONE', *, *, #4315, .T. ) ;
#3911 = VERTEX_POINT ( 'NONE', #3339 ) ;
#3912 = ADVANCED_FACE ( 'NONE', ( #6883 ), #1570, .F. ) ;
#3913 = EDGE_CURVE ( 'NONE', #7545, #7119, #393, .T. ) ;
#3914 = PRESENTATION_STYLE_ASSIGNMENT (( #6898 ) ) ;
#3915 = COLOUR_RGB ( '',0.2000000000000000111, 0.2000000000000000111, 0.2000000000000000111 ) ;
#3916 = LINE ( 'NONE', #4001, #428 ) ;
#3917 = SURFACE_STYLE_USAGE ( .BOTH. , #373 ) ;
#3918 = CARTESIAN_POINT ( 'NONE',  ( 0.005178789717898660272, 0.4000000000000000222, 2.014805344883670024 ) ) ;
#3919 = SURFACE_SIDE_STYLE ('',( #3952 ) ) ;
#3920 = FILL_AREA_STYLE ('',( #2144 ) ) ;
#3921 = ORIENTED_EDGE ( 'NONE', *, *, #9, .F. ) ;
#3922 = LINE ( 'NONE', #3290, #7416 ) ;
#3923 = CARTESIAN_POINT ( 'NONE',  ( 5.629999999999999893, -2.540000000000000036, 4.250000000000000000 ) ) ;
#3924 = LINE ( 'NONE', #6233, #40 ) ;
#3925 = DIRECTION ( 'NONE',  ( -1.000000000000000000, 1.239088197126290077E-15, 1.377868836128689948E-31 ) ) ;
#3926 = SURFACE_STYLE_FILL_AREA ( #5125 ) ;
#3927 = VERTEX_POINT ( 'NONE', #1987 ) ;
#3928 = FILL_AREA_STYLE_COLOUR ( '', #5958 ) ;
#3929 = FACE_OUTER_BOUND ( 'NONE', #2105, .T. ) ;
#3930 = CARTESIAN_POINT ( 'NONE',  ( -5.429999999999999716, 0.9200000000000000400, -12.25140600070190011 ) ) ;
#3931 = FILL_AREA_STYLE ('',( #6807 ) ) ;
#3932 = ADVANCED_FACE ( 'NONE', ( #3804 ), #2567, .F. ) ;
#3933 = EDGE_LOOP ( 'NONE', ( #615, #4785, #5791, #3531, #4779 ) ) ;
#3934 = FILL_AREA_STYLE_COLOUR ( '', #3120 ) ;
#3935 = DIRECTION ( 'NONE',  ( 1.000000000000000000, 0.000000000000000000, 0.000000000000000000 ) ) ;
#3936 = FILL_AREA_STYLE ('',( #3903 ) ) ;
#3937 = DIRECTION ( 'NONE',  ( 0.000000000000000000, 0.000000000000000000, -1.000000000000000000 ) ) ;
#3938 = CARTESIAN_POINT ( 'NONE',  ( 5.429999999999999716, -0.9200000000000000400, -12.25140600070190011 ) ) ;
#3939 = CARTESIAN_POINT ( 'NONE',  ( -6.599999999999999645, 1.820000000000000062, 4.250000000000000000 ) ) ;
#3940 = CARTESIAN_POINT ( 'NONE',  ( -3.089999999999999858, -1.820000000000000062, 4.250000000000000000 ) ) ;
#3941 = ADVANCED_FACE ( 'NONE', ( #757 ), #884, .T. ) ;
#3942 = VERTEX_POINT ( 'NONE', #1335 ) ;
#3943 =( GEOMETRIC_REPRESENTATION_CONTEXT ( 3 ) GLOBAL_UNCERTAINTY_ASSIGNED_CONTEXT ( ( #5351 ) ) GLOBAL_UNIT_ASSIGNED_CONTEXT ( ( #1523, #6867, #1052 ) ) REPRESENTATION_CONTEXT ( 'NONE', 'WORKASPACE' ) );
#3944 = EDGE_LOOP ( 'NONE', ( #465, #7038, #1839, #445 ) ) ;
#3945 = VERTEX_POINT ( 'NONE', #1914 ) ;
#3946 = LINE ( 'NONE', #6323, #3568 ) ;
#3947 =( NAMED_UNIT ( * ) SI_UNIT ( $, .STERADIAN. ) SOLID_ANGLE_UNIT ( ) );
#3948 = DIRECTION ( 'NONE',  ( -0.7071067811865450192, 0.000000000000000000, -0.7071067811865500152 ) ) ;
#3949 = DIRECTION ( 'NONE',  ( -0.9996861751910754990, -0.000000000000000000, 0.02505097067657191187 ) ) ;
#3950 = STYLED_ITEM ( 'NONE', ( #2358 ), #3371 ) ;
#3951 =( NAMED_UNIT ( * ) SI_UNIT ( $, .STERADIAN. ) SOLID_ANGLE_UNIT ( ) );
#3952 = SURFACE_STYLE_FILL_AREA ( #3363 ) ;
#3953 = LINE ( 'NONE', #5072, #640 ) ;
#3954 =( NAMED_UNIT ( * ) SI_UNIT ( $, .STERADIAN. ) SOLID_ANGLE_UNIT ( ) );
#3955 = EDGE_CURVE ( 'NONE', #7477, #6799, #4975, .T. ) ;
#3956 = ORIENTED_EDGE ( 'NONE', *, *, #4370, .T. ) ;
#3957 = PRESENTATION_LAYER_ASSIGNMENT (  '', '', ( #2964 ) ) ;
#3958 =( GEOMETRIC_REPRESENTATION_CONTEXT ( 3 ) GLOBAL_UNCERTAINTY_ASSIGNED_CONTEXT ( ( #7460 ) ) GLOBAL_UNIT_ASSIGNED_CONTEXT ( ( #4299, #4227, #3761 ) ) REPRESENTATION_CONTEXT ( 'NONE', 'WORKASPACE' ) );
#3959 =( LENGTH_UNIT ( ) NAMED_UNIT ( * ) SI_UNIT ( .MILLI., .METRE. ) );
#3960 = PRESENTATION_LAYER_ASSIGNMENT (  '', '', ( #6686 ) ) ;
#3961 = FILL_AREA_STYLE_COLOUR ( '', #523 ) ;
#3962 = DIRECTION ( 'NONE',  ( -1.000000000000000000, 0.000000000000000000, 0.000000000000000000 ) ) ;
#3963 = STYLED_ITEM ( 'NONE', ( #6609 ), #3941 ) ;
#3964 = STYLED_ITEM ( 'NONE', ( #2336 ), #2088 ) ;
#3965 = CARTESIAN_POINT ( 'NONE',  ( -6.599999999999999645, -1.949999999999999956, -4.250000000000000000 ) ) ;
#3966 = FILL_AREA_STYLE_COLOUR ( '', #3907 ) ;
#3967 = EDGE_CURVE ( 'NONE', #7413, #3942, #4806, .T. ) ;
#3968 =( GEOMETRIC_REPRESENTATION_CONTEXT ( 3 ) GLOBAL_UNCERTAINTY_ASSIGNED_CONTEXT ( ( #358 ) ) GLOBAL_UNIT_ASSIGNED_CONTEXT ( ( #7148, #7185, #90 ) ) REPRESENTATION_CONTEXT ( 'NONE', 'WORKASPACE' ) );
#3969 = ORIENTED_EDGE ( 'NONE', *, *, #3967, .T. ) ;
#3970 =( GEOMETRIC_REPRESENTATION_CONTEXT ( 3 ) GLOBAL_UNCERTAINTY_ASSIGNED_CONTEXT ( ( #2779 ) ) GLOBAL_UNIT_ASSIGNED_CONTEXT ( ( #875, #4239, #1414 ) ) REPRESENTATION_CONTEXT ( 'NONE', 'WORKASPACE' ) );
#3971 = STYLED_ITEM ( 'NONE', ( #3891 ), #2205 ) ;
#3972 = UNCERTAINTY_MEASURE_WITH_UNIT (LENGTH_MEASURE( 1.000000000000000082E-05 ), #3875, 'distance_accuracy_value', 'NONE');
#3973 = AXIS2_PLACEMENT_3D ( 'NONE', #1771, #6042, #1391 ) ;
#3974 =( NAMED_UNIT ( * ) PLANE_ANGLE_UNIT ( ) SI_UNIT ( $, .RADIAN. ) );
#3975 =( LENGTH_UNIT ( ) NAMED_UNIT ( * ) SI_UNIT ( .MILLI., .METRE. ) );
#3976 = LINE ( 'NONE', #6345, #4756 ) ;
#3977 = VECTOR ( 'NONE', #1024, 1000.000000000000000 ) ;
#3978 = UNCERTAINTY_MEASURE_WITH_UNIT (LENGTH_MEASURE( 1.000000000000000082E-05 ), #5616, 'distance_accuracy_value', 'NONE');
#3979 = MECHANICAL_DESIGN_GEOMETRIC_PRESENTATION_REPRESENTATION (  '', ( #4957 ), #4222 ) ;
#3980 = SURFACE_STYLE_USAGE ( .BOTH. , #7418 ) ;
#3981 = MECHANICAL_DESIGN_GEOMETRIC_PRESENTATION_REPRESENTATION (  '', ( #5081 ), #1013 ) ;
#3982 = ORIENTED_EDGE ( 'NONE', *, *, #7029, .T. ) ;
#3983 = EDGE_CURVE ( 'NONE', #7407, #7030, #165, .T. ) ;
#3984 = AXIS2_PLACEMENT_3D ( 'NONE', #5270, #2290, #4030 ) ;
#3985 = CARTESIAN_POINT ( 'NONE',  ( -2.190000000000000835, 1.620000000000000329, 4.050000000000000711 ) ) ;
#3986 = COLOUR_RGB ( '',0.2000000000000000111, 0.2000000000000000111, 0.2000000000000000111 ) ;
#3987 = CARTESIAN_POINT ( 'NONE',  ( 0.000000000000000000, 0.000000000000000000, 0.000000000000000000 ) ) ;
#3988 = PRESENTATION_STYLE_ASSIGNMENT (( #6778 ) ) ;
#3989 = VECTOR ( 'NONE', #2933, 1000.000000000000000 ) ;
#3990 =( NAMED_UNIT ( * ) SI_UNIT ( $, .STERADIAN. ) SOLID_ANGLE_UNIT ( ) );
#3991 = DIRECTION ( 'NONE',  ( -0.000000000000000000, 1.000000000000000000, 1.112002228190259966E-16 ) ) ;
#3992 = VECTOR ( 'NONE', #7426, 1000.000000000000000 ) ;
#3993 = ORIENTED_EDGE ( 'NONE', *, *, #3367, .F. ) ;
#3994 = ORIENTED_EDGE ( 'NONE', *, *, #1056, .F. ) ;
#3995 = ORIENTED_EDGE ( 'NONE', *, *, #3367, .T. ) ;
#3996 = EDGE_CURVE ( 'NONE', #6894, #3204, #7345, .T. ) ;
#3997 = VECTOR ( 'NONE', #5196, 1000.000000000000000 ) ;
#3998 = EDGE_CURVE ( 'NONE', #5522, #6893, #6153, .T. ) ;
#3999 = CARTESIAN_POINT ( 'NONE',  ( -0.3499999999999996447, 1.619999999999999885, 4.050000000000001599 ) ) ;
#4000 = EDGE_CURVE ( 'NONE', #2355, #3747, #1951, .T. ) ;
#4001 = CARTESIAN_POINT ( 'NONE',  ( -0.8932477478277009997, 0.000000000000000000, 0.3147096712329959800 ) ) ;
#4002 = DIRECTION ( 'NONE',  ( -1.000000000000000000, -0.000000000000000000, 0.000000000000000000 ) ) ;
#4003 =( GEOMETRIC_REPRESENTATION_CONTEXT ( 3 ) GLOBAL_UNCERTAINTY_ASSIGNED_CONTEXT ( ( #6918 ) ) GLOBAL_UNIT_ASSIGNED_CONTEXT ( ( #4930, #3187, #2149 ) ) REPRESENTATION_CONTEXT ( 'NONE', 'WORKASPACE' ) );
#4004 = FACE_OUTER_BOUND ( 'NONE', #2529, .T. ) ;
#4005 = LINE ( 'NONE', #5235, #7073 ) ;
#4006 = LINE ( 'NONE', #2768, #302 ) ;
#4007 = PRESENTATION_LAYER_ASSIGNMENT (  '', '', ( #1029 ) ) ;
#4008 = ORIENTED_EDGE ( 'NONE', *, *, #6736, .T. ) ;
#4009 = ORIENTED_EDGE ( 'NONE', *, *, #2772, .T. ) ;
#4010 = DIRECTION ( 'NONE',  ( -0.7071067811865489050, 0.000000000000000000, 0.7071067811865460184 ) ) ;
#4011 = DIRECTION ( 'NONE',  ( 0.06397705464214703541, 0.000000000000000000, 0.9979513697968031005 ) ) ;
#4012 = CARTESIAN_POINT ( 'NONE',  ( 5.429999999999999716, 0.9200000000000000400, -12.25140600070190011 ) ) ;
#4013 = LINE ( 'NONE', #1712, #1559 ) ;
#4014 = ORIENTED_EDGE ( 'NONE', *, *, #4479, .T. ) ;
#4015 = EDGE_CURVE ( 'NONE', #6730, #5783, #5556, .T. ) ;
#4016 = LINE ( 'NONE', #5765, #2842 ) ;
#4017 = EDGE_LOOP ( 'NONE', ( #5542, #3343, #2582, #2461 ) ) ;
#4018 = FILL_AREA_STYLE ('',( #3934 ) ) ;
#4019 = PLANE ( 'NONE',  #4235 ) ;
#4020 = VERTEX_POINT ( 'NONE', #3686 ) ;
#4021 = VERTEX_POINT ( 'NONE', #1380 ) ;
#4022 = COLOUR_RGB ( '',0.2000000000000000111, 0.2000000000000000111, 0.2000000000000000111 ) ;
#4023 = EDGE_LOOP ( 'NONE', ( #4384, #6644, #1192, #5724 ) ) ;
#4024 =( NAMED_UNIT ( * ) SI_UNIT ( $, .STERADIAN. ) SOLID_ANGLE_UNIT ( ) );
#4025 = FILL_AREA_STYLE ('',( #1194 ) ) ;
#4026 = CARTESIAN_POINT ( 'NONE',  ( 1.540000000000000036, -1.620000000000000107, -12.25140600070190011 ) ) ;
#4027 = FACE_OUTER_BOUND ( 'NONE', #4898, .T. ) ;
#4028 = DIRECTION ( 'NONE',  ( -8.885388917374876804E-16, 0.000000000000000000, -1.000000000000000000 ) ) ;
#4029 = CARTESIAN_POINT ( 'NONE',  ( -5.629999999999999893, -0.7199999999999998623, 4.250000000000000000 ) ) ;
#4030 = DIRECTION ( 'NONE',  ( 0.02505097067657190840, 0.000000000000000000, 0.9996861751910753879 ) ) ;
#4031 = CARTESIAN_POINT ( 'NONE',  ( 5.429999999999998828, -1.619999999999999885, 4.050000000000001599 ) ) ;
#4032 = VERTEX_POINT ( 'NONE', #6769 ) ;
#4033 = EDGE_CURVE ( 'NONE', #6013, #2018, #4320, .T. ) ;
#4034 = ORIENTED_EDGE ( 'NONE', *, *, #3168, .F. ) ;
#4035 = CARTESIAN_POINT ( 'NONE',  ( 1.019028251576669986, 0.2000000000000000111, 0.9258181915659120520 ) ) ;
#4036 = CARTESIAN_POINT ( 'NONE',  ( 5.429999999999999716, 0.9200000000000000400, 3.750000000000000000 ) ) ;
#4037 = FILL_AREA_STYLE ('',( #7605 ) ) ;
#4038 = LINE ( 'NONE', #1205, #4845 ) ;
#4039 = DIRECTION ( 'NONE',  ( 1.000000000000000000, 0.000000000000000000, -0.000000000000000000 ) ) ;
#4040 = VERTEX_POINT ( 'NONE', #2662 ) ;
#4041 = SURFACE_STYLE_USAGE ( .BOTH. , #6993 ) ;
#4042 = UNCERTAINTY_MEASURE_WITH_UNIT (LENGTH_MEASURE( 1.000000000000000082E-05 ), #6441, 'distance_accuracy_value', 'NONE');
#4043 =( NAMED_UNIT ( * ) PLANE_ANGLE_UNIT ( ) SI_UNIT ( $, .RADIAN. ) );
#4044 = CARTESIAN_POINT ( 'NONE',  ( 2.890000000000000124, -1.620000000000000107, -12.25140600070190011 ) ) ;
#4045 = CARTESIAN_POINT ( 'NONE',  ( -2.189999999999999947, -1.619999999999999885, 4.050000000000001599 ) ) ;
#4046 = SURFACE_STYLE_FILL_AREA ( #2308 ) ;
#4047 = EDGE_CURVE ( 'NONE', #87, #1586, #3738, .T. ) ;
#4048 = ORIENTED_EDGE ( 'NONE', *, *, #4664, .F. ) ;
#4049 = PRESENTATION_STYLE_ASSIGNMENT (( #1262 ) ) ;
#4050 = ITEM_DEFINED_TRANSFORMATION ( 'NONE', 'NONE', #6724,  #4622 ) ;
#4051 =( NAMED_UNIT ( * ) PLANE_ANGLE_UNIT ( ) SI_UNIT ( $, .RADIAN. ) );
#4052 = DIRECTION ( 'NONE',  ( 0.5773502691896273964, -0.5773502691896250649, -0.5773502691896250649 ) ) ;
#4053 = CARTESIAN_POINT ( 'NONE',  ( -6.599999999999999645, 1.820000000000000062, 4.250000000000000000 ) ) ;
#4054 = FILL_AREA_STYLE_COLOUR ( '', #1672 ) ;
#4055 = CARTESIAN_POINT ( 'NONE',  ( 2.189999999999999947, -1.620000000000000107, -12.25140600070190011 ) ) ;
#4056 = ORIENTED_EDGE ( 'NONE', *, *, #4811, .T. ) ;
#4057 = ORIENTED_EDGE ( 'NONE', *, *, #3404, .T. ) ;
#4058 = ORIENTED_EDGE ( 'NONE', *, *, #1387, .T. ) ;
#4059 = SURFACE_STYLE_USAGE ( .BOTH. , #21 ) ;
#4060 = SURFACE_STYLE_FILL_AREA ( #4025 ) ;
#4061 = SURFACE_STYLE_USAGE ( .BOTH. , #5067 ) ;
#4062 = DIRECTION ( 'NONE',  ( 0.9996861751910754990, 0.000000000000000000, -0.02505097067657191187 ) ) ;
#4063 = CARTESIAN_POINT ( 'NONE',  ( 0.3543932267340400011, 0.4000000000000000222, 6.023317510942439945 ) ) ;
#4064 = FILL_AREA_STYLE_COLOUR ( '', #3729 ) ;
#4065 = CIRCLE ( 'NONE', #2580, 0.5529067033259800201 ) ;
#4066 = VECTOR ( 'NONE', #3210, 1000.000000000000000 ) ;
#4067 = SURFACE_SIDE_STYLE ('',( #6518 ) ) ;
#4068 = FILL_AREA_STYLE ('',( #6369 ) ) ;
#4069 = VERTEX_POINT ( 'NONE', #280 ) ;
#4070 = ORIENTED_EDGE ( 'NONE', *, *, #1752, .F. ) ;
#4071 = MECHANICAL_DESIGN_GEOMETRIC_PRESENTATION_REPRESENTATION (  '', ( #5811 ), #1597 ) ;
#4072 = SURFACE_STYLE_USAGE ( .BOTH. , #4685 ) ;
#4073 = CIRCLE ( 'NONE', #738, 0.08882474621664526726 ) ;
#4074 = CARTESIAN_POINT ( 'NONE',  ( -6.599999999999999645, -1.619999999999998996, 4.050000000000000711 ) ) ;
#4075 = EDGE_CURVE ( 'NONE', #732, #4170, #7382, .T. ) ;
#4076 = CARTESIAN_POINT ( 'NONE',  ( 0.3699999999999999956, 0.4000000000000000222, -0.05191018432148639811 ) ) ;
#4077 = VECTOR ( 'NONE', #5903, 1000.000000000000000 ) ;
#4078 = EDGE_CURVE ( 'NONE', #6083, #4448, #4578, .T. ) ;
#4079 = EDGE_CURVE ( 'NONE', #1549, #3942, #3652, .T. ) ;
#4080 = SURFACE_STYLE_USAGE ( .BOTH. , #155 ) ;
#4081 = MECHANICAL_DESIGN_GEOMETRIC_PRESENTATION_REPRESENTATION (  '', ( #6678 ), #7286 ) ;
#4082 = COLOUR_RGB ( '',0.2000000000000000111, 0.2000000000000000111, 0.2000000000000000111 ) ;
#4083 = COLOUR_RGB ( '',0.7411764705882353255, 0.7764705882352941346, 0.8000000000000000444 ) ;
#4084 = EDGE_CURVE ( 'NONE', #4499, #7509, #3080, .T. ) ;
#4085 = SURFACE_STYLE_USAGE ( .BOTH. , #4125 ) ;
#4086 = DIRECTION ( 'NONE',  ( 0.000000000000000000, -0.000000000000000000, -1.000000000000000000 ) ) ;
#4087 = VECTOR ( 'NONE', #1070, 1000.000000000000000 ) ;
#4088 = CARTESIAN_POINT ( 'NONE',  ( -0.3499999999999999778, -0.9200000000000000400, 3.750000000000000000 ) ) ;
#4089 = DIRECTION ( 'NONE',  ( -0.7071067811865489050, 0.000000000000000000, 0.7071067811865460184 ) ) ;
#4090 = PRESENTATION_LAYER_ASSIGNMENT (  '', '', ( #7059 ) ) ;
#4091 = ORIENTED_EDGE ( 'NONE', *, *, #2618, .T. ) ;
#4092 = COLOUR_RGB ( '',0.2000000000000000111, 0.2000000000000000111, 0.2000000000000000111 ) ;
#4093 = CARTESIAN_POINT ( 'NONE',  ( -6.599999999999999645, 0.7200000000000009726, 4.250000000000000000 ) ) ;
#4094 =( NAMED_UNIT ( * ) SI_UNIT ( $, .STERADIAN. ) SOLID_ANGLE_UNIT ( ) );
#4095 =( GEOMETRIC_REPRESENTATION_CONTEXT ( 3 ) GLOBAL_UNCERTAINTY_ASSIGNED_CONTEXT ( ( #5881 ) ) GLOBAL_UNIT_ASSIGNED_CONTEXT ( ( #6565, #4043, #571 ) ) REPRESENTATION_CONTEXT ( 'NONE', 'WORKASPACE' ) );
#4096 = MECHANICAL_DESIGN_GEOMETRIC_PRESENTATION_REPRESENTATION (  '', ( #2612 ), #6215 ) ;
#4097 = LINE ( 'NONE', #1158, #5222 ) ;
#4098 = MECHANICAL_DESIGN_GEOMETRIC_PRESENTATION_REPRESENTATION (  '', ( #3116 ), #5089 ) ;
#4099 = ORIENTED_EDGE ( 'NONE', *, *, #227, .F. ) ;
#4100 = ORIENTED_EDGE ( 'NONE', *, *, #1728, .F. ) ;
#4101 = PRESENTATION_LAYER_ASSIGNMENT (  '', '', ( #1504 ) ) ;
#4102 = ORIENTED_EDGE ( 'NONE', *, *, #2333, .F. ) ;
#4103 = PLANE ( 'NONE',  #3973 ) ;
#4104 =( NAMED_UNIT ( * ) SI_UNIT ( $, .STERADIAN. ) SOLID_ANGLE_UNIT ( ) );
#4105 = VECTOR ( 'NONE', #7536, 1000.000000000000000 ) ;
#4106 = CARTESIAN_POINT ( 'NONE',  ( -0.3499999999999999778, 0.9200000000000000400, 3.750000000000000000 ) ) ;
#4107 = EDGE_CURVE ( 'NONE', #443, #4425, #3156, .T. ) ;
#4108 =( LENGTH_UNIT ( ) NAMED_UNIT ( * ) SI_UNIT ( .MILLI., .METRE. ) );
#4109 = SURFACE_STYLE_FILL_AREA ( #590 ) ;
#4110 = VECTOR ( 'NONE', #364, 1000.000000000000000 ) ;
#4111 = DIRECTION ( 'NONE',  ( 1.000000000000000000, 0.000000000000000000, -0.000000000000000000 ) ) ;
#4112 = DIRECTION ( 'NONE',  ( 0.000000000000000000, 0.7071067811865495711, -0.7071067811865455743 ) ) ;
#4113 = VERTEX_POINT ( 'NONE', #3185 ) ;
#4114 = COLOUR_RGB ( '',0.7411764705882353255, 0.7764705882352941346, 0.8000000000000000444 ) ;
#4115 = ORIENTED_EDGE ( 'NONE', *, *, #3796, .T. ) ;
#4116 = AXIS2_PLACEMENT_3D ( 'NONE', #2577, #207, #4775 ) ;
#4117 = VECTOR ( 'NONE', #6590, 1000.000000000000000 ) ;
#4118 = CARTESIAN_POINT ( 'NONE',  ( 0.6405210985066780438, 0.2000000000000000111, 6.186473989507359939 ) ) ;
#4119 = MECHANICAL_DESIGN_GEOMETRIC_PRESENTATION_REPRESENTATION (  '', ( #2506 ), #1265 ) ;
#4120 = FACE_OUTER_BOUND ( 'NONE', #2594, .T. ) ;
#4121 = DIRECTION ( 'NONE',  ( -1.000000000000000000, -0.000000000000000000, 0.000000000000000000 ) ) ;
#4122 = FILL_AREA_STYLE ('',( #1206 ) ) ;
#4123 = EDGE_LOOP ( 'NONE', ( #1703, #1469, #5158, #289 ) ) ;
#4124 = EDGE_CURVE ( 'NONE', #6093, #628, #5517, .T. ) ;
#4125 = SURFACE_SIDE_STYLE ('',( #1716 ) ) ;
#4126 = CARTESIAN_POINT ( 'NONE',  ( 4.080000000000000071, -0.9200000000000000400, -12.25140600070190011 ) ) ;
#4127 = DIRECTION ( 'NONE',  ( 0.000000000000000000, -1.000000000000000000, 0.000000000000000000 ) ) ;
#4128 = EDGE_CURVE ( 'NONE', #7477, #6893, #4888, .T. ) ;
#4129 = EDGE_CURVE ( 'NONE', #3424, #6651, #4365, .T. ) ;
#4130 = ORIENTED_EDGE ( 'NONE', *, *, #2341, .F. ) ;
#4131 = ITEM_DEFINED_TRANSFORMATION ( 'NONE', 'NONE', #2774,  #4622 ) ;
#4132 = DIRECTION ( 'NONE',  ( 0.000000000000000000, -1.000000000000000000, 0.000000000000000000 ) ) ;
#4133 = SURFACE_STYLE_USAGE ( .BOTH. , #2348 ) ;
#4134 = DIRECTION ( 'NONE',  ( -0.000000000000000000, 1.000000000000000000, 1.112002228190259966E-16 ) ) ;
#4135 = ORIENTED_EDGE ( 'NONE', *, *, #3768, .F. ) ;
#4136 = VERTEX_POINT ( 'NONE', #467 ) ;
#4137 = ORIENTED_EDGE ( 'NONE', *, *, #5726, .F. ) ;
#4138 = CLOSED_SHELL ( 'NONE', ( #5356, #3303, #1770, #6833, #7557, #2205, #996, #1357, #3750, #4463, #2620, #5403, #4689, #6681, #5499, #2608, #6417, #3590, #3371, #2400, #7559, #6709, #7263, #3932, #2947, #4651, #5087, #1169, #1290, #419, #6739, #5493, #1573 ) ) ;
#4139 = SURFACE_SIDE_STYLE ('',( #4060 ) ) ;
#4140 = FACE_OUTER_BOUND ( 'NONE', #665, .T. ) ;
#4141 = FILL_AREA_STYLE ('',( #5296 ) ) ;
#4142 = PRESENTATION_STYLE_ASSIGNMENT (( #663 ) ) ;
#4143 = MECHANICAL_DESIGN_GEOMETRIC_PRESENTATION_REPRESENTATION (  '', ( #3261 ), #684 ) ;
#4144 = LINE ( 'NONE', #4619, #92 ) ;
#4145 = VERTEX_POINT ( 'NONE', #954 ) ;
#4146 = ADVANCED_FACE ( 'NONE', ( #5042 ), #2111, .F. ) ;
#4147 = ORIENTED_EDGE ( 'NONE', *, *, #5649, .F. ) ;
#4148 = ADVANCED_FACE ( 'NONE', ( #3264 ), #4629, .T. ) ;
#4149 = VECTOR ( 'NONE', #4797, 1000.000000000000000 ) ;
#4150 = SURFACE_SIDE_STYLE ('',( #5390 ) ) ;
#4151 = FACE_OUTER_BOUND ( 'NONE', #2937, .T. ) ;
#4152 = SURFACE_STYLE_USAGE ( .BOTH. , #3716 ) ;
#4153 = LINE ( 'NONE', #5944, #6349 ) ;
#4154 = LINE ( 'NONE', #5202, #5902 ) ;
#4155 = ORIENTED_EDGE ( 'NONE', *, *, #599, .F. ) ;
#4156 = MECHANICAL_DESIGN_GEOMETRIC_PRESENTATION_REPRESENTATION (  '', ( #6516 ), #2925 ) ;
#4157 = SURFACE_STYLE_FILL_AREA ( #3071 ) ;
#4158 = FILL_AREA_STYLE_COLOUR ( '', #2739 ) ;
#4159 = DIRECTION ( 'NONE',  ( 0.000000000000000000, 0.7071067811865495711, 0.7071067811865455743 ) ) ;
#4160 = CARTESIAN_POINT ( 'NONE',  ( -0.8690753252980040200, 0.2000000000000000111, 0.9220605459644261037 ) ) ;
#4161 = VERTEX_POINT ( 'NONE', #3896 ) ;
#4162 = DIRECTION ( 'NONE',  ( 0.000000000000000000, 0.000000000000000000, -1.000000000000000000 ) ) ;
#4163 = CARTESIAN_POINT ( 'NONE',  ( -4.730000000000000426, 0.9200000000000000400, -12.25140600070190011 ) ) ;
#4164 = SURFACE_STYLE_USAGE ( .BOTH. , #4666 ) ;
#4165 = EDGE_CURVE ( 'NONE', #1311, #3760, #6271, .T. ) ;
#4166 = CARTESIAN_POINT ( 'NONE',  ( -2.189999999999999947, 0.9200000000000000400, 3.750000000000000000 ) ) ;
#4167 = SURFACE_SIDE_STYLE ('',( #5521 ) ) ;
#4168 = ORIENTED_EDGE ( 'NONE', *, *, #5797, .F. ) ;
#4169 = VERTEX_POINT ( 'NONE', #5090 ) ;
#4170 = VERTEX_POINT ( 'NONE', #7461 ) ;
#4171 = PRESENTATION_STYLE_ASSIGNMENT (( #1807 ) ) ;
#4172 = PRESENTATION_STYLE_ASSIGNMENT (( #1808 ) ) ;
#4173 = DIRECTION ( 'NONE',  ( 0.000000000000000000, -1.000000000000000000, 0.000000000000000000 ) ) ;
#4174 = CARTESIAN_POINT ( 'NONE',  ( 0.2253056840829079921, 0.4000000000000000222, 5.752751436071860347 ) ) ;
#4175 = ADVANCED_FACE ( 'NONE', ( #2153 ), #6881, .T. ) ;
#4176 = PLANE ( 'NONE',  #6108 ) ;
#4177 = PRESENTATION_STYLE_ASSIGNMENT (( #2360 ) ) ;
#4178 = DIRECTION ( 'NONE',  ( 1.000000000000000000, 0.000000000000000000, -0.000000000000000000 ) ) ;
#4179 = ORIENTED_EDGE ( 'NONE', *, *, #4570, .F. ) ;
#4180 = ORIENTED_EDGE ( 'NONE', *, *, #1725, .T. ) ;
#4181 = ORIENTED_EDGE ( 'NONE', *, *, #7252, .F. ) ;
#4182 = FACE_OUTER_BOUND ( 'NONE', #7592, .T. ) ;
#4183 = FILL_AREA_STYLE ('',( #3635 ) ) ;
#4184 = VECTOR ( 'NONE', #5287, 1000.000000000000000 ) ;
#4185 = ADVANCED_FACE ( 'NONE', ( #5399 ), #678, .T. ) ;
#4186 = FACE_OUTER_BOUND ( 'NONE', #1229, .T. ) ;
#4187 = ADVANCED_FACE ( 'NONE', ( #637 ), #6493, .T. ) ;
#4188 = CARTESIAN_POINT ( 'NONE',  ( 1.540000000000000480, -1.620000000000000107, 3.750000000000000000 ) ) ;
#4189 = PLANE ( 'NONE',  #795 ) ;
#4190 = SURFACE_STYLE_FILL_AREA ( #840 ) ;
#4191 = VECTOR ( 'NONE', #7423, 1000.000000000000114 ) ;
#4192 =( NAMED_UNIT ( * ) SI_UNIT ( $, .STERADIAN. ) SOLID_ANGLE_UNIT ( ) );
#4193 = ADVANCED_FACE ( 'NONE', ( #2956 ), #2380, .F. ) ;
#4194 =( GEOMETRIC_REPRESENTATION_CONTEXT ( 3 ) GLOBAL_UNCERTAINTY_ASSIGNED_CONTEXT ( ( #3555 ) ) GLOBAL_UNIT_ASSIGNED_CONTEXT ( ( #2707, #5691, #3990 ) ) REPRESENTATION_CONTEXT ( 'NONE', 'WORKASPACE' ) );
#4195 = MECHANICAL_DESIGN_GEOMETRIC_PRESENTATION_REPRESENTATION (  '', ( #18 ), #6191 ) ;
#4196 = CARTESIAN_POINT ( 'NONE',  ( -2.889999999999998792, -2.540000000000000036, 4.050000000000000711 ) ) ;
#4197 = LINE ( 'NONE', #4312, #1368 ) ;
#4198 = EDGE_LOOP ( 'NONE', ( #7350, #4099, #820, #2870 ) ) ;
#4199 = MECHANICAL_DESIGN_GEOMETRIC_PRESENTATION_REPRESENTATION (  '', ( #1235 ), #3205 ) ;
#4200 = PRESENTATION_LAYER_ASSIGNMENT (  '', '', ( #2598 ) ) ;
#4201 = COLOUR_RGB ( '',0.2000000000000000111, 0.2000000000000000111, 0.2000000000000000111 ) ;
#4202 = DIRECTION ( 'NONE',  ( -0.000000000000000000, 1.000000000000000000, 0.000000000000000000 ) ) ;
#4203 =( GEOMETRIC_REPRESENTATION_CONTEXT ( 3 ) GLOBAL_UNCERTAINTY_ASSIGNED_CONTEXT ( ( #7529 ) ) GLOBAL_UNIT_ASSIGNED_CONTEXT ( ( #1992, #2695, #3181 ) ) REPRESENTATION_CONTEXT ( 'NONE', 'WORKASPACE' ) );
#4204 = CARTESIAN_POINT ( 'NONE',  ( -2.189999999999999947, -1.619999999999998996, 4.050000000000000711 ) ) ;
#4205 = SURFACE_STYLE_FILL_AREA ( #3739 ) ;
#4206 =( REPRESENTATION_RELATIONSHIP ('NONE','NONE', #541, #6374 ) REPRESENTATION_RELATIONSHIP_WITH_TRANSFORMATION ( #7074 )SHAPE_REPRESENTATION_RELATIONSHIP( ) );
#4207 = FILL_AREA_STYLE ('',( #2000 ) ) ;
#4208 = DIRECTION ( 'NONE',  ( 1.239088197126290077E-15, -1.000000000000000000, -0.000000000000000000 ) ) ;
#4209 = VECTOR ( 'NONE', #4433, 1000.000000000000000 ) ;
#4210 = VECTOR ( 'NONE', #2048, 1000.000000000000000 ) ;
#4211 =( LENGTH_UNIT ( ) NAMED_UNIT ( * ) SI_UNIT ( .MILLI., .METRE. ) );
#4212 = ORIENTED_EDGE ( 'NONE', *, *, #4736, .F. ) ;
#4213 = EDGE_CURVE ( 'NONE', #2679, #4673, #158, .T. ) ;
#4214 = ORIENTED_EDGE ( 'NONE', *, *, #1440, .F. ) ;
#4215 = ORIENTED_EDGE ( 'NONE', *, *, #3632, .T. ) ;
#4216 = SURFACE_SIDE_STYLE ('',( #1231 ) ) ;
#4217 = COLOUR_RGB ( '',0.2000000000000000111, 0.2000000000000000111, 0.2000000000000000111 ) ;
#4218 = CARTESIAN_POINT ( 'NONE',  ( -1.990000000000000435, -1.820000000000000062, 4.250000000000000000 ) ) ;
#4219 =( GEOMETRIC_REPRESENTATION_CONTEXT ( 3 ) GLOBAL_UNCERTAINTY_ASSIGNED_CONTEXT ( ( #5685 ) ) GLOBAL_UNIT_ASSIGNED_CONTEXT ( ( #2285, #7546, #4024 ) ) REPRESENTATION_CONTEXT ( 'NONE', 'WORKASPACE' ) );
#4220 = CARTESIAN_POINT ( 'NONE',  ( -6.599999999999999645, 1.820000000000000062, 4.250000000000000000 ) ) ;
#4221 = EDGE_LOOP ( 'NONE', ( #2342, #2365, #4330, #366 ) ) ;
#4222 =( GEOMETRIC_REPRESENTATION_CONTEXT ( 3 ) GLOBAL_UNCERTAINTY_ASSIGNED_CONTEXT ( ( #1949 ) ) GLOBAL_UNIT_ASSIGNED_CONTEXT ( ( #111, #7020, #5391 ) ) REPRESENTATION_CONTEXT ( 'NONE', 'WORKASPACE' ) );
#4223 = SURFACE_STYLE_USAGE ( .BOTH. , #1853 ) ;
#4224 = EDGE_LOOP ( 'NONE', ( #5782, #2828, #3238, #3288, #7507, #3226, #2030, #5027 ) ) ;
#4225 = MECHANICAL_DESIGN_GEOMETRIC_PRESENTATION_REPRESENTATION (  '', ( #1629 ), #7191 ) ;
#4226 = EDGE_CURVE ( 'NONE', #5259, #7005, #6029, .T. ) ;
#4227 =( NAMED_UNIT ( * ) PLANE_ANGLE_UNIT ( ) SI_UNIT ( $, .RADIAN. ) );
#4228 =( NAMED_UNIT ( * ) SI_UNIT ( $, .STERADIAN. ) SOLID_ANGLE_UNIT ( ) );
#4229 = VECTOR ( 'NONE', #4419, 1000.000000000000000 ) ;
#4230 = DIRECTION ( 'NONE',  ( 0.000000000000000000, -0.7071067811865450192, -0.7071067811865500152 ) ) ;
#4231 = FILL_AREA_STYLE ('',( #1861 ) ) ;
#4232 = FILL_AREA_STYLE ('',( #1862 ) ) ;
#4233 = VECTOR ( 'NONE', #4654, 1000.000000000000000 ) ;
#4234 =( LENGTH_UNIT ( ) NAMED_UNIT ( * ) SI_UNIT ( .MILLI., .METRE. ) );
#4235 = AXIS2_PLACEMENT_3D ( 'NONE', #5176, #3385, #6467 ) ;
#4236 = EDGE_CURVE ( 'NONE', #5796, #6359, #7340, .T. ) ;
#4237 = PRESENTATION_LAYER_ASSIGNMENT (  '', '', ( #6720 ) ) ;
#4238 = DIRECTION ( 'NONE',  ( 0.000000000000000000, -1.000000000000000000, -1.112002228190259966E-16 ) ) ;
#4239 =( NAMED_UNIT ( * ) PLANE_ANGLE_UNIT ( ) SI_UNIT ( $, .RADIAN. ) );
#4240 = VECTOR ( 'NONE', #168, 1000.000000000000114 ) ;
#4241 = FACE_OUTER_BOUND ( 'NONE', #2908, .T. ) ;
#4242 = VECTOR ( 'NONE', #3092, 1000.000000000000000 ) ;
#4243 = ORIENTED_EDGE ( 'NONE', *, *, #2022, .F. ) ;
#4244 = ADVANCED_FACE ( 'NONE', ( #3121 ), #1944, .T. ) ;
#4245 = SURFACE_STYLE_USAGE ( .BOTH. , #1379 ) ;
#4246 = PRESENTATION_STYLE_ASSIGNMENT (( #5787 ) ) ;
#4247 = SURFACE_SIDE_STYLE ('',( #1264 ) ) ;
#4248 = CARTESIAN_POINT ( 'NONE',  ( -5.429999999999998828, -2.540000000000000036, 4.050000000000000711 ) ) ;
#4249 =( LENGTH_UNIT ( ) NAMED_UNIT ( * ) SI_UNIT ( .MILLI., .METRE. ) );
#4250 = ORIENTED_EDGE ( 'NONE', *, *, #4446, .T. ) ;
#4251 = ORIENTED_EDGE ( 'NONE', *, *, #6879, .T. ) ;
#4252 = ORIENTED_EDGE ( 'NONE', *, *, #641, .F. ) ;
#4253 =( LENGTH_UNIT ( ) NAMED_UNIT ( * ) SI_UNIT ( .MILLI., .METRE. ) );
#4254 = SURFACE_STYLE_FILL_AREA ( #695 ) ;
#4255 = PLANE ( 'NONE',  #6916 ) ;
#4256 = DIRECTION ( 'NONE',  ( 1.000000000000000000, 0.000000000000000000, 0.000000000000000000 ) ) ;
#4257 = SURFACE_SIDE_STYLE ('',( #1892 ) ) ;
#4258 = LINE ( 'NONE', #4944, #5340 ) ;
#4259 = FILL_AREA_STYLE ('',( #7272 ) ) ;
#4260 = ORIENTED_EDGE ( 'NONE', *, *, #6953, .F. ) ;
#4261 = STYLED_ITEM ( 'NONE', ( #4604 ), #126 ) ;
#4262 = ORIENTED_EDGE ( 'NONE', *, *, #3037, .T. ) ;
#4263 = ORIENTED_EDGE ( 'NONE', *, *, #7017, .T. ) ;
#4264 = DIRECTION ( 'NONE',  ( 1.000000000000000000, 0.000000000000000000, 0.000000000000000000 ) ) ;
#4265 = PRESENTATION_STYLE_ASSIGNMENT (( #5584 ) ) ;
#4266 = EDGE_CURVE ( 'NONE', #2760, #3465, #4920, .T. ) ;
#4267 = MECHANICAL_DESIGN_GEOMETRIC_PRESENTATION_REPRESENTATION (  '', ( #5766 ), #7365 ) ;
#4268 = DIRECTION ( 'NONE',  ( 0.000000000000000000, -1.000000000000000000, 0.000000000000000000 ) ) ;
#4269 = ADVANCED_FACE ( 'NONE', ( #1370 ), #4392, .F. ) ;
#4270 = VERTEX_POINT ( 'NONE', #1061 ) ;
#4271 = COLOUR_RGB ( '',0.2000000000000000111, 0.2000000000000000111, 0.2000000000000000111 ) ;
#4272 = CARTESIAN_POINT ( 'NONE',  ( 0.005178789717898660272, 0.4000000000000000222, 2.014805344883670024 ) ) ;
#4273 = SURFACE_SIDE_STYLE ('',( #1209 ) ) ;
#4274 = VECTOR ( 'NONE', #2953, 1000.000000000000000 ) ;
#4275 = LINE ( 'NONE', #1329, #6016 ) ;
#4276 = DIRECTION ( 'NONE',  ( 0.000000000000000000, 1.000000000000000000, 0.000000000000000000 ) ) ;
#4277 = ORIENTED_EDGE ( 'NONE', *, *, #3706, .F. ) ;
#4278 =( GEOMETRIC_REPRESENTATION_CONTEXT ( 3 ) GLOBAL_UNCERTAINTY_ASSIGNED_CONTEXT ( ( #3335 ) ) GLOBAL_UNIT_ASSIGNED_CONTEXT ( ( #344, #3841, #3954 ) ) REPRESENTATION_CONTEXT ( 'NONE', 'WORKASPACE' ) );
#4279 = DIRECTION ( 'NONE',  ( -0.7071067811865461294, 0.000000000000000000, -0.7071067811865490160 ) ) ;
#4280 = DIRECTION ( 'NONE',  ( 0.000000000000000000, -1.000000000000000000, -0.000000000000000000 ) ) ;
#4281 = EDGE_CURVE ( 'NONE', #2023, #6912, #3924, .T. ) ;
#4282 = CARTESIAN_POINT ( 'NONE',  ( 0.3543932267340400011, 0.4000000000000001887, 6.023317510942439945 ) ) ;
#4283 = DIRECTION ( 'NONE',  ( 0.000000000000000000, -1.000000000000000000, 0.000000000000000000 ) ) ;
#4284 = EDGE_CURVE ( 'NONE', #1549, #5687, #3258, .T. ) ;
#4285 = UNCERTAINTY_MEASURE_WITH_UNIT (LENGTH_MEASURE( 1.000000000000000082E-05 ), #3287, 'distance_accuracy_value', 'NONE');
#4286 = CARTESIAN_POINT ( 'NONE',  ( 0.6405210985066780438, -1.084202172485504434E-16, 6.186473989507359939 ) ) ;
#4287 = VERTEX_POINT ( 'NONE', #948 ) ;
#4288 = ORIENTED_EDGE ( 'NONE', *, *, #3544, .T. ) ;
#4289 = ORIENTED_EDGE ( 'NONE', *, *, #4079, .T. ) ;
#4290 = LINE ( 'NONE', #3091, #5461 ) ;
#4291 = PRESENTATION_STYLE_ASSIGNMENT (( #2549 ) ) ;
#4292 = CARTESIAN_POINT ( 'NONE',  ( -6.599999999999999645, 1.619999999999998996, 4.050000000000000711 ) ) ;
#4293 = CARTESIAN_POINT ( 'NONE',  ( -4.730000000000000426, -1.620000000000000107, 3.750000000000000000 ) ) ;
#4294 = EDGE_CURVE ( 'NONE', #3678, #6878, #1533, .T. ) ;
#4295 = PRESENTATION_STYLE_ASSIGNMENT (( #5464 ) ) ;
#4296 = ORIENTED_EDGE ( 'NONE', *, *, #818, .F. ) ;
#4297 = DIRECTION ( 'NONE',  ( 1.000000000000000000, 0.000000000000000000, -0.000000000000000000 ) ) ;
#4298 = EDGE_LOOP ( 'NONE', ( #96, #5213, #5959, #6483 ) ) ;
#4299 =( LENGTH_UNIT ( ) NAMED_UNIT ( * ) SI_UNIT ( .MILLI., .METRE. ) );
#4300 = PRESENTATION_STYLE_ASSIGNMENT (( #371 ) ) ;
#4301 = PRESENTATION_STYLE_ASSIGNMENT (( #3673 ) ) ;
#4302 =( NAMED_UNIT ( * ) SI_UNIT ( $, .STERADIAN. ) SOLID_ANGLE_UNIT ( ) );
#4303 = LINE ( 'NONE', #6669, #265 ) ;
#4304 = DIRECTION ( 'NONE',  ( 0.7071067811865461294, 0.000000000000000000, -0.7071067811865490160 ) ) ;
#4305 = DIRECTION ( 'NONE',  ( -0.000000000000000000, 1.000000000000000000, 0.000000000000000000 ) ) ;
#4306 = VERTEX_POINT ( 'NONE', #917 ) ;
#4307 = COLOUR_RGB ( '',0.2000000000000000111, 0.2000000000000000111, 0.2000000000000000111 ) ;
#4308 = SURFACE_STYLE_USAGE ( .BOTH. , #6641 ) ;
#4309 = DIRECTION ( 'NONE',  ( 0.000000000000000000, 0.000000000000000000, 1.000000000000000000 ) ) ;
#4310 = SURFACE_STYLE_USAGE ( .BOTH. , #760 ) ;
#4311 = PRESENTATION_LAYER_ASSIGNMENT (  '', '', ( #1713 ) ) ;
#4312 = CARTESIAN_POINT ( 'NONE',  ( -3.089999999999999858, 1.820000000000000062, 4.250000000000000000 ) ) ;
#4313 = VECTOR ( 'NONE', #3275, 1000.000000000000000 ) ;
#4314 = VERTEX_POINT ( 'NONE', #5636 ) ;
#4315 = EDGE_CURVE ( 'NONE', #6321, #4798, #5675, .T. ) ;
#4316 = ADVANCED_FACE ( 'NONE', ( #3405 ), #7375, .T. ) ;
#4317 = SURFACE_STYLE_USAGE ( .BOTH. , #2623 ) ;
#4318 = AXIS2_PLACEMENT_3D ( 'NONE', #6969, #2080, #3937 ) ;
#4319 = PRESENTATION_LAYER_ASSIGNMENT (  '', '', ( #6309 ) ) ;
#4320 = LINE ( 'NONE', #2571, #5835 ) ;
#4321 =( NAMED_UNIT ( * ) PLANE_ANGLE_UNIT ( ) SI_UNIT ( $, .RADIAN. ) );
#4322 = LINE ( 'NONE', #1832, #506 ) ;
#4323 =( NAMED_UNIT ( * ) SI_UNIT ( $, .STERADIAN. ) SOLID_ANGLE_UNIT ( ) );
#4324 =( NAMED_UNIT ( * ) PLANE_ANGLE_UNIT ( ) SI_UNIT ( $, .RADIAN. ) );
#4325 = CARTESIAN_POINT ( 'NONE',  ( -5.429999999999999716, -0.9200000000000000400, 3.750000000000000000 ) ) ;
#4326 = VERTEX_POINT ( 'NONE', #2148 ) ;
#4327 = COLOUR_RGB ( '',0.2000000000000000111, 0.2000000000000000111, 0.2000000000000000111 ) ;
#4328 = COLOUR_RGB ( '',0.2000000000000000111, 0.2000000000000000111, 0.2000000000000000111 ) ;
#4329 = VERTEX_POINT ( 'NONE', #2727 ) ;
#4330 = ORIENTED_EDGE ( 'NONE', *, *, #228, .F. ) ;
#4331 =( LENGTH_UNIT ( ) NAMED_UNIT ( * ) SI_UNIT ( .MILLI., .METRE. ) );
#4332 = COLOUR_RGB ( '',0.7411764705882353255, 0.7764705882352941346, 0.8000000000000000444 ) ;
#4333 = VECTOR ( 'NONE', #3374, 1000.000000000000000 ) ;
#4334 = DIRECTION ( 'NONE',  ( 0.9996861751910754990, -0.000000000000000000, 0.02505097067657191187 ) ) ;
#4335 =( NAMED_UNIT ( * ) PLANE_ANGLE_UNIT ( ) SI_UNIT ( $, .RADIAN. ) );
#4336 = PRESENTATION_STYLE_ASSIGNMENT (( #2554 ) ) ;
#4337 = MECHANICAL_DESIGN_GEOMETRIC_PRESENTATION_REPRESENTATION (  '', ( #3212 ), #1240 ) ;
#4338 = VERTEX_POINT ( 'NONE', #7488 ) ;
#4339 = EDGE_LOOP ( 'NONE', ( #3135, #7398, #4641, #5237 ) ) ;
#4340 = EDGE_CURVE ( 'NONE', #658, #7225, #4424, .T. ) ;
#4341 = COLOUR_RGB ( '',0.7411764705882353255, 0.7764705882352941346, 0.8000000000000000444 ) ;
#4342 = DIRECTION ( 'NONE',  ( -0.7071067811865461294, 0.000000000000000000, -0.7071067811865490160 ) ) ;
#4343 = DIRECTION ( 'NONE',  ( 0.000000000000000000, -0.000000000000000000, 1.000000000000000000 ) ) ;
#4344 = DIRECTION ( 'NONE',  ( 0.000000000000000000, -0.000000000000000000, 1.000000000000000000 ) ) ;
#4345 = DIRECTION ( 'NONE',  ( 0.000000000000000000, 1.000000000000000000, 0.000000000000000000 ) ) ;
#4346 = AXIS2_PLACEMENT_3D ( 'NONE', #1249, #1709, #4687 ) ;
#4347 = AXIS2_PLACEMENT_3D ( 'NONE', #4576, #5197, #460 ) ;
#4348 = PLANE ( 'NONE',  #3858 ) ;
#4349 = DIRECTION ( 'NONE',  ( -1.239088197126290077E-15, 1.000000000000000000, 0.000000000000000000 ) ) ;
#4350 = ORIENTED_EDGE ( 'NONE', *, *, #3037, .F. ) ;
#4351 = AXIS2_PLACEMENT_3D ( 'NONE', #5151, #6862, #1011 ) ;
#4352 = MECHANICAL_DESIGN_GEOMETRIC_PRESENTATION_REPRESENTATION (  '', ( #6705 ), #908 ) ;
#4353 = STYLED_ITEM ( 'NONE', ( #6940 ), #4651 ) ;
#4354 =( LENGTH_UNIT ( ) NAMED_UNIT ( * ) SI_UNIT ( .MILLI., .METRE. ) );
#4355 = CARTESIAN_POINT ( 'NONE',  ( 0.3500000000000009770, 1.620000000000000107, -12.25140600070190011 ) ) ;
#4356 = TOROIDAL_SURFACE ( 'NONE', #2997, 0.08819660112501069571, 0.1499999999999999944 ) ;
#4357 = EDGE_CURVE ( 'NONE', #2009, #3803, #2184, .T. ) ;
#4358 =( LENGTH_UNIT ( ) NAMED_UNIT ( * ) SI_UNIT ( .MILLI., .METRE. ) );
#4359 = MECHANICAL_DESIGN_GEOMETRIC_PRESENTATION_REPRESENTATION (  '', ( #6344 ), #7574 ) ;
#4360 = MECHANICAL_DESIGN_GEOMETRIC_PRESENTATION_REPRESENTATION (  '', ( #5098 ), #2383 ) ;
#4361 =( GEOMETRIC_REPRESENTATION_CONTEXT ( 3 ) GLOBAL_UNCERTAINTY_ASSIGNED_CONTEXT ( ( #6691 ) ) GLOBAL_UNIT_ASSIGNED_CONTEXT ( ( #3078, #5996, #5405 ) ) REPRESENTATION_CONTEXT ( 'NONE', 'WORKASPACE' ) );
#4362 = ORIENTED_EDGE ( 'NONE', *, *, #2998, .F. ) ;
#4363 = SURFACE_STYLE_FILL_AREA ( #1877 ) ;
#4364 = UNCERTAINTY_MEASURE_WITH_UNIT (LENGTH_MEASURE( 1.000000000000000082E-05 ), #5745, 'distance_accuracy_value', 'NONE');
#4365 = LINE ( 'NONE', #1420, #3454 ) ;
#4366 = COLOUR_RGB ( '',0.2000000000000000111, 0.2000000000000000111, 0.2000000000000000111 ) ;
#4367 = DIRECTION ( 'NONE',  ( -0.02505097067657196391, 0.000000000000000000, -0.9996861751910754990 ) ) ;
#4368 = PRODUCT_DEFINITION_CONTEXT ( 'detailed design', #2133, 'design' ) ;
#4369 = FACE_OUTER_BOUND ( 'NONE', #1760, .T. ) ;
#4370 = EDGE_CURVE ( 'NONE', #4798, #968, #2986, .T. ) ;
#4371 = ORIENTED_EDGE ( 'NONE', *, *, #3154, .F. ) ;
#4372 = ORIENTED_EDGE ( 'NONE', *, *, #1728, .T. ) ;
#4373 = ORIENTED_EDGE ( 'NONE', *, *, #5077, .F. ) ;
#4374 = AXIS2_PLACEMENT_3D ( 'NONE', #470, #2276, #1041 ) ;
#4375 = CARTESIAN_POINT ( 'NONE',  ( -6.599999999999999645, 2.540000000000000036, -4.250000000000000000 ) ) ;
#4376 = DIRECTION ( 'NONE',  ( 0.000000000000000000, -0.000000000000000000, 1.000000000000000000 ) ) ;
#4377 = FACE_OUTER_BOUND ( 'NONE', #4513, .T. ) ;
#4378 = PLANE ( 'NONE',  #4318 ) ;
#4379 = SURFACE_SIDE_STYLE ('',( #3304 ) ) ;
#4380 =( LENGTH_UNIT ( ) NAMED_UNIT ( * ) SI_UNIT ( .MILLI., .METRE. ) );
#4381 = SURFACE_STYLE_FILL_AREA ( #333 ) ;
#4382 = ORIENTED_EDGE ( 'NONE', *, *, #109, .T. ) ;
#4383 = EDGE_LOOP ( 'NONE', ( #3921, #4643, #6293, #3658 ) ) ;
#4384 = ORIENTED_EDGE ( 'NONE', *, *, #5547, .F. ) ;
#4385 = SURFACE_STYLE_USAGE ( .BOTH. , #1403 ) ;
#4386 = FILL_AREA_STYLE_COLOUR ( '', #4366 ) ;
#4387 = SURFACE_STYLE_USAGE ( .BOTH. , #7333 ) ;
#4388 =( NAMED_UNIT ( * ) PLANE_ANGLE_UNIT ( ) SI_UNIT ( $, .RADIAN. ) );
#4389 = EDGE_CURVE ( 'NONE', #6933, #753, #4577, .T. ) ;
#4390 = ORIENTED_EDGE ( 'NONE', *, *, #3895, .F. ) ;
#4391 = SURFACE_STYLE_FILL_AREA ( #3816 ) ;
#4392 = PLANE ( 'NONE',  #1993 ) ;
#4393 = CARTESIAN_POINT ( 'NONE',  ( -4.530000000000000249, -2.540000000000000036, 4.250000000000000000 ) ) ;
#4394 =( GEOMETRIC_REPRESENTATION_CONTEXT ( 3 ) GLOBAL_UNCERTAINTY_ASSIGNED_CONTEXT ( ( #4442 ) ) GLOBAL_UNIT_ASSIGNED_CONTEXT ( ( #3188, #239, #887 ) ) REPRESENTATION_CONTEXT ( 'NONE', 'WORKASPACE' ) );
#4395 = ORIENTED_EDGE ( 'NONE', *, *, #2164, .T. ) ;
#4396 = CARTESIAN_POINT ( 'NONE',  ( -6.599999999999999645, -0.9200000000000008171, 4.050000000000000711 ) ) ;
#4397 =( GEOMETRIC_REPRESENTATION_CONTEXT ( 3 ) GLOBAL_UNCERTAINTY_ASSIGNED_CONTEXT ( ( #6311 ) ) GLOBAL_UNIT_ASSIGNED_CONTEXT ( ( #4358, #3647, #1296 ) ) REPRESENTATION_CONTEXT ( 'NONE', 'WORKASPACE' ) );
#4398 = DIRECTION ( 'NONE',  ( 0.000000000000000000, -0.000000000000000000, 1.000000000000000000 ) ) ;
#4399 = CARTESIAN_POINT ( 'NONE',  ( 4.730000000000000426, 1.620000000000000107, 3.750000000000000000 ) ) ;
#4400 = CARTESIAN_POINT ( 'NONE',  ( -2.189999999999999947, -0.9200000000000000400, 3.750000000000000000 ) ) ;
#4401 = LINE ( 'NONE', #125, #1175 ) ;
#4402 = FACE_OUTER_BOUND ( 'NONE', #3172, .T. ) ;
#4403 = ORIENTED_EDGE ( 'NONE', *, *, #5513, .F. ) ;
#4404 = ORIENTED_EDGE ( 'NONE', *, *, #3113, .F. ) ;
#4405 = LINE ( 'NONE', #4375, #1624 ) ;
#4406 = CARTESIAN_POINT ( 'NONE',  ( 2.890000000000000124, 1.619999999999999885, 4.050000000000001599 ) ) ;
#4407 = ADVANCED_FACE ( 'NONE', ( #4186 ), #2890, .F. ) ;
#4408 = DIRECTION ( 'NONE',  ( -0.000000000000000000, 1.000000000000000000, 0.000000000000000000 ) ) ;
#4409 = B_SPLINE_SURFACE_WITH_KNOTS ( 'NONE', 3, 1, ( 
 ( #5232, #1699 ),
 ( #3584, #3022 ),
 ( #4647, #1126 ),
 ( #4174, #1846 ),
 ( #4063, #69 ),
 ( #1809, #2942 ),
 ( #4678, #6589 ) ),
 .UNSPECIFIED., .F., .F., .F.,
 ( 4, 1, 1, 1, 4 ),
 ( 2, 2 ),
 ( 0.000000000000000000, 0.2500000000000000000, 0.5000000000000000000, 0.7500000000000000000, 1.000000000000000000 ),
 ( 0.000000000000000000, 1.000000000000000000 ),
 .UNSPECIFIED. ) ;
#4410 = PRESENTATION_STYLE_ASSIGNMENT (( #2051 ) ) ;
#4411 = VERTEX_POINT ( 'NONE', #596 ) ;
#4412 = ORIENTED_EDGE ( 'NONE', *, *, #6339, .T. ) ;
#4413 = EDGE_LOOP ( 'NONE', ( #6360, #5500 ) ) ;
#4414 = CARTESIAN_POINT ( 'NONE',  ( 1.000000000000000444, 1.620000000000000107, 3.750000000000000000 ) ) ;
#4415 = SURFACE_STYLE_FILL_AREA ( #2559 ) ;
#4416 = LINE ( 'NONE', #3144, #1729 ) ;
#4417 = FACE_OUTER_BOUND ( 'NONE', #4682, .T. ) ;
#4418 = CARTESIAN_POINT ( 'NONE',  ( 2.890000000000000124, -0.9200000000000000400, -12.25140600070190011 ) ) ;
#4419 = DIRECTION ( 'NONE',  ( -0.000000000000000000, 1.000000000000000000, 0.000000000000000000 ) ) ;
#4420 = PLANE ( 'NONE',  #1189 ) ;
#4421 = ORIENTED_EDGE ( 'NONE', *, *, #1332, .F. ) ;
#4422 = CARTESIAN_POINT ( 'NONE',  ( -1.000000000000000000, 1.620000000000000107, -3.449999999999999734 ) ) ;
#4423 = SURFACE_SIDE_STYLE ('',( #268 ) ) ;
#4424 = LINE ( 'NONE', #2218, #4469 ) ;
#4425 = VERTEX_POINT ( 'NONE', #2996 ) ;
#4426 = ADVANCED_FACE ( 'NONE', ( #1784 ), #2845, .T. ) ;
#4427 = CARTESIAN_POINT ( 'NONE',  ( 3.540000000000000480, -0.9200000000000000400, 3.750000000000000000 ) ) ;
#4428 = UNCERTAINTY_MEASURE_WITH_UNIT (LENGTH_MEASURE( 1.000000000000000082E-05 ), #7314, 'distance_accuracy_value', 'NONE');
#4429 = DIRECTION ( 'NONE',  ( -0.000000000000000000, 1.000000000000000000, -0.000000000000000000 ) ) ;
#4430 = CARTESIAN_POINT ( 'NONE',  ( 2.890000000000000124, 1.620000000000000107, 3.750000000000000000 ) ) ;
#4431 = VECTOR ( 'NONE', #1183, 1000.000000000000000 ) ;
#4432 = PRESENTATION_LAYER_ASSIGNMENT (  '', '', ( #130 ) ) ;
#4433 = DIRECTION ( 'NONE',  ( 0.000000000000000000, -1.000000000000000000, -0.000000000000000000 ) ) ;
#4434 =( NAMED_UNIT ( * ) PLANE_ANGLE_UNIT ( ) SI_UNIT ( $, .RADIAN. ) );
#4435 = UNCERTAINTY_MEASURE_WITH_UNIT (LENGTH_MEASURE( 1.000000000000000082E-05 ), #660, 'distance_accuracy_value', 'NONE');
#4436 = DIRECTION ( 'NONE',  ( 0.000000000000000000, -1.000000000000000000, 0.000000000000000000 ) ) ;
#4437 = VERTEX_POINT ( 'NONE', #5311 ) ;
#4438 = PRESENTATION_LAYER_ASSIGNMENT (  '', '', ( #5811 ) ) ;
#4439 = PRESENTATION_STYLE_ASSIGNMENT (( #360 ) ) ;
#4440 = FILL_AREA_STYLE_COLOUR ( '', #157 ) ;
#4441 =( NAMED_UNIT ( * ) PLANE_ANGLE_UNIT ( ) SI_UNIT ( $, .RADIAN. ) );
#4442 = UNCERTAINTY_MEASURE_WITH_UNIT (LENGTH_MEASURE( 1.000000000000000082E-05 ), #3188, 'distance_accuracy_value', 'NONE');
#4443 = CARTESIAN_POINT ( 'NONE',  ( 5.429999999999999716, -0.9200000000000000400, 3.750000000000000000 ) ) ;
#4444 =( GEOMETRIC_REPRESENTATION_CONTEXT ( 3 ) GLOBAL_UNCERTAINTY_ASSIGNED_CONTEXT ( ( #5833 ) ) GLOBAL_UNIT_ASSIGNED_CONTEXT ( ( #2141, #974, #3951 ) ) REPRESENTATION_CONTEXT ( 'NONE', 'WORKASPACE' ) );
#4446 = EDGE_CURVE ( 'NONE', #6093, #2057, #4760, .T. ) ;
#4445 = PRESENTATION_LAYER_ASSIGNMENT (  '', '', ( #2463 ) ) ;
#4447 =( NAMED_UNIT ( * ) PLANE_ANGLE_UNIT ( ) SI_UNIT ( $, .RADIAN. ) );
#4448 = VERTEX_POINT ( 'NONE', #3491 ) ;
#4449 = ORIENTED_EDGE ( 'NONE', *, *, #5659, .F. ) ;
#4450 = VERTEX_POINT ( 'NONE', #5878 ) ;
#4451 = PRESENTATION_LAYER_ASSIGNMENT (  '', '', ( #7045 ) ) ;
#4452 = CARTESIAN_POINT ( 'NONE',  ( -3.539999999999999591, -1.620000000000000107, 3.750000000000000000 ) ) ;
#4453 =( LENGTH_UNIT ( ) NAMED_UNIT ( * ) SI_UNIT ( .MILLI., .METRE. ) );
#4454 = LINE ( 'NONE', #5154, #7031 ) ;
#4455 = SURFACE_SIDE_STYLE ('',( #5030 ) ) ;
#4456 = AXIS2_PLACEMENT_3D ( 'NONE', #5602, #3893, #918 ) ;
#4457 = CARTESIAN_POINT ( 'NONE',  ( -4.080000000000000071, 0.9200000000000002620, -3.449999999999999734 ) ) ;
#4458 = FILL_AREA_STYLE ('',( #2095 ) ) ;
#4459 =( NAMED_UNIT ( * ) PLANE_ANGLE_UNIT ( ) SI_UNIT ( $, .RADIAN. ) );
#4460 = CARTESIAN_POINT ( 'NONE',  ( 5.429999999999999716, 1.620000000000000107, -12.25140600070190011 ) ) ;
#4461 = COLOUR_RGB ( '',0.2000000000000000111, 0.2000000000000000111, 0.2000000000000000111 ) ;
#4462 = ORIENTED_EDGE ( 'NONE', *, *, #4124, .T. ) ;
#4463 = ADVANCED_FACE ( 'NONE', ( #4120 ), #6488, .T. ) ;
#4464 = VECTOR ( 'NONE', #645, 1000.000000000000000 ) ;
#4465 = DIRECTION ( 'NONE',  ( 0.000000000000000000, -0.000000000000000000, -1.000000000000000000 ) ) ;
#4466 = TOROIDAL_SURFACE ( 'NONE', #1134, 0.08819660112501069571, 0.1499999999999999944 ) ;
#4467 = FILL_AREA_STYLE_COLOUR ( '', #879 ) ;
#4468 = MECHANICAL_DESIGN_GEOMETRIC_PRESENTATION_REPRESENTATION (  '', ( #3132 ), #2016 ) ;
#4469 = VECTOR ( 'NONE', #3892, 1000.000000000000000 ) ;
#4470 = ORIENTED_EDGE ( 'NONE', *, *, #5114, .F. ) ;
#4471 = STYLED_ITEM ( 'NONE', ( #6033 ), #7066 ) ;
#4472 = CARTESIAN_POINT ( 'NONE',  ( -6.599999999999999645, -1.820000000000000062, 4.250000000000000000 ) ) ;
#4474 = SURFACE_SIDE_STYLE ('',( #2112 ) ) ;
#4473 = AXIS2_PLACEMENT_3D ( 'NONE', #4876, #7280, #5429 ) ;
#4475 = DIRECTION ( 'NONE',  ( -0.000000000000000000, -1.000000000000000000, 0.000000000000000000 ) ) ;
#4476 = DIRECTION ( 'NONE',  ( 0.000000000000000000, 0.7071067811865495711, 0.7071067811865455743 ) ) ;
#4477 = STYLED_ITEM ( 'NONE', ( #1936 ), #7349 ) ;
#4478 = EDGE_CURVE ( 'NONE', #1439, #1686, #3674, .T. ) ;
#4479 = EDGE_CURVE ( 'NONE', #2946, #1072, #5427, .T. ) ;
#4480 = ORIENTED_EDGE ( 'NONE', *, *, #2083, .T. ) ;
#4481 = STYLED_ITEM ( 'NONE', ( #4295 ), #5605 ) ;
#4482 = VECTOR ( 'NONE', #2053, 1000.000000000000000 ) ;
#4483 = SURFACE_STYLE_FILL_AREA ( #4018 ) ;
#4484 = DIRECTION ( 'NONE',  ( 1.000000000000000000, 0.000000000000000000, 0.000000000000000000 ) ) ;
#4485 = DIRECTION ( 'NONE',  ( -1.000000000000000000, 1.239088197126290077E-15, 1.377868836128689948E-31 ) ) ;
#4486 = SURFACE_SIDE_STYLE ('',( #2793 ) ) ;
#4487 = COLOUR_RGB ( '',0.2000000000000000111, 0.2000000000000000111, 0.2000000000000000111 ) ;
#4488 = FACE_OUTER_BOUND ( 'NONE', #4742, .T. ) ;
#4489 = ORIENTED_EDGE ( 'NONE', *, *, #624, .T. ) ;
#4490 = AXIS2_PLACEMENT_3D ( 'NONE', #6999, #2122, #5172 ) ;
#4491 = VERTEX_POINT ( 'NONE', #7334 ) ;
#4492 = ORIENTED_EDGE ( 'NONE', *, *, #6420, .T. ) ;
#4493 = FILL_AREA_STYLE ('',( #7481 ) ) ;
#4494 = DIRECTION ( 'NONE',  ( 0.5773502691896277295, -0.5773502691896268413, 0.5773502691896227335 ) ) ;
#4495 = PLANE ( 'NONE',  #7282 ) ;
#4496 = CARTESIAN_POINT ( 'NONE',  ( 5.629999999999999893, -1.820000000000000062, 4.250000000000000000 ) ) ;
#4497 = SURFACE_STYLE_FILL_AREA ( #911 ) ;
#4498 = SURFACE_STYLE_FILL_AREA ( #3920 ) ;
#4499 = VERTEX_POINT ( 'NONE', #6637 ) ;
#4500 = CARTESIAN_POINT ( 'NONE',  ( -6.599999999999999645, -0.9200000000000008171, 4.050000000000000711 ) ) ;
#4501 = DIRECTION ( 'NONE',  ( 1.000000000000000000, -0.000000000000000000, 0.000000000000000000 ) ) ;
#4502 =( NAMED_UNIT ( * ) SI_UNIT ( $, .STERADIAN. ) SOLID_ANGLE_UNIT ( ) );
#4503 = ORIENTED_EDGE ( 'NONE', *, *, #2963, .T. ) ;
#4504 = UNCERTAINTY_MEASURE_WITH_UNIT (LENGTH_MEASURE( 1.000000000000000082E-05 ), #6819, 'distance_accuracy_value', 'NONE');
#4505 =( LENGTH_UNIT ( ) NAMED_UNIT ( * ) SI_UNIT ( .MILLI., .METRE. ) );
#4506 = DIRECTION ( 'NONE',  ( 0.000000000000000000, 0.000000000000000000, -1.000000000000000000 ) ) ;
#4507 = DIRECTION ( 'NONE',  ( -0.000000000000000000, -1.000000000000000000, -0.000000000000000000 ) ) ;
#4508 =( GEOMETRIC_REPRESENTATION_CONTEXT ( 3 ) GLOBAL_UNCERTAINTY_ASSIGNED_CONTEXT ( ( #5690 ) ) GLOBAL_UNIT_ASSIGNED_CONTEXT ( ( #4249, #4324, #3777 ) ) REPRESENTATION_CONTEXT ( 'NONE', 'WORKASPACE' ) );
#4509 = DIRECTION ( 'NONE',  ( 0.000000000000000000, -0.000000000000000000, 1.000000000000000000 ) ) ;
#4510 = STYLED_ITEM ( 'NONE', ( #1436 ), #1307 ) ;
#4511 = UNCERTAINTY_MEASURE_WITH_UNIT (LENGTH_MEASURE( 1.000000000000000082E-05 ), #5123, 'distance_accuracy_value', 'NONE');
#4512 = SURFACE_STYLE_FILL_AREA ( #2156 ) ;
#4513 = EDGE_LOOP ( 'NONE', ( #6742, #7308, #7344, #3050, #2566 ) ) ;
#4514 = PRESENTATION_LAYER_ASSIGNMENT (  '', '', ( #217 ) ) ;
#4515 = LINE ( 'NONE', #329, #776 ) ;
#4516 = CARTESIAN_POINT ( 'NONE',  ( 8.673617379884041389E-16, -1.469999999999999973, -3.326802541049640016 ) ) ;
#4517 = CARTESIAN_POINT ( 'NONE',  ( 0.8932477478277009997, 0.000000000000000000, 0.4035344174496410252 ) ) ;
#4518 = EDGE_CURVE ( 'NONE', #543, #732, #7564, .T. ) ;
#4519 = UNCERTAINTY_MEASURE_WITH_UNIT (LENGTH_MEASURE( 1.000000000000000082E-05 ), #843, 'distance_accuracy_value', 'NONE');
#4520 = CARTESIAN_POINT ( 'NONE',  ( -3.089999999999999858, -0.7199999999999999734, 4.250000000000000000 ) ) ;
#4521 = CARTESIAN_POINT ( 'NONE',  ( -6.599999999999999645, -0.7199999999999999734, 4.250000000000000000 ) ) ;
#4522 = CARTESIAN_POINT ( 'NONE',  ( -5.429999999999999716, 0.9200000000000000400, 3.750000000000000000 ) ) ;
#4523 = VECTOR ( 'NONE', #2492, 1000.000000000000000 ) ;
#4524 = DIRECTION ( 'NONE',  ( 0.000000000000000000, -0.7071067811865455743, -0.7071067811865495711 ) ) ;
#4525 = EDGE_LOOP ( 'NONE', ( #127, #62, #3659, #3163, #6765, #4492, #2282, #903 ) ) ;
#4526 = ORIENTED_EDGE ( 'NONE', *, *, #2180, .T. ) ;
#4527 = ORIENTED_EDGE ( 'NONE', *, *, #7448, .T. ) ;
#4528 = SURFACE_STYLE_FILL_AREA ( #2801 ) ;
#4529 = DIRECTION ( 'NONE',  ( -1.239088197126290077E-15, 1.000000000000000000, 0.000000000000000000 ) ) ;
#4530 = MECHANICAL_DESIGN_GEOMETRIC_PRESENTATION_REPRESENTATION (  '', ( #7255 ), #6884 ) ;
#4531 = FACE_OUTER_BOUND ( 'NONE', #1207, .T. ) ;
#4532 = EDGE_CURVE ( 'NONE', #6725, #625, #799, .T. ) ;
#4533 = LINE ( 'NONE', #2767, #3233 ) ;
#4534 = ORIENTED_EDGE ( 'NONE', *, *, #4867, .T. ) ;
#4535 = SURFACE_STYLE_FILL_AREA ( #5078 ) ;
#4536 = FACE_OUTER_BOUND ( 'NONE', #802, .T. ) ;
#4537 = FACE_OUTER_BOUND ( 'NONE', #61, .T. ) ;
#4538 = ADVANCED_FACE ( 'NONE', ( #146 ), #4873, .T. ) ;
#4539 = UNCERTAINTY_MEASURE_WITH_UNIT (LENGTH_MEASURE( 1.000000000000000082E-05 ), #5668, 'distance_accuracy_value', 'NONE');
#4540 = ORIENTED_EDGE ( 'NONE', *, *, #5458, .F. ) ;
#4541 =( NAMED_UNIT ( * ) PLANE_ANGLE_UNIT ( ) SI_UNIT ( $, .RADIAN. ) );
#4542 = PLANE ( 'NONE',  #6911 ) ;
#4543 = CARTESIAN_POINT ( 'NONE',  ( 0.000000000000000000, -4.170008355713480109E-16, 3.750000000000000000 ) ) ;
#4544 = DIRECTION ( 'NONE',  ( -0.000000000000000000, 0.000000000000000000, 1.000000000000000000 ) ) ;
#4545 = EDGE_CURVE ( 'NONE', #4650, #5469, #3860, .T. ) ;
#4546 = ORIENTED_EDGE ( 'NONE', *, *, #7606, .F. ) ;
#4547 = STYLED_ITEM ( 'NONE', ( #114 ), #1357 ) ;
#4548 = CARTESIAN_POINT ( 'NONE',  ( -6.599999999999999645, -1.619999999999998996, 4.050000000000000711 ) ) ;
#4549 = AXIS2_PLACEMENT_3D ( 'NONE', #922, #5557, #3232 ) ;
#4550 = DIRECTION ( 'NONE',  ( 0.000000000000000000, 0.000000000000000000, 1.000000000000000000 ) ) ;
#4551 = CARTESIAN_POINT ( 'NONE',  ( -2.189999999999999947, -1.620000000000000107, -12.25140600070190011 ) ) ;
#4552 = DIRECTION ( 'NONE',  ( 0.000000000000000000, -0.000000000000000000, -1.000000000000000000 ) ) ;
#4553 = PLANE ( 'NONE',  #1020 ) ;
#4554 = FILL_AREA_STYLE_COLOUR ( '', #3032 ) ;
#4555 =( NAMED_UNIT ( * ) SI_UNIT ( $, .STERADIAN. ) SOLID_ANGLE_UNIT ( ) );
#4556 = VERTEX_POINT ( 'NONE', #3174 ) ;
#4557 = COLOUR_RGB ( '',0.2000000000000000111, 0.2000000000000000111, 0.2000000000000000111 ) ;
#4558 = VECTOR ( 'NONE', #7392, 1000.000000000000000 ) ;
#4559 = ORIENTED_EDGE ( 'NONE', *, *, #7029, .F. ) ;
#4560 = ORIENTED_EDGE ( 'NONE', *, *, #3889, .T. ) ;
#4561 = PRESENTATION_STYLE_ASSIGNMENT (( #2206 ) ) ;
#4562 = DIRECTION ( 'NONE',  ( 0.000000000000000000, -0.000000000000000000, -1.000000000000000000 ) ) ;
#4563 = FACE_OUTER_BOUND ( 'NONE', #3386, .T. ) ;
#4564 = LINE ( 'NONE', #7403, #1714 ) ;
#4565 = LINE ( 'NONE', #1664, #6334 ) ;
#4566 = AXIS2_PLACEMENT_3D ( 'NONE', #4761, #6100, #800 ) ;
#4567 = CARTESIAN_POINT ( 'NONE',  ( -0.5499999999999990452, -0.7199999999999999734, 4.250000000000000000 ) ) ;
#4568 = LINE ( 'NONE', #2256, #2799 ) ;
#4569 = VERTEX_POINT ( 'NONE', #6604 ) ;
#4570 = EDGE_CURVE ( 'NONE', #2909, #642, #3636, .T. ) ;
#4571 = ORIENTED_EDGE ( 'NONE', *, *, #200, .F. ) ;
#4572 = EDGE_CURVE ( 'NONE', #1399, #6542, #3066, .T. ) ;
#4573 = COLOUR_RGB ( '',0.7411764705882353255, 0.7764705882352941346, 0.8000000000000000444 ) ;
#4574 = COLOUR_RGB ( '',0.7411764705882353255, 0.7764705882352941346, 0.8000000000000000444 ) ;
#4575 = LINE ( 'NONE', #2027, #905 ) ;
#4576 = CARTESIAN_POINT ( 'NONE',  ( -0.1138737533966049931, 0.4000000000000000222, -4.023197458950360073 ) ) ;
#4577 = LINE ( 'NONE', #7096, #1866 ) ;
#4578 = CIRCLE ( 'NONE', #2479, 0.3666198555544820104 ) ;
#4579 = LINE ( 'NONE', #3965, #3853 ) ;
#4580 = DIRECTION ( 'NONE',  ( 0.4281872867782717806, 0.000000000000000000, 0.9036900173408258796 ) ) ;
#4581 = MECHANICAL_DESIGN_GEOMETRIC_PRESENTATION_REPRESENTATION (  '', ( #5955 ), #279 ) ;
#4582 = VERTEX_POINT ( 'NONE', #1903 ) ;
#4583 = MECHANICAL_DESIGN_GEOMETRIC_PRESENTATION_REPRESENTATION (  '', ( #1130 ), #4095 ) ;
#4584 = VECTOR ( 'NONE', #348, 1000.000000000000000 ) ;
#4585 = LINE ( 'NONE', #7573, #4210 ) ;
#4586 = UNCERTAINTY_MEASURE_WITH_UNIT (LENGTH_MEASURE( 1.000000000000000082E-05 ), #31, 'distance_accuracy_value', 'NONE');
#4587 = EDGE_CURVE ( 'NONE', #4721, #2697, #2065, .T. ) ;
#4588 = COLOUR_RGB ( '',0.7411764705882353255, 0.7764705882352941346, 0.8000000000000000444 ) ;
#4589 = SURFACE_STYLE_FILL_AREA ( #6494 ) ;
#4590 = SURFACE_STYLE_FILL_AREA ( #5612 ) ;
#4591 = COLOUR_RGB ( '',0.2000000000000000111, 0.2000000000000000111, 0.2000000000000000111 ) ;
#4592 = UNCERTAINTY_MEASURE_WITH_UNIT (LENGTH_MEASURE( 1.000000000000000082E-05 ), #413, 'distance_accuracy_value', 'NONE');
#4593 = PRESENTATION_LAYER_ASSIGNMENT (  '', '', ( #6948 ) ) ;
#4594 = PRESENTATION_LAYER_ASSIGNMENT (  '', '', ( #5470 ) ) ;
#4595 = EDGE_LOOP ( 'NONE', ( #2669, #5633, #7524, #2243 ) ) ;
#4596 = EDGE_CURVE ( 'NONE', #7117, #4032, #6330, .T. ) ;
#4597 = CARTESIAN_POINT ( 'NONE',  ( -3.539999999999999591, -0.9199999999999995959, -3.449999999999999734 ) ) ;
#4598 = MECHANICAL_DESIGN_GEOMETRIC_PRESENTATION_REPRESENTATION (  '', ( #1142 ), #5215 ) ;
#4599 = PRESENTATION_STYLE_ASSIGNMENT (( #1221 ) ) ;
#4600 = COLOUR_RGB ( '',0.2000000000000000111, 0.2000000000000000111, 0.2000000000000000111 ) ;
#4601 = CARTESIAN_POINT ( 'NONE',  ( -6.080000000000000071, 1.620000000000000107, 3.750000000000000000 ) ) ;
#4602 = EDGE_CURVE ( 'NONE', #658, #3694, #4533, .T. ) ;
#4603 = DIRECTION ( 'NONE',  ( -1.000000000000000000, 1.239088197126290077E-15, 1.377868836128689948E-31 ) ) ;
#4604 = PRESENTATION_STYLE_ASSIGNMENT (( #6927 ) ) ;
#4605 = VECTOR ( 'NONE', #3790, 1000.000000000000000 ) ;
#4606 = VECTOR ( 'NONE', #6779, 1000.000000000000114 ) ;
#4607 = ORIENTED_EDGE ( 'NONE', *, *, #5375, .T. ) ;
#4608 = ORIENTED_EDGE ( 'NONE', *, *, #7284, .T. ) ;
#4609 = APPLICATION_CONTEXT ( 'automotive_design' ) ;
#4610 = VERTEX_POINT ( 'NONE', #4496 ) ;
#4611 = CARTESIAN_POINT ( 'NONE',  ( 3.540000000000000480, 1.620000000000000107, 3.750000000000000000 ) ) ;
#4612 = VECTOR ( 'NONE', #4436, 1000.000000000000000 ) ;
#4613 = LINE ( 'NONE', #1471, #3569 ) ;
#4614 = LINE ( 'NONE', #7550, #6818 ) ;
#4615 = COLOUR_RGB ( '',0.2000000000000000111, 0.2000000000000000111, 0.2000000000000000111 ) ;
#4616 = FILL_AREA_STYLE ('',( #5188 ) ) ;
#4617 = PLANE ( 'NONE',  #3984 ) ;
#4618 =( GEOMETRIC_REPRESENTATION_CONTEXT ( 3 ) GLOBAL_UNCERTAINTY_ASSIGNED_CONTEXT ( ( #2820 ) ) GLOBAL_UNIT_ASSIGNED_CONTEXT ( ( #4803, #5253, #4094 ) ) REPRESENTATION_CONTEXT ( 'NONE', 'WORKASPACE' ) );
#4619 = CARTESIAN_POINT ( 'NONE',  ( -6.599999999999999645, -0.9200000000000008171, 4.050000000000000711 ) ) ;
#4620 = ORIENTED_EDGE ( 'NONE', *, *, #6168, .F. ) ;
#4621 = VERTEX_POINT ( 'NONE', #452 ) ;
#4622 = AXIS2_PLACEMENT_3D ( 'NONE', #2748, #5805, #3380 ) ;
#4623 = DIRECTION ( 'NONE',  ( -0.000000000000000000, 1.000000000000000000, -0.000000000000000000 ) ) ;
#4624 = FILL_AREA_STYLE_COLOUR ( '', #2116 ) ;
#4625 = EDGE_CURVE ( 'NONE', #7108, #5732, #3255, .T. ) ;
#4626 = EDGE_CURVE ( 'NONE', #3945, #4582, #7515, .T. ) ;
#4627 = ORIENTED_EDGE ( 'NONE', *, *, #7604, .F. ) ;
#4628 = LINE ( 'NONE', #330, #5318 ) ;
#4629 = PLANE ( 'NONE',  #161 ) ;
#4630 = PRESENTATION_STYLE_ASSIGNMENT (( #1036 ) ) ;
#4631 = LINE ( 'NONE', #5248, #2677 ) ;
#4632 = PLANE ( 'NONE',  #1986 ) ;
#4633 = ORIENTED_EDGE ( 'NONE', *, *, #3112, .F. ) ;
#4634 = CARTESIAN_POINT ( 'NONE',  ( 0.9999999999999997780, 0.9200000000000002620, -3.449999999999999734 ) ) ;
#4635 = PRESENTATION_LAYER_ASSIGNMENT (  '', '', ( #1297 ) ) ;
#4636 = DIRECTION ( 'NONE',  ( 1.000000000000000000, 0.000000000000000000, 0.000000000000000000 ) ) ;
#4637 = DIRECTION ( 'NONE',  ( -0.7071067811865489050, 0.000000000000000000, 0.7071067811865460184 ) ) ;
#4638 = SURFACE_SIDE_STYLE ('',( #7504 ) ) ;
#4639 = DIRECTION ( 'NONE',  ( 0.000000000000000000, 0.7071067811865500152, -0.7071067811865450192 ) ) ;
#4640 = LINE ( 'NONE', #3464, #1639 ) ;
#4641 = ORIENTED_EDGE ( 'NONE', *, *, #4919, .F. ) ;
#4642 = EDGE_LOOP ( 'NONE', ( #6885, #6122, #7396, #6810, #690, #3134, #7070, #5532 ) ) ;
#4643 = ORIENTED_EDGE ( 'NONE', *, *, #2920, .F. ) ;
#4644 = EDGE_CURVE ( 'NONE', #4021, #6359, #5071, .T. ) ;
#4645 = LINE ( 'NONE', #1082, #6473 ) ;
#4646 =( GEOMETRIC_REPRESENTATION_CONTEXT ( 3 ) GLOBAL_UNCERTAINTY_ASSIGNED_CONTEXT ( ( #7472 ) ) GLOBAL_UNIT_ASSIGNED_CONTEXT ( ( #1069, #3413, #3498 ) ) REPRESENTATION_CONTEXT ( 'NONE', 'WORKASPACE' ) );
#4647 = CARTESIAN_POINT ( 'NONE',  ( 0.1830820574702410053, 0.4000000000000000222, 5.449641565359209849 ) ) ;
#4648 = PLANE ( 'NONE',  #51 ) ;
#4649 = ORIENTED_EDGE ( 'NONE', *, *, #772, .F. ) ;
#4650 = VERTEX_POINT ( 'NONE', #1556 ) ;
#4651 = ADVANCED_FACE ( 'NONE', ( #5710 ), #7483, .F. ) ;
#4652 = COLOUR_RGB ( '',0.2000000000000000111, 0.2000000000000000111, 0.2000000000000000111 ) ;
#4653 =( LENGTH_UNIT ( ) NAMED_UNIT ( * ) SI_UNIT ( .MILLI., .METRE. ) );
#4654 = DIRECTION ( 'NONE',  ( 1.000000000000000000, -0.000000000000000000, 0.000000000000000000 ) ) ;
#4655 = UNCERTAINTY_MEASURE_WITH_UNIT (LENGTH_MEASURE( 1.000000000000000082E-05 ), #6143, 'distance_accuracy_value', 'NONE');
#4656 =( LENGTH_UNIT ( ) NAMED_UNIT ( * ) SI_UNIT ( .MILLI., .METRE. ) );
#4657 = DIRECTION ( 'NONE',  ( -3.067859105459799616E-18, 1.000000000000000000, 1.224262474599610784E-16 ) ) ;
#4658 = DIRECTION ( 'NONE',  ( -1.000000000000000000, -0.000000000000000000, -0.000000000000000000 ) ) ;
#4659 = CARTESIAN_POINT ( 'NONE',  ( 1.540000000000000036, 1.620000000000000107, -3.449999999999999734 ) ) ;
#4660 = UNCERTAINTY_MEASURE_WITH_UNIT (LENGTH_MEASURE( 1.000000000000000082E-05 ), #5785, 'distance_accuracy_value', 'NONE');
#4661 = LINE ( 'NONE', #7025, #1473 ) ;
#4662 = DIRECTION ( 'NONE',  ( -0.02505097067657292148, 0.000000000000000000, 0.9996861751910753879 ) ) ;
#4663 = ORIENTED_EDGE ( 'NONE', *, *, #6953, .T. ) ;
#4664 = EDGE_CURVE ( 'NONE', #1079, #4020, #5000, .T. ) ;
#4665 = SURFACE_STYLE_USAGE ( .BOTH. , #10 ) ;
#4666 = SURFACE_SIDE_STYLE ('',( #2311 ) ) ;
#4667 = SURFACE_STYLE_USAGE ( .BOTH. , #5326 ) ;
#4668 = CARTESIAN_POINT ( 'NONE',  ( 4.080000000000000071, 1.620000000000000107, 3.750000000000000000 ) ) ;
#4669 = CARTESIAN_POINT ( 'NONE',  ( -5.429999999999999716, -0.9200000000000000400, 3.750000000000000000 ) ) ;
#4670 = ORIENTED_EDGE ( 'NONE', *, *, #3913, .T. ) ;
#4671 = ORIENTED_EDGE ( 'NONE', *, *, #473, .T. ) ;
#4672 = VECTOR ( 'NONE', #7228, 1000.000000000000000 ) ;
#4673 = VERTEX_POINT ( 'NONE', #3839 ) ;
#4674 = CARTESIAN_POINT ( 'NONE',  ( -0.2253056840829079921, 0.4000000000000000222, 5.752751436071860347 ) ) ;
#4675 = CARTESIAN_POINT ( 'NONE',  ( -2.189999999999999947, 1.620000000000000107, -12.25140600070190011 ) ) ;
#4676 = CARTESIAN_POINT ( 'NONE',  ( -1.540000000000000036, 1.620000000000000107, -12.25140600070190011 ) ) ;
#4677 = EDGE_CURVE ( 'NONE', #3678, #4810, #6221, .T. ) ;
#4678 = CARTESIAN_POINT ( 'NONE',  ( 0.6405210985066780438, 0.4000000000000000222, 6.186473989507359939 ) ) ;
#4679 = VECTOR ( 'NONE', #7527, 1000.000000000000000 ) ;
#4680 = FILL_AREA_STYLE ('',( #71 ) ) ;
#4681 = DIRECTION ( 'NONE',  ( -0.000000000000000000, 1.000000000000000000, 1.112002228190259966E-16 ) ) ;
#4682 = EDGE_LOOP ( 'NONE', ( #7085, #2800, #581, #469 ) ) ;
#4683 = VERTEX_POINT ( 'NONE', #342 ) ;
#4684 = VECTOR ( 'NONE', #6354, 1000.000000000000000 ) ;
#4685 = SURFACE_SIDE_STYLE ('',( #3487 ) ) ;
#4686 = LINE ( 'NONE', #2261, #3002 ) ;
#4687 = DIRECTION ( 'NONE',  ( 0.000000000000000000, -1.000000000000000000, -1.112002228190259966E-16 ) ) ;
#4688 = SURFACE_STYLE_FILL_AREA ( #632 ) ;
#4689 = ADVANCED_FACE ( 'NONE', ( #6262 ), #7406, .F. ) ;
#4690 = CARTESIAN_POINT ( 'NONE',  ( -5.429999999999999716, 1.620000000000000107, 3.750000000000000000 ) ) ;
#4691 = VECTOR ( 'NONE', #3616, 1000.000000000000000 ) ;
#4692 = AXIS2_PLACEMENT_3D ( 'NONE', #457, #2811, #1641 ) ;
#4693 = VECTOR ( 'NONE', #324, 1000.000000000000000 ) ;
#4694 = MECHANICAL_DESIGN_GEOMETRIC_PRESENTATION_REPRESENTATION (  '', ( #2598 ), #4800 ) ;
#4695 = VECTOR ( 'NONE', #6531, 1000.000000000000000 ) ;
#4696 = SURFACE_STYLE_USAGE ( .BOTH. , #5 ) ;
#4697 = STYLED_ITEM ( 'NONE', ( #1295 ), #4244 ) ;
#4698 = VECTOR ( 'NONE', #2896, 1000.000000000000000 ) ;
#4699 = EDGE_LOOP ( 'NONE', ( #4744, #3171, #4947, #3771 ) ) ;
#4700 = LINE ( 'NONE', #2901, #298 ) ;
#4701 = APPLICATION_PROTOCOL_DEFINITION ( 'draft international standard', 'automotive_design', 1998, #5001 ) ;
#4702 =( LENGTH_UNIT ( ) NAMED_UNIT ( * ) SI_UNIT ( .MILLI., .METRE. ) );
#4703 = EDGE_CURVE ( 'NONE', #1973, #4621, #4005, .T. ) ;
#4704 =( NAMED_UNIT ( * ) PLANE_ANGLE_UNIT ( ) SI_UNIT ( $, .RADIAN. ) );
#4705 = CARTESIAN_POINT ( 'NONE',  ( 3.540000000000000036, 0.9200000000000000400, -12.25140600070190011 ) ) ;
#4706 = ADVANCED_FACE ( 'NONE', ( #2359 ), #1700, .T. ) ;
#4707 = DIRECTION ( 'NONE',  ( 1.000000000000000000, -0.000000000000000000, 0.000000000000000000 ) ) ;
#4708 = PRESENTATION_LAYER_ASSIGNMENT (  '', '', ( #761 ) ) ;
#4709 = VERTEX_POINT ( 'NONE', #3513 ) ;
#4710 = VERTEX_POINT ( 'NONE', #2253 ) ;
#4711 = AXIS2_PLACEMENT_3D ( 'NONE', #2776, #3962, #5006 ) ;
#4712 = VERTEX_POINT ( 'NONE', #2836 ) ;
#4713 = CARTESIAN_POINT ( 'NONE',  ( -0.7366198555544819504, 0.4000000000000000222, -4.023197458950360073 ) ) ;
#4714 = VECTOR ( 'NONE', #6811, 1000.000000000000000 ) ;
#4715 = PLANE ( 'NONE',  #1829 ) ;
#4716 =( LENGTH_UNIT ( ) NAMED_UNIT ( * ) SI_UNIT ( .MILLI., .METRE. ) );
#4717 = PRESENTATION_LAYER_ASSIGNMENT (  '', '', ( #6344 ) ) ;
#4718 = COLOUR_RGB ( '',0.7411764705882353255, 0.7764705882352941346, 0.8000000000000000444 ) ;
#4719 = FILL_AREA_STYLE ('',( #5977 ) ) ;
#4720 =( NAMED_UNIT ( * ) PLANE_ANGLE_UNIT ( ) SI_UNIT ( $, .RADIAN. ) );
#4721 = VERTEX_POINT ( 'NONE', #4029 ) ;
#4722 = MECHANICAL_DESIGN_GEOMETRIC_PRESENTATION_REPRESENTATION (  '', ( #1023 ), #2761 ) ;
#4723 = ORIENTED_EDGE ( 'NONE', *, *, #5726, .T. ) ;
#4724 = PRESENTATION_LAYER_ASSIGNMENT (  '', '', ( #427 ) ) ;
#4725 = DIRECTION ( 'NONE',  ( 0.9996861751910754990, -0.000000000000000000, 0.02505097067657191187 ) ) ;
#4726 = SURFACE_STYLE_FILL_AREA ( #2888 ) ;
#4727 = PRESENTATION_STYLE_ASSIGNMENT (( #6990 ) ) ;
#4728 = CARTESIAN_POINT ( 'NONE',  ( 0.000000000000000000, -4.170008355713480109E-16, 3.750000000000000000 ) ) ;
#4729 = SURFACE_SIDE_STYLE ('',( #1094 ) ) ;
#4730 = COLOUR_RGB ( '',0.7411764705882353255, 0.7764705882352941346, 0.8000000000000000444 ) ;
#4731 = ADVANCED_FACE ( 'NONE', ( #1127 ), #5904, .T. ) ;
#4732 = FACE_OUTER_BOUND ( 'NONE', #744, .T. ) ;
#4733 = SURFACE_SIDE_STYLE ('',( #45 ) ) ;
#4734 =( NAMED_UNIT ( * ) SI_UNIT ( $, .STERADIAN. ) SOLID_ANGLE_UNIT ( ) );
#4735 = ORIENTED_EDGE ( 'NONE', *, *, #6877, .T. ) ;
#4736 = EDGE_CURVE ( 'NONE', #5922, #19, #5974, .T. ) ;
#4737 = CARTESIAN_POINT ( 'NONE',  ( 0.5500000000000007105, -0.7200000000000000844, 4.250000000000000000 ) ) ;
#4738 =( NAMED_UNIT ( * ) SI_UNIT ( $, .STERADIAN. ) SOLID_ANGLE_UNIT ( ) );
#4739 = PLANE ( 'NONE',  #5231 ) ;
#4740 = CARTESIAN_POINT ( 'NONE',  ( -4.730000000000000426, 0.9200000000000000400, 3.750000000000000000 ) ) ;
#4741 = CARTESIAN_POINT ( 'NONE',  ( -2.890000000000000124, 0.9200000000000001510, 4.050000000000001599 ) ) ;
#4742 = EDGE_LOOP ( 'NONE', ( #6508, #2786, #4382, #4251, #352, #5250, #4984, #6756, #6491, #173, #5431, #6318, #6395, #3910, #3956, #6620, #1837, #3969, #6835, #497, #6582, #2406, #29, #6012, #3281 ) ) ;
#4743 = VERTEX_POINT ( 'NONE', #6045 ) ;
#4744 = ORIENTED_EDGE ( 'NONE', *, *, #1935, .F. ) ;
#4745 = EDGE_CURVE ( 'NONE', #4040, #485, #3023, .T. ) ;
#4746 = CARTESIAN_POINT ( 'NONE',  ( -3.540000000000000036, -1.620000000000000107, -12.25140600070190011 ) ) ;
#4747 = SURFACE_SIDE_STYLE ('',( #7011 ) ) ;
#4748 = FILL_AREA_STYLE_COLOUR ( '', #5050 ) ;
#4749 = AXIS2_PLACEMENT_3D ( 'NONE', #3268, #1651, #2665 ) ;
#4750 = LINE ( 'NONE', #7127, #6874 ) ;
#4751 = VECTOR ( 'NONE', #4681, 1000.000000000000000 ) ;
#4752 = ORIENTED_EDGE ( 'NONE', *, *, #6734, .T. ) ;
#4753 = DIRECTION ( 'NONE',  ( -1.000000000000000000, -0.000000000000000000, 0.000000000000000000 ) ) ;
#4754 = EDGE_LOOP ( 'NONE', ( #2883, #7049, #3517, #613 ) ) ;
#4755 = ADVANCED_FACE ( 'NONE', ( #3628 ), #2436, .T. ) ;
#4756 = VECTOR ( 'NONE', #5884, 1000.000000000000000 ) ;
#4757 = DIRECTION ( 'NONE',  ( 0.000000000000000000, -1.000000000000000000, 0.000000000000000000 ) ) ;
#4758 = PLANE ( 'NONE',  #3096 ) ;
#4759 = CARTESIAN_POINT ( 'NONE',  ( 1.990000000000000435, -0.7199999999999999734, 4.250000000000000000 ) ) ;
#4760 = LINE ( 'NONE', #1138, #1383 ) ;
#4761 = CARTESIAN_POINT ( 'NONE',  ( -0.7366198555544819504, 0.4000000000000000222, -0.05191018432148639811 ) ) ;
#4762 = CARTESIAN_POINT ( 'NONE',  ( 2.189999999999999947, 1.620000000000000107, 3.750000000000000000 ) ) ;
#4763 = FACE_OUTER_BOUND ( 'NONE', #2442, .T. ) ;
#4764 = FILL_AREA_STYLE ('',( #3497 ) ) ;
#4765 = ADVANCED_FACE ( 'NONE', ( #216 ), #4863, .T. ) ;
#4766 = CARTESIAN_POINT ( 'NONE',  ( 2.890000000000000124, 1.620000000000000107, -12.25140600070190011 ) ) ;
#4767 = CARTESIAN_POINT ( 'NONE',  ( 2.890000000000000124, -1.620000000000000107, -12.25140600070190011 ) ) ;
#4768 = ORIENTED_EDGE ( 'NONE', *, *, #6800, .T. ) ;
#4769 = CARTESIAN_POINT ( 'NONE',  ( 1.540000000000000036, -0.9200000000000000400, 3.750000000000000000 ) ) ;
#4770 = DIRECTION ( 'NONE',  ( -1.239088197126290077E-15, -1.000000000000000000, 0.000000000000000000 ) ) ;
#4771 = EDGE_CURVE ( 'NONE', #1653, #1586, #1929, .T. ) ;
#4772 = DIRECTION ( 'NONE',  ( 0.000000000000000000, -0.7071067811865455743, -0.7071067811865495711 ) ) ;
#4773 = SURFACE_STYLE_USAGE ( .BOTH. , #2906 ) ;
#4774 = ADVANCED_FACE ( 'NONE', ( #1810 ), #4176, .F. ) ;
#4775 = DIRECTION ( 'NONE',  ( -0.7071067811865489050, 0.000000000000000000, 0.7071067811865460184 ) ) ;
#4776 = EDGE_CURVE ( 'NONE', #6013, #4136, #4991, .T. ) ;
#4777 = EDGE_LOOP ( 'NONE', ( #2840, #2058, #1885, #1321 ) ) ;
#4778 = ORIENTED_EDGE ( 'NONE', *, *, #3218, .F. ) ;
#4779 = ORIENTED_EDGE ( 'NONE', *, *, #7057, .F. ) ;
#4780 =( NAMED_UNIT ( * ) SI_UNIT ( $, .STERADIAN. ) SOLID_ANGLE_UNIT ( ) );
#4781 = FACE_OUTER_BOUND ( 'NONE', #5303, .T. ) ;
#4782 = DIRECTION ( 'NONE',  ( -0.000000000000000000, 0.000000000000000000, 1.000000000000000000 ) ) ;
#4783 = ORIENTED_EDGE ( 'NONE', *, *, #5446, .F. ) ;
#4784 =( LENGTH_UNIT ( ) NAMED_UNIT ( * ) SI_UNIT ( .MILLI., .METRE. ) );
#4785 = ORIENTED_EDGE ( 'NONE', *, *, #2900, .T. ) ;
#4786 = PLANE ( 'NONE',  #2728 ) ;
#4787 = DIRECTION ( 'NONE',  ( 1.000000000000000000, 0.000000000000000000, 0.000000000000000000 ) ) ;
#4788 = PLANE ( 'NONE',  #635 ) ;
#4789 = DIRECTION ( 'NONE',  ( 0.000000000000000000, -0.000000000000000000, -1.000000000000000000 ) ) ;
#4790 = FACE_OUTER_BOUND ( 'NONE', #1540, .T. ) ;
#4791 = SURFACE_SIDE_STYLE ('',( #4190 ) ) ;
#4792 = EDGE_CURVE ( 'NONE', #63, #1585, #2676, .T. ) ;
#4793 = AXIS2_PLACEMENT_3D ( 'NONE', #870, #1255, #6788 ) ;
#4794 = VECTOR ( 'NONE', #6089, 1000.000000000000000 ) ;
#4795 = PLANE ( 'NONE',  #631 ) ;
#4796 = AXIS2_PLACEMENT_3D ( 'NONE', #4035, #1088, #75 ) ;
#4797 = DIRECTION ( 'NONE',  ( 0.000000000000000000, 0.000000000000000000, -1.000000000000000000 ) ) ;
#4798 = VERTEX_POINT ( 'NONE', #1462 ) ;
#4799 =( GEOMETRIC_REPRESENTATION_CONTEXT ( 3 ) GLOBAL_UNCERTAINTY_ASSIGNED_CONTEXT ( ( #7603 ) ) GLOBAL_UNIT_ASSIGNED_CONTEXT ( ( #1338, #3266, #6770 ) ) REPRESENTATION_CONTEXT ( 'NONE', 'WORKASPACE' ) );
#4800 =( GEOMETRIC_REPRESENTATION_CONTEXT ( 3 ) GLOBAL_UNCERTAINTY_ASSIGNED_CONTEXT ( ( #4364 ) ) GLOBAL_UNIT_ASSIGNED_CONTEXT ( ( #5745, #447, #5064 ) ) REPRESENTATION_CONTEXT ( 'NONE', 'WORKASPACE' ) );
#4801 = COLOUR_RGB ( '',0.2000000000000000111, 0.2000000000000000111, 0.2000000000000000111 ) ;
#4802 = CARTESIAN_POINT ( 'NONE',  ( -0.3499999999999999778, 0.9200000000000000400, -12.25140600070190011 ) ) ;
#4803 =( LENGTH_UNIT ( ) NAMED_UNIT ( * ) SI_UNIT ( .MILLI., .METRE. ) );
#4804 = CARTESIAN_POINT ( 'NONE',  ( -0.8668659148294480810, 0.2000000000000000111, 1.010229468807940956 ) ) ;
#4805 =( LENGTH_UNIT ( ) NAMED_UNIT ( * ) SI_UNIT ( .MILLI., .METRE. ) );
#4806 = CIRCLE ( 'NONE', #1366, 0.5529067033259800201 ) ;
#4807 = UNCERTAINTY_MEASURE_WITH_UNIT (LENGTH_MEASURE( 1.000000000000000082E-05 ), #4331, 'distance_accuracy_value', 'NONE');
#4808 = CARTESIAN_POINT ( 'NONE',  ( 0.2253056840829079921, -3.898791012257873452E-16, 5.752751436071860347 ) ) ;
#4809 = EDGE_LOOP ( 'NONE', ( #6131, #1886, #1367, #3090 ) ) ;
#4810 = VERTEX_POINT ( 'NONE', #7317 ) ;
#4811 = EDGE_CURVE ( 'NONE', #3125, #4326, #2125, .T. ) ;
#4812 = ORIENTED_EDGE ( 'NONE', *, *, #1171, .F. ) ;
#4813 = FACE_BOUND ( 'NONE', #6257, .T. ) ;
#4814 =( NAMED_UNIT ( * ) SI_UNIT ( $, .STERADIAN. ) SOLID_ANGLE_UNIT ( ) );
#4815 = STYLED_ITEM ( 'NONE', ( #1782 ), #2304 ) ;
#4816 = EDGE_CURVE ( 'NONE', #5305, #3469, #7474, .T. ) ;
#4817 = SURFACE_STYLE_USAGE ( .BOTH. , #2469 ) ;
#4818 = DIRECTION ( 'NONE',  ( -0.000000000000000000, 0.000000000000000000, 1.000000000000000000 ) ) ;
#4819 = STYLED_ITEM ( 'NONE', ( #4986 ), #6739 ) ;
#4820 = DIRECTION ( 'NONE',  ( 1.000000000000000000, 1.239088197126290077E-15, 1.377868836128689948E-31 ) ) ;
#4821 = CARTESIAN_POINT ( 'NONE',  ( 1.000000000000000000, -4.170008355713480109E-16, 3.750000000000000000 ) ) ;
#4822 = CARTESIAN_POINT ( 'NONE',  ( 0.9690439428171118141, -1.626303258728256651E-16, 0.9245656430320828845 ) ) ;
#4823 = AXIS2_PLACEMENT_3D ( 'NONE', #261, #4268, #7279 ) ;
#4824 = ORIENTED_EDGE ( 'NONE', *, *, #7414, .F. ) ;
#4825 = CARTESIAN_POINT ( 'NONE',  ( -6.599999999999999645, -0.7199999999999999734, 4.250000000000000000 ) ) ;
#4826 = ORIENTED_EDGE ( 'NONE', *, *, #5265, .F. ) ;
#4827 = AXIS2_PLACEMENT_3D ( 'NONE', #5652, #2158, #2121 ) ;
#4828 = EDGE_CURVE ( 'NONE', #4934, #7291, #5655, .T. ) ;
#4829 = FILL_AREA_STYLE_COLOUR ( '', #4114 ) ;
#4830 = PLANE ( 'NONE',  #5066 ) ;
#4831 =( NAMED_UNIT ( * ) PLANE_ANGLE_UNIT ( ) SI_UNIT ( $, .RADIAN. ) );
#4832 =( GEOMETRIC_REPRESENTATION_CONTEXT ( 3 ) GLOBAL_UNCERTAINTY_ASSIGNED_CONTEXT ( ( #7412 ) ) GLOBAL_UNIT_ASSIGNED_CONTEXT ( ( #2177, #5156, #1591 ) ) REPRESENTATION_CONTEXT ( 'NONE', 'WORKASPACE' ) );
#4833 = CARTESIAN_POINT ( 'NONE',  ( -6.599999999999999645, 1.820000000000000062, 4.250000000000000000 ) ) ;
#4834 = CARTESIAN_POINT ( 'NONE',  ( 0.3500000000000009215, -0.9200000000000001510, 4.050000000000001599 ) ) ;
#4835 = PRESENTATION_STYLE_ASSIGNMENT (( #3147 ) ) ;
#4836 = MECHANICAL_DESIGN_GEOMETRIC_PRESENTATION_REPRESENTATION (  '', ( #4477 ), #3483 ) ;
#4837 = ORIENTED_EDGE ( 'NONE', *, *, #6657, .F. ) ;
#4838 = COLOUR_RGB ( '',0.2000000000000000111, 0.2000000000000000111, 0.2000000000000000111 ) ;
#4839 = STYLED_ITEM ( 'NONE', ( #7622 ), #4940 ) ;
#4840 = MECHANICAL_DESIGN_GEOMETRIC_PRESENTATION_REPRESENTATION (  '', ( #4977 ), #6960 ) ;
#4841 = EDGE_CURVE ( 'NONE', #3760, #4673, #332, .T. ) ;
#4842 = FILL_AREA_STYLE_COLOUR ( '', #889 ) ;
#4843 = DIRECTION ( 'NONE',  ( -1.239088197126290077E-15, 1.000000000000000000, 0.000000000000000000 ) ) ;
#4844 = PRESENTATION_LAYER_ASSIGNMENT (  '', '', ( #315 ) ) ;
#4845 = VECTOR ( 'NONE', #2952, 1000.000000000000000 ) ;
#4846 = LINE ( 'NONE', #7222, #1310 ) ;
#4847 = DIRECTION ( 'NONE',  ( 0.000000000000000000, -1.112002228190259966E-16, 1.000000000000000000 ) ) ;
#4848 = VERTEX_POINT ( 'NONE', #5053 ) ;
#4849 = FACE_OUTER_BOUND ( 'NONE', #2455, .T. ) ;
#4850 = DIRECTION ( 'NONE',  ( -0.02505097067657138452, 0.000000000000000000, 0.9996861751910754990 ) ) ;
#4851 = LINE ( 'NONE', #3653, #4933 ) ;
#4852 = LINE ( 'NONE', #1833, #7213 ) ;
#4853 = SURFACE_STYLE_FILL_AREA ( #2543 ) ;
#4854 =( LENGTH_UNIT ( ) NAMED_UNIT ( * ) SI_UNIT ( .MILLI., .METRE. ) );
#4855 = VERTEX_POINT ( 'NONE', #3789 ) ;
#4856 = EDGE_LOOP ( 'NONE', ( #5453, #162, #4057, #2481, #7323, #6859, #2394, #512 ) ) ;
#4857 = VERTEX_POINT ( 'NONE', #5572 ) ;
#4858 = FACE_BOUND ( 'NONE', #6921, .T. ) ;
#4859 = LINE ( 'NONE', #3053, #3708 ) ;
#4860 =( LENGTH_UNIT ( ) NAMED_UNIT ( * ) SI_UNIT ( .MILLI., .METRE. ) );
#4861 = LINE ( 'NONE', #214, #1474 ) ;
#4862 = DIRECTION ( 'NONE',  ( -0.02505097067657167248, 0.000000000000000000, 0.9996861751910753879 ) ) ;
#4863 = PLANE ( 'NONE',  #1522 ) ;
#4864 = FILL_AREA_STYLE ('',( #104 ) ) ;
#4865 =( NAMED_UNIT ( * ) PLANE_ANGLE_UNIT ( ) SI_UNIT ( $, .RADIAN. ) );
#4866 = VERTEX_POINT ( 'NONE', #6281 ) ;
#4867 = EDGE_CURVE ( 'NONE', #1402, #2520, #3826, .T. ) ;
#4868 =( GEOMETRIC_REPRESENTATION_CONTEXT ( 3 ) GLOBAL_UNCERTAINTY_ASSIGNED_CONTEXT ( ( #3904 ) ) GLOBAL_UNIT_ASSIGNED_CONTEXT ( ( #3350, #1044, #441 ) ) REPRESENTATION_CONTEXT ( 'NONE', 'WORKASPACE' ) );
#4869 = LINE ( 'NONE', #2556, #2788 ) ;
#4870 = VERTEX_POINT ( 'NONE', #440 ) ;
#4871 = DIRECTION ( 'NONE',  ( -0.000000000000000000, -1.000000000000000000, 0.000000000000000000 ) ) ;
#4872 = CARTESIAN_POINT ( 'NONE',  ( 0.3500000000000009770, 0.9200000000000000400, 3.750000000000000000 ) ) ;
#4873 = PLANE ( 'NONE',  #6585 ) ;
#4874 =( GEOMETRIC_REPRESENTATION_CONTEXT ( 3 ) GLOBAL_UNCERTAINTY_ASSIGNED_CONTEXT ( ( #1567 ) ) GLOBAL_UNIT_ASSIGNED_CONTEXT ( ( #3791, #3247, #7395 ) ) REPRESENTATION_CONTEXT ( 'NONE', 'WORKASPACE' ) );
#4875 =( NAMED_UNIT ( * ) PLANE_ANGLE_UNIT ( ) SI_UNIT ( $, .RADIAN. ) );
#4876 = CARTESIAN_POINT ( 'NONE',  ( -3.540000000000000036, 1.620000000000000107, 3.750000000000000000 ) ) ;
#4877 = DIRECTION ( 'NONE',  ( 0.000000000000000000, -1.000000000000000000, -1.112002228190259966E-16 ) ) ;
#4878 = ORIENTED_EDGE ( 'NONE', *, *, #6726, .F. ) ;
#4879 = DIRECTION ( 'NONE',  ( 1.000000000000000000, 0.000000000000000000, -0.000000000000000000 ) ) ;
#4880 = CARTESIAN_POINT ( 'NONE',  ( -6.599999999999999645, -1.619999999999998996, 4.050000000000000711 ) ) ;
#4881 =( GEOMETRIC_REPRESENTATION_CONTEXT ( 3 ) GLOBAL_UNCERTAINTY_ASSIGNED_CONTEXT ( ( #2735 ) ) GLOBAL_UNIT_ASSIGNED_CONTEXT ( ( #5795, #2265, #1786 ) ) REPRESENTATION_CONTEXT ( 'NONE', 'WORKASPACE' ) );
#4882 = DIRECTION ( 'NONE',  ( 0.000000000000000000, -0.000000000000000000, 1.000000000000000000 ) ) ;
#4883 = ORIENTED_EDGE ( 'NONE', *, *, #2083, .F. ) ;
#4884 = PRODUCT_DEFINITION_SHAPE ( 'NONE', 'NONE',  #830 ) ;
#4885 = CIRCLE ( 'NONE', #1564, 0.1999999999999999001 ) ;
#4886 = LINE ( 'NONE', #7184, #3228 ) ;
#4887 = UNCERTAINTY_MEASURE_WITH_UNIT (LENGTH_MEASURE( 1.000000000000000082E-05 ), #3206, 'distance_accuracy_value', 'NONE');
#4888 = LINE ( 'NONE', #7259, #5569 ) ;
#4889 = CONTEXT_DEPENDENT_SHAPE_REPRESENTATION ( #5397, #353 ) ;
#4890 = DIRECTION ( 'NONE',  ( 1.000000000000000000, 0.000000000000000000, 0.000000000000000000 ) ) ;
#4891 = CARTESIAN_POINT ( 'NONE',  ( 0.6405210985066780438, 0.4000000000000000222, 6.186473989507359939 ) ) ;
#4892 = FILL_AREA_STYLE_COLOUR ( '', #2670 ) ;
#4893 = UNCERTAINTY_MEASURE_WITH_UNIT (LENGTH_MEASURE( 1.000000000000000082E-05 ), #5865, 'distance_accuracy_value', 'NONE');
#4894 = DIRECTION ( 'NONE',  ( -0.000000000000000000, -1.000000000000000000, 0.000000000000000000 ) ) ;
#4895 = ADVANCED_FACE ( 'NONE', ( #6889 ), #965, .F. ) ;
#4896 = ORIENTED_EDGE ( 'NONE', *, *, #6964, .T. ) ;
#4897 = ORIENTED_EDGE ( 'NONE', *, *, #7065, .F. ) ;
#4898 = EDGE_LOOP ( 'NONE', ( #3879, #3262, #5238, #6973 ) ) ;
#4899 = FILL_AREA_STYLE ('',( #7236 ) ) ;
#4900 =( NAMED_UNIT ( * ) SI_UNIT ( $, .STERADIAN. ) SOLID_ANGLE_UNIT ( ) );
#4901 = LINE ( 'NONE', #785, #3748 ) ;
#4902 =( NAMED_UNIT ( * ) SI_UNIT ( $, .STERADIAN. ) SOLID_ANGLE_UNIT ( ) );
#4903 = CARTESIAN_POINT ( 'NONE',  ( 4.530000000000000249, 1.820000000000000062, 4.250000000000000000 ) ) ;
#4904 = CARTESIAN_POINT ( 'NONE',  ( -0.005178789717898660272, 0.4000000000000000222, 1.461898641557689782 ) ) ;
#4905 = VERTEX_POINT ( 'NONE', #14 ) ;
#4906 = CARTESIAN_POINT ( 'NONE',  ( -2.189999999999999947, 0.9200000000000000400, 3.750000000000000000 ) ) ;
#4907 = EDGE_LOOP ( 'NONE', ( #4812, #2202, #252, #1487 ) ) ;
#4908 = DIRECTION ( 'NONE',  ( 0.7071067811865461294, 0.000000000000000000, -0.7071067811865490160 ) ) ;
#4909 = ADVANCED_FACE ( 'NONE', ( #2792 ), #4553, .T. ) ;
#4910 =( NAMED_UNIT ( * ) SI_UNIT ( $, .STERADIAN. ) SOLID_ANGLE_UNIT ( ) );
#4911 =( NAMED_UNIT ( * ) SI_UNIT ( $, .STERADIAN. ) SOLID_ANGLE_UNIT ( ) );
#4912 = CARTESIAN_POINT ( 'NONE',  ( 4.080000000000000071, 0.9200000000000002620, -3.449999999999999734 ) ) ;
#4913 = PRESENTATION_STYLE_ASSIGNMENT (( #4387 ) ) ;
#4914 =( NAMED_UNIT ( * ) PLANE_ANGLE_UNIT ( ) SI_UNIT ( $, .RADIAN. ) );
#4915 = FILL_AREA_STYLE_COLOUR ( '', #7004 ) ;
#4916 = ORIENTED_EDGE ( 'NONE', *, *, #7292, .T. ) ;
#4917 = EDGE_CURVE ( 'NONE', #1009, #1399, #2278, .T. ) ;
#4918 = FILL_AREA_STYLE ('',( #3118 ) ) ;
#4919 = EDGE_CURVE ( 'NONE', #2760, #5404, #5256, .T. ) ;
#4920 = LINE ( 'NONE', #7221, #6570 ) ;
#4921 = CARTESIAN_POINT ( 'NONE',  ( -0.5499999999999988232, -1.820000000000000062, 4.250000000000000000 ) ) ;
#4922 = STYLED_ITEM ( 'NONE', ( #4630 ), #3073 ) ;
#4923 = SURFACE_SIDE_STYLE ('',( #2569 ) ) ;
#4924 = ORIENTED_EDGE ( 'NONE', *, *, #7531, .F. ) ;
#4925 = FACE_OUTER_BOUND ( 'NONE', #6123, .T. ) ;
#4926 = AXIS2_PLACEMENT_3D ( 'NONE', #347, #2182, #1021 ) ;
#4927 = DIRECTION ( 'NONE',  ( 0.000000000000000000, -0.000000000000000000, -1.000000000000000000 ) ) ;
#4928 = FACE_OUTER_BOUND ( 'NONE', #7235, .T. ) ;
#4929 = SURFACE_SIDE_STYLE ('',( #7260 ) ) ;
#4930 =( LENGTH_UNIT ( ) NAMED_UNIT ( * ) SI_UNIT ( .MILLI., .METRE. ) );
#4931 = CARTESIAN_POINT ( 'NONE',  ( 0.3500000000000009770, -0.9200000000000000400, 3.750000000000000000 ) ) ;
#4932 = ORIENTED_EDGE ( 'NONE', *, *, #4545, .F. ) ;
#4933 = VECTOR ( 'NONE', #4367, 1000.000000000000114 ) ;
#4934 = VERTEX_POINT ( 'NONE', #4668 ) ;
#4935 = ORIENTED_EDGE ( 'NONE', *, *, #1387, .F. ) ;
#4936 = PRESENTATION_LAYER_ASSIGNMENT (  '', '', ( #6319 ) ) ;
#4937 = FACE_BOUND ( 'NONE', #7593, .T. ) ;
#4938 = DIRECTION ( 'NONE',  ( 0.000000000000000000, -0.000000000000000000, -1.000000000000000000 ) ) ;
#4939 = SURFACE_STYLE_FILL_AREA ( #247 ) ;
#4940 = ADVANCED_FACE ( 'NONE', ( #1043 ), #3418, .F. ) ;
#4941 = VECTOR ( 'NONE', #3812, 1000.000000000000000 ) ;
#4942 = COLOUR_RGB ( '',0.2000000000000000111, 0.2000000000000000111, 0.2000000000000000111 ) ;
#4943 = DIRECTION ( 'NONE',  ( -1.239088197126290077E-15, -1.000000000000000000, 0.000000000000000000 ) ) ;
#4944 = CARTESIAN_POINT ( 'NONE',  ( -2.889999999999998792, -1.620000000000000107, 4.050000000000000711 ) ) ;
#4945 = PLANE ( 'NONE',  #6735 ) ;
#4946 = VERTEX_POINT ( 'NONE', #3503 ) ;
#4947 = ORIENTED_EDGE ( 'NONE', *, *, #241, .F. ) ;
#4948 = VECTOR ( 'NONE', #1532, 1000.000000000000000 ) ;
#4949 = ORIENTED_EDGE ( 'NONE', *, *, #3289, .F. ) ;
#4950 =( GEOMETRIC_REPRESENTATION_CONTEXT ( 3 ) GLOBAL_UNCERTAINTY_ASSIGNED_CONTEXT ( ( #4435 ) ) GLOBAL_UNIT_ASSIGNED_CONTEXT ( ( #660, #5926, #5263 ) ) REPRESENTATION_CONTEXT ( 'NONE', 'WORKASPACE' ) );
#4951 = CARTESIAN_POINT ( 'NONE',  ( 3.090000000000000746, -2.540000000000000036, 4.250000000000000000 ) ) ;
#4952 = CARTESIAN_POINT ( 'NONE',  ( 0.000000000000000000, -4.170008355713480109E-16, 3.750000000000000000 ) ) ;
#4953 = FILL_AREA_STYLE ('',( #2139 ) ) ;
#4954 = FILL_AREA_STYLE ('',( #3838 ) ) ;
#4955 = DIRECTION ( 'NONE',  ( -1.000000000000000000, -0.000000000000000000, 0.000000000000000000 ) ) ;
#4956 = MECHANICAL_DESIGN_GEOMETRIC_PRESENTATION_REPRESENTATION (  '', ( #6698 ), #1137 ) ;
#4957 = STYLED_ITEM ( 'NONE', ( #3489 ), #2340 ) ;
#4958 =( LENGTH_UNIT ( ) NAMED_UNIT ( * ) SI_UNIT ( .MILLI., .METRE. ) );
#4959 = FACE_OUTER_BOUND ( 'NONE', #2619, .T. ) ;
#4960 = ORIENTED_EDGE ( 'NONE', *, *, #6232, .F. ) ;
#4961 = VECTOR ( 'NONE', #6116, 1000.000000000000000 ) ;
#4962 = VECTOR ( 'NONE', #7598, 1000.000000000000114 ) ;
#4963 = B_SPLINE_CURVE_WITH_KNOTS ( 'NONE', 3,
 ( #4891, #2508, #4282, #6648, #3617, #3129, #94 ),
 .UNSPECIFIED., .F., .F.,
 ( 4, 1, 1, 1, 4 ),
 ( 0.000000000000000000, 0.0004057054834207661108, 0.0008114109668415322215, 0.001217116450262298224, 0.001622821933683064443 ),
 .UNSPECIFIED. ) ;
#4964 = VECTOR ( 'NONE', #5629, 1000.000000000000000 ) ;
#4965 = FACE_OUTER_BOUND ( 'NONE', #4595, .T. ) ;
#4966 = VECTOR ( 'NONE', #7618, 1000.000000000000000 ) ;
#4967 = CARTESIAN_POINT ( 'NONE',  ( -6.599999999999999645, -0.9200000000000008171, 4.050000000000000711 ) ) ;
#4968 = VECTOR ( 'NONE', #3421, 1000.000000000000000 ) ;
#4969 = AXIS2_PLACEMENT_3D ( 'NONE', #4053, #2867, #504 ) ;
#4970 = ADVANCED_FACE ( 'NONE', ( #5217 ), #7588, .F. ) ;
#4971 = ORIENTED_EDGE ( 'NONE', *, *, #5838, .T. ) ;
#4972 = VECTOR ( 'NONE', #3160, 1000.000000000000000 ) ;
#4973 = CARTESIAN_POINT ( 'NONE',  ( 2.890000000000000124, 1.620000000000000107, 3.750000000000000000 ) ) ;
#4974 = UNCERTAINTY_MEASURE_WITH_UNIT (LENGTH_MEASURE( 1.000000000000000082E-05 ), #6103, 'distance_accuracy_value', 'NONE');
#4975 = LINE ( 'NONE', #3230, #4693 ) ;
#4976 = DIRECTION ( 'NONE',  ( 0.000000000000000000, 0.000000000000000000, -1.000000000000000000 ) ) ;
#4977 = STYLED_ITEM ( 'NONE', ( #7158 ), #7513 ) ;
#4978 =( NAMED_UNIT ( * ) SI_UNIT ( $, .STERADIAN. ) SOLID_ANGLE_UNIT ( ) );
#4979 =( LENGTH_UNIT ( ) NAMED_UNIT ( * ) SI_UNIT ( .MILLI., .METRE. ) );
#4980 = UNCERTAINTY_MEASURE_WITH_UNIT (LENGTH_MEASURE( 1.000000000000000082E-05 ), #6787, 'distance_accuracy_value', 'NONE');
#4981 =( LENGTH_UNIT ( ) NAMED_UNIT ( * ) SI_UNIT ( .MILLI., .METRE. ) );
#4982 = EDGE_CURVE ( 'NONE', #625, #2057, #1799, .T. ) ;
#4983 = ORIENTED_EDGE ( 'NONE', *, *, #4284, .T. ) ;
#4984 = ORIENTED_EDGE ( 'NONE', *, *, #2333, .T. ) ;
#4985 = SURFACE_STYLE_USAGE ( .BOTH. , #7599 ) ;
#4986 = PRESENTATION_STYLE_ASSIGNMENT (( #6087 ) ) ;
#4987 = LINE ( 'NONE', #5762, #3102 ) ;
#4988 = FILL_AREA_STYLE ('',( #3823 ) ) ;
#4989 = FACE_OUTER_BOUND ( 'NONE', #4525, .T. ) ;
#4990 = PLANE ( 'NONE',  #5306 ) ;
#4991 = LINE ( 'NONE', #3199, #2140 ) ;
#4992 = DIRECTION ( 'NONE',  ( -1.000000000000000000, -0.000000000000000000, 0.000000000000000000 ) ) ;
#4993 = ORIENTED_EDGE ( 'NONE', *, *, #2104, .T. ) ;
#4994 = ORIENTED_EDGE ( 'NONE', *, *, #5037, .F. ) ;
#4995 = ORIENTED_EDGE ( 'NONE', *, *, #6877, .F. ) ;
#4996 = CARTESIAN_POINT ( 'NONE',  ( 1.000000000000000000, 0.9200000000000000400, 3.750000000000000000 ) ) ;
#4997 = LINE ( 'NONE', #256, #6415 ) ;
#4998 = DIRECTION ( 'NONE',  ( 1.000000000000000000, 0.000000000000000000, -0.000000000000000000 ) ) ;
#4999 = CARTESIAN_POINT ( 'NONE',  ( 4.730000000000000426, -0.9200000000000000400, 3.750000000000000000 ) ) ;
#5000 = LINE ( 'NONE', #3885, #2130 ) ;
#5001 = APPLICATION_CONTEXT ( 'automotive_design' ) ;
#5002 =( NAMED_UNIT ( * ) SI_UNIT ( $, .STERADIAN. ) SOLID_ANGLE_UNIT ( ) );
#5003 = ORIENTED_EDGE ( 'NONE', *, *, #4281, .F. ) ;
#5004 = EDGE_CURVE ( 'NONE', #5345, #1516, #6689, .T. ) ;
#5005 = STYLED_ITEM ( 'NONE', ( #3872 ), #119 ) ;
#5006 = DIRECTION ( 'NONE',  ( 0.000000000000000000, 0.000000000000000000, 1.000000000000000000 ) ) ;
#5007 = FILL_AREA_STYLE_COLOUR ( '', #4801 ) ;
#5008 = PRESENTATION_LAYER_ASSIGNMENT (  '', '', ( #6630 ) ) ;
#5009 = EDGE_LOOP ( 'NONE', ( #4897, #1018, #7041, #5773, #1242 ) ) ;
#5010 = DIRECTION ( 'NONE',  ( -0.000000000000000000, -1.000000000000000000, -0.000000000000000000 ) ) ;
#5011 = EDGE_CURVE ( 'NONE', #4170, #386, #4852, .T. ) ;
#5012 =( GEOMETRIC_REPRESENTATION_CONTEXT ( 3 ) GLOBAL_UNCERTAINTY_ASSIGNED_CONTEXT ( ( #4519 ) ) GLOBAL_UNIT_ASSIGNED_CONTEXT ( ( #843, #679, #3151 ) ) REPRESENTATION_CONTEXT ( 'NONE', 'WORKASPACE' ) );
#5013 = DIRECTION ( 'NONE',  ( 0.5773502691896273964, 0.5773502691896249539, 0.5773502691896249539 ) ) ;
#5014 = CARTESIAN_POINT ( 'NONE',  ( 4.730000000000000426, -2.540000000000000036, 4.050000000000000711 ) ) ;
#5015 = DIRECTION ( 'NONE',  ( 0.000000000000000000, -1.112002228190259966E-16, 1.000000000000000000 ) ) ;
#5016 =( NAMED_UNIT ( * ) PLANE_ANGLE_UNIT ( ) SI_UNIT ( $, .RADIAN. ) );
#5017 = PRESENTATION_LAYER_ASSIGNMENT (  '', '', ( #2301 ) ) ;
#5018 = EDGE_LOOP ( 'NONE', ( #7234, #7543, #3177, #6823 ) ) ;
#5019 = FACE_OUTER_BOUND ( 'NONE', #1215, .T. ) ;
#5020 = DIRECTION ( 'NONE',  ( -0.9996861751910754990, 0.000000000000000000, -0.02505097067657191187 ) ) ;
#5021 = CARTESIAN_POINT ( 'NONE',  ( 5.429999999999998828, 1.620000000000000329, 4.050000000000000711 ) ) ;
#5022 = SURFACE_STYLE_FILL_AREA ( #899 ) ;
#5023 = EDGE_CURVE ( 'NONE', #4491, #3469, #1918, .T. ) ;
#5024 = DIRECTION ( 'NONE',  ( -0.02505097067657199861, 0.000000000000000000, -0.9996861751910753879 ) ) ;
#5025 = ORIENTED_EDGE ( 'NONE', *, *, #6495, .F. ) ;
#5026 = EDGE_LOOP ( 'NONE', ( #4571, #5743, #2283, #656 ) ) ;
#5027 = ORIENTED_EDGE ( 'NONE', *, *, #7176, .F. ) ;
#5028 =( NAMED_UNIT ( * ) PLANE_ANGLE_UNIT ( ) SI_UNIT ( $, .RADIAN. ) );
#5029 = DIRECTION ( 'NONE',  ( 0.000000000000000000, 0.000000000000000000, -1.000000000000000000 ) ) ;
#5030 = SURFACE_STYLE_FILL_AREA ( #3883 ) ;
#5031 = SURFACE_STYLE_FILL_AREA ( #2094 ) ;
#5032 =( LENGTH_UNIT ( ) NAMED_UNIT ( * ) SI_UNIT ( .MILLI., .METRE. ) );
#5033 = EDGE_LOOP ( 'NONE', ( #6710, #3855, #3162, #5262, #3482, #1284, #4262, #3649 ) ) ;
#5034 = LINE ( 'NONE', #6792, #3692 ) ;
#5035 = EDGE_CURVE ( 'NONE', #386, #3888, #7230, .T. ) ;
#5036 = CARTESIAN_POINT ( 'NONE',  ( -9.901406000701879151, 1.620000000000000329, -3.449999999999999734 ) ) ;
#5037 = EDGE_CURVE ( 'NONE', #3888, #5126, #4963, .T. ) ;
#5038 = SURFACE_STYLE_USAGE ( .BOTH. , #5760 ) ;
#5039 = VERTEX_POINT ( 'NONE', #650 ) ;
#5040 =( NAMED_UNIT ( * ) SI_UNIT ( $, .STERADIAN. ) SOLID_ANGLE_UNIT ( ) );
#5041 = UNCERTAINTY_MEASURE_WITH_UNIT (LENGTH_MEASURE( 1.000000000000000082E-05 ), #1578, 'distance_accuracy_value', 'NONE');
#5042 = FACE_OUTER_BOUND ( 'NONE', #6370, .T. ) ;
#5043 = FACE_OUTER_BOUND ( 'NONE', #1389, .T. ) ;
#5044 = VECTOR ( 'NONE', #6138, 1000.000000000000000 ) ;
#5045 = CIRCLE ( 'NONE', #7542, 0.08882474621664526726 ) ;
#5046 = CARTESIAN_POINT ( 'NONE',  ( -4.730000000000000426, -2.540000000000000036, 4.050000000000000711 ) ) ;
#5047 = PRESENTATION_STYLE_ASSIGNMENT (( #993 ) ) ;
#5048 = UNCERTAINTY_MEASURE_WITH_UNIT (LENGTH_MEASURE( 1.000000000000000082E-05 ), #6258, 'distance_accuracy_value', 'NONE');
#5049 = ORIENTED_EDGE ( 'NONE', *, *, #6179, .F. ) ;
#5050 = COLOUR_RGB ( '',0.7411764705882353255, 0.7764705882352941346, 0.8000000000000000444 ) ;
#5051 =( NAMED_UNIT ( * ) PLANE_ANGLE_UNIT ( ) SI_UNIT ( $, .RADIAN. ) );
#5052 = DIRECTION ( 'NONE',  ( 1.000000000000000000, 0.000000000000000000, 0.000000000000000000 ) ) ;
#5053 = CARTESIAN_POINT ( 'NONE',  ( -2.189999999999999947, -0.9200000000000000400, 3.750000000000000000 ) ) ;
#5054 =( LENGTH_UNIT ( ) NAMED_UNIT ( * ) SI_UNIT ( .MILLI., .METRE. ) );
#5055 = VECTOR ( 'NONE', #2013, 1000.000000000000114 ) ;
#5056 = AXIS2_PLACEMENT_3D ( 'NONE', #5353, #79, #2411 ) ;
#5057 = LINE ( 'NONE', #3305, #3239 ) ;
#5058 = EDGE_LOOP ( 'NONE', ( #4390, #4896, #7617, #3148 ) ) ;
#5059 = ORIENTED_EDGE ( 'NONE', *, *, #4213, .F. ) ;
#5060 = VERTEX_POINT ( 'NONE', #1267 ) ;
#5061 = EDGE_CURVE ( 'NONE', #7274, #1273, #7261, .T. ) ;
#5062 = SURFACE_SIDE_STYLE ('',( #2829 ) ) ;
#5063 =( GEOMETRIC_REPRESENTATION_CONTEXT ( 3 ) GLOBAL_UNCERTAINTY_ASSIGNED_CONTEXT ( ( #2726 ) ) GLOBAL_UNIT_ASSIGNED_CONTEXT ( ( #3905, #7393, #3276 ) ) REPRESENTATION_CONTEXT ( 'NONE', 'WORKASPACE' ) );
#5064 =( NAMED_UNIT ( * ) SI_UNIT ( $, .STERADIAN. ) SOLID_ANGLE_UNIT ( ) );
#5065 = AXIS2_PLACEMENT_3D ( 'NONE', #2597, #7327, #2558 ) ;
#5066 = AXIS2_PLACEMENT_3D ( 'NONE', #5786, #3360, #6828 ) ;
#5067 = SURFACE_SIDE_STYLE ('',( #6937 ) ) ;
#5068 = DIRECTION ( 'NONE',  ( -0.000000000000000000, 1.000000000000000000, 0.000000000000000000 ) ) ;
#5069 = VECTOR ( 'NONE', #2856, 1000.000000000000000 ) ;
#5070 = PRESENTATION_STYLE_ASSIGNMENT (( #374 ) ) ;
#5071 = LINE ( 'NONE', #4418, #2374 ) ;
#5072 = CARTESIAN_POINT ( 'NONE',  ( 0.3500000000000003664, -0.9200000000000000400, 4.050000000000000711 ) ) ;
#5073 = CARTESIAN_POINT ( 'NONE',  ( -6.599999999999999645, -0.7199999999999999734, 4.250000000000000000 ) ) ;
#5074 = VERTEX_POINT ( 'NONE', #1955 ) ;
#5075 = VECTOR ( 'NONE', #6587, 1000.000000000000114 ) ;
#5076 = STYLED_ITEM ( 'NONE', ( #7169 ), #6407 ) ;
#5077 = EDGE_CURVE ( 'NONE', #6347, #3877, #1384, .T. ) ;
#5078 = FILL_AREA_STYLE ('',( #5160 ) ) ;
#5079 = MECHANICAL_DESIGN_GEOMETRIC_PRESENTATION_REPRESENTATION (  '', ( #7433 ), #1619 ) ;
#5080 = MECHANICAL_DESIGN_GEOMETRIC_PRESENTATION_REPRESENTATION (  '', ( #4815 ), #6337 ) ;
#5081 = STYLED_ITEM ( 'NONE', ( #4561 ), #6681 ) ;
#5082 = FILL_AREA_STYLE_COLOUR ( '', #2055 ) ;
#5083 = VECTOR ( 'NONE', #1776, 1000.000000000000000 ) ;
#5084 = PRESENTATION_LAYER_ASSIGNMENT (  '', '', ( #6822 ) ) ;
#5085 = EDGE_CURVE ( 'NONE', #4145, #3153, #2970, .T. ) ;
#5086 = VERTEX_POINT ( 'NONE', #3082 ) ;
#5087 = ADVANCED_FACE ( 'NONE', ( #687 ), #4739, .F. ) ;
#5088 = PRODUCT_DEFINITION_SHAPE ( 'NONE', 'NONE',  #7632 ) ;
#5089 =( GEOMETRIC_REPRESENTATION_CONTEXT ( 3 ) GLOBAL_UNCERTAINTY_ASSIGNED_CONTEXT ( ( #5133 ) ) GLOBAL_UNIT_ASSIGNED_CONTEXT ( ( #4253, #6697, #7500 ) ) REPRESENTATION_CONTEXT ( 'NONE', 'WORKASPACE' ) );
#5090 = CARTESIAN_POINT ( 'NONE',  ( -6.599999999999999645, -2.540000000000000036, -4.250000000000000000 ) ) ;
#5091 = VECTOR ( 'NONE', #2201, 1000.000000000000000 ) ;
#5092 = VECTOR ( 'NONE', #5115, 1000.000000000000000 ) ;
#5093 = DIRECTION ( 'NONE',  ( -1.000000000000000000, -0.000000000000000000, -0.000000000000000000 ) ) ;
#5094 = COLOUR_RGB ( '',0.2000000000000000111, 0.2000000000000000111, 0.2000000000000000111 ) ;
#5095 = VERTEX_POINT ( 'NONE', #2846 ) ;
#5096 = COLOUR_RGB ( '',0.2000000000000000111, 0.2000000000000000111, 0.2000000000000000111 ) ;
#5097 = ADVANCED_FACE ( 'NONE', ( #4537 ), #6910, .T. ) ;
#5098 = STYLED_ITEM ( 'NONE', ( #179 ), #4765 ) ;
#5099 = AXIS2_PLACEMENT_3D ( 'NONE', #7402, #2025, #255 ) ;
#5100 = DIRECTION ( 'NONE',  ( 0.000000000000000000, 0.000000000000000000, 1.000000000000000000 ) ) ;
#5101 = FACE_OUTER_BOUND ( 'NONE', #778, .T. ) ;
#5102 = DIRECTION ( 'NONE',  ( 1.239088197126290077E-15, -1.000000000000000000, -0.000000000000000000 ) ) ;
#5103 = FACE_OUTER_BOUND ( 'NONE', #2759, .T. ) ;
#5104 = CARTESIAN_POINT ( 'NONE',  ( -4.730000000000000426, 0.9200000000000000400, 3.750000000000000000 ) ) ;
#5105 = CARTESIAN_POINT ( 'NONE',  ( -5.629999999999999893, 0.7200000000000008615, 4.250000000000000000 ) ) ;
#5106 = VERTEX_POINT ( 'NONE', #813 ) ;
#5107 = EDGE_LOOP ( 'NONE', ( #5897, #5972, #6246, #3251 ) ) ;
#5108 = EDGE_LOOP ( 'NONE', ( #7558, #1225, #3456, #7254 ) ) ;
#5109 = DIRECTION ( 'NONE',  ( 1.000000000000000000, 1.239088197126290077E-15, 1.377868836128689948E-31 ) ) ;
#5110 = SURFACE_STYLE_USAGE ( .BOTH. , #3312 ) ;
#5111 = DIRECTION ( 'NONE',  ( -0.02505097067657190840, 0.000000000000000000, 0.9996861751910753879 ) ) ;
#5112 = DIRECTION ( 'NONE',  ( 0.9996861751910754990, -0.000000000000000000, 0.02505097067657191187 ) ) ;
#5113 = DIRECTION ( 'NONE',  ( 1.000000000000000000, 0.000000000000000000, -0.000000000000000000 ) ) ;
#5114 = EDGE_CURVE ( 'NONE', #4021, #1117, #2219, .T. ) ;
#5115 = DIRECTION ( 'NONE',  ( -1.000000000000000000, -0.000000000000000000, -0.000000000000000000 ) ) ;
#5116 = CARTESIAN_POINT ( 'NONE',  ( 2.189999999999999947, -0.9200000000000003730, 4.050000000000001599 ) ) ;
#5117 = DIRECTION ( 'NONE',  ( -3.463922910530402421E-14, 0.000000000000000000, -1.000000000000000000 ) ) ;
#5118 = ORIENTED_EDGE ( 'NONE', *, *, #4000, .F. ) ;
#5119 = FACE_OUTER_BOUND ( 'NONE', #5761, .T. ) ;
#5120 = DIRECTION ( 'NONE',  ( -0.000000000000000000, 1.000000000000000000, -0.000000000000000000 ) ) ;
#5121 = UNCERTAINTY_MEASURE_WITH_UNIT (LENGTH_MEASURE( 1.000000000000000082E-05 ), #4505, 'distance_accuracy_value', 'NONE');
#5122 = EDGE_CURVE ( 'NONE', #484, #3280, #4579, .T. ) ;
#5123 =( LENGTH_UNIT ( ) NAMED_UNIT ( * ) SI_UNIT ( .MILLI., .METRE. ) );
#5124 = EDGE_CURVE ( 'NONE', #199, #7207, #1423, .T. ) ;
#5125 = FILL_AREA_STYLE ('',( #3966 ) ) ;
#5126 = VERTEX_POINT ( 'NONE', #238 ) ;
#5127 = UNCERTAINTY_MEASURE_WITH_UNIT (LENGTH_MEASURE( 1.000000000000000082E-05 ), #6432, 'distance_accuracy_value', 'NONE');
#5128 =( NAMED_UNIT ( * ) SI_UNIT ( $, .STERADIAN. ) SOLID_ANGLE_UNIT ( ) );
#5129 = LINE ( 'NONE', #6242, #3575 ) ;
#5130 = VECTOR ( 'NONE', #4208, 1000.000000000000000 ) ;
#5131 = CARTESIAN_POINT ( 'NONE',  ( -0.3499999999999986455, -1.620000000000000107, 4.050000000000000711 ) ) ;
#5132 = COLOUR_RGB ( '',0.7411764705882353255, 0.7764705882352941346, 0.8000000000000000444 ) ;
#5133 = UNCERTAINTY_MEASURE_WITH_UNIT (LENGTH_MEASURE( 1.000000000000000082E-05 ), #4253, 'distance_accuracy_value', 'NONE');
#5134 = DIRECTION ( 'NONE',  ( 0.000000000000000000, -0.000000000000000000, -1.000000000000000000 ) ) ;
#5135 = VERTEX_POINT ( 'NONE', #2777 ) ;
#5136 = VECTOR ( 'NONE', #1485, 1000.000000000000114 ) ;
#5137 = LINE ( 'NONE', #4548, #4714 ) ;
#5138 = DIRECTION ( 'NONE',  ( 1.000000000000000000, 0.000000000000000000, 0.000000000000000000 ) ) ;
#5139 = UNCERTAINTY_MEASURE_WITH_UNIT (LENGTH_MEASURE( 1.000000000000000082E-05 ), #4784, 'distance_accuracy_value', 'NONE');
#5140 = PRESENTATION_STYLE_ASSIGNMENT (( #5619 ) ) ;
#5141 = ADVANCED_FACE ( 'NONE', ( #284 ), #5559, .F. ) ;
#5142 = SURFACE_STYLE_USAGE ( .BOTH. , #4638 ) ;
#5143 = PRESENTATION_STYLE_ASSIGNMENT (( #7427 ) ) ;
#5144 = EDGE_CURVE ( 'NONE', #628, #3280, #7607, .T. ) ;
#5145 = LINE ( 'NONE', #2640, #3123 ) ;
#5146 = CYLINDRICAL_SURFACE ( 'NONE', #4566, 0.3666198555544820104 ) ;
#5147 = EDGE_LOOP ( 'NONE', ( #5524, #4503, #4289, #3433 ) ) ;
#5148 = ORIENTED_EDGE ( 'NONE', *, *, #5329, .T. ) ;
#5149 =( REPRESENTATION_RELATIONSHIP ('NONE','NONE', #541, #2965 ) REPRESENTATION_RELATIONSHIP_WITH_TRANSFORMATION ( #1263 )SHAPE_REPRESENTATION_RELATIONSHIP( ) );
#5150 = ORIENTED_EDGE ( 'NONE', *, *, #1071, .F. ) ;
#5151 = CARTESIAN_POINT ( 'NONE',  ( -3.089999999999999858, -2.540000000000000036, 4.250000000000000000 ) ) ;
#5152 = CARTESIAN_POINT ( 'NONE',  ( -0.8932477478277009997, 0.000000000000000000, 0.3147096712329959800 ) ) ;
#5153 = SURFACE_SIDE_STYLE ('',( #2803 ) ) ;
#5154 = CARTESIAN_POINT ( 'NONE',  ( 1.990000000000000435, -2.540000000000000036, 4.250000000000000000 ) ) ;
#5155 = FILL_AREA_STYLE ('',( #1219 ) ) ;
#5156 =( NAMED_UNIT ( * ) PLANE_ANGLE_UNIT ( ) SI_UNIT ( $, .RADIAN. ) );
#5157 = DIRECTION ( 'NONE',  ( 0.000000000000000000, 0.000000000000000000, -1.000000000000000000 ) ) ;
#5158 = ORIENTED_EDGE ( 'NONE', *, *, #6507, .T. ) ;
#5159 = PRODUCT_DEFINITION ( 'UNKNOWN', '', #3249, #6385 ) ;
#5160 = FILL_AREA_STYLE_COLOUR ( '', #5940 ) ;
#5161 = PRESENTATION_STYLE_ASSIGNMENT (( #1022 ) ) ;
#5162 =( NAMED_UNIT ( * ) SI_UNIT ( $, .STERADIAN. ) SOLID_ANGLE_UNIT ( ) );
#5163 = PRODUCT_RELATED_PRODUCT_CATEGORY ( 'part', '', ( #5460 ) ) ;
#5164 = VERTEX_POINT ( 'NONE', #115 ) ;
#5165 = EDGE_CURVE ( 'NONE', #1941, #1311, #37, .T. ) ;
#5166 = LINE ( 'NONE', #3241, #4333 ) ;
#5167 = DIRECTION ( 'NONE',  ( 0.7071067811865461294, 0.000000000000000000, -0.7071067811865490160 ) ) ;
#5168 =( NAMED_UNIT ( * ) PLANE_ANGLE_UNIT ( ) SI_UNIT ( $, .RADIAN. ) );
#5169 = ORIENTED_EDGE ( 'NONE', *, *, #1125, .F. ) ;
#5170 = LINE ( 'NONE', #3985, #2751 ) ;
#5171 = PRESENTATION_LAYER_ASSIGNMENT (  '', '', ( #129 ) ) ;
#5172 = DIRECTION ( 'NONE',  ( 1.000000000000000000, 0.000000000000000000, 0.000000000000000000 ) ) ;
#5173 = FILL_AREA_STYLE ('',( #399 ) ) ;
#5174 = LINE ( 'NONE', #1656, #5187 ) ;
#5175 = PLANE ( 'NONE',  #6497 ) ;
#5176 = CARTESIAN_POINT ( 'NONE',  ( -1.000000000000000000, 1.620000000000000107, 3.750000000000000000 ) ) ;
#5177 = ORIENTED_EDGE ( 'NONE', *, *, #5702, .T. ) ;
#5178 = COLOUR_RGB ( '',0.7411764705882353255, 0.7764705882352941346, 0.8000000000000000444 ) ;
#5179 = STYLED_ITEM ( 'NONE', ( #4599 ), #2857 ) ;
#5180 = ORIENTED_EDGE ( 'NONE', *, *, #5891, .F. ) ;
#5181 = ORIENTED_EDGE ( 'NONE', *, *, #5850, .F. ) ;
#5182 = ADVANCED_FACE ( 'NONE', ( #4790 ), #4189, .F. ) ;
#5183 = CARTESIAN_POINT ( 'NONE',  ( 1.989999999999999103, -1.820000000000000284, 4.250000000000000000 ) ) ;
#5184 = DIRECTION ( 'NONE',  ( 0.000000000000000000, -0.000000000000000000, 1.000000000000000000 ) ) ;
#5185 =( NAMED_UNIT ( * ) PLANE_ANGLE_UNIT ( ) SI_UNIT ( $, .RADIAN. ) );
#5186 = CARTESIAN_POINT ( 'NONE',  ( -6.599999999999999645, 1.820000000000000062, 4.250000000000000000 ) ) ;
#5187 = VECTOR ( 'NONE', #4552, 1000.000000000000000 ) ;
#5188 = FILL_AREA_STYLE_COLOUR ( '', #5178 ) ;
#5189 =( NAMED_UNIT ( * ) SI_UNIT ( $, .STERADIAN. ) SOLID_ANGLE_UNIT ( ) );
#5190 =( LENGTH_UNIT ( ) NAMED_UNIT ( * ) SI_UNIT ( .MILLI., .METRE. ) );
#5191 = EDGE_LOOP ( 'NONE', ( #5418, #2899, #1528, #4633 ) ) ;
#5192 = VERTEX_POINT ( 'NONE', #2448 ) ;
#5193 = COLOUR_RGB ( '',0.2000000000000000111, 0.2000000000000000111, 0.2000000000000000111 ) ;
#5194 = PLANE ( 'NONE',  #4926 ) ;
#5195 = STYLED_ITEM ( 'NONE', ( #7289 ), #6312 ) ;
#5196 = DIRECTION ( 'NONE',  ( -1.239088197126290077E-15, -1.000000000000000000, 0.000000000000000000 ) ) ;
#5197 = DIRECTION ( 'NONE',  ( 0.9036900173408244363, 0.000000000000000000, 0.4281872867782747227 ) ) ;
#5198 = UNCERTAINTY_MEASURE_WITH_UNIT (LENGTH_MEASURE( 1.000000000000000082E-05 ), #4108, 'distance_accuracy_value', 'NONE');
#5199 = SURFACE_STYLE_USAGE ( .BOTH. , #2370 ) ;
#5200 = AXIS2_PLACEMENT_3D ( 'NONE', #7373, #316, #6183 ) ;
#5201 = VECTOR ( 'NONE', #6410, 1000.000000000000000 ) ;
#5202 = CARTESIAN_POINT ( 'NONE',  ( 1.540000000000000036, 1.620000000000000107, 3.750000000000000000 ) ) ;
#5203 = ORIENTED_EDGE ( 'NONE', *, *, #3408, .T. ) ;
#5204 = AXIS2_PLACEMENT_3D ( 'NONE', #4472, #1568, #2192 ) ;
#5205 = MECHANICAL_DESIGN_GEOMETRIC_PRESENTATION_REPRESENTATION (  '', ( #1001 ), #5457 ) ;
#5206 = UNCERTAINTY_MEASURE_WITH_UNIT (LENGTH_MEASURE( 1.000000000000000082E-05 ), #2584, 'distance_accuracy_value', 'NONE');
#5207 = STYLED_ITEM ( 'NONE', ( #2977 ), #6709 ) ;
#5208 = DIRECTION ( 'NONE',  ( -0.000000000000000000, 0.000000000000000000, 1.000000000000000000 ) ) ;
#5209 = CARTESIAN_POINT ( 'NONE',  ( 1.019028251576665323, 0.2000000000000000111, 0.9258181915659118300 ) ) ;
#5210 = VECTOR ( 'NONE', #6076, 1000.000000000000000 ) ;
#5211 = COLOUR_RGB ( '',0.2000000000000000111, 0.2000000000000000111, 0.2000000000000000111 ) ;
#5212 = FILL_AREA_STYLE_COLOUR ( '', #7338 ) ;
#5213 = ORIENTED_EDGE ( 'NONE', *, *, #696, .F. ) ;
#5214 = LINE ( 'NONE', #7583, #4961 ) ;
#5215 =( GEOMETRIC_REPRESENTATION_CONTEXT ( 3 ) GLOBAL_UNCERTAINTY_ASSIGNED_CONTEXT ( ( #6492 ) ) GLOBAL_UNIT_ASSIGNED_CONTEXT ( ( #826, #7270, #3585 ) ) REPRESENTATION_CONTEXT ( 'NONE', 'WORKASPACE' ) );
#5216 = SURFACE_SIDE_STYLE ('',( #6925 ) ) ;
#5217 = FACE_OUTER_BOUND ( 'NONE', #5018, .T. ) ;
#5218 =( LENGTH_UNIT ( ) NAMED_UNIT ( * ) SI_UNIT ( .MILLI., .METRE. ) );
#5219 = EDGE_CURVE ( 'NONE', #4032, #5936, #4038, .T. ) ;
#5220 = LINE ( 'NONE', #7590, #643 ) ;
#5221 = EDGE_CURVE ( 'NONE', #1971, #6519, #6406, .T. ) ;
#5222 = VECTOR ( 'NONE', #6356, 1000.000000000000000 ) ;
#5223 =( GEOMETRIC_REPRESENTATION_CONTEXT ( 3 ) GLOBAL_UNCERTAINTY_ASSIGNED_CONTEXT ( ( #2530 ) ) GLOBAL_UNIT_ASSIGNED_CONTEXT ( ( #7189, #6616, #4323 ) ) REPRESENTATION_CONTEXT ( 'NONE', 'WORKASPACE' ) );
#5224 = ORIENTED_EDGE ( 'NONE', *, *, #7013, .F. ) ;
#5225 = ORIENTED_EDGE ( 'NONE', *, *, #6619, .F. ) ;
#5226 = ORIENTED_EDGE ( 'NONE', *, *, #7157, .T. ) ;
#5227 = LINE ( 'NONE', #7121, #6560 ) ;
#5228 = CARTESIAN_POINT ( 'NONE',  ( 2.890000000000000124, 0.9200000000000000400, -12.25140600070190011 ) ) ;
#5229 = COLOUR_RGB ( '',0.2000000000000000111, 0.2000000000000000111, 0.2000000000000000111 ) ;
#5230 = FILL_AREA_STYLE_COLOUR ( '', #4083 ) ;
#5231 = AXIS2_PLACEMENT_3D ( 'NONE', #6950, #6375, #5758 ) ;
#5232 = CARTESIAN_POINT ( 'NONE',  ( 0.3819168425098900532, 0.4000000000000000222, 4.780491394004579675 ) ) ;
#5233 = DIRECTION ( 'NONE',  ( 0.000000000000000000, -1.000000000000000000, 0.000000000000000000 ) ) ;
#5234 = LINE ( 'NONE', #3514, #2254 ) ;
#5235 = CARTESIAN_POINT ( 'NONE',  ( 1.540000000000000036, 0.9200000000000000400, -12.25140600070190011 ) ) ;
#5236 = CARTESIAN_POINT ( 'NONE',  ( -6.599999999999999645, 0.7200000000000009726, 4.250000000000000000 ) ) ;
#5237 = ORIENTED_EDGE ( 'NONE', *, *, #1935, .T. ) ;
#5238 = ORIENTED_EDGE ( 'NONE', *, *, #5560, .F. ) ;
#5239 = SURFACE_SIDE_STYLE ('',( #6438 ) ) ;
#5240 = CARTESIAN_POINT ( 'NONE',  ( 1.000000000000000000, -1.620000000000000107, -3.449999999999999734 ) ) ;
#5241 = DIRECTION ( 'NONE',  ( 0.7071067811865450192, 0.000000000000000000, -0.7071067811865500152 ) ) ;
#5242 =( NAMED_UNIT ( * ) PLANE_ANGLE_UNIT ( ) SI_UNIT ( $, .RADIAN. ) );
#5243 = EDGE_CURVE ( 'NONE', #7322, #2712, #5836, .T. ) ;
#5244 = UNCERTAINTY_MEASURE_WITH_UNIT (LENGTH_MEASURE( 1.000000000000000082E-05 ), #1644, 'distance_accuracy_value', 'NONE');
#5245 = PRESENTATION_STYLE_ASSIGNMENT (( #1680 ) ) ;
#5246 = SURFACE_STYLE_FILL_AREA ( #4764 ) ;
#5247 = CARTESIAN_POINT ( 'NONE',  ( 3.090000000000000746, -0.7199999999999997513, 4.250000000000000000 ) ) ;
#5248 = CARTESIAN_POINT ( 'NONE',  ( -9.901406000701879151, 0.9200000000000011502, -3.449999999999999734 ) ) ;
#5249 = CARTESIAN_POINT ( 'NONE',  ( -0.3699999999999999956, 0.4000000000000000222, -0.05191018432148639811 ) ) ;
#5250 = ORIENTED_EDGE ( 'NONE', *, *, #5659, .T. ) ;
#5251 = EDGE_CURVE ( 'NONE', #841, #3115, #2146, .T. ) ;
#5252 = CARTESIAN_POINT ( 'NONE',  ( -2.190000000000000835, -2.540000000000000036, 4.050000000000000711 ) ) ;
#5253 =( NAMED_UNIT ( * ) PLANE_ANGLE_UNIT ( ) SI_UNIT ( $, .RADIAN. ) );
#5254 = LINE ( 'NONE', #2864, #4431 ) ;
#5255 = SURFACE_STYLE_FILL_AREA ( #609 ) ;
#5256 = LINE ( 'NONE', #1726, #539 ) ;
#5257 = CARTESIAN_POINT ( 'NONE',  ( 5.429999999999998828, 0.9200000000000002620, 4.050000000000001599 ) ) ;
#5258 = DIRECTION ( 'NONE',  ( -0.000000000000000000, 1.000000000000000000, 0.000000000000000000 ) ) ;
#5259 = VERTEX_POINT ( 'NONE', #1139 ) ;
#5260 = VECTOR ( 'NONE', #4127, 1000.000000000000000 ) ;
#5261 = ORIENTED_EDGE ( 'NONE', *, *, #3983, .T. ) ;
#5262 = ORIENTED_EDGE ( 'NONE', *, *, #7160, .T. ) ;
#5263 =( NAMED_UNIT ( * ) SI_UNIT ( $, .STERADIAN. ) SOLID_ANGLE_UNIT ( ) );
#5264 = LINE ( 'NONE', #66, #24 ) ;
#5265 = EDGE_CURVE ( 'NONE', #5783, #1009, #3492, .T. ) ;
#5266 = DIRECTION ( 'NONE',  ( 0.5773502691896279515, 0.5773502691896252870, 0.5773502691896241767 ) ) ;
#5267 = DIRECTION ( 'NONE',  ( 0.000000000000000000, -0.000000000000000000, -1.000000000000000000 ) ) ;
#5268 = VECTOR ( 'NONE', #4039, 1000.000000000000000 ) ;
#5269 = FACE_OUTER_BOUND ( 'NONE', #6048, .T. ) ;
#5270 = CARTESIAN_POINT ( 'NONE',  ( -1.019028251576669986, 0.2000000000000000111, 0.9258181915659120520 ) ) ;
#5271 =( NAMED_UNIT ( * ) PLANE_ANGLE_UNIT ( ) SI_UNIT ( $, .RADIAN. ) );
#5272 = ORIENTED_EDGE ( 'NONE', *, *, #3149, .T. ) ;
#5273 = VERTEX_POINT ( 'NONE', #5879 ) ;
#5274 = VECTOR ( 'NONE', #7444, 1000.000000000000000 ) ;
#5275 = CARTESIAN_POINT ( 'NONE',  ( -0.3499999999999999778, 0.9200000000000000400, 3.750000000000000000 ) ) ;
#5276 = FACE_OUTER_BOUND ( 'NONE', #6287, .T. ) ;
#5277 = UNCERTAINTY_MEASURE_WITH_UNIT (LENGTH_MEASURE( 1.000000000000000082E-05 ), #6303, 'distance_accuracy_value', 'NONE');
#5278 = SURFACE_STYLE_USAGE ( .BOTH. , #2921 ) ;
#5279 = DIRECTION ( 'NONE',  ( 0.4281872867782717806, 0.000000000000000000, -0.9036900173408258796 ) ) ;
#5280 = LINE ( 'NONE', #4690, #7376 ) ;
#5281 = EDGE_CURVE ( 'NONE', #4069, #1535, #4153, .T. ) ;
#5282 = ADVANCED_FACE ( 'NONE', ( #1 ), #1785, .T. ) ;
#5283 = LINE ( 'NONE', #7023, #6692 ) ;
#5284 = FILL_AREA_STYLE ('',( #1682 ) ) ;
#5285 = FILL_AREA_STYLE ('',( #2339 ) ) ;
#5286 = VERTEX_POINT ( 'NONE', #147 ) ;
#5287 = DIRECTION ( 'NONE',  ( -0.5773502691896278405, -0.5773502691896240657, 0.5773502691896252870 ) ) ;
#5288 = LINE ( 'NONE', #2969, #1483 ) ;
#5289 = CARTESIAN_POINT ( 'NONE',  ( -6.599999999999999645, 0.9200000000000012612, 4.050000000000001599 ) ) ;
#5290 = ORIENTED_EDGE ( 'NONE', *, *, #718, .F. ) ;
#5291 = ORIENTED_EDGE ( 'NONE', *, *, #2961, .F. ) ;
#5292 = STYLED_ITEM ( 'NONE', ( #3296 ), #2948 ) ;
#5293 = ORIENTED_EDGE ( 'NONE', *, *, #2049, .F. ) ;
#5294 = CARTESIAN_POINT ( 'NONE',  ( -4.080000000000000071, -0.9200000000000000400, 3.750000000000000000 ) ) ;
#5295 = CARTESIAN_POINT ( 'NONE',  ( 0.005178789717898660272, 0.4000000000000000222, 1.461898641557689782 ) ) ;
#5296 = FILL_AREA_STYLE_COLOUR ( '', #4574 ) ;
#5297 = SURFACE_STYLE_FILL_AREA ( #3477 ) ;
#5298 = SURFACE_SIDE_STYLE ('',( #4109 ) ) ;
#5299 = VECTOR ( 'NONE', #1756, 1000.000000000000000 ) ;
#5300 = PRESENTATION_LAYER_ASSIGNMENT (  '', '', ( #3821 ) ) ;
#5301 = CARTESIAN_POINT ( 'NONE',  ( -0.1830820574702410053, 0.3999999999999999112, 5.449641565359209849 ) ) ;
#5302 = DIRECTION ( 'NONE',  ( -1.000000000000000000, 0.000000000000000000, -0.000000000000000000 ) ) ;
#5303 = EDGE_LOOP ( 'NONE', ( #1168, #4949, #1636, #1468 ) ) ;
#5304 = ADVANCED_FACE ( 'NONE', ( #6606 ), #3068, .F. ) ;
#5305 = VERTEX_POINT ( 'NONE', #7251 ) ;
#5306 = AXIS2_PLACEMENT_3D ( 'NONE', #178, #4256, #135 ) ;
#5307 = PRESENTATION_STYLE_ASSIGNMENT (( #4072 ) ) ;
#5308 = PRESENTATION_LAYER_ASSIGNMENT (  '', '', ( #3088 ) ) ;
#5309 = FACE_OUTER_BOUND ( 'NONE', #2087, .T. ) ;
#5310 =( NAMED_UNIT ( * ) PLANE_ANGLE_UNIT ( ) SI_UNIT ( $, .RADIAN. ) );
#5311 = CARTESIAN_POINT ( 'NONE',  ( -0.3699999999999999956, 0.000000000000000000, -0.05191018432148646056 ) ) ;
#5312 = FILL_AREA_STYLE_COLOUR ( '', #4487 ) ;
#5313 = SURFACE_STYLE_USAGE ( .BOTH. , #4729 ) ;
#5314 = STYLED_ITEM ( 'NONE', ( #1954 ), #3731 ) ;
#5315 = VECTOR ( 'NONE', #5184, 1000.000000000000000 ) ;
#5316 = UNCERTAINTY_MEASURE_WITH_UNIT (LENGTH_MEASURE( 1.000000000000000082E-05 ), #6740, 'distance_accuracy_value', 'NONE');
#5317 = CARTESIAN_POINT ( 'NONE',  ( -2.890000000000000124, -1.620000000000000107, -12.25140600070190011 ) ) ;
#5318 = VECTOR ( 'NONE', #1458, 1000.000000000000000 ) ;
#5319 = FILL_AREA_STYLE ('',( #2382 ) ) ;
#5320 =( LENGTH_UNIT ( ) NAMED_UNIT ( * ) SI_UNIT ( .MILLI., .METRE. ) );
#5321 = ADVANCED_FACE ( 'NONE', ( #1364 ), #4348, .F. ) ;
#5322 = MECHANICAL_DESIGN_GEOMETRIC_PRESENTATION_REPRESENTATION (  '', ( #3971 ), #6571 ) ;
#5323 = VERTEX_POINT ( 'NONE', #6101 ) ;
#5324 = FILL_AREA_STYLE ('',( #1689 ) ) ;
#5325 = AXIS2_PLACEMENT_3D ( 'NONE', #7168, #7056, #5986 ) ;
#5326 = SURFACE_SIDE_STYLE ('',( #5255 ) ) ;
#5327 = DIRECTION ( 'NONE',  ( -0.02505097067657190840, 0.000000000000000000, -0.9996861751910753879 ) ) ;
#5328 = SURFACE_SIDE_STYLE ('',( #7037 ) ) ;
#5329 = EDGE_CURVE ( 'NONE', #5701, #852, #3886, .T. ) ;
#5330 = ORIENTED_EDGE ( 'NONE', *, *, #2537, .T. ) ;
#5331 = ORIENTED_EDGE ( 'NONE', *, *, #3955, .F. ) ;
#5332 = COLOUR_RGB ( '',0.2000000000000000111, 0.2000000000000000111, 0.2000000000000000111 ) ;
#5333 = VERTEX_POINT ( 'NONE', #3320 ) ;
#5334 = CARTESIAN_POINT ( 'NONE',  ( 0.8588250565440940232, 0.4000000000000000222, 5.322969931419179623 ) ) ;
#5335 = LINE ( 'NONE', #4746, #5315 ) ;
#5336 = SURFACE_SIDE_STYLE ('',( #2980 ) ) ;
#5337 = FACE_OUTER_BOUND ( 'NONE', #5147, .T. ) ;
#5338 =( NAMED_UNIT ( * ) PLANE_ANGLE_UNIT ( ) SI_UNIT ( $, .RADIAN. ) );
#5339 = SURFACE_STYLE_USAGE ( .BOTH. , #5298 ) ;
#5340 = VECTOR ( 'NONE', #5498, 1000.000000000000000 ) ;
#5341 = DIRECTION ( 'NONE',  ( 0.000000000000000000, -0.7071067811865455743, -0.7071067811865495711 ) ) ;
#5342 = ORIENTED_EDGE ( 'NONE', *, *, #5772, .T. ) ;
#5343 = MECHANICAL_DESIGN_GEOMETRIC_PRESENTATION_REPRESENTATION (  '', ( #7453 ), #7335 ) ;
#5344 = CARTESIAN_POINT ( 'NONE',  ( -4.730000000000000426, 1.619999999999999885, 4.050000000000001599 ) ) ;
#5345 = VERTEX_POINT ( 'NONE', #5116 ) ;
#5346 = MECHANICAL_DESIGN_GEOMETRIC_PRESENTATION_REPRESENTATION (  '', ( #3606 ), #6717 ) ;
#5347 = FILL_AREA_STYLE_COLOUR ( '', #5820 ) ;
#5348 = EDGE_CURVE ( 'NONE', #3376, #625, #4006, .T. ) ;
#5349 = FILL_AREA_STYLE ('',( #4829 ) ) ;
#5350 = SURFACE_STYLE_USAGE ( .BOTH. , #6487 ) ;
#5351 = UNCERTAINTY_MEASURE_WITH_UNIT (LENGTH_MEASURE( 1.000000000000000082E-05 ), #1523, 'distance_accuracy_value', 'NONE');
#5352 =( GEOMETRIC_REPRESENTATION_CONTEXT ( 3 ) GLOBAL_UNCERTAINTY_ASSIGNED_CONTEXT ( ( #5520 ) ) GLOBAL_UNIT_ASSIGNED_CONTEXT ( ( #3511, #697, #1233 ) ) REPRESENTATION_CONTEXT ( 'NONE', 'WORKASPACE' ) );
#5353 = CARTESIAN_POINT ( 'NONE',  ( -6.599999999999999645, -1.820000000000000062, 4.250000000000000000 ) ) ;
#5354 = FILL_AREA_STYLE_COLOUR ( '', #1921 ) ;
#5355 = AXIS2_PLACEMENT_3D ( 'NONE', #6464, #545, #1220 ) ;
#5356 = ADVANCED_FACE ( 'NONE', ( #7516 ), #376, .F. ) ;
#5357 = LINE ( 'NONE', #4659, #3844 ) ;
#5358 = EDGE_CURVE ( 'NONE', #1388, #6552, #3953, .T. ) ;
#5359 = FILL_AREA_STYLE_COLOUR ( '', #2092 ) ;
#5360 = DIRECTION ( 'NONE',  ( 0.000000000000000000, -0.000000000000000000, 1.000000000000000000 ) ) ;
#5361 = ORIENTED_EDGE ( 'NONE', *, *, #5818, .T. ) ;
#5362 = DIRECTION ( 'NONE',  ( 0.000000000000000000, -0.7071067811865455743, -0.7071067811865495711 ) ) ;
#5363 = SURFACE_STYLE_USAGE ( .BOTH. , #3571 ) ;
#5364 = APPLICATION_PROTOCOL_DEFINITION ( 'draft international standard', 'automotive_design', 1998, #1331 ) ;
#5365 = FILL_AREA_STYLE ('',( #647 ) ) ;
#5366 = DIRECTION ( 'NONE',  ( -0.000000000000000000, -1.000000000000000000, -0.000000000000000000 ) ) ;
#5367 =( LENGTH_UNIT ( ) NAMED_UNIT ( * ) SI_UNIT ( .MILLI., .METRE. ) );
#5368 =( NAMED_UNIT ( * ) PLANE_ANGLE_UNIT ( ) SI_UNIT ( $, .RADIAN. ) );
#5369 = SURFACE_SIDE_STYLE ('',( #775 ) ) ;
#5370 = ORIENTED_EDGE ( 'NONE', *, *, #935, .F. ) ;
#5371 = ORIENTED_EDGE ( 'NONE', *, *, #7057, .T. ) ;
#5372 = EDGE_LOOP ( 'NONE', ( #3355, #1445, #5661, #4362 ) ) ;
#5373 = CARTESIAN_POINT ( 'NONE',  ( -0.5176744983949770340, 0.4000000000000000222, 6.166017239158860797 ) ) ;
#5374 = SURFACE_SIDE_STYLE ('',( #4254 ) ) ;
#5375 = EDGE_CURVE ( 'NONE', #1131, #6650, #2807, .T. ) ;
#5376 = CARTESIAN_POINT ( 'NONE',  ( 6.599999999999999645, -2.540000000000000036, -3.449999999999999734 ) ) ;
#5377 = PRESENTATION_STYLE_ASSIGNMENT (( #1736 ) ) ;
#5378 = EDGE_CURVE ( 'NONE', #740, #1535, #2096, .T. ) ;
#5379 = CARTESIAN_POINT ( 'NONE',  ( -1.540000000000000036, -1.620000000000000107, 3.750000000000000000 ) ) ;
#5380 = DIRECTION ( 'NONE',  ( -1.239088197126290077E-15, 1.000000000000000000, 0.000000000000000000 ) ) ;
#5381 = SURFACE_STYLE_FILL_AREA ( #4864 ) ;
#5382 = AXIS2_PLACEMENT_3D ( 'NONE', #4521, #6890, #6314 ) ;
#5383 =( LENGTH_UNIT ( ) NAMED_UNIT ( * ) SI_UNIT ( .MILLI., .METRE. ) );
#5384 = AXIS2_PLACEMENT_3D ( 'NONE', #7163, #5341, #664 ) ;
#5385 = EDGE_LOOP ( 'NONE', ( #5825, #5872, #4480, #5225 ) ) ;
#5386 = EDGE_LOOP ( 'NONE', ( #872, #6069, #3620, #4115 ) ) ;
#5387 = EDGE_LOOP ( 'NONE', ( #2579, #4983, #1584, #4627 ) ) ;
#5388 = PRESENTATION_STYLE_ASSIGNMENT (( #668 ) ) ;
#5389 = TOROIDAL_SURFACE ( 'NONE', #941, 0.08819660112501069571, 0.1499999999999999944 ) ;
#5390 = SURFACE_STYLE_FILL_AREA ( #5349 ) ;
#5391 =( NAMED_UNIT ( * ) SI_UNIT ( $, .STERADIAN. ) SOLID_ANGLE_UNIT ( ) );
#5392 = CARTESIAN_POINT ( 'NONE',  ( -9.901406000701879151, -1.949999999999999956, -4.250000000000000000 ) ) ;
#5393 = FILL_AREA_STYLE ('',( #1363 ) ) ;
#5394 = DIRECTION ( 'NONE',  ( 0.000000000000000000, -1.000000000000000000, -1.112002228190259966E-16 ) ) ;
#5395 = PRESENTATION_STYLE_ASSIGNMENT (( #801 ) ) ;
#5396 = VECTOR ( 'NONE', #6376, 1000.000000000000000 ) ;
#5397 =( REPRESENTATION_RELATIONSHIP ('NONE','NONE', #541, #6374 ) REPRESENTATION_RELATIONSHIP_WITH_TRANSFORMATION ( #1336 )SHAPE_REPRESENTATION_RELATIONSHIP( ) );
#5398 = DIRECTION ( 'NONE',  ( 0.000000000000000000, -0.000000000000000000, -1.000000000000000000 ) ) ;
#5399 = FACE_OUTER_BOUND ( 'NONE', #4856, .T. ) ;
#5400 = DIRECTION ( 'NONE',  ( 0.000000000000000000, -1.112002228190259966E-16, 1.000000000000000000 ) ) ;
#5401 = EDGE_CURVE ( 'NONE', #2057, #4169, #5789, .T. ) ;
#5402 = DIRECTION ( 'NONE',  ( 0.000000000000000000, -1.000000000000000000, -1.112002228190259966E-16 ) ) ;
#5403 = ADVANCED_FACE ( 'NONE', ( #7368 ), #5751, .F. ) ;
#5404 = VERTEX_POINT ( 'NONE', #7014 ) ;
#5405 =( NAMED_UNIT ( * ) SI_UNIT ( $, .STERADIAN. ) SOLID_ANGLE_UNIT ( ) );
#5406 =( NAMED_UNIT ( * ) SI_UNIT ( $, .STERADIAN. ) SOLID_ANGLE_UNIT ( ) );
#5407 = SURFACE_STYLE_FILL_AREA ( #3046 ) ;
#5408 = CARTESIAN_POINT ( 'NONE',  ( -6.599999999999999645, 2.540000000000000036, 4.250000000000000000 ) ) ;
#5409 = ORIENTED_EDGE ( 'NONE', *, *, #5625, .F. ) ;
#5410 = ORIENTED_EDGE ( 'NONE', *, *, #1823, .T. ) ;
#5411 = ORIENTED_EDGE ( 'NONE', *, *, #3768, .T. ) ;
#5412 = CARTESIAN_POINT ( 'NONE',  ( -0.1679208549823459906, 0.4000000000000000222, 5.288875901474290764 ) ) ;
#5413 = FACE_OUTER_BOUND ( 'NONE', #3069, .T. ) ;
#5414 = DIRECTION ( 'NONE',  ( 0.000000000000000000, -1.000000000000000000, -1.112002228190259966E-16 ) ) ;
#5415 = LINE ( 'NONE', #2553, #3087 ) ;
#5416 = SURFACE_STYLE_USAGE ( .BOTH. , #3055 ) ;
#5417 = SURFACE_SIDE_STYLE ('',( #703 ) ) ;
#5418 = ORIENTED_EDGE ( 'NONE', *, *, #4357, .T. ) ;
#5419 = EDGE_CURVE ( 'NONE', #97, #6425, #1667, .T. ) ;
#5420 = SURFACE_SIDE_STYLE ('',( #3059 ) ) ;
#5421 = EDGE_CURVE ( 'NONE', #5687, #2086, #7551, .T. ) ;
#5422 = ORIENTED_EDGE ( 'NONE', *, *, #7428, .T. ) ;
#5423 = PLANE ( 'NONE',  #5564 ) ;
#5424 =( NAMED_UNIT ( * ) PLANE_ANGLE_UNIT ( ) SI_UNIT ( $, .RADIAN. ) );
#5425 =( GEOMETRIC_REPRESENTATION_CONTEXT ( 3 ) GLOBAL_UNCERTAINTY_ASSIGNED_CONTEXT ( ( #2817 ) ) GLOBAL_UNIT_ASSIGNED_CONTEXT ( ( #5518, #2572, #7298 ) ) REPRESENTATION_CONTEXT ( 'NONE', 'WORKASPACE' ) );
#5426 =( GEOMETRIC_REPRESENTATION_CONTEXT ( 3 ) GLOBAL_UNCERTAINTY_ASSIGNED_CONTEXT ( ( #883 ) ) GLOBAL_UNIT_ASSIGNED_CONTEXT ( ( #2560, #6135, #4911 ) ) REPRESENTATION_CONTEXT ( 'NONE', 'WORKASPACE' ) );
#5427 = LINE ( 'NONE', #6139, #2244 ) ;
#5428 = DIRECTION ( 'NONE',  ( -0.000000000000000000, 1.000000000000000000, 1.112002228190259966E-16 ) ) ;
#5429 = DIRECTION ( 'NONE',  ( -1.239088197126290077E-15, 1.000000000000000000, 0.000000000000000000 ) ) ;
#5430 = DIRECTION ( 'NONE',  ( 0.000000000000000000, -1.112002228190259966E-16, 1.000000000000000000 ) ) ;
#5431 = ORIENTED_EDGE ( 'NONE', *, *, #7467, .T. ) ;
#5432 = VECTOR ( 'NONE', #4345, 1000.000000000000000 ) ;
#5433 = MECHANICAL_DESIGN_GEOMETRIC_PRESENTATION_REPRESENTATION (  '', ( #2335 ), #6798 ) ;
#5434 = DIRECTION ( 'NONE',  ( 0.000000000000000000, 0.000000000000000000, -1.000000000000000000 ) ) ;
#5435 = CARTESIAN_POINT ( 'NONE',  ( 0.000000000000000000, -4.170008355713480109E-16, 3.750000000000000000 ) ) ;
#5436 =( NAMED_UNIT ( * ) PLANE_ANGLE_UNIT ( ) SI_UNIT ( $, .RADIAN. ) );
#5437 = MECHANICAL_DESIGN_GEOMETRIC_PRESENTATION_REPRESENTATION (  '', ( #3316 ), #7415 ) ;
#5438 = LINE ( 'NONE', #1908, #6757 ) ;
#5439 = APPLICATION_CONTEXT ( 'automotive_design' ) ;
#5440 = ORIENTED_EDGE ( 'NONE', *, *, #5754, .T. ) ;
#5441 = STYLED_ITEM ( 'NONE', ( #865 ), #1614 ) ;
#5442 = AXIS2_PLACEMENT_3D ( 'NONE', #7123, #4173, #5610 ) ;
#5443 = COLOUR_RGB ( '',0.2000000000000000111, 0.2000000000000000111, 0.2000000000000000111 ) ;
#5444 = CARTESIAN_POINT ( 'NONE',  ( -0.005178789717898660272, 0.000000000000000000, 2.014805344883670024 ) ) ;
#5445 =( NAMED_UNIT ( * ) SI_UNIT ( $, .STERADIAN. ) SOLID_ANGLE_UNIT ( ) );
#5446 = EDGE_CURVE ( 'NONE', #1692, #4569, #3548, .T. ) ;
#5447 = CARTESIAN_POINT ( 'NONE',  ( 6.599999999999999645, -2.540000000000000036, 0.000000000000000000 ) ) ;
#5448 = PRESENTATION_LAYER_ASSIGNMENT (  '', '', ( #156 ) ) ;
#5449 =( GEOMETRIC_REPRESENTATION_CONTEXT ( 3 ) GLOBAL_UNCERTAINTY_ASSIGNED_CONTEXT ( ( #278 ) ) GLOBAL_UNIT_ASSIGNED_CONTEXT ( ( #3660, #1392, #4900 ) ) REPRESENTATION_CONTEXT ( 'NONE', 'WORKASPACE' ) );
#5450 = CARTESIAN_POINT ( 'NONE',  ( -0.8588250565440940232, -2.168404344971008868E-16, 5.322969931419179623 ) ) ;
#5451 = ORIENTED_EDGE ( 'NONE', *, *, #3406, .F. ) ;
#5452 = PRESENTATION_LAYER_ASSIGNMENT (  '', '', ( #5955 ) ) ;
#5453 = ORIENTED_EDGE ( 'NONE', *, *, #3242, .F. ) ;
#5454 = VERTEX_POINT ( 'NONE', #2879 ) ;
#5455 = FILL_AREA_STYLE ('',( #6653 ) ) ;
#5456 = DIRECTION ( 'NONE',  ( -0.7071067811865489050, 0.000000000000000000, 0.7071067811865460184 ) ) ;
#5457 =( GEOMETRIC_REPRESENTATION_CONTEXT ( 3 ) GLOBAL_UNCERTAINTY_ASSIGNED_CONTEXT ( ( #494 ) ) GLOBAL_UNIT_ASSIGNED_CONTEXT ( ( #5635, #2610, #6721 ) ) REPRESENTATION_CONTEXT ( 'NONE', 'WORKASPACE' ) );
#5458 = EDGE_CURVE ( 'NONE', #3760, #6357, #5234, .T. ) ;
#5459 = FILL_AREA_STYLE ('',( #3093 ) ) ;
#5460 = PRODUCT ( '61301021821', '61301021821', '', ( #608 ) ) ;
#5461 = VECTOR ( 'NONE', #3822, 1000.000000000000000 ) ;
#5462 =( NAMED_UNIT ( * ) SI_UNIT ( $, .STERADIAN. ) SOLID_ANGLE_UNIT ( ) );
#5463 = EDGE_CURVE ( 'NONE', #1079, #4610, #7126, .T. ) ;
#5464 = SURFACE_STYLE_USAGE ( .BOTH. , #2476 ) ;
#5465 = SURFACE_STYLE_USAGE ( .BOTH. , #6629 ) ;
#5466 = VECTOR ( 'NONE', #3396, 1000.000000000000000 ) ;
#5467 = ORIENTED_EDGE ( 'NONE', *, *, #3664, .T. ) ;
#5468 = FILL_AREA_STYLE_COLOUR ( '', #2409 ) ;
#5469 = VERTEX_POINT ( 'NONE', #3432 ) ;
#5470 = STYLED_ITEM ( 'NONE', ( #4049 ), #6896 ) ;
#5471 = LINE ( 'NONE', #2482, #619 ) ;
#5472 = CARTESIAN_POINT ( 'NONE',  ( -4.530000000000000249, -2.540000000000000036, 4.250000000000000000 ) ) ;
#5473 = VECTOR ( 'NONE', #1525, 1000.000000000000000 ) ;
#5474 = FILL_AREA_STYLE ('',( #7137 ) ) ;
#5475 =( GEOMETRIC_REPRESENTATION_CONTEXT ( 3 ) GLOBAL_UNCERTAINTY_ASSIGNED_CONTEXT ( ( #2375 ) ) GLOBAL_UNIT_ASSIGNED_CONTEXT ( ( #750, #5990, #7170 ) ) REPRESENTATION_CONTEXT ( 'NONE', 'WORKASPACE' ) );
#5476 =( NAMED_UNIT ( * ) SI_UNIT ( $, .STERADIAN. ) SOLID_ANGLE_UNIT ( ) );
#5477 = COLOUR_RGB ( '',0.2000000000000000111, 0.2000000000000000111, 0.2000000000000000111 ) ;
#5478 = DIRECTION ( 'NONE',  ( 0.000000000000000000, 0.000000000000000000, -1.000000000000000000 ) ) ;
#5479 = ORIENTED_EDGE ( 'NONE', *, *, #6840, .T. ) ;
#5480 =( GEOMETRIC_REPRESENTATION_CONTEXT ( 3 ) GLOBAL_UNCERTAINTY_ASSIGNED_CONTEXT ( ( #5316 ) ) GLOBAL_UNIT_ASSIGNED_CONTEXT ( ( #6740, #5620, #2753 ) ) REPRESENTATION_CONTEXT ( 'NONE', 'WORKASPACE' ) );
#5481 = DIRECTION ( 'NONE',  ( -0.000000000000000000, 1.000000000000000000, 0.000000000000000000 ) ) ;
#5482 = EDGE_CURVE ( 'NONE', #5687, #5662, #1811, .T. ) ;
#5483 = VECTOR ( 'NONE', #6444, 1000.000000000000000 ) ;
#5484 = CARTESIAN_POINT ( 'NONE',  ( -0.3499999999999996447, 0.9200000000000003730, 4.050000000000001599 ) ) ;
#5485 = SURFACE_SIDE_STYLE ('',( #5297 ) ) ;
#5486 = ORIENTED_EDGE ( 'NONE', *, *, #4570, .T. ) ;
#5487 = DIRECTION ( 'NONE',  ( 1.000000000000000000, -0.000000000000000000, 0.000000000000000000 ) ) ;
#5488 = DIRECTION ( 'NONE',  ( 0.000000000000000000, 0.000000000000000000, -1.000000000000000000 ) ) ;
#5489 = DIRECTION ( 'NONE',  ( 1.000000000000000000, 1.239088197126290077E-15, 1.377868836128689948E-31 ) ) ;
#5490 = CARTESIAN_POINT ( 'NONE',  ( 0.8588250565440940232, 0.4000000000000000222, 5.322969931419179623 ) ) ;
#5491 = PLANE ( 'NONE',  #4116 ) ;
#5492 = ORIENTED_EDGE ( 'NONE', *, *, #1097, .F. ) ;
#5493 = ADVANCED_FACE ( 'NONE', ( #591 ), #4617, .T. ) ;
#5494 = ORIENTED_EDGE ( 'NONE', *, *, #3178, .F. ) ;
#5495 = ORIENTED_EDGE ( 'NONE', *, *, #3737, .F. ) ;
#5496 = PRESENTATION_STYLE_ASSIGNMENT (( #1963 ) ) ;
#5497 = DIRECTION ( 'NONE',  ( -1.000000000000000000, -0.000000000000000000, -0.000000000000000000 ) ) ;
#5498 = DIRECTION ( 'NONE',  ( -0.5773502691896280625, -0.5773502691896250649, 0.5773502691896242878 ) ) ;
#5499 = ADVANCED_FACE ( 'NONE', ( #3586 ), #4648, .F. ) ;
#5500 = ORIENTED_EDGE ( 'NONE', *, *, #1500, .F. ) ;
#5501 = LINE ( 'NONE', #4906, #6868 ) ;
#5502 = ORIENTED_EDGE ( 'NONE', *, *, #4446, .F. ) ;
#5503 = EDGE_CURVE ( 'NONE', #322, #5792, #1893, .T. ) ;
#5504 = DIRECTION ( 'NONE',  ( 0.000000000000000000, 0.000000000000000000, -1.000000000000000000 ) ) ;
#5505 = CARTESIAN_POINT ( 'NONE',  ( 0.000000000000000000, -4.170008355713480109E-16, 3.750000000000000000 ) ) ;
#5506 = VECTOR ( 'NONE', #4782, 1000.000000000000000 ) ;
#5507 = DIRECTION ( 'NONE',  ( -1.239088197126290077E-15, -1.000000000000000000, 0.000000000000000000 ) ) ;
#5508 =( NAMED_UNIT ( * ) SI_UNIT ( $, .STERADIAN. ) SOLID_ANGLE_UNIT ( ) );
#5509 = CARTESIAN_POINT ( 'NONE',  ( 4.730000000000000426, 1.620000000000000107, 3.750000000000000000 ) ) ;
#5510 = ORIENTED_EDGE ( 'NONE', *, *, #4703, .T. ) ;
#5511 = CARTESIAN_POINT ( 'NONE',  ( 2.889999999999999236, -2.540000000000000036, 4.050000000000000711 ) ) ;
#5512 =( GEOMETRIC_REPRESENTATION_CONTEXT ( 3 ) GLOBAL_UNCERTAINTY_ASSIGNED_CONTEXT ( ( #4974 ) ) GLOBAL_UNIT_ASSIGNED_CONTEXT ( ( #6103, #7253, #1408 ) ) REPRESENTATION_CONTEXT ( 'NONE', 'WORKASPACE' ) );
#5513 = EDGE_CURVE ( 'NONE', #485, #1898, #1397, .T. ) ;
#5514 = ORIENTED_EDGE ( 'NONE', *, *, #4602, .T. ) ;
#5515 = EDGE_CURVE ( 'NONE', #7351, #1692, #3139, .T. ) ;
#5516 = UNCERTAINTY_MEASURE_WITH_UNIT (LENGTH_MEASURE( 1.000000000000000082E-05 ), #6373, 'distance_accuracy_value', 'NONE');
#5517 = LINE ( 'NONE', #236, #6815 ) ;
#5518 =( LENGTH_UNIT ( ) NAMED_UNIT ( * ) SI_UNIT ( .MILLI., .METRE. ) );
#5519 = CARTESIAN_POINT ( 'NONE',  ( -3.539999999999999591, 1.620000000000000329, -3.449999999999999734 ) ) ;
#5520 = UNCERTAINTY_MEASURE_WITH_UNIT (LENGTH_MEASURE( 1.000000000000000082E-05 ), #3511, 'distance_accuracy_value', 'NONE');
#5521 = SURFACE_STYLE_FILL_AREA ( #5967 ) ;
#5522 = VERTEX_POINT ( 'NONE', #6090 ) ;
#5523 = VERTEX_POINT ( 'NONE', #3756 ) ;
#5524 = ORIENTED_EDGE ( 'NONE', *, *, #1211, .F. ) ;
#5525 = FACE_BOUND ( 'NONE', #2477, .T. ) ;
#5526 = DIRECTION ( 'NONE',  ( -0.02505097067657167248, 0.000000000000000000, -0.9996861751910753879 ) ) ;
#5527 = CARTESIAN_POINT ( 'NONE',  ( -5.429999999999998828, -0.9200000000000002620, 4.050000000000001599 ) ) ;
#5528 = UNCERTAINTY_MEASURE_WITH_UNIT (LENGTH_MEASURE( 1.000000000000000082E-05 ), #215, 'distance_accuracy_value', 'NONE');
#5529 = CARTESIAN_POINT ( 'NONE',  ( -0.9999999999999988898, 0.9200000000000000400, -12.25140600070190011 ) ) ;
#5530 = SURFACE_STYLE_USAGE ( .BOTH. , #4257 ) ;
#5531 = DIRECTION ( 'NONE',  ( -0.9979513697968032115, 0.000000000000000000, 0.06397705464214724358 ) ) ;
#5532 = ORIENTED_EDGE ( 'NONE', *, *, #5419, .F. ) ;
#5533 = VERTEX_POINT ( 'NONE', #6741 ) ;
#5534 = ORIENTED_EDGE ( 'NONE', *, *, #38, .T. ) ;
#5535 =( NAMED_UNIT ( * ) SI_UNIT ( $, .STERADIAN. ) SOLID_ANGLE_UNIT ( ) );
#5536 = PLANE ( 'NONE',  #5099 ) ;
#5537 = CARTESIAN_POINT ( 'NONE',  ( 4.730000000000000426, -1.620000000000000107, 3.750000000000000000 ) ) ;
#5538 =( REPRESENTATION_RELATIONSHIP ('NONE','NONE', #541, #6374 ) REPRESENTATION_RELATIONSHIP_WITH_TRANSFORMATION ( #1763 )SHAPE_REPRESENTATION_RELATIONSHIP( ) );
#5539 = DIRECTION ( 'NONE',  ( 0.000000000000000000, -1.000000000000000000, -1.112002228190259966E-16 ) ) ;
#5540 = EDGE_CURVE ( 'NONE', #7006, #2355, #3169, .T. ) ;
#5541 = DIRECTION ( 'NONE',  ( -1.000000000000000000, 0.000000000000000000, 0.000000000000000000 ) ) ;
#5542 = ORIENTED_EDGE ( 'NONE', *, *, #5165, .T. ) ;
#5543 = UNCERTAINTY_MEASURE_WITH_UNIT (LENGTH_MEASURE( 1.000000000000000082E-05 ), #1581, 'distance_accuracy_value', 'NONE');
#5544 = VECTOR ( 'NONE', #6805, 1000.000000000000000 ) ;
#5545 = SURFACE_SIDE_STYLE ('',( #4391 ) ) ;
#5546 = CARTESIAN_POINT ( 'NONE',  ( 4.730000000000000426, 1.620000000000000107, -12.25140600070190011 ) ) ;
#5547 = EDGE_CURVE ( 'NONE', #4866, #3747, #1849, .T. ) ;
#5548 = LINE ( 'NONE', #3609, #2176 ) ;
#5549 = AXIS2_PLACEMENT_3D ( 'NONE', #602, #5167, #7612 ) ;
#5550 = FILL_AREA_STYLE ('',( #4467 ) ) ;
#5551 =( GEOMETRIC_REPRESENTATION_CONTEXT ( 3 ) GLOBAL_UNCERTAINTY_ASSIGNED_CONTEXT ( ( #6848 ) ) GLOBAL_UNIT_ASSIGNED_CONTEXT ( ( #7075, #2346, #7000 ) ) REPRESENTATION_CONTEXT ( 'NONE', 'WORKASPACE' ) );
#5552 = ORIENTED_EDGE ( 'NONE', *, *, #381, .T. ) ;
#5553 = DIRECTION ( 'NONE',  ( -1.000000000000000000, 0.000000000000000000, -0.000000000000000000 ) ) ;
#5554 = VECTOR ( 'NONE', #6251, 1000.000000000000000 ) ;
#5555 = MECHANICAL_DESIGN_GEOMETRIC_PRESENTATION_REPRESENTATION (  '', ( #3827 ), #6674 ) ;
#5556 = LINE ( 'NONE', #722, #1488 ) ;
#5557 = DIRECTION ( 'NONE',  ( -0.000000000000000000, 1.000000000000000000, -0.000000000000000000 ) ) ;
#5558 = LINE ( 'NONE', #237, #4691 ) ;
#5559 = PLANE ( 'NONE',  #527 ) ;
#5560 = EDGE_CURVE ( 'NONE', #4040, #4287, #3667, .T. ) ;
#5561 = SURFACE_STYLE_USAGE ( .BOTH. , #327 ) ;
#5562 = ORIENTED_EDGE ( 'NONE', *, *, #5144, .F. ) ;
#5563 = AXIS2_PLACEMENT_3D ( 'NONE', #7384, #6194, #2113 ) ;
#5564 = AXIS2_PLACEMENT_3D ( 'NONE', #1934, #3104, #1441 ) ;
#5565 = VECTOR ( 'NONE', #2832, 1000.000000000000000 ) ;
#5566 = ORIENTED_EDGE ( 'NONE', *, *, #2418, .F. ) ;
#5567 =( NAMED_UNIT ( * ) PLANE_ANGLE_UNIT ( ) SI_UNIT ( $, .RADIAN. ) );
#5568 = CARTESIAN_POINT ( 'NONE',  ( -0.3499999999999997002, -1.619999999999999885, 4.050000000000001599 ) ) ;
#5569 = VECTOR ( 'NONE', #7297, 1000.000000000000000 ) ;
#5570 = MECHANICAL_DESIGN_GEOMETRIC_PRESENTATION_REPRESENTATION (  '', ( #2230 ), #6816 ) ;
#5571 = FILL_AREA_STYLE ('',( #6658 ) ) ;
#5572 = CARTESIAN_POINT ( 'NONE',  ( -0.005178789717898660272, 0.4000000000000000222, 1.461898641557689782 ) ) ;
#5573 = EDGE_CURVE ( 'NONE', #395, #1311, #4258, .T. ) ;
#5574 = CARTESIAN_POINT ( 'NONE',  ( 6.080000000000000071, 1.620000000000000107, -12.25140600070190011 ) ) ;
#5575 = AXIS2_PLACEMENT_3D ( 'NONE', #5392, #6019, #4344 ) ;
#5576 = CARTESIAN_POINT ( 'NONE',  ( -0.9820446186353369855, -1.626303258728256651E-16, 0.4057595635624680619 ) ) ;
#5577 = ORIENTED_EDGE ( 'NONE', *, *, #936, .T. ) ;
#5578 = EDGE_LOOP ( 'NONE', ( #4421, #3640, #5291, #1309 ) ) ;
#5579 = STYLED_ITEM ( 'NONE', ( #1754 ), #4185 ) ;
#5580 = VECTOR ( 'NONE', #5716, 1000.000000000000000 ) ;
#5581 = ORIENTED_EDGE ( 'NONE', *, *, #6759, .T. ) ;
#5582 = FILL_AREA_STYLE_COLOUR ( '', #4328 ) ;
#5583 = PRESENTATION_LAYER_ASSIGNMENT (  '', '', ( #7183 ) ) ;
#5584 = SURFACE_STYLE_USAGE ( .BOTH. , #6173 ) ;
#5585 =( NAMED_UNIT ( * ) PLANE_ANGLE_UNIT ( ) SI_UNIT ( $, .RADIAN. ) );
#5586 = CARTESIAN_POINT ( 'NONE',  ( -6.599999999999999645, -0.7199999999999999734, 4.250000000000000000 ) ) ;
#5587 = DIRECTION ( 'NONE',  ( 0.000000000000000000, 0.000000000000000000, 1.000000000000000000 ) ) ;
#5588 = AXIS2_PLACEMENT_3D ( 'NONE', #1747, #2951, #1202 ) ;
#5589 = PRESENTATION_STYLE_ASSIGNMENT (( #6638 ) ) ;
#5590 =( NAMED_UNIT ( * ) PLANE_ANGLE_UNIT ( ) SI_UNIT ( $, .RADIAN. ) );
#5591 = PRODUCT_DEFINITION_SHAPE ( 'NONE', 'NONE',  #7631 ) ;
#5592 = ORIENTED_EDGE ( 'NONE', *, *, #5165, .F. ) ;
#5593 = VECTOR ( 'NONE', #6965, 1000.000000000000000 ) ;
#5594 = ADVANCED_FACE ( 'NONE', ( #6046 ), #6130, .T. ) ;
#5595 = VECTOR ( 'NONE', #1085, 1000.000000000000000 ) ;
#5596 = SURFACE_STYLE_USAGE ( .BOTH. , #7285 ) ;
#5597 =( NAMED_UNIT ( * ) SI_UNIT ( $, .STERADIAN. ) SOLID_ANGLE_UNIT ( ) );
#5598 = VECTOR ( 'NONE', #1059, 1000.000000000000000 ) ;
#5599 = CARTESIAN_POINT ( 'NONE',  ( 1.989999999999999991, -0.7199999999999999734, 4.250000000000000000 ) ) ;
#5600 = AXIS2_PLACEMENT_3D ( 'NONE', #3939, #6858, #901 ) ;
#5601 = COLOUR_RGB ( '',0.2000000000000000111, 0.2000000000000000111, 0.2000000000000000111 ) ;
#5602 = CARTESIAN_POINT ( 'NONE',  ( 0.000000000000000000, -4.170008355713480109E-16, 3.750000000000000000 ) ) ;
#5603 = AXIS2_PLACEMENT_3D ( 'NONE', #7122, #587, #1773 ) ;
#5604 = ORIENTED_EDGE ( 'NONE', *, *, #3706, .T. ) ;
#5605 = ADVANCED_FACE ( 'NONE', ( #1317 ), #3097, .F. ) ;
#5606 = PRESENTATION_LAYER_ASSIGNMENT (  '', '', ( #60 ) ) ;
#5607 = CARTESIAN_POINT ( 'NONE',  ( 0.7366198555544819504, 0.4000000000000000222, -0.05191018432148639811 ) ) ;
#5608 = STYLED_ITEM ( 'NONE', ( #2813 ), #5141 ) ;
#5609 = UNCERTAINTY_MEASURE_WITH_UNIT (LENGTH_MEASURE( 1.000000000000000082E-05 ), #5632, 'distance_accuracy_value', 'NONE');
#5610 = DIRECTION ( 'NONE',  ( 0.000000000000000000, 0.000000000000000000, -1.000000000000000000 ) ) ;
#5611 = CARTESIAN_POINT ( 'NONE',  ( -3.090000000000000302, -0.7199999999999998623, 4.250000000000000000 ) ) ;
#5612 = FILL_AREA_STYLE ('',( #3298 ) ) ;
#5613 = PLANE ( 'NONE',  #5733 ) ;
#5614 = ORIENTED_EDGE ( 'NONE', *, *, #5754, .F. ) ;
#5615 = EDGE_CURVE ( 'NONE', #4621, #3424, #7394, .T. ) ;
#5616 =( LENGTH_UNIT ( ) NAMED_UNIT ( * ) SI_UNIT ( .MILLI., .METRE. ) );
#5617 = LINE ( 'NONE', #5021, #4191 ) ;
#5618 = UNCERTAINTY_MEASURE_WITH_UNIT (LENGTH_MEASURE( 1.000000000000000082E-05 ), #5218, 'distance_accuracy_value', 'NONE');
#5619 = SURFACE_STYLE_USAGE ( .BOTH. , #3245 ) ;
#5620 =( NAMED_UNIT ( * ) PLANE_ANGLE_UNIT ( ) SI_UNIT ( $, .RADIAN. ) );
#5621 = DIRECTION ( 'NONE',  ( 0.000000000000000000, -1.000000000000000000, -0.000000000000000000 ) ) ;
#5622 = ORIENTED_EDGE ( 'NONE', *, *, #4518, .F. ) ;
#5623 = EDGE_LOOP ( 'NONE', ( #3843, #6975, #2393, #7146, #6870, #2189, #2293, #6744 ) ) ;
#5624 = ORIENTED_EDGE ( 'NONE', *, *, #463, .T. ) ;
#5625 = EDGE_CURVE ( 'NONE', #5039, #418, #2756, .T. ) ;
#5626 = CARTESIAN_POINT ( 'NONE',  ( 6.080000000000000071, -0.9200000000000000400, -12.25140600070190011 ) ) ;
#5627 = CARTESIAN_POINT ( 'NONE',  ( -3.089999999999999858, -2.540000000000000036, 4.250000000000000000 ) ) ;
#5628 = FACE_OUTER_BOUND ( 'NONE', #3819, .T. ) ;
#5629 = DIRECTION ( 'NONE',  ( -1.239088197126290077E-15, -1.000000000000000000, 0.000000000000000000 ) ) ;
#5630 = CARTESIAN_POINT ( 'NONE',  ( -0.005178789717898660272, 0.4000000000000000222, 2.014805344883670024 ) ) ;
#5631 = VECTOR ( 'NONE', #2405, 999.9999999999998863 ) ;
#5632 =( LENGTH_UNIT ( ) NAMED_UNIT ( * ) SI_UNIT ( .MILLI., .METRE. ) );
#5633 = ORIENTED_EDGE ( 'NONE', *, *, #5281, .T. ) ;
#5634 = PLANE ( 'NONE',  #3563 ) ;
#5635 =( LENGTH_UNIT ( ) NAMED_UNIT ( * ) SI_UNIT ( .MILLI., .METRE. ) );
#5636 = CARTESIAN_POINT ( 'NONE',  ( 1.016818841108109162, 0.2000000000000000111, 1.013987114409426571 ) ) ;
#5637 = CARTESIAN_POINT ( 'NONE',  ( -1.539999999999999591, 1.620000000000000329, -3.449999999999999734 ) ) ;
#5638 = FACE_OUTER_BOUND ( 'NONE', #3248, .T. ) ;
#5639 = COLOUR_RGB ( '',0.2000000000000000111, 0.2000000000000000111, 0.2000000000000000111 ) ;
#5640 = AXIS2_PLACEMENT_3D ( 'NONE', #7357, #249, #2592 ) ;
#5641 = ORIENTED_EDGE ( 'NONE', *, *, #7193, .F. ) ;
#5642 = SURFACE_STYLE_USAGE ( .BOTH. , #323 ) ;
#5643 = VECTOR ( 'NONE', #1291, 1000.000000000000000 ) ;
#5644 = SURFACE_STYLE_FILL_AREA ( #1537 ) ;
#5645 = DIRECTION ( 'NONE',  ( -0.000000000000000000, -1.000000000000000000, 0.000000000000000000 ) ) ;
#5646 = EDGE_CURVE ( 'NONE', #3469, #4450, #2794, .T. ) ;
#5647 = DIRECTION ( 'NONE',  ( -0.5773502691896276184, -0.5773502691896242878, 0.5773502691896253980 ) ) ;
#5648 = FILL_AREA_STYLE ('',( #924 ) ) ;
#5649 = EDGE_CURVE ( 'NONE', #4673, #395, #5145, .T. ) ;
#5650 = STYLED_ITEM ( 'NONE', ( #2 ), #741 ) ;
#5651 = ORIENTED_EDGE ( 'NONE', *, *, #2052, .F. ) ;
#5652 = CARTESIAN_POINT ( 'NONE',  ( -6.599999999999999645, -2.540000000000000036, 4.250000000000000000 ) ) ;
#5653 = PRESENTATION_STYLE_ASSIGNMENT (( #2079 ) ) ;
#5654 = LINE ( 'NONE', #2238, #4684 ) ;
#5655 = LINE ( 'NONE', #2708, #5976 ) ;
#5656 = DIRECTION ( 'NONE',  ( -1.000000000000000000, 0.000000000000000000, 0.000000000000000000 ) ) ;
#5657 = DIRECTION ( 'NONE',  ( -0.000000000000000000, 0.000000000000000000, 1.000000000000000000 ) ) ;
#5658 =( NAMED_UNIT ( * ) SI_UNIT ( $, .STERADIAN. ) SOLID_ANGLE_UNIT ( ) );
#5659 = EDGE_CURVE ( 'NONE', #3911, #2692, #2165, .T. ) ;
#5660 = ORIENTED_EDGE ( 'NONE', *, *, #5987, .T. ) ;
#5661 = ORIENTED_EDGE ( 'NONE', *, *, #2498, .F. ) ;
#5662 = VERTEX_POINT ( 'NONE', #6930 ) ;
#5663 =( LENGTH_UNIT ( ) NAMED_UNIT ( * ) SI_UNIT ( .MILLI., .METRE. ) );
#5664 = CARTESIAN_POINT ( 'NONE',  ( -0.3499999999999999778, -0.9200000000000000400, -12.25140600070190011 ) ) ;
#5665 = LINE ( 'NONE', #6326, #5565 ) ;
#5666 = LINE ( 'NONE', #2601, #6211 ) ;
#5667 = SURFACE_SIDE_STYLE ('',( #5031 ) ) ;
#5668 =( LENGTH_UNIT ( ) NAMED_UNIT ( * ) SI_UNIT ( .MILLI., .METRE. ) );
#5669 = EDGE_CURVE ( 'NONE', #5533, #1787, #6316, .T. ) ;
#5670 = EDGE_CURVE ( 'NONE', #4270, #7006, #1510, .T. ) ;
#5671 = VERTEX_POINT ( 'NONE', #3874 ) ;
#5672 = CARTESIAN_POINT ( 'NONE',  ( -0.1138737533966049792, 0.4000000000000000222, -4.023197458950360073 ) ) ;
#5673 = SURFACE_STYLE_FILL_AREA ( #947 ) ;
#5674 = UNCERTAINTY_MEASURE_WITH_UNIT (LENGTH_MEASURE( 1.000000000000000082E-05 ), #6566, 'distance_accuracy_value', 'NONE');
#5675 = LINE ( 'NONE', #461, #771 ) ;
#5676 = LINE ( 'NONE', #878, #6025 ) ;
#5677 = EDGE_CURVE ( 'NONE', #184, #4329, #6253, .T. ) ;
#5678 = AXIS2_PLACEMENT_3D ( 'NONE', #203, #3813, #4976 ) ;
#5679 = EDGE_LOOP ( 'NONE', ( #2710, #2771, #2945, #5118 ) ) ;
#5680 = UNCERTAINTY_MEASURE_WITH_UNIT (LENGTH_MEASURE( 1.000000000000000082E-05 ), #2814, 'distance_accuracy_value', 'NONE');
#5681 = CARTESIAN_POINT ( 'NONE',  ( -3.089999999999999858, -2.540000000000000036, 4.250000000000000000 ) ) ;
#5682 = VECTOR ( 'NONE', #5208, 1000.000000000000000 ) ;
#5683 = AXIS2_PLACEMENT_3D ( 'NONE', #4551, #6924, #6249 ) ;
#5684 = PLANE ( 'NONE',  #4749 ) ;
#5685 = UNCERTAINTY_MEASURE_WITH_UNIT (LENGTH_MEASURE( 1.000000000000000082E-05 ), #2285, 'distance_accuracy_value', 'NONE');
#5686 =( LENGTH_UNIT ( ) NAMED_UNIT ( * ) SI_UNIT ( .MILLI., .METRE. ) );
#5687 = VERTEX_POINT ( 'NONE', #7506 ) ;
#5688 = MECHANICAL_DESIGN_GEOMETRIC_PRESENTATION_REPRESENTATION (  '', ( #3950 ), #6553 ) ;
#5689 = CARTESIAN_POINT ( 'NONE',  ( -2.540000000000000036, -1.469999999999999973, -3.326802541049640016 ) ) ;
#5690 = UNCERTAINTY_MEASURE_WITH_UNIT (LENGTH_MEASURE( 1.000000000000000082E-05 ), #4249, 'distance_accuracy_value', 'NONE');
#5691 =( NAMED_UNIT ( * ) PLANE_ANGLE_UNIT ( ) SI_UNIT ( $, .RADIAN. ) );
#5692 = PRESENTATION_STYLE_ASSIGNMENT (( #2081 ) ) ;
#5693 = DIRECTION ( 'NONE',  ( 0.000000000000000000, 0.000000000000000000, 1.000000000000000000 ) ) ;
#5694 = AXIS2_PLACEMENT_3D ( 'NONE', #5920, #4772, #5964 ) ;
#5695 = PRESENTATION_LAYER_ASSIGNMENT (  '', '', ( #153 ) ) ;
#5696 = CARTESIAN_POINT ( 'NONE',  ( 2.890000000000000124, 0.9200000000000000400, 3.750000000000000000 ) ) ;
#5697 = SURFACE_STYLE_FILL_AREA ( #829 ) ;
#5698 = VERTEX_POINT ( 'NONE', #4522 ) ;
#5699 = VERTEX_POINT ( 'NONE', #6780 ) ;
#5700 = APPLICATION_CONTEXT ( 'automotive_design' ) ;
#5701 = VERTEX_POINT ( 'NONE', #2054 ) ;
#5702 = EDGE_CURVE ( 'NONE', #4329, #3125, #1623, .T. ) ;
#5703 =( NAMED_UNIT ( * ) SI_UNIT ( $, .STERADIAN. ) SOLID_ANGLE_UNIT ( ) );
#5704 = VECTOR ( 'NONE', #4850, 1000.000000000000114 ) ;
#5705 = AXIS2_PLACEMENT_3D ( 'NONE', #2136, #2172, #4529 ) ;
#5706 = EDGE_CURVE ( 'NONE', #6039, #305, #3278, .T. ) ;
#5707 =( NAMED_UNIT ( * ) PLANE_ANGLE_UNIT ( ) SI_UNIT ( $, .RADIAN. ) );
#5708 = COLOUR_RGB ( '',0.2000000000000000111, 0.2000000000000000111, 0.2000000000000000111 ) ;
#5709 = DIRECTION ( 'NONE',  ( -0.000000000000000000, 0.000000000000000000, 1.000000000000000000 ) ) ;
#5710 = FACE_OUTER_BOUND ( 'NONE', #6471, .T. ) ;
#5711 = DIRECTION ( 'NONE',  ( 1.000000000000000000, 0.000000000000000000, -0.000000000000000000 ) ) ;
#5712 = SURFACE_SIDE_STYLE ('',( #2770 ) ) ;
#5713 = ORIENTED_EDGE ( 'NONE', *, *, #1304, .F. ) ;
#5714 = VECTOR ( 'NONE', #3837, 1000.000000000000114 ) ;
#5715 = DIRECTION ( 'NONE',  ( 1.000000000000000000, 0.000000000000000000, -0.000000000000000000 ) ) ;
#5716 = DIRECTION ( 'NONE',  ( -1.000000000000000000, 0.000000000000000000, -0.000000000000000000 ) ) ;
#5717 = PRESENTATION_LAYER_ASSIGNMENT (  '', '', ( #3723 ) ) ;
#5718 = CARTESIAN_POINT ( 'NONE',  ( -0.5569527916718950422, 0.4000000000000000222, 2.050178687254370136 ) ) ;
#5719 = FILL_AREA_STYLE ('',( #7300 ) ) ;
#5720 = VECTOR ( 'NONE', #1081, 1000.000000000000000 ) ;
#5721 =( GEOMETRIC_REPRESENTATION_CONTEXT ( 3 ) GLOBAL_UNCERTAINTY_ASSIGNED_CONTEXT ( ( #6157 ) ) GLOBAL_UNIT_ASSIGNED_CONTEXT ( ( #5823, #6399, #6549 ) ) REPRESENTATION_CONTEXT ( 'NONE', 'WORKASPACE' ) );
#5722 = AXIS2_PLACEMENT_3D ( 'NONE', #6949, #2070, #6909 ) ;
#5723 = UNCERTAINTY_MEASURE_WITH_UNIT (LENGTH_MEASURE( 1.000000000000000082E-05 ), #3645, 'distance_accuracy_value', 'NONE');
#5724 = ORIENTED_EDGE ( 'NONE', *, *, #4000, .T. ) ;
#5725 =( GEOMETRIC_REPRESENTATION_CONTEXT ( 3 ) GLOBAL_UNCERTAINTY_ASSIGNED_CONTEXT ( ( #2044 ) ) GLOBAL_UNIT_ASSIGNED_CONTEXT ( ( #5853, #2275, #605 ) ) REPRESENTATION_CONTEXT ( 'NONE', 'WORKASPACE' ) );
#5726 = EDGE_CURVE ( 'NONE', #1693, #2171, #966, .T. ) ;
#5727 = SURFACE_STYLE_FILL_AREA ( #6302 ) ;
#5728 = FILL_AREA_STYLE_COLOUR ( '', #4307 ) ;
#5729 = COLOUR_RGB ( '',0.2000000000000000111, 0.2000000000000000111, 0.2000000000000000111 ) ;
#5730 = LINE ( 'NONE', #3234, #7547 ) ;
#5731 = DIRECTION ( 'NONE',  ( 0.000000000000000000, -1.000000000000000000, -1.112002228190259966E-16 ) ) ;
#5732 = VERTEX_POINT ( 'NONE', #2709 ) ;
#5733 = AXIS2_PLACEMENT_3D ( 'NONE', #288, #3899, #437 ) ;
#5734 = AXIS2_PLACEMENT_3D ( 'NONE', #1509, #2313, #6970 ) ;
#5735 = CARTESIAN_POINT ( 'NONE',  ( 0.000000000000000000, 0.000000000000000000, -4.023197458950360073 ) ) ;
#5736 = AXIS2_PLACEMENT_3D ( 'NONE', #2875, #1123, #6900 ) ;
#5737 = CARTESIAN_POINT ( 'NONE',  ( -5.080000000000000071, -1.469999999999999973, -3.326802541049640016 ) ) ;
#5738 = CARTESIAN_POINT ( 'NONE',  ( 3.540000000000000036, 0.9199999999999990408, 3.750000000000000000 ) ) ;
#5739 = EDGE_CURVE ( 'NONE', #1230, #3115, #7071, .T. ) ;
#5740 = DIRECTION ( 'NONE',  ( -1.000000000000000000, 0.000000000000000000, -0.000000000000000000 ) ) ;
#5741 = ORIENTED_EDGE ( 'NONE', *, *, #3295, .T. ) ;
#5742 = ORIENTED_EDGE ( 'NONE', *, *, #1451, .T. ) ;
#5743 = ORIENTED_EDGE ( 'NONE', *, *, #5873, .F. ) ;
#5744 = CARTESIAN_POINT ( 'NONE',  ( -3.540000000000000036, -0.9200000000000000400, 3.750000000000000000 ) ) ;
#5745 =( LENGTH_UNIT ( ) NAMED_UNIT ( * ) SI_UNIT ( .MILLI., .METRE. ) );
#5746 = CARTESIAN_POINT ( 'NONE',  ( -6.599999999999999645, 0.7200000000000009726, 4.250000000000000000 ) ) ;
#5747 = CARTESIAN_POINT ( 'NONE',  ( -6.599999999999999645, 1.619999999999998996, 4.050000000000000711 ) ) ;
#5748 = ADVANCED_BREP_SHAPE_REPRESENTATION ( '', ( #1184, #4622 ), #7216 ) ;
#5749 = LINE ( 'NONE', #1665, #7161 ) ;
#5750 = DIRECTION ( 'NONE',  ( -0.000000000000000000, 0.000000000000000000, 1.000000000000000000 ) ) ;
#5751 = PLANE ( 'NONE',  #47 ) ;
#5752 = DIRECTION ( 'NONE',  ( -0.000000000000000000, 1.000000000000000000, -0.000000000000000000 ) ) ;
#5753 = ORIENTED_EDGE ( 'NONE', *, *, #5358, .T. ) ;
#5754 = EDGE_CURVE ( 'NONE', #967, #4866, #5057, .T. ) ;
#5755 = DIRECTION ( 'NONE',  ( 1.000000000000000000, 0.000000000000000000, -0.000000000000000000 ) ) ;
#5756 = SURFACE_STYLE_FILL_AREA ( #3368 ) ;
#5757 =( NAMED_UNIT ( * ) PLANE_ANGLE_UNIT ( ) SI_UNIT ( $, .RADIAN. ) );
#5758 = DIRECTION ( 'NONE',  ( 0.4281872867782747227, 0.000000000000000000, 0.9036900173408244363 ) ) ;
#5759 = EDGE_CURVE ( 'NONE', #7624, #1659, #3828, .T. ) ;
#5760 = SURFACE_SIDE_STYLE ('',( #2187 ) ) ;
#5761 = EDGE_LOOP ( 'NONE', ( #4243, #2245, #4100, #551 ) ) ;
#5762 = CARTESIAN_POINT ( 'NONE',  ( -2.890000000000000124, 1.620000000000000107, 3.750000000000000000 ) ) ;
#5763 = UNCERTAINTY_MEASURE_WITH_UNIT (LENGTH_MEASURE( 1.000000000000000082E-05 ), #471, 'distance_accuracy_value', 'NONE');
#5764 = SURFACE_STYLE_USAGE ( .BOTH. , #2854 ) ;
#5765 = CARTESIAN_POINT ( 'NONE',  ( -1.540000000000000036, -1.620000000000000107, -12.25140600070190011 ) ) ;
#5766 = STYLED_ITEM ( 'NONE', ( #6466 ), #194 ) ;
#5767 = SURFACE_SIDE_STYLE ('',( #4590 ) ) ;
#5768 = VECTOR ( 'NONE', #1054, 1000.000000000000000 ) ;
#5769 = UNCERTAINTY_MEASURE_WITH_UNIT (LENGTH_MEASURE( 1.000000000000000082E-05 ), #2821, 'distance_accuracy_value', 'NONE');
#5770 = DIRECTION ( 'NONE',  ( 0.000000000000000000, -1.000000000000000000, 0.000000000000000000 ) ) ;
#5771 = ADVANCED_FACE ( 'NONE', ( #5780 ), #4019, .T. ) ;
#5772 = EDGE_CURVE ( 'NONE', #6180, #5701, #4097, .T. ) ;
#5773 = ORIENTED_EDGE ( 'NONE', *, *, #7271, .F. ) ;
#5774 = MECHANICAL_DESIGN_GEOMETRIC_PRESENTATION_REPRESENTATION (  '', ( #2416 ), #5012 ) ;
#5775 =( LENGTH_UNIT ( ) NAMED_UNIT ( * ) SI_UNIT ( .MILLI., .METRE. ) );
#5776 = CARTESIAN_POINT ( 'NONE',  ( 0.000000000000000000, 0.000000000000000000, 0.000000000000000000 ) ) ;
#5777 = PLANE ( 'NONE',  #5683 ) ;
#5778 = DIRECTION ( 'NONE',  ( 1.239088197126290077E-15, -1.000000000000000000, -0.000000000000000000 ) ) ;
#5779 = SURFACE_STYLE_FILL_AREA ( #2200 ) ;
#5780 = FACE_OUTER_BOUND ( 'NONE', #657, .T. ) ;
#5781 = ORIENTED_EDGE ( 'NONE', *, *, #2860, .F. ) ;
#5782 = ORIENTED_EDGE ( 'NONE', *, *, #1440, .T. ) ;
#5783 = VERTEX_POINT ( 'NONE', #4741 ) ;
#5784 = DIRECTION ( 'NONE',  ( -1.239088197126290077E-15, 1.000000000000000000, 0.000000000000000000 ) ) ;
#5785 =( LENGTH_UNIT ( ) NAMED_UNIT ( * ) SI_UNIT ( .MILLI., .METRE. ) );
#5786 = CARTESIAN_POINT ( 'NONE',  ( 0.6405210985066780438, 0.4000000000000000222, 6.186473989507359939 ) ) ;
#5787 = SURFACE_STYLE_USAGE ( .BOTH. , #1879 ) ;
#5788 = CARTESIAN_POINT ( 'NONE',  ( -0.9999999999999991118, -1.620000000000000107, -3.449999999999999734 ) ) ;
#5789 = LINE ( 'NONE', #2838, #2120 ) ;
#5790 = SURFACE_SIDE_STYLE ('',( #3397 ) ) ;
#5791 = ORIENTED_EDGE ( 'NONE', *, *, #1071, .T. ) ;
#5792 = VERTEX_POINT ( 'NONE', #7541 ) ;
#5793 =( NAMED_UNIT ( * ) SI_UNIT ( $, .STERADIAN. ) SOLID_ANGLE_UNIT ( ) );
#5794 = FILL_AREA_STYLE_COLOUR ( '', #6336 ) ;
#5795 =( LENGTH_UNIT ( ) NAMED_UNIT ( * ) SI_UNIT ( .MILLI., .METRE. ) );
#5796 = VERTEX_POINT ( 'NONE', #5894 ) ;
#5797 = EDGE_CURVE ( 'NONE', #5662, #6401, #7459, .T. ) ;
#5798 = CARTESIAN_POINT ( 'NONE',  ( 0.3500000000000009770, -1.620000000000000107, 3.750000000000000000 ) ) ;
#5799 =( NAMED_UNIT ( * ) SI_UNIT ( $, .STERADIAN. ) SOLID_ANGLE_UNIT ( ) );
#5800 = CARTESIAN_POINT ( 'NONE',  ( 1.000000000000000000, -0.9200000000000000400, -12.25140600070190011 ) ) ;
#5801 = EDGE_LOOP ( 'NONE', ( #1628, #2593, #5502, #4462, #1326, #2046, #5181, #6991 ) ) ;
#5802 = CARTESIAN_POINT ( 'NONE',  ( -5.429999999999999716, 0.9200000000000000400, -12.25140600070190011 ) ) ;
#5803 = CIRCLE ( 'NONE', #6182, 0.1499999999999999667 ) ;
#5804 =( GEOMETRIC_REPRESENTATION_CONTEXT ( 3 ) GLOBAL_UNCERTAINTY_ASSIGNED_CONTEXT ( ( #3496 ) ) GLOBAL_UNIT_ASSIGNED_CONTEXT ( ( #2648, #2485, #7363 ) ) REPRESENTATION_CONTEXT ( 'NONE', 'WORKASPACE' ) );
#5805 = DIRECTION ( 'NONE',  ( 0.000000000000000000, 0.000000000000000000, 1.000000000000000000 ) ) ;
#5806 = SURFACE_SIDE_STYLE ('',( #7033 ) ) ;
#5807 = LINE ( 'NONE', #649, #151 ) ;
#5808 = CARTESIAN_POINT ( 'NONE',  ( -3.089999999999999858, -2.540000000000000036, 4.250000000000000000 ) ) ;
#5809 = CARTESIAN_POINT ( 'NONE',  ( -0.3499999999999986455, -2.540000000000000036, 4.050000000000000711 ) ) ;
#5810 = EDGE_LOOP ( 'NONE', ( #2354, #6511, #1649, #6895, #7084 ) ) ;
#5811 = STYLED_ITEM ( 'NONE', ( #4913 ), #3190 ) ;
#5812 = COLOUR_RGB ( '',0.2000000000000000111, 0.2000000000000000111, 0.2000000000000000111 ) ;
#5813 = ORIENTED_EDGE ( 'NONE', *, *, #5706, .T. ) ;
#5814 = ORIENTED_EDGE ( 'NONE', *, *, #5649, .T. ) ;
#5815 = DIRECTION ( 'NONE',  ( -0.000000000000000000, 1.000000000000000000, 1.112002228190259966E-16 ) ) ;
#5816 = CARTESIAN_POINT ( 'NONE',  ( 5.429999999999999716, 0.9200000000000000400, -12.25140600070190011 ) ) ;
#5817 =( NAMED_UNIT ( * ) PLANE_ANGLE_UNIT ( ) SI_UNIT ( $, .RADIAN. ) );
#5818 = EDGE_CURVE ( 'NONE', #4712, #1693, #2936, .T. ) ;
#5819 = CARTESIAN_POINT ( 'NONE',  ( 3.090000000000000746, 1.820000000000000062, 4.250000000000000000 ) ) ;
#5820 = COLOUR_RGB ( '',0.2000000000000000111, 0.2000000000000000111, 0.2000000000000000111 ) ;
#5821 = CARTESIAN_POINT ( 'NONE',  ( 2.189999999999999947, 1.620000000000000107, -12.25140600070190011 ) ) ;
#5822 =( LENGTH_UNIT ( ) NAMED_UNIT ( * ) SI_UNIT ( .MILLI., .METRE. ) );
#5823 =( LENGTH_UNIT ( ) NAMED_UNIT ( * ) SI_UNIT ( .MILLI., .METRE. ) );
#5824 = CARTESIAN_POINT ( 'NONE',  ( -1.540000000000000036, -1.620000000000000107, -3.449999999999999734 ) ) ;
#5825 = ORIENTED_EDGE ( 'NONE', *, *, #719, .T. ) ;
#5826 = ORIENTED_EDGE ( 'NONE', *, *, #5923, .F. ) ;
#5827 = VECTOR ( 'NONE', #7077, 1000.000000000000000 ) ;
#5828 = STYLED_ITEM ( 'NONE', ( #4265 ), #2379 ) ;
#5829 = SURFACE_STYLE_USAGE ( .BOTH. , #594 ) ;
#5830 = AXIS2_PLACEMENT_3D ( 'NONE', #6136, #4230, #3173 ) ;
#5831 = DIRECTION ( 'NONE',  ( -1.239088197126290077E-15, -1.000000000000000000, 0.000000000000000000 ) ) ;
#5832 = CARTESIAN_POINT ( 'NONE',  ( 6.599999999999999645, 1.949999999999999956, -4.250000000000000000 ) ) ;
#5833 = UNCERTAINTY_MEASURE_WITH_UNIT (LENGTH_MEASURE( 1.000000000000000082E-05 ), #2141, 'distance_accuracy_value', 'NONE');
#5834 = DIRECTION ( 'NONE',  ( 0.5773502691896282846, -0.5773502691896245098, -0.5773502691896245098 ) ) ;
#5835 = VECTOR ( 'NONE', #1453, 1000.000000000000000 ) ;
#5836 = LINE ( 'NONE', #6489, #5483 ) ;
#5837 = DIRECTION ( 'NONE',  ( -1.239088197126290077E-15, 1.000000000000000000, 0.000000000000000000 ) ) ;
#5838 = EDGE_CURVE ( 'NONE', #443, #2760, #7003, .T. ) ;
#5839 = MECHANICAL_DESIGN_GEOMETRIC_PRESENTATION_REPRESENTATION (  '', ( #5076 ), #3578 ) ;
#5840 =( GEOMETRIC_REPRESENTATION_CONTEXT ( 3 ) GLOBAL_UNCERTAINTY_ASSIGNED_CONTEXT ( ( #5723 ) ) GLOBAL_UNIT_ASSIGNED_CONTEXT ( ( #3645, #5436, #6677 ) ) REPRESENTATION_CONTEXT ( 'NONE', 'WORKASPACE' ) );
#5841 = DIRECTION ( 'NONE',  ( 1.000000000000000000, 0.000000000000000000, 0.000000000000000000 ) ) ;
#5842 = UNCERTAINTY_MEASURE_WITH_UNIT (LENGTH_MEASURE( 1.000000000000000082E-05 ), #6785, 'distance_accuracy_value', 'NONE');
#5843 = PRESENTATION_LAYER_ASSIGNMENT (  '', '', ( #4819 ) ) ;
#5844 = DIRECTION ( 'NONE',  ( 0.000000000000000000, 0.000000000000000000, -1.000000000000000000 ) ) ;
#5845 = CARTESIAN_POINT ( 'NONE',  ( -0.9999999999999988898, -1.620000000000000107, -12.25140600070190011 ) ) ;
#5846 = PRESENTATION_LAYER_ASSIGNMENT (  '', '', ( #3494 ) ) ;
#5847 = PRESENTATION_LAYER_ASSIGNMENT (  '', '', ( #6698 ) ) ;
#5848 = CARTESIAN_POINT ( 'NONE',  ( -4.730000000000000426, -0.9200000000000000400, -12.25140600070190011 ) ) ;
#5849 = CIRCLE ( 'NONE', #2496, 0.1499999999999999667 ) ;
#5850 = EDGE_CURVE ( 'NONE', #2946, #2316, #6972, .T. ) ;
#5851 = VERTEX_POINT ( 'NONE', #1657 ) ;
#5852 = MECHANICAL_DESIGN_GEOMETRIC_PRESENTATION_REPRESENTATION (  '', ( #2994 ), #1744 ) ;
#5853 =( LENGTH_UNIT ( ) NAMED_UNIT ( * ) SI_UNIT ( .MILLI., .METRE. ) );
#5854 = VECTOR ( 'NONE', #2652, 1000.000000000000000 ) ;
#5855 = AXIS2_PLACEMENT_3D ( 'NONE', #683, #4279, #4010 ) ;
#5856 = LINE ( 'NONE', #7034, #5827 ) ;
#5857 = FILL_AREA_STYLE ('',( #1112 ) ) ;
#5858 = CARTESIAN_POINT ( 'NONE',  ( -1.000000000000000000, 1.620000000000000107, 3.750000000000000000 ) ) ;
#5859 = LINE ( 'NONE', #59, #1876 ) ;
#5860 = VECTOR ( 'NONE', #2127, 1000.000000000000000 ) ;
#5861 = ORIENTED_EDGE ( 'NONE', *, *, #7107, .F. ) ;
#5862 = EDGE_LOOP ( 'NONE', ( #1007, #1805, #5534, #7337 ) ) ;
#5863 = ORIENTED_EDGE ( 'NONE', *, *, #2705, .F. ) ;
#5864 = CIRCLE ( 'NONE', #5736, 0.1999999999999999001 ) ;
#5865 =( LENGTH_UNIT ( ) NAMED_UNIT ( * ) SI_UNIT ( .MILLI., .METRE. ) );
#5866 = DIRECTION ( 'NONE',  ( 1.000000000000000000, 0.000000000000000000, -0.000000000000000000 ) ) ;
#5867 = VECTOR ( 'NONE', #6729, 1000.000000000000000 ) ;
#5868 = SURFACE_STYLE_USAGE ( .BOTH. , #5485 ) ;
#5869 = SURFACE_STYLE_FILL_AREA ( #4680 ) ;
#5870 = SURFACE_STYLE_FILL_AREA ( #1314 ) ;
#5871 = CARTESIAN_POINT ( 'NONE',  ( -6.599999999999999645, 2.540000000000000036, -4.250000000000000000 ) ) ;
#5872 = ORIENTED_EDGE ( 'NONE', *, *, #4703, .F. ) ;
#5873 = EDGE_CURVE ( 'NONE', #4450, #1778, #5859, .T. ) ;
#5874 = ORIENTED_EDGE ( 'NONE', *, *, #5873, .T. ) ;
#5875 = EDGE_CURVE ( 'NONE', #2520, #1516, #550, .T. ) ;
#5876 = LINE ( 'NONE', #7134, #1481 ) ;
#5877 = CARTESIAN_POINT ( 'NONE',  ( 0.8932477478277009997, 0.4000000000000000222, 0.3147096712329957580 ) ) ;
#5878 = CARTESIAN_POINT ( 'NONE',  ( -4.080000000000000071, -1.620000000000000107, 3.750000000000000000 ) ) ;
#5879 = CARTESIAN_POINT ( 'NONE',  ( 0.5569527916718951532, 0.4000000000000000222, 2.050178687254367915 ) ) ;
#5880 = CARTESIAN_POINT ( 'NONE',  ( 0.3500000000000009770, 0.9200000000000000400, 3.750000000000000000 ) ) ;
#5881 = UNCERTAINTY_MEASURE_WITH_UNIT (LENGTH_MEASURE( 1.000000000000000082E-05 ), #6565, 'distance_accuracy_value', 'NONE');
#5882 =( NAMED_UNIT ( * ) PLANE_ANGLE_UNIT ( ) SI_UNIT ( $, .RADIAN. ) );
#5883 = PLANE ( 'NONE',  #4793 ) ;
#5884 = DIRECTION ( 'NONE',  ( -0.000000000000000000, 0.000000000000000000, -1.000000000000000000 ) ) ;
#5885 = PRESENTATION_STYLE_ASSIGNMENT (( #3980 ) ) ;
#5886 = ORIENTED_EDGE ( 'NONE', *, *, #55, .F. ) ;
#5887 = CARTESIAN_POINT ( 'NONE',  ( -0.9999999999999997780, -0.9199999999999995959, -3.449999999999999734 ) ) ;
#5888 = AXIS2_PLACEMENT_3D ( 'NONE', #1834, #57, #4639 ) ;
#5889 = CONTEXT_DEPENDENT_SHAPE_REPRESENTATION ( #3695, #5591 ) ;
#5890 =( NAMED_UNIT ( * ) SI_UNIT ( $, .STERADIAN. ) SOLID_ANGLE_UNIT ( ) );
#5891 = EDGE_CURVE ( 'NONE', #4032, #2712, #2392, .T. ) ;
#5892 = SURFACE_STYLE_FILL_AREA ( #2239 ) ;
#5893 = FACE_BOUND ( 'NONE', #6540, .T. ) ;
#5894 = CARTESIAN_POINT ( 'NONE',  ( 2.890000000000000124, -1.619999999999999885, 4.050000000000001599 ) ) ;
#5895 = ORIENTED_EDGE ( 'NONE', *, *, #3191, .T. ) ;
#5896 =( GEOMETRIC_REPRESENTATION_CONTEXT ( 3 ) GLOBAL_UNCERTAINTY_ASSIGNED_CONTEXT ( ( #2749 ) ) GLOBAL_UNIT_ASSIGNED_CONTEXT ( ( #2819, #6917, #6851 ) ) REPRESENTATION_CONTEXT ( 'NONE', 'WORKASPACE' ) );
#5897 = ORIENTED_EDGE ( 'NONE', *, *, #4811, .F. ) ;
#5898 = ORIENTED_EDGE ( 'NONE', *, *, #4545, .T. ) ;
#5899 = DIRECTION ( 'NONE',  ( 0.000000000000000000, 0.000000000000000000, 1.000000000000000000 ) ) ;
#5900 = EDGE_CURVE ( 'NONE', #1686, #4040, #508, .T. ) ;
#5901 = PLANE ( 'NONE',  #3437 ) ;
#5902 = VECTOR ( 'NONE', #7568, 1000.000000000000000 ) ;
#5903 = DIRECTION ( 'NONE',  ( -1.239088197126290077E-15, 1.000000000000000000, 0.000000000000000000 ) ) ;
#5904 = PLANE ( 'NONE',  #2995 ) ;
#5905 = CARTESIAN_POINT ( 'NONE',  ( -0.3819168425098900532, 0.2000000000000000111, 4.780491394004579675 ) ) ;
#5906 = ORIENTED_EDGE ( 'NONE', *, *, #6461, .F. ) ;
#5907 = ORIENTED_EDGE ( 'NONE', *, *, #7399, .F. ) ;
#5908 = CIRCLE ( 'NONE', #3527, 0.5529067033259800201 ) ;
#5909 = FILL_AREA_STYLE ('',( #5939 ) ) ;
#5910 = SURFACE_SIDE_STYLE ('',( #1092 ) ) ;
#5911 = EDGE_CURVE ( 'NONE', #4712, #2545, #5220, .T. ) ;
#5912 = SURFACE_SIDE_STYLE ('',( #4688 ) ) ;
#5913 = LINE ( 'NONE', #2300, #945 ) ;
#5914 = LINE ( 'NONE', #5800, #5682 ) ;
#5915 = EDGE_CURVE ( 'NONE', #3733, #6854, #4640, .T. ) ;
#5916 = FILL_AREA_STYLE_COLOUR ( '', #6876 ) ;
#5917 = SURFACE_STYLE_FILL_AREA ( #2931 ) ;
#5918 = ORIENTED_EDGE ( 'NONE', *, *, #806, .T. ) ;
#5919 = SURFACE_STYLE_FILL_AREA ( #5324 ) ;
#5920 = CARTESIAN_POINT ( 'NONE',  ( -6.599999999999999645, 0.7200000000000009726, 4.250000000000000000 ) ) ;
#5921 = DIRECTION ( 'NONE',  ( -0.000000000000000000, 1.000000000000000000, 0.000000000000000000 ) ) ;
#5922 = VERTEX_POINT ( 'NONE', #4325 ) ;
#5923 = EDGE_CURVE ( 'NONE', #7207, #4306, #6538, .T. ) ;
#5924 = VERTEX_POINT ( 'NONE', #6038 ) ;
#5925 = ORIENTED_EDGE ( 'NONE', *, *, #7521, .T. ) ;
#5926 =( NAMED_UNIT ( * ) PLANE_ANGLE_UNIT ( ) SI_UNIT ( $, .RADIAN. ) );
#5927 = FILL_AREA_STYLE ('',( #3545 ) ) ;
#5928 = LINE ( 'NONE', #4026, #1847 ) ;
#5929 = LINE ( 'NONE', #2321, #4077 ) ;
#5930 =( GEOMETRIC_REPRESENTATION_CONTEXT ( 3 ) GLOBAL_UNCERTAINTY_ASSIGNED_CONTEXT ( ( #3752 ) ) GLOBAL_UNIT_ASSIGNED_CONTEXT ( ( #3975, #260, #3607 ) ) REPRESENTATION_CONTEXT ( 'NONE', 'WORKASPACE' ) );
#5931 = PRESENTATION_LAYER_ASSIGNMENT (  '', '', ( #2456 ) ) ;
#5932 = CARTESIAN_POINT ( 'NONE',  ( 5.429999999999998828, -1.619999999999998996, 4.050000000000000711 ) ) ;
#5933 = PLANE ( 'NONE',  #5384 ) ;
#5934 = ORIENTED_EDGE ( 'NONE', *, *, #6964, .F. ) ;
#5935 = ORIENTED_EDGE ( 'NONE', *, *, #3704, .F. ) ;
#5936 = VERTEX_POINT ( 'NONE', #3688 ) ;
#5937 = EDGE_CURVE ( 'NONE', #642, #7274, #1883, .T. ) ;
#5938 = STYLED_ITEM ( 'NONE', ( #5070 ), #3328 ) ;
#5939 = FILL_AREA_STYLE_COLOUR ( '', #1227 ) ;
#5940 = COLOUR_RGB ( '',0.2000000000000000111, 0.2000000000000000111, 0.2000000000000000111 ) ;
#5941 = DIRECTION ( 'NONE',  ( 0.4281872867782747227, 0.000000000000000000, 0.9036900173408244363 ) ) ;
#5942 = FILL_AREA_STYLE ('',( #2264 ) ) ;
#5943 = FILL_AREA_STYLE ('',( #2166 ) ) ;
#5944 = CARTESIAN_POINT ( 'NONE',  ( -0.3699999999999999956, 0.4000000000000000222, -3.482642567711100146 ) ) ;
#5945 = CARTESIAN_POINT ( 'NONE',  ( 0.3500000000000009770, -1.620000000000000107, -12.25140600070190011 ) ) ;
#5946 = ORIENTED_EDGE ( 'NONE', *, *, #2920, .T. ) ;
#5947 = COLOUR_RGB ( '',0.2000000000000000111, 0.2000000000000000111, 0.2000000000000000111 ) ;
#5948 =( GEOMETRIC_REPRESENTATION_CONTEXT ( 3 ) GLOBAL_UNCERTAINTY_ASSIGNED_CONTEXT ( ( #206 ) ) GLOBAL_UNIT_ASSIGNED_CONTEXT ( ( #6723, #6764, #319 ) ) REPRESENTATION_CONTEXT ( 'NONE', 'WORKASPACE' ) );
#5949 =( REPRESENTATION_RELATIONSHIP ('NONE','NONE', #541, #6374 ) REPRESENTATION_RELATIONSHIP_WITH_TRANSFORMATION ( #281 )SHAPE_REPRESENTATION_RELATIONSHIP( ) );
#5950 =( NAMED_UNIT ( * ) SI_UNIT ( $, .STERADIAN. ) SOLID_ANGLE_UNIT ( ) );
#5951 = AXIS2_PLACEMENT_3D ( 'NONE', #3179, #874, #4879 ) ;
#5952 = MECHANICAL_DESIGN_GEOMETRIC_PRESENTATION_REPRESENTATION (  '', ( #3964 ), #3461 ) ;
#5953 = CARTESIAN_POINT ( 'NONE',  ( -6.599999999999999645, -2.540000000000000036, -4.250000000000000000 ) ) ;
#5954 = DIRECTION ( 'NONE',  ( -1.000000000000000000, -0.000000000000000000, -0.000000000000000000 ) ) ;
#5955 = STYLED_ITEM ( 'NONE', ( #6290 ), #6417 ) ;
#5956 = DIRECTION ( 'NONE',  ( -1.000000000000000000, -0.000000000000000000, -0.000000000000000000 ) ) ;
#5957 = FACE_OUTER_BOUND ( 'NONE', #511, .T. ) ;
#5958 = COLOUR_RGB ( '',0.2000000000000000111, 0.2000000000000000111, 0.2000000000000000111 ) ;
#5959 = ORIENTED_EDGE ( 'NONE', *, *, #2512, .F. ) ;
#5960 = ADVANCED_FACE ( 'NONE', ( #2428 ), #5491, .F. ) ;
#5961 = COLOUR_RGB ( '',0.7411764705882353255, 0.7764705882352941346, 0.8000000000000000444 ) ;
#5962 = DIRECTION ( 'NONE',  ( 1.000000000000000000, -0.000000000000000000, 0.000000000000000000 ) ) ;
#5963 = APPLICATION_PROTOCOL_DEFINITION ( 'draft international standard', 'automotive_design', 1998, #5439 ) ;
#5964 = DIRECTION ( 'NONE',  ( 0.000000000000000000, 0.7071067811865495711, -0.7071067811865455743 ) ) ;
#5965 = PRESENTATION_STYLE_ASSIGNMENT (( #1223 ) ) ;
#5966 = CARTESIAN_POINT ( 'NONE',  ( -6.080000000000000071, 1.620000000000000107, 3.750000000000000000 ) ) ;
#5967 = FILL_AREA_STYLE ('',( #3744 ) ) ;
#5968 = ORIENTED_EDGE ( 'NONE', *, *, #5615, .T. ) ;
#5969 = VERTEX_POINT ( 'NONE', #7232 ) ;
#5970 =( GEOMETRIC_REPRESENTATION_CONTEXT ( 3 ) GLOBAL_UNCERTAINTY_ASSIGNED_CONTEXT ( ( #6852 ) ) GLOBAL_UNIT_ASSIGNED_CONTEXT ( ( #4958, #839, #5002 ) ) REPRESENTATION_CONTEXT ( 'NONE', 'WORKASPACE' ) );
#5971 = PRESENTATION_LAYER_ASSIGNMENT (  '', '', ( #1142 ) ) ;
#5972 = ORIENTED_EDGE ( 'NONE', *, *, #5702, .F. ) ;
#5973 = CARTESIAN_POINT ( 'NONE',  ( -0.6405210985066780438, 0.000000000000000000, 6.186473989507359939 ) ) ;
#5974 = LINE ( 'NONE', #7203, #7321 ) ;
#5975 = VECTOR ( 'NONE', #2519, 1000.000000000000000 ) ;
#5976 = VECTOR ( 'NONE', #5102, 1000.000000000000000 ) ;
#5977 = FILL_AREA_STYLE_COLOUR ( '', #1381 ) ;
#5978 = LINE ( 'NONE', #4904, #7244 ) ;
#5979 = EDGE_LOOP ( 'NONE', ( #4663, #1769, #2363, #5494 ) ) ;
#5980 = CIRCLE ( 'NONE', #6231, 0.3666198555544820104 ) ;
#5981 = ORIENTED_EDGE ( 'NONE', *, *, #3754, .T. ) ;
#5982 = COLOUR_RGB ( '',0.2000000000000000111, 0.2000000000000000111, 0.2000000000000000111 ) ;
#5983 = VECTOR ( 'NONE', #4121, 1000.000000000000000 ) ;
#5984 = FILL_AREA_STYLE ('',( #5347 ) ) ;
#5985 = CARTESIAN_POINT ( 'NONE',  ( 4.730000000000000426, 0.9200000000000000400, -12.25140600070190011 ) ) ;
#5986 = DIRECTION ( 'NONE',  ( 0.000000000000000000, 0.000000000000000000, -1.000000000000000000 ) ) ;
#5987 = EDGE_CURVE ( 'NONE', #4710, #6854, #1919, .T. ) ;
#5988 = UNCERTAINTY_MEASURE_WITH_UNIT (LENGTH_MEASURE( 1.000000000000000082E-05 ), #798, 'distance_accuracy_value', 'NONE');
#5989 = VECTOR ( 'NONE', #7438, 1000.000000000000000 ) ;
#5990 =( NAMED_UNIT ( * ) PLANE_ANGLE_UNIT ( ) SI_UNIT ( $, .RADIAN. ) );
#5991 = CARTESIAN_POINT ( 'NONE',  ( -3.089999999999999858, 1.820000000000000062, 4.250000000000000000 ) ) ;
#5992 = DIRECTION ( 'NONE',  ( -1.000000000000000000, 0.000000000000000000, -0.000000000000000000 ) ) ;
#5993 = LINE ( 'NONE', #2452, #4149 ) ;
#5994 = LINE ( 'NONE', #680, #1978 ) ;
#5995 = ORIENTED_EDGE ( 'NONE', *, *, #5772, .F. ) ;
#5996 =( NAMED_UNIT ( * ) PLANE_ANGLE_UNIT ( ) SI_UNIT ( $, .RADIAN. ) );
#5997 = PRESENTATION_STYLE_ASSIGNMENT (( #3615 ) ) ;
#5998 = EDGE_CURVE ( 'NONE', #2213, #6321, #1617, .T. ) ;
#5999 = LINE ( 'NONE', #4166, #1548 ) ;
#6000 = EDGE_CURVE ( 'NONE', #6621, #1984, #1957, .T. ) ;
#6001 = ORIENTED_EDGE ( 'NONE', *, *, #5035, .F. ) ;
#6002 = ORIENTED_EDGE ( 'NONE', *, *, #5540, .F. ) ;
#6003 = ORIENTED_EDGE ( 'NONE', *, *, #4370, .F. ) ;
#6004 = MECHANICAL_DESIGN_GEOMETRIC_PRESENTATION_REPRESENTATION (  '', ( #4261 ), #2284 ) ;
#6005 = DIRECTION ( 'NONE',  ( -0.9996861751910754990, 0.000000000000000000, -0.02505097067657191187 ) ) ;
#6006 = SURFACE_STYLE_FILL_AREA ( #246 ) ;
#6007 =( NAMED_UNIT ( * ) SI_UNIT ( $, .STERADIAN. ) SOLID_ANGLE_UNIT ( ) );
#6008 = FILL_AREA_STYLE ('',( #1280 ) ) ;
#6009 = DIRECTION ( 'NONE',  ( 1.239088197126290077E-15, -1.000000000000000000, -0.000000000000000000 ) ) ;
#6010 = PRESENTATION_LAYER_ASSIGNMENT (  '', '', ( #6873 ) ) ;
#6011 = PRESENTATION_STYLE_ASSIGNMENT (( #3025 ) ) ;
#6012 = ORIENTED_EDGE ( 'NONE', *, *, #1091, .F. ) ;
#6013 = VERTEX_POINT ( 'NONE', #1835 ) ;
#6014 = ORIENTED_EDGE ( 'NONE', *, *, #1752, .T. ) ;
#6015 = SURFACE_STYLE_FILL_AREA ( #3797 ) ;
#6016 = VECTOR ( 'NONE', #7178, 1000.000000000000000 ) ;
#6017 = CARTESIAN_POINT ( 'NONE',  ( 4.080000000000000071, 0.9200000000000000400, 3.750000000000000000 ) ) ;
#6018 = FILL_AREA_STYLE_COLOUR ( '', #3449 ) ;
#6019 = DIRECTION ( 'NONE',  ( 0.000000000000000000, 1.000000000000000000, 0.000000000000000000 ) ) ;
#6020 = CARTESIAN_POINT ( 'NONE',  ( -0.8588250565440940232, 0.4000000000000000222, 5.322969931419179623 ) ) ;
#6021 = SURFACE_STYLE_FILL_AREA ( #5393 ) ;
#6022 =( LENGTH_UNIT ( ) NAMED_UNIT ( * ) SI_UNIT ( .MILLI., .METRE. ) );
#6023 = PLANE ( 'NONE',  #102 ) ;
#6024 = ORIENTED_EDGE ( 'NONE', *, *, #1596, .T. ) ;
#6025 = VECTOR ( 'NONE', #3224, 1000.000000000000000 ) ;
#6026 = UNCERTAINTY_MEASURE_WITH_UNIT (LENGTH_MEASURE( 1.000000000000000082E-05 ), #2347, 'distance_accuracy_value', 'NONE');
#6027 =( NAMED_UNIT ( * ) PLANE_ANGLE_UNIT ( ) SI_UNIT ( $, .RADIAN. ) );
#6028 = DIRECTION ( 'NONE',  ( 0.000000000000000000, -1.112002228190259966E-16, 1.000000000000000000 ) ) ;
#6029 = LINE ( 'NONE', #3805, #7302 ) ;
#6030 =( NAMED_UNIT ( * ) PLANE_ANGLE_UNIT ( ) SI_UNIT ( $, .RADIAN. ) );
#6031 = ORIENTED_EDGE ( 'NONE', *, *, #845, .T. ) ;
#6032 = ADVANCED_FACE ( 'NONE', ( #1386 ), #7305, .F. ) ;
#6033 = PRESENTATION_STYLE_ASSIGNMENT (( #4317 ) ) ;
#6034 = CARTESIAN_POINT ( 'NONE',  ( -0.5569527916718957083, 0.4000000000000000222, 2.050178687254369247 ) ) ;
#6035 = CARTESIAN_POINT ( 'NONE',  ( 2.189999999999999947, 0.9200000000000000400, -12.25140600070190011 ) ) ;
#6036 = CARTESIAN_POINT ( 'NONE',  ( 2.190000000000000835, -2.540000000000000036, 4.050000000000000711 ) ) ;
#6037 = SURFACE_STYLE_USAGE ( .BOTH. , #814 ) ;
#6038 = CARTESIAN_POINT ( 'NONE',  ( 4.080000000000000071, -0.9199999999999998179, 3.750000000000000000 ) ) ;
#6039 = VERTEX_POINT ( 'NONE', #6274 ) ;
#6040 = ORIENTED_EDGE ( 'NONE', *, *, #1014, .T. ) ;
#6041 = EDGE_LOOP ( 'NONE', ( #1558, #969, #7048, #5049 ) ) ;
#6042 = DIRECTION ( 'NONE',  ( 0.000000000000000000, -1.112002228190259966E-16, 1.000000000000000000 ) ) ;
#6043 = SURFACE_SIDE_STYLE ('',( #896 ) ) ;
#6044 = FACE_OUTER_BOUND ( 'NONE', #1694, .T. ) ;
#6045 = CARTESIAN_POINT ( 'NONE',  ( -7.072725109573407831E-17, 0.000000000000000000, 1.461922895605469952 ) ) ;
#6046 = FACE_OUTER_BOUND ( 'NONE', #7093, .T. ) ;
#6047 = SURFACE_STYLE_FILL_AREA ( #4259 ) ;
#6048 = EDGE_LOOP ( 'NONE', ( #3577, #3434, #140, #1437, #3356, #5895, #1191, #1065 ) ) ;
#6049 = PRESENTATION_LAYER_ASSIGNMENT (  '', '', ( #2837 ) ) ;
#6050 = CARTESIAN_POINT ( 'NONE',  ( -0.3699999999999999956, 0.000000000000000000, -3.482642567711100146 ) ) ;
#6051 = ORIENTED_EDGE ( 'NONE', *, *, #5348, .F. ) ;
#6052 = ADVANCED_FACE ( 'NONE', ( #1539 ), #5613, .F. ) ;
#6053 = DIRECTION ( 'NONE',  ( 0.000000000000000000, -1.000000000000000000, -0.000000000000000000 ) ) ;
#6054 = VECTOR ( 'NONE', #4343, 1000.000000000000000 ) ;
#6055 = DIRECTION ( 'NONE',  ( 0.000000000000000000, -1.000000000000000000, -0.000000000000000000 ) ) ;
#6056 = LINE ( 'NONE', #2488, #7283 ) ;
#6057 = FILL_AREA_STYLE ('',( #3676 ) ) ;
#6058 = ORIENTED_EDGE ( 'NONE', *, *, #6420, .F. ) ;
#6059 = COLOUR_RGB ( '',0.2000000000000000111, 0.2000000000000000111, 0.2000000000000000111 ) ;
#6060 = PRESENTATION_LAYER_ASSIGNMENT (  '', '', ( #2335 ) ) ;
#6061 = PRESENTATION_STYLE_ASSIGNMENT (( #5363 ) ) ;
#6062 = LINE ( 'NONE', #317, #7180 ) ;
#6063 = SURFACE_STYLE_FILL_AREA ( #1907 ) ;
#6064 = COLOUR_RGB ( '',0.2000000000000000111, 0.2000000000000000111, 0.2000000000000000111 ) ;
#6066 = ADVANCED_FACE ( 'NONE', ( #4402 ), #6773, .T. ) ;
#6065 = VECTOR ( 'NONE', #3597, 1000.000000000000000 ) ;
#6067 = CARTESIAN_POINT ( 'NONE',  ( 6.599999999999999645, -1.949999999999999956, -3.449999999999999734 ) ) ;
#6068 = FILL_AREA_STYLE ('',( #3007 ) ) ;
#6069 = ORIENTED_EDGE ( 'NONE', *, *, #5077, .T. ) ;
#6070 = PRESENTATION_LAYER_ASSIGNMENT (  '', '', ( #1235 ) ) ;
#6071 = STYLED_ITEM ( 'NONE', ( #6746 ), #1607 ) ;
#6072 = DIRECTION ( 'NONE',  ( -1.239088197126290077E-15, 1.000000000000000000, 0.000000000000000000 ) ) ;
#6073 = VECTOR ( 'NONE', #4882, 1000.000000000000000 ) ;
#6074 = CARTESIAN_POINT ( 'NONE',  ( 2.190000000000000835, 0.9200000000000002620, 4.050000000000000711 ) ) ;
#6075 = DIRECTION ( 'NONE',  ( -1.239088197126290077E-15, 1.000000000000000000, 0.000000000000000000 ) ) ;
#6076 = DIRECTION ( 'NONE',  ( -0.000000000000000000, -1.000000000000000000, 0.000000000000000000 ) ) ;
#6077 = FILL_AREA_STYLE ('',( #1306 ) ) ;
#6078 = COLOUR_RGB ( '',0.2000000000000000111, 0.2000000000000000111, 0.2000000000000000111 ) ;
#6079 = UNCERTAINTY_MEASURE_WITH_UNIT (LENGTH_MEASURE( 1.000000000000000082E-05 ), #7215, 'distance_accuracy_value', 'NONE');
#6080 = PRESENTATION_LAYER_ASSIGNMENT (  '', '', ( #1985 ) ) ;
#6081 = DIRECTION ( 'NONE',  ( 1.000000000000000000, 0.000000000000000000, -0.000000000000000000 ) ) ;
#6082 = EDGE_CURVE ( 'NONE', #5273, #4798, #2002, .T. ) ;
#6083 = VERTEX_POINT ( 'NONE', #6853 ) ;
#6084 = VECTOR ( 'NONE', #3108, 1000.000000000000000 ) ;
#6085 = ORIENTED_EDGE ( 'NONE', *, *, #5421, .F. ) ;
#6086 = ORIENTED_EDGE ( 'NONE', *, *, #1856, .F. ) ;
#6087 = SURFACE_STYLE_USAGE ( .BOTH. , #3196 ) ;
#6088 = COLOUR_RGB ( '',0.2000000000000000111, 0.2000000000000000111, 0.2000000000000000111 ) ;
#6089 = DIRECTION ( 'NONE',  ( 1.000000000000000000, -0.000000000000000000, 0.000000000000000000 ) ) ;
#6090 = CARTESIAN_POINT ( 'NONE',  ( -2.189999999999999947, 0.9200000000000002620, 4.050000000000001599 ) ) ;
#6091 = MECHANICAL_DESIGN_GEOMETRIC_PRESENTATION_REPRESENTATION (  '', ( #6584 ), #5721 ) ;
#6092 = VECTOR ( 'NONE', #4011, 1000.000000000000114 ) ;
#6093 = VERTEX_POINT ( 'NONE', #958 ) ;
#6094 = ORIENTED_EDGE ( 'NONE', *, *, #25, .F. ) ;
#6095 = VECTOR ( 'NONE', #1299, 1000.000000000000114 ) ;
#6096 = VECTOR ( 'NONE', #1464, 1000.000000000000000 ) ;
#6097 = FILL_AREA_STYLE_COLOUR ( '', #3431 ) ;
#6098 = SURFACE_STYLE_FILL_AREA ( #5474 ) ;
#6099 =( LENGTH_UNIT ( ) NAMED_UNIT ( * ) SI_UNIT ( .MILLI., .METRE. ) );
#6100 = DIRECTION ( 'NONE',  ( 0.000000000000000000, -1.000000000000000000, 0.000000000000000000 ) ) ;
#6101 = CARTESIAN_POINT ( 'NONE',  ( 4.730000000000001315, -0.9200000000000002620, 4.050000000000001599 ) ) ;
#6102 = VECTOR ( 'NONE', #882, 1000.000000000000000 ) ;
#6103 =( LENGTH_UNIT ( ) NAMED_UNIT ( * ) SI_UNIT ( .MILLI., .METRE. ) );
#6104 = ADVANCED_FACE ( 'NONE', ( #4369 ), #3778, .T. ) ;
#6105 = EDGE_CURVE ( 'NONE', #4491, #5671, #7068, .T. ) ;
#6106 = ORIENTED_EDGE ( 'NONE', *, *, #6976, .T. ) ;
#6107 =( GEOMETRIC_REPRESENTATION_CONTEXT ( 3 ) GLOBAL_UNCERTAINTY_ASSIGNED_CONTEXT ( ( #1497 ) ) GLOBAL_UNIT_ASSIGNED_CONTEXT ( ( #4854, #689, #6693 ) ) REPRESENTATION_CONTEXT ( 'NONE', 'WORKASPACE' ) );
#6108 = AXIS2_PLACEMENT_3D ( 'NONE', #1002, #3349, #3871 ) ;
#6109 =( NAMED_UNIT ( * ) PLANE_ANGLE_UNIT ( ) SI_UNIT ( $, .RADIAN. ) );
#6110 = PRESENTATION_LAYER_ASSIGNMENT (  '', '', ( #2385 ) ) ;
#6111 = SURFACE_STYLE_USAGE ( .BOTH. , #758 ) ;
#6112 = DIRECTION ( 'NONE',  ( 0.5773502691896277295, -0.5773502691896268413, 0.5773502691896227335 ) ) ;
#6113 = LINE ( 'NONE', #6679, #1678 ) ;
#6114 = LINE ( 'NONE', #7256, #6073 ) ;
#6115 = ORIENTED_EDGE ( 'NONE', *, *, #7157, .F. ) ;
#6116 = DIRECTION ( 'NONE',  ( 1.239088197126290077E-15, -1.000000000000000000, -0.000000000000000000 ) ) ;
#6117 = DIRECTION ( 'NONE',  ( -0.000000000000000000, -1.000000000000000000, 0.000000000000000000 ) ) ;
#6118 = FACE_OUTER_BOUND ( 'NONE', #2703, .T. ) ;
#6119 =( NAMED_UNIT ( * ) SI_UNIT ( $, .STERADIAN. ) SOLID_ANGLE_UNIT ( ) );
#6120 = DIRECTION ( 'NONE',  ( 0.000000000000000000, 0.000000000000000000, -1.000000000000000000 ) ) ;
#6121 = PRESENTATION_STYLE_ASSIGNMENT (( #3084 ) ) ;
#6122 = ORIENTED_EDGE ( 'NONE', *, *, #2785, .T. ) ;
#6123 = EDGE_LOOP ( 'NONE', ( #933, #4214, #3995, #7457 ) ) ;
#6124 = ORIENTED_EDGE ( 'NONE', *, *, #196, .F. ) ;
#6125 = SURFACE_SIDE_STYLE ('',( #6006 ) ) ;
#6126 = ADVANCED_FACE ( 'NONE', ( #1758 ), #1149, .F. ) ;
#6127 = PLANE ( 'NONE',  #3613 ) ;
#6128 = LINE ( 'NONE', #2517, #7162 ) ;
#6129 = SURFACE_STYLE_USAGE ( .BOTH. , #1968 ) ;
#6130 = PLANE ( 'NONE',  #3603 ) ;
#6131 = ORIENTED_EDGE ( 'NONE', *, *, #3664, .F. ) ;
#6132 = VECTOR ( 'NONE', #4297, 1000.000000000000000 ) ;
#6133 = DIRECTION ( 'NONE',  ( -0.000000000000000000, -1.000000000000000000, 0.000000000000000000 ) ) ;
#6134 = ORIENTED_EDGE ( 'NONE', *, *, #3014, .T. ) ;
#6135 =( NAMED_UNIT ( * ) PLANE_ANGLE_UNIT ( ) SI_UNIT ( $, .RADIAN. ) );
#6136 = CARTESIAN_POINT ( 'NONE',  ( -6.599999999999999645, -1.820000000000000062, 4.250000000000000000 ) ) ;
#6137 = VECTOR ( 'NONE', #4509, 1000.000000000000000 ) ;
#6138 = DIRECTION ( 'NONE',  ( -1.000000000000000000, -0.000000000000000000, -0.000000000000000000 ) ) ;
#6139 = CARTESIAN_POINT ( 'NONE',  ( 0.000000000000000000, 2.540000000000000036, -4.250000000000000000 ) ) ;
#6140 = MECHANICAL_DESIGN_GEOMETRIC_PRESENTATION_REPRESENTATION (  '', ( #2297 ), #459 ) ;
#6141 = DIRECTION ( 'NONE',  ( 1.000000000000000000, 0.000000000000000000, 0.000000000000000000 ) ) ;
#6142 = ORIENTED_EDGE ( 'NONE', *, *, #58, .T. ) ;
#6143 =( LENGTH_UNIT ( ) NAMED_UNIT ( * ) SI_UNIT ( .MILLI., .METRE. ) );
#6144 = EDGE_CURVE ( 'NONE', #5060, #4270, #7498, .T. ) ;
#6145 = EDGE_CURVE ( 'NONE', #3250, #3010, #3499, .T. ) ;
#6146 = DIRECTION ( 'NONE',  ( 0.000000000000000000, -0.000000000000000000, 1.000000000000000000 ) ) ;
#6147 = COLOUR_RGB ( '',0.7411764705882353255, 0.7764705882352941346, 0.8000000000000000444 ) ;
#6148 = DIRECTION ( 'NONE',  ( -1.000000000000000000, 0.000000000000000000, -0.000000000000000000 ) ) ;
#6149 = FILL_AREA_STYLE ('',( #5007 ) ) ;
#6150 = ORIENTED_EDGE ( 'NONE', *, *, #719, .F. ) ;
#6151 = EDGE_CURVE ( 'NONE', #4448, #4069, #2898, .T. ) ;
#6152 = UNCERTAINTY_MEASURE_WITH_UNIT (LENGTH_MEASURE( 1.000000000000000082E-05 ), #6563, 'distance_accuracy_value', 'NONE');
#6153 = LINE ( 'NONE', #202, #1611 ) ;
#6154 = CONTEXT_DEPENDENT_SHAPE_REPRESENTATION ( #5949, #417 ) ;
#6155 = DIRECTION ( 'NONE',  ( 0.000000000000000000, -1.112002228190259966E-16, 1.000000000000000000 ) ) ;
#6156 =( NAMED_UNIT ( * ) SI_UNIT ( $, .STERADIAN. ) SOLID_ANGLE_UNIT ( ) );
#6157 = UNCERTAINTY_MEASURE_WITH_UNIT (LENGTH_MEASURE( 1.000000000000000082E-05 ), #5823, 'distance_accuracy_value', 'NONE');
#6158 = SURFACE_STYLE_FILL_AREA ( #3269 ) ;
#6159 = EDGE_LOOP ( 'NONE', ( #2932, #335, #5486, #5025 ) ) ;
#6160 = ORIENTED_EDGE ( 'NONE', *, *, #3113, .T. ) ;
#6161 = EDGE_LOOP ( 'NONE', ( #5510, #5968, #1920, #4971, #3519, #781, #1742, #6695 ) ) ;
#6162 = CARTESIAN_POINT ( 'NONE',  ( 6.599999999999999645, 2.540000000000000036, 4.250000000000000000 ) ) ;
#6163 = DIRECTION ( 'NONE',  ( 0.000000000000000000, -0.000000000000000000, 1.000000000000000000 ) ) ;
#6164 = DIRECTION ( 'NONE',  ( -1.000000000000000000, 1.239088197126290077E-15, 1.377868836128689948E-31 ) ) ;
#6165 = UNCERTAINTY_MEASURE_WITH_UNIT (LENGTH_MEASURE( 1.000000000000000082E-05 ), #6355, 'distance_accuracy_value', 'NONE');
#6166 = CARTESIAN_POINT ( 'NONE',  ( 0.9690439428171118141, 0.2000000000000000111, 0.9245656430320832175 ) ) ;
#6167 = FILL_AREA_STYLE ('',( #1545 ) ) ;
#6168 = EDGE_CURVE ( 'NONE', #2946, #6725, #3414, .T. ) ;
#6169 = ORIENTED_EDGE ( 'NONE', *, *, #3061, .F. ) ;
#6170 = ORIENTED_EDGE ( 'NONE', *, *, #6000, .T. ) ;
#6171 = ORIENTED_EDGE ( 'NONE', *, *, #2963, .F. ) ;
#6172 = SURFACE_STYLE_FILL_AREA ( #2524 ) ;
#6173 = SURFACE_SIDE_STYLE ('',( #6713 ) ) ;
#6174 =( NAMED_UNIT ( * ) SI_UNIT ( $, .STERADIAN. ) SOLID_ANGLE_UNIT ( ) );
#6175 = SURFACE_STYLE_FILL_AREA ( #4954 ) ;
#6176 = SURFACE_SIDE_STYLE ('',( #2604 ) ) ;
#6177 = ADVANCED_FACE ( 'NONE', ( #2272 ), #4632, .T. ) ;
#6178 = LINE ( 'NONE', #3215, #6275 ) ;
#6179 = EDGE_CURVE ( 'NONE', #4113, #3322, #1794, .T. ) ;
#6180 = VERTEX_POINT ( 'NONE', #5484 ) ;
#6181 = EDGE_CURVE ( 'NONE', #4161, #4709, #6114, .T. ) ;
#6182 = AXIS2_PLACEMENT_3D ( 'NONE', #4804, #1999, #770 ) ;
#6183 = DIRECTION ( 'NONE',  ( 0.000000000000000000, -1.000000000000000000, -1.112002228190259966E-16 ) ) ;
#6184 = SURFACE_STYLE_FILL_AREA ( #1447 ) ;
#6185 = DIRECTION ( 'NONE',  ( 0.7071067811865461294, 0.000000000000000000, -0.7071067811865490160 ) ) ;
#6186 = AXIS2_PLACEMENT_3D ( 'NONE', #5586, #223, #4159 ) ;
#6187 = COLOUR_RGB ( '',0.2000000000000000111, 0.2000000000000000111, 0.2000000000000000111 ) ;
#6188 = ORIENTED_EDGE ( 'NONE', *, *, #3769, .T. ) ;
#6189 = CARTESIAN_POINT ( 'NONE',  ( -0.5499999999999994893, -0.7199999999999997513, 4.250000000000000000 ) ) ;
#6190 = CIRCLE ( 'NONE', #17, 0.1999999999999999001 ) ;
#6191 =( GEOMETRIC_REPRESENTATION_CONTEXT ( 3 ) GLOBAL_UNCERTAINTY_ASSIGNED_CONTEXT ( ( #4586 ) ) GLOBAL_UNIT_ASSIGNED_CONTEXT ( ( #31, #1743, #7053 ) ) REPRESENTATION_CONTEXT ( 'NONE', 'WORKASPACE' ) );
#6192 = DIRECTION ( 'NONE',  ( -0.000000000000000000, 0.000000000000000000, -1.000000000000000000 ) ) ;
#6193 = PRESENTATION_STYLE_ASSIGNMENT (( #955 ) ) ;
#6194 = DIRECTION ( 'NONE',  ( 0.000000000000000000, 0.000000000000000000, 1.000000000000000000 ) ) ;
#6195 = FACE_OUTER_BOUND ( 'NONE', #3017, .T. ) ;
#6196 = PRESENTATION_STYLE_ASSIGNMENT (( #2742 ) ) ;
#6197 = EDGE_CURVE ( 'NONE', #5333, #7225, #2532, .T. ) ;
#6198 = MECHANICAL_DESIGN_GEOMETRIC_PRESENTATION_REPRESENTATION (  '', ( #3567 ), #4799 ) ;
#6199 = VECTOR ( 'NONE', #3710, 1000.000000000000000 ) ;
#6200 = EDGE_LOOP ( 'NONE', ( #6861, #1501, #2059, #2910 ) ) ;
#6201 = MECHANICAL_DESIGN_GEOMETRIC_PRESENTATION_REPRESENTATION (  '', ( #5195 ), #1486 ) ;
#6202 =( REPRESENTATION_RELATIONSHIP ('NONE','NONE', #541, #6374 ) REPRESENTATION_RELATIONSHIP_WITH_TRANSFORMATION ( #4050 )SHAPE_REPRESENTATION_RELATIONSHIP( ) );
#6203 = FACE_BOUND ( 'NONE', #1732, .T. ) ;
#6204 = FACE_OUTER_BOUND ( 'NONE', #7518, .T. ) ;
#6205 = DIRECTION ( 'NONE',  ( -1.239088197126290077E-15, 1.000000000000000000, 0.000000000000000000 ) ) ;
#6206 = STYLED_ITEM ( 'NONE', ( #1446 ), #3932 ) ;
#6207 = VECTOR ( 'NONE', #1313, 1000.000000000000000 ) ;
#6208 = FACE_OUTER_BOUND ( 'NONE', #2630, .T. ) ;
#6209 = CARTESIAN_POINT ( 'NONE',  ( 2.890000000000000124, -1.620000000000000107, 3.750000000000000000 ) ) ;
#6210 = CARTESIAN_POINT ( 'NONE',  ( -0.8932477478277009997, 0.4000000000000000222, 0.3147096712329959800 ) ) ;
#6211 = VECTOR ( 'NONE', #6749, 1000.000000000000114 ) ;
#6212 = EDGE_LOOP ( 'NONE', ( #1795, #98, #7580, #1179 ) ) ;
#6213 = ORIENTED_EDGE ( 'NONE', *, *, #7224, .F. ) ;
#6214 = MECHANICAL_DESIGN_GEOMETRIC_PRESENTATION_REPRESENTATION (  '', ( #1863 ), #764 ) ;
#6215 =( GEOMETRIC_REPRESENTATION_CONTEXT ( 3 ) GLOBAL_UNCERTAINTY_ASSIGNED_CONTEXT ( ( #810 ) ) GLOBAL_UNIT_ASSIGNED_CONTEXT ( ( #3003, #2955, #5950 ) ) REPRESENTATION_CONTEXT ( 'NONE', 'WORKASPACE' ) );
#6216 = EDGE_LOOP ( 'NONE', ( #5713, #4932 ) ) ;
#6217 = LINE ( 'NONE', #6863, #2471 ) ;
#6218 = DIRECTION ( 'NONE',  ( -0.7071067811865489050, 0.000000000000000000, 0.7071067811865460184 ) ) ;
#6219 = CYLINDRICAL_SURFACE ( 'NONE', #1372, 0.5529067033259800201 ) ;
#6220 = DIRECTION ( 'NONE',  ( 0.000000000000000000, 0.000000000000000000, -1.000000000000000000 ) ) ;
#6221 = LINE ( 'NONE', #910, #4964 ) ;
#6222 = PRESENTATION_LAYER_ASSIGNMENT (  '', '', ( #2267 ) ) ;
#6223 = COLOUR_RGB ( '',0.2000000000000000111, 0.2000000000000000111, 0.2000000000000000111 ) ;
#6224 =( NAMED_UNIT ( * ) SI_UNIT ( $, .STERADIAN. ) SOLID_ANGLE_UNIT ( ) );
#6225 = SURFACE_STYLE_USAGE ( .BOTH. , #2653 ) ;
#6226 = ORIENTED_EDGE ( 'NONE', *, *, #2303, .F. ) ;
#6227 = COLOUR_RGB ( '',0.2000000000000000111, 0.2000000000000000111, 0.2000000000000000111 ) ;
#6228 = ADVANCED_FACE ( 'NONE', ( #5957 ), #160, .F. ) ;
#6229 = AXIS2_PLACEMENT_3D ( 'NONE', #6547, #4820, #5380 ) ;
#6230 = PLANE ( 'NONE',  #6333 ) ;
#6231 = AXIS2_PLACEMENT_3D ( 'NONE', #5607, #4623, #2919 ) ;
#6232 = EDGE_CURVE ( 'NONE', #7545, #968, #1826, .T. ) ;
#6233 = CARTESIAN_POINT ( 'NONE',  ( -9.901406000701879151, 0.9200000000000011502, -3.449999999999999734 ) ) ;
#6234 = CARTESIAN_POINT ( 'NONE',  ( -5.629999999999999893, 1.820000000000000062, 4.250000000000000000 ) ) ;
#6235 = VECTOR ( 'NONE', #5258, 1000.000000000000000 ) ;
#6236 = COLOUR_RGB ( '',0.2000000000000000111, 0.2000000000000000111, 0.2000000000000000111 ) ;
#6237 = EDGE_LOOP ( 'NONE', ( #4048, #3551, #208, #3758 ) ) ;
#6238 = MECHANICAL_DESIGN_GEOMETRIC_PRESENTATION_REPRESENTATION (  '', ( #427 ), #7455 ) ;
#6239 = UNCERTAINTY_MEASURE_WITH_UNIT (LENGTH_MEASURE( 1.000000000000000082E-05 ), #4234, 'distance_accuracy_value', 'NONE');
#6240 = DIRECTION ( 'NONE',  ( -1.000000000000000000, 0.000000000000000000, -0.000000000000000000 ) ) ;
#6241 = AXIS2_PLACEMENT_3D ( 'NONE', #1616, #6352, #5052 ) ;
#6242 = CARTESIAN_POINT ( 'NONE',  ( -4.730000000000000426, -2.540000000000000036, 4.050000000000000711 ) ) ;
#6243 = CARTESIAN_POINT ( 'NONE',  ( 6.080000000000000071, 1.620000000000000107, 3.750000000000000000 ) ) ;
#6244 = UNCERTAINTY_MEASURE_WITH_UNIT (LENGTH_MEASURE( 1.000000000000000082E-05 ), #809, 'distance_accuracy_value', 'NONE');
#6245 =( NAMED_UNIT ( * ) SI_UNIT ( $, .STERADIAN. ) SOLID_ANGLE_UNIT ( ) );
#6246 = ORIENTED_EDGE ( 'NONE', *, *, #5677, .F. ) ;
#6247 = FILL_AREA_STYLE_COLOUR ( '', #3592 ) ;
#6248 =( NAMED_UNIT ( * ) SI_UNIT ( $, .STERADIAN. ) SOLID_ANGLE_UNIT ( ) );
#6249 = DIRECTION ( 'NONE',  ( 0.000000000000000000, -0.000000000000000000, 1.000000000000000000 ) ) ;
#6250 = EDGE_CURVE ( 'NONE', #1399, #3927, #4197, .T. ) ;
#6251 = DIRECTION ( 'NONE',  ( 0.000000000000000000, -0.000000000000000000, -1.000000000000000000 ) ) ;
#6252 = CARTESIAN_POINT ( 'NONE',  ( -5.429999999999999716, 1.620000000000000107, 3.750000000000000000 ) ) ;
#6253 = LINE ( 'NONE', #5104, #4110 ) ;
#6254 =( NAMED_UNIT ( * ) PLANE_ANGLE_UNIT ( ) SI_UNIT ( $, .RADIAN. ) );
#6255 = ORIENTED_EDGE ( 'NONE', *, *, #6474, .F. ) ;
#6256 = ORIENTED_EDGE ( 'NONE', *, *, #5124, .F. ) ;
#6257 = EDGE_LOOP ( 'NONE', ( #209, #6997, #3161, #7197 ) ) ;
#6258 =( LENGTH_UNIT ( ) NAMED_UNIT ( * ) SI_UNIT ( .MILLI., .METRE. ) );
#6259 = FACE_OUTER_BOUND ( 'NONE', #3933, .T. ) ;
#6260 = FACE_OUTER_BOUND ( 'NONE', #4224, .T. ) ;
#6261 = DIRECTION ( 'NONE',  ( 0.000000000000000000, -1.000000000000000000, 0.000000000000000000 ) ) ;
#6262 = FACE_OUTER_BOUND ( 'NONE', #6159, .T. ) ;
#6263 = SURFACE_STYLE_USAGE ( .BOTH. , #482 ) ;
#6264 = VERTEX_POINT ( 'NONE', #1257 ) ;
#6265 = PLANE ( 'NONE',  #7434 ) ;
#6266 = DIRECTION ( 'NONE',  ( -0.000000000000000000, -1.000000000000000000, -0.000000000000000000 ) ) ;
#6267 = SURFACE_STYLE_USAGE ( .BOTH. , #6844 ) ;
#6268 =( GEOMETRIC_REPRESENTATION_CONTEXT ( 3 ) GLOBAL_UNCERTAINTY_ASSIGNED_CONTEXT ( ( #2191 ) ) GLOBAL_UNIT_ASSIGNED_CONTEXT ( ( #5190, #5271, #1668 ) ) REPRESENTATION_CONTEXT ( 'NONE', 'WORKASPACE' ) );
#6269 = EDGE_CURVE ( 'NONE', #3747, #4721, #3610, .T. ) ;
#6270 = ORIENTED_EDGE ( 'NONE', *, *, #2468, .T. ) ;
#6271 = LINE ( 'NONE', #5681, #2114 ) ;
#6272 = DIRECTION ( 'NONE',  ( 0.000000000000000000, -1.000000000000000000, -1.112002228190259966E-16 ) ) ;
#6273 = DIRECTION ( 'NONE',  ( 0.000000000000000000, 1.000000000000000000, 0.000000000000000000 ) ) ;
#6274 = CARTESIAN_POINT ( 'NONE',  ( 6.080000000000000071, 1.620000000000000329, -3.449999999999999734 ) ) ;
#6275 = VECTOR ( 'NONE', #6755, 1000.000000000000000 ) ;
#6276 = EDGE_CURVE ( 'NONE', #5522, #6799, #5994, .T. ) ;
#6277 = ORIENTED_EDGE ( 'NONE', *, *, #3602, .F. ) ;
#6278 = CARTESIAN_POINT ( 'NONE',  ( 0.9820446186353369855, -1.626303258728256651E-16, 0.4057595635624676178 ) ) ;
#6279 = CARTESIAN_POINT ( 'NONE',  ( 0.3500000000000009770, 1.620000000000000107, -12.25140600070190011 ) ) ;
#6280 = LINE ( 'NONE', #4601, #2338 ) ;
#6281 = CARTESIAN_POINT ( 'NONE',  ( -4.530000000000000249, -1.820000000000000062, 4.250000000000000000 ) ) ;
#6282 = FACE_OUTER_BOUND ( 'NONE', #6212, .T. ) ;
#6283 = DIRECTION ( 'NONE',  ( 1.000000000000000000, 0.000000000000000000, -0.000000000000000000 ) ) ;
#6284 = PRESENTATION_STYLE_ASSIGNMENT (( #2641 ) ) ;
#6285 = ORIENTED_EDGE ( 'NONE', *, *, #600, .F. ) ;
#6286 = ORIENTED_EDGE ( 'NONE', *, *, #4128, .F. ) ;
#6287 = EDGE_LOOP ( 'NONE', ( #616, #1895, #7181, #5981 ) ) ;
#6288 =( NAMED_UNIT ( * ) PLANE_ANGLE_UNIT ( ) SI_UNIT ( $, .RADIAN. ) );
#6289 = DIRECTION ( 'NONE',  ( -0.000000000000000000, 1.000000000000000000, 0.000000000000000000 ) ) ;
#6290 = PRESENTATION_STYLE_ASSIGNMENT (( #3917 ) ) ;
#6291 = CARTESIAN_POINT ( 'NONE',  ( 0.3699999999999999956, 0.4000000000000000222, -0.05191018432148630096 ) ) ;
#6292 = CARTESIAN_POINT ( 'NONE',  ( -0.3699999999999999956, 0.4000000000000000222, -3.482642567711100146 ) ) ;
#6293 = ORIENTED_EDGE ( 'NONE', *, *, #2398, .F. ) ;
#6294 = ADVANCED_FACE ( 'NONE', ( #2454 ), #763, .F. ) ;
#6295 = CARTESIAN_POINT ( 'NONE',  ( 2.189999999999999947, -1.619999999999999885, 4.050000000000001599 ) ) ;
#6296 = LINE ( 'NONE', #6988, #4584 ) ;
#6297 = DIRECTION ( 'NONE',  ( -1.239088197126290077E-15, -1.000000000000000000, 0.000000000000000000 ) ) ;
#6298 =( LENGTH_UNIT ( ) NAMED_UNIT ( * ) SI_UNIT ( .MILLI., .METRE. ) );
#6299 = PRESENTATION_LAYER_ASSIGNMENT (  '', '', ( #5179 ) ) ;
#6300 = ORIENTED_EDGE ( 'NONE', *, *, #7211, .T. ) ;
#6301 = ADVANCED_FACE ( 'NONE', ( #5638 ), #3852, .F. ) ;
#6302 = FILL_AREA_STYLE ('',( #3928 ) ) ;
#6303 =( LENGTH_UNIT ( ) NAMED_UNIT ( * ) SI_UNIT ( .MILLI., .METRE. ) );
#6304 =( GEOMETRIC_REPRESENTATION_CONTEXT ( 3 ) GLOBAL_UNCERTAINTY_ASSIGNED_CONTEXT ( ( #3263 ) ) GLOBAL_UNIT_ASSIGNED_CONTEXT ( ( #3663, #3198, #296 ) ) REPRESENTATION_CONTEXT ( 'NONE', 'WORKASPACE' ) );
#6305 = LINE ( 'NONE', #5046, #3842 ) ;
#6306 = PLANE ( 'NONE',  #7372 ) ;
#6307 = UNCERTAINTY_MEASURE_WITH_UNIT (LENGTH_MEASURE( 1.000000000000000082E-05 ), #4860, 'distance_accuracy_value', 'NONE');
#6308 = EDGE_LOOP ( 'NONE', ( #7219, #5898, #5371, #4527, #2723 ) ) ;
#6309 = STYLED_ITEM ( 'NONE', ( #1204 ), #1410 ) ;
#6310 = SURFACE_SIDE_STYLE ('',( #2790 ) ) ;
#6311 = UNCERTAINTY_MEASURE_WITH_UNIT (LENGTH_MEASURE( 1.000000000000000082E-05 ), #4358, 'distance_accuracy_value', 'NONE');
#6312 = ADVANCED_FACE ( 'NONE', ( #7411 ), #234, .F. ) ;
#6313 =( NAMED_UNIT ( * ) SI_UNIT ( $, .STERADIAN. ) SOLID_ANGLE_UNIT ( ) );
#6314 = DIRECTION ( 'NONE',  ( 0.000000000000000000, 0.7071067811865495711, 0.7071067811865455743 ) ) ;
#6315 = MECHANICAL_DESIGN_GEOMETRIC_PRESENTATION_REPRESENTATION (  '', ( #5314 ), #2596 ) ;
#6316 = LINE ( 'NONE', #3246, #7449 ) ;
#6317 = LINE ( 'NONE', #1005, #82 ) ;
#6318 = ORIENTED_EDGE ( 'NONE', *, *, #55, .T. ) ;
#6319 = STYLED_ITEM ( 'NONE', ( #3260 ), #6294 ) ;
#6320 = ORIENTED_EDGE ( 'NONE', *, *, #6151, .F. ) ;
#6321 = VERTEX_POINT ( 'NONE', #1937 ) ;
#6322 = COLOUR_RGB ( '',0.2000000000000000111, 0.2000000000000000111, 0.2000000000000000111 ) ;
#6323 = CARTESIAN_POINT ( 'NONE',  ( 2.890000000000000124, -1.619999999999998996, 4.050000000000000711 ) ) ;
#6324 = COLOUR_RGB ( '',0.2000000000000000111, 0.2000000000000000111, 0.2000000000000000111 ) ;
#6325 =( LENGTH_UNIT ( ) NAMED_UNIT ( * ) SI_UNIT ( .MILLI., .METRE. ) );
#6326 = CARTESIAN_POINT ( 'NONE',  ( -0.3499999999999999778, -1.620000000000000107, 3.750000000000000000 ) ) ;
#6327 = SURFACE_STYLE_FILL_AREA ( #4953 ) ;
#6328 = AXIS2_PLACEMENT_3D ( 'NONE', #2501, #4847, #5402 ) ;
#6329 = CARTESIAN_POINT ( 'NONE',  ( -6.080000000000000071, 1.620000000000000329, -3.449999999999999734 ) ) ;
#6330 = LINE ( 'NONE', #4567, #6954 ) ;
#6331 = DIRECTION ( 'NONE',  ( 1.000000000000000000, 0.000000000000000000, 0.000000000000000000 ) ) ;
#6332 = ORIENTED_EDGE ( 'NONE', *, *, #4917, .T. ) ;
#6333 = AXIS2_PLACEMENT_3D ( 'NONE', #4355, #197, #4309 ) ;
#6334 = VECTOR ( 'NONE', #4002, 1000.000000000000000 ) ;
#6335 = SURFACE_SIDE_STYLE ('',( #422 ) ) ;
#6336 = COLOUR_RGB ( '',0.2000000000000000111, 0.2000000000000000111, 0.2000000000000000111 ) ;
#6337 =( GEOMETRIC_REPRESENTATION_CONTEXT ( 3 ) GLOBAL_UNCERTAINTY_ASSIGNED_CONTEXT ( ( #4042 ) ) GLOBAL_UNIT_ASSIGNED_CONTEXT ( ( #6441, #77, #7136 ) ) REPRESENTATION_CONTEXT ( 'NONE', 'WORKASPACE' ) );
#6338 = DIRECTION ( 'NONE',  ( 0.000000000000000000, -1.000000000000000000, -1.112002228190259966E-16 ) ) ;
#6339 = EDGE_CURVE ( 'NONE', #63, #1984, #671, .T. ) ;
#6340 = DIRECTION ( 'NONE',  ( 0.000000000000000000, -0.000000000000000000, 1.000000000000000000 ) ) ;
#6341 = ORIENTED_EDGE ( 'NONE', *, *, #1536, .F. ) ;
#6342 = VECTOR ( 'NONE', #1153, 1000.000000000000000 ) ;
#6343 = SURFACE_STYLE_USAGE ( .BOTH. , #2698 ) ;
#6344 = STYLED_ITEM ( 'NONE', ( #580 ), #5771 ) ;
#6345 = CARTESIAN_POINT ( 'NONE',  ( 6.080000000000000071, -1.620000000000000107, -12.25140600070190011 ) ) ;
#6346 = MECHANICAL_DESIGN_GEOMETRIC_PRESENTATION_REPRESENTATION (  '', ( #4471 ), #4361 ) ;
#6347 = VERTEX_POINT ( 'NONE', #5537 ) ;
#6348 = MECHANICAL_DESIGN_GEOMETRIC_PRESENTATION_REPRESENTATION (  '', ( #60 ), #1027 ) ;
#6349 = VECTOR ( 'NONE', #5279, 999.9999999999998863 ) ;
#6350 = SURFACE_SIDE_STYLE ('',( #4483 ) ) ;
#6351 = COLOUR_RGB ( '',0.2000000000000000111, 0.2000000000000000111, 0.2000000000000000111 ) ;
#6352 = DIRECTION ( 'NONE',  ( 0.000000000000000000, 0.000000000000000000, 1.000000000000000000 ) ) ;
#6353 =( NAMED_UNIT ( * ) PLANE_ANGLE_UNIT ( ) SI_UNIT ( $, .RADIAN. ) );
#6354 = DIRECTION ( 'NONE',  ( 1.000000000000000000, -0.000000000000000000, 0.000000000000000000 ) ) ;
#6355 =( LENGTH_UNIT ( ) NAMED_UNIT ( * ) SI_UNIT ( .MILLI., .METRE. ) );
#6356 = DIRECTION ( 'NONE',  ( 1.000000000000000000, -0.000000000000000000, 0.000000000000000000 ) ) ;
#6357 = VERTEX_POINT ( 'NONE', #1406 ) ;
#6358 = PRODUCT_DEFINITION_FORMATION_WITH_SPECIFIED_SOURCE ( 'ANY', '', #7445, .NOT_KNOWN. ) ;
#6359 = VERTEX_POINT ( 'NONE', #2408 ) ;
#6360 = ORIENTED_EDGE ( 'NONE', *, *, #431, .F. ) ;
#6361 = LINE ( 'NONE', #5744, #5720 ) ;
#6362 = FILL_AREA_STYLE_COLOUR ( '', #5947 ) ;
#6363 = FILL_AREA_STYLE_COLOUR ( '', #2143 ) ;
#6364 = SURFACE_STYLE_FILL_AREA ( #479 ) ;
#6365 = CARTESIAN_POINT ( 'NONE',  ( -1.990000000000000435, 1.820000000000000062, 4.250000000000000000 ) ) ;
#6366 = CARTESIAN_POINT ( 'NONE',  ( 0.005178789717898660272, 0.4000000000000000222, 2.014805344883670024 ) ) ;
#6367 = DIRECTION ( 'NONE',  ( 0.9694977030787833572, 0.000000000000000000, -0.2451003951954451032 ) ) ;
#6368 = DIRECTION ( 'NONE',  ( 0.5773502691896271743, 0.5773502691896256200, 0.5773502691896245098 ) ) ;
#6369 = FILL_AREA_STYLE_COLOUR ( '', #5132 ) ;
#6370 = EDGE_LOOP ( 'NONE', ( #5592, #2292, #5495, #6846 ) ) ;
#6371 = ORIENTED_EDGE ( 'NONE', *, *, #4015, .F. ) ;
#6372 = CARTESIAN_POINT ( 'NONE',  ( 0.9640337486817975865, 0.2000000000000000111, 1.124502878070298140 ) ) ;
#6373 =( LENGTH_UNIT ( ) NAMED_UNIT ( * ) SI_UNIT ( .MILLI., .METRE. ) );
#6374 = SHAPE_REPRESENTATION ( '6130xx21821_PIN', ( #4622 ), #2387 ) ;
#6375 = DIRECTION ( 'NONE',  ( -0.9036900173408244363, 0.000000000000000000, 0.4281872867782747227 ) ) ;
#6376 = DIRECTION ( 'NONE',  ( -0.000000000000000000, -1.000000000000000000, -0.000000000000000000 ) ) ;
#6377 = AXIS2_PLACEMENT_3D ( 'NONE', #929, #6391, #2754 ) ;
#6378 = ORIENTED_EDGE ( 'NONE', *, *, #4867, .F. ) ;
#6379 = DIRECTION ( 'NONE',  ( 0.5773502691896270633, 0.5773502691896257311, 0.5773502691896246208 ) ) ;
#6380 =( NAMED_UNIT ( * ) SI_UNIT ( $, .STERADIAN. ) SOLID_ANGLE_UNIT ( ) );
#6381 = LINE ( 'NONE', #4044, #5299 ) ;
#6382 = VECTOR ( 'NONE', #2427, 1000.000000000000000 ) ;
#6383 = FILL_AREA_STYLE ('',( #5916 ) ) ;
#6384 = PRESENTATION_LAYER_ASSIGNMENT (  '', '', ( #3516 ) ) ;
#6385 = PRODUCT_DEFINITION_CONTEXT ( 'detailed design', #5439, 'design' ) ;
#6386 = VERTEX_POINT ( 'NONE', #4912 ) ;
#6387 = EDGE_CURVE ( 'NONE', #3216, #184, #1902, .T. ) ;
#6388 = STYLED_ITEM ( 'NONE', ( #464 ), #675 ) ;
#6389 = CARTESIAN_POINT ( 'NONE',  ( 0.8690753252980040200, 0.2000000000000000111, 0.9220605459644261037 ) ) ;
#6390 = CARTESIAN_POINT ( 'NONE',  ( 6.599999999999999645, 1.949999999999999956, -3.450000000000000178 ) ) ;
#6391 = DIRECTION ( 'NONE',  ( -1.000000000000000000, 1.239088197126290077E-15, 1.377868836128689948E-31 ) ) ;
#6392 =( NAMED_UNIT ( * ) PLANE_ANGLE_UNIT ( ) SI_UNIT ( $, .RADIAN. ) );
#6393 = ORIENTED_EDGE ( 'NONE', *, *, #5085, .F. ) ;
#6394 = VERTEX_POINT ( 'NONE', #4759 ) ;
#6395 = ORIENTED_EDGE ( 'NONE', *, *, #5998, .T. ) ;
#6396 = CARTESIAN_POINT ( 'NONE',  ( 0.3500000000000009770, -0.9200000000000000400, 3.750000000000000000 ) ) ;
#6397 = DIRECTION ( 'NONE',  ( 0.5773502691896245098, -0.5773502691896282846, 0.5773502691896245098 ) ) ;
#6398 = ADVANCED_FACE ( 'NONE', ( #7276 ), #2527, .T. ) ;
#6399 =( NAMED_UNIT ( * ) PLANE_ANGLE_UNIT ( ) SI_UNIT ( $, .RADIAN. ) );
#6400 = ORIENTED_EDGE ( 'NONE', *, *, #4128, .T. ) ;
#6401 = VERTEX_POINT ( 'NONE', #2486 ) ;
#6402 =( LENGTH_UNIT ( ) NAMED_UNIT ( * ) SI_UNIT ( .MILLI., .METRE. ) );
#6403 = LINE ( 'NONE', #6801, #648 ) ;
#6404 =( NAMED_UNIT ( * ) PLANE_ANGLE_UNIT ( ) SI_UNIT ( $, .RADIAN. ) );
#6405 = FILL_AREA_STYLE ('',( #530 ) ) ;
#6406 = LINE ( 'NONE', #7097, #2510 ) ;
#6407 = ADVANCED_FACE ( 'NONE', ( #112 ), #3714, .T. ) ;
#6408 = FACE_OUTER_BOUND ( 'NONE', #880, .T. ) ;
#6409 = ORIENTED_EDGE ( 'NONE', *, *, #2441, .T. ) ;
#6410 = DIRECTION ( 'NONE',  ( 0.000000000000000000, -1.000000000000000000, -0.000000000000000000 ) ) ;
#6411 = CARTESIAN_POINT ( 'NONE',  ( 0.9740541369524261528, 0.2000000000000000389, 0.7246284079938681844 ) ) ;
#6412 = CARTESIAN_POINT ( 'NONE',  ( -6.599999999999999645, -1.949999999999999956, -4.250000000000000000 ) ) ;
#6413 = SURFACE_SIDE_STYLE ('',( #4046 ) ) ;
#6414 = ORIENTED_EDGE ( 'NONE', *, *, #669, .T. ) ;
#6415 = VECTOR ( 'NONE', #6748, 1000.000000000000000 ) ;
#6416 =( NAMED_UNIT ( * ) PLANE_ANGLE_UNIT ( ) SI_UNIT ( $, .RADIAN. ) );
#6417 = ADVANCED_FACE ( 'NONE', ( #414 ), #6219, .F. ) ;
#6418 =( NAMED_UNIT ( * ) SI_UNIT ( $, .STERADIAN. ) SOLID_ANGLE_UNIT ( ) );
#6419 = LINE ( 'NONE', #4705, #1910 ) ;
#6420 = EDGE_CURVE ( 'NONE', #2429, #2009, #1472, .T. ) ;
#6421 =( LENGTH_UNIT ( ) NAMED_UNIT ( * ) SI_UNIT ( .MILLI., .METRE. ) );
#6422 = ORIENTED_EDGE ( 'NONE', *, *, #6145, .T. ) ;
#6423 = STYLED_ITEM ( 'NONE', ( #2415 ), #3244 ) ;
#6424 = ORIENTED_EDGE ( 'NONE', *, *, #3809, .T. ) ;
#6425 = VERTEX_POINT ( 'NONE', #2175 ) ;
#6426 = CARTESIAN_POINT ( 'NONE',  ( -0.3543932267340400011, 1.626303258728260102E-16, 6.023317510942439945 ) ) ;
#6427 = PLANE ( 'NONE',  #1122 ) ;
#6428 = CARTESIAN_POINT ( 'NONE',  ( -0.7366198555544819504, 0.000000000000000000, -0.05191018432148639811 ) ) ;
#6429 = COLOUR_RGB ( '',0.2000000000000000111, 0.2000000000000000111, 0.2000000000000000111 ) ;
#6430 = PLANE ( 'NONE',  #1603 ) ;
#6431 = SURFACE_STYLE_USAGE ( .BOTH. , #558 ) ;
#6432 =( LENGTH_UNIT ( ) NAMED_UNIT ( * ) SI_UNIT ( .MILLI., .METRE. ) );
#6433 = ORIENTED_EDGE ( 'NONE', *, *, #1463, .T. ) ;
#6434 = EDGE_LOOP ( 'NONE', ( #2352, #1995, #6226, #2871 ) ) ;
#6435 = AXIS2_PLACEMENT_3D ( 'NONE', #1544, #402, #2752 ) ;
#6436 = PRESENTATION_LAYER_ASSIGNMENT (  '', '', ( #7051 ) ) ;
#6437 = VECTOR ( 'NONE', #1663, 1000.000000000000000 ) ;
#6438 = SURFACE_STYLE_FILL_AREA ( #5984 ) ;
#6439 =( GEOMETRIC_REPRESENTATION_CONTEXT ( 3 ) GLOBAL_UNCERTAINTY_ASSIGNED_CONTEXT ( ( #3131 ) ) GLOBAL_UNIT_ASSIGNED_CONTEXT ( ( #3565, #3042, #3648 ) ) REPRESENTATION_CONTEXT ( 'NONE', 'WORKASPACE' ) );
#6440 = CARTESIAN_POINT ( 'NONE',  ( 5.429999999999999716, 0.9200000000000000400, 3.750000000000000000 ) ) ;
#6441 =( LENGTH_UNIT ( ) NAMED_UNIT ( * ) SI_UNIT ( .MILLI., .METRE. ) );
#6442 = PRESENTATION_LAYER_ASSIGNMENT (  '', '', ( #3963 ) ) ;
#6443 =( GEOMETRIC_REPRESENTATION_CONTEXT ( 3 ) GLOBAL_UNCERTAINTY_ASSIGNED_CONTEXT ( ( #5206 ) ) GLOBAL_UNIT_ASSIGNED_CONTEXT ( ( #2584, #6699, #4814 ) ) REPRESENTATION_CONTEXT ( 'NONE', 'WORKASPACE' ) );
#6444 = DIRECTION ( 'NONE',  ( 0.000000000000000000, -0.000000000000000000, 1.000000000000000000 ) ) ;
#6445 = DIRECTION ( 'NONE',  ( -0.000000000000000000, 0.000000000000000000, 1.000000000000000000 ) ) ;
#6446 = VECTOR ( 'NONE', #4998, 1000.000000000000000 ) ;
#6447 = COLOUR_RGB ( '',0.2000000000000000111, 0.2000000000000000111, 0.2000000000000000111 ) ;
#6448 = PRESENTATION_LAYER_ASSIGNMENT (  '', '', ( #3971 ) ) ;
#6449 = EDGE_CURVE ( 'NONE', #6039, #334, #309, .T. ) ;
#6450 = SURFACE_SIDE_STYLE ('',( #4157 ) ) ;
#6451 = UNCERTAINTY_MEASURE_WITH_UNIT (LENGTH_MEASURE( 1.000000000000000082E-05 ), #1287, 'distance_accuracy_value', 'NONE');
#6452 = COLOUR_RGB ( '',0.2000000000000000111, 0.2000000000000000111, 0.2000000000000000111 ) ;
#6453 = DIRECTION ( 'NONE',  ( 0.000000000000000000, 0.000000000000000000, 1.000000000000000000 ) ) ;
#6454 = DIRECTION ( 'NONE',  ( -0.000000000000000000, -1.000000000000000000, 0.000000000000000000 ) ) ;
#6455 = CARTESIAN_POINT ( 'NONE',  ( 5.429999999999999716, -1.620000000000000107, -12.25140600070190011 ) ) ;
#6456 = COLOUR_RGB ( '',0.7411764705882353255, 0.7764705882352941346, 0.8000000000000000444 ) ;
#6457 = VECTOR ( 'NONE', #1601, 1000.000000000000000 ) ;
#6458 = DIRECTION ( 'NONE',  ( 0.000000000000000000, -0.000000000000000000, 1.000000000000000000 ) ) ;
#6459 = MECHANICAL_DESIGN_GEOMETRIC_PRESENTATION_REPRESENTATION (  '', ( #5470 ), #5725 ) ;
#6460 = ORIENTED_EDGE ( 'NONE', *, *, #2904, .T. ) ;
#6461 = EDGE_CURVE ( 'NONE', #7274, #6860, #3457, .T. ) ;
#6462 = MECHANICAL_DESIGN_GEOMETRIC_PRESENTATION_REPRESENTATION (  '', ( #4481 ), #1519 ) ;
#6463 = VECTOR ( 'NONE', #7441, 999.9999999999998863 ) ;
#6464 = CARTESIAN_POINT ( 'NONE',  ( 0.000000000000000000, 0.000000000000000000, 0.000000000000000000 ) ) ;
#6465 = DIRECTION ( 'NONE',  ( -0.7071067811865461294, 0.000000000000000000, -0.7071067811865490160 ) ) ;
#6466 = PRESENTATION_STYLE_ASSIGNMENT (( #4773 ) ) ;
#6467 = DIRECTION ( 'NONE',  ( -1.239088197126290077E-15, 1.000000000000000000, 0.000000000000000000 ) ) ;
#6468 = MECHANICAL_DESIGN_GEOMETRIC_PRESENTATION_REPRESENTATION (  '', ( #2757 ), #2259 ) ;
#6469 = PRESENTATION_LAYER_ASSIGNMENT (  '', '', ( #2504 ) ) ;
#6470 = EDGE_LOOP ( 'NONE', ( #4752, #193, #5226, #593 ) ) ;
#6471 = EDGE_LOOP ( 'NONE', ( #4252, #6031, #7478, #4449 ) ) ;
#6472 = VERTEX_POINT ( 'NONE', #3286 ) ;
#6473 = VECTOR ( 'NONE', #5111, 1000.000000000000114 ) ;
#6474 = EDGE_CURVE ( 'NONE', #3204, #7192, #6829, .T. ) ;
#6475 = DIRECTION ( 'NONE',  ( 0.9996861751910754990, 0.000000000000000000, -0.02505097067657191187 ) ) ;
#6476 = LINE ( 'NONE', #5376, #3611 ) ;
#6477 = AXIS2_PLACEMENT_3D ( 'NONE', #2923, #4657, #1710 ) ;
#6478 = DIRECTION ( 'NONE',  ( -1.000000000000000000, 1.239088197126290077E-15, 1.377868836128689948E-31 ) ) ;
#6479 = DIRECTION ( 'NONE',  ( 0.000000000000000000, -1.000000000000000000, 0.000000000000000000 ) ) ;
#6480 = CARTESIAN_POINT ( 'NONE',  ( -0.3543932267340400011, 0.3999999999999999112, 6.023317510942439057 ) ) ;
#6481 = LINE ( 'NONE', #2361, #4751 ) ;
#6482 = VERTEX_POINT ( 'NONE', #3361 ) ;
#6483 = ORIENTED_EDGE ( 'NONE', *, *, #1371, .F. ) ;
#6484 = EDGE_CURVE ( 'NONE', #5126, #5273, #5666, .T. ) ;
#6485 =( NAMED_UNIT ( * ) PLANE_ANGLE_UNIT ( ) SI_UNIT ( $, .RADIAN. ) );
#6486 = CARTESIAN_POINT ( 'NONE',  ( 0.8932477478277009997, 0.4000000000000000222, 0.4035344174496410252 ) ) ;
#6487 = SURFACE_SIDE_STYLE ('',( #4726 ) ) ;
#6488 = CYLINDRICAL_SURFACE ( 'NONE', #4823, 0.08882474621664526726 ) ;
#6489 = CARTESIAN_POINT ( 'NONE',  ( -0.3499999999999999778, -1.620000000000000107, -12.25140600070190011 ) ) ;
#6490 = LINE ( 'NONE', #4076, #835 ) ;
#6491 = ORIENTED_EDGE ( 'NONE', *, *, #2734, .F. ) ;
#6492 = UNCERTAINTY_MEASURE_WITH_UNIT (LENGTH_MEASURE( 1.000000000000000082E-05 ), #826, 'distance_accuracy_value', 'NONE');
#6493 = PLANE ( 'NONE',  #521 ) ;
#6494 = FILL_AREA_STYLE ('',( #1146 ) ) ;
#6495 = EDGE_CURVE ( 'NONE', #6401, #642, #1521, .T. ) ;
#6496 = PRESENTATION_STYLE_ASSIGNMENT (( #4696 ) ) ;
#6497 = AXIS2_PLACEMENT_3D ( 'NONE', #3938, #5656, #5693 ) ;
#6498 = VERTEX_POINT ( 'NONE', #3254 ) ;
#6499 = CARTESIAN_POINT ( 'NONE',  ( 1.989999999999998659, 1.820000000000000506, 4.250000000000000000 ) ) ;
#6500 = MECHANICAL_DESIGN_GEOMETRIC_PRESENTATION_REPRESENTATION (  '', ( #1297 ), #458 ) ;
#6501 =( GEOMETRIC_REPRESENTATION_CONTEXT ( 3 ) GLOBAL_UNCERTAINTY_ASSIGNED_CONTEXT ( ( #5127 ) ) GLOBAL_UNIT_ASSIGNED_CONTEXT ( ( #6432, #4720, #2323 ) ) REPRESENTATION_CONTEXT ( 'NONE', 'WORKASPACE' ) );
#6502 = EDGE_CURVE ( 'NONE', #1117, #7108, #3211, .T. ) ;
#6503 = PRESENTATION_STYLE_ASSIGNMENT (( #5142 ) ) ;
#6504 = LINE ( 'NONE', #1113, #2291 ) ;
#6505 = ADVANCED_FACE ( 'NONE', ( #340 ), #7404, .T. ) ;
#6506 = CARTESIAN_POINT ( 'NONE',  ( -0.3543932267340400011, -3.702767259472489615E-16, 6.023317510942439945 ) ) ;
#6507 = EDGE_CURVE ( 'NONE', #5060, #3876, #3427, .T. ) ;
#6508 = ORIENTED_EDGE ( 'NONE', *, *, #2622, .T. ) ;
#6509 = VECTOR ( 'NONE', #1609, 1000.000000000000114 ) ;
#6510 = ORIENTED_EDGE ( 'NONE', *, *, #5573, .F. ) ;
#6511 = ORIENTED_EDGE ( 'NONE', *, *, #2039, .F. ) ;
#6512 = CARTESIAN_POINT ( 'NONE',  ( -0.5176744983949770340, 0.000000000000000000, 6.166017239158860797 ) ) ;
#6513 = FILL_AREA_STYLE ('',( #2940 ) ) ;
#6514 = PLANE ( 'NONE',  #6595 ) ;
#6515 = DIRECTION ( 'NONE',  ( 0.000000000000000000, -0.000000000000000000, 1.000000000000000000 ) ) ;
#6516 = STYLED_ITEM ( 'NONE', ( #2413 ), #979 ) ;
#6517 = DIRECTION ( 'NONE',  ( 0.000000000000000000, -0.000000000000000000, 1.000000000000000000 ) ) ;
#6518 = SURFACE_STYLE_FILL_AREA ( #4719 ) ;
#6519 = VERTEX_POINT ( 'NONE', #5819 ) ;
#6520 = ORIENTED_EDGE ( 'NONE', *, *, #6657, .T. ) ;
#6521 = COLOUR_RGB ( '',0.2000000000000000111, 0.2000000000000000111, 0.2000000000000000111 ) ;
#6522 = PLANE ( 'NONE',  #4796 ) ;
#6523 = FILL_AREA_STYLE ('',( #528 ) ) ;
#6524 = SURFACE_STYLE_USAGE ( .BOTH. , #225 ) ;
#6525 = PRESENTATION_STYLE_ASSIGNMENT (( #597 ) ) ;
#6526 = EDGE_CURVE ( 'NONE', #7387, #1009, #4565, .T. ) ;
#6527 = EDGE_CURVE ( 'NONE', #476, #1941, #6982, .T. ) ;
#6528 = FILL_AREA_STYLE ('',( #4158 ) ) ;
#6529 = PLANE ( 'NONE',  #2334 ) ;
#6530 = SURFACE_STYLE_FILL_AREA ( #5285 ) ;
#6531 = DIRECTION ( 'NONE',  ( 0.000000000000000000, -1.000000000000000000, 0.000000000000000000 ) ) ;
#6532 = EDGE_LOOP ( 'NONE', ( #2214, #2430, #3203, #6414 ) ) ;
#6533 = EDGE_CURVE ( 'NONE', #7155, #6180, #2423, .T. ) ;
#6534 = FACE_OUTER_BOUND ( 'NONE', #4221, .T. ) ;
#6535 =( LENGTH_UNIT ( ) NAMED_UNIT ( * ) SI_UNIT ( .MILLI., .METRE. ) );
#6536 = PRESENTATION_STYLE_ASSIGNMENT (( #4164 ) ) ;
#6537 = LINE ( 'NONE', #4669, #6623 ) ;
#6538 = LINE ( 'NONE', #2509, #2632 ) ;
#6539 = ORIENTED_EDGE ( 'NONE', *, *, #5035, .T. ) ;
#6540 = EDGE_LOOP ( 'NONE', ( #1390, #6393, #5741, #2680 ) ) ;
#6541 =( GEOMETRIC_REPRESENTATION_CONTEXT ( 3 ) GLOBAL_UNCERTAINTY_ASSIGNED_CONTEXT ( ( #432 ) ) GLOBAL_UNIT_ASSIGNED_CONTEXT ( ( #4702, #4051, #5890 ) ) REPRESENTATION_CONTEXT ( 'NONE', 'WORKASPACE' ) );
#6542 = VERTEX_POINT ( 'NONE', #6365 ) ;
#6543 =( NAMED_UNIT ( * ) PLANE_ANGLE_UNIT ( ) SI_UNIT ( $, .RADIAN. ) );
#6544 = ADVANCED_FACE ( 'NONE', ( #4027 ), #2834, .F. ) ;
#6545 = DIRECTION ( 'NONE',  ( -0.000000000000000000, 0.000000000000000000, 1.000000000000000000 ) ) ;
#6546 = DIRECTION ( 'NONE',  ( -1.000000000000000000, -0.000000000000000000, 0.000000000000000000 ) ) ;
#6547 = CARTESIAN_POINT ( 'NONE',  ( 1.540000000000000036, -0.9200000000000000400, 3.750000000000000000 ) ) ;
#6548 = PRESENTATION_LAYER_ASSIGNMENT (  '', '', ( #6423 ) ) ;
#6549 =( NAMED_UNIT ( * ) SI_UNIT ( $, .STERADIAN. ) SOLID_ANGLE_UNIT ( ) );
#6550 = ORIENTED_EDGE ( 'NONE', *, *, #6979, .T. ) ;
#6551 = ORIENTED_EDGE ( 'NONE', *, *, #6232, .T. ) ;
#6552 = VERTEX_POINT ( 'NONE', #4737 ) ;
#6553 =( GEOMETRIC_REPRESENTATION_CONTEXT ( 3 ) GLOBAL_UNCERTAINTY_ASSIGNED_CONTEXT ( ( #824 ) ) GLOBAL_UNIT_ASSIGNED_CONTEXT ( ( #2435, #3627, #6007 ) ) REPRESENTATION_CONTEXT ( 'NONE', 'WORKASPACE' ) );
#6554 = VECTOR ( 'NONE', #6556, 1000.000000000000000 ) ;
#6555 = PRESENTATION_STYLE_ASSIGNMENT (( #5199 ) ) ;
#6556 = DIRECTION ( 'NONE',  ( 0.000000000000000000, -0.000000000000000000, 1.000000000000000000 ) ) ;
#6557 =( LENGTH_UNIT ( ) NAMED_UNIT ( * ) SI_UNIT ( .MILLI., .METRE. ) );
#6558 = PLANE ( 'NONE',  #6635 ) ;
#6559 = PRESENTATION_LAYER_ASSIGNMENT (  '', '', ( #6678 ) ) ;
#6560 = VECTOR ( 'NONE', #3543, 1000.000000000000000 ) ;
#6561 = STYLED_ITEM ( 'NONE', ( #23 ), #2608 ) ;
#6562 = EDGE_CURVE ( 'NONE', #5126, #6321, #4614, .T. ) ;
#6563 =( LENGTH_UNIT ( ) NAMED_UNIT ( * ) SI_UNIT ( .MILLI., .METRE. ) );
#6564 = VECTOR ( 'NONE', #6379, 999.9999999999998863 ) ;
#6565 =( LENGTH_UNIT ( ) NAMED_UNIT ( * ) SI_UNIT ( .MILLI., .METRE. ) );
#6566 =( LENGTH_UNIT ( ) NAMED_UNIT ( * ) SI_UNIT ( .MILLI., .METRE. ) );
#6567 = AXIS2_PLACEMENT_3D ( 'NONE', #4163, #2251, #3393 ) ;
#6568 = PLANE ( 'NONE',  #7491 ) ;
#6569 = DIRECTION ( 'NONE',  ( 0.5773502691896282846, -0.5773502691896245098, -0.5773502691896245098 ) ) ;
#6570 = VECTOR ( 'NONE', #6112, 1000.000000000000000 ) ;
#6571 =( GEOMETRIC_REPRESENTATION_CONTEXT ( 3 ) GLOBAL_UNCERTAINTY_ASSIGNED_CONTEXT ( ( #5516 ) ) GLOBAL_UNIT_ASSIGNED_CONTEXT ( ( #6373, #3403, #5793 ) ) REPRESENTATION_CONTEXT ( 'NONE', 'WORKASPACE' ) );
#6572 = EDGE_LOOP ( 'NONE', ( #274, #2861, #5479, #4559 ) ) ;
#6573 = VECTOR ( 'NONE', #1050, 1000.000000000000000 ) ;
#6574 = LINE ( 'NONE', #500, #2372 ) ;
#6575 = CARTESIAN_POINT ( 'NONE',  ( -9.901406000701879151, -1.620000000000000107, -3.450000000000000178 ) ) ;
#6576 = APPLICATION_PROTOCOL_DEFINITION ( 'draft international standard', 'automotive_design', 1998, #5700 ) ;
#6577 = MECHANICAL_DESIGN_GEOMETRIC_PRESENTATION_REPRESENTATION (  '', ( #3468 ), #7442 ) ;
#6578 = CARTESIAN_POINT ( 'NONE',  ( -3.540000000000000036, -0.9199999999999998179, 3.750000000000000000 ) ) ;
#6579 = DIRECTION ( 'NONE',  ( -0.02505097067657198126, 0.000000000000000000, 0.9996861751910754990 ) ) ;
#6580 = CARTESIAN_POINT ( 'NONE',  ( 0.1679208549823459906, -4.440892098500626162E-16, 5.288875901474290764 ) ) ;
#6581 = PRESENTATION_LAYER_ASSIGNMENT (  '', '', ( #2003 ) ) ;
#6582 = ORIENTED_EDGE ( 'NONE', *, *, #6495, .T. ) ;
#6583 = ORIENTED_EDGE ( 'NONE', *, *, #784, .F. ) ;
#6584 = STYLED_ITEM ( 'NONE', ( #4177 ), #5493 ) ;
#6585 = AXIS2_PLACEMENT_3D ( 'NONE', #1288, #113, #4789 ) ;
#6586 = ORIENTED_EDGE ( 'NONE', *, *, #4124, .F. ) ;
#6587 = DIRECTION ( 'NONE',  ( -0.2451003951954432714, 0.000000000000000000, -0.9694977030787836902 ) ) ;
#6588 = LINE ( 'NONE', #4292, #607 ) ;
#6589 = CARTESIAN_POINT ( 'NONE',  ( 0.6405210985066780438, 0.000000000000000000, 6.186473989507359939 ) ) ;
#6590 = DIRECTION ( 'NONE',  ( 1.000000000000000000, 0.000000000000000000, -0.000000000000000000 ) ) ;
#6591 = VECTOR ( 'NONE', #4992, 1000.000000000000000 ) ;
#6592 = VECTOR ( 'NONE', #2163, 1000.000000000000000 ) ;
#6593 = FILL_AREA_STYLE ('',( #1851 ) ) ;
#6594 = ORIENTED_EDGE ( 'NONE', *, *, #5122, .T. ) ;
#6595 = AXIS2_PLACEMENT_3D ( 'NONE', #1432, #1926, #4938 ) ;
#6596 = CARTESIAN_POINT ( 'NONE',  ( -4.530000000000000249, -2.540000000000000036, 4.250000000000000000 ) ) ;
#6597 = EDGE_LOOP ( 'NONE', ( #5514, #4296, #4263, #7435 ) ) ;
#6598 = STYLED_ITEM ( 'NONE', ( #2299 ), #5182 ) ;
#6599 = CARTESIAN_POINT ( 'NONE',  ( 3.089999999999999858, -2.540000000000000036, 4.250000000000000000 ) ) ;
#6600 = LINE ( 'NONE', #2484, #1643 ) ;
#6601 = DIRECTION ( 'NONE',  ( 1.000000000000000000, 0.000000000000000000, -0.000000000000000000 ) ) ;
#6602 = CARTESIAN_POINT ( 'NONE',  ( 0.3500000000000009770, -1.620000000000000107, -12.25140600070190011 ) ) ;
#6603 = AXIS2_PLACEMENT_3D ( 'NONE', #5737, #961, #3301 ) ;
#6604 = CARTESIAN_POINT ( 'NONE',  ( 0.3500000000000009770, 1.620000000000000107, 3.750000000000000000 ) ) ;
#6605 = CARTESIAN_POINT ( 'NONE',  ( 4.080000000000000071, 0.9200000000000000400, -12.25140600070190011 ) ) ;
#6606 = FACE_OUTER_BOUND ( 'NONE', #5107, .T. ) ;
#6607 = EDGE_CURVE ( 'NONE', #1787, #485, #7111, .T. ) ;
#6608 = ADVANCED_FACE ( 'NONE', ( #449 ), #2246, .F. ) ;
#6609 = PRESENTATION_STYLE_ASSIGNMENT (( #4308 ) ) ;
#6610 = DIRECTION ( 'NONE',  ( 1.000000000000000000, 0.000000000000000000, 0.000000000000000000 ) ) ;
#6611 = FILL_AREA_STYLE ('',( #7288 ) ) ;
#6612 = EDGE_LOOP ( 'NONE', ( #2578, #6583, #1875, #2850 ) ) ;
#6613 = CARTESIAN_POINT ( 'NONE',  ( 1.000000000000000000, -1.620000000000000107, 3.750000000000000000 ) ) ;
#6614 = SURFACE_STYLE_USAGE ( .BOTH. , #686 ) ;
#6615 = COLOUR_RGB ( '',0.2000000000000000111, 0.2000000000000000111, 0.2000000000000000111 ) ;
#6616 =( NAMED_UNIT ( * ) PLANE_ANGLE_UNIT ( ) SI_UNIT ( $, .RADIAN. ) );
#6617 = UNCERTAINTY_MEASURE_WITH_UNIT (LENGTH_MEASURE( 1.000000000000000082E-05 ), #4453, 'distance_accuracy_value', 'NONE');
#6618 = SURFACE_STYLE_USAGE ( .BOTH. , #4167 ) ;
#6619 = EDGE_CURVE ( 'NONE', #2916, #6878, #6977, .T. ) ;
#6620 = ORIENTED_EDGE ( 'NONE', *, *, #3221, .T. ) ;
#6621 = VERTEX_POINT ( 'NONE', #6396 ) ;
#6622 = EDGE_LOOP ( 'NONE', ( #1356, #409, #5614, #3703 ) ) ;
#6623 = VECTOR ( 'NONE', #1224, 1000.000000000000000 ) ;
#6624 =( NAMED_UNIT ( * ) SI_UNIT ( $, .STERADIAN. ) SOLID_ANGLE_UNIT ( ) );
#6625 = LINE ( 'NONE', #1925, #5075 ) ;
#6626 = SURFACE_STYLE_USAGE ( .BOTH. , #2012 ) ;
#6627 = DIRECTION ( 'NONE',  ( 1.000000000000000000, 0.000000000000000000, -0.000000000000000000 ) ) ;
#6628 = CARTESIAN_POINT ( 'NONE',  ( -6.599999999999999645, -1.820000000000000062, 4.250000000000000000 ) ) ;
#6629 = SURFACE_SIDE_STYLE ('',( #7206 ) ) ;
#6630 = STYLED_ITEM ( 'NONE', ( #6284 ), #1290 ) ;
#6631 = ORIENTED_EDGE ( 'NONE', *, *, #6250, .F. ) ;
#6632 = SURFACE_STYLE_USAGE ( .BOTH. , #5420 ) ;
#6633 = ORIENTED_EDGE ( 'NONE', *, *, #1171, .T. ) ;
#6634 = ADVANCED_FACE ( 'NONE', ( #1661 ), #7510, .T. ) ;
#6635 = AXIS2_PLACEMENT_3D ( 'NONE', #1940, #6141, #5478 ) ;
#6636 =( NAMED_UNIT ( * ) PLANE_ANGLE_UNIT ( ) SI_UNIT ( $, .RADIAN. ) );
#6637 = CARTESIAN_POINT ( 'NONE',  ( 4.729999999999999538, -1.619999999999999885, 4.050000000000001599 ) ) ;
#6638 = SURFACE_STYLE_USAGE ( .BOTH. , #6176 ) ;
#6639 = ORIENTED_EDGE ( 'NONE', *, *, #4078, .F. ) ;
#6640 = STYLED_ITEM ( 'NONE', ( #1739 ), #1096 ) ;
#6641 = SURFACE_SIDE_STYLE ('',( #2655 ) ) ;
#6642 = CARTESIAN_POINT ( 'NONE',  ( 0.8932477478277009997, 0.4000000000000000222, 0.3147096712329958690 ) ) ;
#6643 = DIRECTION ( 'NONE',  ( -0.000000000000000000, 0.000000000000000000, -1.000000000000000000 ) ) ;
#6644 = ORIENTED_EDGE ( 'NONE', *, *, #2535, .F. ) ;
#6645 = LINE ( 'NONE', #1334, #6095 ) ;
#6646 = CARTESIAN_POINT ( 'NONE',  ( 4.730000000000000426, -1.620000000000000107, 4.050000000000000711 ) ) ;
#6647 =( NAMED_UNIT ( * ) SI_UNIT ( $, .STERADIAN. ) SOLID_ANGLE_UNIT ( ) );
#6648 = CARTESIAN_POINT ( 'NONE',  ( 0.2253056840829080198, 0.4000000000000001887, 5.752751436071860347 ) ) ;
#6649 = CARTESIAN_POINT ( 'NONE',  ( 0.5176744983949780332, -4.440892098500626162E-16, 6.166017239158860797 ) ) ;
#6650 = VERTEX_POINT ( 'NONE', #5183 ) ;
#6651 = VERTEX_POINT ( 'NONE', #369 ) ;
#6652 = EDGE_LOOP ( 'NONE', ( #2826, #2522, #4403, #6270 ) ) ;
#6653 = FILL_AREA_STYLE_COLOUR ( '', #5961 ) ;
#6654 = PLANE ( 'NONE',  #1245 ) ;
#6655 = EDGE_CURVE ( 'NONE', #3733, #1741, #6361, .T. ) ;
#6656 = CARTESIAN_POINT ( 'NONE',  ( 0.3699999999999999956, 0.000000000000000000, -0.05191018432148637035 ) ) ;
#6657 = EDGE_CURVE ( 'NONE', #7624, #6083, #7480, .T. ) ;
#6658 = FILL_AREA_STYLE_COLOUR ( '', #6059 ) ;
#6659 = CARTESIAN_POINT ( 'NONE',  ( -2.189999999999999947, -0.9200000000000000400, -12.25140600070190011 ) ) ;
#6660 = ORIENTED_EDGE ( 'NONE', *, *, #3394, .F. ) ;
#6661 = MECHANICAL_DESIGN_GEOMETRIC_PRESENTATION_REPRESENTATION (  '', ( #2837 ), #5425 ) ;
#6662 = CARTESIAN_POINT ( 'NONE',  ( 0.6405210985066780438, -2.168404344971008868E-16, 6.186473989507359939 ) ) ;
#6663 = ORIENTED_EDGE ( 'NONE', *, *, #1141, .T. ) ;
#6664 = SURFACE_SIDE_STYLE ('',( #4415 ) ) ;
#6665 = DIRECTION ( 'NONE',  ( 0.000000000000000000, -1.000000000000000000, -1.112002228190259966E-16 ) ) ;
#6666 = DIRECTION ( 'NONE',  ( -0.000000000000000000, 0.000000000000000000, -1.000000000000000000 ) ) ;
#6667 = AXIS2_PLACEMENT_3D ( 'NONE', #6366, #3884, #4028 ) ;
#6668 = STYLED_ITEM ( 'NONE', ( #177 ), #2714 ) ;
#6669 = CARTESIAN_POINT ( 'NONE',  ( 3.540000000000000036, -1.620000000000000107, -3.449999999999999734 ) ) ;
#6670 = DIRECTION ( 'NONE',  ( -0.7071067811865489050, 0.000000000000000000, -0.7071067811865460184 ) ) ;
#6671 = LINE ( 'NONE', #5509, #1681 ) ;
#6672 = ORIENTED_EDGE ( 'NONE', *, *, #7369, .F. ) ;
#6673 = MECHANICAL_DESIGN_GEOMETRIC_PRESENTATION_REPRESENTATION (  '', ( #5938 ), #4444 ) ;
#6674 =( GEOMETRIC_REPRESENTATION_CONTEXT ( 3 ) GLOBAL_UNCERTAINTY_ASSIGNED_CONTEXT ( ( #953 ) ) GLOBAL_UNIT_ASSIGNED_CONTEXT ( ( #6402, #1671, #2260 ) ) REPRESENTATION_CONTEXT ( 'NONE', 'WORKASPACE' ) );
#6675 =( NAMED_UNIT ( * ) SI_UNIT ( $, .STERADIAN. ) SOLID_ANGLE_UNIT ( ) );
#6676 = DIRECTION ( 'NONE',  ( 1.000000000000000000, -0.000000000000000000, 0.000000000000000000 ) ) ;
#6677 =( NAMED_UNIT ( * ) SI_UNIT ( $, .STERADIAN. ) SOLID_ANGLE_UNIT ( ) );
#6678 = STYLED_ITEM ( 'NONE', ( #2277 ), #3599 ) ;
#6679 = CARTESIAN_POINT ( 'NONE',  ( 1.000000000000000000, -1.620000000000000107, -12.25140600070190011 ) ) ;
#6680 = SURFACE_STYLE_FILL_AREA ( #6068 ) ;
#6681 = ADVANCED_FACE ( 'NONE', ( #6824 ), #952, .F. ) ;
#6682 = ORIENTED_EDGE ( 'NONE', *, *, #599, .T. ) ;
#6683 = VECTOR ( 'NONE', #6117, 1000.000000000000000 ) ;
#6684 = CARTESIAN_POINT ( 'NONE',  ( -6.080000000000000071, 0.9200000000000000400, 3.750000000000000000 ) ) ;
#6685 = UNCERTAINTY_MEASURE_WITH_UNIT (LENGTH_MEASURE( 1.000000000000000082E-05 ), #3959, 'distance_accuracy_value', 'NONE');
#6686 = STYLED_ITEM ( 'NONE', ( #3453 ), #6177 ) ;
#6687 = DIRECTION ( 'NONE',  ( 0.000000000000000000, -1.000000000000000000, 0.000000000000000000 ) ) ;
#6688 = SURFACE_STYLE_USAGE ( .BOTH. , #1302 ) ;
#6689 = LINE ( 'NONE', #6036, #6847 ) ;
#6690 = PRESENTATION_LAYER_ASSIGNMENT (  '', '', ( #1496 ) ) ;
#6691 = UNCERTAINTY_MEASURE_WITH_UNIT (LENGTH_MEASURE( 1.000000000000000082E-05 ), #3078, 'distance_accuracy_value', 'NONE');
#6692 = VECTOR ( 'NONE', #5992, 1000.000000000000000 ) ;
#6693 =( NAMED_UNIT ( * ) SI_UNIT ( $, .STERADIAN. ) SOLID_ANGLE_UNIT ( ) );
#6694 = EDGE_LOOP ( 'NONE', ( #2258, #5918, #7508, #2273, #4671, #2713, #1905, #1198 ) ) ;
#6695 = ORIENTED_EDGE ( 'NONE', *, *, #2689, .F. ) ;
#6696 = EDGE_LOOP ( 'NONE', ( #4058, #3591, #6934, #250 ) ) ;
#6697 =( NAMED_UNIT ( * ) PLANE_ANGLE_UNIT ( ) SI_UNIT ( $, .RADIAN. ) );
#6698 = STYLED_ITEM ( 'NONE', ( #35 ), #4463 ) ;
#6699 =( NAMED_UNIT ( * ) PLANE_ANGLE_UNIT ( ) SI_UNIT ( $, .RADIAN. ) );
#6700 =( NAMED_UNIT ( * ) SI_UNIT ( $, .STERADIAN. ) SOLID_ANGLE_UNIT ( ) );
#6701 = PLANE ( 'NONE',  #385 ) ;
#6702 =( GEOMETRIC_REPRESENTATION_CONTEXT ( 3 ) GLOBAL_UNCERTAINTY_ASSIGNED_CONTEXT ( ( #957 ) ) GLOBAL_UNIT_ASSIGNED_CONTEXT ( ( #5663, #2873, #5703 ) ) REPRESENTATION_CONTEXT ( 'NONE', 'WORKASPACE' ) );
#6703 = FILL_AREA_STYLE ('',( #789 ) ) ;
#6704 = CARTESIAN_POINT ( 'NONE',  ( -1.000000000000000000, -0.9200000000000000400, 3.750000000000000000 ) ) ;
#6705 = STYLED_ITEM ( 'NONE', ( #4142 ), #5499 ) ;
#6706 = PRESENTATION_LAYER_ASSIGNMENT (  '', '', ( #2369 ) ) ;
#6707 = ORIENTED_EDGE ( 'NONE', *, *, #1371, .T. ) ;
#6708 = PLANE ( 'NONE',  #2159 ) ;
#6709 = ADVANCED_FACE ( 'NONE', ( #1841 ), #1275, .F. ) ;
#6710 = ORIENTED_EDGE ( 'NONE', *, *, #6144, .T. ) ;
#6711 = CARTESIAN_POINT ( 'NONE',  ( 0.9820446186353369855, 0.4000000000000000222, 0.4057595635624670072 ) ) ;
#6712 = VECTOR ( 'NONE', #5621, 1000.000000000000000 ) ;
#6713 = SURFACE_STYLE_FILL_AREA ( #1977 ) ;
#6714 = PRESENTATION_LAYER_ASSIGNMENT (  '', '', ( #2626 ) ) ;
#6715 = COLOUR_RGB ( '',0.2000000000000000111, 0.2000000000000000111, 0.2000000000000000111 ) ;
#6716 = EDGE_LOOP ( 'NONE', ( #7257, #6520, #4215, #4824 ) ) ;
#6717 =( GEOMETRIC_REPRESENTATION_CONTEXT ( 3 ) GLOBAL_UNCERTAINTY_ASSIGNED_CONTEXT ( ( #3656 ) ) GLOBAL_UNIT_ASSIGNED_CONTEXT ( ( #4981, #6808, #6245 ) ) REPRESENTATION_CONTEXT ( 'NONE', 'WORKASPACE' ) );
#6718 = ADVANCED_FACE ( 'NONE', ( #3052 ), #4103, .F. ) ;
#6719 = COLOUR_RGB ( '',0.2000000000000000111, 0.2000000000000000111, 0.2000000000000000111 ) ;
#6720 = STYLED_ITEM ( 'NONE', ( #3583 ), #7495 ) ;
#6721 =( NAMED_UNIT ( * ) SI_UNIT ( $, .STERADIAN. ) SOLID_ANGLE_UNIT ( ) );
#6722 = CARTESIAN_POINT ( 'NONE',  ( -6.599999999999999645, 1.820000000000000062, 4.250000000000000000 ) ) ;
#6723 =( LENGTH_UNIT ( ) NAMED_UNIT ( * ) SI_UNIT ( .MILLI., .METRE. ) );
#6724 = AXIS2_PLACEMENT_3D ( 'NONE', #4516, #1577, #439 ) ;
#6725 = VERTEX_POINT ( 'NONE', #6162 ) ;
#6726 = EDGE_CURVE ( 'NONE', #5286, #1072, #4405, .T. ) ;
#6727 = DIRECTION ( 'NONE',  ( -0.000000000000000000, 1.000000000000000000, 0.000000000000000000 ) ) ;
#6728 =( NAMED_UNIT ( * ) PLANE_ANGLE_UNIT ( ) SI_UNIT ( $, .RADIAN. ) );
#6729 = DIRECTION ( 'NONE',  ( -0.000000000000000000, -1.000000000000000000, 0.000000000000000000 ) ) ;
#6730 = VERTEX_POINT ( 'NONE', #1430 ) ;
#6731 = ORIENTED_EDGE ( 'NONE', *, *, #429, .T. ) ;
#6732 = ORIENTED_EDGE ( 'NONE', *, *, #2564, .T. ) ;
#6733 = DIRECTION ( 'NONE',  ( -0.000000000000000000, -0.000000000000000000, -1.000000000000000000 ) ) ;
#6734 = EDGE_CURVE ( 'NONE', #5192, #5086, #292, .T. ) ;
#6735 = AXIS2_PLACEMENT_3D ( 'NONE', #1583, #4524, #6892 ) ;
#6736 = EDGE_CURVE ( 'NONE', #1984, #5192, #2633, .T. ) ;
#6737 = CARTESIAN_POINT ( 'NONE',  ( 0.8588250565440940232, 0.4000000000000000222, 5.322969931419179623 ) ) ;
#6738 = DIRECTION ( 'NONE',  ( -0.000000000000000000, 1.000000000000000000, 0.000000000000000000 ) ) ;
#6739 = ADVANCED_FACE ( 'NONE', ( #7352 ), #4466, .T. ) ;
#6740 =( LENGTH_UNIT ( ) NAMED_UNIT ( * ) SI_UNIT ( .MILLI., .METRE. ) );
#6741 = CARTESIAN_POINT ( 'NONE',  ( 5.429999999999999716, 1.620000000000000107, 3.750000000000000000 ) ) ;
#6742 = ORIENTED_EDGE ( 'NONE', *, *, #5011, .T. ) ;
#6743 = COLOUR_RGB ( '',0.2000000000000000111, 0.2000000000000000111, 0.2000000000000000111 ) ;
#6744 = ORIENTED_EDGE ( 'NONE', *, *, #2071, .F. ) ;
#6745 = ORIENTED_EDGE ( 'NONE', *, *, #5482, .F. ) ;
#6746 = PRESENTATION_STYLE_ASSIGNMENT (( #4385 ) ) ;
#6747 = FILL_AREA_STYLE ('',( #4386 ) ) ;
#6748 = DIRECTION ( 'NONE',  ( 1.000000000000000000, -0.000000000000000000, 0.000000000000000000 ) ) ;
#6749 = DIRECTION ( 'NONE',  ( 0.06397705464214699378, 0.000000000000000000, -0.9979513697968031005 ) ) ;
#6750 = PRESENTATION_LAYER_ASSIGNMENT (  '', '', ( #5766 ) ) ;
#6751 =( NAMED_UNIT ( * ) PLANE_ANGLE_UNIT ( ) SI_UNIT ( $, .RADIAN. ) );
#6752 = DIRECTION ( 'NONE',  ( -1.000000000000000000, -0.000000000000000000, 0.000000000000000000 ) ) ;
#6753 = PRESENTATION_LAYER_ASSIGNMENT (  '', '', ( #573 ) ) ;
#6754 =( NAMED_UNIT ( * ) SI_UNIT ( $, .STERADIAN. ) SOLID_ANGLE_UNIT ( ) );
#6755 = DIRECTION ( 'NONE',  ( 0.000000000000000000, -0.000000000000000000, -1.000000000000000000 ) ) ;
#6756 = ORIENTED_EDGE ( 'NONE', *, *, #6474, .T. ) ;
#6757 = VECTOR ( 'NONE', #6148, 1000.000000000000000 ) ;
#6758 = PRESENTATION_STYLE_ASSIGNMENT (( #6111 ) ) ;
#6759 = EDGE_CURVE ( 'NONE', #4683, #5454, #4290, .T. ) ;
#6760 = FILL_AREA_STYLE_COLOUR ( '', #400 ) ;
#6761 = ADVANCED_FACE ( 'NONE', ( #2516, #4858, #6203, #892, #3164, #212, #5525, #2466, #4813, #4937, #245 ), #2583, .T. ) ;
#6762 = AXIS2_PLACEMENT_3D ( 'NONE', #4393, #6185, #426 ) ;
#6763 = PLANE ( 'NONE',  #3524 ) ;
#6764 =( NAMED_UNIT ( * ) PLANE_ANGLE_UNIT ( ) SI_UNIT ( $, .RADIAN. ) );
#6765 = ORIENTED_EDGE ( 'NONE', *, *, #3015, .T. ) ;
#6766 = PRODUCT_DEFINITION_SHAPE ( 'NONE', 'NONE',  #7629 ) ;
#6767 = DIRECTION ( 'NONE',  ( 0.000000000000000000, -0.000000000000000000, -1.000000000000000000 ) ) ;
#6768 = UNCERTAINTY_MEASURE_WITH_UNIT (LENGTH_MEASURE( 1.000000000000000082E-05 ), #3556, 'distance_accuracy_value', 'NONE');
#6769 = CARTESIAN_POINT ( 'NONE',  ( -0.3499999999999998113, -0.9200000000000001510, 4.050000000000001599 ) ) ;
#6770 =( NAMED_UNIT ( * ) SI_UNIT ( $, .STERADIAN. ) SOLID_ANGLE_UNIT ( ) );
#6771 = SURFACE_SIDE_STYLE ('',( #4853 ) ) ;
#6772 = UNCERTAINTY_MEASURE_WITH_UNIT (LENGTH_MEASURE( 1.000000000000000082E-05 ), #7578, 'distance_accuracy_value', 'NONE');
#6773 = PLANE ( 'NONE',  #7581 ) ;
#6774 = ORIENTED_EDGE ( 'NONE', *, *, #4281, .T. ) ;
#6775 = CARTESIAN_POINT ( 'NONE',  ( 0.8690753252980040200, 0.2000000000000000111, 0.9220605459644261037 ) ) ;
#6776 = DIRECTION ( 'NONE',  ( 0.000000000000000000, 0.000000000000000000, -1.000000000000000000 ) ) ;
#6777 = LINE ( 'NONE', #7313, #1037 ) ;
#6778 = SURFACE_STYLE_USAGE ( .BOTH. , #331 ) ;
#6779 = DIRECTION ( 'NONE',  ( 0.5773502691896279515, -0.5773502691896252870, -0.5773502691896241767 ) ) ;
#6780 = CARTESIAN_POINT ( 'NONE',  ( -0.9999999999999997780, 1.620000000000000329, -3.449999999999999734 ) ) ;
#6781 = ORIENTED_EDGE ( 'NONE', *, *, #240, .F. ) ;
#6782 = ORIENTED_EDGE ( 'NONE', *, *, #2022, .T. ) ;
#6783 = ORIENTED_EDGE ( 'NONE', *, *, #4107, .T. ) ;
#6784 = EDGE_CURVE ( 'NONE', #7351, #6912, #2233, .T. ) ;
#6785 =( LENGTH_UNIT ( ) NAMED_UNIT ( * ) SI_UNIT ( .MILLI., .METRE. ) );
#6786 = LINE ( 'NONE', #308, #4066 ) ;
#6787 =( LENGTH_UNIT ( ) NAMED_UNIT ( * ) SI_UNIT ( .MILLI., .METRE. ) );
#6788 = DIRECTION ( 'NONE',  ( -1.239088197126290077E-15, -1.000000000000000000, 0.000000000000000000 ) ) ;
#6789 =( NAMED_UNIT ( * ) SI_UNIT ( $, .STERADIAN. ) SOLID_ANGLE_UNIT ( ) );
#6790 = VERTEX_POINT ( 'NONE', #6278 ) ;
#6791 = COLOUR_RGB ( '',0.2000000000000000111, 0.2000000000000000111, 0.2000000000000000111 ) ;
#6792 = CARTESIAN_POINT ( 'NONE',  ( -6.599999999999999645, -0.7199999999999999734, 4.250000000000000000 ) ) ;
#6793 = MECHANICAL_DESIGN_GEOMETRIC_PRESENTATION_REPRESENTATION (  '', ( #130 ), #5426 ) ;
#6794 = DIRECTION ( 'NONE',  ( -1.000000000000000000, 0.000000000000000000, -0.000000000000000000 ) ) ;
#6795 = PRESENTATION_STYLE_ASSIGNMENT (( #425 ) ) ;
#6796 = DIRECTION ( 'NONE',  ( -1.239088197126290077E-15, 1.000000000000000000, 0.000000000000000000 ) ) ;
#6797 = CIRCLE ( 'NONE', #1828, 0.1499999999999999667 ) ;
#6798 =( GEOMETRIC_REPRESENTATION_CONTEXT ( 3 ) GLOBAL_UNCERTAINTY_ASSIGNED_CONTEXT ( ( #4428 ) ) GLOBAL_UNIT_ASSIGNED_CONTEXT ( ( #7314, #3698, #4902 ) ) REPRESENTATION_CONTEXT ( 'NONE', 'WORKASPACE' ) );
#6799 = VERTEX_POINT ( 'NONE', #2704 ) ;
#6800 = EDGE_CURVE ( 'NONE', #2712, #63, #5137, .T. ) ;
#6801 = CARTESIAN_POINT ( 'NONE',  ( 6.080000000000000071, -1.620000000000000107, -3.449999999999999734 ) ) ;
#6802 = MECHANICAL_DESIGN_GEOMETRIC_PRESENTATION_REPRESENTATION (  '', ( #384 ), #2719 ) ;
#6803 = MECHANICAL_DESIGN_GEOMETRIC_PRESENTATION_REPRESENTATION (  '', ( #6309 ), #144 ) ;
#6804 = DIRECTION ( 'NONE',  ( -0.000000000000000000, 1.000000000000000000, -0.000000000000000000 ) ) ;
#6805 = DIRECTION ( 'NONE',  ( -1.000000000000000000, -0.000000000000000000, -0.000000000000000000 ) ) ;
#6806 = LINE ( 'NONE', #5014, #1983 ) ;
#6807 = FILL_AREA_STYLE_COLOUR ( '', #1058 ) ;
#6808 =( NAMED_UNIT ( * ) PLANE_ANGLE_UNIT ( ) SI_UNIT ( $, .RADIAN. ) );
#6809 = MECHANICAL_DESIGN_GEOMETRIC_PRESENTATION_REPRESENTATION (  '', ( #2964 ), #5063 ) ;
#6810 = ORIENTED_EDGE ( 'NONE', *, *, #2274, .T. ) ;
#6811 = DIRECTION ( 'NONE',  ( 1.000000000000000000, -0.000000000000000000, 0.000000000000000000 ) ) ;
#6812 = FILL_AREA_STYLE ('',( #4440 ) ) ;
#6813 = CARTESIAN_POINT ( 'NONE',  ( -9.901406000701879151, 1.620000000000000329, -3.449999999999999734 ) ) ;
#6814 =( LENGTH_UNIT ( ) NAMED_UNIT ( * ) SI_UNIT ( .MILLI., .METRE. ) );
#6815 = VECTOR ( 'NONE', #3128, 1000.000000000000000 ) ;
#6816 =( GEOMETRIC_REPRESENTATION_CONTEXT ( 3 ) GLOBAL_UNCERTAINTY_ASSIGNED_CONTEXT ( ( #1650 ) ) GLOBAL_UNIT_ASSIGNED_CONTEXT ( ( #1098, #5567, #2270 ) ) REPRESENTATION_CONTEXT ( 'NONE', 'WORKASPACE' ) );
#6817 = DIRECTION ( 'NONE',  ( -0.000000000000000000, 0.000000000000000000, 1.000000000000000000 ) ) ;
#6818 = VECTOR ( 'NONE', #518, 1000.000000000000000 ) ;
#6819 =( LENGTH_UNIT ( ) NAMED_UNIT ( * ) SI_UNIT ( .MILLI., .METRE. ) );
#6820 = ORIENTED_EDGE ( 'NONE', *, *, #6526, .T. ) ;
#6821 = ORIENTED_EDGE ( 'NONE', *, *, #5706, .F. ) ;
#6822 = STYLED_ITEM ( 'NONE', ( #805 ), #4269 ) ;
#6823 = ORIENTED_EDGE ( 'NONE', *, *, #7521, .F. ) ;
#6824 = FACE_OUTER_BOUND ( 'NONE', #2815, .T. ) ;
#6825 = LINE ( 'NONE', #1518, #2349 ) ;
#6826 = COLOUR_RGB ( '',0.2000000000000000111, 0.2000000000000000111, 0.2000000000000000111 ) ;
#6827 = LINE ( 'NONE', #4951, #2889 ) ;
#6828 = DIRECTION ( 'NONE',  ( -0.2451003951954450755, 0.000000000000000000, 0.9694977030787832462 ) ) ;
#6829 = LINE ( 'NONE', #1015, #6446 ) ;
#6830 = SURFACE_SIDE_STYLE ('',( #975 ) ) ;
#6831 = VECTOR ( 'NONE', #1025, 1000.000000000000000 ) ;
#6832 = CARTESIAN_POINT ( 'NONE',  ( 0.3500000000000009770, 0.9200000000000000400, -12.25140600070190011 ) ) ;
#6833 = ADVANCED_FACE ( 'NONE', ( #1654 ), #4356, .T. ) ;
#6834 = DIRECTION ( 'NONE',  ( 0.000000000000000000, 0.000000000000000000, 1.000000000000000000 ) ) ;
#6835 = ORIENTED_EDGE ( 'NONE', *, *, #7604, .T. ) ;
#6836 = STYLED_ITEM ( 'NONE', ( #5589 ), #5321 ) ;
#6837 = CARTESIAN_POINT ( 'NONE',  ( -0.5569527916718955973, 0.4000000000000000222, 2.050178687254367915 ) ) ;
#6838 =( NAMED_UNIT ( * ) SI_UNIT ( $, .STERADIAN. ) SOLID_ANGLE_UNIT ( ) );
#6839 = EDGE_CURVE ( 'NONE', #6799, #6542, #5170, .T. ) ;
#6840 = EDGE_CURVE ( 'NONE', #3250, #6974, #1541, .T. ) ;
#6841 =( NAMED_UNIT ( * ) PLANE_ANGLE_UNIT ( ) SI_UNIT ( $, .RADIAN. ) );
#6842 = VECTOR ( 'NONE', #7475, 1000.000000000000000 ) ;
#6843 = STYLED_ITEM ( 'NONE', ( #6503 ), #4909 ) ;
#6844 = SURFACE_SIDE_STYLE ('',( #3293 ) ) ;
#6845 = MECHANICAL_DESIGN_GEOMETRIC_PRESENTATION_REPRESENTATION (  '', ( #2135 ), #7579 ) ;
#6846 = ORIENTED_EDGE ( 'NONE', *, *, #5573, .T. ) ;
#6847 = VECTOR ( 'NONE', #3687, 1000.000000000000000 ) ;
#6848 = UNCERTAINTY_MEASURE_WITH_UNIT (LENGTH_MEASURE( 1.000000000000000082E-05 ), #7075, 'distance_accuracy_value', 'NONE');
#6849 = FILL_AREA_STYLE_COLOUR ( '', #4461 ) ;
#6850 = DIRECTION ( 'NONE',  ( -0.000000000000000000, 0.000000000000000000, 1.000000000000000000 ) ) ;
#6851 =( NAMED_UNIT ( * ) SI_UNIT ( $, .STERADIAN. ) SOLID_ANGLE_UNIT ( ) );
#6852 = UNCERTAINTY_MEASURE_WITH_UNIT (LENGTH_MEASURE( 1.000000000000000082E-05 ), #4958, 'distance_accuracy_value', 'NONE');
#6853 = CARTESIAN_POINT ( 'NONE',  ( -0.7366198555544819504, 0.4000000000000000222, 0.3147096712329957580 ) ) ;
#6854 = VERTEX_POINT ( 'NONE', #4597 ) ;
#6855 =( NAMED_UNIT ( * ) SI_UNIT ( $, .STERADIAN. ) SOLID_ANGLE_UNIT ( ) );
#6856 = DIRECTION ( 'NONE',  ( -0.000000000000000000, 0.000000000000000000, 1.000000000000000000 ) ) ;
#6857 = DIRECTION ( 'NONE',  ( -0.000000000000000000, 0.000000000000000000, -1.000000000000000000 ) ) ;
#6858 = DIRECTION ( 'NONE',  ( 0.000000000000000000, 0.7071067811865450192, -0.7071067811865500152 ) ) ;
#6859 = ORIENTED_EDGE ( 'NONE', *, *, #321, .T. ) ;
#6860 = VERTEX_POINT ( 'NONE', #1073 ) ;
#6861 = ORIENTED_EDGE ( 'NONE', *, *, #3796, .F. ) ;
#6862 = DIRECTION ( 'NONE',  ( -0.7071067811865450192, 0.000000000000000000, -0.7071067811865500152 ) ) ;
#6863 = CARTESIAN_POINT ( 'NONE',  ( 0.3500000000000009770, -0.9200000000000000400, -12.25140600070190011 ) ) ;
#6864 = PRESENTATION_STYLE_ASSIGNMENT (( #2173 ) ) ;
#6865 = CARTESIAN_POINT ( 'NONE',  ( 0.5500000000000013767, 1.820000000000000062, 4.250000000000000000 ) ) ;
#6866 = CARTESIAN_POINT ( 'NONE',  ( 0.005178789717898660272, 0.4000000000000000222, 2.014805344883670024 ) ) ;
#6867 =( NAMED_UNIT ( * ) PLANE_ANGLE_UNIT ( ) SI_UNIT ( $, .RADIAN. ) );
#6868 = VECTOR ( 'NONE', #1972, 1000.000000000000000 ) ;
#6869 = SURFACE_STYLE_USAGE ( .BOTH. , #5712 ) ;
#6870 = ORIENTED_EDGE ( 'NONE', *, *, #176, .T. ) ;
#6871 = EDGE_CURVE ( 'NONE', #4069, #4556, #397, .T. ) ;
#6872 = LINE ( 'NONE', #4422, #1723 ) ;
#6873 = STYLED_ITEM ( 'NONE', ( #3655 ), #232 ) ;
#6874 = VECTOR ( 'NONE', #739, 1000.000000000000000 ) ;
#6875 =( NAMED_UNIT ( * ) PLANE_ANGLE_UNIT ( ) SI_UNIT ( $, .RADIAN. ) );
#6876 = COLOUR_RGB ( '',0.7411764705882353255, 0.7764705882352941346, 0.8000000000000000444 ) ;
#6877 = EDGE_CURVE ( 'NONE', #3086, #3733, #4515, .T. ) ;
#6878 = VERTEX_POINT ( 'NONE', #3345 ) ;
#6879 = EDGE_CURVE ( 'NONE', #740, #720, #1576, .T. ) ;
#6880 = VECTOR ( 'NONE', #5837, 1000.000000000000000 ) ;
#6881 = PLANE ( 'NONE',  #3460 ) ;
#6882 = FILL_AREA_STYLE ('',( #5728 ) ) ;
#6883 = FACE_OUTER_BOUND ( 'NONE', #5372, .T. ) ;
#6884 =( GEOMETRIC_REPRESENTATION_CONTEXT ( 3 ) GLOBAL_UNCERTAINTY_ASSIGNED_CONTEXT ( ( #5609 ) ) GLOBAL_UNIT_ASSIGNED_CONTEXT ( ( #5632, #5590, #6789 ) ) REPRESENTATION_CONTEXT ( 'NONE', 'WORKASPACE' ) );
#6885 = ORIENTED_EDGE ( 'NONE', *, *, #7390, .T. ) ;
#6886 = DIRECTION ( 'NONE',  ( 0.000000000000000000, 0.000000000000000000, 1.000000000000000000 ) ) ;
#6887 =( NAMED_UNIT ( * ) SI_UNIT ( $, .STERADIAN. ) SOLID_ANGLE_UNIT ( ) );
#6888 = PLANE ( 'NONE',  #6435 ) ;
#6889 = FACE_OUTER_BOUND ( 'NONE', #1354, .T. ) ;
#6890 = DIRECTION ( 'NONE',  ( 0.000000000000000000, 0.7071067811865455743, -0.7071067811865495711 ) ) ;
#6891 = CARTESIAN_POINT ( 'NONE',  ( 0.9690439428171118141, 0.2000000000000000111, 0.9245656430320832175 ) ) ;
#6892 = DIRECTION ( 'NONE',  ( 0.000000000000000000, 0.7071067811865495711, -0.7071067811865455743 ) ) ;
#6893 = VERTEX_POINT ( 'NONE', #3416 ) ;
#6894 = VERTEX_POINT ( 'NONE', #2672 ) ;
#6895 = ORIENTED_EDGE ( 'NONE', *, *, #7448, .F. ) ;
#6896 = ADVANCED_FACE ( 'NONE', ( #7388 ), #1503, .T. ) ;
#6897 = EDGE_CURVE ( 'NONE', #476, #2679, #2310, .T. ) ;
#6898 = SURFACE_STYLE_USAGE ( .BOTH. , #5062 ) ;
#6899 = SURFACE_SIDE_STYLE ('',( #6936 ) ) ;
#6900 = DIRECTION ( 'NONE',  ( -0.02505097067657167248, 0.000000000000000000, -0.9996861751910753879 ) ) ;
#6901 = LINE ( 'NONE', #372, #7409 ) ;
#6902 = CARTESIAN_POINT ( 'NONE',  ( -0.9690439428171118141, 0.2000000000000000111, 0.9245656430320832175 ) ) ;
#6903 = FILL_AREA_STYLE_COLOUR ( '', #1513 ) ;
#6904 = CARTESIAN_POINT ( 'NONE',  ( 0.3500000000000009770, 0.9200000000000000400, 3.750000000000000000 ) ) ;
#6905 = ORIENTED_EDGE ( 'NONE', *, *, #2459, .F. ) ;
#6906 = PRESENTATION_STYLE_ASSIGNMENT (( #982 ) ) ;
#6907 = PLANE ( 'NONE',  #3225 ) ;
#6908 = UNCERTAINTY_MEASURE_WITH_UNIT (LENGTH_MEASURE( 1.000000000000000082E-05 ), #4805, 'distance_accuracy_value', 'NONE');
#6909 = DIRECTION ( 'NONE',  ( -8.885388917374876804E-16, 0.000000000000000000, -1.000000000000000000 ) ) ;
#6910 = PLANE ( 'NONE',  #2494 ) ;
#6911 = AXIS2_PLACEMENT_3D ( 'NONE', #6914, #6155, #6272 ) ;
#6912 = VERTEX_POINT ( 'NONE', #4634 ) ;
#6913 = CARTESIAN_POINT ( 'NONE',  ( 6.599999999999999645, -2.540000000000000036, -4.250000000000000000 ) ) ;
#6914 = CARTESIAN_POINT ( 'NONE',  ( 0.000000000000000000, -4.170008355713480109E-16, 3.750000000000000000 ) ) ;
#6915 = CIRCLE ( 'NONE', #6667, 0.5529067033259800201 ) ;
#6916 = AXIS2_PLACEMENT_3D ( 'NONE', #5738, #4485, #1618 ) ;
#6917 =( NAMED_UNIT ( * ) PLANE_ANGLE_UNIT ( ) SI_UNIT ( $, .RADIAN. ) );
#6918 = UNCERTAINTY_MEASURE_WITH_UNIT (LENGTH_MEASURE( 1.000000000000000082E-05 ), #4930, 'distance_accuracy_value', 'NONE');
#6919 = DIRECTION ( 'NONE',  ( 1.000000000000000000, -0.000000000000000000, 0.000000000000000000 ) ) ;
#6920 = EDGE_CURVE ( 'NONE', #7005, #5698, #4700, .T. ) ;
#6921 = EDGE_LOOP ( 'NONE', ( #4607, #2643, #3500, #1962 ) ) ;
#6922 = COLOUR_RGB ( '',0.2000000000000000111, 0.2000000000000000111, 0.2000000000000000111 ) ;
#6923 = DIRECTION ( 'NONE',  ( 0.000000000000000000, 0.000000000000000000, 1.000000000000000000 ) ) ;
#6924 = DIRECTION ( 'NONE',  ( 0.000000000000000000, 1.000000000000000000, 0.000000000000000000 ) ) ;
#6925 = SURFACE_STYLE_FILL_AREA ( #7503 ) ;
#6926 = FILL_AREA_STYLE_COLOUR ( '', #6719 ) ;
#6927 = SURFACE_STYLE_USAGE ( .BOTH. , #7540 ) ;
#6928 = COLOUR_RGB ( '',0.7411764705882353255, 0.7764705882352941346, 0.8000000000000000444 ) ;
#6929 = COLOUR_RGB ( '',0.2000000000000000111, 0.2000000000000000111, 0.2000000000000000111 ) ;
#6930 = CARTESIAN_POINT ( 'NONE',  ( -0.3819168425098900532, -1.084202172485504434E-16, 4.780491394004579675 ) ) ;
#6931 = ORIENTED_EDGE ( 'NONE', *, *, #3394, .T. ) ;
#6932 = PRESENTATION_LAYER_ASSIGNMENT (  '', '', ( #2602 ) ) ;
#6933 = VERTEX_POINT ( 'NONE', #6499 ) ;
#6934 = ORIENTED_EDGE ( 'NONE', *, *, #7107, .T. ) ;
#6935 = VECTOR ( 'NONE', #768, 1000.000000000000227 ) ;
#6936 = SURFACE_STYLE_FILL_AREA ( #7511 ) ;
#6937 = SURFACE_STYLE_FILL_AREA ( #4493 ) ;
#6938 = DIRECTION ( 'NONE',  ( 1.000000000000000000, 0.000000000000000000, -0.000000000000000000 ) ) ;
#6939 = DIRECTION ( 'NONE',  ( 0.000000000000000000, -0.000000000000000000, 1.000000000000000000 ) ) ;
#6940 = PRESENTATION_STYLE_ASSIGNMENT (( #3319 ) ) ;
#6941 = DIRECTION ( 'NONE',  ( 0.000000000000000000, 1.000000000000000000, 0.000000000000000000 ) ) ;
#6942 = ADVANCED_FACE ( 'NONE', ( #6534 ), #2345, .F. ) ;
#6943 = AXIS2_PLACEMENT_3D ( 'NONE', #2497, #7175, #4843 ) ;
#6944 = ORIENTED_EDGE ( 'NONE', *, *, #3191, .F. ) ;
#6945 = EDGE_LOOP ( 'NONE', ( #3552, #4179, #3051, #5150, #5906 ) ) ;
#6946 =( NAMED_UNIT ( * ) SI_UNIT ( $, .STERADIAN. ) SOLID_ANGLE_UNIT ( ) );
#6947 =( NAMED_UNIT ( * ) PLANE_ANGLE_UNIT ( ) SI_UNIT ( $, .RADIAN. ) );
#6948 = STYLED_ITEM ( 'NONE', ( #1706 ), #2351 ) ;
#6949 = CARTESIAN_POINT ( 'NONE',  ( 0.005178789717898660272, 0.000000000000000000, 2.014805344883670024 ) ) ;
#6950 = CARTESIAN_POINT ( 'NONE',  ( 0.3699999999999999956, 0.4000000000000000222, -3.482642567711100146 ) ) ;
#6951 = VECTOR ( 'NONE', #2787, 1000.000000000000000 ) ;
#6952 = LINE ( 'NONE', #2847, #5268 ) ;
#6953 = EDGE_CURVE ( 'NONE', #4582, #1402, #2422, .T. ) ;
#6954 = VECTOR ( 'NONE', #2687, 1000.000000000000114 ) ;
#6955 = UNCERTAINTY_MEASURE_WITH_UNIT (LENGTH_MEASURE( 1.000000000000000082E-05 ), #4716, 'distance_accuracy_value', 'NONE');
#6956 = ORIENTED_EDGE ( 'NONE', *, *, #1645, .F. ) ;
#6957 =( LENGTH_UNIT ( ) NAMED_UNIT ( * ) SI_UNIT ( .MILLI., .METRE. ) );
#6958 = PRESENTATION_STYLE_ASSIGNMENT (( #357 ) ) ;
#6959 = CARTESIAN_POINT ( 'NONE',  ( -5.429999999999999716, 1.620000000000000107, -12.25140600070190011 ) ) ;
#6960 =( GEOMETRIC_REPRESENTATION_CONTEXT ( 3 ) GLOBAL_UNCERTAINTY_ASSIGNED_CONTEXT ( ( #2740 ) ) GLOBAL_UNIT_ASSIGNED_CONTEXT ( ( #2319, #7200, #4780 ) ) REPRESENTATION_CONTEXT ( 'NONE', 'WORKASPACE' ) );
#6961 = ORIENTED_EDGE ( 'NONE', *, *, #58, .F. ) ;
#6962 = COLOUR_RGB ( '',0.2000000000000000111, 0.2000000000000000111, 0.2000000000000000111 ) ;
#6963 = VECTOR ( 'NONE', #5327, 1000.000000000000114 ) ;
#6964 = EDGE_CURVE ( 'NONE', #5698, #7446, #3501, .T. ) ;
#6965 = DIRECTION ( 'NONE',  ( 0.000000000000000000, -1.000000000000000000, -0.000000000000000000 ) ) ;
#6966 = VECTOR ( 'NONE', #2912, 999.9999999999998863 ) ;
#6967 = SHAPE_REPRESENTATION_RELATIONSHIP ( 'NONE' , 'NONE' ,  #2965, #5748 ) ;
#6968 = DIRECTION ( 'NONE',  ( 0.000000000000000000, 0.000000000000000000, 1.000000000000000000 ) ) ;
#6969 = CARTESIAN_POINT ( 'NONE',  ( 6.599999999999999645, -2.540000000000000036, 4.250000000000000000 ) ) ;
#6970 = DIRECTION ( 'NONE',  ( 0.000000000000000000, 0.7071067811865495711, 0.7071067811865455743 ) ) ;
#6971 = FILL_AREA_STYLE ('',( #363 ) ) ;
#6972 = LINE ( 'NONE', #7080, #2007 ) ;
#6973 = ORIENTED_EDGE ( 'NONE', *, *, #4745, .T. ) ;
#6974 = VERTEX_POINT ( 'NONE', #5887 ) ;
#6975 = ORIENTED_EDGE ( 'NONE', *, *, #3849, .T. ) ;
#6976 = EDGE_CURVE ( 'NONE', #5086, #6621, #1108, .T. ) ;
#6977 = LINE ( 'NONE', #1552, #2991 ) ;
#6978 = DIRECTION ( 'NONE',  ( 1.000000000000000000, 0.000000000000000000, 0.000000000000000000 ) ) ;
#6979 = EDGE_CURVE ( 'NONE', #2171, #5074, #6574, .T. ) ;
#6980 = CARTESIAN_POINT ( 'NONE',  ( -9.901406000701879151, 1.620000000000000329, -3.449999999999999734 ) ) ;
#6981 =( NAMED_UNIT ( * ) PLANE_ANGLE_UNIT ( ) SI_UNIT ( $, .RADIAN. ) );
#6982 = LINE ( 'NONE', #4204, #2736 ) ;
#6983 =( NAMED_UNIT ( * ) SI_UNIT ( $, .STERADIAN. ) SOLID_ANGLE_UNIT ( ) );
#6984 = CARTESIAN_POINT ( 'NONE',  ( -3.540000000000000036, 1.620000000000000107, -12.25140600070190011 ) ) ;
#6985 = ORIENTED_EDGE ( 'NONE', *, *, #3289, .T. ) ;
#6986 = ORIENTED_EDGE ( 'NONE', *, *, #788, .T. ) ;
#6987 = PRESENTATION_STYLE_ASSIGNMENT (( #5642 ) ) ;
#6988 = CARTESIAN_POINT ( 'NONE',  ( -5.429999999999999716, -1.620000000000000107, 3.750000000000000000 ) ) ;
#6989 = UNCERTAINTY_MEASURE_WITH_UNIT (LENGTH_MEASURE( 1.000000000000000082E-05 ), #848, 'distance_accuracy_value', 'NONE');
#6990 = SURFACE_STYLE_USAGE ( .BOTH. , #5910 ) ;
#6991 = ORIENTED_EDGE ( 'NONE', *, *, #6168, .T. ) ;
#6992 = EDGE_CURVE ( 'NONE', #19, #4270, #5214, .T. ) ;
#6993 = SURFACE_SIDE_STYLE ('',( #2223 ) ) ;
#6994 = UNCERTAINTY_MEASURE_WITH_UNIT (LENGTH_MEASURE( 1.000000000000000082E-05 ), #5383, 'distance_accuracy_value', 'NONE');
#6995 =( NAMED_UNIT ( * ) PLANE_ANGLE_UNIT ( ) SI_UNIT ( $, .RADIAN. ) );
#6996 = CARTESIAN_POINT ( 'NONE',  ( -6.080000000000000071, -1.620000000000000107, -12.25140600070190011 ) ) ;
#6997 = ORIENTED_EDGE ( 'NONE', *, *, #2523, .T. ) ;
#6998 = MECHANICAL_DESIGN_GEOMETRIC_PRESENTATION_REPRESENTATION (  '', ( #6388 ), #222 ) ;
#6999 = CARTESIAN_POINT ( 'NONE',  ( -2.540000000000000036, 1.070000000000000062, -3.326802541049640016 ) ) ;
#7000 =( NAMED_UNIT ( * ) SI_UNIT ( $, .STERADIAN. ) SOLID_ANGLE_UNIT ( ) );
#7001 = PLANE ( 'NONE',  #5694 ) ;
#7002 = FILL_AREA_STYLE_COLOUR ( '', #5601 ) ;
#7003 = LINE ( 'NONE', #5289, #1019 ) ;
#7004 = COLOUR_RGB ( '',0.2000000000000000111, 0.2000000000000000111, 0.2000000000000000111 ) ;
#7005 = VERTEX_POINT ( 'NONE', #6684 ) ;
#7006 = VERTEX_POINT ( 'NONE', #1948 ) ;
#7007 = ORIENTED_EDGE ( 'NONE', *, *, #4625, .F. ) ;
#7008 = DIRECTION ( 'NONE',  ( -0.02505097067657190840, 0.000000000000000000, 0.9996861751910753879 ) ) ;
#7009 = SURFACE_SIDE_STYLE ('',( #516 ) ) ;
#7010 = CARTESIAN_POINT ( 'NONE',  ( -2.189999999999999947, 1.620000000000000107, 3.750000000000000000 ) ) ;
#7011 = SURFACE_STYLE_FILL_AREA ( #4141 ) ;
#7012 =( NAMED_UNIT ( * ) PLANE_ANGLE_UNIT ( ) SI_UNIT ( $, .RADIAN. ) );
#7013 = EDGE_CURVE ( 'NONE', #1388, #4032, #767, .T. ) ;
#7014 = CARTESIAN_POINT ( 'NONE',  ( 2.890000000000000124, 0.9200000000000000400, 3.750000000000000000 ) ) ;
#7015 = DIRECTION ( 'NONE',  ( -0.02505097067657167248, 0.000000000000000000, -0.9996861751910753879 ) ) ;
#7016 = EDGE_LOOP ( 'NONE', ( #253, #3685, #988, #4371 ) ) ;
#7017 = EDGE_CURVE ( 'NONE', #4683, #7225, #4886, .T. ) ;
#7018 = ORIENTED_EDGE ( 'NONE', *, *, #269, .F. ) ;
#7019 = LINE ( 'NONE', #7380, #3237 ) ;
#7020 =( NAMED_UNIT ( * ) PLANE_ANGLE_UNIT ( ) SI_UNIT ( $, .RADIAN. ) );
#7021 = CARTESIAN_POINT ( 'NONE',  ( 0.000000000000000000, -4.170008355713480109E-16, 3.750000000000000000 ) ) ;
#7022 = CARTESIAN_POINT ( 'NONE',  ( 1.021237662045221262, 0.2000000000000000111, 0.8376492687223969780 ) ) ;
#7023 = CARTESIAN_POINT ( 'NONE',  ( -9.901406000701879151, -0.9200000000000000400, -3.450000000000000178 ) ) ;
#7024 =( NAMED_UNIT ( * ) SI_UNIT ( $, .STERADIAN. ) SOLID_ANGLE_UNIT ( ) );
#7025 = CARTESIAN_POINT ( 'NONE',  ( -1.990000000000000435, -2.540000000000000036, 4.250000000000000000 ) ) ;
#7026 = LINE ( 'NONE', #6455, #7118 ) ;
#7027 = COLOUR_RGB ( '',0.7411764705882353255, 0.7764705882352941346, 0.8000000000000000444 ) ;
#7028 = PRESENTATION_STYLE_ASSIGNMENT (( #7616 ) ) ;
#7029 = EDGE_CURVE ( 'NONE', #322, #6974, #7295, .T. ) ;
#7030 = VERTEX_POINT ( 'NONE', #4973 ) ;
#7031 = VECTOR ( 'NONE', #2209, 1000.000000000000000 ) ;
#7032 = CONTEXT_DEPENDENT_SHAPE_REPRESENTATION ( #4206, #1507 ) ;
#7033 = SURFACE_STYLE_FILL_AREA ( #5173 ) ;
#7034 = CARTESIAN_POINT ( 'NONE',  ( -4.730000000000000426, 1.620000000000000107, 3.750000000000000000 ) ) ;
#7035 = SURFACE_STYLE_USAGE ( .BOTH. , #2905 ) ;
#7036 = DIRECTION ( 'NONE',  ( -0.000000000000000000, 0.000000000000000000, -1.000000000000000000 ) ) ;
#7037 = SURFACE_STYLE_FILL_AREA ( #2973 ) ;
#7038 = ORIENTED_EDGE ( 'NONE', *, *, #1792, .F. ) ;
#7039 = MECHANICAL_DESIGN_GEOMETRIC_PRESENTATION_REPRESENTATION (  '', ( #6668 ), #6304 ) ;
#7040 = ORIENTED_EDGE ( 'NONE', *, *, #5446, .T. ) ;
#7041 = ORIENTED_EDGE ( 'NONE', *, *, #4075, .T. ) ;
#7042 = DIRECTION ( 'NONE',  ( -1.000000000000000000, 0.000000000000000000, 0.000000000000000000 ) ) ;
#7043 = LINE ( 'NONE', #1735, #1526 ) ;
#7044 = SURFACE_SIDE_STYLE ('',( #7596 ) ) ;
#7045 = STYLED_ITEM ( 'NONE', ( #3776 ), #3689 ) ;
#7046 = PRESENTATION_STYLE_ASSIGNMENT (( #5868 ) ) ;
#7047 = CARTESIAN_POINT ( 'NONE',  ( -0.6405210985066780438, 0.4000000000000000222, 6.186473989507359939 ) ) ;
#7048 = ORIENTED_EDGE ( 'NONE', *, *, #475, .T. ) ;
#7049 = ORIENTED_EDGE ( 'NONE', *, *, #3404, .F. ) ;
#7050 =( GEOMETRIC_REPRESENTATION_CONTEXT ( 3 ) GLOBAL_UNCERTAINTY_ASSIGNED_CONTEXT ( ( #4655 ) ) GLOBAL_UNIT_ASSIGNED_CONTEXT ( ( #6143, #6027, #803 ) ) REPRESENTATION_CONTEXT ( 'NONE', 'WORKASPACE' ) );
#7051 = STYLED_ITEM ( 'NONE', ( #7362 ), #1687 ) ;
#7052 = STYLED_ITEM ( 'NONE', ( #5377 ), #2620 ) ;
#7053 =( NAMED_UNIT ( * ) SI_UNIT ( $, .STERADIAN. ) SOLID_ANGLE_UNIT ( ) );
#7054 = COLOUR_RGB ( '',0.2000000000000000111, 0.2000000000000000111, 0.2000000000000000111 ) ;
#7055 = SURFACE_STYLE_USAGE ( .BOTH. , #2525 ) ;
#7056 = DIRECTION ( 'NONE',  ( -0.000000000000000000, 1.000000000000000000, -0.000000000000000000 ) ) ;
#7057 = EDGE_CURVE ( 'NONE', #5469, #1197, #5849, .T. ) ;
#7058 =( NAMED_UNIT ( * ) PLANE_ANGLE_UNIT ( ) SI_UNIT ( $, .RADIAN. ) );
#7059 = STYLED_ITEM ( 'NONE', ( #267 ), #3912 ) ;
#7060 = AXIS2_PLACEMENT_3D ( 'NONE', #7237, #1276, #5456 ) ;
#7061 = CARTESIAN_POINT ( 'NONE',  ( -4.529999999999999361, 0.7200000000000006395, 4.250000000000000000 ) ) ;
#7062 = VECTOR ( 'NONE', #6666, 1000.000000000000000 ) ;
#7063 = CIRCLE ( 'NONE', #765, 0.5529067033259800201 ) ;
#7064 = ADVANCED_FACE ( 'NONE', ( #4925 ), #721, .T. ) ;
#7065 = EDGE_CURVE ( 'NONE', #6790, #1230, #6645, .T. ) ;
#7066 = ADVANCED_FACE ( 'NONE', ( #4849 ), #1912, .F. ) ;
#7067 = CARTESIAN_POINT ( 'NONE',  ( -2.890000000000000124, -0.9200000000000000400, 3.750000000000000000 ) ) ;
#7068 = LINE ( 'NONE', #5848, #2893 ) ;
#7069 = AXIS2_PLACEMENT_3D ( 'NONE', #5802, #7072, #4162 ) ;
#7070 = ORIENTED_EDGE ( 'NONE', *, *, #3154, .T. ) ;
#7071 = CIRCLE ( 'NONE', #3000, 0.1999999999999999001 ) ;
#7072 = DIRECTION ( 'NONE',  ( 1.000000000000000000, 0.000000000000000000, 0.000000000000000000 ) ) ;
#7073 = VECTOR ( 'NONE', #6517, 1000.000000000000000 ) ;
#7074 = ITEM_DEFINED_TRANSFORMATION ( 'NONE', 'NONE', #1407,  #4622 ) ;
#7075 =( LENGTH_UNIT ( ) NAMED_UNIT ( * ) SI_UNIT ( .MILLI., .METRE. ) );
#7076 = AXIS2_PLACEMENT_3D ( 'NONE', #6486, #4757, #32 ) ;
#7077 = DIRECTION ( 'NONE',  ( -0.000000000000000000, -1.000000000000000000, 0.000000000000000000 ) ) ;
#7078 = SURFACE_SIDE_STYLE ('',( #5892 ) ) ;
#7079 = DIRECTION ( 'NONE',  ( 0.000000000000000000, -0.000000000000000000, -1.000000000000000000 ) ) ;
#7080 = CARTESIAN_POINT ( 'NONE',  ( 6.599999999999999645, -2.540000000000000036, -4.250000000000000000 ) ) ;
#7081 = MECHANICAL_DESIGN_GEOMETRIC_PRESENTATION_REPRESENTATION (  '', ( #2764 ), #2638 ) ;
#7082 =( GEOMETRIC_REPRESENTATION_CONTEXT ( 3 ) GLOBAL_UNCERTAINTY_ASSIGNED_CONTEXT ( ( #5543 ) ) GLOBAL_UNIT_ASSIGNED_CONTEXT ( ( #1581, #300, #6313 ) ) REPRESENTATION_CONTEXT ( 'NONE', 'WORKASPACE' ) );
#7083 = ORIENTED_EDGE ( 'NONE', *, *, #1856, .T. ) ;
#7084 = ORIENTED_EDGE ( 'NONE', *, *, #1867, .F. ) ;
#7085 = ORIENTED_EDGE ( 'NONE', *, *, #2274, .F. ) ;
#7086 = AXIS2_PLACEMENT_3D ( 'NONE', #5228, #1588, #2287 ) ;
#7087 =( NAMED_UNIT ( * ) PLANE_ANGLE_UNIT ( ) SI_UNIT ( $, .RADIAN. ) );
#7088 = EDGE_CURVE ( 'NONE', #386, #792, #4575, .T. ) ;
#7089 = DIRECTION ( 'NONE',  ( -1.239088197126290077E-15, 1.000000000000000000, 0.000000000000000000 ) ) ;
#7090 = FILL_AREA_STYLE_COLOUR ( '', #5729 ) ;
#7091 = CARTESIAN_POINT ( 'NONE',  ( -9.901406000701879151, -0.9200000000000000400, -3.450000000000000178 ) ) ;
#7092 = MECHANICAL_DESIGN_GEOMETRIC_PRESENTATION_REPRESENTATION (  '', ( #1274 ), #2895 ) ;
#7093 = EDGE_LOOP ( 'NONE', ( #5874, #4135, #3332, #4350 ) ) ;
#7094 = ORIENTED_EDGE ( 'NONE', *, *, #5329, .F. ) ;
#7095 = DIRECTION ( 'NONE',  ( -0.000000000000000000, -1.000000000000000000, -0.000000000000000000 ) ) ;
#7096 = CARTESIAN_POINT ( 'NONE',  ( 1.989999999999999991, 1.820000000000000062, 4.250000000000000000 ) ) ;
#7097 = CARTESIAN_POINT ( 'NONE',  ( 2.889999999999999236, 1.620000000000000329, 4.050000000000000711 ) ) ;
#7098 = CARTESIAN_POINT ( 'NONE',  ( 0.1138737533966037996, 0.000000000000000000, -4.023197458950359184 ) ) ;
#7099 = ORIENTED_EDGE ( 'NONE', *, *, #4284, .F. ) ;
#7100 = EDGE_CURVE ( 'NONE', #4326, #87, #7019, .T. ) ;
#7101 = CARTESIAN_POINT ( 'NONE',  ( -0.6405210985066780438, 0.4000000000000000222, 6.186473989507359939 ) ) ;
#7102 = DIRECTION ( 'NONE',  ( 0.000000000000000000, 1.000000000000000000, 0.000000000000000000 ) ) ;
#7103 = LINE ( 'NONE', #311, #5044 ) ;
#7104 = DIRECTION ( 'NONE',  ( -0.02505097067657191187, 0.000000000000000000, -0.9996861751910753879 ) ) ;
#7105 = SURFACE_SIDE_STYLE ('',( #6680 ) ) ;
#7106 =( GEOMETRIC_REPRESENTATION_CONTEXT ( 3 ) GLOBAL_UNCERTAINTY_ASSIGNED_CONTEXT ( ( #5139 ) ) GLOBAL_UNIT_ASSIGNED_CONTEXT ( ( #4784, #1401, #2478 ) ) REPRESENTATION_CONTEXT ( 'NONE', 'WORKASPACE' ) );
#7107 = EDGE_CURVE ( 'NONE', #97, #108, #6403, .T. ) ;
#7108 = VERTEX_POINT ( 'NONE', #2296 ) ;
#7109 = SURFACE_STYLE_FILL_AREA ( #1796 ) ;
#7110 = VECTOR ( 'NONE', #2460, 1000.000000000000000 ) ;
#7111 = LINE ( 'NONE', #5747, #4464 ) ;
#7112 = ITEM_DEFINED_TRANSFORMATION ( 'NONE', 'NONE', #4490,  #4622 ) ;
#7113 = PRESENTATION_LAYER_ASSIGNMENT (  '', '', ( #3901 ) ) ;
#7114 = DIRECTION ( 'NONE',  ( -1.000000000000000000, 0.000000000000000000, 0.000000000000000000 ) ) ;
#7115 = FILL_AREA_STYLE_COLOUR ( '', #1529 ) ;
#7116 = CARTESIAN_POINT ( 'NONE',  ( -0.3819168425098900532, -1.084202172485504434E-16, 4.780491394004579675 ) ) ;
#7117 = VERTEX_POINT ( 'NONE', #6189 ) ;
#7118 = VECTOR ( 'NONE', #1824, 1000.000000000000000 ) ;
#7119 = VERTEX_POINT ( 'NONE', #2216 ) ;
#7120 = ORIENTED_EDGE ( 'NONE', *, *, #5987, .F. ) ;
#7121 = CARTESIAN_POINT ( 'NONE',  ( 4.730000000000000426, -0.9200000000000000400, -12.25140600070190011 ) ) ;
#7122 = CARTESIAN_POINT ( 'NONE',  ( 0.000000000000000000, -4.170008355713480109E-16, 3.750000000000000000 ) ) ;
#7123 = CARTESIAN_POINT ( 'NONE',  ( -0.005178789717898660272, 0.4000000000000000222, 2.014805344883670024 ) ) ;
#7124 = MECHANICAL_DESIGN_GEOMETRIC_PRESENTATION_REPRESENTATION (  '', ( #2301 ), #350 ) ;
#7125 = DIRECTION ( 'NONE',  ( -1.000000000000000000, 0.000000000000000000, 0.000000000000000000 ) ) ;
#7126 = LINE ( 'NONE', #5932, #4962 ) ;
#7127 = CARTESIAN_POINT ( 'NONE',  ( -2.890000000000000124, 1.620000000000000107, -12.25140600070190011 ) ) ;
#7128 =( REPRESENTATION_RELATIONSHIP ('NONE','NONE', #541, #6374 ) REPRESENTATION_RELATIONSHIP_WITH_TRANSFORMATION ( #3044 )SHAPE_REPRESENTATION_RELATIONSHIP( ) );
#7129 = ORIENTED_EDGE ( 'NONE', *, *, #2689, .T. ) ;
#7130 = EDGE_CURVE ( 'NONE', #2872, #4610, #1705, .T. ) ;
#7131 = FILL_AREA_STYLE ('',( #5468 ) ) ;
#7132 = EDGE_CURVE ( 'NONE', #7291, #7468, #2073, .T. ) ;
#7133 = ORIENTED_EDGE ( 'NONE', *, *, #2378, .F. ) ;
#7134 = CARTESIAN_POINT ( 'NONE',  ( 0.1138737533966032028, 0.4000000000000000222, -4.023197458950359184 ) ) ;
#7135 = LINE ( 'NONE', #5472, #54 ) ;
#7136 =( NAMED_UNIT ( * ) SI_UNIT ( $, .STERADIAN. ) SOLID_ANGLE_UNIT ( ) );
#7137 = FILL_AREA_STYLE_COLOUR ( '', #7552 ) ;
#7138 = CARTESIAN_POINT ( 'NONE',  ( 5.629999999999999893, 0.7200000000000006395, 4.250000000000000000 ) ) ;
#7139 = SURFACE_SIDE_STYLE ('',( #2412 ) ) ;
#7140 = FACE_OUTER_BOUND ( 'NONE', #1417, .T. ) ;
#7141 = SURFACE_STYLE_FILL_AREA ( #2450 ) ;
#7142 = DIRECTION ( 'NONE',  ( 0.000000000000000000, 0.000000000000000000, 1.000000000000000000 ) ) ;
#7143 = CARTESIAN_POINT ( 'NONE',  ( -4.730000000000000426, 0.9200000000000002620, 4.050000000000001599 ) ) ;
#7144 = LINE ( 'NONE', #540, #5260 ) ;
#7145 = DIRECTION ( 'NONE',  ( 0.000000000000000000, -0.000000000000000000, 1.000000000000000000 ) ) ;
#7146 = ORIENTED_EDGE ( 'NONE', *, *, #1332, .T. ) ;
#7147 = CARTESIAN_POINT ( 'NONE',  ( -5.429999999999999716, 0.9200000000000000400, 3.750000000000000000 ) ) ;
#7148 =( LENGTH_UNIT ( ) NAMED_UNIT ( * ) SI_UNIT ( .MILLI., .METRE. ) );
#7149 = FILL_AREA_STYLE_COLOUR ( '', #1466 ) ;
#7150 = LINE ( 'NONE', #6390, #3833 ) ;
#7151 = DIRECTION ( 'NONE',  ( -0.000000000000000000, 1.000000000000000000, 0.000000000000000000 ) ) ;
#7152 = CARTESIAN_POINT ( 'NONE',  ( -9.901406000701879151, -0.9200000000000000400, -3.450000000000000178 ) ) ;
#7153 = VERTEX_POINT ( 'NONE', #4427 ) ;
#7154 = ORIENTED_EDGE ( 'NONE', *, *, #4047, .F. ) ;
#7155 = VERTEX_POINT ( 'NONE', #5275 ) ;
#7156 = CARTESIAN_POINT ( 'NONE',  ( -0.9690439428171118141, 0.2000000000000000111, 0.9245656430320832175 ) ) ;
#7157 = EDGE_CURVE ( 'NONE', #5135, #3010, #2660, .T. ) ;
#7158 = PRESENTATION_STYLE_ASSIGNMENT (( #4817 ) ) ;
#7159 = FACE_OUTER_BOUND ( 'NONE', #5108, .T. ) ;
#7160 = EDGE_CURVE ( 'NONE', #2355, #5305, #1135, .T. ) ;
#7161 = VECTOR ( 'NONE', #5709, 1000.000000000000000 ) ;
#7162 = VECTOR ( 'NONE', #6738, 1000.000000000000000 ) ;
#7163 = CARTESIAN_POINT ( 'NONE',  ( -6.599999999999999645, 0.7200000000000009726, 4.250000000000000000 ) ) ;
#7164 = EDGE_LOOP ( 'NONE', ( #6014, #3398, #1006, #7007 ) ) ;
#7165 = ORIENTED_EDGE ( 'NONE', *, *, #3850, .F. ) ;
#7166 =( GEOMETRIC_REPRESENTATION_CONTEXT ( 3 ) GLOBAL_UNCERTAINTY_ASSIGNED_CONTEXT ( ( #6685 ) ) GLOBAL_UNIT_ASSIGNED_CONTEXT ( ( #3959, #1530, #6946 ) ) REPRESENTATION_CONTEXT ( 'NONE', 'WORKASPACE' ) );
#7167 = FILL_AREA_STYLE ('',( #188 ) ) ;
#7168 = CARTESIAN_POINT ( 'NONE',  ( 0.7366198555544819504, 0.000000000000000000, -0.05191018432148639811 ) ) ;
#7169 = PRESENTATION_STYLE_ASSIGNMENT (( #2445 ) ) ;
#7170 =( NAMED_UNIT ( * ) SI_UNIT ( $, .STERADIAN. ) SOLID_ANGLE_UNIT ( ) );
#7171 = VECTOR ( 'NONE', #143, 1000.000000000000000 ) ;
#7172 = PRESENTATION_LAYER_ASSIGNMENT (  '', '', ( #3212 ) ) ;
#7173 = VECTOR ( 'NONE', #4280, 1000.000000000000000 ) ;
#7174 = VECTOR ( 'NONE', #1753, 1000.000000000000000 ) ;
#7175 = DIRECTION ( 'NONE',  ( 1.000000000000000000, 1.239088197126290077E-15, 1.377868836128689948E-31 ) ) ;
#7176 = EDGE_CURVE ( 'NONE', #6386, #334, #7602, .T. ) ;
#7177 = VECTOR ( 'NONE', #6939, 1000.000000000000000 ) ;
#7178 = DIRECTION ( 'NONE',  ( -0.000000000000000000, 1.000000000000000000, 0.000000000000000000 ) ) ;
#7179 = CARTESIAN_POINT ( 'NONE',  ( -4.080000000000000071, 0.9199999999999990408, -3.449999999999999734 ) ) ;
#7180 = VECTOR ( 'NONE', #6794, 1000.000000000000000 ) ;
#7181 = ORIENTED_EDGE ( 'NONE', *, *, #4816, .F. ) ;
#7182 = PRODUCT_DEFINITION_SHAPE ( 'NONE', 'NONE',  #7630 ) ;
#7183 = STYLED_ITEM ( 'NONE', ( #65 ), #6718 ) ;
#7184 = CARTESIAN_POINT ( 'NONE',  ( -9.901406000701879151, 0.9200000000000011502, -3.449999999999999734 ) ) ;
#7185 =( NAMED_UNIT ( * ) PLANE_ANGLE_UNIT ( ) SI_UNIT ( $, .RADIAN. ) );
#7187 = CARTESIAN_POINT ( 'NONE',  ( 1.000000000000000000, 0.9199999999999990408, -3.449999999999999734 ) ) ;
#7186 = PRESENTATION_LAYER_ASSIGNMENT (  '', '', ( #5608 ) ) ;
#7188 = STYLED_ITEM ( 'NONE', ( #2028 ), #4538 ) ;
#7189 =( LENGTH_UNIT ( ) NAMED_UNIT ( * ) SI_UNIT ( .MILLI., .METRE. ) );
#7190 = FILL_AREA_STYLE ('',( #816 ) ) ;
#7191 =( GEOMETRIC_REPRESENTATION_CONTEXT ( 3 ) GLOBAL_UNCERTAINTY_ASSIGNED_CONTEXT ( ( #6244 ) ) GLOBAL_UNIT_ASSIGNED_CONTEXT ( ( #809, #3155, #3772 ) ) REPRESENTATION_CONTEXT ( 'NONE', 'WORKASPACE' ) );
#7192 = VERTEX_POINT ( 'NONE', #526 ) ;
#7193 = EDGE_CURVE ( 'NONE', #5701, #5039, #4686, .T. ) ;
#7194 = ORIENTED_EDGE ( 'NONE', *, *, #4644, .F. ) ;
#7195 = MECHANICAL_DESIGN_GEOMETRIC_PRESENTATION_REPRESENTATION (  '', ( #3478 ), #1512 ) ;
#7196 =( GEOMETRIC_REPRESENTATION_CONTEXT ( 3 ) GLOBAL_UNCERTAINTY_ASSIGNED_CONTEXT ( ( #6955 ) ) GLOBAL_UNIT_ASSIGNED_CONTEXT ( ( #4716, #7554, #1632 ) ) REPRESENTATION_CONTEXT ( 'NONE', 'WORKASPACE' ) );
#7197 = ORIENTED_EDGE ( 'NONE', *, *, #3850, .T. ) ;
#7198 = SURFACE_STYLE_FILL_AREA ( #4899 ) ;
#7199 = PRESENTATION_LAYER_ASSIGNMENT (  '', '', ( #7453 ) ) ;
#7200 =( NAMED_UNIT ( * ) PLANE_ANGLE_UNIT ( ) SI_UNIT ( $, .RADIAN. ) );
#7201 = FILL_AREA_STYLE_COLOUR ( '', #6187 ) ;
#7202 = FACE_OUTER_BOUND ( 'NONE', #5801, .T. ) ;
#7203 = CARTESIAN_POINT ( 'NONE',  ( -5.429999999999999716, -0.9200000000000000400, 3.750000000000000000 ) ) ;
#7204 =( GEOMETRIC_REPRESENTATION_CONTEXT ( 3 ) GLOBAL_UNCERTAINTY_ASSIGNED_CONTEXT ( ( #1906 ) ) GLOBAL_UNIT_ASSIGNED_CONTEXT ( ( #1186, #1156, #1622 ) ) REPRESENTATION_CONTEXT ( 'NONE', 'WORKASPACE' ) );
#7205 = DIRECTION ( 'NONE',  ( 0.06397705464214722970, 0.000000000000000000, 0.9979513697968031005 ) ) ;
#7206 = SURFACE_STYLE_FILL_AREA ( #3057 ) ;
#7207 = VERTEX_POINT ( 'NONE', #4036 ) ;
#7208 = VECTOR ( 'NONE', #5266, 1000.000000000000114 ) ;
#7209 = LINE ( 'NONE', #6662, #2911 ) ;
#7210 = ORIENTED_EDGE ( 'NONE', *, *, #6607, .T. ) ;
#7211 = EDGE_CURVE ( 'NONE', #7192, #543, #3488, .T. ) ;
#7212 = COLOUR_RGB ( '',0.2000000000000000111, 0.2000000000000000111, 0.2000000000000000111 ) ;
#7213 = VECTOR ( 'NONE', #6579, 1000.000000000000114 ) ;
#7214 = SURFACE_STYLE_FILL_AREA ( #708 ) ;
#7215 =( LENGTH_UNIT ( ) NAMED_UNIT ( * ) SI_UNIT ( .MILLI., .METRE. ) );
#7216 =( GEOMETRIC_REPRESENTATION_CONTEXT ( 3 ) GLOBAL_UNCERTAINTY_ASSIGNED_CONTEXT ( ( #3341 ) ) GLOBAL_UNIT_ASSIGNED_CONTEXT ( ( #3165, #2585, #6248 ) ) REPRESENTATION_CONTEXT ( 'NONE', 'WORKASPACE' ) );
#7217 = DIRECTION ( 'NONE',  ( 1.000000000000000000, 0.000000000000000000, -0.000000000000000000 ) ) ;
#7218 = CARTESIAN_POINT ( 'NONE',  ( 0.000000000000000000, -4.170008355713480109E-16, 3.750000000000000000 ) ) ;
#7219 = ORIENTED_EDGE ( 'NONE', *, *, #2900, .F. ) ;
#7220 =( LENGTH_UNIT ( ) NAMED_UNIT ( * ) SI_UNIT ( .MILLI., .METRE. ) );
#7221 = CARTESIAN_POINT ( 'NONE',  ( 2.890000000000000124, 0.9200000000000012612, 4.050000000000001599 ) ) ;
#7222 = CARTESIAN_POINT ( 'NONE',  ( -9.901406000701879151, -0.9200000000000000400, -3.450000000000000178 ) ) ;
#7223 = FILL_AREA_STYLE_COLOUR ( '', #5708 ) ;
#7224 = EDGE_CURVE ( 'NONE', #4411, #6894, #5980, .T. ) ;
#7225 = VERTEX_POINT ( 'NONE', #3810 ) ;
#7226 = ADVANCED_FACE ( 'NONE', ( #3402 ), #486, .T. ) ;
#7227 = CARTESIAN_POINT ( 'NONE',  ( 0.7366198555544819504, 0.4000000000000000222, 0.3147096712329959800 ) ) ;
#7228 = DIRECTION ( 'NONE',  ( -1.239088197126290077E-15, -1.000000000000000000, 0.000000000000000000 ) ) ;
#7229 = DIRECTION ( 'NONE',  ( 0.000000000000000000, 0.000000000000000000, -1.000000000000000000 ) ) ;
#7230 = LINE ( 'NONE', #5490, #4240 ) ;
#7231 = UNCERTAINTY_MEASURE_WITH_UNIT (LENGTH_MEASURE( 1.000000000000000082E-05 ), #6022, 'distance_accuracy_value', 'NONE');
#7232 = CARTESIAN_POINT ( 'NONE',  ( -2.890000000000000124, 1.620000000000000107, 3.750000000000000000 ) ) ;
#7233 = ORIENTED_EDGE ( 'NONE', *, *, #4596, .F. ) ;
#7234 = ORIENTED_EDGE ( 'NONE', *, *, #6897, .F. ) ;
#7235 = EDGE_LOOP ( 'NONE', ( #6002, #1080, #2780, #345 ) ) ;
#7236 = FILL_AREA_STYLE_COLOUR ( '', #6452 ) ;
#7237 = CARTESIAN_POINT ( 'NONE',  ( 4.530000000000000249, -2.540000000000000036, 4.250000000000000000 ) ) ;
#7238 = DIRECTION ( 'NONE',  ( -0.02505097067657190840, 0.000000000000000000, 0.9996861751910753879 ) ) ;
#7239 = LINE ( 'NONE', #858, #264 ) ;
#7240 = DIRECTION ( 'NONE',  ( 0.000000000000000000, 0.000000000000000000, 1.000000000000000000 ) ) ;
#7241 = FILL_AREA_STYLE ('',( #827 ) ) ;
#7242 = VECTOR ( 'NONE', #2930, 1000.000000000000000 ) ;
#7243 = FACE_OUTER_BOUND ( 'NONE', #5385, .T. ) ;
#7244 = VECTOR ( 'NONE', #1353, 1000.000000000000000 ) ;
#7245 = ORIENTED_EDGE ( 'NONE', *, *, #2833, .F. ) ;
#7246 = ORIENTED_EDGE ( 'NONE', *, *, #7132, .F. ) ;
#7247 = ORIENTED_EDGE ( 'NONE', *, *, #1500, .T. ) ;
#7248 = CARTESIAN_POINT ( 'NONE',  ( -5.629999999999999893, 1.820000000000000062, 4.250000000000000000 ) ) ;
#7249 = VECTOR ( 'NONE', #4305, 1000.000000000000000 ) ;
#7250 = DIRECTION ( 'NONE',  ( 0.9996861751910754990, 0.000000000000000000, -0.02505097067657191187 ) ) ;
#7251 = CARTESIAN_POINT ( 'NONE',  ( -4.730000000000000426, -1.619999999999999885, 4.050000000000001599 ) ) ;
#7252 = EDGE_CURVE ( 'NONE', #6894, #543, #6600, .T. ) ;
#7253 =( NAMED_UNIT ( * ) PLANE_ANGLE_UNIT ( ) SI_UNIT ( $, .RADIAN. ) );
#7254 = ORIENTED_EDGE ( 'NONE', *, *, #5998, .F. ) ;
#7255 = STYLED_ITEM ( 'NONE', ( #2067 ), #1032 ) ;
#7256 = CARTESIAN_POINT ( 'NONE',  ( 4.080000000000000071, -1.620000000000000107, -12.25140600070190011 ) ) ;
#7257 = ORIENTED_EDGE ( 'NONE', *, *, #5759, .F. ) ;
#7258 = CARTESIAN_POINT ( 'NONE',  ( -0.8712847357665599590, 0.2000000000000000111, 0.8338916231209112517 ) ) ;
#7259 = CARTESIAN_POINT ( 'NONE',  ( -2.189999999999999947, 1.620000000000000107, 3.750000000000000000 ) ) ;
#7260 = SURFACE_STYLE_FILL_AREA ( #283 ) ;
#7261 = LINE ( 'NONE', #725, #6963 ) ;
#7262 = PRESENTATION_STYLE_ASSIGNMENT (( #3159 ) ) ;
#7263 = ADVANCED_FACE ( 'NONE', ( #5309 ), #2367, .T. ) ;
#7264 = PRESENTATION_STYLE_ASSIGNMENT (( #6618 ) ) ;
#7265 = ORIENTED_EDGE ( 'NONE', *, *, #9, .T. ) ;
#7266 = ORIENTED_EDGE ( 'NONE', *, *, #3507, .F. ) ;
#7267 = ORIENTED_EDGE ( 'NONE', *, *, #5838, .F. ) ;
#7268 = FILL_AREA_STYLE_COLOUR ( '', #2733 ) ;
#7269 = CARTESIAN_POINT ( 'NONE',  ( 4.730000000000000426, -0.9200000000000000400, 3.750000000000000000 ) ) ;
#7270 =( NAMED_UNIT ( * ) PLANE_ANGLE_UNIT ( ) SI_UNIT ( $, .RADIAN. ) );
#7271 = EDGE_CURVE ( 'NONE', #3115, #4170, #2635, .T. ) ;
#7272 = FILL_AREA_STYLE_COLOUR ( '', #4022 ) ;
#7273 = ORIENTED_EDGE ( 'NONE', *, *, #6920, .F. ) ;
#7274 = VERTEX_POINT ( 'NONE', #1323 ) ;
#7275 = SURFACE_STYLE_FILL_AREA ( #6747 ) ;
#7276 = FACE_OUTER_BOUND ( 'NONE', #378, .T. ) ;
#7277 = MECHANICAL_DESIGN_GEOMETRIC_PRESENTATION_REPRESENTATION (  '', ( #1713 ), #3943 ) ;
#7278 = LINE ( 'NONE', #1979, #5432 ) ;
#7279 = DIRECTION ( 'NONE',  ( 0.000000000000000000, 0.000000000000000000, -1.000000000000000000 ) ) ;
#7280 = DIRECTION ( 'NONE',  ( 1.000000000000000000, 1.239088197126290077E-15, 1.377868836128689948E-31 ) ) ;
#7281 = ORIENTED_EDGE ( 'NONE', *, *, #6533, .T. ) ;
#7282 = AXIS2_PLACEMENT_3D ( 'NONE', #5379, #6478, #620 ) ;
#7284 = EDGE_CURVE ( 'NONE', #3888, #2213, #3106, .T. ) ;
#7283 = VECTOR ( 'NONE', #5428, 1000.000000000000000 ) ;
#7285 = SURFACE_SIDE_STYLE ('',( #2032 ) ) ;
#7286 =( GEOMETRIC_REPRESENTATION_CONTEXT ( 3 ) GLOBAL_UNCERTAINTY_ASSIGNED_CONTEXT ( ( #2587 ) ) GLOBAL_UNIT_ASSIGNED_CONTEXT ( ( #1185, #1690, #7621 ) ) REPRESENTATION_CONTEXT ( 'NONE', 'WORKASPACE' ) );
#7287 = AXIS2_PLACEMENT_3D ( 'NONE', #5664, #7401, #4562 ) ;
#7288 = FILL_AREA_STYLE_COLOUR ( '', #3520 ) ;
#7289 = PRESENTATION_STYLE_ASSIGNMENT (( #2615 ) ) ;
#7290 = MECHANICAL_DESIGN_GEOMETRIC_PRESENTATION_REPRESENTATION (  '', ( #6319 ), #5948 ) ;
#7291 = VERTEX_POINT ( 'NONE', #6017 ) ;
#7292 = EDGE_CURVE ( 'NONE', #2086, #6401, #1286, .T. ) ;
#7293 =( GEOMETRIC_REPRESENTATION_CONTEXT ( 3 ) GLOBAL_UNCERTAINTY_ASSIGNED_CONTEXT ( ( #3811 ) ) GLOBAL_UNIT_ASSIGNED_CONTEXT ( ( #6957, #5882, #42 ) ) REPRESENTATION_CONTEXT ( 'NONE', 'WORKASPACE' ) );
#7294 = EDGE_CURVE ( 'NONE', #1586, #854, #7135, .T. ) ;
#7295 = LINE ( 'NONE', #2538, #7447 ) ;
#7296 = MECHANICAL_DESIGN_GEOMETRIC_PRESENTATION_REPRESENTATION (  '', ( #3217 ), #1491 ) ;
#7297 = DIRECTION ( 'NONE',  ( -0.000000000000000000, -1.000000000000000000, 0.000000000000000000 ) ) ;
#7298 =( NAMED_UNIT ( * ) SI_UNIT ( $, .STERADIAN. ) SOLID_ANGLE_UNIT ( ) );
#7299 =( NAMED_UNIT ( * ) SI_UNIT ( $, .STERADIAN. ) SOLID_ANGLE_UNIT ( ) );
#7300 = FILL_AREA_STYLE_COLOUR ( '', #1865 ) ;
#7301 = PLANE ( 'NONE',  #2168 ) ;
#7302 = VECTOR ( 'NONE', #3726, 1000.000000000000000 ) ;
#7303 = UNCERTAINTY_MEASURE_WITH_UNIT (LENGTH_MEASURE( 1.000000000000000082E-05 ), #501, 'distance_accuracy_value', 'NONE');
#7304 =( GEOMETRIC_REPRESENTATION_CONTEXT ( 3 ) GLOBAL_UNCERTAINTY_ASSIGNED_CONTEXT ( ( #3184 ) ) GLOBAL_UNIT_ASSIGNED_CONTEXT ( ( #1561, #6404, #7410 ) ) REPRESENTATION_CONTEXT ( 'NONE', 'WORKASPACE' ) );
#7305 = PLANE ( 'NONE',  #1269 ) ;
#7306 = ORIENTED_EDGE ( 'NONE', *, *, #5011, .F. ) ;
#7307 = EDGE_LOOP ( 'NONE', ( #2938, #3831, #3553, #817 ) ) ;
#7308 = ORIENTED_EDGE ( 'NONE', *, *, #7088, .T. ) ;
#7309 = SURFACE_SIDE_STYLE ('',( #7198 ) ) ;
#7310 =( GEOMETRIC_REPRESENTATION_CONTEXT ( 3 ) GLOBAL_UNCERTAINTY_ASSIGNED_CONTEXT ( ( #2302 ) ) GLOBAL_UNIT_ASSIGNED_CONTEXT ( ( #488, #78, #2298 ) ) REPRESENTATION_CONTEXT ( 'NONE', 'WORKASPACE' ) );
#7311 = CARTESIAN_POINT ( 'NONE',  ( -2.189999999999999947, 0.9200000000000000400, -12.25140600070190011 ) ) ;
#7312 = VECTOR ( 'NONE', #5941, 1000.000000000000000 ) ;
#7313 = CARTESIAN_POINT ( 'NONE',  ( -0.3819168425098900532, -2.168404344971008868E-16, 4.780491394004579675 ) ) ;
#7314 =( LENGTH_UNIT ( ) NAMED_UNIT ( * ) SI_UNIT ( .MILLI., .METRE. ) );
#7315 = MECHANICAL_DESIGN_GEOMETRIC_PRESENTATION_REPRESENTATION (  '', ( #3720 ), #4219 ) ;
#7316 = CARTESIAN_POINT ( 'NONE',  ( -6.599999999999999645, -2.540000000000000036, -3.450000000000000178 ) ) ;
#7317 = CARTESIAN_POINT ( 'NONE',  ( 3.539999999999999591, 0.9200000000000002620, -3.449999999999999734 ) ) ;
#7318 = DIRECTION ( 'NONE',  ( -1.239088197126290077E-15, -1.000000000000000000, 0.000000000000000000 ) ) ;
#7319 = FILL_AREA_STYLE_COLOUR ( '', #4271 ) ;
#7320 = PRESENTATION_LAYER_ASSIGNMENT (  '', '', ( #2994 ) ) ;
#7321 = VECTOR ( 'NONE', #5497, 1000.000000000000000 ) ;
#7322 = VERTEX_POINT ( 'NONE', #707 ) ;
#7323 = ORIENTED_EDGE ( 'NONE', *, *, #1645, .T. ) ;
#7324 = ORIENTED_EDGE ( 'NONE', *, *, #5875, .T. ) ;
#7325 = STYLED_ITEM ( 'NONE', ( #4439 ), #6833 ) ;
#7326 = ADVANCED_FACE ( 'NONE', ( #748 ), #3594, .T. ) ;
#7327 = DIRECTION ( 'NONE',  ( 1.000000000000000000, 0.000000000000000000, 0.000000000000000000 ) ) ;
#7328 = DIRECTION ( 'NONE',  ( 0.000000000000000000, -1.000000000000000000, -0.000000000000000000 ) ) ;
#7329 = VECTOR ( 'NONE', #1115, 1000.000000000000000 ) ;
#7330 = DIRECTION ( 'NONE',  ( 0.000000000000000000, -1.112002228190259966E-16, 1.000000000000000000 ) ) ;
#7331 = DIRECTION ( 'NONE',  ( -1.239088197126290077E-15, -1.000000000000000000, 0.000000000000000000 ) ) ;
#7332 = STYLED_ITEM ( 'NONE', ( #205 ), #4970 ) ;
#7333 = SURFACE_SIDE_STYLE ('',( #6175 ) ) ;
#7334 = CARTESIAN_POINT ( 'NONE',  ( -4.730000000000000426, -0.9200000000000000400, 3.750000000000000000 ) ) ;
#7335 =( GEOMETRIC_REPRESENTATION_CONTEXT ( 3 ) GLOBAL_UNCERTAINTY_ASSIGNED_CONTEXT ( ( #3743 ) ) GLOBAL_UNIT_ASSIGNED_CONTEXT ( ( #110, #5424, #4228 ) ) REPRESENTATION_CONTEXT ( 'NONE', 'WORKASPACE' ) );
#7336 = PRESENTATION_STYLE_ASSIGNMENT (( #6225 ) ) ;
#7337 = ORIENTED_EDGE ( 'NONE', *, *, #7130, .T. ) ;
#7338 = COLOUR_RGB ( '',0.2000000000000000111, 0.2000000000000000111, 0.2000000000000000111 ) ;
#7339 = FILL_AREA_STYLE ('',( #3766 ) ) ;
#7340 = LINE ( 'NONE', #5511, #1250 ) ;
#7341 = PRODUCT_DEFINITION ( 'UNKNOWN', '', #2268, #1652 ) ;
#7342 = SURFACE_STYLE_USAGE ( .BOTH. , #1415 ) ;
#7343 = SURFACE_STYLE_USAGE ( .BOTH. , #7009 ) ;
#7344 = ORIENTED_EDGE ( 'NONE', *, *, #7467, .F. ) ;
#7345 = LINE ( 'NONE', #7227, #7173 ) ;
#7346 = FILL_AREA_STYLE_COLOUR ( '', #7027 ) ;
#7347 = LINE ( 'NONE', #923, #275 ) ;
#7348 = CARTESIAN_POINT ( 'NONE',  ( -9.901406000701879151, -1.949999999999999956, -3.450000000000000178 ) ) ;
#7349 = ADVANCED_FACE ( 'NONE', ( #2061 ), #1404, .F. ) ;
#7350 = ORIENTED_EDGE ( 'NONE', *, *, #1014, .F. ) ;
#7351 = VERTEX_POINT ( 'NONE', #4996 ) ;
#7352 = FACE_OUTER_BOUND ( 'NONE', #1702, .T. ) ;
#7353 = PRESENTATION_STYLE_ASSIGNMENT (( #4041 ) ) ;
#7354 = PRESENTATION_STYLE_ASSIGNMENT (( #856 ) ) ;
#7355 = CARTESIAN_POINT ( 'NONE',  ( -5.629999999999999893, -2.540000000000000036, 4.250000000000000000 ) ) ;
#7356 = SURFACE_SIDE_STYLE ('',( #299 ) ) ;
#7357 = CARTESIAN_POINT ( 'NONE',  ( -0.7366198555544819504, 0.000000000000000000, -0.05191018432148639811 ) ) ;
#7358 = ORIENTED_EDGE ( 'NONE', *, *, #200, .T. ) ;
#7359 = PRESENTATION_LAYER_ASSIGNMENT (  '', '', ( #4261 ) ) ;
#7360 = ORIENTED_EDGE ( 'NONE', *, *, #4771, .T. ) ;
#7361 = ORIENTED_EDGE ( 'NONE', *, *, #5759, .T. ) ;
#7362 = PRESENTATION_STYLE_ASSIGNMENT (( #2207 ) ) ;
#7363 =( NAMED_UNIT ( * ) SI_UNIT ( $, .STERADIAN. ) SOLID_ANGLE_UNIT ( ) );
#7364 = CARTESIAN_POINT ( 'NONE',  ( 2.890000000000000124, -1.620000000000000107, 3.750000000000000000 ) ) ;
#7365 =( GEOMETRIC_REPRESENTATION_CONTEXT ( 3 ) GLOBAL_UNCERTAINTY_ASSIGNED_CONTEXT ( ( #5618 ) ) GLOBAL_UNIT_ASSIGNED_CONTEXT ( ( #5218, #5368, #1765 ) ) REPRESENTATION_CONTEXT ( 'NONE', 'WORKASPACE' ) );
#7366 = CARTESIAN_POINT ( 'NONE',  ( 3.540000000000000036, -1.620000000000000107, -12.25140600070190011 ) ) ;
#7367 = MECHANICAL_DESIGN_GEOMETRIC_PRESENTATION_REPRESENTATION (  '', ( #6640 ), #6501 ) ;
#7368 = FACE_OUTER_BOUND ( 'NONE', #6945, .T. ) ;
#7369 = EDGE_CURVE ( 'NONE', #852, #7351, #1470, .T. ) ;
#7370 = ADVANCED_FACE ( 'NONE', ( #907 ), #5536, .T. ) ;
#7371 = ORIENTED_EDGE ( 'NONE', *, *, #5670, .F. ) ;
#7372 = AXIS2_PLACEMENT_3D ( 'NONE', #2076, #1571, #3340 ) ;
#7373 = CARTESIAN_POINT ( 'NONE',  ( 0.000000000000000000, -4.170008355713480109E-16, 3.750000000000000000 ) ) ;
#7374 = DIRECTION ( 'NONE',  ( 0.000000000000000000, -1.000000000000000000, 0.000000000000000000 ) ) ;
#7375 = PLANE ( 'NONE',  #4711 ) ;
#7376 = VECTOR ( 'NONE', #4658, 1000.000000000000000 ) ;
#7377 = PRESENTATION_STYLE_ASSIGNMENT (( #950 ) ) ;
#7378 = ORIENTED_EDGE ( 'NONE', *, *, #6502, .T. ) ;
#7379 = PRODUCT_DEFINITION_SHAPE ( 'NONE', 'NONE',  #7637 ) ;
#7380 = CARTESIAN_POINT ( 'NONE',  ( -4.730000000000000426, 1.620000000000000107, -12.25140600070190011 ) ) ;
#7381 = UNCERTAINTY_MEASURE_WITH_UNIT (LENGTH_MEASURE( 1.000000000000000082E-05 ), #661, 'distance_accuracy_value', 'NONE');
#7382 = LINE ( 'NONE', #847, #5704 ) ;
#7383 = CARTESIAN_POINT ( 'NONE',  ( -6.599999999999999645, -0.7199999999999999734, 4.250000000000000000 ) ) ;
#7384 = CARTESIAN_POINT ( 'NONE',  ( -0.8932477478277009997, 0.4000000000000000222, 0.3147096712329959800 ) ) ;
#7385 = FACE_OUTER_BOUND ( 'NONE', #1679, .T. ) ;
#7386 = UNCERTAINTY_MEASURE_WITH_UNIT (LENGTH_MEASURE( 1.000000000000000082E-05 ), #6421, 'distance_accuracy_value', 'NONE');
#7387 = VERTEX_POINT ( 'NONE', #2600 ) ;
#7388 = FACE_OUTER_BOUND ( 'NONE', #5058, .T. ) ;
#7389 = PLANE ( 'NONE',  #1369 ) ;
#7390 = EDGE_CURVE ( 'NONE', #97, #2395, #3881, .T. ) ;
#7391 = CARTESIAN_POINT ( 'NONE',  ( -0.5499999999999994893, 1.820000000000000062, 4.250000000000000000 ) ) ;
#7392 = DIRECTION ( 'NONE',  ( -0.000000000000000000, 0.000000000000000000, 1.000000000000000000 ) ) ;
#7393 =( NAMED_UNIT ( * ) PLANE_ANGLE_UNIT ( ) SI_UNIT ( $, .RADIAN. ) );
#7394 = LINE ( 'NONE', #5696, #5091 ) ;
#7395 =( NAMED_UNIT ( * ) SI_UNIT ( $, .STERADIAN. ) SOLID_ANGLE_UNIT ( ) );
#7396 = ORIENTED_EDGE ( 'NONE', *, *, #7627, .T. ) ;
#7397 = ORIENTED_EDGE ( 'NONE', *, *, #3295, .F. ) ;
#7398 = ORIENTED_EDGE ( 'NONE', *, *, #2998, .T. ) ;
#7399 = EDGE_CURVE ( 'NONE', #3060, #1131, #6827, .T. ) ;
#7400 = ADVANCED_FACE ( 'NONE', ( #6260 ), #3712, .T. ) ;
#7401 = DIRECTION ( 'NONE',  ( 0.000000000000000000, -1.000000000000000000, 0.000000000000000000 ) ) ;
#7402 = CARTESIAN_POINT ( 'NONE',  ( 2.890000000000000124, -0.9200000000000000400, -12.25140600070190011 ) ) ;
#7403 = CARTESIAN_POINT ( 'NONE',  ( 2.890000000000000124, 0.9200000000000000400, 3.750000000000000000 ) ) ;
#7404 = PLANE ( 'NONE',  #6567 ) ;
#7405 = SURFACE_STYLE_FILL_AREA ( #4616 ) ;
#7406 = PLANE ( 'NONE',  #172 ) ;
#7407 = VERTEX_POINT ( 'NONE', #4611 ) ;
#7408 = DIRECTION ( 'NONE',  ( 0.000000000000000000, 0.7071067811865450192, -0.7071067811865500152 ) ) ;
#7409 = VECTOR ( 'NONE', #6289, 1000.000000000000000 ) ;
#7410 =( NAMED_UNIT ( * ) SI_UNIT ( $, .STERADIAN. ) SOLID_ANGLE_UNIT ( ) );
#7411 = FACE_OUTER_BOUND ( 'NONE', #4023, .T. ) ;
#7412 = UNCERTAINTY_MEASURE_WITH_UNIT (LENGTH_MEASURE( 1.000000000000000082E-05 ), #2177, 'distance_accuracy_value', 'NONE');
#7413 = VERTEX_POINT ( 'NONE', #1630 ) ;
#7414 = EDGE_CURVE ( 'NONE', #1659, #4855, #3916, .T. ) ;
#7415 =( GEOMETRIC_REPRESENTATION_CONTEXT ( 3 ) GLOBAL_UNCERTAINTY_ASSIGNED_CONTEXT ( ( #5528 ) ) GLOBAL_UNIT_ASSIGNED_CONTEXT ( ( #215, #1967, #5462 ) ) REPRESENTATION_CONTEXT ( 'NONE', 'WORKASPACE' ) );
#7416 = VECTOR ( 'NONE', #2693, 1000.000000000000000 ) ;
#7417 = DIRECTION ( 'NONE',  ( 0.000000000000000000, -0.000000000000000000, 1.000000000000000000 ) ) ;
#7418 = SURFACE_SIDE_STYLE ('',( #2702 ) ) ;
#7419 = ORIENTED_EDGE ( 'NONE', *, *, #743, .F. ) ;
#7420 = MECHANICAL_DESIGN_GEOMETRIC_PRESENTATION_REPRESENTATION (  '', ( #997 ), #756 ) ;
#7421 = CARTESIAN_POINT ( 'NONE',  ( -1.000000000000000000, -0.9200000000000000400, -3.449999999999999734 ) ) ;
#7422 = DIRECTION ( 'NONE',  ( 1.000000000000000000, 0.000000000000000000, 0.000000000000000000 ) ) ;
#7423 = DIRECTION ( 'NONE',  ( 0.5773502691896273964, 0.5773502691896249539, 0.5773502691896249539 ) ) ;
#7424 = VECTOR ( 'NONE', #6850, 1000.000000000000000 ) ;
#7425 = MECHANICAL_DESIGN_GEOMETRIC_PRESENTATION_REPRESENTATION (  '', ( #1985 ), #7293 ) ;
#7426 = DIRECTION ( 'NONE',  ( 1.000000000000000000, 0.000000000000000000, -0.000000000000000000 ) ) ;
#7427 = SURFACE_STYLE_USAGE ( .BOTH. , #4486 ) ;
#7428 = EDGE_CURVE ( 'NONE', #6039, #5095, #2831, .T. ) ;
#7429 = DIRECTION ( 'NONE',  ( 0.9996861751910754990, -0.000000000000000000, 0.02505097067657191187 ) ) ;
#7430 = DIRECTION ( 'NONE',  ( 1.000000000000000000, 1.239088197126290077E-15, 1.377868836128689948E-31 ) ) ;
#7431 = EDGE_LOOP ( 'NONE', ( #5422, #3993, #1551, #2084 ) ) ;
#7432 = ORIENTED_EDGE ( 'NONE', *, *, #5401, .T. ) ;
#7433 = STYLED_ITEM ( 'NONE', ( #2737 ), #4148 ) ;
#7434 = AXIS2_PLACEMENT_3D ( 'NONE', #3923, #984, #2775 ) ;
#7435 = ORIENTED_EDGE ( 'NONE', *, *, #4340, .F. ) ;
#7436 = FACE_OUTER_BOUND ( 'NONE', #2179, .T. ) ;
#7437 = PRESENTATION_LAYER_ASSIGNMENT (  '', '', ( #3116 ) ) ;
#7438 = DIRECTION ( 'NONE',  ( -1.000000000000000000, 0.000000000000000000, -0.000000000000000000 ) ) ;
#7439 = CARTESIAN_POINT ( 'NONE',  ( 4.730000000000000426, -2.540000000000000036, 4.050000000000000711 ) ) ;
#7440 = CARTESIAN_POINT ( 'NONE',  ( -9.901406000701879151, -1.620000000000000107, -3.450000000000000178 ) ) ;
#7441 = DIRECTION ( 'NONE',  ( 0.5773502691896270633, -0.5773502691896257311, -0.5773502691896246208 ) ) ;
#7442 =( GEOMETRIC_REPRESENTATION_CONTEXT ( 3 ) GLOBAL_UNCERTAINTY_ASSIGNED_CONTEXT ( ( #5244 ) ) GLOBAL_UNIT_ASSIGNED_CONTEXT ( ( #1644, #5757, #5162 ) ) REPRESENTATION_CONTEXT ( 'NONE', 'WORKASPACE' ) );
#7443 = DIRECTION ( 'NONE',  ( 0.000000000000000000, 0.000000000000000000, -1.000000000000000000 ) ) ;
#7444 = DIRECTION ( 'NONE',  ( 1.000000000000000000, 0.000000000000000000, -0.000000000000000000 ) ) ;
#7445 = PRODUCT ( '6130xx21821_PIN', '6130xx21821_PIN', '', ( #646 ) ) ;
#7446 = VERTEX_POINT ( 'NONE', #971 ) ;
#7447 = VECTOR ( 'NONE', #6767, 1000.000000000000000 ) ;
#7448 = EDGE_CURVE ( 'NONE', #1197, #7274, #5864, .T. ) ;
#7449 = VECTOR ( 'NONE', #6817, 1000.000000000000000 ) ;
#7450 = MECHANICAL_DESIGN_GEOMETRIC_PRESENTATION_REPRESENTATION (  '', ( #2626 ), #3479 ) ;
#7451 = SURFACE_STYLE_USAGE ( .BOTH. , #1090 ) ;
#7452 = UNCERTAINTY_MEASURE_WITH_UNIT (LENGTH_MEASURE( 1.000000000000000082E-05 ), #4354, 'distance_accuracy_value', 'NONE');
#7453 = STYLED_ITEM ( 'NONE', ( #1900 ), #7263 ) ;
#7454 = CARTESIAN_POINT ( 'NONE',  ( -5.429999999999998828, 0.9200000000000002620, 4.050000000000000711 ) ) ;
#7455 =( GEOMETRIC_REPRESENTATION_CONTEXT ( 3 ) GLOBAL_UNCERTAINTY_ASSIGNED_CONTEXT ( ( #7464 ) ) GLOBAL_UNIT_ASSIGNED_CONTEXT ( ( #5686, #5016, #7465 ) ) REPRESENTATION_CONTEXT ( 'NONE', 'WORKASPACE' ) );
#7456 = MECHANICAL_DESIGN_GEOMETRIC_PRESENTATION_REPRESENTATION (  '', ( #1029 ), #313 ) ;
#7457 = ORIENTED_EDGE ( 'NONE', *, *, #1543, .F. ) ;
#7458 = VECTOR ( 'NONE', #1339, 1000.000000000000000 ) ;
#7459 = B_SPLINE_CURVE_WITH_KNOTS ( 'NONE', 3,
 ( #7116, #2350, #3506, #1188, #6506, #612, #1046 ),
 .UNSPECIFIED., .F., .F.,
 ( 4, 1, 1, 1, 4 ),
 ( 2.255413170768968533E-52, 0.0004044037042232456465, 0.0008088074084464912930, 0.001213211112669736885, 0.001617614816892982586 ),
 .UNSPECIFIED. ) ;
#7460 = UNCERTAINTY_MEASURE_WITH_UNIT (LENGTH_MEASURE( 1.000000000000000082E-05 ), #4299, 'distance_accuracy_value', 'NONE');
#7461 = CARTESIAN_POINT ( 'NONE',  ( 0.9690439428171120362, 0.4000000000000000222, 0.9245656430320831065 ) ) ;
#7462 = DIRECTION ( 'NONE',  ( 0.000000000000000000, -1.000000000000000000, 0.000000000000000000 ) ) ;
#7463 = AXIS2_PLACEMENT_3D ( 'NONE', #361, #6923, #4484 ) ;
#7464 = UNCERTAINTY_MEASURE_WITH_UNIT (LENGTH_MEASURE( 1.000000000000000082E-05 ), #5686, 'distance_accuracy_value', 'NONE');
#7465 =( NAMED_UNIT ( * ) SI_UNIT ( $, .STERADIAN. ) SOLID_ANGLE_UNIT ( ) );
#7466 = ADVANCED_FACE ( 'NONE', ( #7595 ), #2208, .T. ) ;
#7467 = EDGE_CURVE ( 'NONE', #1230, #792, #4645, .T. ) ;
#7468 = VERTEX_POINT ( 'NONE', #3425 ) ;
#7469 = DIRECTION ( 'NONE',  ( -0.9996861751910754990, 0.000000000000000000, -0.02505097067657191187 ) ) ;
#7470 = DIRECTION ( 'NONE',  ( 1.000000000000000000, 0.000000000000000000, 0.000000000000000000 ) ) ;
#7471 = SURFACE_STYLE_FILL_AREA ( #5459 ) ;
#7472 = UNCERTAINTY_MEASURE_WITH_UNIT (LENGTH_MEASURE( 1.000000000000000082E-05 ), #1069, 'distance_accuracy_value', 'NONE');
#7473 = PLANE ( 'NONE',  #1114 ) ;
#7474 = LINE ( 'NONE', #928, #6592 ) ;
#7475 = DIRECTION ( 'NONE',  ( 1.000000000000000000, 0.000000000000000000, -0.000000000000000000 ) ) ;
#7476 = CARTESIAN_POINT ( 'NONE',  ( -1.019028251576665323, 0.2000000000000000111, 0.9258181915659118300 ) ) ;
#7477 = VERTEX_POINT ( 'NONE', #7010 ) ;
#7478 = ORIENTED_EDGE ( 'NONE', *, *, #240, .T. ) ;
#7479 = ORIENTED_EDGE ( 'NONE', *, *, #6784, .F. ) ;
#7480 = LINE ( 'NONE', #514, #6573 ) ;
#7481 = FILL_AREA_STYLE_COLOUR ( '', #3740 ) ;
#7482 = CARTESIAN_POINT ( 'NONE',  ( -4.730000000000000426, -1.619999999999998996, 4.050000000000000711 ) ) ;
#7483 = PLANE ( 'NONE',  #2500 ) ;
#7484 = CLOSED_SHELL ( 'NONE', ( #346, #4185, #254, #3471, #6761, #2190, #232, #6398, #1843, #1410, #4774, #3190, #2849, #194, #5321, #354, #3599, #6052, #1553, #6032, #6608, #4146, #4970, #4895, #6294, #6312, #676, #149, #6126, #3644, #34, #5605, #2467, #1307, #2304, #4940, #5960, #1228, #3073, #1542, #7066, #1096, #1607, #4193, #7349, #6942, #2286, #6544, #4148, #2106, #7400, #3244, #7466, #6066, #1442, #3377, #1950, #6104, #6505, #4706, #4731, #4187, #3941, #2755, #1687, #741, #7226, #6177, #4538, #6407, #4426, #126, #959, #7370, #3420, #4316, #2088, #4765, #2929, #2340, #6896, #2857, #1595, #1825, #1994, #2188, #3689, #4175, #7326, #1032, #4269, #4909, #7064, #6228, #3912, #2716, #1260, #2646, #6301, #5097, #5771, #2379, #6718, #119, #5282, #5182, #5304, #3175, #2922, #2050, #1614, #5594, #4244, #2351, #7495, #3328, #675, #4407, #2948, #2884, #1698, #979, #586, #2714, #4755, #5141, #297, #493, #6634, #7513 ) ) ;
#7485 = ORIENTED_EDGE ( 'NONE', *, *, #641, .T. ) ;
#7486 = AXIS2_PLACEMENT_3D ( 'NONE', #7348, #2043, #3083 ) ;
#7487 = AXIS2_PLACEMENT_3D ( 'NONE', #5236, #1129, #4112 ) ;
#7488 = CARTESIAN_POINT ( 'NONE',  ( -0.9690439428171118141, 0.4000000000000000222, 0.9245656430320835506 ) ) ;
#7489 =( NAMED_UNIT ( * ) SI_UNIT ( $, .STERADIAN. ) SOLID_ANGLE_UNIT ( ) );
#7490 = FACE_OUTER_BOUND ( 'NONE', #3944, .T. ) ;
#7491 = AXIS2_PLACEMENT_3D ( 'NONE', #3074, #5400, #3122 ) ;
#7492 = UNCERTAINTY_MEASURE_WITH_UNIT (LENGTH_MEASURE( 1.000000000000000082E-05 ), #6099, 'distance_accuracy_value', 'NONE');
#7493 = ORIENTED_EDGE ( 'NONE', *, *, #176, .F. ) ;
#7494 = PRESENTATION_LAYER_ASSIGNMENT (  '', '', ( #6516 ) ) ;
#7495 = ADVANCED_FACE ( 'NONE', ( #4563 ), #1696, .F. ) ;
#7496 = SURFACE_STYLE_USAGE ( .BOTH. , #3859 ) ;
#7497 = CARTESIAN_POINT ( 'NONE',  ( -6.599999999999999645, -2.540000000000000036, 0.000000000000000000 ) ) ;
#7498 = LINE ( 'NONE', #6996, #1118 ) ;
#7499 = EDGE_LOOP ( 'NONE', ( #2595, #6170, #478, #6782 ) ) ;
#7500 =( NAMED_UNIT ( * ) SI_UNIT ( $, .STERADIAN. ) SOLID_ANGLE_UNIT ( ) );
#7501 = DIRECTION ( 'NONE',  ( -1.220608241132616954E-15, 0.000000000000000000, -1.000000000000000000 ) ) ;
#7502 = EDGE_CURVE ( 'NONE', #7468, #6482, #1195, .T. ) ;
#7503 = FILL_AREA_STYLE ('',( #3348 ) ) ;
#7504 = SURFACE_STYLE_FILL_AREA ( #2824 ) ;
#7505 = LINE ( 'NONE', #3536, #6382 ) ;
#7506 = CARTESIAN_POINT ( 'NONE',  ( -0.3819168425098900532, 0.4000000000000000222, 4.780491394004580563 ) ) ;
#7507 = ORIENTED_EDGE ( 'NONE', *, *, #5124, .T. ) ;
#7508 = ORIENTED_EDGE ( 'NONE', *, *, #2376, .T. ) ;
#7509 = VERTEX_POINT ( 'NONE', #2399 ) ;
#7510 = PLANE ( 'NONE',  #890 ) ;
#7511 = FILL_AREA_STYLE ('',( #6362 ) ) ;
#7512 =( NAMED_UNIT ( * ) SI_UNIT ( $, .STERADIAN. ) SOLID_ANGLE_UNIT ( ) );
#7513 = ADVANCED_FACE ( 'NONE', ( #1277 ), #1889, .F. ) ;
#7514 = SURFACE_STYLE_FILL_AREA ( #5155 ) ;
#7515 = LINE ( 'NONE', #3213, #5092 ) ;
#7516 = FACE_OUTER_BOUND ( 'NONE', #6434, .T. ) ;
#7517 = FACE_OUTER_BOUND ( 'NONE', #2004, .T. ) ;
#7518 = EDGE_LOOP ( 'NONE', ( #1923, #4091, #4137, #5467 ) ) ;
#7519 = ORIENTED_EDGE ( 'NONE', *, *, #4107, .F. ) ;
#7520 = FACE_OUTER_BOUND ( 'NONE', #7571, .T. ) ;
#7521 = EDGE_CURVE ( 'NONE', #2679, #6357, #3662, .T. ) ;
#7522 = PRESENTATION_LAYER_ASSIGNMENT (  '', '', ( #4547 ) ) ;
#7523 =( GEOMETRIC_REPRESENTATION_CONTEXT ( 3 ) GLOBAL_UNCERTAINTY_ASSIGNED_CONTEXT ( ( #5763 ) ) GLOBAL_UNIT_ASSIGNED_CONTEXT ( ( #471, #1075, #6647 ) ) REPRESENTATION_CONTEXT ( 'NONE', 'WORKASPACE' ) );
#7524 = ORIENTED_EDGE ( 'NONE', *, *, #5378, .F. ) ;
#7525 = FILL_AREA_STYLE ('',( #1431 ) ) ;
#7526 = UNCERTAINTY_MEASURE_WITH_UNIT (LENGTH_MEASURE( 1.000000000000000082E-05 ), #3045, 'distance_accuracy_value', 'NONE');
#7527 = DIRECTION ( 'NONE',  ( -0.000000000000000000, 0.000000000000000000, -1.000000000000000000 ) ) ;
#7528 = AXIS2_PLACEMENT_3D ( 'NONE', #3534, #6465, #502 ) ;
#7529 = UNCERTAINTY_MEASURE_WITH_UNIT (LENGTH_MEASURE( 1.000000000000000082E-05 ), #1992, 'distance_accuracy_value', 'NONE');
#7530 = EDGE_CURVE ( 'NONE', #5671, #967, #3625, .T. ) ;
#7531 = EDGE_CURVE ( 'NONE', #4569, #852, #7043, .T. ) ;
#7532 = EDGE_CURVE ( 'NONE', #628, #2018, #6476, .T. ) ;
#7533 = ORIENTED_EDGE ( 'NONE', *, *, #4828, .F. ) ;
#7534 = STYLED_ITEM ( 'NONE', ( #4410 ), #3471 ) ;
#7535 = PRESENTATION_LAYER_ASSIGNMENT (  '', '', ( #18 ) ) ;
#7536 = DIRECTION ( 'NONE',  ( -1.239088197126290077E-15, 1.000000000000000000, 0.000000000000000000 ) ) ;
#7537 = FACE_OUTER_BOUND ( 'NONE', #2917, .T. ) ;
#7538 = LINE ( 'NONE', #4443, #1838 ) ;
#7539 = DIRECTION ( 'NONE',  ( -1.239088197126290077E-15, -1.000000000000000000, 0.000000000000000000 ) ) ;
#7540 = SURFACE_SIDE_STYLE ('',( #5779 ) ) ;
#7541 = CARTESIAN_POINT ( 'NONE',  ( -0.9999999999999993339, -1.620000000000000107, 3.750000000000000000 ) ) ;
#7542 = AXIS2_PLACEMENT_3D ( 'NONE', #1520, #939, #5029 ) ;
#7543 = ORIENTED_EDGE ( 'NONE', *, *, #6527, .T. ) ;
#7544 = EDGE_LOOP ( 'NONE', ( #6820, #6332, #2420, #3049 ) ) ;
#7545 = VERTEX_POINT ( 'NONE', #5295 ) ;
#7546 =( NAMED_UNIT ( * ) PLANE_ANGLE_UNIT ( ) SI_UNIT ( $, .RADIAN. ) );
#7547 = VECTOR ( 'NONE', #886, 1000.000000000000000 ) ;
#7548 = COLOUR_RGB ( '',0.2000000000000000111, 0.2000000000000000111, 0.2000000000000000111 ) ;
#7549 =( LENGTH_UNIT ( ) NAMED_UNIT ( * ) SI_UNIT ( .MILLI., .METRE. ) );
#7550 = CARTESIAN_POINT ( 'NONE',  ( 0.3819168425098894426, 0.4000000000000000222, 4.780491394004580563 ) ) ;
#7551 = B_SPLINE_CURVE_WITH_KNOTS ( 'NONE', 3,
 ( #1196, #2402, #5301, #559, #6480, #2984, #7047 ),
 .UNSPECIFIED., .F., .F.,
 ( 4, 1, 1, 1, 4 ),
 ( 9.087270115126198140E-19, 0.0004044037042232462428, 0.0008088074084464915098, 0.001213211112669736885, 0.001617614816892982152 ),
 .UNSPECIFIED. ) ;
#7552 = COLOUR_RGB ( '',0.2000000000000000111, 0.2000000000000000111, 0.2000000000000000111 ) ;
#7553 =( NAMED_UNIT ( * ) PLANE_ANGLE_UNIT ( ) SI_UNIT ( $, .RADIAN. ) );
#7554 =( NAMED_UNIT ( * ) PLANE_ANGLE_UNIT ( ) SI_UNIT ( $, .RADIAN. ) );
#7555 = ORIENTED_EDGE ( 'NONE', *, *, #6145, .F. ) ;
#7556 = VECTOR ( 'NONE', #5481, 1000.000000000000000 ) ;
#7557 = ADVANCED_FACE ( 'NONE', ( #4140 ), #6514, .F. ) ;
#7558 = ORIENTED_EDGE ( 'NONE', *, *, #7284, .F. ) ;
#7559 = ADVANCED_FACE ( 'NONE', ( #4377 ), #6127, .F. ) ;
#7560 = COLOUR_RGB ( '',0.7411764705882353255, 0.7764705882352941346, 0.8000000000000000444 ) ;
#7561 =( NAMED_UNIT ( * ) PLANE_ANGLE_UNIT ( ) SI_UNIT ( $, .RADIAN. ) );
#7562 = DIRECTION ( 'NONE',  ( 0.5773502691896260641, -0.5773502691896276184, 0.5773502691896236216 ) ) ;
#7563 = LINE ( 'NONE', #2844, #5580 ) ;
#7564 = CIRCLE ( 'NONE', #3587, 0.08882474621664526726 ) ;
#7565 = PRESENTATION_LAYER_ASSIGNMENT (  '', '', ( #4957 ) ) ;
#7566 = DIRECTION ( 'NONE',  ( -0.000000000000000000, -1.000000000000000000, -0.000000000000000000 ) ) ;
#7567 = PRESENTATION_LAYER_ASSIGNMENT (  '', '', ( #1629 ) ) ;
#7568 = DIRECTION ( 'NONE',  ( 1.239088197126290077E-15, -1.000000000000000000, -0.000000000000000000 ) ) ;
#7569 = AXIS2_PLACEMENT_3D ( 'NONE', #7218, #1981, #5539 ) ;
#7570 = STYLED_ITEM ( 'NONE', ( #415 ), #4689 ) ;
#7571 = EDGE_LOOP ( 'NONE', ( #4277, #5330, #142, #3622 ) ) ;
#7572 = PRESENTATION_LAYER_ASSIGNMENT (  '', '', ( #1023 ) ) ;
#7573 = CARTESIAN_POINT ( 'NONE',  ( 6.599999999999999645, -1.949999999999999956, -4.250000000000000000 ) ) ;
#7575 = LINE ( 'NONE', #4126, #730 ) ;
#7574 =( GEOMETRIC_REPRESENTATION_CONTEXT ( 3 ) GLOBAL_UNCERTAINTY_ASSIGNED_CONTEXT ( ( #7386 ) ) GLOBAL_UNIT_ASSIGNED_CONTEXT ( ( #6421, #6392, #2240 ) ) REPRESENTATION_CONTEXT ( 'NONE', 'WORKASPACE' ) );
#7576 = MECHANICAL_DESIGN_GEOMETRIC_PRESENTATION_REPRESENTATION (  '', ( #4839 ), #7204 ) ;
#7577 = CARTESIAN_POINT ( 'NONE',  ( 2.189999999999999947, 0.9200000000000000400, 4.050000000000001599 ) ) ;
#7578 =( LENGTH_UNIT ( ) NAMED_UNIT ( * ) SI_UNIT ( .MILLI., .METRE. ) );
#7579 =( GEOMETRIC_REPRESENTATION_CONTEXT ( 3 ) GLOBAL_UNCERTAINTY_ASSIGNED_CONTEXT ( ( #6617 ) ) GLOBAL_UNIT_ASSIGNED_CONTEXT ( ( #4453, #5028, #4910 ) ) REPRESENTATION_CONTEXT ( 'NONE', 'WORKASPACE' ) );
#7580 = ORIENTED_EDGE ( 'NONE', *, *, #1479, .F. ) ;
#7581 = AXIS2_PLACEMENT_3D ( 'NONE', #1425, #2117, #5134 ) ;
#7582 = EDGE_CURVE ( 'NONE', #1959, #1692, #3197, .T. ) ;
#7583 = CARTESIAN_POINT ( 'NONE',  ( -6.080000000000000071, -0.9200000000000000400, 3.750000000000000000 ) ) ;
#7584 = FILL_AREA_STYLE ('',( #3623 ) ) ;
#7585 = PLANE ( 'NONE',  #375 ) ;
#7586 = CARTESIAN_POINT ( 'NONE',  ( -0.5499999999999990452, 1.820000000000000062, 4.250000000000000000 ) ) ;
#7587 = EDGE_CURVE ( 'NONE', #4161, #6425, #4901, .T. ) ;
#7588 = PLANE ( 'NONE',  #3486 ) ;
#7589 = FACE_BOUND ( 'NONE', #1427, .T. ) ;
#7590 = CARTESIAN_POINT ( 'NONE',  ( 0.3500000000000003664, 1.620000000000000329, 4.050000000000000711 ) ) ;
#7591 = ORIENTED_EDGE ( 'NONE', *, *, #7582, .T. ) ;
#7592 = EDGE_LOOP ( 'NONE', ( #6371, #2822, #2939, #182 ) ) ;
#7593 = EDGE_LOOP ( 'NONE', ( #3018, #4489, #6931, #2464 ) ) ;
#7594 = CARTESIAN_POINT ( 'NONE',  ( -0.8690753252980040200, 0.2000000000000000111, 0.9220605459644261037 ) ) ;
#7595 = FACE_OUTER_BOUND ( 'NONE', #6161, .T. ) ;
#7596 = SURFACE_STYLE_FILL_AREA ( #588 ) ;
#7597 = DIRECTION ( 'NONE',  ( 0.000000000000000000, -0.000000000000000000, -1.000000000000000000 ) ) ;
#7598 = DIRECTION ( 'NONE',  ( 0.5773502691896260641, -0.5773502691896272854, 0.5773502691896237327 ) ) ;
#7599 = SURFACE_SIDE_STYLE ('',( #560 ) ) ;
#7600 = ORIENTED_EDGE ( 'NONE', *, *, #4213, .T. ) ;
#7601 = VERTEX_POINT ( 'NONE', #7391 ) ;
#7602 = LINE ( 'NONE', #1089, #4233 ) ;
#7603 = UNCERTAINTY_MEASURE_WITH_UNIT (LENGTH_MEASURE( 1.000000000000000082E-05 ), #1338, 'distance_accuracy_value', 'NONE');
#7604 = EDGE_CURVE ( 'NONE', #3942, #5662, #6777, .T. ) ;
#7605 = FILL_AREA_STYLE_COLOUR ( '', #4591 ) ;
#7606 = EDGE_CURVE ( 'NONE', #1959, #5699, #295, .T. ) ;
#7607 = LINE ( 'NONE', #1820, #544 ) ;
#7608 = LINE ( 'NONE', #598, #5396 ) ;
#7609 = STYLED_ITEM ( 'NONE', ( #850 ), #297 ) ;
#7610 = CARTESIAN_POINT ( 'NONE',  ( 6.599999999999999645, 1.949999999999999956, -3.449999999999999734 ) ) ;
#7611 = SURFACE_STYLE_USAGE ( .BOTH. , #601 ) ;
#7612 = DIRECTION ( 'NONE',  ( -0.7071067811865489050, 0.000000000000000000, -0.7071067811865460184 ) ) ;
#7613 = PRESENTATION_LAYER_ASSIGNMENT (  '', '', ( #2918 ) ) ;
#7614 = LINE ( 'NONE', #4088, #2805 ) ;
#7615 = MECHANICAL_DESIGN_GEOMETRIC_PRESENTATION_REPRESENTATION (  '', ( #3516 ), #4874 ) ;
#7616 = SURFACE_STYLE_USAGE ( .BOTH. , #7 ) ;
#7617 = ORIENTED_EDGE ( 'NONE', *, *, #3540, .F. ) ;
#7618 = DIRECTION ( 'NONE',  ( 0.000000000000000000, 1.000000000000000000, 0.000000000000000000 ) ) ;
#7619 = CONTEXT_DEPENDENT_SHAPE_REPRESENTATION ( #1980, #898 ) ;
#7620 = FILL_AREA_STYLE_COLOUR ( '', #862 ) ;
#7621 =( NAMED_UNIT ( * ) SI_UNIT ( $, .STERADIAN. ) SOLID_ANGLE_UNIT ( ) );
#7622 = PRESENTATION_STYLE_ASSIGNMENT (( #3383 ) ) ;
#7623 = DIRECTION ( 'NONE',  ( 1.000000000000000000, 0.000000000000000000, -0.000000000000000000 ) ) ;
#7624 = VERTEX_POINT ( 'NONE', #1348 ) ;
#7625 = ORIENTED_EDGE ( 'NONE', *, *, #4236, .F. ) ;
#7626 = ORIENTED_EDGE ( 'NONE', *, *, #4236, .T. ) ;
#7627 = EDGE_CURVE ( 'NONE', #5851, #4020, #734, .T. ) ;
#7628 = DIRECTION ( 'NONE',  ( 0.000000000000000000, 0.000000000000000000, 1.000000000000000000 ) ) ;
#7629 = NEXT_ASSEMBLY_USAGE_OCCURRENCE ( 'NAUO1', ' ', ' ', #7341, #5159, $ ) ;
#7630 = NEXT_ASSEMBLY_USAGE_OCCURRENCE ( 'NAUO2', ' ', ' ', #7341, #830, $ ) ;
#7631 = NEXT_ASSEMBLY_USAGE_OCCURRENCE ( 'NAUO3', ' ', ' ', #7341, #830, $ ) ;
#7632 = NEXT_ASSEMBLY_USAGE_OCCURRENCE ( 'NAUO4', ' ', ' ', #7341, #830, $ ) ;
#7633 = NEXT_ASSEMBLY_USAGE_OCCURRENCE ( 'NAUO5', ' ', ' ', #7341, #830, $ ) ;
#7634 = NEXT_ASSEMBLY_USAGE_OCCURRENCE ( 'NAUO6', ' ', ' ', #7341, #830, $ ) ;
#7635 = NEXT_ASSEMBLY_USAGE_OCCURRENCE ( 'NAUO7', ' ', ' ', #7341, #830, $ ) ;
#7636 = NEXT_ASSEMBLY_USAGE_OCCURRENCE ( 'NAUO8', ' ', ' ', #7341, #830, $ ) ;
#7637 = NEXT_ASSEMBLY_USAGE_OCCURRENCE ( 'NAUO9', ' ', ' ', #7341, #830, $ ) ;
#7638 = NEXT_ASSEMBLY_USAGE_OCCURRENCE ( 'NAUO10', ' ', ' ', #7341, #830, $ ) ;
#7639 = NEXT_ASSEMBLY_USAGE_OCCURRENCE ( 'NAUO11', ' ', ' ', #7341, #830, $ ) ;
ENDSEC;
END-ISO-10303-21;
