ISO-10303-21;
HEADER;
/* Generated by software containing ST-Developer
 * from STEP Tools, Inc. (www.steptools.com) 
 */
/* OPTION: using custom renumber hook */

FILE_DESCRIPTION(
/* description */ ('STEP AP242',
'CAx-IF Rec.Pracs.---Representation and Presentation of Product Manufa
cturing Information (PMI)---4.0---2014-10-13',
'CAx-IF Rec.Pracs.---3D Tessellated Geometry---0.4---2014-09-14','2;1'),

/* implementation_level */ '2;1');

FILE_NAME(
/* name */ 'ESQT-108-03-F-D-350',
/* time_stamp */ '2026-08-19T23:56:10+02:00',
/* author */ ('License CC BY-ND 4.0'),
/* organization */ ('CADENAS'),
/* preprocessor_version */ 'ST-DEVELOPER v20',
/* originating_system */ 'PARTsolutions',
/* authorisation */ '  ');

FILE_SCHEMA (('AP242_MANAGED_MODEL_BASED_3D_ENGINEERING_MIM_LF { 1 0 10303 442 1 1 4 }'));
ENDSEC;

DATA;
#10=CYLINDRICAL_SURFACE('',#13063,0.00749999999999999);
#11=CYLINDRICAL_SURFACE('',#13070,0.00749999999999999);
#12=CYLINDRICAL_SURFACE('',#13077,0.00750000000000002);
#13=CYLINDRICAL_SURFACE('',#13084,0.00750000000000002);
#14=CYLINDRICAL_SURFACE('',#13091,0.00749999999999999);
#15=CYLINDRICAL_SURFACE('',#13098,0.00749999999999999);
#16=CYLINDRICAL_SURFACE('',#13105,0.0075);
#17=CYLINDRICAL_SURFACE('',#13112,0.0075);
#18=CYLINDRICAL_SURFACE('',#13119,0.0075);
#19=CYLINDRICAL_SURFACE('',#13126,0.0075);
#20=CYLINDRICAL_SURFACE('',#13133,0.00749999999999999);
#21=CYLINDRICAL_SURFACE('',#13140,0.00749999999999999);
#22=CYLINDRICAL_SURFACE('',#13147,0.00750000000000003);
#23=CYLINDRICAL_SURFACE('',#13154,0.00750000000000003);
#24=CYLINDRICAL_SURFACE('',#13161,0.00749999999999999);
#25=CYLINDRICAL_SURFACE('',#13166,0.00749999999999999);
#26=CIRCLE('',#12963,0.00749999999999999);
#27=CIRCLE('',#12966,0.00749999999999999);
#28=CIRCLE('',#12968,0.00749999999999999);
#29=CIRCLE('',#12971,0.00749999999999999);
#30=CIRCLE('',#12973,0.00750000000000003);
#31=CIRCLE('',#12976,0.00750000000000003);
#32=CIRCLE('',#12978,0.00750000000000003);
#33=CIRCLE('',#12981,0.00750000000000003);
#34=CIRCLE('',#12983,0.00749999999999999);
#35=CIRCLE('',#12986,0.00749999999999999);
#36=CIRCLE('',#12988,0.00749999999999999);
#37=CIRCLE('',#12991,0.00749999999999999);
#38=CIRCLE('',#12993,0.0075);
#39=CIRCLE('',#12996,0.0075);
#40=CIRCLE('',#12998,0.0075);
#41=CIRCLE('',#13001,0.0075);
#42=CIRCLE('',#13003,0.0075);
#43=CIRCLE('',#13006,0.0075);
#44=CIRCLE('',#13008,0.0075);
#45=CIRCLE('',#13011,0.0075);
#46=CIRCLE('',#13013,0.00749999999999999);
#47=CIRCLE('',#13016,0.00749999999999999);
#48=CIRCLE('',#13018,0.00749999999999999);
#49=CIRCLE('',#13021,0.00749999999999999);
#50=CIRCLE('',#13023,0.00750000000000002);
#51=CIRCLE('',#13026,0.00750000000000002);
#52=CIRCLE('',#13028,0.00750000000000002);
#53=CIRCLE('',#13031,0.00750000000000002);
#54=CIRCLE('',#13033,0.00749999999999999);
#55=CIRCLE('',#13036,0.00749999999999999);
#56=CIRCLE('',#13038,0.00749999999999999);
#57=CIRCLE('',#13041,0.00749999999999999);
#58=DRAUGHTING_PRE_DEFINED_COLOUR('yellow');
#59=CONTEXT_DEPENDENT_SHAPE_REPRESENTATION(#67,#19986);
#60=CONTEXT_DEPENDENT_SHAPE_REPRESENTATION(#68,#19988);
#61=CONTEXT_DEPENDENT_SHAPE_REPRESENTATION(#69,#19990);
#62=CONTEXT_DEPENDENT_SHAPE_REPRESENTATION(#70,#19992);
#63=NEXT_ASSEMBLY_USAGE_OCCURRENCE('NAUO1','ESQT-108-03-F-D-350_S',
'ESQT-108-03-F-D-350_S',#19993,#19994,'');
#64=NEXT_ASSEMBLY_USAGE_OCCURRENCE('NAUO2','ESQT-108-03-F-D-350_P',
'ESQT-108-03-F-D-350_P',#19993,#19995,'');
#65=NEXT_ASSEMBLY_USAGE_OCCURRENCE('NAUO3','ESQT-108-03-F-D-3502_P',
'ESQT-108-03-F-D-3502_P',#19993,#19996,'');
#66=NEXT_ASSEMBLY_USAGE_OCCURRENCE('NAUO4','ESQT-108-03-F-D-350_BS',
'ESQT-108-03-F-D-350_BS',#19993,#19997,'');
#67=(
REPRESENTATION_RELATIONSHIP(' ',' ',#12647,#12646)
REPRESENTATION_RELATIONSHIP_WITH_TRANSFORMATION(#71)
SHAPE_REPRESENTATION_RELATIONSHIP()
);
#68=(
REPRESENTATION_RELATIONSHIP(' ',' ',#12648,#12646)
REPRESENTATION_RELATIONSHIP_WITH_TRANSFORMATION(#72)
SHAPE_REPRESENTATION_RELATIONSHIP()
);
#69=(
REPRESENTATION_RELATIONSHIP(' ',' ',#12649,#12646)
REPRESENTATION_RELATIONSHIP_WITH_TRANSFORMATION(#73)
SHAPE_REPRESENTATION_RELATIONSHIP()
);
#70=(
REPRESENTATION_RELATIONSHIP(' ',' ',#12650,#12646)
REPRESENTATION_RELATIONSHIP_WITH_TRANSFORMATION(#74)
SHAPE_REPRESENTATION_RELATIONSHIP()
);
#71=ITEM_DEFINED_TRANSFORMATION(' ',' ',#12651,#12806);
#72=ITEM_DEFINED_TRANSFORMATION(' ',' ',#12651,#12957);
#73=ITEM_DEFINED_TRANSFORMATION(' ',' ',#12651,#13172);
#74=ITEM_DEFINED_TRANSFORMATION(' ',' ',#12651,#13343);
#75=SHAPE_REPRESENTATION_RELATIONSHIP('','',#12647,#79);
#76=SHAPE_REPRESENTATION_RELATIONSHIP('','',#12648,#80);
#77=SHAPE_REPRESENTATION_RELATIONSHIP('','',#12649,#81);
#78=SHAPE_REPRESENTATION_RELATIONSHIP('','',#12650,#82);
#79=ADVANCED_BREP_SHAPE_REPRESENTATION('',(#12637),#19969);
#80=ADVANCED_BREP_SHAPE_REPRESENTATION('',(#12638),#19970);
#81=ADVANCED_BREP_SHAPE_REPRESENTATION('',(#12639),#19971);
#82=ADVANCED_BREP_SHAPE_REPRESENTATION('',(#12640),#19972);
#83=ORIENTED_EDGE('',*,*,#3555,.T.);
#84=ORIENTED_EDGE('',*,*,#3556,.F.);
#85=ORIENTED_EDGE('',*,*,#3557,.F.);
#86=ORIENTED_EDGE('',*,*,#3558,.F.);
#87=ORIENTED_EDGE('',*,*,#3559,.F.);
#88=ORIENTED_EDGE('',*,*,#3560,.F.);
#89=ORIENTED_EDGE('',*,*,#3561,.T.);
#90=ORIENTED_EDGE('',*,*,#3562,.F.);
#91=ORIENTED_EDGE('',*,*,#3563,.F.);
#92=ORIENTED_EDGE('',*,*,#3564,.F.);
#93=ORIENTED_EDGE('',*,*,#3565,.T.);
#94=ORIENTED_EDGE('',*,*,#3566,.F.);
#95=ORIENTED_EDGE('',*,*,#3567,.F.);
#96=ORIENTED_EDGE('',*,*,#3568,.F.);
#97=ORIENTED_EDGE('',*,*,#3569,.T.);
#98=ORIENTED_EDGE('',*,*,#3570,.F.);
#99=ORIENTED_EDGE('',*,*,#3571,.F.);
#100=ORIENTED_EDGE('',*,*,#3572,.F.);
#101=ORIENTED_EDGE('',*,*,#3573,.T.);
#102=ORIENTED_EDGE('',*,*,#3574,.F.);
#103=ORIENTED_EDGE('',*,*,#3575,.F.);
#104=ORIENTED_EDGE('',*,*,#3576,.F.);
#105=ORIENTED_EDGE('',*,*,#3577,.T.);
#106=ORIENTED_EDGE('',*,*,#3578,.F.);
#107=ORIENTED_EDGE('',*,*,#3579,.F.);
#108=ORIENTED_EDGE('',*,*,#3580,.F.);
#109=ORIENTED_EDGE('',*,*,#3581,.T.);
#110=ORIENTED_EDGE('',*,*,#3582,.F.);
#111=ORIENTED_EDGE('',*,*,#3583,.F.);
#112=ORIENTED_EDGE('',*,*,#3584,.F.);
#113=ORIENTED_EDGE('',*,*,#3585,.T.);
#114=ORIENTED_EDGE('',*,*,#3586,.F.);
#115=ORIENTED_EDGE('',*,*,#3587,.F.);
#116=ORIENTED_EDGE('',*,*,#3588,.F.);
#117=ORIENTED_EDGE('',*,*,#3589,.F.);
#118=ORIENTED_EDGE('',*,*,#3590,.F.);
#119=ORIENTED_EDGE('',*,*,#3591,.T.);
#120=ORIENTED_EDGE('',*,*,#3592,.F.);
#121=ORIENTED_EDGE('',*,*,#3593,.F.);
#122=ORIENTED_EDGE('',*,*,#3594,.T.);
#123=ORIENTED_EDGE('',*,*,#3595,.F.);
#124=ORIENTED_EDGE('',*,*,#3596,.T.);
#125=ORIENTED_EDGE('',*,*,#3597,.T.);
#126=ORIENTED_EDGE('',*,*,#3598,.F.);
#127=ORIENTED_EDGE('',*,*,#3599,.F.);
#128=ORIENTED_EDGE('',*,*,#3600,.T.);
#129=ORIENTED_EDGE('',*,*,#3601,.T.);
#130=ORIENTED_EDGE('',*,*,#3602,.F.);
#131=ORIENTED_EDGE('',*,*,#3603,.F.);
#132=ORIENTED_EDGE('',*,*,#3604,.T.);
#133=ORIENTED_EDGE('',*,*,#3605,.T.);
#134=ORIENTED_EDGE('',*,*,#3606,.F.);
#135=ORIENTED_EDGE('',*,*,#3607,.F.);
#136=ORIENTED_EDGE('',*,*,#3608,.T.);
#137=ORIENTED_EDGE('',*,*,#3609,.T.);
#138=ORIENTED_EDGE('',*,*,#3610,.F.);
#139=ORIENTED_EDGE('',*,*,#3611,.F.);
#140=ORIENTED_EDGE('',*,*,#3612,.T.);
#141=ORIENTED_EDGE('',*,*,#3613,.T.);
#142=ORIENTED_EDGE('',*,*,#3614,.F.);
#143=ORIENTED_EDGE('',*,*,#3615,.F.);
#144=ORIENTED_EDGE('',*,*,#3616,.T.);
#145=ORIENTED_EDGE('',*,*,#3617,.T.);
#146=ORIENTED_EDGE('',*,*,#3618,.F.);
#147=ORIENTED_EDGE('',*,*,#3619,.F.);
#148=ORIENTED_EDGE('',*,*,#3620,.T.);
#149=ORIENTED_EDGE('',*,*,#3621,.T.);
#150=ORIENTED_EDGE('',*,*,#3622,.F.);
#151=ORIENTED_EDGE('',*,*,#3623,.F.);
#152=ORIENTED_EDGE('',*,*,#3624,.T.);
#153=ORIENTED_EDGE('',*,*,#3625,.F.);
#154=ORIENTED_EDGE('',*,*,#3626,.F.);
#155=ORIENTED_EDGE('',*,*,#3627,.T.);
#156=ORIENTED_EDGE('',*,*,#3628,.T.);
#157=ORIENTED_EDGE('',*,*,#3629,.T.);
#158=ORIENTED_EDGE('',*,*,#3598,.T.);
#159=ORIENTED_EDGE('',*,*,#3630,.T.);
#160=ORIENTED_EDGE('',*,*,#3631,.T.);
#161=ORIENTED_EDGE('',*,*,#3632,.T.);
#162=ORIENTED_EDGE('',*,*,#3602,.T.);
#163=ORIENTED_EDGE('',*,*,#3633,.T.);
#164=ORIENTED_EDGE('',*,*,#3634,.T.);
#165=ORIENTED_EDGE('',*,*,#3635,.T.);
#166=ORIENTED_EDGE('',*,*,#3606,.T.);
#167=ORIENTED_EDGE('',*,*,#3636,.T.);
#168=ORIENTED_EDGE('',*,*,#3637,.T.);
#169=ORIENTED_EDGE('',*,*,#3638,.T.);
#170=ORIENTED_EDGE('',*,*,#3610,.T.);
#171=ORIENTED_EDGE('',*,*,#3639,.T.);
#172=ORIENTED_EDGE('',*,*,#3640,.T.);
#173=ORIENTED_EDGE('',*,*,#3641,.T.);
#174=ORIENTED_EDGE('',*,*,#3614,.T.);
#175=ORIENTED_EDGE('',*,*,#3642,.T.);
#176=ORIENTED_EDGE('',*,*,#3643,.T.);
#177=ORIENTED_EDGE('',*,*,#3644,.T.);
#178=ORIENTED_EDGE('',*,*,#3618,.T.);
#179=ORIENTED_EDGE('',*,*,#3645,.T.);
#180=ORIENTED_EDGE('',*,*,#3646,.T.);
#181=ORIENTED_EDGE('',*,*,#3647,.T.);
#182=ORIENTED_EDGE('',*,*,#3622,.T.);
#183=ORIENTED_EDGE('',*,*,#3648,.T.);
#184=ORIENTED_EDGE('',*,*,#3649,.T.);
#185=ORIENTED_EDGE('',*,*,#3650,.T.);
#186=ORIENTED_EDGE('',*,*,#3626,.T.);
#187=ORIENTED_EDGE('',*,*,#3651,.F.);
#188=ORIENTED_EDGE('',*,*,#3652,.F.);
#189=ORIENTED_EDGE('',*,*,#3653,.T.);
#190=ORIENTED_EDGE('',*,*,#3592,.T.);
#191=ORIENTED_EDGE('',*,*,#3654,.F.);
#192=ORIENTED_EDGE('',*,*,#3558,.T.);
#193=ORIENTED_EDGE('',*,*,#3655,.F.);
#194=ORIENTED_EDGE('',*,*,#3656,.F.);
#195=ORIENTED_EDGE('',*,*,#3657,.T.);
#196=ORIENTED_EDGE('',*,*,#3588,.T.);
#197=ORIENTED_EDGE('',*,*,#3658,.F.);
#198=ORIENTED_EDGE('',*,*,#3659,.F.);
#199=ORIENTED_EDGE('',*,*,#3660,.F.);
#200=ORIENTED_EDGE('',*,*,#3584,.T.);
#201=ORIENTED_EDGE('',*,*,#3661,.F.);
#202=ORIENTED_EDGE('',*,*,#3662,.F.);
#203=ORIENTED_EDGE('',*,*,#3663,.F.);
#204=ORIENTED_EDGE('',*,*,#3580,.T.);
#205=ORIENTED_EDGE('',*,*,#3664,.F.);
#206=ORIENTED_EDGE('',*,*,#3665,.F.);
#207=ORIENTED_EDGE('',*,*,#3666,.F.);
#208=ORIENTED_EDGE('',*,*,#3576,.T.);
#209=ORIENTED_EDGE('',*,*,#3667,.F.);
#210=ORIENTED_EDGE('',*,*,#3668,.F.);
#211=ORIENTED_EDGE('',*,*,#3669,.F.);
#212=ORIENTED_EDGE('',*,*,#3572,.T.);
#213=ORIENTED_EDGE('',*,*,#3670,.F.);
#214=ORIENTED_EDGE('',*,*,#3671,.F.);
#215=ORIENTED_EDGE('',*,*,#3672,.F.);
#216=ORIENTED_EDGE('',*,*,#3568,.T.);
#217=ORIENTED_EDGE('',*,*,#3673,.F.);
#218=ORIENTED_EDGE('',*,*,#3674,.F.);
#219=ORIENTED_EDGE('',*,*,#3675,.F.);
#220=ORIENTED_EDGE('',*,*,#3564,.T.);
#221=ORIENTED_EDGE('',*,*,#3676,.F.);
#222=ORIENTED_EDGE('',*,*,#3677,.F.);
#223=ORIENTED_EDGE('',*,*,#3678,.F.);
#224=ORIENTED_EDGE('',*,*,#3560,.T.);
#225=ORIENTED_EDGE('',*,*,#3679,.F.);
#226=ORIENTED_EDGE('',*,*,#3680,.F.);
#227=ORIENTED_EDGE('',*,*,#3556,.T.);
#228=ORIENTED_EDGE('',*,*,#3681,.T.);
#229=ORIENTED_EDGE('',*,*,#3682,.F.);
#230=ORIENTED_EDGE('',*,*,#3683,.T.);
#231=ORIENTED_EDGE('',*,*,#3684,.F.);
#232=ORIENTED_EDGE('',*,*,#3685,.T.);
#233=ORIENTED_EDGE('',*,*,#3562,.T.);
#234=ORIENTED_EDGE('',*,*,#3686,.T.);
#235=ORIENTED_EDGE('',*,*,#3687,.F.);
#236=ORIENTED_EDGE('',*,*,#3688,.T.);
#237=ORIENTED_EDGE('',*,*,#3566,.T.);
#238=ORIENTED_EDGE('',*,*,#3689,.T.);
#239=ORIENTED_EDGE('',*,*,#3690,.F.);
#240=ORIENTED_EDGE('',*,*,#3691,.T.);
#241=ORIENTED_EDGE('',*,*,#3570,.T.);
#242=ORIENTED_EDGE('',*,*,#3692,.T.);
#243=ORIENTED_EDGE('',*,*,#3693,.F.);
#244=ORIENTED_EDGE('',*,*,#3694,.T.);
#245=ORIENTED_EDGE('',*,*,#3574,.T.);
#246=ORIENTED_EDGE('',*,*,#3695,.T.);
#247=ORIENTED_EDGE('',*,*,#3696,.F.);
#248=ORIENTED_EDGE('',*,*,#3697,.T.);
#249=ORIENTED_EDGE('',*,*,#3578,.T.);
#250=ORIENTED_EDGE('',*,*,#3698,.T.);
#251=ORIENTED_EDGE('',*,*,#3699,.F.);
#252=ORIENTED_EDGE('',*,*,#3700,.T.);
#253=ORIENTED_EDGE('',*,*,#3582,.T.);
#254=ORIENTED_EDGE('',*,*,#3701,.T.);
#255=ORIENTED_EDGE('',*,*,#3702,.F.);
#256=ORIENTED_EDGE('',*,*,#3703,.T.);
#257=ORIENTED_EDGE('',*,*,#3586,.T.);
#258=ORIENTED_EDGE('',*,*,#3704,.T.);
#259=ORIENTED_EDGE('',*,*,#3705,.F.);
#260=ORIENTED_EDGE('',*,*,#3706,.T.);
#261=ORIENTED_EDGE('',*,*,#3590,.T.);
#262=ORIENTED_EDGE('',*,*,#3707,.F.);
#263=ORIENTED_EDGE('',*,*,#3708,.T.);
#264=ORIENTED_EDGE('',*,*,#3709,.T.);
#265=ORIENTED_EDGE('',*,*,#3594,.F.);
#266=ORIENTED_EDGE('',*,*,#3710,.T.);
#267=ORIENTED_EDGE('',*,*,#3596,.F.);
#268=ORIENTED_EDGE('',*,*,#3711,.T.);
#269=ORIENTED_EDGE('',*,*,#3712,.T.);
#270=ORIENTED_EDGE('',*,*,#3713,.T.);
#271=ORIENTED_EDGE('',*,*,#3600,.F.);
#272=ORIENTED_EDGE('',*,*,#3714,.T.);
#273=ORIENTED_EDGE('',*,*,#3715,.T.);
#274=ORIENTED_EDGE('',*,*,#3716,.T.);
#275=ORIENTED_EDGE('',*,*,#3604,.F.);
#276=ORIENTED_EDGE('',*,*,#3717,.T.);
#277=ORIENTED_EDGE('',*,*,#3718,.T.);
#278=ORIENTED_EDGE('',*,*,#3719,.T.);
#279=ORIENTED_EDGE('',*,*,#3608,.F.);
#280=ORIENTED_EDGE('',*,*,#3720,.T.);
#281=ORIENTED_EDGE('',*,*,#3721,.T.);
#282=ORIENTED_EDGE('',*,*,#3722,.T.);
#283=ORIENTED_EDGE('',*,*,#3612,.F.);
#284=ORIENTED_EDGE('',*,*,#3723,.T.);
#285=ORIENTED_EDGE('',*,*,#3724,.T.);
#286=ORIENTED_EDGE('',*,*,#3725,.T.);
#287=ORIENTED_EDGE('',*,*,#3616,.F.);
#288=ORIENTED_EDGE('',*,*,#3726,.T.);
#289=ORIENTED_EDGE('',*,*,#3727,.T.);
#290=ORIENTED_EDGE('',*,*,#3728,.T.);
#291=ORIENTED_EDGE('',*,*,#3620,.F.);
#292=ORIENTED_EDGE('',*,*,#3729,.T.);
#293=ORIENTED_EDGE('',*,*,#3730,.T.);
#294=ORIENTED_EDGE('',*,*,#3731,.T.);
#295=ORIENTED_EDGE('',*,*,#3624,.F.);
#296=ORIENTED_EDGE('',*,*,#3732,.T.);
#297=ORIENTED_EDGE('',*,*,#3733,.T.);
#298=ORIENTED_EDGE('',*,*,#3734,.F.);
#299=ORIENTED_EDGE('',*,*,#3707,.T.);
#300=ORIENTED_EDGE('',*,*,#3589,.T.);
#301=ORIENTED_EDGE('',*,*,#3657,.F.);
#302=ORIENTED_EDGE('',*,*,#3735,.F.);
#303=ORIENTED_EDGE('',*,*,#3651,.T.);
#304=ORIENTED_EDGE('',*,*,#3625,.T.);
#305=ORIENTED_EDGE('',*,*,#3734,.T.);
#306=ORIENTED_EDGE('',*,*,#3736,.T.);
#307=ORIENTED_EDGE('',*,*,#3683,.F.);
#308=ORIENTED_EDGE('',*,*,#3737,.F.);
#309=ORIENTED_EDGE('',*,*,#3710,.F.);
#310=ORIENTED_EDGE('',*,*,#3593,.T.);
#311=ORIENTED_EDGE('',*,*,#3653,.F.);
#312=ORIENTED_EDGE('',*,*,#3738,.F.);
#313=ORIENTED_EDGE('',*,*,#3655,.T.);
#314=ORIENTED_EDGE('',*,*,#3557,.T.);
#315=ORIENTED_EDGE('',*,*,#3739,.F.);
#316=ORIENTED_EDGE('',*,*,#3740,.F.);
#317=ORIENTED_EDGE('',*,*,#3741,.T.);
#318=ORIENTED_EDGE('',*,*,#3742,.T.);
#319=ORIENTED_EDGE('',*,*,#3743,.F.);
#320=ORIENTED_EDGE('',*,*,#3744,.F.);
#321=ORIENTED_EDGE('',*,*,#3745,.T.);
#322=ORIENTED_EDGE('',*,*,#3740,.T.);
#323=ORIENTED_EDGE('',*,*,#3746,.F.);
#324=ORIENTED_EDGE('',*,*,#3747,.F.);
#325=ORIENTED_EDGE('',*,*,#3748,.T.);
#326=ORIENTED_EDGE('',*,*,#3744,.T.);
#327=ORIENTED_EDGE('',*,*,#3749,.F.);
#328=ORIENTED_EDGE('',*,*,#3750,.F.);
#329=ORIENTED_EDGE('',*,*,#3751,.T.);
#330=ORIENTED_EDGE('',*,*,#3752,.T.);
#331=ORIENTED_EDGE('',*,*,#3753,.F.);
#332=ORIENTED_EDGE('',*,*,#3754,.F.);
#333=ORIENTED_EDGE('',*,*,#3755,.T.);
#334=ORIENTED_EDGE('',*,*,#3750,.T.);
#335=ORIENTED_EDGE('',*,*,#3756,.F.);
#336=ORIENTED_EDGE('',*,*,#3757,.F.);
#337=ORIENTED_EDGE('',*,*,#3758,.T.);
#338=ORIENTED_EDGE('',*,*,#3754,.T.);
#339=ORIENTED_EDGE('',*,*,#3759,.F.);
#340=ORIENTED_EDGE('',*,*,#3760,.F.);
#341=ORIENTED_EDGE('',*,*,#3761,.T.);
#342=ORIENTED_EDGE('',*,*,#3762,.T.);
#343=ORIENTED_EDGE('',*,*,#3763,.F.);
#344=ORIENTED_EDGE('',*,*,#3764,.F.);
#345=ORIENTED_EDGE('',*,*,#3765,.T.);
#346=ORIENTED_EDGE('',*,*,#3760,.T.);
#347=ORIENTED_EDGE('',*,*,#3766,.F.);
#348=ORIENTED_EDGE('',*,*,#3767,.F.);
#349=ORIENTED_EDGE('',*,*,#3768,.T.);
#350=ORIENTED_EDGE('',*,*,#3764,.T.);
#351=ORIENTED_EDGE('',*,*,#3769,.F.);
#352=ORIENTED_EDGE('',*,*,#3770,.F.);
#353=ORIENTED_EDGE('',*,*,#3771,.T.);
#354=ORIENTED_EDGE('',*,*,#3772,.T.);
#355=ORIENTED_EDGE('',*,*,#3773,.F.);
#356=ORIENTED_EDGE('',*,*,#3774,.F.);
#357=ORIENTED_EDGE('',*,*,#3775,.T.);
#358=ORIENTED_EDGE('',*,*,#3770,.T.);
#359=ORIENTED_EDGE('',*,*,#3776,.F.);
#360=ORIENTED_EDGE('',*,*,#3777,.F.);
#361=ORIENTED_EDGE('',*,*,#3778,.T.);
#362=ORIENTED_EDGE('',*,*,#3774,.T.);
#363=ORIENTED_EDGE('',*,*,#3779,.F.);
#364=ORIENTED_EDGE('',*,*,#3780,.F.);
#365=ORIENTED_EDGE('',*,*,#3781,.T.);
#366=ORIENTED_EDGE('',*,*,#3782,.T.);
#367=ORIENTED_EDGE('',*,*,#3783,.F.);
#368=ORIENTED_EDGE('',*,*,#3784,.F.);
#369=ORIENTED_EDGE('',*,*,#3785,.T.);
#370=ORIENTED_EDGE('',*,*,#3780,.T.);
#371=ORIENTED_EDGE('',*,*,#3786,.F.);
#372=ORIENTED_EDGE('',*,*,#3787,.F.);
#373=ORIENTED_EDGE('',*,*,#3788,.T.);
#374=ORIENTED_EDGE('',*,*,#3784,.T.);
#375=ORIENTED_EDGE('',*,*,#3789,.F.);
#376=ORIENTED_EDGE('',*,*,#3790,.F.);
#377=ORIENTED_EDGE('',*,*,#3791,.T.);
#378=ORIENTED_EDGE('',*,*,#3792,.T.);
#379=ORIENTED_EDGE('',*,*,#3793,.F.);
#380=ORIENTED_EDGE('',*,*,#3794,.F.);
#381=ORIENTED_EDGE('',*,*,#3795,.T.);
#382=ORIENTED_EDGE('',*,*,#3790,.T.);
#383=ORIENTED_EDGE('',*,*,#3796,.F.);
#384=ORIENTED_EDGE('',*,*,#3797,.F.);
#385=ORIENTED_EDGE('',*,*,#3798,.T.);
#386=ORIENTED_EDGE('',*,*,#3794,.T.);
#387=ORIENTED_EDGE('',*,*,#3799,.F.);
#388=ORIENTED_EDGE('',*,*,#3800,.F.);
#389=ORIENTED_EDGE('',*,*,#3801,.T.);
#390=ORIENTED_EDGE('',*,*,#3802,.T.);
#391=ORIENTED_EDGE('',*,*,#3803,.F.);
#392=ORIENTED_EDGE('',*,*,#3804,.F.);
#393=ORIENTED_EDGE('',*,*,#3805,.T.);
#394=ORIENTED_EDGE('',*,*,#3800,.T.);
#395=ORIENTED_EDGE('',*,*,#3806,.F.);
#396=ORIENTED_EDGE('',*,*,#3807,.F.);
#397=ORIENTED_EDGE('',*,*,#3808,.T.);
#398=ORIENTED_EDGE('',*,*,#3804,.T.);
#399=ORIENTED_EDGE('',*,*,#3809,.F.);
#400=ORIENTED_EDGE('',*,*,#3810,.F.);
#401=ORIENTED_EDGE('',*,*,#3811,.T.);
#402=ORIENTED_EDGE('',*,*,#3812,.T.);
#403=ORIENTED_EDGE('',*,*,#3813,.F.);
#404=ORIENTED_EDGE('',*,*,#3814,.F.);
#405=ORIENTED_EDGE('',*,*,#3815,.T.);
#406=ORIENTED_EDGE('',*,*,#3810,.T.);
#407=ORIENTED_EDGE('',*,*,#3816,.F.);
#408=ORIENTED_EDGE('',*,*,#3817,.F.);
#409=ORIENTED_EDGE('',*,*,#3818,.T.);
#410=ORIENTED_EDGE('',*,*,#3814,.T.);
#411=ORIENTED_EDGE('',*,*,#3819,.F.);
#412=ORIENTED_EDGE('',*,*,#3820,.F.);
#413=ORIENTED_EDGE('',*,*,#3821,.T.);
#414=ORIENTED_EDGE('',*,*,#3822,.T.);
#415=ORIENTED_EDGE('',*,*,#3823,.F.);
#416=ORIENTED_EDGE('',*,*,#3824,.F.);
#417=ORIENTED_EDGE('',*,*,#3825,.T.);
#418=ORIENTED_EDGE('',*,*,#3820,.T.);
#419=ORIENTED_EDGE('',*,*,#3826,.F.);
#420=ORIENTED_EDGE('',*,*,#3827,.F.);
#421=ORIENTED_EDGE('',*,*,#3828,.T.);
#422=ORIENTED_EDGE('',*,*,#3824,.T.);
#423=ORIENTED_EDGE('',*,*,#3829,.F.);
#424=ORIENTED_EDGE('',*,*,#3830,.F.);
#425=ORIENTED_EDGE('',*,*,#3831,.T.);
#426=ORIENTED_EDGE('',*,*,#3832,.T.);
#427=ORIENTED_EDGE('',*,*,#3833,.F.);
#428=ORIENTED_EDGE('',*,*,#3834,.F.);
#429=ORIENTED_EDGE('',*,*,#3835,.T.);
#430=ORIENTED_EDGE('',*,*,#3830,.T.);
#431=ORIENTED_EDGE('',*,*,#3836,.F.);
#432=ORIENTED_EDGE('',*,*,#3837,.F.);
#433=ORIENTED_EDGE('',*,*,#3838,.T.);
#434=ORIENTED_EDGE('',*,*,#3834,.T.);
#435=ORIENTED_EDGE('',*,*,#3839,.F.);
#436=ORIENTED_EDGE('',*,*,#3840,.F.);
#437=ORIENTED_EDGE('',*,*,#3841,.T.);
#438=ORIENTED_EDGE('',*,*,#3842,.T.);
#439=ORIENTED_EDGE('',*,*,#3843,.F.);
#440=ORIENTED_EDGE('',*,*,#3844,.F.);
#441=ORIENTED_EDGE('',*,*,#3845,.T.);
#442=ORIENTED_EDGE('',*,*,#3840,.T.);
#443=ORIENTED_EDGE('',*,*,#3846,.F.);
#444=ORIENTED_EDGE('',*,*,#3847,.F.);
#445=ORIENTED_EDGE('',*,*,#3848,.T.);
#446=ORIENTED_EDGE('',*,*,#3844,.T.);
#447=ORIENTED_EDGE('',*,*,#3849,.F.);
#448=ORIENTED_EDGE('',*,*,#3850,.F.);
#449=ORIENTED_EDGE('',*,*,#3851,.T.);
#450=ORIENTED_EDGE('',*,*,#3852,.T.);
#451=ORIENTED_EDGE('',*,*,#3853,.F.);
#452=ORIENTED_EDGE('',*,*,#3854,.F.);
#453=ORIENTED_EDGE('',*,*,#3855,.T.);
#454=ORIENTED_EDGE('',*,*,#3850,.T.);
#455=ORIENTED_EDGE('',*,*,#3856,.F.);
#456=ORIENTED_EDGE('',*,*,#3857,.F.);
#457=ORIENTED_EDGE('',*,*,#3858,.T.);
#458=ORIENTED_EDGE('',*,*,#3854,.T.);
#459=ORIENTED_EDGE('',*,*,#3859,.F.);
#460=ORIENTED_EDGE('',*,*,#3860,.F.);
#461=ORIENTED_EDGE('',*,*,#3861,.T.);
#462=ORIENTED_EDGE('',*,*,#3862,.T.);
#463=ORIENTED_EDGE('',*,*,#3863,.F.);
#464=ORIENTED_EDGE('',*,*,#3864,.F.);
#465=ORIENTED_EDGE('',*,*,#3865,.T.);
#466=ORIENTED_EDGE('',*,*,#3860,.T.);
#467=ORIENTED_EDGE('',*,*,#3866,.F.);
#468=ORIENTED_EDGE('',*,*,#3867,.F.);
#469=ORIENTED_EDGE('',*,*,#3868,.T.);
#470=ORIENTED_EDGE('',*,*,#3864,.T.);
#471=ORIENTED_EDGE('',*,*,#3869,.F.);
#472=ORIENTED_EDGE('',*,*,#3870,.F.);
#473=ORIENTED_EDGE('',*,*,#3871,.T.);
#474=ORIENTED_EDGE('',*,*,#3872,.T.);
#475=ORIENTED_EDGE('',*,*,#3873,.F.);
#476=ORIENTED_EDGE('',*,*,#3874,.F.);
#477=ORIENTED_EDGE('',*,*,#3875,.T.);
#478=ORIENTED_EDGE('',*,*,#3870,.T.);
#479=ORIENTED_EDGE('',*,*,#3876,.F.);
#480=ORIENTED_EDGE('',*,*,#3877,.F.);
#481=ORIENTED_EDGE('',*,*,#3878,.T.);
#482=ORIENTED_EDGE('',*,*,#3874,.T.);
#483=ORIENTED_EDGE('',*,*,#3879,.F.);
#484=ORIENTED_EDGE('',*,*,#3880,.F.);
#485=ORIENTED_EDGE('',*,*,#3881,.T.);
#486=ORIENTED_EDGE('',*,*,#3882,.T.);
#487=ORIENTED_EDGE('',*,*,#3883,.F.);
#488=ORIENTED_EDGE('',*,*,#3884,.F.);
#489=ORIENTED_EDGE('',*,*,#3885,.T.);
#490=ORIENTED_EDGE('',*,*,#3880,.T.);
#491=ORIENTED_EDGE('',*,*,#3886,.F.);
#492=ORIENTED_EDGE('',*,*,#3887,.F.);
#493=ORIENTED_EDGE('',*,*,#3888,.T.);
#494=ORIENTED_EDGE('',*,*,#3884,.T.);
#495=ORIENTED_EDGE('',*,*,#3889,.F.);
#496=ORIENTED_EDGE('',*,*,#3890,.F.);
#497=ORIENTED_EDGE('',*,*,#3891,.T.);
#498=ORIENTED_EDGE('',*,*,#3892,.T.);
#499=ORIENTED_EDGE('',*,*,#3893,.F.);
#500=ORIENTED_EDGE('',*,*,#3894,.F.);
#501=ORIENTED_EDGE('',*,*,#3895,.T.);
#502=ORIENTED_EDGE('',*,*,#3890,.T.);
#503=ORIENTED_EDGE('',*,*,#3896,.F.);
#504=ORIENTED_EDGE('',*,*,#3897,.F.);
#505=ORIENTED_EDGE('',*,*,#3898,.T.);
#506=ORIENTED_EDGE('',*,*,#3894,.T.);
#507=ORIENTED_EDGE('',*,*,#3899,.F.);
#508=ORIENTED_EDGE('',*,*,#3742,.F.);
#509=ORIENTED_EDGE('',*,*,#3900,.T.);
#510=ORIENTED_EDGE('',*,*,#3747,.T.);
#511=ORIENTED_EDGE('',*,*,#3901,.F.);
#512=ORIENTED_EDGE('',*,*,#3752,.F.);
#513=ORIENTED_EDGE('',*,*,#3902,.T.);
#514=ORIENTED_EDGE('',*,*,#3757,.T.);
#515=ORIENTED_EDGE('',*,*,#3903,.F.);
#516=ORIENTED_EDGE('',*,*,#3762,.F.);
#517=ORIENTED_EDGE('',*,*,#3904,.T.);
#518=ORIENTED_EDGE('',*,*,#3767,.T.);
#519=ORIENTED_EDGE('',*,*,#3905,.F.);
#520=ORIENTED_EDGE('',*,*,#3772,.F.);
#521=ORIENTED_EDGE('',*,*,#3906,.T.);
#522=ORIENTED_EDGE('',*,*,#3777,.T.);
#523=ORIENTED_EDGE('',*,*,#3907,.F.);
#524=ORIENTED_EDGE('',*,*,#3782,.F.);
#525=ORIENTED_EDGE('',*,*,#3908,.T.);
#526=ORIENTED_EDGE('',*,*,#3787,.T.);
#527=ORIENTED_EDGE('',*,*,#3909,.F.);
#528=ORIENTED_EDGE('',*,*,#3792,.F.);
#529=ORIENTED_EDGE('',*,*,#3910,.T.);
#530=ORIENTED_EDGE('',*,*,#3797,.T.);
#531=ORIENTED_EDGE('',*,*,#3911,.F.);
#532=ORIENTED_EDGE('',*,*,#3802,.F.);
#533=ORIENTED_EDGE('',*,*,#3912,.T.);
#534=ORIENTED_EDGE('',*,*,#3807,.T.);
#535=ORIENTED_EDGE('',*,*,#3913,.F.);
#536=ORIENTED_EDGE('',*,*,#3812,.F.);
#537=ORIENTED_EDGE('',*,*,#3914,.T.);
#538=ORIENTED_EDGE('',*,*,#3817,.T.);
#539=ORIENTED_EDGE('',*,*,#3915,.F.);
#540=ORIENTED_EDGE('',*,*,#3822,.F.);
#541=ORIENTED_EDGE('',*,*,#3916,.T.);
#542=ORIENTED_EDGE('',*,*,#3827,.T.);
#543=ORIENTED_EDGE('',*,*,#3917,.F.);
#544=ORIENTED_EDGE('',*,*,#3832,.F.);
#545=ORIENTED_EDGE('',*,*,#3918,.T.);
#546=ORIENTED_EDGE('',*,*,#3837,.T.);
#547=ORIENTED_EDGE('',*,*,#3919,.F.);
#548=ORIENTED_EDGE('',*,*,#3842,.F.);
#549=ORIENTED_EDGE('',*,*,#3920,.T.);
#550=ORIENTED_EDGE('',*,*,#3847,.T.);
#551=ORIENTED_EDGE('',*,*,#3921,.F.);
#552=ORIENTED_EDGE('',*,*,#3852,.F.);
#553=ORIENTED_EDGE('',*,*,#3922,.T.);
#554=ORIENTED_EDGE('',*,*,#3857,.T.);
#555=ORIENTED_EDGE('',*,*,#3923,.F.);
#556=ORIENTED_EDGE('',*,*,#3862,.F.);
#557=ORIENTED_EDGE('',*,*,#3924,.T.);
#558=ORIENTED_EDGE('',*,*,#3867,.T.);
#559=ORIENTED_EDGE('',*,*,#3925,.F.);
#560=ORIENTED_EDGE('',*,*,#3872,.F.);
#561=ORIENTED_EDGE('',*,*,#3926,.T.);
#562=ORIENTED_EDGE('',*,*,#3877,.T.);
#563=ORIENTED_EDGE('',*,*,#3927,.F.);
#564=ORIENTED_EDGE('',*,*,#3882,.F.);
#565=ORIENTED_EDGE('',*,*,#3928,.T.);
#566=ORIENTED_EDGE('',*,*,#3887,.T.);
#567=ORIENTED_EDGE('',*,*,#3929,.F.);
#568=ORIENTED_EDGE('',*,*,#3892,.F.);
#569=ORIENTED_EDGE('',*,*,#3930,.T.);
#570=ORIENTED_EDGE('',*,*,#3897,.T.);
#571=ORIENTED_EDGE('',*,*,#3891,.F.);
#572=ORIENTED_EDGE('',*,*,#3895,.F.);
#573=ORIENTED_EDGE('',*,*,#3898,.F.);
#574=ORIENTED_EDGE('',*,*,#3930,.F.);
#575=ORIENTED_EDGE('',*,*,#3881,.F.);
#576=ORIENTED_EDGE('',*,*,#3885,.F.);
#577=ORIENTED_EDGE('',*,*,#3888,.F.);
#578=ORIENTED_EDGE('',*,*,#3928,.F.);
#579=ORIENTED_EDGE('',*,*,#3871,.F.);
#580=ORIENTED_EDGE('',*,*,#3875,.F.);
#581=ORIENTED_EDGE('',*,*,#3878,.F.);
#582=ORIENTED_EDGE('',*,*,#3926,.F.);
#583=ORIENTED_EDGE('',*,*,#3861,.F.);
#584=ORIENTED_EDGE('',*,*,#3865,.F.);
#585=ORIENTED_EDGE('',*,*,#3868,.F.);
#586=ORIENTED_EDGE('',*,*,#3924,.F.);
#587=ORIENTED_EDGE('',*,*,#3851,.F.);
#588=ORIENTED_EDGE('',*,*,#3855,.F.);
#589=ORIENTED_EDGE('',*,*,#3858,.F.);
#590=ORIENTED_EDGE('',*,*,#3922,.F.);
#591=ORIENTED_EDGE('',*,*,#3841,.F.);
#592=ORIENTED_EDGE('',*,*,#3845,.F.);
#593=ORIENTED_EDGE('',*,*,#3848,.F.);
#594=ORIENTED_EDGE('',*,*,#3920,.F.);
#595=ORIENTED_EDGE('',*,*,#3831,.F.);
#596=ORIENTED_EDGE('',*,*,#3835,.F.);
#597=ORIENTED_EDGE('',*,*,#3838,.F.);
#598=ORIENTED_EDGE('',*,*,#3918,.F.);
#599=ORIENTED_EDGE('',*,*,#3821,.F.);
#600=ORIENTED_EDGE('',*,*,#3825,.F.);
#601=ORIENTED_EDGE('',*,*,#3828,.F.);
#602=ORIENTED_EDGE('',*,*,#3916,.F.);
#603=ORIENTED_EDGE('',*,*,#3811,.F.);
#604=ORIENTED_EDGE('',*,*,#3815,.F.);
#605=ORIENTED_EDGE('',*,*,#3818,.F.);
#606=ORIENTED_EDGE('',*,*,#3914,.F.);
#607=ORIENTED_EDGE('',*,*,#3801,.F.);
#608=ORIENTED_EDGE('',*,*,#3805,.F.);
#609=ORIENTED_EDGE('',*,*,#3808,.F.);
#610=ORIENTED_EDGE('',*,*,#3912,.F.);
#611=ORIENTED_EDGE('',*,*,#3791,.F.);
#612=ORIENTED_EDGE('',*,*,#3795,.F.);
#613=ORIENTED_EDGE('',*,*,#3798,.F.);
#614=ORIENTED_EDGE('',*,*,#3910,.F.);
#615=ORIENTED_EDGE('',*,*,#3781,.F.);
#616=ORIENTED_EDGE('',*,*,#3785,.F.);
#617=ORIENTED_EDGE('',*,*,#3788,.F.);
#618=ORIENTED_EDGE('',*,*,#3908,.F.);
#619=ORIENTED_EDGE('',*,*,#3771,.F.);
#620=ORIENTED_EDGE('',*,*,#3775,.F.);
#621=ORIENTED_EDGE('',*,*,#3778,.F.);
#622=ORIENTED_EDGE('',*,*,#3906,.F.);
#623=ORIENTED_EDGE('',*,*,#3761,.F.);
#624=ORIENTED_EDGE('',*,*,#3765,.F.);
#625=ORIENTED_EDGE('',*,*,#3768,.F.);
#626=ORIENTED_EDGE('',*,*,#3904,.F.);
#627=ORIENTED_EDGE('',*,*,#3751,.F.);
#628=ORIENTED_EDGE('',*,*,#3755,.F.);
#629=ORIENTED_EDGE('',*,*,#3758,.F.);
#630=ORIENTED_EDGE('',*,*,#3902,.F.);
#631=ORIENTED_EDGE('',*,*,#3741,.F.);
#632=ORIENTED_EDGE('',*,*,#3745,.F.);
#633=ORIENTED_EDGE('',*,*,#3748,.F.);
#634=ORIENTED_EDGE('',*,*,#3900,.F.);
#635=ORIENTED_EDGE('',*,*,#3652,.T.);
#636=ORIENTED_EDGE('',*,*,#3735,.T.);
#637=ORIENTED_EDGE('',*,*,#3656,.T.);
#638=ORIENTED_EDGE('',*,*,#3738,.T.);
#639=ORIENTED_EDGE('',*,*,#3893,.T.);
#640=ORIENTED_EDGE('',*,*,#3889,.T.);
#641=ORIENTED_EDGE('',*,*,#3929,.T.);
#642=ORIENTED_EDGE('',*,*,#3896,.T.);
#643=ORIENTED_EDGE('',*,*,#3883,.T.);
#644=ORIENTED_EDGE('',*,*,#3879,.T.);
#645=ORIENTED_EDGE('',*,*,#3927,.T.);
#646=ORIENTED_EDGE('',*,*,#3886,.T.);
#647=ORIENTED_EDGE('',*,*,#3873,.T.);
#648=ORIENTED_EDGE('',*,*,#3869,.T.);
#649=ORIENTED_EDGE('',*,*,#3925,.T.);
#650=ORIENTED_EDGE('',*,*,#3876,.T.);
#651=ORIENTED_EDGE('',*,*,#3863,.T.);
#652=ORIENTED_EDGE('',*,*,#3859,.T.);
#653=ORIENTED_EDGE('',*,*,#3923,.T.);
#654=ORIENTED_EDGE('',*,*,#3866,.T.);
#655=ORIENTED_EDGE('',*,*,#3853,.T.);
#656=ORIENTED_EDGE('',*,*,#3849,.T.);
#657=ORIENTED_EDGE('',*,*,#3921,.T.);
#658=ORIENTED_EDGE('',*,*,#3856,.T.);
#659=ORIENTED_EDGE('',*,*,#3843,.T.);
#660=ORIENTED_EDGE('',*,*,#3839,.T.);
#661=ORIENTED_EDGE('',*,*,#3919,.T.);
#662=ORIENTED_EDGE('',*,*,#3846,.T.);
#663=ORIENTED_EDGE('',*,*,#3833,.T.);
#664=ORIENTED_EDGE('',*,*,#3829,.T.);
#665=ORIENTED_EDGE('',*,*,#3917,.T.);
#666=ORIENTED_EDGE('',*,*,#3836,.T.);
#667=ORIENTED_EDGE('',*,*,#3823,.T.);
#668=ORIENTED_EDGE('',*,*,#3819,.T.);
#669=ORIENTED_EDGE('',*,*,#3915,.T.);
#670=ORIENTED_EDGE('',*,*,#3826,.T.);
#671=ORIENTED_EDGE('',*,*,#3813,.T.);
#672=ORIENTED_EDGE('',*,*,#3809,.T.);
#673=ORIENTED_EDGE('',*,*,#3913,.T.);
#674=ORIENTED_EDGE('',*,*,#3816,.T.);
#675=ORIENTED_EDGE('',*,*,#3803,.T.);
#676=ORIENTED_EDGE('',*,*,#3799,.T.);
#677=ORIENTED_EDGE('',*,*,#3911,.T.);
#678=ORIENTED_EDGE('',*,*,#3806,.T.);
#679=ORIENTED_EDGE('',*,*,#3793,.T.);
#680=ORIENTED_EDGE('',*,*,#3789,.T.);
#681=ORIENTED_EDGE('',*,*,#3909,.T.);
#682=ORIENTED_EDGE('',*,*,#3796,.T.);
#683=ORIENTED_EDGE('',*,*,#3783,.T.);
#684=ORIENTED_EDGE('',*,*,#3779,.T.);
#685=ORIENTED_EDGE('',*,*,#3907,.T.);
#686=ORIENTED_EDGE('',*,*,#3786,.T.);
#687=ORIENTED_EDGE('',*,*,#3773,.T.);
#688=ORIENTED_EDGE('',*,*,#3769,.T.);
#689=ORIENTED_EDGE('',*,*,#3905,.T.);
#690=ORIENTED_EDGE('',*,*,#3776,.T.);
#691=ORIENTED_EDGE('',*,*,#3763,.T.);
#692=ORIENTED_EDGE('',*,*,#3759,.T.);
#693=ORIENTED_EDGE('',*,*,#3903,.T.);
#694=ORIENTED_EDGE('',*,*,#3766,.T.);
#695=ORIENTED_EDGE('',*,*,#3753,.T.);
#696=ORIENTED_EDGE('',*,*,#3749,.T.);
#697=ORIENTED_EDGE('',*,*,#3901,.T.);
#698=ORIENTED_EDGE('',*,*,#3756,.T.);
#699=ORIENTED_EDGE('',*,*,#3743,.T.);
#700=ORIENTED_EDGE('',*,*,#3739,.T.);
#701=ORIENTED_EDGE('',*,*,#3899,.T.);
#702=ORIENTED_EDGE('',*,*,#3746,.T.);
#703=ORIENTED_EDGE('',*,*,#3931,.F.);
#704=ORIENTED_EDGE('',*,*,#3730,.F.);
#705=ORIENTED_EDGE('',*,*,#3932,.T.);
#706=ORIENTED_EDGE('',*,*,#3646,.F.);
#707=ORIENTED_EDGE('',*,*,#3933,.F.);
#708=ORIENTED_EDGE('',*,*,#3727,.F.);
#709=ORIENTED_EDGE('',*,*,#3934,.T.);
#710=ORIENTED_EDGE('',*,*,#3643,.F.);
#711=ORIENTED_EDGE('',*,*,#3935,.F.);
#712=ORIENTED_EDGE('',*,*,#3724,.F.);
#713=ORIENTED_EDGE('',*,*,#3936,.T.);
#714=ORIENTED_EDGE('',*,*,#3640,.F.);
#715=ORIENTED_EDGE('',*,*,#3937,.F.);
#716=ORIENTED_EDGE('',*,*,#3721,.F.);
#717=ORIENTED_EDGE('',*,*,#3938,.T.);
#718=ORIENTED_EDGE('',*,*,#3637,.F.);
#719=ORIENTED_EDGE('',*,*,#3939,.F.);
#720=ORIENTED_EDGE('',*,*,#3718,.F.);
#721=ORIENTED_EDGE('',*,*,#3940,.T.);
#722=ORIENTED_EDGE('',*,*,#3634,.F.);
#723=ORIENTED_EDGE('',*,*,#3941,.F.);
#724=ORIENTED_EDGE('',*,*,#3715,.F.);
#725=ORIENTED_EDGE('',*,*,#3942,.T.);
#726=ORIENTED_EDGE('',*,*,#3631,.F.);
#727=ORIENTED_EDGE('',*,*,#3943,.F.);
#728=ORIENTED_EDGE('',*,*,#3712,.F.);
#729=ORIENTED_EDGE('',*,*,#3944,.T.);
#730=ORIENTED_EDGE('',*,*,#3628,.F.);
#731=ORIENTED_EDGE('',*,*,#3945,.F.);
#732=ORIENTED_EDGE('',*,*,#3708,.F.);
#733=ORIENTED_EDGE('',*,*,#3737,.T.);
#734=ORIENTED_EDGE('',*,*,#3682,.T.);
#735=ORIENTED_EDGE('',*,*,#3946,.F.);
#736=ORIENTED_EDGE('',*,*,#3680,.T.);
#737=ORIENTED_EDGE('',*,*,#3947,.T.);
#738=ORIENTED_EDGE('',*,*,#3684,.T.);
#739=ORIENTED_EDGE('',*,*,#3948,.F.);
#740=ORIENTED_EDGE('',*,*,#3677,.T.);
#741=ORIENTED_EDGE('',*,*,#3949,.T.);
#742=ORIENTED_EDGE('',*,*,#3687,.T.);
#743=ORIENTED_EDGE('',*,*,#3950,.F.);
#744=ORIENTED_EDGE('',*,*,#3674,.T.);
#745=ORIENTED_EDGE('',*,*,#3951,.T.);
#746=ORIENTED_EDGE('',*,*,#3690,.T.);
#747=ORIENTED_EDGE('',*,*,#3952,.F.);
#748=ORIENTED_EDGE('',*,*,#3671,.T.);
#749=ORIENTED_EDGE('',*,*,#3953,.T.);
#750=ORIENTED_EDGE('',*,*,#3693,.T.);
#751=ORIENTED_EDGE('',*,*,#3954,.F.);
#752=ORIENTED_EDGE('',*,*,#3668,.T.);
#753=ORIENTED_EDGE('',*,*,#3955,.T.);
#754=ORIENTED_EDGE('',*,*,#3696,.T.);
#755=ORIENTED_EDGE('',*,*,#3956,.F.);
#756=ORIENTED_EDGE('',*,*,#3665,.T.);
#757=ORIENTED_EDGE('',*,*,#3957,.T.);
#758=ORIENTED_EDGE('',*,*,#3699,.T.);
#759=ORIENTED_EDGE('',*,*,#3958,.F.);
#760=ORIENTED_EDGE('',*,*,#3662,.T.);
#761=ORIENTED_EDGE('',*,*,#3959,.T.);
#762=ORIENTED_EDGE('',*,*,#3702,.T.);
#763=ORIENTED_EDGE('',*,*,#3960,.F.);
#764=ORIENTED_EDGE('',*,*,#3659,.T.);
#765=ORIENTED_EDGE('',*,*,#3961,.T.);
#766=ORIENTED_EDGE('',*,*,#3705,.T.);
#767=ORIENTED_EDGE('',*,*,#3736,.F.);
#768=ORIENTED_EDGE('',*,*,#3733,.F.);
#769=ORIENTED_EDGE('',*,*,#3962,.T.);
#770=ORIENTED_EDGE('',*,*,#3649,.F.);
#771=ORIENTED_EDGE('',*,*,#3623,.T.);
#772=ORIENTED_EDGE('',*,*,#3650,.F.);
#773=ORIENTED_EDGE('',*,*,#3962,.F.);
#774=ORIENTED_EDGE('',*,*,#3732,.F.);
#775=ORIENTED_EDGE('',*,*,#3931,.T.);
#776=ORIENTED_EDGE('',*,*,#3648,.F.);
#777=ORIENTED_EDGE('',*,*,#3621,.F.);
#778=ORIENTED_EDGE('',*,*,#3731,.F.);
#779=ORIENTED_EDGE('',*,*,#3619,.T.);
#780=ORIENTED_EDGE('',*,*,#3647,.F.);
#781=ORIENTED_EDGE('',*,*,#3932,.F.);
#782=ORIENTED_EDGE('',*,*,#3729,.F.);
#783=ORIENTED_EDGE('',*,*,#3933,.T.);
#784=ORIENTED_EDGE('',*,*,#3645,.F.);
#785=ORIENTED_EDGE('',*,*,#3617,.F.);
#786=ORIENTED_EDGE('',*,*,#3728,.F.);
#787=ORIENTED_EDGE('',*,*,#3615,.T.);
#788=ORIENTED_EDGE('',*,*,#3644,.F.);
#789=ORIENTED_EDGE('',*,*,#3934,.F.);
#790=ORIENTED_EDGE('',*,*,#3726,.F.);
#791=ORIENTED_EDGE('',*,*,#3935,.T.);
#792=ORIENTED_EDGE('',*,*,#3642,.F.);
#793=ORIENTED_EDGE('',*,*,#3613,.F.);
#794=ORIENTED_EDGE('',*,*,#3725,.F.);
#795=ORIENTED_EDGE('',*,*,#3611,.T.);
#796=ORIENTED_EDGE('',*,*,#3641,.F.);
#797=ORIENTED_EDGE('',*,*,#3936,.F.);
#798=ORIENTED_EDGE('',*,*,#3723,.F.);
#799=ORIENTED_EDGE('',*,*,#3937,.T.);
#800=ORIENTED_EDGE('',*,*,#3639,.F.);
#801=ORIENTED_EDGE('',*,*,#3609,.F.);
#802=ORIENTED_EDGE('',*,*,#3722,.F.);
#803=ORIENTED_EDGE('',*,*,#3607,.T.);
#804=ORIENTED_EDGE('',*,*,#3638,.F.);
#805=ORIENTED_EDGE('',*,*,#3938,.F.);
#806=ORIENTED_EDGE('',*,*,#3720,.F.);
#807=ORIENTED_EDGE('',*,*,#3939,.T.);
#808=ORIENTED_EDGE('',*,*,#3636,.F.);
#809=ORIENTED_EDGE('',*,*,#3605,.F.);
#810=ORIENTED_EDGE('',*,*,#3719,.F.);
#811=ORIENTED_EDGE('',*,*,#3603,.T.);
#812=ORIENTED_EDGE('',*,*,#3635,.F.);
#813=ORIENTED_EDGE('',*,*,#3940,.F.);
#814=ORIENTED_EDGE('',*,*,#3717,.F.);
#815=ORIENTED_EDGE('',*,*,#3941,.T.);
#816=ORIENTED_EDGE('',*,*,#3633,.F.);
#817=ORIENTED_EDGE('',*,*,#3601,.F.);
#818=ORIENTED_EDGE('',*,*,#3716,.F.);
#819=ORIENTED_EDGE('',*,*,#3599,.T.);
#820=ORIENTED_EDGE('',*,*,#3632,.F.);
#821=ORIENTED_EDGE('',*,*,#3942,.F.);
#822=ORIENTED_EDGE('',*,*,#3714,.F.);
#823=ORIENTED_EDGE('',*,*,#3943,.T.);
#824=ORIENTED_EDGE('',*,*,#3630,.F.);
#825=ORIENTED_EDGE('',*,*,#3597,.F.);
#826=ORIENTED_EDGE('',*,*,#3713,.F.);
#827=ORIENTED_EDGE('',*,*,#3595,.T.);
#828=ORIENTED_EDGE('',*,*,#3629,.F.);
#829=ORIENTED_EDGE('',*,*,#3944,.F.);
#830=ORIENTED_EDGE('',*,*,#3711,.F.);
#831=ORIENTED_EDGE('',*,*,#3945,.T.);
#832=ORIENTED_EDGE('',*,*,#3627,.F.);
#833=ORIENTED_EDGE('',*,*,#3591,.F.);
#834=ORIENTED_EDGE('',*,*,#3709,.F.);
#835=ORIENTED_EDGE('',*,*,#3961,.F.);
#836=ORIENTED_EDGE('',*,*,#3658,.T.);
#837=ORIENTED_EDGE('',*,*,#3587,.T.);
#838=ORIENTED_EDGE('',*,*,#3706,.F.);
#839=ORIENTED_EDGE('',*,*,#3585,.F.);
#840=ORIENTED_EDGE('',*,*,#3660,.T.);
#841=ORIENTED_EDGE('',*,*,#3960,.T.);
#842=ORIENTED_EDGE('',*,*,#3704,.F.);
#843=ORIENTED_EDGE('',*,*,#3959,.F.);
#844=ORIENTED_EDGE('',*,*,#3661,.T.);
#845=ORIENTED_EDGE('',*,*,#3583,.T.);
#846=ORIENTED_EDGE('',*,*,#3703,.F.);
#847=ORIENTED_EDGE('',*,*,#3581,.F.);
#848=ORIENTED_EDGE('',*,*,#3663,.T.);
#849=ORIENTED_EDGE('',*,*,#3958,.T.);
#850=ORIENTED_EDGE('',*,*,#3701,.F.);
#851=ORIENTED_EDGE('',*,*,#3957,.F.);
#852=ORIENTED_EDGE('',*,*,#3664,.T.);
#853=ORIENTED_EDGE('',*,*,#3579,.T.);
#854=ORIENTED_EDGE('',*,*,#3700,.F.);
#855=ORIENTED_EDGE('',*,*,#3577,.F.);
#856=ORIENTED_EDGE('',*,*,#3666,.T.);
#857=ORIENTED_EDGE('',*,*,#3956,.T.);
#858=ORIENTED_EDGE('',*,*,#3698,.F.);
#859=ORIENTED_EDGE('',*,*,#3955,.F.);
#860=ORIENTED_EDGE('',*,*,#3667,.T.);
#861=ORIENTED_EDGE('',*,*,#3575,.T.);
#862=ORIENTED_EDGE('',*,*,#3697,.F.);
#863=ORIENTED_EDGE('',*,*,#3573,.F.);
#864=ORIENTED_EDGE('',*,*,#3669,.T.);
#865=ORIENTED_EDGE('',*,*,#3954,.T.);
#866=ORIENTED_EDGE('',*,*,#3695,.F.);
#867=ORIENTED_EDGE('',*,*,#3953,.F.);
#868=ORIENTED_EDGE('',*,*,#3670,.T.);
#869=ORIENTED_EDGE('',*,*,#3571,.T.);
#870=ORIENTED_EDGE('',*,*,#3694,.F.);
#871=ORIENTED_EDGE('',*,*,#3569,.F.);
#872=ORIENTED_EDGE('',*,*,#3672,.T.);
#873=ORIENTED_EDGE('',*,*,#3952,.T.);
#874=ORIENTED_EDGE('',*,*,#3692,.F.);
#875=ORIENTED_EDGE('',*,*,#3951,.F.);
#876=ORIENTED_EDGE('',*,*,#3673,.T.);
#877=ORIENTED_EDGE('',*,*,#3567,.T.);
#878=ORIENTED_EDGE('',*,*,#3691,.F.);
#879=ORIENTED_EDGE('',*,*,#3565,.F.);
#880=ORIENTED_EDGE('',*,*,#3675,.T.);
#881=ORIENTED_EDGE('',*,*,#3950,.T.);
#882=ORIENTED_EDGE('',*,*,#3689,.F.);
#883=ORIENTED_EDGE('',*,*,#3949,.F.);
#884=ORIENTED_EDGE('',*,*,#3676,.T.);
#885=ORIENTED_EDGE('',*,*,#3563,.T.);
#886=ORIENTED_EDGE('',*,*,#3688,.F.);
#887=ORIENTED_EDGE('',*,*,#3561,.F.);
#888=ORIENTED_EDGE('',*,*,#3678,.T.);
#889=ORIENTED_EDGE('',*,*,#3948,.T.);
#890=ORIENTED_EDGE('',*,*,#3686,.F.);
#891=ORIENTED_EDGE('',*,*,#3555,.F.);
#892=ORIENTED_EDGE('',*,*,#3654,.T.);
#893=ORIENTED_EDGE('',*,*,#3946,.T.);
#894=ORIENTED_EDGE('',*,*,#3681,.F.);
#895=ORIENTED_EDGE('',*,*,#3947,.F.);
#896=ORIENTED_EDGE('',*,*,#3679,.T.);
#897=ORIENTED_EDGE('',*,*,#3559,.T.);
#898=ORIENTED_EDGE('',*,*,#3685,.F.);
#899=ORIENTED_EDGE('',*,*,#3963,.F.);
#900=ORIENTED_EDGE('',*,*,#3964,.T.);
#901=ORIENTED_EDGE('',*,*,#3965,.T.);
#902=ORIENTED_EDGE('',*,*,#3966,.F.);
#903=ORIENTED_EDGE('',*,*,#3967,.F.);
#904=ORIENTED_EDGE('',*,*,#3966,.T.);
#905=ORIENTED_EDGE('',*,*,#3968,.T.);
#906=ORIENTED_EDGE('',*,*,#3969,.F.);
#907=ORIENTED_EDGE('',*,*,#3970,.F.);
#908=ORIENTED_EDGE('',*,*,#3969,.T.);
#909=ORIENTED_EDGE('',*,*,#3971,.T.);
#910=ORIENTED_EDGE('',*,*,#3972,.F.);
#911=ORIENTED_EDGE('',*,*,#3973,.F.);
#912=ORIENTED_EDGE('',*,*,#3972,.T.);
#913=ORIENTED_EDGE('',*,*,#3974,.T.);
#914=ORIENTED_EDGE('',*,*,#3964,.F.);
#915=ORIENTED_EDGE('',*,*,#3975,.F.);
#916=ORIENTED_EDGE('',*,*,#3976,.T.);
#917=ORIENTED_EDGE('',*,*,#3977,.T.);
#918=ORIENTED_EDGE('',*,*,#3978,.F.);
#919=ORIENTED_EDGE('',*,*,#3979,.F.);
#920=ORIENTED_EDGE('',*,*,#3980,.T.);
#921=ORIENTED_EDGE('',*,*,#3981,.T.);
#922=ORIENTED_EDGE('',*,*,#3982,.F.);
#923=ORIENTED_EDGE('',*,*,#3983,.F.);
#924=ORIENTED_EDGE('',*,*,#3984,.T.);
#925=ORIENTED_EDGE('',*,*,#3985,.T.);
#926=ORIENTED_EDGE('',*,*,#3986,.F.);
#927=ORIENTED_EDGE('',*,*,#3987,.F.);
#928=ORIENTED_EDGE('',*,*,#3988,.T.);
#929=ORIENTED_EDGE('',*,*,#3989,.T.);
#930=ORIENTED_EDGE('',*,*,#3990,.F.);
#931=ORIENTED_EDGE('',*,*,#3991,.F.);
#932=ORIENTED_EDGE('',*,*,#3992,.T.);
#933=ORIENTED_EDGE('',*,*,#3993,.T.);
#934=ORIENTED_EDGE('',*,*,#3994,.F.);
#935=ORIENTED_EDGE('',*,*,#3995,.F.);
#936=ORIENTED_EDGE('',*,*,#3996,.T.);
#937=ORIENTED_EDGE('',*,*,#3997,.T.);
#938=ORIENTED_EDGE('',*,*,#3998,.F.);
#939=ORIENTED_EDGE('',*,*,#3999,.F.);
#940=ORIENTED_EDGE('',*,*,#4000,.T.);
#941=ORIENTED_EDGE('',*,*,#4001,.T.);
#942=ORIENTED_EDGE('',*,*,#4002,.F.);
#943=ORIENTED_EDGE('',*,*,#4003,.F.);
#944=ORIENTED_EDGE('',*,*,#4004,.T.);
#945=ORIENTED_EDGE('',*,*,#4005,.T.);
#946=ORIENTED_EDGE('',*,*,#4006,.F.);
#947=ORIENTED_EDGE('',*,*,#4007,.F.);
#948=ORIENTED_EDGE('',*,*,#4008,.T.);
#949=ORIENTED_EDGE('',*,*,#4009,.T.);
#950=ORIENTED_EDGE('',*,*,#4010,.F.);
#951=ORIENTED_EDGE('',*,*,#4011,.F.);
#952=ORIENTED_EDGE('',*,*,#4012,.T.);
#953=ORIENTED_EDGE('',*,*,#4013,.T.);
#954=ORIENTED_EDGE('',*,*,#4014,.F.);
#955=ORIENTED_EDGE('',*,*,#4015,.F.);
#956=ORIENTED_EDGE('',*,*,#4016,.T.);
#957=ORIENTED_EDGE('',*,*,#4017,.T.);
#958=ORIENTED_EDGE('',*,*,#4018,.F.);
#959=ORIENTED_EDGE('',*,*,#4019,.F.);
#960=ORIENTED_EDGE('',*,*,#4020,.T.);
#961=ORIENTED_EDGE('',*,*,#4021,.T.);
#962=ORIENTED_EDGE('',*,*,#4022,.F.);
#963=ORIENTED_EDGE('',*,*,#4023,.F.);
#964=ORIENTED_EDGE('',*,*,#4024,.T.);
#965=ORIENTED_EDGE('',*,*,#4025,.T.);
#966=ORIENTED_EDGE('',*,*,#4026,.F.);
#967=ORIENTED_EDGE('',*,*,#4027,.F.);
#968=ORIENTED_EDGE('',*,*,#4028,.T.);
#969=ORIENTED_EDGE('',*,*,#4029,.T.);
#970=ORIENTED_EDGE('',*,*,#4030,.F.);
#971=ORIENTED_EDGE('',*,*,#4031,.F.);
#972=ORIENTED_EDGE('',*,*,#4032,.T.);
#973=ORIENTED_EDGE('',*,*,#4033,.T.);
#974=ORIENTED_EDGE('',*,*,#4034,.F.);
#975=ORIENTED_EDGE('',*,*,#4035,.F.);
#976=ORIENTED_EDGE('',*,*,#4036,.T.);
#977=ORIENTED_EDGE('',*,*,#4037,.T.);
#978=ORIENTED_EDGE('',*,*,#4038,.F.);
#979=ORIENTED_EDGE('',*,*,#4039,.F.);
#980=ORIENTED_EDGE('',*,*,#4040,.F.);
#981=ORIENTED_EDGE('',*,*,#4041,.T.);
#982=ORIENTED_EDGE('',*,*,#4042,.F.);
#983=ORIENTED_EDGE('',*,*,#4043,.F.);
#984=ORIENTED_EDGE('',*,*,#4044,.F.);
#985=ORIENTED_EDGE('',*,*,#4045,.T.);
#986=ORIENTED_EDGE('',*,*,#4046,.F.);
#987=ORIENTED_EDGE('',*,*,#4047,.F.);
#988=ORIENTED_EDGE('',*,*,#4048,.F.);
#989=ORIENTED_EDGE('',*,*,#4049,.T.);
#990=ORIENTED_EDGE('',*,*,#4050,.F.);
#991=ORIENTED_EDGE('',*,*,#4051,.F.);
#992=ORIENTED_EDGE('',*,*,#4052,.F.);
#993=ORIENTED_EDGE('',*,*,#4053,.T.);
#994=ORIENTED_EDGE('',*,*,#4054,.F.);
#995=ORIENTED_EDGE('',*,*,#4055,.F.);
#996=ORIENTED_EDGE('',*,*,#4056,.F.);
#997=ORIENTED_EDGE('',*,*,#4057,.T.);
#998=ORIENTED_EDGE('',*,*,#4058,.F.);
#999=ORIENTED_EDGE('',*,*,#4059,.F.);
#1000=ORIENTED_EDGE('',*,*,#4060,.F.);
#1001=ORIENTED_EDGE('',*,*,#4061,.T.);
#1002=ORIENTED_EDGE('',*,*,#4062,.F.);
#1003=ORIENTED_EDGE('',*,*,#4063,.F.);
#1004=ORIENTED_EDGE('',*,*,#4064,.F.);
#1005=ORIENTED_EDGE('',*,*,#4065,.T.);
#1006=ORIENTED_EDGE('',*,*,#4066,.F.);
#1007=ORIENTED_EDGE('',*,*,#4067,.F.);
#1008=ORIENTED_EDGE('',*,*,#4068,.F.);
#1009=ORIENTED_EDGE('',*,*,#4069,.T.);
#1010=ORIENTED_EDGE('',*,*,#4070,.F.);
#1011=ORIENTED_EDGE('',*,*,#4071,.F.);
#1012=ORIENTED_EDGE('',*,*,#4072,.F.);
#1013=ORIENTED_EDGE('',*,*,#4073,.T.);
#1014=ORIENTED_EDGE('',*,*,#4074,.F.);
#1015=ORIENTED_EDGE('',*,*,#4075,.F.);
#1016=ORIENTED_EDGE('',*,*,#4076,.F.);
#1017=ORIENTED_EDGE('',*,*,#4077,.T.);
#1018=ORIENTED_EDGE('',*,*,#4078,.F.);
#1019=ORIENTED_EDGE('',*,*,#4079,.F.);
#1020=ORIENTED_EDGE('',*,*,#4080,.F.);
#1021=ORIENTED_EDGE('',*,*,#4081,.T.);
#1022=ORIENTED_EDGE('',*,*,#4082,.F.);
#1023=ORIENTED_EDGE('',*,*,#4083,.F.);
#1024=ORIENTED_EDGE('',*,*,#4084,.F.);
#1025=ORIENTED_EDGE('',*,*,#4085,.T.);
#1026=ORIENTED_EDGE('',*,*,#4086,.F.);
#1027=ORIENTED_EDGE('',*,*,#4087,.F.);
#1028=ORIENTED_EDGE('',*,*,#4088,.F.);
#1029=ORIENTED_EDGE('',*,*,#4089,.T.);
#1030=ORIENTED_EDGE('',*,*,#4090,.F.);
#1031=ORIENTED_EDGE('',*,*,#4091,.F.);
#1032=ORIENTED_EDGE('',*,*,#4092,.F.);
#1033=ORIENTED_EDGE('',*,*,#4093,.T.);
#1034=ORIENTED_EDGE('',*,*,#4094,.F.);
#1035=ORIENTED_EDGE('',*,*,#4095,.F.);
#1036=ORIENTED_EDGE('',*,*,#4096,.F.);
#1037=ORIENTED_EDGE('',*,*,#4097,.T.);
#1038=ORIENTED_EDGE('',*,*,#4098,.F.);
#1039=ORIENTED_EDGE('',*,*,#4099,.F.);
#1040=ORIENTED_EDGE('',*,*,#4100,.F.);
#1041=ORIENTED_EDGE('',*,*,#4101,.T.);
#1042=ORIENTED_EDGE('',*,*,#4102,.F.);
#1043=ORIENTED_EDGE('',*,*,#4103,.F.);
#1044=ORIENTED_EDGE('',*,*,#4104,.F.);
#1045=ORIENTED_EDGE('',*,*,#4105,.F.);
#1046=ORIENTED_EDGE('',*,*,#4106,.F.);
#1047=ORIENTED_EDGE('',*,*,#4107,.F.);
#1048=ORIENTED_EDGE('',*,*,#4108,.F.);
#1049=ORIENTED_EDGE('',*,*,#4109,.F.);
#1050=ORIENTED_EDGE('',*,*,#4110,.F.);
#1051=ORIENTED_EDGE('',*,*,#4111,.F.);
#1052=ORIENTED_EDGE('',*,*,#4112,.F.);
#1053=ORIENTED_EDGE('',*,*,#4113,.F.);
#1054=ORIENTED_EDGE('',*,*,#4114,.F.);
#1055=ORIENTED_EDGE('',*,*,#4115,.F.);
#1056=ORIENTED_EDGE('',*,*,#4116,.F.);
#1057=ORIENTED_EDGE('',*,*,#4117,.F.);
#1058=ORIENTED_EDGE('',*,*,#4118,.F.);
#1059=ORIENTED_EDGE('',*,*,#4119,.F.);
#1060=ORIENTED_EDGE('',*,*,#4120,.F.);
#1061=ORIENTED_EDGE('',*,*,#4121,.F.);
#1062=ORIENTED_EDGE('',*,*,#4122,.F.);
#1063=ORIENTED_EDGE('',*,*,#4123,.F.);
#1064=ORIENTED_EDGE('',*,*,#4124,.F.);
#1065=ORIENTED_EDGE('',*,*,#4125,.F.);
#1066=ORIENTED_EDGE('',*,*,#4126,.F.);
#1067=ORIENTED_EDGE('',*,*,#4127,.F.);
#1068=ORIENTED_EDGE('',*,*,#4128,.F.);
#1069=ORIENTED_EDGE('',*,*,#4129,.F.);
#1070=ORIENTED_EDGE('',*,*,#4130,.F.);
#1071=ORIENTED_EDGE('',*,*,#4131,.F.);
#1072=ORIENTED_EDGE('',*,*,#4132,.F.);
#1073=ORIENTED_EDGE('',*,*,#4133,.F.);
#1074=ORIENTED_EDGE('',*,*,#4134,.F.);
#1075=ORIENTED_EDGE('',*,*,#4135,.F.);
#1076=ORIENTED_EDGE('',*,*,#4136,.F.);
#1077=ORIENTED_EDGE('',*,*,#4137,.F.);
#1078=ORIENTED_EDGE('',*,*,#4138,.F.);
#1079=ORIENTED_EDGE('',*,*,#4139,.F.);
#1080=ORIENTED_EDGE('',*,*,#4140,.F.);
#1081=ORIENTED_EDGE('',*,*,#4141,.F.);
#1082=ORIENTED_EDGE('',*,*,#4142,.F.);
#1083=ORIENTED_EDGE('',*,*,#4143,.F.);
#1084=ORIENTED_EDGE('',*,*,#4144,.F.);
#1085=ORIENTED_EDGE('',*,*,#4145,.F.);
#1086=ORIENTED_EDGE('',*,*,#4146,.F.);
#1087=ORIENTED_EDGE('',*,*,#4147,.F.);
#1088=ORIENTED_EDGE('',*,*,#4148,.F.);
#1089=ORIENTED_EDGE('',*,*,#4149,.F.);
#1090=ORIENTED_EDGE('',*,*,#4150,.F.);
#1091=ORIENTED_EDGE('',*,*,#4151,.F.);
#1092=ORIENTED_EDGE('',*,*,#4152,.F.);
#1093=ORIENTED_EDGE('',*,*,#4153,.F.);
#1094=ORIENTED_EDGE('',*,*,#4154,.F.);
#1095=ORIENTED_EDGE('',*,*,#4155,.F.);
#1096=ORIENTED_EDGE('',*,*,#4156,.F.);
#1097=ORIENTED_EDGE('',*,*,#4157,.F.);
#1098=ORIENTED_EDGE('',*,*,#4158,.F.);
#1099=ORIENTED_EDGE('',*,*,#4159,.F.);
#1100=ORIENTED_EDGE('',*,*,#4160,.F.);
#1101=ORIENTED_EDGE('',*,*,#4161,.F.);
#1102=ORIENTED_EDGE('',*,*,#4162,.F.);
#1103=ORIENTED_EDGE('',*,*,#4163,.F.);
#1104=ORIENTED_EDGE('',*,*,#4164,.F.);
#1105=ORIENTED_EDGE('',*,*,#4165,.F.);
#1106=ORIENTED_EDGE('',*,*,#4166,.F.);
#1107=ORIENTED_EDGE('',*,*,#4164,.T.);
#1108=ORIENTED_EDGE('',*,*,#4167,.T.);
#1109=ORIENTED_EDGE('',*,*,#4168,.T.);
#1110=ORIENTED_EDGE('',*,*,#4169,.T.);
#1111=ORIENTED_EDGE('',*,*,#4170,.F.);
#1112=ORIENTED_EDGE('',*,*,#4171,.T.);
#1113=ORIENTED_EDGE('',*,*,#4166,.T.);
#1114=ORIENTED_EDGE('',*,*,#4172,.T.);
#1115=ORIENTED_EDGE('',*,*,#4160,.T.);
#1116=ORIENTED_EDGE('',*,*,#4173,.T.);
#1117=ORIENTED_EDGE('',*,*,#4174,.T.);
#1118=ORIENTED_EDGE('',*,*,#4175,.T.);
#1119=ORIENTED_EDGE('',*,*,#4176,.F.);
#1120=ORIENTED_EDGE('',*,*,#4177,.T.);
#1121=ORIENTED_EDGE('',*,*,#4162,.T.);
#1122=ORIENTED_EDGE('',*,*,#4178,.T.);
#1123=ORIENTED_EDGE('',*,*,#4156,.T.);
#1124=ORIENTED_EDGE('',*,*,#4179,.T.);
#1125=ORIENTED_EDGE('',*,*,#4180,.T.);
#1126=ORIENTED_EDGE('',*,*,#4181,.T.);
#1127=ORIENTED_EDGE('',*,*,#4182,.F.);
#1128=ORIENTED_EDGE('',*,*,#4183,.T.);
#1129=ORIENTED_EDGE('',*,*,#4158,.T.);
#1130=ORIENTED_EDGE('',*,*,#4184,.T.);
#1131=ORIENTED_EDGE('',*,*,#4152,.T.);
#1132=ORIENTED_EDGE('',*,*,#4185,.T.);
#1133=ORIENTED_EDGE('',*,*,#4186,.T.);
#1134=ORIENTED_EDGE('',*,*,#4187,.T.);
#1135=ORIENTED_EDGE('',*,*,#4188,.F.);
#1136=ORIENTED_EDGE('',*,*,#4189,.T.);
#1137=ORIENTED_EDGE('',*,*,#4154,.T.);
#1138=ORIENTED_EDGE('',*,*,#4190,.T.);
#1139=ORIENTED_EDGE('',*,*,#4148,.T.);
#1140=ORIENTED_EDGE('',*,*,#4191,.T.);
#1141=ORIENTED_EDGE('',*,*,#4192,.T.);
#1142=ORIENTED_EDGE('',*,*,#4193,.T.);
#1143=ORIENTED_EDGE('',*,*,#4194,.F.);
#1144=ORIENTED_EDGE('',*,*,#4195,.T.);
#1145=ORIENTED_EDGE('',*,*,#4150,.T.);
#1146=ORIENTED_EDGE('',*,*,#4196,.T.);
#1147=ORIENTED_EDGE('',*,*,#4144,.T.);
#1148=ORIENTED_EDGE('',*,*,#4197,.T.);
#1149=ORIENTED_EDGE('',*,*,#4198,.T.);
#1150=ORIENTED_EDGE('',*,*,#4199,.T.);
#1151=ORIENTED_EDGE('',*,*,#4200,.F.);
#1152=ORIENTED_EDGE('',*,*,#4201,.T.);
#1153=ORIENTED_EDGE('',*,*,#4146,.T.);
#1154=ORIENTED_EDGE('',*,*,#4202,.T.);
#1155=ORIENTED_EDGE('',*,*,#4140,.T.);
#1156=ORIENTED_EDGE('',*,*,#4203,.T.);
#1157=ORIENTED_EDGE('',*,*,#4204,.T.);
#1158=ORIENTED_EDGE('',*,*,#4205,.T.);
#1159=ORIENTED_EDGE('',*,*,#4206,.F.);
#1160=ORIENTED_EDGE('',*,*,#4207,.T.);
#1161=ORIENTED_EDGE('',*,*,#4142,.T.);
#1162=ORIENTED_EDGE('',*,*,#4208,.T.);
#1163=ORIENTED_EDGE('',*,*,#4136,.T.);
#1164=ORIENTED_EDGE('',*,*,#4209,.T.);
#1165=ORIENTED_EDGE('',*,*,#4210,.T.);
#1166=ORIENTED_EDGE('',*,*,#4211,.T.);
#1167=ORIENTED_EDGE('',*,*,#4212,.F.);
#1168=ORIENTED_EDGE('',*,*,#4213,.T.);
#1169=ORIENTED_EDGE('',*,*,#4138,.T.);
#1170=ORIENTED_EDGE('',*,*,#4214,.T.);
#1171=ORIENTED_EDGE('',*,*,#4132,.T.);
#1172=ORIENTED_EDGE('',*,*,#4215,.T.);
#1173=ORIENTED_EDGE('',*,*,#4216,.T.);
#1174=ORIENTED_EDGE('',*,*,#4217,.T.);
#1175=ORIENTED_EDGE('',*,*,#4218,.F.);
#1176=ORIENTED_EDGE('',*,*,#4219,.T.);
#1177=ORIENTED_EDGE('',*,*,#4134,.T.);
#1178=ORIENTED_EDGE('',*,*,#4220,.T.);
#1179=ORIENTED_EDGE('',*,*,#4128,.T.);
#1180=ORIENTED_EDGE('',*,*,#4221,.T.);
#1181=ORIENTED_EDGE('',*,*,#4222,.T.);
#1182=ORIENTED_EDGE('',*,*,#4223,.T.);
#1183=ORIENTED_EDGE('',*,*,#4224,.F.);
#1184=ORIENTED_EDGE('',*,*,#4225,.T.);
#1185=ORIENTED_EDGE('',*,*,#4130,.T.);
#1186=ORIENTED_EDGE('',*,*,#4226,.T.);
#1187=ORIENTED_EDGE('',*,*,#4124,.T.);
#1188=ORIENTED_EDGE('',*,*,#4227,.T.);
#1189=ORIENTED_EDGE('',*,*,#4228,.T.);
#1190=ORIENTED_EDGE('',*,*,#4229,.T.);
#1191=ORIENTED_EDGE('',*,*,#4230,.F.);
#1192=ORIENTED_EDGE('',*,*,#4231,.T.);
#1193=ORIENTED_EDGE('',*,*,#4126,.T.);
#1194=ORIENTED_EDGE('',*,*,#4232,.T.);
#1195=ORIENTED_EDGE('',*,*,#4120,.T.);
#1196=ORIENTED_EDGE('',*,*,#4233,.T.);
#1197=ORIENTED_EDGE('',*,*,#4234,.T.);
#1198=ORIENTED_EDGE('',*,*,#4235,.T.);
#1199=ORIENTED_EDGE('',*,*,#4236,.F.);
#1200=ORIENTED_EDGE('',*,*,#4237,.T.);
#1201=ORIENTED_EDGE('',*,*,#4122,.T.);
#1202=ORIENTED_EDGE('',*,*,#4238,.T.);
#1203=ORIENTED_EDGE('',*,*,#4116,.T.);
#1204=ORIENTED_EDGE('',*,*,#4239,.T.);
#1205=ORIENTED_EDGE('',*,*,#4240,.T.);
#1206=ORIENTED_EDGE('',*,*,#4241,.T.);
#1207=ORIENTED_EDGE('',*,*,#4242,.F.);
#1208=ORIENTED_EDGE('',*,*,#4243,.T.);
#1209=ORIENTED_EDGE('',*,*,#4118,.T.);
#1210=ORIENTED_EDGE('',*,*,#4244,.T.);
#1211=ORIENTED_EDGE('',*,*,#4112,.T.);
#1212=ORIENTED_EDGE('',*,*,#4245,.T.);
#1213=ORIENTED_EDGE('',*,*,#4246,.T.);
#1214=ORIENTED_EDGE('',*,*,#4247,.T.);
#1215=ORIENTED_EDGE('',*,*,#4248,.F.);
#1216=ORIENTED_EDGE('',*,*,#4249,.T.);
#1217=ORIENTED_EDGE('',*,*,#4114,.T.);
#1218=ORIENTED_EDGE('',*,*,#4250,.T.);
#1219=ORIENTED_EDGE('',*,*,#4108,.T.);
#1220=ORIENTED_EDGE('',*,*,#4251,.T.);
#1221=ORIENTED_EDGE('',*,*,#4252,.T.);
#1222=ORIENTED_EDGE('',*,*,#4253,.T.);
#1223=ORIENTED_EDGE('',*,*,#4254,.F.);
#1224=ORIENTED_EDGE('',*,*,#4255,.T.);
#1225=ORIENTED_EDGE('',*,*,#4110,.T.);
#1226=ORIENTED_EDGE('',*,*,#4256,.T.);
#1227=ORIENTED_EDGE('',*,*,#4104,.T.);
#1228=ORIENTED_EDGE('',*,*,#4257,.T.);
#1229=ORIENTED_EDGE('',*,*,#4258,.T.);
#1230=ORIENTED_EDGE('',*,*,#4259,.T.);
#1231=ORIENTED_EDGE('',*,*,#4260,.F.);
#1232=ORIENTED_EDGE('',*,*,#4261,.T.);
#1233=ORIENTED_EDGE('',*,*,#4106,.T.);
#1234=ORIENTED_EDGE('',*,*,#4262,.T.);
#1235=ORIENTED_EDGE('',*,*,#3977,.F.);
#1236=ORIENTED_EDGE('',*,*,#4176,.T.);
#1237=ORIENTED_EDGE('',*,*,#4039,.T.);
#1238=ORIENTED_EDGE('',*,*,#4263,.F.);
#1239=ORIENTED_EDGE('',*,*,#4041,.F.);
#1240=ORIENTED_EDGE('',*,*,#4174,.F.);
#1241=ORIENTED_EDGE('',*,*,#3975,.T.);
#1242=ORIENTED_EDGE('',*,*,#4264,.F.);
#1243=ORIENTED_EDGE('',*,*,#3981,.F.);
#1244=ORIENTED_EDGE('',*,*,#4182,.T.);
#1245=ORIENTED_EDGE('',*,*,#4043,.T.);
#1246=ORIENTED_EDGE('',*,*,#4265,.F.);
#1247=ORIENTED_EDGE('',*,*,#4045,.F.);
#1248=ORIENTED_EDGE('',*,*,#4180,.F.);
#1249=ORIENTED_EDGE('',*,*,#3979,.T.);
#1250=ORIENTED_EDGE('',*,*,#4266,.F.);
#1251=ORIENTED_EDGE('',*,*,#3985,.F.);
#1252=ORIENTED_EDGE('',*,*,#4188,.T.);
#1253=ORIENTED_EDGE('',*,*,#4047,.T.);
#1254=ORIENTED_EDGE('',*,*,#4267,.F.);
#1255=ORIENTED_EDGE('',*,*,#4049,.F.);
#1256=ORIENTED_EDGE('',*,*,#4186,.F.);
#1257=ORIENTED_EDGE('',*,*,#3983,.T.);
#1258=ORIENTED_EDGE('',*,*,#4268,.F.);
#1259=ORIENTED_EDGE('',*,*,#3989,.F.);
#1260=ORIENTED_EDGE('',*,*,#4194,.T.);
#1261=ORIENTED_EDGE('',*,*,#4051,.T.);
#1262=ORIENTED_EDGE('',*,*,#4269,.F.);
#1263=ORIENTED_EDGE('',*,*,#4053,.F.);
#1264=ORIENTED_EDGE('',*,*,#4192,.F.);
#1265=ORIENTED_EDGE('',*,*,#3987,.T.);
#1266=ORIENTED_EDGE('',*,*,#4270,.F.);
#1267=ORIENTED_EDGE('',*,*,#3993,.F.);
#1268=ORIENTED_EDGE('',*,*,#4200,.T.);
#1269=ORIENTED_EDGE('',*,*,#4055,.T.);
#1270=ORIENTED_EDGE('',*,*,#4271,.F.);
#1271=ORIENTED_EDGE('',*,*,#4057,.F.);
#1272=ORIENTED_EDGE('',*,*,#4198,.F.);
#1273=ORIENTED_EDGE('',*,*,#3991,.T.);
#1274=ORIENTED_EDGE('',*,*,#4272,.F.);
#1275=ORIENTED_EDGE('',*,*,#3997,.F.);
#1276=ORIENTED_EDGE('',*,*,#4206,.T.);
#1277=ORIENTED_EDGE('',*,*,#4059,.T.);
#1278=ORIENTED_EDGE('',*,*,#4273,.F.);
#1279=ORIENTED_EDGE('',*,*,#4061,.F.);
#1280=ORIENTED_EDGE('',*,*,#4204,.F.);
#1281=ORIENTED_EDGE('',*,*,#3995,.T.);
#1282=ORIENTED_EDGE('',*,*,#4274,.F.);
#1283=ORIENTED_EDGE('',*,*,#4001,.F.);
#1284=ORIENTED_EDGE('',*,*,#4212,.T.);
#1285=ORIENTED_EDGE('',*,*,#4063,.T.);
#1286=ORIENTED_EDGE('',*,*,#4275,.F.);
#1287=ORIENTED_EDGE('',*,*,#4065,.F.);
#1288=ORIENTED_EDGE('',*,*,#4210,.F.);
#1289=ORIENTED_EDGE('',*,*,#3999,.T.);
#1290=ORIENTED_EDGE('',*,*,#4276,.F.);
#1291=ORIENTED_EDGE('',*,*,#4005,.F.);
#1292=ORIENTED_EDGE('',*,*,#4218,.T.);
#1293=ORIENTED_EDGE('',*,*,#4067,.T.);
#1294=ORIENTED_EDGE('',*,*,#4277,.F.);
#1295=ORIENTED_EDGE('',*,*,#4069,.F.);
#1296=ORIENTED_EDGE('',*,*,#4216,.F.);
#1297=ORIENTED_EDGE('',*,*,#4003,.T.);
#1298=ORIENTED_EDGE('',*,*,#4278,.F.);
#1299=ORIENTED_EDGE('',*,*,#4009,.F.);
#1300=ORIENTED_EDGE('',*,*,#4224,.T.);
#1301=ORIENTED_EDGE('',*,*,#4071,.T.);
#1302=ORIENTED_EDGE('',*,*,#4279,.F.);
#1303=ORIENTED_EDGE('',*,*,#4073,.F.);
#1304=ORIENTED_EDGE('',*,*,#4222,.F.);
#1305=ORIENTED_EDGE('',*,*,#4007,.T.);
#1306=ORIENTED_EDGE('',*,*,#4280,.F.);
#1307=ORIENTED_EDGE('',*,*,#4013,.F.);
#1308=ORIENTED_EDGE('',*,*,#4230,.T.);
#1309=ORIENTED_EDGE('',*,*,#4075,.T.);
#1310=ORIENTED_EDGE('',*,*,#4281,.F.);
#1311=ORIENTED_EDGE('',*,*,#4077,.F.);
#1312=ORIENTED_EDGE('',*,*,#4228,.F.);
#1313=ORIENTED_EDGE('',*,*,#4011,.T.);
#1314=ORIENTED_EDGE('',*,*,#4282,.F.);
#1315=ORIENTED_EDGE('',*,*,#4017,.F.);
#1316=ORIENTED_EDGE('',*,*,#4236,.T.);
#1317=ORIENTED_EDGE('',*,*,#4079,.T.);
#1318=ORIENTED_EDGE('',*,*,#4283,.F.);
#1319=ORIENTED_EDGE('',*,*,#4081,.F.);
#1320=ORIENTED_EDGE('',*,*,#4234,.F.);
#1321=ORIENTED_EDGE('',*,*,#4015,.T.);
#1322=ORIENTED_EDGE('',*,*,#4284,.F.);
#1323=ORIENTED_EDGE('',*,*,#4021,.F.);
#1324=ORIENTED_EDGE('',*,*,#4242,.T.);
#1325=ORIENTED_EDGE('',*,*,#4083,.T.);
#1326=ORIENTED_EDGE('',*,*,#4285,.F.);
#1327=ORIENTED_EDGE('',*,*,#4085,.F.);
#1328=ORIENTED_EDGE('',*,*,#4240,.F.);
#1329=ORIENTED_EDGE('',*,*,#4019,.T.);
#1330=ORIENTED_EDGE('',*,*,#4286,.F.);
#1331=ORIENTED_EDGE('',*,*,#4025,.F.);
#1332=ORIENTED_EDGE('',*,*,#4248,.T.);
#1333=ORIENTED_EDGE('',*,*,#4087,.T.);
#1334=ORIENTED_EDGE('',*,*,#4287,.F.);
#1335=ORIENTED_EDGE('',*,*,#4089,.F.);
#1336=ORIENTED_EDGE('',*,*,#4246,.F.);
#1337=ORIENTED_EDGE('',*,*,#4023,.T.);
#1338=ORIENTED_EDGE('',*,*,#4288,.F.);
#1339=ORIENTED_EDGE('',*,*,#4029,.F.);
#1340=ORIENTED_EDGE('',*,*,#4254,.T.);
#1341=ORIENTED_EDGE('',*,*,#4091,.T.);
#1342=ORIENTED_EDGE('',*,*,#4289,.F.);
#1343=ORIENTED_EDGE('',*,*,#4093,.F.);
#1344=ORIENTED_EDGE('',*,*,#4252,.F.);
#1345=ORIENTED_EDGE('',*,*,#4027,.T.);
#1346=ORIENTED_EDGE('',*,*,#4290,.F.);
#1347=ORIENTED_EDGE('',*,*,#4033,.F.);
#1348=ORIENTED_EDGE('',*,*,#4260,.T.);
#1349=ORIENTED_EDGE('',*,*,#4095,.T.);
#1350=ORIENTED_EDGE('',*,*,#4291,.F.);
#1351=ORIENTED_EDGE('',*,*,#4097,.F.);
#1352=ORIENTED_EDGE('',*,*,#4258,.F.);
#1353=ORIENTED_EDGE('',*,*,#4031,.T.);
#1354=ORIENTED_EDGE('',*,*,#4292,.F.);
#1355=ORIENTED_EDGE('',*,*,#4037,.F.);
#1356=ORIENTED_EDGE('',*,*,#4170,.T.);
#1357=ORIENTED_EDGE('',*,*,#4099,.T.);
#1358=ORIENTED_EDGE('',*,*,#4293,.F.);
#1359=ORIENTED_EDGE('',*,*,#4101,.F.);
#1360=ORIENTED_EDGE('',*,*,#4168,.F.);
#1361=ORIENTED_EDGE('',*,*,#4035,.T.);
#1362=ORIENTED_EDGE('',*,*,#4294,.F.);
#1363=ORIENTED_EDGE('',*,*,#4263,.T.);
#1364=ORIENTED_EDGE('',*,*,#4042,.T.);
#1365=ORIENTED_EDGE('',*,*,#4264,.T.);
#1366=ORIENTED_EDGE('',*,*,#3978,.T.);
#1367=ORIENTED_EDGE('',*,*,#4265,.T.);
#1368=ORIENTED_EDGE('',*,*,#4046,.T.);
#1369=ORIENTED_EDGE('',*,*,#4266,.T.);
#1370=ORIENTED_EDGE('',*,*,#3982,.T.);
#1371=ORIENTED_EDGE('',*,*,#4267,.T.);
#1372=ORIENTED_EDGE('',*,*,#4050,.T.);
#1373=ORIENTED_EDGE('',*,*,#4268,.T.);
#1374=ORIENTED_EDGE('',*,*,#3986,.T.);
#1375=ORIENTED_EDGE('',*,*,#4269,.T.);
#1376=ORIENTED_EDGE('',*,*,#4054,.T.);
#1377=ORIENTED_EDGE('',*,*,#4270,.T.);
#1378=ORIENTED_EDGE('',*,*,#3990,.T.);
#1379=ORIENTED_EDGE('',*,*,#4271,.T.);
#1380=ORIENTED_EDGE('',*,*,#4058,.T.);
#1381=ORIENTED_EDGE('',*,*,#4272,.T.);
#1382=ORIENTED_EDGE('',*,*,#3994,.T.);
#1383=ORIENTED_EDGE('',*,*,#4273,.T.);
#1384=ORIENTED_EDGE('',*,*,#4062,.T.);
#1385=ORIENTED_EDGE('',*,*,#4274,.T.);
#1386=ORIENTED_EDGE('',*,*,#3998,.T.);
#1387=ORIENTED_EDGE('',*,*,#4275,.T.);
#1388=ORIENTED_EDGE('',*,*,#4066,.T.);
#1389=ORIENTED_EDGE('',*,*,#4276,.T.);
#1390=ORIENTED_EDGE('',*,*,#4002,.T.);
#1391=ORIENTED_EDGE('',*,*,#4277,.T.);
#1392=ORIENTED_EDGE('',*,*,#4070,.T.);
#1393=ORIENTED_EDGE('',*,*,#4278,.T.);
#1394=ORIENTED_EDGE('',*,*,#4006,.T.);
#1395=ORIENTED_EDGE('',*,*,#4279,.T.);
#1396=ORIENTED_EDGE('',*,*,#4074,.T.);
#1397=ORIENTED_EDGE('',*,*,#4280,.T.);
#1398=ORIENTED_EDGE('',*,*,#4010,.T.);
#1399=ORIENTED_EDGE('',*,*,#4281,.T.);
#1400=ORIENTED_EDGE('',*,*,#4078,.T.);
#1401=ORIENTED_EDGE('',*,*,#4282,.T.);
#1402=ORIENTED_EDGE('',*,*,#4014,.T.);
#1403=ORIENTED_EDGE('',*,*,#4283,.T.);
#1404=ORIENTED_EDGE('',*,*,#4082,.T.);
#1405=ORIENTED_EDGE('',*,*,#4284,.T.);
#1406=ORIENTED_EDGE('',*,*,#4018,.T.);
#1407=ORIENTED_EDGE('',*,*,#4285,.T.);
#1408=ORIENTED_EDGE('',*,*,#4086,.T.);
#1409=ORIENTED_EDGE('',*,*,#4286,.T.);
#1410=ORIENTED_EDGE('',*,*,#4022,.T.);
#1411=ORIENTED_EDGE('',*,*,#4287,.T.);
#1412=ORIENTED_EDGE('',*,*,#4090,.T.);
#1413=ORIENTED_EDGE('',*,*,#4288,.T.);
#1414=ORIENTED_EDGE('',*,*,#4026,.T.);
#1415=ORIENTED_EDGE('',*,*,#4289,.T.);
#1416=ORIENTED_EDGE('',*,*,#4094,.T.);
#1417=ORIENTED_EDGE('',*,*,#4290,.T.);
#1418=ORIENTED_EDGE('',*,*,#4030,.T.);
#1419=ORIENTED_EDGE('',*,*,#4291,.T.);
#1420=ORIENTED_EDGE('',*,*,#4098,.T.);
#1421=ORIENTED_EDGE('',*,*,#4292,.T.);
#1422=ORIENTED_EDGE('',*,*,#4034,.T.);
#1423=ORIENTED_EDGE('',*,*,#4293,.T.);
#1424=ORIENTED_EDGE('',*,*,#4102,.T.);
#1425=ORIENTED_EDGE('',*,*,#4294,.T.);
#1426=ORIENTED_EDGE('',*,*,#4038,.T.);
#1427=ORIENTED_EDGE('',*,*,#3974,.F.);
#1428=ORIENTED_EDGE('',*,*,#3971,.F.);
#1429=ORIENTED_EDGE('',*,*,#3968,.F.);
#1430=ORIENTED_EDGE('',*,*,#3965,.F.);
#1431=ORIENTED_EDGE('',*,*,#4096,.T.);
#1432=ORIENTED_EDGE('',*,*,#4262,.F.);
#1433=ORIENTED_EDGE('',*,*,#4105,.T.);
#1434=ORIENTED_EDGE('',*,*,#4259,.F.);
#1435=ORIENTED_EDGE('',*,*,#4103,.T.);
#1436=ORIENTED_EDGE('',*,*,#4261,.F.);
#1437=ORIENTED_EDGE('',*,*,#4032,.F.);
#1438=ORIENTED_EDGE('',*,*,#4257,.F.);
#1439=ORIENTED_EDGE('',*,*,#4092,.T.);
#1440=ORIENTED_EDGE('',*,*,#4256,.F.);
#1441=ORIENTED_EDGE('',*,*,#4109,.T.);
#1442=ORIENTED_EDGE('',*,*,#4253,.F.);
#1443=ORIENTED_EDGE('',*,*,#4107,.T.);
#1444=ORIENTED_EDGE('',*,*,#4255,.F.);
#1445=ORIENTED_EDGE('',*,*,#4028,.F.);
#1446=ORIENTED_EDGE('',*,*,#4251,.F.);
#1447=ORIENTED_EDGE('',*,*,#4088,.T.);
#1448=ORIENTED_EDGE('',*,*,#4250,.F.);
#1449=ORIENTED_EDGE('',*,*,#4113,.T.);
#1450=ORIENTED_EDGE('',*,*,#4247,.F.);
#1451=ORIENTED_EDGE('',*,*,#4111,.T.);
#1452=ORIENTED_EDGE('',*,*,#4249,.F.);
#1453=ORIENTED_EDGE('',*,*,#4024,.F.);
#1454=ORIENTED_EDGE('',*,*,#4245,.F.);
#1455=ORIENTED_EDGE('',*,*,#4084,.T.);
#1456=ORIENTED_EDGE('',*,*,#4244,.F.);
#1457=ORIENTED_EDGE('',*,*,#4117,.T.);
#1458=ORIENTED_EDGE('',*,*,#4241,.F.);
#1459=ORIENTED_EDGE('',*,*,#4115,.T.);
#1460=ORIENTED_EDGE('',*,*,#4243,.F.);
#1461=ORIENTED_EDGE('',*,*,#4020,.F.);
#1462=ORIENTED_EDGE('',*,*,#4239,.F.);
#1463=ORIENTED_EDGE('',*,*,#4080,.T.);
#1464=ORIENTED_EDGE('',*,*,#4238,.F.);
#1465=ORIENTED_EDGE('',*,*,#4121,.T.);
#1466=ORIENTED_EDGE('',*,*,#4235,.F.);
#1467=ORIENTED_EDGE('',*,*,#4119,.T.);
#1468=ORIENTED_EDGE('',*,*,#4237,.F.);
#1469=ORIENTED_EDGE('',*,*,#4016,.F.);
#1470=ORIENTED_EDGE('',*,*,#4233,.F.);
#1471=ORIENTED_EDGE('',*,*,#4076,.T.);
#1472=ORIENTED_EDGE('',*,*,#4232,.F.);
#1473=ORIENTED_EDGE('',*,*,#4125,.T.);
#1474=ORIENTED_EDGE('',*,*,#4229,.F.);
#1475=ORIENTED_EDGE('',*,*,#4123,.T.);
#1476=ORIENTED_EDGE('',*,*,#4231,.F.);
#1477=ORIENTED_EDGE('',*,*,#4012,.F.);
#1478=ORIENTED_EDGE('',*,*,#4227,.F.);
#1479=ORIENTED_EDGE('',*,*,#4072,.T.);
#1480=ORIENTED_EDGE('',*,*,#4226,.F.);
#1481=ORIENTED_EDGE('',*,*,#4129,.T.);
#1482=ORIENTED_EDGE('',*,*,#4223,.F.);
#1483=ORIENTED_EDGE('',*,*,#4127,.T.);
#1484=ORIENTED_EDGE('',*,*,#4225,.F.);
#1485=ORIENTED_EDGE('',*,*,#4008,.F.);
#1486=ORIENTED_EDGE('',*,*,#4221,.F.);
#1487=ORIENTED_EDGE('',*,*,#4068,.T.);
#1488=ORIENTED_EDGE('',*,*,#4220,.F.);
#1489=ORIENTED_EDGE('',*,*,#4133,.T.);
#1490=ORIENTED_EDGE('',*,*,#4217,.F.);
#1491=ORIENTED_EDGE('',*,*,#4131,.T.);
#1492=ORIENTED_EDGE('',*,*,#4219,.F.);
#1493=ORIENTED_EDGE('',*,*,#4004,.F.);
#1494=ORIENTED_EDGE('',*,*,#4215,.F.);
#1495=ORIENTED_EDGE('',*,*,#4064,.T.);
#1496=ORIENTED_EDGE('',*,*,#4214,.F.);
#1497=ORIENTED_EDGE('',*,*,#4137,.T.);
#1498=ORIENTED_EDGE('',*,*,#4211,.F.);
#1499=ORIENTED_EDGE('',*,*,#4135,.T.);
#1500=ORIENTED_EDGE('',*,*,#4213,.F.);
#1501=ORIENTED_EDGE('',*,*,#4000,.F.);
#1502=ORIENTED_EDGE('',*,*,#4209,.F.);
#1503=ORIENTED_EDGE('',*,*,#4060,.T.);
#1504=ORIENTED_EDGE('',*,*,#4208,.F.);
#1505=ORIENTED_EDGE('',*,*,#4141,.T.);
#1506=ORIENTED_EDGE('',*,*,#4205,.F.);
#1507=ORIENTED_EDGE('',*,*,#4139,.T.);
#1508=ORIENTED_EDGE('',*,*,#4207,.F.);
#1509=ORIENTED_EDGE('',*,*,#3996,.F.);
#1510=ORIENTED_EDGE('',*,*,#4203,.F.);
#1511=ORIENTED_EDGE('',*,*,#4056,.T.);
#1512=ORIENTED_EDGE('',*,*,#4202,.F.);
#1513=ORIENTED_EDGE('',*,*,#4145,.T.);
#1514=ORIENTED_EDGE('',*,*,#4199,.F.);
#1515=ORIENTED_EDGE('',*,*,#4143,.T.);
#1516=ORIENTED_EDGE('',*,*,#4201,.F.);
#1517=ORIENTED_EDGE('',*,*,#3992,.F.);
#1518=ORIENTED_EDGE('',*,*,#4197,.F.);
#1519=ORIENTED_EDGE('',*,*,#4052,.T.);
#1520=ORIENTED_EDGE('',*,*,#4196,.F.);
#1521=ORIENTED_EDGE('',*,*,#4149,.T.);
#1522=ORIENTED_EDGE('',*,*,#4193,.F.);
#1523=ORIENTED_EDGE('',*,*,#4147,.T.);
#1524=ORIENTED_EDGE('',*,*,#4195,.F.);
#1525=ORIENTED_EDGE('',*,*,#3988,.F.);
#1526=ORIENTED_EDGE('',*,*,#4191,.F.);
#1527=ORIENTED_EDGE('',*,*,#4048,.T.);
#1528=ORIENTED_EDGE('',*,*,#4190,.F.);
#1529=ORIENTED_EDGE('',*,*,#4153,.T.);
#1530=ORIENTED_EDGE('',*,*,#4187,.F.);
#1531=ORIENTED_EDGE('',*,*,#4151,.T.);
#1532=ORIENTED_EDGE('',*,*,#4189,.F.);
#1533=ORIENTED_EDGE('',*,*,#3984,.F.);
#1534=ORIENTED_EDGE('',*,*,#4185,.F.);
#1535=ORIENTED_EDGE('',*,*,#4044,.T.);
#1536=ORIENTED_EDGE('',*,*,#4184,.F.);
#1537=ORIENTED_EDGE('',*,*,#4157,.T.);
#1538=ORIENTED_EDGE('',*,*,#4181,.F.);
#1539=ORIENTED_EDGE('',*,*,#4155,.T.);
#1540=ORIENTED_EDGE('',*,*,#4183,.F.);
#1541=ORIENTED_EDGE('',*,*,#3980,.F.);
#1542=ORIENTED_EDGE('',*,*,#4179,.F.);
#1543=ORIENTED_EDGE('',*,*,#4040,.T.);
#1544=ORIENTED_EDGE('',*,*,#4178,.F.);
#1545=ORIENTED_EDGE('',*,*,#4161,.T.);
#1546=ORIENTED_EDGE('',*,*,#4175,.F.);
#1547=ORIENTED_EDGE('',*,*,#4159,.T.);
#1548=ORIENTED_EDGE('',*,*,#4177,.F.);
#1549=ORIENTED_EDGE('',*,*,#3976,.F.);
#1550=ORIENTED_EDGE('',*,*,#4173,.F.);
#1551=ORIENTED_EDGE('',*,*,#4100,.T.);
#1552=ORIENTED_EDGE('',*,*,#4172,.F.);
#1553=ORIENTED_EDGE('',*,*,#4165,.T.);
#1554=ORIENTED_EDGE('',*,*,#4169,.F.);
#1555=ORIENTED_EDGE('',*,*,#4163,.T.);
#1556=ORIENTED_EDGE('',*,*,#4171,.F.);
#1557=ORIENTED_EDGE('',*,*,#4036,.F.);
#1558=ORIENTED_EDGE('',*,*,#4167,.F.);
#1559=ORIENTED_EDGE('',*,*,#3963,.T.);
#1560=ORIENTED_EDGE('',*,*,#3967,.T.);
#1561=ORIENTED_EDGE('',*,*,#3970,.T.);
#1562=ORIENTED_EDGE('',*,*,#3973,.T.);
#1563=ORIENTED_EDGE('',*,*,#4295,.F.);
#1564=ORIENTED_EDGE('',*,*,#4296,.F.);
#1565=ORIENTED_EDGE('',*,*,#4297,.F.);
#1566=ORIENTED_EDGE('',*,*,#4298,.T.);
#1567=ORIENTED_EDGE('',*,*,#4299,.F.);
#1568=ORIENTED_EDGE('',*,*,#4300,.F.);
#1569=ORIENTED_EDGE('',*,*,#4301,.F.);
#1570=ORIENTED_EDGE('',*,*,#4296,.T.);
#1571=ORIENTED_EDGE('',*,*,#4302,.F.);
#1572=ORIENTED_EDGE('',*,*,#4303,.F.);
#1573=ORIENTED_EDGE('',*,*,#4304,.F.);
#1574=ORIENTED_EDGE('',*,*,#4300,.T.);
#1575=ORIENTED_EDGE('',*,*,#4305,.F.);
#1576=ORIENTED_EDGE('',*,*,#4298,.F.);
#1577=ORIENTED_EDGE('',*,*,#4306,.F.);
#1578=ORIENTED_EDGE('',*,*,#4303,.T.);
#1579=ORIENTED_EDGE('',*,*,#4307,.F.);
#1580=ORIENTED_EDGE('',*,*,#4308,.F.);
#1581=ORIENTED_EDGE('',*,*,#4309,.F.);
#1582=ORIENTED_EDGE('',*,*,#4310,.F.);
#1583=ORIENTED_EDGE('',*,*,#4311,.F.);
#1584=ORIENTED_EDGE('',*,*,#4312,.F.);
#1585=ORIENTED_EDGE('',*,*,#4313,.F.);
#1586=ORIENTED_EDGE('',*,*,#4314,.T.);
#1587=ORIENTED_EDGE('',*,*,#4315,.T.);
#1588=ORIENTED_EDGE('',*,*,#4316,.F.);
#1589=ORIENTED_EDGE('',*,*,#4317,.F.);
#1590=ORIENTED_EDGE('',*,*,#4318,.T.);
#1591=ORIENTED_EDGE('',*,*,#4319,.T.);
#1592=ORIENTED_EDGE('',*,*,#4314,.F.);
#1593=ORIENTED_EDGE('',*,*,#4320,.F.);
#1594=ORIENTED_EDGE('',*,*,#4321,.T.);
#1595=ORIENTED_EDGE('',*,*,#4322,.T.);
#1596=ORIENTED_EDGE('',*,*,#4318,.F.);
#1597=ORIENTED_EDGE('',*,*,#4323,.F.);
#1598=ORIENTED_EDGE('',*,*,#4324,.F.);
#1599=ORIENTED_EDGE('',*,*,#4325,.F.);
#1600=ORIENTED_EDGE('',*,*,#4326,.F.);
#1601=ORIENTED_EDGE('',*,*,#4327,.F.);
#1602=ORIENTED_EDGE('',*,*,#4328,.F.);
#1603=ORIENTED_EDGE('',*,*,#4329,.F.);
#1604=ORIENTED_EDGE('',*,*,#4330,.F.);
#1605=ORIENTED_EDGE('',*,*,#4331,.F.);
#1606=ORIENTED_EDGE('',*,*,#4332,.F.);
#1607=ORIENTED_EDGE('',*,*,#4333,.F.);
#1608=ORIENTED_EDGE('',*,*,#4334,.F.);
#1609=ORIENTED_EDGE('',*,*,#4335,.F.);
#1610=ORIENTED_EDGE('',*,*,#4336,.T.);
#1611=ORIENTED_EDGE('',*,*,#4337,.T.);
#1612=ORIENTED_EDGE('',*,*,#4338,.F.);
#1613=ORIENTED_EDGE('',*,*,#4339,.F.);
#1614=ORIENTED_EDGE('',*,*,#4340,.T.);
#1615=ORIENTED_EDGE('',*,*,#4341,.T.);
#1616=ORIENTED_EDGE('',*,*,#4336,.F.);
#1617=ORIENTED_EDGE('',*,*,#4342,.F.);
#1618=ORIENTED_EDGE('',*,*,#4343,.T.);
#1619=ORIENTED_EDGE('',*,*,#4344,.T.);
#1620=ORIENTED_EDGE('',*,*,#4340,.F.);
#1621=ORIENTED_EDGE('',*,*,#4345,.F.);
#1622=ORIENTED_EDGE('',*,*,#4346,.F.);
#1623=ORIENTED_EDGE('',*,*,#4347,.F.);
#1624=ORIENTED_EDGE('',*,*,#4348,.F.);
#1625=ORIENTED_EDGE('',*,*,#4349,.F.);
#1626=ORIENTED_EDGE('',*,*,#4350,.F.);
#1627=ORIENTED_EDGE('',*,*,#4351,.F.);
#1628=ORIENTED_EDGE('',*,*,#4352,.F.);
#1629=ORIENTED_EDGE('',*,*,#4353,.F.);
#1630=ORIENTED_EDGE('',*,*,#4354,.F.);
#1631=ORIENTED_EDGE('',*,*,#4355,.F.);
#1632=ORIENTED_EDGE('',*,*,#4356,.F.);
#1633=ORIENTED_EDGE('',*,*,#4357,.F.);
#1634=ORIENTED_EDGE('',*,*,#4358,.T.);
#1635=ORIENTED_EDGE('',*,*,#4359,.T.);
#1636=ORIENTED_EDGE('',*,*,#4360,.F.);
#1637=ORIENTED_EDGE('',*,*,#4361,.F.);
#1638=ORIENTED_EDGE('',*,*,#4362,.T.);
#1639=ORIENTED_EDGE('',*,*,#4363,.T.);
#1640=ORIENTED_EDGE('',*,*,#4358,.F.);
#1641=ORIENTED_EDGE('',*,*,#4364,.F.);
#1642=ORIENTED_EDGE('',*,*,#4365,.T.);
#1643=ORIENTED_EDGE('',*,*,#4366,.T.);
#1644=ORIENTED_EDGE('',*,*,#4362,.F.);
#1645=ORIENTED_EDGE('',*,*,#4367,.F.);
#1646=ORIENTED_EDGE('',*,*,#4368,.F.);
#1647=ORIENTED_EDGE('',*,*,#4369,.F.);
#1648=ORIENTED_EDGE('',*,*,#4370,.F.);
#1649=ORIENTED_EDGE('',*,*,#4371,.F.);
#1650=ORIENTED_EDGE('',*,*,#4372,.F.);
#1651=ORIENTED_EDGE('',*,*,#4373,.F.);
#1652=ORIENTED_EDGE('',*,*,#4374,.F.);
#1653=ORIENTED_EDGE('',*,*,#4375,.F.);
#1654=ORIENTED_EDGE('',*,*,#4376,.F.);
#1655=ORIENTED_EDGE('',*,*,#4377,.F.);
#1656=ORIENTED_EDGE('',*,*,#4378,.F.);
#1657=ORIENTED_EDGE('',*,*,#4379,.F.);
#1658=ORIENTED_EDGE('',*,*,#4380,.T.);
#1659=ORIENTED_EDGE('',*,*,#4381,.T.);
#1660=ORIENTED_EDGE('',*,*,#4382,.F.);
#1661=ORIENTED_EDGE('',*,*,#4383,.F.);
#1662=ORIENTED_EDGE('',*,*,#4384,.T.);
#1663=ORIENTED_EDGE('',*,*,#4385,.T.);
#1664=ORIENTED_EDGE('',*,*,#4380,.F.);
#1665=ORIENTED_EDGE('',*,*,#4386,.F.);
#1666=ORIENTED_EDGE('',*,*,#4387,.T.);
#1667=ORIENTED_EDGE('',*,*,#4388,.T.);
#1668=ORIENTED_EDGE('',*,*,#4384,.F.);
#1669=ORIENTED_EDGE('',*,*,#4389,.F.);
#1670=ORIENTED_EDGE('',*,*,#4390,.F.);
#1671=ORIENTED_EDGE('',*,*,#4391,.F.);
#1672=ORIENTED_EDGE('',*,*,#4392,.F.);
#1673=ORIENTED_EDGE('',*,*,#4393,.F.);
#1674=ORIENTED_EDGE('',*,*,#4394,.F.);
#1675=ORIENTED_EDGE('',*,*,#4395,.F.);
#1676=ORIENTED_EDGE('',*,*,#4396,.F.);
#1677=ORIENTED_EDGE('',*,*,#4397,.F.);
#1678=ORIENTED_EDGE('',*,*,#4398,.F.);
#1679=ORIENTED_EDGE('',*,*,#4399,.F.);
#1680=ORIENTED_EDGE('',*,*,#4400,.F.);
#1681=ORIENTED_EDGE('',*,*,#4401,.F.);
#1682=ORIENTED_EDGE('',*,*,#4402,.T.);
#1683=ORIENTED_EDGE('',*,*,#4403,.T.);
#1684=ORIENTED_EDGE('',*,*,#4404,.F.);
#1685=ORIENTED_EDGE('',*,*,#4405,.F.);
#1686=ORIENTED_EDGE('',*,*,#4406,.T.);
#1687=ORIENTED_EDGE('',*,*,#4407,.T.);
#1688=ORIENTED_EDGE('',*,*,#4402,.F.);
#1689=ORIENTED_EDGE('',*,*,#4408,.F.);
#1690=ORIENTED_EDGE('',*,*,#4409,.T.);
#1691=ORIENTED_EDGE('',*,*,#4410,.T.);
#1692=ORIENTED_EDGE('',*,*,#4406,.F.);
#1693=ORIENTED_EDGE('',*,*,#4411,.F.);
#1694=ORIENTED_EDGE('',*,*,#4412,.F.);
#1695=ORIENTED_EDGE('',*,*,#4413,.F.);
#1696=ORIENTED_EDGE('',*,*,#4414,.F.);
#1697=ORIENTED_EDGE('',*,*,#4415,.F.);
#1698=ORIENTED_EDGE('',*,*,#4416,.F.);
#1699=ORIENTED_EDGE('',*,*,#4417,.F.);
#1700=ORIENTED_EDGE('',*,*,#4418,.F.);
#1701=ORIENTED_EDGE('',*,*,#4419,.F.);
#1702=ORIENTED_EDGE('',*,*,#4420,.F.);
#1703=ORIENTED_EDGE('',*,*,#4421,.F.);
#1704=ORIENTED_EDGE('',*,*,#4422,.F.);
#1705=ORIENTED_EDGE('',*,*,#4423,.F.);
#1706=ORIENTED_EDGE('',*,*,#4424,.T.);
#1707=ORIENTED_EDGE('',*,*,#4425,.T.);
#1708=ORIENTED_EDGE('',*,*,#4426,.F.);
#1709=ORIENTED_EDGE('',*,*,#4427,.F.);
#1710=ORIENTED_EDGE('',*,*,#4428,.T.);
#1711=ORIENTED_EDGE('',*,*,#4429,.T.);
#1712=ORIENTED_EDGE('',*,*,#4424,.F.);
#1713=ORIENTED_EDGE('',*,*,#4430,.F.);
#1714=ORIENTED_EDGE('',*,*,#4431,.T.);
#1715=ORIENTED_EDGE('',*,*,#4432,.T.);
#1716=ORIENTED_EDGE('',*,*,#4428,.F.);
#1717=ORIENTED_EDGE('',*,*,#4433,.F.);
#1718=ORIENTED_EDGE('',*,*,#4434,.F.);
#1719=ORIENTED_EDGE('',*,*,#4435,.F.);
#1720=ORIENTED_EDGE('',*,*,#4436,.F.);
#1721=ORIENTED_EDGE('',*,*,#4437,.F.);
#1722=ORIENTED_EDGE('',*,*,#4438,.F.);
#1723=ORIENTED_EDGE('',*,*,#4439,.F.);
#1724=ORIENTED_EDGE('',*,*,#4440,.F.);
#1725=ORIENTED_EDGE('',*,*,#4441,.F.);
#1726=ORIENTED_EDGE('',*,*,#4442,.F.);
#1727=ORIENTED_EDGE('',*,*,#4443,.F.);
#1728=ORIENTED_EDGE('',*,*,#4444,.F.);
#1729=ORIENTED_EDGE('',*,*,#4445,.F.);
#1730=ORIENTED_EDGE('',*,*,#4446,.T.);
#1731=ORIENTED_EDGE('',*,*,#4447,.T.);
#1732=ORIENTED_EDGE('',*,*,#4448,.F.);
#1733=ORIENTED_EDGE('',*,*,#4449,.F.);
#1734=ORIENTED_EDGE('',*,*,#4450,.T.);
#1735=ORIENTED_EDGE('',*,*,#4451,.T.);
#1736=ORIENTED_EDGE('',*,*,#4446,.F.);
#1737=ORIENTED_EDGE('',*,*,#4452,.F.);
#1738=ORIENTED_EDGE('',*,*,#4453,.T.);
#1739=ORIENTED_EDGE('',*,*,#4454,.T.);
#1740=ORIENTED_EDGE('',*,*,#4450,.F.);
#1741=ORIENTED_EDGE('',*,*,#4455,.F.);
#1742=ORIENTED_EDGE('',*,*,#4456,.F.);
#1743=ORIENTED_EDGE('',*,*,#4457,.F.);
#1744=ORIENTED_EDGE('',*,*,#4458,.F.);
#1745=ORIENTED_EDGE('',*,*,#4459,.F.);
#1746=ORIENTED_EDGE('',*,*,#4460,.F.);
#1747=ORIENTED_EDGE('',*,*,#4461,.F.);
#1748=ORIENTED_EDGE('',*,*,#4462,.F.);
#1749=ORIENTED_EDGE('',*,*,#4463,.F.);
#1750=ORIENTED_EDGE('',*,*,#4464,.F.);
#1751=ORIENTED_EDGE('',*,*,#4465,.F.);
#1752=ORIENTED_EDGE('',*,*,#4466,.F.);
#1753=ORIENTED_EDGE('',*,*,#4467,.F.);
#1754=ORIENTED_EDGE('',*,*,#4468,.T.);
#1755=ORIENTED_EDGE('',*,*,#4469,.T.);
#1756=ORIENTED_EDGE('',*,*,#4470,.F.);
#1757=ORIENTED_EDGE('',*,*,#4471,.F.);
#1758=ORIENTED_EDGE('',*,*,#4472,.T.);
#1759=ORIENTED_EDGE('',*,*,#4473,.T.);
#1760=ORIENTED_EDGE('',*,*,#4468,.F.);
#1761=ORIENTED_EDGE('',*,*,#4474,.F.);
#1762=ORIENTED_EDGE('',*,*,#4475,.T.);
#1763=ORIENTED_EDGE('',*,*,#4476,.T.);
#1764=ORIENTED_EDGE('',*,*,#4472,.F.);
#1765=ORIENTED_EDGE('',*,*,#4477,.F.);
#1766=ORIENTED_EDGE('',*,*,#4478,.F.);
#1767=ORIENTED_EDGE('',*,*,#4479,.F.);
#1768=ORIENTED_EDGE('',*,*,#4480,.F.);
#1769=ORIENTED_EDGE('',*,*,#4481,.F.);
#1770=ORIENTED_EDGE('',*,*,#4482,.F.);
#1771=ORIENTED_EDGE('',*,*,#4483,.F.);
#1772=ORIENTED_EDGE('',*,*,#4484,.F.);
#1773=ORIENTED_EDGE('',*,*,#4485,.F.);
#1774=ORIENTED_EDGE('',*,*,#4486,.F.);
#1775=ORIENTED_EDGE('',*,*,#4487,.F.);
#1776=ORIENTED_EDGE('',*,*,#4488,.F.);
#1777=ORIENTED_EDGE('',*,*,#4489,.F.);
#1778=ORIENTED_EDGE('',*,*,#4490,.T.);
#1779=ORIENTED_EDGE('',*,*,#4491,.T.);
#1780=ORIENTED_EDGE('',*,*,#4492,.F.);
#1781=ORIENTED_EDGE('',*,*,#4493,.F.);
#1782=ORIENTED_EDGE('',*,*,#4494,.T.);
#1783=ORIENTED_EDGE('',*,*,#4495,.T.);
#1784=ORIENTED_EDGE('',*,*,#4490,.F.);
#1785=ORIENTED_EDGE('',*,*,#4496,.F.);
#1786=ORIENTED_EDGE('',*,*,#4497,.T.);
#1787=ORIENTED_EDGE('',*,*,#4498,.T.);
#1788=ORIENTED_EDGE('',*,*,#4494,.F.);
#1789=ORIENTED_EDGE('',*,*,#4499,.F.);
#1790=ORIENTED_EDGE('',*,*,#4500,.F.);
#1791=ORIENTED_EDGE('',*,*,#4501,.F.);
#1792=ORIENTED_EDGE('',*,*,#4502,.F.);
#1793=ORIENTED_EDGE('',*,*,#4503,.F.);
#1794=ORIENTED_EDGE('',*,*,#4504,.F.);
#1795=ORIENTED_EDGE('',*,*,#4505,.F.);
#1796=ORIENTED_EDGE('',*,*,#4506,.F.);
#1797=ORIENTED_EDGE('',*,*,#4507,.F.);
#1798=ORIENTED_EDGE('',*,*,#4508,.F.);
#1799=ORIENTED_EDGE('',*,*,#4509,.F.);
#1800=ORIENTED_EDGE('',*,*,#4510,.F.);
#1801=ORIENTED_EDGE('',*,*,#4511,.F.);
#1802=ORIENTED_EDGE('',*,*,#4512,.T.);
#1803=ORIENTED_EDGE('',*,*,#4513,.T.);
#1804=ORIENTED_EDGE('',*,*,#4514,.F.);
#1805=ORIENTED_EDGE('',*,*,#4515,.F.);
#1806=ORIENTED_EDGE('',*,*,#4516,.T.);
#1807=ORIENTED_EDGE('',*,*,#4517,.T.);
#1808=ORIENTED_EDGE('',*,*,#4512,.F.);
#1809=ORIENTED_EDGE('',*,*,#4518,.F.);
#1810=ORIENTED_EDGE('',*,*,#4519,.T.);
#1811=ORIENTED_EDGE('',*,*,#4520,.T.);
#1812=ORIENTED_EDGE('',*,*,#4516,.F.);
#1813=ORIENTED_EDGE('',*,*,#4521,.F.);
#1814=ORIENTED_EDGE('',*,*,#4522,.F.);
#1815=ORIENTED_EDGE('',*,*,#4523,.F.);
#1816=ORIENTED_EDGE('',*,*,#4524,.F.);
#1817=ORIENTED_EDGE('',*,*,#4525,.F.);
#1818=ORIENTED_EDGE('',*,*,#4526,.F.);
#1819=ORIENTED_EDGE('',*,*,#4527,.F.);
#1820=ORIENTED_EDGE('',*,*,#4528,.F.);
#1821=ORIENTED_EDGE('',*,*,#4529,.F.);
#1822=ORIENTED_EDGE('',*,*,#4530,.F.);
#1823=ORIENTED_EDGE('',*,*,#4531,.F.);
#1824=ORIENTED_EDGE('',*,*,#4532,.F.);
#1825=ORIENTED_EDGE('',*,*,#4533,.F.);
#1826=ORIENTED_EDGE('',*,*,#4534,.T.);
#1827=ORIENTED_EDGE('',*,*,#4535,.T.);
#1828=ORIENTED_EDGE('',*,*,#4536,.F.);
#1829=ORIENTED_EDGE('',*,*,#4537,.F.);
#1830=ORIENTED_EDGE('',*,*,#4538,.T.);
#1831=ORIENTED_EDGE('',*,*,#4539,.T.);
#1832=ORIENTED_EDGE('',*,*,#4534,.F.);
#1833=ORIENTED_EDGE('',*,*,#4540,.F.);
#1834=ORIENTED_EDGE('',*,*,#4541,.T.);
#1835=ORIENTED_EDGE('',*,*,#4542,.T.);
#1836=ORIENTED_EDGE('',*,*,#4538,.F.);
#1837=ORIENTED_EDGE('',*,*,#4543,.F.);
#1838=ORIENTED_EDGE('',*,*,#4544,.F.);
#1839=ORIENTED_EDGE('',*,*,#4545,.F.);
#1840=ORIENTED_EDGE('',*,*,#4546,.F.);
#1841=ORIENTED_EDGE('',*,*,#4547,.F.);
#1842=ORIENTED_EDGE('',*,*,#4548,.F.);
#1843=ORIENTED_EDGE('',*,*,#4549,.F.);
#1844=ORIENTED_EDGE('',*,*,#4550,.F.);
#1845=ORIENTED_EDGE('',*,*,#4551,.F.);
#1846=ORIENTED_EDGE('',*,*,#4552,.F.);
#1847=ORIENTED_EDGE('',*,*,#4553,.F.);
#1848=ORIENTED_EDGE('',*,*,#4554,.F.);
#1849=ORIENTED_EDGE('',*,*,#4555,.F.);
#1850=ORIENTED_EDGE('',*,*,#4556,.T.);
#1851=ORIENTED_EDGE('',*,*,#4557,.T.);
#1852=ORIENTED_EDGE('',*,*,#4558,.F.);
#1853=ORIENTED_EDGE('',*,*,#4559,.F.);
#1854=ORIENTED_EDGE('',*,*,#4560,.T.);
#1855=ORIENTED_EDGE('',*,*,#4561,.T.);
#1856=ORIENTED_EDGE('',*,*,#4556,.F.);
#1857=ORIENTED_EDGE('',*,*,#4562,.F.);
#1858=ORIENTED_EDGE('',*,*,#4563,.T.);
#1859=ORIENTED_EDGE('',*,*,#4564,.T.);
#1860=ORIENTED_EDGE('',*,*,#4560,.F.);
#1861=ORIENTED_EDGE('',*,*,#4565,.F.);
#1862=ORIENTED_EDGE('',*,*,#4566,.F.);
#1863=ORIENTED_EDGE('',*,*,#4567,.F.);
#1864=ORIENTED_EDGE('',*,*,#4568,.F.);
#1865=ORIENTED_EDGE('',*,*,#4569,.F.);
#1866=ORIENTED_EDGE('',*,*,#4570,.F.);
#1867=ORIENTED_EDGE('',*,*,#4571,.F.);
#1868=ORIENTED_EDGE('',*,*,#4572,.F.);
#1869=ORIENTED_EDGE('',*,*,#4573,.F.);
#1870=ORIENTED_EDGE('',*,*,#4574,.F.);
#1871=ORIENTED_EDGE('',*,*,#4575,.F.);
#1872=ORIENTED_EDGE('',*,*,#4576,.F.);
#1873=ORIENTED_EDGE('',*,*,#4577,.F.);
#1874=ORIENTED_EDGE('',*,*,#4578,.T.);
#1875=ORIENTED_EDGE('',*,*,#4579,.T.);
#1876=ORIENTED_EDGE('',*,*,#4580,.F.);
#1877=ORIENTED_EDGE('',*,*,#4581,.F.);
#1878=ORIENTED_EDGE('',*,*,#4582,.T.);
#1879=ORIENTED_EDGE('',*,*,#4583,.T.);
#1880=ORIENTED_EDGE('',*,*,#4578,.F.);
#1881=ORIENTED_EDGE('',*,*,#4584,.F.);
#1882=ORIENTED_EDGE('',*,*,#4585,.T.);
#1883=ORIENTED_EDGE('',*,*,#4586,.T.);
#1884=ORIENTED_EDGE('',*,*,#4582,.F.);
#1885=ORIENTED_EDGE('',*,*,#4587,.F.);
#1886=ORIENTED_EDGE('',*,*,#4588,.F.);
#1887=ORIENTED_EDGE('',*,*,#4589,.F.);
#1888=ORIENTED_EDGE('',*,*,#4590,.F.);
#1889=ORIENTED_EDGE('',*,*,#4591,.F.);
#1890=ORIENTED_EDGE('',*,*,#4592,.F.);
#1891=ORIENTED_EDGE('',*,*,#4593,.F.);
#1892=ORIENTED_EDGE('',*,*,#4594,.F.);
#1893=ORIENTED_EDGE('',*,*,#4595,.F.);
#1894=ORIENTED_EDGE('',*,*,#4596,.F.);
#1895=ORIENTED_EDGE('',*,*,#4597,.F.);
#1896=ORIENTED_EDGE('',*,*,#4598,.F.);
#1897=ORIENTED_EDGE('',*,*,#4599,.F.);
#1898=ORIENTED_EDGE('',*,*,#4600,.T.);
#1899=ORIENTED_EDGE('',*,*,#4601,.T.);
#1900=ORIENTED_EDGE('',*,*,#4602,.F.);
#1901=ORIENTED_EDGE('',*,*,#4603,.F.);
#1902=ORIENTED_EDGE('',*,*,#4604,.T.);
#1903=ORIENTED_EDGE('',*,*,#4605,.T.);
#1904=ORIENTED_EDGE('',*,*,#4600,.F.);
#1905=ORIENTED_EDGE('',*,*,#4606,.F.);
#1906=ORIENTED_EDGE('',*,*,#4607,.T.);
#1907=ORIENTED_EDGE('',*,*,#4608,.T.);
#1908=ORIENTED_EDGE('',*,*,#4604,.F.);
#1909=ORIENTED_EDGE('',*,*,#4609,.F.);
#1910=ORIENTED_EDGE('',*,*,#4610,.F.);
#1911=ORIENTED_EDGE('',*,*,#4611,.F.);
#1912=ORIENTED_EDGE('',*,*,#4612,.F.);
#1913=ORIENTED_EDGE('',*,*,#4613,.F.);
#1914=ORIENTED_EDGE('',*,*,#4614,.F.);
#1915=ORIENTED_EDGE('',*,*,#4615,.F.);
#1916=ORIENTED_EDGE('',*,*,#4616,.F.);
#1917=ORIENTED_EDGE('',*,*,#4617,.F.);
#1918=ORIENTED_EDGE('',*,*,#4618,.F.);
#1919=ORIENTED_EDGE('',*,*,#4619,.F.);
#1920=ORIENTED_EDGE('',*,*,#4620,.F.);
#1921=ORIENTED_EDGE('',*,*,#4621,.F.);
#1922=ORIENTED_EDGE('',*,*,#4622,.T.);
#1923=ORIENTED_EDGE('',*,*,#4623,.T.);
#1924=ORIENTED_EDGE('',*,*,#4624,.F.);
#1925=ORIENTED_EDGE('',*,*,#4625,.F.);
#1926=ORIENTED_EDGE('',*,*,#4626,.T.);
#1927=ORIENTED_EDGE('',*,*,#4627,.T.);
#1928=ORIENTED_EDGE('',*,*,#4622,.F.);
#1929=ORIENTED_EDGE('',*,*,#4628,.F.);
#1930=ORIENTED_EDGE('',*,*,#4629,.T.);
#1931=ORIENTED_EDGE('',*,*,#4630,.T.);
#1932=ORIENTED_EDGE('',*,*,#4626,.F.);
#1933=ORIENTED_EDGE('',*,*,#4631,.F.);
#1934=ORIENTED_EDGE('',*,*,#4632,.F.);
#1935=ORIENTED_EDGE('',*,*,#4633,.F.);
#1936=ORIENTED_EDGE('',*,*,#4634,.F.);
#1937=ORIENTED_EDGE('',*,*,#4635,.F.);
#1938=ORIENTED_EDGE('',*,*,#4636,.F.);
#1939=ORIENTED_EDGE('',*,*,#4637,.F.);
#1940=ORIENTED_EDGE('',*,*,#4638,.F.);
#1941=ORIENTED_EDGE('',*,*,#4639,.F.);
#1942=ORIENTED_EDGE('',*,*,#4640,.F.);
#1943=ORIENTED_EDGE('',*,*,#4641,.F.);
#1944=ORIENTED_EDGE('',*,*,#4642,.F.);
#1945=ORIENTED_EDGE('',*,*,#4643,.F.);
#1946=ORIENTED_EDGE('',*,*,#4644,.T.);
#1947=ORIENTED_EDGE('',*,*,#4645,.T.);
#1948=ORIENTED_EDGE('',*,*,#4646,.F.);
#1949=ORIENTED_EDGE('',*,*,#4647,.F.);
#1950=ORIENTED_EDGE('',*,*,#4648,.T.);
#1951=ORIENTED_EDGE('',*,*,#4649,.T.);
#1952=ORIENTED_EDGE('',*,*,#4644,.F.);
#1953=ORIENTED_EDGE('',*,*,#4650,.F.);
#1954=ORIENTED_EDGE('',*,*,#4651,.T.);
#1955=ORIENTED_EDGE('',*,*,#4652,.T.);
#1956=ORIENTED_EDGE('',*,*,#4648,.F.);
#1957=ORIENTED_EDGE('',*,*,#4653,.F.);
#1958=ORIENTED_EDGE('',*,*,#4654,.F.);
#1959=ORIENTED_EDGE('',*,*,#4655,.F.);
#1960=ORIENTED_EDGE('',*,*,#4656,.F.);
#1961=ORIENTED_EDGE('',*,*,#4657,.F.);
#1962=ORIENTED_EDGE('',*,*,#4658,.F.);
#1963=ORIENTED_EDGE('',*,*,#4659,.F.);
#1964=ORIENTED_EDGE('',*,*,#4316,.T.);
#1965=ORIENTED_EDGE('',*,*,#4660,.T.);
#1966=ORIENTED_EDGE('',*,*,#4321,.F.);
#1967=ORIENTED_EDGE('',*,*,#4661,.F.);
#1968=ORIENTED_EDGE('',*,*,#4338,.T.);
#1969=ORIENTED_EDGE('',*,*,#4662,.T.);
#1970=ORIENTED_EDGE('',*,*,#4343,.F.);
#1971=ORIENTED_EDGE('',*,*,#4663,.F.);
#1972=ORIENTED_EDGE('',*,*,#4360,.T.);
#1973=ORIENTED_EDGE('',*,*,#4664,.T.);
#1974=ORIENTED_EDGE('',*,*,#4365,.F.);
#1975=ORIENTED_EDGE('',*,*,#4665,.F.);
#1976=ORIENTED_EDGE('',*,*,#4382,.T.);
#1977=ORIENTED_EDGE('',*,*,#4666,.T.);
#1978=ORIENTED_EDGE('',*,*,#4387,.F.);
#1979=ORIENTED_EDGE('',*,*,#4667,.F.);
#1980=ORIENTED_EDGE('',*,*,#4404,.T.);
#1981=ORIENTED_EDGE('',*,*,#4668,.T.);
#1982=ORIENTED_EDGE('',*,*,#4409,.F.);
#1983=ORIENTED_EDGE('',*,*,#4669,.F.);
#1984=ORIENTED_EDGE('',*,*,#4426,.T.);
#1985=ORIENTED_EDGE('',*,*,#4670,.T.);
#1986=ORIENTED_EDGE('',*,*,#4431,.F.);
#1987=ORIENTED_EDGE('',*,*,#4671,.F.);
#1988=ORIENTED_EDGE('',*,*,#4448,.T.);
#1989=ORIENTED_EDGE('',*,*,#4672,.T.);
#1990=ORIENTED_EDGE('',*,*,#4453,.F.);
#1991=ORIENTED_EDGE('',*,*,#4673,.F.);
#1992=ORIENTED_EDGE('',*,*,#4470,.T.);
#1993=ORIENTED_EDGE('',*,*,#4674,.T.);
#1994=ORIENTED_EDGE('',*,*,#4475,.F.);
#1995=ORIENTED_EDGE('',*,*,#4675,.F.);
#1996=ORIENTED_EDGE('',*,*,#4492,.T.);
#1997=ORIENTED_EDGE('',*,*,#4676,.T.);
#1998=ORIENTED_EDGE('',*,*,#4497,.F.);
#1999=ORIENTED_EDGE('',*,*,#4677,.F.);
#2000=ORIENTED_EDGE('',*,*,#4514,.T.);
#2001=ORIENTED_EDGE('',*,*,#4678,.T.);
#2002=ORIENTED_EDGE('',*,*,#4519,.F.);
#2003=ORIENTED_EDGE('',*,*,#4679,.F.);
#2004=ORIENTED_EDGE('',*,*,#4536,.T.);
#2005=ORIENTED_EDGE('',*,*,#4680,.T.);
#2006=ORIENTED_EDGE('',*,*,#4541,.F.);
#2007=ORIENTED_EDGE('',*,*,#4681,.F.);
#2008=ORIENTED_EDGE('',*,*,#4558,.T.);
#2009=ORIENTED_EDGE('',*,*,#4682,.T.);
#2010=ORIENTED_EDGE('',*,*,#4563,.F.);
#2011=ORIENTED_EDGE('',*,*,#4683,.F.);
#2012=ORIENTED_EDGE('',*,*,#4580,.T.);
#2013=ORIENTED_EDGE('',*,*,#4684,.T.);
#2014=ORIENTED_EDGE('',*,*,#4585,.F.);
#2015=ORIENTED_EDGE('',*,*,#4685,.F.);
#2016=ORIENTED_EDGE('',*,*,#4602,.T.);
#2017=ORIENTED_EDGE('',*,*,#4686,.T.);
#2018=ORIENTED_EDGE('',*,*,#4607,.F.);
#2019=ORIENTED_EDGE('',*,*,#4687,.F.);
#2020=ORIENTED_EDGE('',*,*,#4624,.T.);
#2021=ORIENTED_EDGE('',*,*,#4688,.T.);
#2022=ORIENTED_EDGE('',*,*,#4629,.F.);
#2023=ORIENTED_EDGE('',*,*,#4689,.F.);
#2024=ORIENTED_EDGE('',*,*,#4646,.T.);
#2025=ORIENTED_EDGE('',*,*,#4690,.T.);
#2026=ORIENTED_EDGE('',*,*,#4651,.F.);
#2027=ORIENTED_EDGE('',*,*,#4315,.F.);
#2028=ORIENTED_EDGE('',*,*,#4319,.F.);
#2029=ORIENTED_EDGE('',*,*,#4322,.F.);
#2030=ORIENTED_EDGE('',*,*,#4660,.F.);
#2031=ORIENTED_EDGE('',*,*,#4337,.F.);
#2032=ORIENTED_EDGE('',*,*,#4341,.F.);
#2033=ORIENTED_EDGE('',*,*,#4344,.F.);
#2034=ORIENTED_EDGE('',*,*,#4662,.F.);
#2035=ORIENTED_EDGE('',*,*,#4359,.F.);
#2036=ORIENTED_EDGE('',*,*,#4363,.F.);
#2037=ORIENTED_EDGE('',*,*,#4366,.F.);
#2038=ORIENTED_EDGE('',*,*,#4664,.F.);
#2039=ORIENTED_EDGE('',*,*,#4381,.F.);
#2040=ORIENTED_EDGE('',*,*,#4385,.F.);
#2041=ORIENTED_EDGE('',*,*,#4388,.F.);
#2042=ORIENTED_EDGE('',*,*,#4666,.F.);
#2043=ORIENTED_EDGE('',*,*,#4403,.F.);
#2044=ORIENTED_EDGE('',*,*,#4407,.F.);
#2045=ORIENTED_EDGE('',*,*,#4410,.F.);
#2046=ORIENTED_EDGE('',*,*,#4668,.F.);
#2047=ORIENTED_EDGE('',*,*,#4425,.F.);
#2048=ORIENTED_EDGE('',*,*,#4429,.F.);
#2049=ORIENTED_EDGE('',*,*,#4432,.F.);
#2050=ORIENTED_EDGE('',*,*,#4670,.F.);
#2051=ORIENTED_EDGE('',*,*,#4447,.F.);
#2052=ORIENTED_EDGE('',*,*,#4451,.F.);
#2053=ORIENTED_EDGE('',*,*,#4454,.F.);
#2054=ORIENTED_EDGE('',*,*,#4672,.F.);
#2055=ORIENTED_EDGE('',*,*,#4469,.F.);
#2056=ORIENTED_EDGE('',*,*,#4473,.F.);
#2057=ORIENTED_EDGE('',*,*,#4476,.F.);
#2058=ORIENTED_EDGE('',*,*,#4674,.F.);
#2059=ORIENTED_EDGE('',*,*,#4491,.F.);
#2060=ORIENTED_EDGE('',*,*,#4495,.F.);
#2061=ORIENTED_EDGE('',*,*,#4498,.F.);
#2062=ORIENTED_EDGE('',*,*,#4676,.F.);
#2063=ORIENTED_EDGE('',*,*,#4513,.F.);
#2064=ORIENTED_EDGE('',*,*,#4517,.F.);
#2065=ORIENTED_EDGE('',*,*,#4520,.F.);
#2066=ORIENTED_EDGE('',*,*,#4678,.F.);
#2067=ORIENTED_EDGE('',*,*,#4535,.F.);
#2068=ORIENTED_EDGE('',*,*,#4539,.F.);
#2069=ORIENTED_EDGE('',*,*,#4542,.F.);
#2070=ORIENTED_EDGE('',*,*,#4680,.F.);
#2071=ORIENTED_EDGE('',*,*,#4557,.F.);
#2072=ORIENTED_EDGE('',*,*,#4561,.F.);
#2073=ORIENTED_EDGE('',*,*,#4564,.F.);
#2074=ORIENTED_EDGE('',*,*,#4682,.F.);
#2075=ORIENTED_EDGE('',*,*,#4579,.F.);
#2076=ORIENTED_EDGE('',*,*,#4583,.F.);
#2077=ORIENTED_EDGE('',*,*,#4586,.F.);
#2078=ORIENTED_EDGE('',*,*,#4684,.F.);
#2079=ORIENTED_EDGE('',*,*,#4601,.F.);
#2080=ORIENTED_EDGE('',*,*,#4605,.F.);
#2081=ORIENTED_EDGE('',*,*,#4608,.F.);
#2082=ORIENTED_EDGE('',*,*,#4686,.F.);
#2083=ORIENTED_EDGE('',*,*,#4623,.F.);
#2084=ORIENTED_EDGE('',*,*,#4627,.F.);
#2085=ORIENTED_EDGE('',*,*,#4630,.F.);
#2086=ORIENTED_EDGE('',*,*,#4688,.F.);
#2087=ORIENTED_EDGE('',*,*,#4645,.F.);
#2088=ORIENTED_EDGE('',*,*,#4649,.F.);
#2089=ORIENTED_EDGE('',*,*,#4652,.F.);
#2090=ORIENTED_EDGE('',*,*,#4690,.F.);
#2091=ORIENTED_EDGE('',*,*,#4297,.T.);
#2092=ORIENTED_EDGE('',*,*,#4301,.T.);
#2093=ORIENTED_EDGE('',*,*,#4304,.T.);
#2094=ORIENTED_EDGE('',*,*,#4306,.T.);
#2095=ORIENTED_EDGE('',*,*,#4637,.T.);
#2096=ORIENTED_EDGE('',*,*,#4689,.T.);
#2097=ORIENTED_EDGE('',*,*,#4650,.T.);
#2098=ORIENTED_EDGE('',*,*,#4691,.T.);
#2099=ORIENTED_EDGE('',*,*,#4643,.T.);
#2100=ORIENTED_EDGE('',*,*,#4692,.F.);
#2101=ORIENTED_EDGE('',*,*,#4653,.T.);
#2102=ORIENTED_EDGE('',*,*,#4647,.T.);
#2103=ORIENTED_EDGE('',*,*,#4642,.T.);
#2104=ORIENTED_EDGE('',*,*,#4693,.F.);
#2105=ORIENTED_EDGE('',*,*,#4654,.T.);
#2106=ORIENTED_EDGE('',*,*,#4692,.T.);
#2107=ORIENTED_EDGE('',*,*,#4641,.T.);
#2108=ORIENTED_EDGE('',*,*,#4694,.F.);
#2109=ORIENTED_EDGE('',*,*,#4655,.T.);
#2110=ORIENTED_EDGE('',*,*,#4693,.T.);
#2111=ORIENTED_EDGE('',*,*,#4640,.T.);
#2112=ORIENTED_EDGE('',*,*,#4695,.F.);
#2113=ORIENTED_EDGE('',*,*,#4656,.T.);
#2114=ORIENTED_EDGE('',*,*,#4694,.T.);
#2115=ORIENTED_EDGE('',*,*,#4639,.T.);
#2116=ORIENTED_EDGE('',*,*,#4696,.F.);
#2117=ORIENTED_EDGE('',*,*,#4657,.T.);
#2118=ORIENTED_EDGE('',*,*,#4695,.T.);
#2119=ORIENTED_EDGE('',*,*,#4638,.T.);
#2120=ORIENTED_EDGE('',*,*,#4691,.F.);
#2121=ORIENTED_EDGE('',*,*,#4658,.T.);
#2122=ORIENTED_EDGE('',*,*,#4696,.T.);
#2123=ORIENTED_EDGE('',*,*,#4615,.T.);
#2124=ORIENTED_EDGE('',*,*,#4687,.T.);
#2125=ORIENTED_EDGE('',*,*,#4628,.T.);
#2126=ORIENTED_EDGE('',*,*,#4697,.T.);
#2127=ORIENTED_EDGE('',*,*,#4621,.T.);
#2128=ORIENTED_EDGE('',*,*,#4698,.F.);
#2129=ORIENTED_EDGE('',*,*,#4631,.T.);
#2130=ORIENTED_EDGE('',*,*,#4625,.T.);
#2131=ORIENTED_EDGE('',*,*,#4620,.T.);
#2132=ORIENTED_EDGE('',*,*,#4699,.F.);
#2133=ORIENTED_EDGE('',*,*,#4632,.T.);
#2134=ORIENTED_EDGE('',*,*,#4698,.T.);
#2135=ORIENTED_EDGE('',*,*,#4619,.T.);
#2136=ORIENTED_EDGE('',*,*,#4700,.F.);
#2137=ORIENTED_EDGE('',*,*,#4633,.T.);
#2138=ORIENTED_EDGE('',*,*,#4699,.T.);
#2139=ORIENTED_EDGE('',*,*,#4618,.T.);
#2140=ORIENTED_EDGE('',*,*,#4701,.F.);
#2141=ORIENTED_EDGE('',*,*,#4634,.T.);
#2142=ORIENTED_EDGE('',*,*,#4700,.T.);
#2143=ORIENTED_EDGE('',*,*,#4617,.T.);
#2144=ORIENTED_EDGE('',*,*,#4702,.F.);
#2145=ORIENTED_EDGE('',*,*,#4635,.T.);
#2146=ORIENTED_EDGE('',*,*,#4701,.T.);
#2147=ORIENTED_EDGE('',*,*,#4616,.T.);
#2148=ORIENTED_EDGE('',*,*,#4697,.F.);
#2149=ORIENTED_EDGE('',*,*,#4636,.T.);
#2150=ORIENTED_EDGE('',*,*,#4702,.T.);
#2151=ORIENTED_EDGE('',*,*,#4593,.T.);
#2152=ORIENTED_EDGE('',*,*,#4685,.T.);
#2153=ORIENTED_EDGE('',*,*,#4606,.T.);
#2154=ORIENTED_EDGE('',*,*,#4703,.T.);
#2155=ORIENTED_EDGE('',*,*,#4599,.T.);
#2156=ORIENTED_EDGE('',*,*,#4704,.F.);
#2157=ORIENTED_EDGE('',*,*,#4609,.T.);
#2158=ORIENTED_EDGE('',*,*,#4603,.T.);
#2159=ORIENTED_EDGE('',*,*,#4598,.T.);
#2160=ORIENTED_EDGE('',*,*,#4705,.F.);
#2161=ORIENTED_EDGE('',*,*,#4610,.T.);
#2162=ORIENTED_EDGE('',*,*,#4704,.T.);
#2163=ORIENTED_EDGE('',*,*,#4597,.T.);
#2164=ORIENTED_EDGE('',*,*,#4706,.F.);
#2165=ORIENTED_EDGE('',*,*,#4611,.T.);
#2166=ORIENTED_EDGE('',*,*,#4705,.T.);
#2167=ORIENTED_EDGE('',*,*,#4596,.T.);
#2168=ORIENTED_EDGE('',*,*,#4707,.F.);
#2169=ORIENTED_EDGE('',*,*,#4612,.T.);
#2170=ORIENTED_EDGE('',*,*,#4706,.T.);
#2171=ORIENTED_EDGE('',*,*,#4595,.T.);
#2172=ORIENTED_EDGE('',*,*,#4708,.F.);
#2173=ORIENTED_EDGE('',*,*,#4613,.T.);
#2174=ORIENTED_EDGE('',*,*,#4707,.T.);
#2175=ORIENTED_EDGE('',*,*,#4594,.T.);
#2176=ORIENTED_EDGE('',*,*,#4703,.F.);
#2177=ORIENTED_EDGE('',*,*,#4614,.T.);
#2178=ORIENTED_EDGE('',*,*,#4708,.T.);
#2179=ORIENTED_EDGE('',*,*,#4571,.T.);
#2180=ORIENTED_EDGE('',*,*,#4683,.T.);
#2181=ORIENTED_EDGE('',*,*,#4584,.T.);
#2182=ORIENTED_EDGE('',*,*,#4709,.T.);
#2183=ORIENTED_EDGE('',*,*,#4577,.T.);
#2184=ORIENTED_EDGE('',*,*,#4710,.F.);
#2185=ORIENTED_EDGE('',*,*,#4587,.T.);
#2186=ORIENTED_EDGE('',*,*,#4581,.T.);
#2187=ORIENTED_EDGE('',*,*,#4576,.T.);
#2188=ORIENTED_EDGE('',*,*,#4711,.F.);
#2189=ORIENTED_EDGE('',*,*,#4588,.T.);
#2190=ORIENTED_EDGE('',*,*,#4710,.T.);
#2191=ORIENTED_EDGE('',*,*,#4575,.T.);
#2192=ORIENTED_EDGE('',*,*,#4712,.F.);
#2193=ORIENTED_EDGE('',*,*,#4589,.T.);
#2194=ORIENTED_EDGE('',*,*,#4711,.T.);
#2195=ORIENTED_EDGE('',*,*,#4574,.T.);
#2196=ORIENTED_EDGE('',*,*,#4713,.F.);
#2197=ORIENTED_EDGE('',*,*,#4590,.T.);
#2198=ORIENTED_EDGE('',*,*,#4712,.T.);
#2199=ORIENTED_EDGE('',*,*,#4573,.T.);
#2200=ORIENTED_EDGE('',*,*,#4714,.F.);
#2201=ORIENTED_EDGE('',*,*,#4591,.T.);
#2202=ORIENTED_EDGE('',*,*,#4713,.T.);
#2203=ORIENTED_EDGE('',*,*,#4572,.T.);
#2204=ORIENTED_EDGE('',*,*,#4709,.F.);
#2205=ORIENTED_EDGE('',*,*,#4592,.T.);
#2206=ORIENTED_EDGE('',*,*,#4714,.T.);
#2207=ORIENTED_EDGE('',*,*,#4549,.T.);
#2208=ORIENTED_EDGE('',*,*,#4681,.T.);
#2209=ORIENTED_EDGE('',*,*,#4562,.T.);
#2210=ORIENTED_EDGE('',*,*,#4715,.T.);
#2211=ORIENTED_EDGE('',*,*,#4555,.T.);
#2212=ORIENTED_EDGE('',*,*,#4716,.F.);
#2213=ORIENTED_EDGE('',*,*,#4565,.T.);
#2214=ORIENTED_EDGE('',*,*,#4559,.T.);
#2215=ORIENTED_EDGE('',*,*,#4554,.T.);
#2216=ORIENTED_EDGE('',*,*,#4717,.F.);
#2217=ORIENTED_EDGE('',*,*,#4566,.T.);
#2218=ORIENTED_EDGE('',*,*,#4716,.T.);
#2219=ORIENTED_EDGE('',*,*,#4553,.T.);
#2220=ORIENTED_EDGE('',*,*,#4718,.F.);
#2221=ORIENTED_EDGE('',*,*,#4567,.T.);
#2222=ORIENTED_EDGE('',*,*,#4717,.T.);
#2223=ORIENTED_EDGE('',*,*,#4552,.T.);
#2224=ORIENTED_EDGE('',*,*,#4719,.F.);
#2225=ORIENTED_EDGE('',*,*,#4568,.T.);
#2226=ORIENTED_EDGE('',*,*,#4718,.T.);
#2227=ORIENTED_EDGE('',*,*,#4551,.T.);
#2228=ORIENTED_EDGE('',*,*,#4720,.F.);
#2229=ORIENTED_EDGE('',*,*,#4569,.T.);
#2230=ORIENTED_EDGE('',*,*,#4719,.T.);
#2231=ORIENTED_EDGE('',*,*,#4550,.T.);
#2232=ORIENTED_EDGE('',*,*,#4715,.F.);
#2233=ORIENTED_EDGE('',*,*,#4570,.T.);
#2234=ORIENTED_EDGE('',*,*,#4720,.T.);
#2235=ORIENTED_EDGE('',*,*,#4527,.T.);
#2236=ORIENTED_EDGE('',*,*,#4679,.T.);
#2237=ORIENTED_EDGE('',*,*,#4540,.T.);
#2238=ORIENTED_EDGE('',*,*,#4721,.T.);
#2239=ORIENTED_EDGE('',*,*,#4533,.T.);
#2240=ORIENTED_EDGE('',*,*,#4722,.F.);
#2241=ORIENTED_EDGE('',*,*,#4543,.T.);
#2242=ORIENTED_EDGE('',*,*,#4537,.T.);
#2243=ORIENTED_EDGE('',*,*,#4532,.T.);
#2244=ORIENTED_EDGE('',*,*,#4723,.F.);
#2245=ORIENTED_EDGE('',*,*,#4544,.T.);
#2246=ORIENTED_EDGE('',*,*,#4722,.T.);
#2247=ORIENTED_EDGE('',*,*,#4531,.T.);
#2248=ORIENTED_EDGE('',*,*,#4724,.F.);
#2249=ORIENTED_EDGE('',*,*,#4545,.T.);
#2250=ORIENTED_EDGE('',*,*,#4723,.T.);
#2251=ORIENTED_EDGE('',*,*,#4530,.T.);
#2252=ORIENTED_EDGE('',*,*,#4725,.F.);
#2253=ORIENTED_EDGE('',*,*,#4546,.T.);
#2254=ORIENTED_EDGE('',*,*,#4724,.T.);
#2255=ORIENTED_EDGE('',*,*,#4529,.T.);
#2256=ORIENTED_EDGE('',*,*,#4726,.F.);
#2257=ORIENTED_EDGE('',*,*,#4547,.T.);
#2258=ORIENTED_EDGE('',*,*,#4725,.T.);
#2259=ORIENTED_EDGE('',*,*,#4528,.T.);
#2260=ORIENTED_EDGE('',*,*,#4721,.F.);
#2261=ORIENTED_EDGE('',*,*,#4548,.T.);
#2262=ORIENTED_EDGE('',*,*,#4726,.T.);
#2263=ORIENTED_EDGE('',*,*,#4505,.T.);
#2264=ORIENTED_EDGE('',*,*,#4677,.T.);
#2265=ORIENTED_EDGE('',*,*,#4518,.T.);
#2266=ORIENTED_EDGE('',*,*,#4727,.T.);
#2267=ORIENTED_EDGE('',*,*,#4511,.T.);
#2268=ORIENTED_EDGE('',*,*,#4728,.F.);
#2269=ORIENTED_EDGE('',*,*,#4521,.T.);
#2270=ORIENTED_EDGE('',*,*,#4515,.T.);
#2271=ORIENTED_EDGE('',*,*,#4510,.T.);
#2272=ORIENTED_EDGE('',*,*,#4729,.F.);
#2273=ORIENTED_EDGE('',*,*,#4522,.T.);
#2274=ORIENTED_EDGE('',*,*,#4728,.T.);
#2275=ORIENTED_EDGE('',*,*,#4509,.T.);
#2276=ORIENTED_EDGE('',*,*,#4730,.F.);
#2277=ORIENTED_EDGE('',*,*,#4523,.T.);
#2278=ORIENTED_EDGE('',*,*,#4729,.T.);
#2279=ORIENTED_EDGE('',*,*,#4508,.T.);
#2280=ORIENTED_EDGE('',*,*,#4731,.F.);
#2281=ORIENTED_EDGE('',*,*,#4524,.T.);
#2282=ORIENTED_EDGE('',*,*,#4730,.T.);
#2283=ORIENTED_EDGE('',*,*,#4507,.T.);
#2284=ORIENTED_EDGE('',*,*,#4732,.F.);
#2285=ORIENTED_EDGE('',*,*,#4525,.T.);
#2286=ORIENTED_EDGE('',*,*,#4731,.T.);
#2287=ORIENTED_EDGE('',*,*,#4506,.T.);
#2288=ORIENTED_EDGE('',*,*,#4727,.F.);
#2289=ORIENTED_EDGE('',*,*,#4526,.T.);
#2290=ORIENTED_EDGE('',*,*,#4732,.T.);
#2291=ORIENTED_EDGE('',*,*,#4483,.T.);
#2292=ORIENTED_EDGE('',*,*,#4675,.T.);
#2293=ORIENTED_EDGE('',*,*,#4496,.T.);
#2294=ORIENTED_EDGE('',*,*,#4733,.T.);
#2295=ORIENTED_EDGE('',*,*,#4489,.T.);
#2296=ORIENTED_EDGE('',*,*,#4734,.F.);
#2297=ORIENTED_EDGE('',*,*,#4499,.T.);
#2298=ORIENTED_EDGE('',*,*,#4493,.T.);
#2299=ORIENTED_EDGE('',*,*,#4488,.T.);
#2300=ORIENTED_EDGE('',*,*,#4735,.F.);
#2301=ORIENTED_EDGE('',*,*,#4500,.T.);
#2302=ORIENTED_EDGE('',*,*,#4734,.T.);
#2303=ORIENTED_EDGE('',*,*,#4487,.T.);
#2304=ORIENTED_EDGE('',*,*,#4736,.F.);
#2305=ORIENTED_EDGE('',*,*,#4501,.T.);
#2306=ORIENTED_EDGE('',*,*,#4735,.T.);
#2307=ORIENTED_EDGE('',*,*,#4486,.T.);
#2308=ORIENTED_EDGE('',*,*,#4737,.F.);
#2309=ORIENTED_EDGE('',*,*,#4502,.T.);
#2310=ORIENTED_EDGE('',*,*,#4736,.T.);
#2311=ORIENTED_EDGE('',*,*,#4485,.T.);
#2312=ORIENTED_EDGE('',*,*,#4738,.F.);
#2313=ORIENTED_EDGE('',*,*,#4503,.T.);
#2314=ORIENTED_EDGE('',*,*,#4737,.T.);
#2315=ORIENTED_EDGE('',*,*,#4484,.T.);
#2316=ORIENTED_EDGE('',*,*,#4733,.F.);
#2317=ORIENTED_EDGE('',*,*,#4504,.T.);
#2318=ORIENTED_EDGE('',*,*,#4738,.T.);
#2319=ORIENTED_EDGE('',*,*,#4461,.T.);
#2320=ORIENTED_EDGE('',*,*,#4673,.T.);
#2321=ORIENTED_EDGE('',*,*,#4474,.T.);
#2322=ORIENTED_EDGE('',*,*,#4739,.T.);
#2323=ORIENTED_EDGE('',*,*,#4467,.T.);
#2324=ORIENTED_EDGE('',*,*,#4740,.F.);
#2325=ORIENTED_EDGE('',*,*,#4477,.T.);
#2326=ORIENTED_EDGE('',*,*,#4471,.T.);
#2327=ORIENTED_EDGE('',*,*,#4466,.T.);
#2328=ORIENTED_EDGE('',*,*,#4741,.F.);
#2329=ORIENTED_EDGE('',*,*,#4478,.T.);
#2330=ORIENTED_EDGE('',*,*,#4740,.T.);
#2331=ORIENTED_EDGE('',*,*,#4465,.T.);
#2332=ORIENTED_EDGE('',*,*,#4742,.F.);
#2333=ORIENTED_EDGE('',*,*,#4479,.T.);
#2334=ORIENTED_EDGE('',*,*,#4741,.T.);
#2335=ORIENTED_EDGE('',*,*,#4464,.T.);
#2336=ORIENTED_EDGE('',*,*,#4743,.F.);
#2337=ORIENTED_EDGE('',*,*,#4480,.T.);
#2338=ORIENTED_EDGE('',*,*,#4742,.T.);
#2339=ORIENTED_EDGE('',*,*,#4463,.T.);
#2340=ORIENTED_EDGE('',*,*,#4744,.F.);
#2341=ORIENTED_EDGE('',*,*,#4481,.T.);
#2342=ORIENTED_EDGE('',*,*,#4743,.T.);
#2343=ORIENTED_EDGE('',*,*,#4462,.T.);
#2344=ORIENTED_EDGE('',*,*,#4739,.F.);
#2345=ORIENTED_EDGE('',*,*,#4482,.T.);
#2346=ORIENTED_EDGE('',*,*,#4744,.T.);
#2347=ORIENTED_EDGE('',*,*,#4439,.T.);
#2348=ORIENTED_EDGE('',*,*,#4671,.T.);
#2349=ORIENTED_EDGE('',*,*,#4452,.T.);
#2350=ORIENTED_EDGE('',*,*,#4745,.T.);
#2351=ORIENTED_EDGE('',*,*,#4445,.T.);
#2352=ORIENTED_EDGE('',*,*,#4746,.F.);
#2353=ORIENTED_EDGE('',*,*,#4455,.T.);
#2354=ORIENTED_EDGE('',*,*,#4449,.T.);
#2355=ORIENTED_EDGE('',*,*,#4444,.T.);
#2356=ORIENTED_EDGE('',*,*,#4747,.F.);
#2357=ORIENTED_EDGE('',*,*,#4456,.T.);
#2358=ORIENTED_EDGE('',*,*,#4746,.T.);
#2359=ORIENTED_EDGE('',*,*,#4443,.T.);
#2360=ORIENTED_EDGE('',*,*,#4748,.F.);
#2361=ORIENTED_EDGE('',*,*,#4457,.T.);
#2362=ORIENTED_EDGE('',*,*,#4747,.T.);
#2363=ORIENTED_EDGE('',*,*,#4442,.T.);
#2364=ORIENTED_EDGE('',*,*,#4749,.F.);
#2365=ORIENTED_EDGE('',*,*,#4458,.T.);
#2366=ORIENTED_EDGE('',*,*,#4748,.T.);
#2367=ORIENTED_EDGE('',*,*,#4441,.T.);
#2368=ORIENTED_EDGE('',*,*,#4750,.F.);
#2369=ORIENTED_EDGE('',*,*,#4459,.T.);
#2370=ORIENTED_EDGE('',*,*,#4749,.T.);
#2371=ORIENTED_EDGE('',*,*,#4440,.T.);
#2372=ORIENTED_EDGE('',*,*,#4745,.F.);
#2373=ORIENTED_EDGE('',*,*,#4460,.T.);
#2374=ORIENTED_EDGE('',*,*,#4750,.T.);
#2375=ORIENTED_EDGE('',*,*,#4417,.T.);
#2376=ORIENTED_EDGE('',*,*,#4669,.T.);
#2377=ORIENTED_EDGE('',*,*,#4430,.T.);
#2378=ORIENTED_EDGE('',*,*,#4751,.T.);
#2379=ORIENTED_EDGE('',*,*,#4423,.T.);
#2380=ORIENTED_EDGE('',*,*,#4752,.F.);
#2381=ORIENTED_EDGE('',*,*,#4433,.T.);
#2382=ORIENTED_EDGE('',*,*,#4427,.T.);
#2383=ORIENTED_EDGE('',*,*,#4422,.T.);
#2384=ORIENTED_EDGE('',*,*,#4753,.F.);
#2385=ORIENTED_EDGE('',*,*,#4434,.T.);
#2386=ORIENTED_EDGE('',*,*,#4752,.T.);
#2387=ORIENTED_EDGE('',*,*,#4421,.T.);
#2388=ORIENTED_EDGE('',*,*,#4754,.F.);
#2389=ORIENTED_EDGE('',*,*,#4435,.T.);
#2390=ORIENTED_EDGE('',*,*,#4753,.T.);
#2391=ORIENTED_EDGE('',*,*,#4420,.T.);
#2392=ORIENTED_EDGE('',*,*,#4755,.F.);
#2393=ORIENTED_EDGE('',*,*,#4436,.T.);
#2394=ORIENTED_EDGE('',*,*,#4754,.T.);
#2395=ORIENTED_EDGE('',*,*,#4419,.T.);
#2396=ORIENTED_EDGE('',*,*,#4756,.F.);
#2397=ORIENTED_EDGE('',*,*,#4437,.T.);
#2398=ORIENTED_EDGE('',*,*,#4755,.T.);
#2399=ORIENTED_EDGE('',*,*,#4418,.T.);
#2400=ORIENTED_EDGE('',*,*,#4751,.F.);
#2401=ORIENTED_EDGE('',*,*,#4438,.T.);
#2402=ORIENTED_EDGE('',*,*,#4756,.T.);
#2403=ORIENTED_EDGE('',*,*,#4395,.T.);
#2404=ORIENTED_EDGE('',*,*,#4667,.T.);
#2405=ORIENTED_EDGE('',*,*,#4408,.T.);
#2406=ORIENTED_EDGE('',*,*,#4757,.T.);
#2407=ORIENTED_EDGE('',*,*,#4401,.T.);
#2408=ORIENTED_EDGE('',*,*,#4758,.F.);
#2409=ORIENTED_EDGE('',*,*,#4411,.T.);
#2410=ORIENTED_EDGE('',*,*,#4405,.T.);
#2411=ORIENTED_EDGE('',*,*,#4400,.T.);
#2412=ORIENTED_EDGE('',*,*,#4759,.F.);
#2413=ORIENTED_EDGE('',*,*,#4412,.T.);
#2414=ORIENTED_EDGE('',*,*,#4758,.T.);
#2415=ORIENTED_EDGE('',*,*,#4399,.T.);
#2416=ORIENTED_EDGE('',*,*,#4760,.F.);
#2417=ORIENTED_EDGE('',*,*,#4413,.T.);
#2418=ORIENTED_EDGE('',*,*,#4759,.T.);
#2419=ORIENTED_EDGE('',*,*,#4398,.T.);
#2420=ORIENTED_EDGE('',*,*,#4761,.F.);
#2421=ORIENTED_EDGE('',*,*,#4414,.T.);
#2422=ORIENTED_EDGE('',*,*,#4760,.T.);
#2423=ORIENTED_EDGE('',*,*,#4397,.T.);
#2424=ORIENTED_EDGE('',*,*,#4762,.F.);
#2425=ORIENTED_EDGE('',*,*,#4415,.T.);
#2426=ORIENTED_EDGE('',*,*,#4761,.T.);
#2427=ORIENTED_EDGE('',*,*,#4396,.T.);
#2428=ORIENTED_EDGE('',*,*,#4757,.F.);
#2429=ORIENTED_EDGE('',*,*,#4416,.T.);
#2430=ORIENTED_EDGE('',*,*,#4762,.T.);
#2431=ORIENTED_EDGE('',*,*,#4373,.T.);
#2432=ORIENTED_EDGE('',*,*,#4665,.T.);
#2433=ORIENTED_EDGE('',*,*,#4386,.T.);
#2434=ORIENTED_EDGE('',*,*,#4763,.T.);
#2435=ORIENTED_EDGE('',*,*,#4379,.T.);
#2436=ORIENTED_EDGE('',*,*,#4764,.F.);
#2437=ORIENTED_EDGE('',*,*,#4389,.T.);
#2438=ORIENTED_EDGE('',*,*,#4383,.T.);
#2439=ORIENTED_EDGE('',*,*,#4378,.T.);
#2440=ORIENTED_EDGE('',*,*,#4765,.F.);
#2441=ORIENTED_EDGE('',*,*,#4390,.T.);
#2442=ORIENTED_EDGE('',*,*,#4764,.T.);
#2443=ORIENTED_EDGE('',*,*,#4377,.T.);
#2444=ORIENTED_EDGE('',*,*,#4766,.F.);
#2445=ORIENTED_EDGE('',*,*,#4391,.T.);
#2446=ORIENTED_EDGE('',*,*,#4765,.T.);
#2447=ORIENTED_EDGE('',*,*,#4376,.T.);
#2448=ORIENTED_EDGE('',*,*,#4767,.F.);
#2449=ORIENTED_EDGE('',*,*,#4392,.T.);
#2450=ORIENTED_EDGE('',*,*,#4766,.T.);
#2451=ORIENTED_EDGE('',*,*,#4375,.T.);
#2452=ORIENTED_EDGE('',*,*,#4768,.F.);
#2453=ORIENTED_EDGE('',*,*,#4393,.T.);
#2454=ORIENTED_EDGE('',*,*,#4767,.T.);
#2455=ORIENTED_EDGE('',*,*,#4374,.T.);
#2456=ORIENTED_EDGE('',*,*,#4763,.F.);
#2457=ORIENTED_EDGE('',*,*,#4394,.T.);
#2458=ORIENTED_EDGE('',*,*,#4768,.T.);
#2459=ORIENTED_EDGE('',*,*,#4351,.T.);
#2460=ORIENTED_EDGE('',*,*,#4663,.T.);
#2461=ORIENTED_EDGE('',*,*,#4364,.T.);
#2462=ORIENTED_EDGE('',*,*,#4769,.T.);
#2463=ORIENTED_EDGE('',*,*,#4357,.T.);
#2464=ORIENTED_EDGE('',*,*,#4770,.F.);
#2465=ORIENTED_EDGE('',*,*,#4367,.T.);
#2466=ORIENTED_EDGE('',*,*,#4361,.T.);
#2467=ORIENTED_EDGE('',*,*,#4356,.T.);
#2468=ORIENTED_EDGE('',*,*,#4771,.F.);
#2469=ORIENTED_EDGE('',*,*,#4368,.T.);
#2470=ORIENTED_EDGE('',*,*,#4770,.T.);
#2471=ORIENTED_EDGE('',*,*,#4355,.T.);
#2472=ORIENTED_EDGE('',*,*,#4772,.F.);
#2473=ORIENTED_EDGE('',*,*,#4369,.T.);
#2474=ORIENTED_EDGE('',*,*,#4771,.T.);
#2475=ORIENTED_EDGE('',*,*,#4354,.T.);
#2476=ORIENTED_EDGE('',*,*,#4773,.F.);
#2477=ORIENTED_EDGE('',*,*,#4370,.T.);
#2478=ORIENTED_EDGE('',*,*,#4772,.T.);
#2479=ORIENTED_EDGE('',*,*,#4353,.T.);
#2480=ORIENTED_EDGE('',*,*,#4774,.F.);
#2481=ORIENTED_EDGE('',*,*,#4371,.T.);
#2482=ORIENTED_EDGE('',*,*,#4773,.T.);
#2483=ORIENTED_EDGE('',*,*,#4352,.T.);
#2484=ORIENTED_EDGE('',*,*,#4769,.F.);
#2485=ORIENTED_EDGE('',*,*,#4372,.T.);
#2486=ORIENTED_EDGE('',*,*,#4774,.T.);
#2487=ORIENTED_EDGE('',*,*,#4329,.T.);
#2488=ORIENTED_EDGE('',*,*,#4661,.T.);
#2489=ORIENTED_EDGE('',*,*,#4342,.T.);
#2490=ORIENTED_EDGE('',*,*,#4775,.T.);
#2491=ORIENTED_EDGE('',*,*,#4335,.T.);
#2492=ORIENTED_EDGE('',*,*,#4776,.F.);
#2493=ORIENTED_EDGE('',*,*,#4345,.T.);
#2494=ORIENTED_EDGE('',*,*,#4339,.T.);
#2495=ORIENTED_EDGE('',*,*,#4334,.T.);
#2496=ORIENTED_EDGE('',*,*,#4777,.F.);
#2497=ORIENTED_EDGE('',*,*,#4346,.T.);
#2498=ORIENTED_EDGE('',*,*,#4776,.T.);
#2499=ORIENTED_EDGE('',*,*,#4333,.T.);
#2500=ORIENTED_EDGE('',*,*,#4778,.F.);
#2501=ORIENTED_EDGE('',*,*,#4347,.T.);
#2502=ORIENTED_EDGE('',*,*,#4777,.T.);
#2503=ORIENTED_EDGE('',*,*,#4332,.T.);
#2504=ORIENTED_EDGE('',*,*,#4779,.F.);
#2505=ORIENTED_EDGE('',*,*,#4348,.T.);
#2506=ORIENTED_EDGE('',*,*,#4778,.T.);
#2507=ORIENTED_EDGE('',*,*,#4331,.T.);
#2508=ORIENTED_EDGE('',*,*,#4780,.F.);
#2509=ORIENTED_EDGE('',*,*,#4349,.T.);
#2510=ORIENTED_EDGE('',*,*,#4779,.T.);
#2511=ORIENTED_EDGE('',*,*,#4330,.T.);
#2512=ORIENTED_EDGE('',*,*,#4775,.F.);
#2513=ORIENTED_EDGE('',*,*,#4350,.T.);
#2514=ORIENTED_EDGE('',*,*,#4780,.T.);
#2515=ORIENTED_EDGE('',*,*,#4308,.T.);
#2516=ORIENTED_EDGE('',*,*,#4781,.F.);
#2517=ORIENTED_EDGE('',*,*,#4328,.T.);
#2518=ORIENTED_EDGE('',*,*,#4782,.T.);
#2519=ORIENTED_EDGE('',*,*,#4309,.T.);
#2520=ORIENTED_EDGE('',*,*,#4782,.F.);
#2521=ORIENTED_EDGE('',*,*,#4327,.T.);
#2522=ORIENTED_EDGE('',*,*,#4783,.T.);
#2523=ORIENTED_EDGE('',*,*,#4310,.T.);
#2524=ORIENTED_EDGE('',*,*,#4783,.F.);
#2525=ORIENTED_EDGE('',*,*,#4326,.T.);
#2526=ORIENTED_EDGE('',*,*,#4784,.T.);
#2527=ORIENTED_EDGE('',*,*,#4311,.T.);
#2528=ORIENTED_EDGE('',*,*,#4784,.F.);
#2529=ORIENTED_EDGE('',*,*,#4325,.T.);
#2530=ORIENTED_EDGE('',*,*,#4785,.T.);
#2531=ORIENTED_EDGE('',*,*,#4312,.T.);
#2532=ORIENTED_EDGE('',*,*,#4785,.F.);
#2533=ORIENTED_EDGE('',*,*,#4324,.T.);
#2534=ORIENTED_EDGE('',*,*,#4786,.T.);
#2535=ORIENTED_EDGE('',*,*,#4313,.T.);
#2536=ORIENTED_EDGE('',*,*,#4786,.F.);
#2537=ORIENTED_EDGE('',*,*,#4323,.T.);
#2538=ORIENTED_EDGE('',*,*,#4317,.T.);
#2539=ORIENTED_EDGE('',*,*,#4307,.T.);
#2540=ORIENTED_EDGE('',*,*,#4659,.T.);
#2541=ORIENTED_EDGE('',*,*,#4320,.T.);
#2542=ORIENTED_EDGE('',*,*,#4781,.T.);
#2543=ORIENTED_EDGE('',*,*,#4295,.T.);
#2544=ORIENTED_EDGE('',*,*,#4305,.T.);
#2545=ORIENTED_EDGE('',*,*,#4302,.T.);
#2546=ORIENTED_EDGE('',*,*,#4299,.T.);
#2547=ORIENTED_EDGE('',*,*,#4787,.T.);
#2548=ORIENTED_EDGE('',*,*,#4788,.F.);
#2549=ORIENTED_EDGE('',*,*,#4789,.T.);
#2550=ORIENTED_EDGE('',*,*,#4790,.T.);
#2551=ORIENTED_EDGE('',*,*,#4791,.T.);
#2552=ORIENTED_EDGE('',*,*,#4792,.F.);
#2553=ORIENTED_EDGE('',*,*,#4793,.T.);
#2554=ORIENTED_EDGE('',*,*,#4794,.T.);
#2555=ORIENTED_EDGE('',*,*,#4795,.T.);
#2556=ORIENTED_EDGE('',*,*,#4796,.F.);
#2557=ORIENTED_EDGE('',*,*,#4797,.T.);
#2558=ORIENTED_EDGE('',*,*,#4798,.T.);
#2559=ORIENTED_EDGE('',*,*,#4799,.T.);
#2560=ORIENTED_EDGE('',*,*,#4800,.F.);
#2561=ORIENTED_EDGE('',*,*,#4801,.T.);
#2562=ORIENTED_EDGE('',*,*,#4802,.T.);
#2563=ORIENTED_EDGE('',*,*,#4803,.T.);
#2564=ORIENTED_EDGE('',*,*,#4804,.F.);
#2565=ORIENTED_EDGE('',*,*,#4805,.T.);
#2566=ORIENTED_EDGE('',*,*,#4806,.T.);
#2567=ORIENTED_EDGE('',*,*,#4807,.T.);
#2568=ORIENTED_EDGE('',*,*,#4808,.F.);
#2569=ORIENTED_EDGE('',*,*,#4809,.T.);
#2570=ORIENTED_EDGE('',*,*,#4810,.T.);
#2571=ORIENTED_EDGE('',*,*,#4811,.T.);
#2572=ORIENTED_EDGE('',*,*,#4812,.F.);
#2573=ORIENTED_EDGE('',*,*,#4813,.T.);
#2574=ORIENTED_EDGE('',*,*,#4814,.T.);
#2575=ORIENTED_EDGE('',*,*,#4815,.T.);
#2576=ORIENTED_EDGE('',*,*,#4816,.F.);
#2577=ORIENTED_EDGE('',*,*,#4817,.T.);
#2578=ORIENTED_EDGE('',*,*,#4818,.T.);
#2579=ORIENTED_EDGE('',*,*,#4819,.T.);
#2580=ORIENTED_EDGE('',*,*,#4820,.F.);
#2581=ORIENTED_EDGE('',*,*,#4821,.F.);
#2582=ORIENTED_EDGE('',*,*,#4822,.T.);
#2583=ORIENTED_EDGE('',*,*,#4823,.F.);
#2584=ORIENTED_EDGE('',*,*,#4824,.F.);
#2585=ORIENTED_EDGE('',*,*,#4825,.F.);
#2586=ORIENTED_EDGE('',*,*,#4826,.T.);
#2587=ORIENTED_EDGE('',*,*,#4827,.F.);
#2588=ORIENTED_EDGE('',*,*,#4828,.F.);
#2589=ORIENTED_EDGE('',*,*,#4829,.F.);
#2590=ORIENTED_EDGE('',*,*,#4830,.T.);
#2591=ORIENTED_EDGE('',*,*,#4831,.F.);
#2592=ORIENTED_EDGE('',*,*,#4832,.F.);
#2593=ORIENTED_EDGE('',*,*,#4833,.F.);
#2594=ORIENTED_EDGE('',*,*,#4834,.T.);
#2595=ORIENTED_EDGE('',*,*,#4835,.F.);
#2596=ORIENTED_EDGE('',*,*,#4836,.F.);
#2597=ORIENTED_EDGE('',*,*,#4837,.F.);
#2598=ORIENTED_EDGE('',*,*,#4838,.T.);
#2599=ORIENTED_EDGE('',*,*,#4839,.F.);
#2600=ORIENTED_EDGE('',*,*,#4840,.F.);
#2601=ORIENTED_EDGE('',*,*,#4841,.F.);
#2602=ORIENTED_EDGE('',*,*,#4842,.T.);
#2603=ORIENTED_EDGE('',*,*,#4843,.F.);
#2604=ORIENTED_EDGE('',*,*,#4844,.F.);
#2605=ORIENTED_EDGE('',*,*,#4845,.F.);
#2606=ORIENTED_EDGE('',*,*,#4846,.T.);
#2607=ORIENTED_EDGE('',*,*,#4847,.F.);
#2608=ORIENTED_EDGE('',*,*,#4848,.F.);
#2609=ORIENTED_EDGE('',*,*,#4849,.F.);
#2610=ORIENTED_EDGE('',*,*,#4850,.T.);
#2611=ORIENTED_EDGE('',*,*,#4851,.F.);
#2612=ORIENTED_EDGE('',*,*,#4852,.F.);
#2613=ORIENTED_EDGE('',*,*,#4853,.F.);
#2614=ORIENTED_EDGE('',*,*,#4854,.T.);
#2615=ORIENTED_EDGE('',*,*,#4855,.T.);
#2616=ORIENTED_EDGE('',*,*,#4856,.T.);
#2617=ORIENTED_EDGE('',*,*,#4857,.T.);
#2618=ORIENTED_EDGE('',*,*,#4858,.T.);
#2619=ORIENTED_EDGE('',*,*,#4859,.T.);
#2620=ORIENTED_EDGE('',*,*,#4860,.T.);
#2621=ORIENTED_EDGE('',*,*,#4861,.T.);
#2622=ORIENTED_EDGE('',*,*,#4862,.T.);
#2623=ORIENTED_EDGE('',*,*,#4863,.T.);
#2624=ORIENTED_EDGE('',*,*,#4864,.T.);
#2625=ORIENTED_EDGE('',*,*,#4865,.T.);
#2626=ORIENTED_EDGE('',*,*,#4866,.T.);
#2627=ORIENTED_EDGE('',*,*,#4867,.T.);
#2628=ORIENTED_EDGE('',*,*,#4868,.T.);
#2629=ORIENTED_EDGE('',*,*,#4869,.T.);
#2630=ORIENTED_EDGE('',*,*,#4870,.T.);
#2631=ORIENTED_EDGE('',*,*,#4871,.T.);
#2632=ORIENTED_EDGE('',*,*,#4872,.T.);
#2633=ORIENTED_EDGE('',*,*,#4873,.T.);
#2634=ORIENTED_EDGE('',*,*,#4874,.T.);
#2635=ORIENTED_EDGE('',*,*,#4875,.T.);
#2636=ORIENTED_EDGE('',*,*,#4876,.T.);
#2637=ORIENTED_EDGE('',*,*,#4877,.T.);
#2638=ORIENTED_EDGE('',*,*,#4878,.T.);
#2639=ORIENTED_EDGE('',*,*,#4879,.T.);
#2640=ORIENTED_EDGE('',*,*,#4880,.T.);
#2641=ORIENTED_EDGE('',*,*,#4881,.T.);
#2642=ORIENTED_EDGE('',*,*,#4882,.T.);
#2643=ORIENTED_EDGE('',*,*,#4883,.T.);
#2644=ORIENTED_EDGE('',*,*,#4884,.T.);
#2645=ORIENTED_EDGE('',*,*,#4885,.T.);
#2646=ORIENTED_EDGE('',*,*,#4886,.T.);
#2647=ORIENTED_EDGE('',*,*,#4887,.T.);
#2648=ORIENTED_EDGE('',*,*,#4888,.T.);
#2649=ORIENTED_EDGE('',*,*,#4889,.T.);
#2650=ORIENTED_EDGE('',*,*,#4890,.T.);
#2651=ORIENTED_EDGE('',*,*,#4891,.T.);
#2652=ORIENTED_EDGE('',*,*,#4892,.T.);
#2653=ORIENTED_EDGE('',*,*,#4893,.T.);
#2654=ORIENTED_EDGE('',*,*,#4894,.T.);
#2655=ORIENTED_EDGE('',*,*,#4895,.T.);
#2656=ORIENTED_EDGE('',*,*,#4896,.T.);
#2657=ORIENTED_EDGE('',*,*,#4897,.T.);
#2658=ORIENTED_EDGE('',*,*,#4898,.T.);
#2659=ORIENTED_EDGE('',*,*,#4899,.T.);
#2660=ORIENTED_EDGE('',*,*,#4900,.T.);
#2661=ORIENTED_EDGE('',*,*,#4901,.T.);
#2662=ORIENTED_EDGE('',*,*,#4902,.T.);
#2663=ORIENTED_EDGE('',*,*,#4903,.T.);
#2664=ORIENTED_EDGE('',*,*,#4904,.T.);
#2665=ORIENTED_EDGE('',*,*,#4905,.T.);
#2666=ORIENTED_EDGE('',*,*,#4906,.T.);
#2667=ORIENTED_EDGE('',*,*,#4907,.T.);
#2668=ORIENTED_EDGE('',*,*,#4908,.T.);
#2669=ORIENTED_EDGE('',*,*,#4909,.T.);
#2670=ORIENTED_EDGE('',*,*,#4910,.T.);
#2671=ORIENTED_EDGE('',*,*,#4911,.T.);
#2672=ORIENTED_EDGE('',*,*,#4912,.T.);
#2673=ORIENTED_EDGE('',*,*,#4913,.T.);
#2674=ORIENTED_EDGE('',*,*,#4914,.T.);
#2675=ORIENTED_EDGE('',*,*,#4915,.T.);
#2676=ORIENTED_EDGE('',*,*,#4916,.T.);
#2677=ORIENTED_EDGE('',*,*,#4917,.T.);
#2678=ORIENTED_EDGE('',*,*,#4918,.T.);
#2679=ORIENTED_EDGE('',*,*,#4919,.F.);
#2680=ORIENTED_EDGE('',*,*,#4920,.F.);
#2681=ORIENTED_EDGE('',*,*,#4921,.F.);
#2682=ORIENTED_EDGE('',*,*,#4922,.F.);
#2683=ORIENTED_EDGE('',*,*,#4923,.T.);
#2684=ORIENTED_EDGE('',*,*,#4924,.F.);
#2685=ORIENTED_EDGE('',*,*,#4925,.F.);
#2686=ORIENTED_EDGE('',*,*,#4926,.T.);
#2687=ORIENTED_EDGE('',*,*,#4927,.F.);
#2688=ORIENTED_EDGE('',*,*,#4928,.F.);
#2689=ORIENTED_EDGE('',*,*,#4929,.F.);
#2690=ORIENTED_EDGE('',*,*,#4930,.F.);
#2691=ORIENTED_EDGE('',*,*,#4931,.F.);
#2692=ORIENTED_EDGE('',*,*,#4932,.F.);
#2693=ORIENTED_EDGE('',*,*,#4933,.F.);
#2694=ORIENTED_EDGE('',*,*,#4934,.F.);
#2695=ORIENTED_EDGE('',*,*,#4935,.T.);
#2696=ORIENTED_EDGE('',*,*,#4936,.F.);
#2697=ORIENTED_EDGE('',*,*,#4937,.F.);
#2698=ORIENTED_EDGE('',*,*,#4938,.T.);
#2699=ORIENTED_EDGE('',*,*,#4939,.F.);
#2700=ORIENTED_EDGE('',*,*,#4940,.F.);
#2701=ORIENTED_EDGE('',*,*,#4941,.F.);
#2702=ORIENTED_EDGE('',*,*,#4942,.F.);
#2703=ORIENTED_EDGE('',*,*,#4943,.F.);
#2704=ORIENTED_EDGE('',*,*,#4944,.F.);
#2705=ORIENTED_EDGE('',*,*,#4945,.F.);
#2706=ORIENTED_EDGE('',*,*,#4946,.F.);
#2707=ORIENTED_EDGE('',*,*,#4947,.T.);
#2708=ORIENTED_EDGE('',*,*,#4948,.F.);
#2709=ORIENTED_EDGE('',*,*,#4949,.F.);
#2710=ORIENTED_EDGE('',*,*,#4950,.T.);
#2711=ORIENTED_EDGE('',*,*,#4951,.F.);
#2712=ORIENTED_EDGE('',*,*,#4952,.F.);
#2713=ORIENTED_EDGE('',*,*,#4953,.F.);
#2714=ORIENTED_EDGE('',*,*,#4954,.F.);
#2715=ORIENTED_EDGE('',*,*,#4955,.F.);
#2716=ORIENTED_EDGE('',*,*,#4956,.F.);
#2717=ORIENTED_EDGE('',*,*,#4957,.F.);
#2718=ORIENTED_EDGE('',*,*,#4958,.F.);
#2719=ORIENTED_EDGE('',*,*,#4959,.T.);
#2720=ORIENTED_EDGE('',*,*,#4960,.F.);
#2721=ORIENTED_EDGE('',*,*,#4961,.F.);
#2722=ORIENTED_EDGE('',*,*,#4962,.T.);
#2723=ORIENTED_EDGE('',*,*,#4963,.F.);
#2724=ORIENTED_EDGE('',*,*,#4964,.F.);
#2725=ORIENTED_EDGE('',*,*,#4965,.F.);
#2726=ORIENTED_EDGE('',*,*,#4966,.F.);
#2727=ORIENTED_EDGE('',*,*,#4967,.F.);
#2728=ORIENTED_EDGE('',*,*,#4968,.F.);
#2729=ORIENTED_EDGE('',*,*,#4969,.F.);
#2730=ORIENTED_EDGE('',*,*,#4970,.F.);
#2731=ORIENTED_EDGE('',*,*,#4971,.T.);
#2732=ORIENTED_EDGE('',*,*,#4972,.F.);
#2733=ORIENTED_EDGE('',*,*,#4973,.F.);
#2734=ORIENTED_EDGE('',*,*,#4974,.T.);
#2735=ORIENTED_EDGE('',*,*,#4975,.F.);
#2736=ORIENTED_EDGE('',*,*,#4976,.F.);
#2737=ORIENTED_EDGE('',*,*,#4977,.F.);
#2738=ORIENTED_EDGE('',*,*,#4978,.F.);
#2739=ORIENTED_EDGE('',*,*,#4979,.F.);
#2740=ORIENTED_EDGE('',*,*,#4980,.F.);
#2741=ORIENTED_EDGE('',*,*,#4981,.F.);
#2742=ORIENTED_EDGE('',*,*,#4982,.F.);
#2743=ORIENTED_EDGE('',*,*,#4983,.T.);
#2744=ORIENTED_EDGE('',*,*,#4984,.F.);
#2745=ORIENTED_EDGE('',*,*,#4985,.F.);
#2746=ORIENTED_EDGE('',*,*,#4986,.T.);
#2747=ORIENTED_EDGE('',*,*,#4987,.F.);
#2748=ORIENTED_EDGE('',*,*,#4988,.F.);
#2749=ORIENTED_EDGE('',*,*,#4989,.F.);
#2750=ORIENTED_EDGE('',*,*,#4990,.F.);
#2751=ORIENTED_EDGE('',*,*,#4991,.F.);
#2752=ORIENTED_EDGE('',*,*,#4992,.F.);
#2753=ORIENTED_EDGE('',*,*,#4993,.F.);
#2754=ORIENTED_EDGE('',*,*,#4994,.F.);
#2755=ORIENTED_EDGE('',*,*,#4995,.T.);
#2756=ORIENTED_EDGE('',*,*,#4996,.F.);
#2757=ORIENTED_EDGE('',*,*,#4997,.F.);
#2758=ORIENTED_EDGE('',*,*,#4998,.T.);
#2759=ORIENTED_EDGE('',*,*,#4999,.F.);
#2760=ORIENTED_EDGE('',*,*,#5000,.F.);
#2761=ORIENTED_EDGE('',*,*,#5001,.F.);
#2762=ORIENTED_EDGE('',*,*,#5002,.F.);
#2763=ORIENTED_EDGE('',*,*,#5003,.F.);
#2764=ORIENTED_EDGE('',*,*,#5004,.F.);
#2765=ORIENTED_EDGE('',*,*,#5005,.F.);
#2766=ORIENTED_EDGE('',*,*,#5006,.F.);
#2767=ORIENTED_EDGE('',*,*,#5007,.T.);
#2768=ORIENTED_EDGE('',*,*,#5008,.F.);
#2769=ORIENTED_EDGE('',*,*,#5009,.F.);
#2770=ORIENTED_EDGE('',*,*,#5010,.T.);
#2771=ORIENTED_EDGE('',*,*,#5011,.F.);
#2772=ORIENTED_EDGE('',*,*,#5012,.F.);
#2773=ORIENTED_EDGE('',*,*,#5013,.F.);
#2774=ORIENTED_EDGE('',*,*,#5014,.F.);
#2775=ORIENTED_EDGE('',*,*,#5015,.T.);
#2776=ORIENTED_EDGE('',*,*,#5016,.T.);
#2777=ORIENTED_EDGE('',*,*,#5017,.T.);
#2778=ORIENTED_EDGE('',*,*,#5018,.F.);
#2779=ORIENTED_EDGE('',*,*,#5019,.T.);
#2780=ORIENTED_EDGE('',*,*,#5020,.F.);
#2781=ORIENTED_EDGE('',*,*,#5021,.T.);
#2782=ORIENTED_EDGE('',*,*,#5022,.T.);
#2783=ORIENTED_EDGE('',*,*,#5023,.T.);
#2784=ORIENTED_EDGE('',*,*,#5024,.F.);
#2785=ORIENTED_EDGE('',*,*,#5025,.T.);
#2786=ORIENTED_EDGE('',*,*,#5026,.T.);
#2787=ORIENTED_EDGE('',*,*,#5027,.T.);
#2788=ORIENTED_EDGE('',*,*,#5028,.F.);
#2789=ORIENTED_EDGE('',*,*,#5029,.T.);
#2790=ORIENTED_EDGE('',*,*,#5030,.T.);
#2791=ORIENTED_EDGE('',*,*,#5031,.T.);
#2792=ORIENTED_EDGE('',*,*,#5032,.F.);
#2793=ORIENTED_EDGE('',*,*,#5033,.T.);
#2794=ORIENTED_EDGE('',*,*,#5034,.T.);
#2795=ORIENTED_EDGE('',*,*,#5035,.T.);
#2796=ORIENTED_EDGE('',*,*,#5036,.F.);
#2797=ORIENTED_EDGE('',*,*,#5037,.T.);
#2798=ORIENTED_EDGE('',*,*,#5038,.T.);
#2799=ORIENTED_EDGE('',*,*,#5039,.T.);
#2800=ORIENTED_EDGE('',*,*,#5040,.F.);
#2801=ORIENTED_EDGE('',*,*,#5041,.T.);
#2802=ORIENTED_EDGE('',*,*,#5042,.T.);
#2803=ORIENTED_EDGE('',*,*,#5043,.T.);
#2804=ORIENTED_EDGE('',*,*,#5044,.F.);
#2805=ORIENTED_EDGE('',*,*,#5045,.T.);
#2806=ORIENTED_EDGE('',*,*,#5046,.T.);
#2807=ORIENTED_EDGE('',*,*,#5047,.T.);
#2808=ORIENTED_EDGE('',*,*,#5048,.T.);
#2809=ORIENTED_EDGE('',*,*,#5049,.T.);
#2810=ORIENTED_EDGE('',*,*,#5050,.T.);
#2811=ORIENTED_EDGE('',*,*,#5051,.F.);
#2812=ORIENTED_EDGE('',*,*,#5052,.F.);
#2813=ORIENTED_EDGE('',*,*,#5053,.T.);
#2814=ORIENTED_EDGE('',*,*,#5054,.F.);
#2815=ORIENTED_EDGE('',*,*,#5055,.T.);
#2816=ORIENTED_EDGE('',*,*,#5056,.F.);
#2817=ORIENTED_EDGE('',*,*,#5057,.F.);
#2818=ORIENTED_EDGE('',*,*,#5058,.F.);
#2819=ORIENTED_EDGE('',*,*,#5059,.T.);
#2820=ORIENTED_EDGE('',*,*,#5060,.F.);
#2821=ORIENTED_EDGE('',*,*,#5061,.F.);
#2822=ORIENTED_EDGE('',*,*,#5062,.F.);
#2823=ORIENTED_EDGE('',*,*,#5063,.T.);
#2824=ORIENTED_EDGE('',*,*,#5064,.F.);
#2825=ORIENTED_EDGE('',*,*,#5065,.F.);
#2826=ORIENTED_EDGE('',*,*,#5066,.F.);
#2827=ORIENTED_EDGE('',*,*,#5067,.T.);
#2828=ORIENTED_EDGE('',*,*,#5068,.F.);
#2829=ORIENTED_EDGE('',*,*,#5069,.F.);
#2830=ORIENTED_EDGE('',*,*,#5070,.F.);
#2831=ORIENTED_EDGE('',*,*,#5071,.T.);
#2832=ORIENTED_EDGE('',*,*,#5072,.F.);
#2833=ORIENTED_EDGE('',*,*,#5073,.F.);
#2834=ORIENTED_EDGE('',*,*,#5074,.F.);
#2835=ORIENTED_EDGE('',*,*,#5075,.T.);
#2836=ORIENTED_EDGE('',*,*,#5076,.F.);
#2837=ORIENTED_EDGE('',*,*,#5077,.F.);
#2838=ORIENTED_EDGE('',*,*,#5078,.F.);
#2839=ORIENTED_EDGE('',*,*,#5079,.T.);
#2840=ORIENTED_EDGE('',*,*,#5080,.F.);
#2841=ORIENTED_EDGE('',*,*,#5081,.F.);
#2842=ORIENTED_EDGE('',*,*,#5082,.F.);
#2843=ORIENTED_EDGE('',*,*,#5083,.F.);
#2844=ORIENTED_EDGE('',*,*,#5084,.T.);
#2845=ORIENTED_EDGE('',*,*,#5085,.T.);
#2846=ORIENTED_EDGE('',*,*,#5086,.F.);
#2847=ORIENTED_EDGE('',*,*,#5087,.T.);
#2848=ORIENTED_EDGE('',*,*,#5088,.F.);
#2849=ORIENTED_EDGE('',*,*,#5089,.F.);
#2850=ORIENTED_EDGE('',*,*,#5090,.T.);
#2851=ORIENTED_EDGE('',*,*,#5091,.T.);
#2852=ORIENTED_EDGE('',*,*,#5092,.F.);
#2853=ORIENTED_EDGE('',*,*,#5093,.F.);
#2854=ORIENTED_EDGE('',*,*,#5094,.T.);
#2855=ORIENTED_EDGE('',*,*,#5095,.T.);
#2856=ORIENTED_EDGE('',*,*,#5096,.F.);
#2857=ORIENTED_EDGE('',*,*,#5097,.F.);
#2858=ORIENTED_EDGE('',*,*,#5098,.T.);
#2859=ORIENTED_EDGE('',*,*,#5099,.T.);
#2860=ORIENTED_EDGE('',*,*,#5100,.F.);
#2861=ORIENTED_EDGE('',*,*,#5101,.F.);
#2862=ORIENTED_EDGE('',*,*,#5102,.T.);
#2863=ORIENTED_EDGE('',*,*,#5103,.T.);
#2864=ORIENTED_EDGE('',*,*,#5104,.F.);
#2865=ORIENTED_EDGE('',*,*,#5105,.F.);
#2866=ORIENTED_EDGE('',*,*,#5106,.T.);
#2867=ORIENTED_EDGE('',*,*,#5107,.T.);
#2868=ORIENTED_EDGE('',*,*,#5108,.F.);
#2869=ORIENTED_EDGE('',*,*,#5109,.F.);
#2870=ORIENTED_EDGE('',*,*,#5110,.T.);
#2871=ORIENTED_EDGE('',*,*,#5111,.T.);
#2872=ORIENTED_EDGE('',*,*,#5112,.F.);
#2873=ORIENTED_EDGE('',*,*,#5113,.F.);
#2874=ORIENTED_EDGE('',*,*,#5114,.T.);
#2875=ORIENTED_EDGE('',*,*,#5115,.T.);
#2876=ORIENTED_EDGE('',*,*,#5086,.T.);
#2877=ORIENTED_EDGE('',*,*,#5116,.T.);
#2878=ORIENTED_EDGE('',*,*,#4823,.T.);
#2879=ORIENTED_EDGE('',*,*,#5117,.T.);
#2880=ORIENTED_EDGE('',*,*,#5118,.T.);
#2881=ORIENTED_EDGE('',*,*,#5119,.F.);
#2882=ORIENTED_EDGE('',*,*,#5049,.F.);
#2883=ORIENTED_EDGE('',*,*,#5120,.F.);
#2884=ORIENTED_EDGE('',*,*,#4923,.F.);
#2885=ORIENTED_EDGE('',*,*,#5121,.F.);
#2886=ORIENTED_EDGE('',*,*,#5017,.F.);
#2887=ORIENTED_EDGE('',*,*,#5122,.F.);
#2888=ORIENTED_EDGE('',*,*,#5007,.F.);
#2889=ORIENTED_EDGE('',*,*,#5123,.F.);
#2890=ORIENTED_EDGE('',*,*,#5019,.F.);
#2891=ORIENTED_EDGE('',*,*,#5124,.F.);
#2892=ORIENTED_EDGE('',*,*,#4995,.F.);
#2893=ORIENTED_EDGE('',*,*,#5125,.F.);
#2894=ORIENTED_EDGE('',*,*,#5023,.F.);
#2895=ORIENTED_EDGE('',*,*,#5126,.F.);
#2896=ORIENTED_EDGE('',*,*,#4983,.F.);
#2897=ORIENTED_EDGE('',*,*,#5127,.F.);
#2898=ORIENTED_EDGE('',*,*,#5027,.F.);
#2899=ORIENTED_EDGE('',*,*,#5128,.F.);
#2900=ORIENTED_EDGE('',*,*,#4971,.F.);
#2901=ORIENTED_EDGE('',*,*,#5129,.F.);
#2902=ORIENTED_EDGE('',*,*,#5031,.F.);
#2903=ORIENTED_EDGE('',*,*,#5130,.F.);
#2904=ORIENTED_EDGE('',*,*,#4959,.F.);
#2905=ORIENTED_EDGE('',*,*,#5131,.F.);
#2906=ORIENTED_EDGE('',*,*,#5035,.F.);
#2907=ORIENTED_EDGE('',*,*,#5132,.F.);
#2908=ORIENTED_EDGE('',*,*,#4947,.F.);
#2909=ORIENTED_EDGE('',*,*,#5133,.F.);
#2910=ORIENTED_EDGE('',*,*,#5039,.F.);
#2911=ORIENTED_EDGE('',*,*,#5134,.F.);
#2912=ORIENTED_EDGE('',*,*,#4935,.F.);
#2913=ORIENTED_EDGE('',*,*,#5135,.F.);
#2914=ORIENTED_EDGE('',*,*,#5043,.F.);
#2915=ORIENTED_EDGE('',*,*,#5136,.T.);
#2916=ORIENTED_EDGE('',*,*,#5112,.T.);
#2917=ORIENTED_EDGE('',*,*,#5137,.T.);
#2918=ORIENTED_EDGE('',*,*,#4851,.T.);
#2919=ORIENTED_EDGE('',*,*,#5138,.T.);
#2920=ORIENTED_EDGE('',*,*,#5108,.T.);
#2921=ORIENTED_EDGE('',*,*,#5139,.T.);
#2922=ORIENTED_EDGE('',*,*,#4847,.T.);
#2923=ORIENTED_EDGE('',*,*,#5140,.T.);
#2924=ORIENTED_EDGE('',*,*,#5104,.T.);
#2925=ORIENTED_EDGE('',*,*,#5141,.T.);
#2926=ORIENTED_EDGE('',*,*,#4843,.T.);
#2927=ORIENTED_EDGE('',*,*,#5142,.T.);
#2928=ORIENTED_EDGE('',*,*,#5100,.T.);
#2929=ORIENTED_EDGE('',*,*,#5143,.T.);
#2930=ORIENTED_EDGE('',*,*,#4839,.T.);
#2931=ORIENTED_EDGE('',*,*,#5144,.T.);
#2932=ORIENTED_EDGE('',*,*,#5096,.T.);
#2933=ORIENTED_EDGE('',*,*,#5145,.T.);
#2934=ORIENTED_EDGE('',*,*,#4835,.T.);
#2935=ORIENTED_EDGE('',*,*,#5146,.T.);
#2936=ORIENTED_EDGE('',*,*,#5092,.T.);
#2937=ORIENTED_EDGE('',*,*,#5147,.T.);
#2938=ORIENTED_EDGE('',*,*,#4831,.T.);
#2939=ORIENTED_EDGE('',*,*,#5148,.T.);
#2940=ORIENTED_EDGE('',*,*,#5088,.T.);
#2941=ORIENTED_EDGE('',*,*,#5149,.T.);
#2942=ORIENTED_EDGE('',*,*,#4827,.T.);
#2943=ORIENTED_EDGE('',*,*,#5150,.F.);
#2944=ORIENTED_EDGE('',*,*,#4813,.F.);
#2945=ORIENTED_EDGE('',*,*,#5151,.F.);
#2946=ORIENTED_EDGE('',*,*,#5058,.T.);
#2947=ORIENTED_EDGE('',*,*,#5152,.F.);
#2948=ORIENTED_EDGE('',*,*,#4809,.F.);
#2949=ORIENTED_EDGE('',*,*,#5153,.F.);
#2950=ORIENTED_EDGE('',*,*,#5062,.T.);
#2951=ORIENTED_EDGE('',*,*,#5154,.F.);
#2952=ORIENTED_EDGE('',*,*,#4805,.F.);
#2953=ORIENTED_EDGE('',*,*,#5155,.F.);
#2954=ORIENTED_EDGE('',*,*,#5066,.T.);
#2955=ORIENTED_EDGE('',*,*,#5156,.F.);
#2956=ORIENTED_EDGE('',*,*,#4801,.F.);
#2957=ORIENTED_EDGE('',*,*,#5157,.F.);
#2958=ORIENTED_EDGE('',*,*,#5070,.T.);
#2959=ORIENTED_EDGE('',*,*,#5158,.F.);
#2960=ORIENTED_EDGE('',*,*,#4797,.F.);
#2961=ORIENTED_EDGE('',*,*,#5159,.F.);
#2962=ORIENTED_EDGE('',*,*,#5074,.T.);
#2963=ORIENTED_EDGE('',*,*,#5160,.F.);
#2964=ORIENTED_EDGE('',*,*,#4793,.F.);
#2965=ORIENTED_EDGE('',*,*,#5161,.F.);
#2966=ORIENTED_EDGE('',*,*,#5078,.T.);
#2967=ORIENTED_EDGE('',*,*,#5162,.F.);
#2968=ORIENTED_EDGE('',*,*,#4789,.F.);
#2969=ORIENTED_EDGE('',*,*,#5163,.F.);
#2970=ORIENTED_EDGE('',*,*,#5082,.T.);
#2971=ORIENTED_EDGE('',*,*,#5164,.F.);
#2972=ORIENTED_EDGE('',*,*,#5045,.F.);
#2973=ORIENTED_EDGE('',*,*,#5165,.T.);
#2974=ORIENTED_EDGE('',*,*,#4937,.T.);
#2975=ORIENTED_EDGE('',*,*,#5166,.T.);
#2976=ORIENTED_EDGE('',*,*,#5041,.F.);
#2977=ORIENTED_EDGE('',*,*,#5167,.T.);
#2978=ORIENTED_EDGE('',*,*,#4949,.T.);
#2979=ORIENTED_EDGE('',*,*,#5168,.T.);
#2980=ORIENTED_EDGE('',*,*,#5037,.F.);
#2981=ORIENTED_EDGE('',*,*,#5169,.T.);
#2982=ORIENTED_EDGE('',*,*,#4961,.T.);
#2983=ORIENTED_EDGE('',*,*,#5170,.T.);
#2984=ORIENTED_EDGE('',*,*,#5033,.F.);
#2985=ORIENTED_EDGE('',*,*,#5171,.T.);
#2986=ORIENTED_EDGE('',*,*,#4973,.T.);
#2987=ORIENTED_EDGE('',*,*,#5172,.T.);
#2988=ORIENTED_EDGE('',*,*,#5029,.F.);
#2989=ORIENTED_EDGE('',*,*,#5173,.T.);
#2990=ORIENTED_EDGE('',*,*,#4985,.T.);
#2991=ORIENTED_EDGE('',*,*,#5174,.T.);
#2992=ORIENTED_EDGE('',*,*,#5025,.F.);
#2993=ORIENTED_EDGE('',*,*,#5175,.T.);
#2994=ORIENTED_EDGE('',*,*,#4997,.T.);
#2995=ORIENTED_EDGE('',*,*,#5176,.T.);
#2996=ORIENTED_EDGE('',*,*,#5021,.F.);
#2997=ORIENTED_EDGE('',*,*,#5177,.T.);
#2998=ORIENTED_EDGE('',*,*,#5009,.T.);
#2999=ORIENTED_EDGE('',*,*,#5178,.T.);
#3000=ORIENTED_EDGE('',*,*,#5015,.F.);
#3001=ORIENTED_EDGE('',*,*,#5179,.T.);
#3002=ORIENTED_EDGE('',*,*,#4925,.T.);
#3003=ORIENTED_EDGE('',*,*,#5180,.T.);
#3004=ORIENTED_EDGE('',*,*,#5047,.F.);
#3005=ORIENTED_EDGE('',*,*,#5181,.T.);
#3006=ORIENTED_EDGE('',*,*,#5182,.T.);
#3007=ORIENTED_EDGE('',*,*,#5183,.F.);
#3008=ORIENTED_EDGE('',*,*,#4817,.F.);
#3009=ORIENTED_EDGE('',*,*,#5184,.F.);
#3010=ORIENTED_EDGE('',*,*,#5052,.T.);
#3011=ORIENTED_EDGE('',*,*,#4815,.F.);
#3012=ORIENTED_EDGE('',*,*,#5185,.T.);
#3013=ORIENTED_EDGE('',*,*,#5054,.T.);
#3014=ORIENTED_EDGE('',*,*,#5186,.T.);
#3015=ORIENTED_EDGE('',*,*,#5056,.T.);
#3016=ORIENTED_EDGE('',*,*,#5187,.T.);
#3017=ORIENTED_EDGE('',*,*,#4811,.F.);
#3018=ORIENTED_EDGE('',*,*,#5188,.T.);
#3019=ORIENTED_EDGE('',*,*,#5060,.T.);
#3020=ORIENTED_EDGE('',*,*,#5189,.T.);
#3021=ORIENTED_EDGE('',*,*,#4807,.F.);
#3022=ORIENTED_EDGE('',*,*,#5190,.T.);
#3023=ORIENTED_EDGE('',*,*,#5064,.T.);
#3024=ORIENTED_EDGE('',*,*,#5191,.T.);
#3025=ORIENTED_EDGE('',*,*,#4803,.F.);
#3026=ORIENTED_EDGE('',*,*,#5192,.T.);
#3027=ORIENTED_EDGE('',*,*,#5068,.T.);
#3028=ORIENTED_EDGE('',*,*,#5193,.T.);
#3029=ORIENTED_EDGE('',*,*,#4799,.F.);
#3030=ORIENTED_EDGE('',*,*,#5194,.T.);
#3031=ORIENTED_EDGE('',*,*,#5072,.T.);
#3032=ORIENTED_EDGE('',*,*,#5195,.T.);
#3033=ORIENTED_EDGE('',*,*,#4795,.F.);
#3034=ORIENTED_EDGE('',*,*,#5196,.T.);
#3035=ORIENTED_EDGE('',*,*,#5076,.T.);
#3036=ORIENTED_EDGE('',*,*,#5197,.T.);
#3037=ORIENTED_EDGE('',*,*,#4791,.F.);
#3038=ORIENTED_EDGE('',*,*,#5198,.T.);
#3039=ORIENTED_EDGE('',*,*,#5080,.T.);
#3040=ORIENTED_EDGE('',*,*,#5199,.T.);
#3041=ORIENTED_EDGE('',*,*,#4787,.F.);
#3042=ORIENTED_EDGE('',*,*,#5200,.T.);
#3043=ORIENTED_EDGE('',*,*,#5084,.F.);
#3044=ORIENTED_EDGE('',*,*,#5201,.T.);
#3045=ORIENTED_EDGE('',*,*,#4825,.T.);
#3046=ORIENTED_EDGE('',*,*,#5202,.T.);
#3047=ORIENTED_EDGE('',*,*,#4829,.T.);
#3048=ORIENTED_EDGE('',*,*,#5203,.T.);
#3049=ORIENTED_EDGE('',*,*,#5090,.F.);
#3050=ORIENTED_EDGE('',*,*,#5204,.T.);
#3051=ORIENTED_EDGE('',*,*,#4833,.T.);
#3052=ORIENTED_EDGE('',*,*,#5205,.T.);
#3053=ORIENTED_EDGE('',*,*,#5094,.F.);
#3054=ORIENTED_EDGE('',*,*,#5206,.T.);
#3055=ORIENTED_EDGE('',*,*,#4837,.T.);
#3056=ORIENTED_EDGE('',*,*,#5207,.T.);
#3057=ORIENTED_EDGE('',*,*,#5098,.F.);
#3058=ORIENTED_EDGE('',*,*,#5208,.T.);
#3059=ORIENTED_EDGE('',*,*,#4841,.T.);
#3060=ORIENTED_EDGE('',*,*,#5209,.T.);
#3061=ORIENTED_EDGE('',*,*,#5102,.F.);
#3062=ORIENTED_EDGE('',*,*,#5210,.T.);
#3063=ORIENTED_EDGE('',*,*,#4845,.T.);
#3064=ORIENTED_EDGE('',*,*,#5211,.T.);
#3065=ORIENTED_EDGE('',*,*,#5106,.F.);
#3066=ORIENTED_EDGE('',*,*,#5212,.T.);
#3067=ORIENTED_EDGE('',*,*,#4849,.T.);
#3068=ORIENTED_EDGE('',*,*,#5213,.T.);
#3069=ORIENTED_EDGE('',*,*,#5110,.F.);
#3070=ORIENTED_EDGE('',*,*,#5214,.T.);
#3071=ORIENTED_EDGE('',*,*,#4853,.T.);
#3072=ORIENTED_EDGE('',*,*,#5215,.T.);
#3073=ORIENTED_EDGE('',*,*,#5114,.F.);
#3074=ORIENTED_EDGE('',*,*,#5216,.T.);
#3075=ORIENTED_EDGE('',*,*,#5217,.F.);
#3076=ORIENTED_EDGE('',*,*,#5182,.F.);
#3077=ORIENTED_EDGE('',*,*,#5218,.F.);
#3078=ORIENTED_EDGE('',*,*,#5219,.F.);
#3079=ORIENTED_EDGE('',*,*,#5220,.F.);
#3080=ORIENTED_EDGE('',*,*,#5221,.T.);
#3081=ORIENTED_EDGE('',*,*,#5222,.F.);
#3082=ORIENTED_EDGE('',*,*,#5118,.F.);
#3083=ORIENTED_EDGE('',*,*,#4819,.F.);
#3084=ORIENTED_EDGE('',*,*,#5223,.T.);
#3085=ORIENTED_EDGE('',*,*,#5219,.T.);
#3086=ORIENTED_EDGE('',*,*,#5224,.F.);
#3087=ORIENTED_EDGE('',*,*,#5221,.F.);
#3088=ORIENTED_EDGE('',*,*,#5225,.T.);
#3089=ORIENTED_EDGE('',*,*,#4821,.T.);
#3090=ORIENTED_EDGE('',*,*,#5226,.F.);
#3091=ORIENTED_EDGE('',*,*,#5224,.T.);
#3092=ORIENTED_EDGE('',*,*,#5218,.T.);
#3093=ORIENTED_EDGE('',*,*,#5181,.F.);
#3094=ORIENTED_EDGE('',*,*,#5050,.F.);
#3095=ORIENTED_EDGE('',*,*,#5119,.T.);
#3096=ORIENTED_EDGE('',*,*,#5222,.T.);
#3097=ORIENTED_EDGE('',*,*,#5226,.T.);
#3098=ORIENTED_EDGE('',*,*,#4820,.T.);
#3099=ORIENTED_EDGE('',*,*,#5200,.F.);
#3100=ORIENTED_EDGE('',*,*,#4854,.F.);
#3101=ORIENTED_EDGE('',*,*,#5216,.F.);
#3102=ORIENTED_EDGE('',*,*,#5113,.T.);
#3103=ORIENTED_EDGE('',*,*,#5136,.F.);
#3104=ORIENTED_EDGE('',*,*,#5046,.F.);
#3105=ORIENTED_EDGE('',*,*,#5164,.T.);
#3106=ORIENTED_EDGE('',*,*,#5081,.T.);
#3107=ORIENTED_EDGE('',*,*,#4824,.T.);
#3108=ORIENTED_EDGE('',*,*,#5116,.F.);
#3109=ORIENTED_EDGE('',*,*,#5085,.F.);
#3110=ORIENTED_EDGE('',*,*,#5202,.F.);
#3111=ORIENTED_EDGE('',*,*,#5220,.T.);
#3112=ORIENTED_EDGE('',*,*,#5117,.F.);
#3113=ORIENTED_EDGE('',*,*,#4822,.F.);
#3114=ORIENTED_EDGE('',*,*,#5225,.F.);
#3115=ORIENTED_EDGE('',*,*,#4818,.F.);
#3116=ORIENTED_EDGE('',*,*,#5183,.T.);
#3117=ORIENTED_EDGE('',*,*,#5217,.T.);
#3118=ORIENTED_EDGE('',*,*,#5223,.F.);
#3119=ORIENTED_EDGE('',*,*,#5053,.F.);
#3120=ORIENTED_EDGE('',*,*,#5184,.T.);
#3121=ORIENTED_EDGE('',*,*,#4816,.T.);
#3122=ORIENTED_EDGE('',*,*,#5186,.F.);
#3123=ORIENTED_EDGE('',*,*,#4852,.T.);
#3124=ORIENTED_EDGE('',*,*,#5137,.F.);
#3125=ORIENTED_EDGE('',*,*,#5111,.F.);
#3126=ORIENTED_EDGE('',*,*,#5215,.F.);
#3127=ORIENTED_EDGE('',*,*,#5109,.T.);
#3128=ORIENTED_EDGE('',*,*,#5138,.F.);
#3129=ORIENTED_EDGE('',*,*,#4850,.F.);
#3130=ORIENTED_EDGE('',*,*,#5214,.F.);
#3131=ORIENTED_EDGE('',*,*,#4848,.T.);
#3132=ORIENTED_EDGE('',*,*,#5139,.F.);
#3133=ORIENTED_EDGE('',*,*,#5107,.F.);
#3134=ORIENTED_EDGE('',*,*,#5213,.F.);
#3135=ORIENTED_EDGE('',*,*,#5105,.T.);
#3136=ORIENTED_EDGE('',*,*,#5140,.F.);
#3137=ORIENTED_EDGE('',*,*,#4846,.F.);
#3138=ORIENTED_EDGE('',*,*,#5212,.F.);
#3139=ORIENTED_EDGE('',*,*,#4844,.T.);
#3140=ORIENTED_EDGE('',*,*,#5141,.F.);
#3141=ORIENTED_EDGE('',*,*,#5103,.F.);
#3142=ORIENTED_EDGE('',*,*,#5211,.F.);
#3143=ORIENTED_EDGE('',*,*,#5101,.T.);
#3144=ORIENTED_EDGE('',*,*,#5142,.F.);
#3145=ORIENTED_EDGE('',*,*,#4842,.F.);
#3146=ORIENTED_EDGE('',*,*,#5210,.F.);
#3147=ORIENTED_EDGE('',*,*,#4840,.T.);
#3148=ORIENTED_EDGE('',*,*,#5143,.F.);
#3149=ORIENTED_EDGE('',*,*,#5099,.F.);
#3150=ORIENTED_EDGE('',*,*,#5209,.F.);
#3151=ORIENTED_EDGE('',*,*,#5097,.T.);
#3152=ORIENTED_EDGE('',*,*,#5144,.F.);
#3153=ORIENTED_EDGE('',*,*,#4838,.F.);
#3154=ORIENTED_EDGE('',*,*,#5208,.F.);
#3155=ORIENTED_EDGE('',*,*,#4836,.T.);
#3156=ORIENTED_EDGE('',*,*,#5145,.F.);
#3157=ORIENTED_EDGE('',*,*,#5095,.F.);
#3158=ORIENTED_EDGE('',*,*,#5207,.F.);
#3159=ORIENTED_EDGE('',*,*,#5093,.T.);
#3160=ORIENTED_EDGE('',*,*,#5146,.F.);
#3161=ORIENTED_EDGE('',*,*,#4834,.F.);
#3162=ORIENTED_EDGE('',*,*,#5206,.F.);
#3163=ORIENTED_EDGE('',*,*,#4832,.T.);
#3164=ORIENTED_EDGE('',*,*,#5147,.F.);
#3165=ORIENTED_EDGE('',*,*,#5091,.F.);
#3166=ORIENTED_EDGE('',*,*,#5205,.F.);
#3167=ORIENTED_EDGE('',*,*,#5089,.T.);
#3168=ORIENTED_EDGE('',*,*,#5148,.F.);
#3169=ORIENTED_EDGE('',*,*,#4830,.F.);
#3170=ORIENTED_EDGE('',*,*,#5204,.F.);
#3171=ORIENTED_EDGE('',*,*,#4828,.T.);
#3172=ORIENTED_EDGE('',*,*,#5149,.F.);
#3173=ORIENTED_EDGE('',*,*,#5087,.F.);
#3174=ORIENTED_EDGE('',*,*,#5203,.F.);
#3175=ORIENTED_EDGE('',*,*,#5083,.T.);
#3176=ORIENTED_EDGE('',*,*,#5115,.F.);
#3177=ORIENTED_EDGE('',*,*,#4826,.F.);
#3178=ORIENTED_EDGE('',*,*,#5201,.F.);
#3179=ORIENTED_EDGE('',*,*,#4790,.F.);
#3180=ORIENTED_EDGE('',*,*,#5162,.T.);
#3181=ORIENTED_EDGE('',*,*,#5077,.T.);
#3182=ORIENTED_EDGE('',*,*,#5198,.F.);
#3183=ORIENTED_EDGE('',*,*,#5079,.F.);
#3184=ORIENTED_EDGE('',*,*,#5163,.T.);
#3185=ORIENTED_EDGE('',*,*,#4788,.T.);
#3186=ORIENTED_EDGE('',*,*,#5199,.F.);
#3187=ORIENTED_EDGE('',*,*,#4794,.F.);
#3188=ORIENTED_EDGE('',*,*,#5160,.T.);
#3189=ORIENTED_EDGE('',*,*,#5073,.T.);
#3190=ORIENTED_EDGE('',*,*,#5196,.F.);
#3191=ORIENTED_EDGE('',*,*,#5075,.F.);
#3192=ORIENTED_EDGE('',*,*,#5161,.T.);
#3193=ORIENTED_EDGE('',*,*,#4792,.T.);
#3194=ORIENTED_EDGE('',*,*,#5197,.F.);
#3195=ORIENTED_EDGE('',*,*,#4798,.F.);
#3196=ORIENTED_EDGE('',*,*,#5158,.T.);
#3197=ORIENTED_EDGE('',*,*,#5069,.T.);
#3198=ORIENTED_EDGE('',*,*,#5194,.F.);
#3199=ORIENTED_EDGE('',*,*,#5071,.F.);
#3200=ORIENTED_EDGE('',*,*,#5159,.T.);
#3201=ORIENTED_EDGE('',*,*,#4796,.T.);
#3202=ORIENTED_EDGE('',*,*,#5195,.F.);
#3203=ORIENTED_EDGE('',*,*,#4802,.F.);
#3204=ORIENTED_EDGE('',*,*,#5156,.T.);
#3205=ORIENTED_EDGE('',*,*,#5065,.T.);
#3206=ORIENTED_EDGE('',*,*,#5192,.F.);
#3207=ORIENTED_EDGE('',*,*,#5067,.F.);
#3208=ORIENTED_EDGE('',*,*,#5157,.T.);
#3209=ORIENTED_EDGE('',*,*,#4800,.T.);
#3210=ORIENTED_EDGE('',*,*,#5193,.F.);
#3211=ORIENTED_EDGE('',*,*,#4806,.F.);
#3212=ORIENTED_EDGE('',*,*,#5154,.T.);
#3213=ORIENTED_EDGE('',*,*,#5061,.T.);
#3214=ORIENTED_EDGE('',*,*,#5190,.F.);
#3215=ORIENTED_EDGE('',*,*,#5063,.F.);
#3216=ORIENTED_EDGE('',*,*,#5155,.T.);
#3217=ORIENTED_EDGE('',*,*,#4804,.T.);
#3218=ORIENTED_EDGE('',*,*,#5191,.F.);
#3219=ORIENTED_EDGE('',*,*,#4810,.F.);
#3220=ORIENTED_EDGE('',*,*,#5152,.T.);
#3221=ORIENTED_EDGE('',*,*,#5057,.T.);
#3222=ORIENTED_EDGE('',*,*,#5188,.F.);
#3223=ORIENTED_EDGE('',*,*,#5059,.F.);
#3224=ORIENTED_EDGE('',*,*,#5153,.T.);
#3225=ORIENTED_EDGE('',*,*,#4808,.T.);
#3226=ORIENTED_EDGE('',*,*,#5189,.F.);
#3227=ORIENTED_EDGE('',*,*,#4814,.F.);
#3228=ORIENTED_EDGE('',*,*,#5150,.T.);
#3229=ORIENTED_EDGE('',*,*,#5051,.T.);
#3230=ORIENTED_EDGE('',*,*,#5185,.F.);
#3231=ORIENTED_EDGE('',*,*,#5055,.F.);
#3232=ORIENTED_EDGE('',*,*,#5151,.T.);
#3233=ORIENTED_EDGE('',*,*,#4812,.T.);
#3234=ORIENTED_EDGE('',*,*,#5187,.F.);
#3235=ORIENTED_EDGE('',*,*,#5120,.T.);
#3236=ORIENTED_EDGE('',*,*,#5048,.F.);
#3237=ORIENTED_EDGE('',*,*,#5180,.F.);
#3238=ORIENTED_EDGE('',*,*,#4924,.T.);
#3239=ORIENTED_EDGE('',*,*,#5121,.T.);
#3240=ORIENTED_EDGE('',*,*,#4926,.F.);
#3241=ORIENTED_EDGE('',*,*,#5179,.F.);
#3242=ORIENTED_EDGE('',*,*,#5018,.T.);
#3243=ORIENTED_EDGE('',*,*,#5134,.T.);
#3244=ORIENTED_EDGE('',*,*,#5042,.F.);
#3245=ORIENTED_EDGE('',*,*,#5166,.F.);
#3246=ORIENTED_EDGE('',*,*,#4936,.T.);
#3247=ORIENTED_EDGE('',*,*,#5135,.T.);
#3248=ORIENTED_EDGE('',*,*,#4938,.F.);
#3249=ORIENTED_EDGE('',*,*,#5165,.F.);
#3250=ORIENTED_EDGE('',*,*,#5044,.T.);
#3251=ORIENTED_EDGE('',*,*,#5132,.T.);
#3252=ORIENTED_EDGE('',*,*,#5038,.F.);
#3253=ORIENTED_EDGE('',*,*,#5168,.F.);
#3254=ORIENTED_EDGE('',*,*,#4948,.T.);
#3255=ORIENTED_EDGE('',*,*,#5133,.T.);
#3256=ORIENTED_EDGE('',*,*,#4950,.F.);
#3257=ORIENTED_EDGE('',*,*,#5167,.F.);
#3258=ORIENTED_EDGE('',*,*,#5040,.T.);
#3259=ORIENTED_EDGE('',*,*,#5130,.T.);
#3260=ORIENTED_EDGE('',*,*,#5034,.F.);
#3261=ORIENTED_EDGE('',*,*,#5170,.F.);
#3262=ORIENTED_EDGE('',*,*,#4960,.T.);
#3263=ORIENTED_EDGE('',*,*,#5131,.T.);
#3264=ORIENTED_EDGE('',*,*,#4962,.F.);
#3265=ORIENTED_EDGE('',*,*,#5169,.F.);
#3266=ORIENTED_EDGE('',*,*,#5036,.T.);
#3267=ORIENTED_EDGE('',*,*,#5128,.T.);
#3268=ORIENTED_EDGE('',*,*,#5030,.F.);
#3269=ORIENTED_EDGE('',*,*,#5172,.F.);
#3270=ORIENTED_EDGE('',*,*,#4972,.T.);
#3271=ORIENTED_EDGE('',*,*,#5129,.T.);
#3272=ORIENTED_EDGE('',*,*,#4974,.F.);
#3273=ORIENTED_EDGE('',*,*,#5171,.F.);
#3274=ORIENTED_EDGE('',*,*,#5032,.T.);
#3275=ORIENTED_EDGE('',*,*,#5126,.T.);
#3276=ORIENTED_EDGE('',*,*,#5026,.F.);
#3277=ORIENTED_EDGE('',*,*,#5174,.F.);
#3278=ORIENTED_EDGE('',*,*,#4984,.T.);
#3279=ORIENTED_EDGE('',*,*,#5127,.T.);
#3280=ORIENTED_EDGE('',*,*,#4986,.F.);
#3281=ORIENTED_EDGE('',*,*,#5173,.F.);
#3282=ORIENTED_EDGE('',*,*,#5028,.T.);
#3283=ORIENTED_EDGE('',*,*,#5124,.T.);
#3284=ORIENTED_EDGE('',*,*,#5022,.F.);
#3285=ORIENTED_EDGE('',*,*,#5176,.F.);
#3286=ORIENTED_EDGE('',*,*,#4996,.T.);
#3287=ORIENTED_EDGE('',*,*,#5125,.T.);
#3288=ORIENTED_EDGE('',*,*,#4998,.F.);
#3289=ORIENTED_EDGE('',*,*,#5175,.F.);
#3290=ORIENTED_EDGE('',*,*,#5024,.T.);
#3291=ORIENTED_EDGE('',*,*,#5122,.T.);
#3292=ORIENTED_EDGE('',*,*,#5016,.F.);
#3293=ORIENTED_EDGE('',*,*,#5178,.F.);
#3294=ORIENTED_EDGE('',*,*,#5008,.T.);
#3295=ORIENTED_EDGE('',*,*,#5123,.T.);
#3296=ORIENTED_EDGE('',*,*,#5010,.F.);
#3297=ORIENTED_EDGE('',*,*,#5177,.F.);
#3298=ORIENTED_EDGE('',*,*,#5020,.T.);
#3299=ORIENTED_EDGE('',*,*,#5227,.F.);
#3300=ORIENTED_EDGE('',*,*,#4919,.T.);
#3301=ORIENTED_EDGE('',*,*,#5228,.T.);
#3302=ORIENTED_EDGE('',*,*,#4856,.F.);
#3303=ORIENTED_EDGE('',*,*,#5228,.F.);
#3304=ORIENTED_EDGE('',*,*,#4922,.T.);
#3305=ORIENTED_EDGE('',*,*,#5229,.T.);
#3306=ORIENTED_EDGE('',*,*,#4857,.F.);
#3307=ORIENTED_EDGE('',*,*,#5229,.F.);
#3308=ORIENTED_EDGE('',*,*,#4921,.T.);
#3309=ORIENTED_EDGE('',*,*,#5230,.T.);
#3310=ORIENTED_EDGE('',*,*,#4858,.F.);
#3311=ORIENTED_EDGE('',*,*,#5230,.F.);
#3312=ORIENTED_EDGE('',*,*,#4920,.T.);
#3313=ORIENTED_EDGE('',*,*,#5227,.T.);
#3314=ORIENTED_EDGE('',*,*,#4855,.F.);
#3315=ORIENTED_EDGE('',*,*,#5231,.F.);
#3316=ORIENTED_EDGE('',*,*,#5003,.T.);
#3317=ORIENTED_EDGE('',*,*,#5232,.T.);
#3318=ORIENTED_EDGE('',*,*,#4908,.F.);
#3319=ORIENTED_EDGE('',*,*,#5232,.F.);
#3320=ORIENTED_EDGE('',*,*,#5006,.T.);
#3321=ORIENTED_EDGE('',*,*,#5233,.T.);
#3322=ORIENTED_EDGE('',*,*,#4909,.F.);
#3323=ORIENTED_EDGE('',*,*,#5233,.F.);
#3324=ORIENTED_EDGE('',*,*,#5005,.T.);
#3325=ORIENTED_EDGE('',*,*,#5234,.T.);
#3326=ORIENTED_EDGE('',*,*,#4910,.F.);
#3327=ORIENTED_EDGE('',*,*,#5234,.F.);
#3328=ORIENTED_EDGE('',*,*,#5004,.T.);
#3329=ORIENTED_EDGE('',*,*,#5231,.T.);
#3330=ORIENTED_EDGE('',*,*,#4907,.F.);
#3331=ORIENTED_EDGE('',*,*,#5235,.F.);
#3332=ORIENTED_EDGE('',*,*,#5011,.T.);
#3333=ORIENTED_EDGE('',*,*,#5236,.T.);
#3334=ORIENTED_EDGE('',*,*,#4912,.F.);
#3335=ORIENTED_EDGE('',*,*,#5236,.F.);
#3336=ORIENTED_EDGE('',*,*,#5014,.T.);
#3337=ORIENTED_EDGE('',*,*,#5237,.T.);
#3338=ORIENTED_EDGE('',*,*,#4913,.F.);
#3339=ORIENTED_EDGE('',*,*,#5237,.F.);
#3340=ORIENTED_EDGE('',*,*,#5013,.T.);
#3341=ORIENTED_EDGE('',*,*,#5238,.T.);
#3342=ORIENTED_EDGE('',*,*,#4914,.F.);
#3343=ORIENTED_EDGE('',*,*,#5238,.F.);
#3344=ORIENTED_EDGE('',*,*,#5012,.T.);
#3345=ORIENTED_EDGE('',*,*,#5235,.T.);
#3346=ORIENTED_EDGE('',*,*,#4911,.F.);
#3347=ORIENTED_EDGE('',*,*,#5239,.F.);
#3348=ORIENTED_EDGE('',*,*,#4991,.T.);
#3349=ORIENTED_EDGE('',*,*,#5240,.T.);
#3350=ORIENTED_EDGE('',*,*,#4900,.F.);
#3351=ORIENTED_EDGE('',*,*,#5240,.F.);
#3352=ORIENTED_EDGE('',*,*,#4994,.T.);
#3353=ORIENTED_EDGE('',*,*,#5241,.T.);
#3354=ORIENTED_EDGE('',*,*,#4901,.F.);
#3355=ORIENTED_EDGE('',*,*,#5241,.F.);
#3356=ORIENTED_EDGE('',*,*,#4993,.T.);
#3357=ORIENTED_EDGE('',*,*,#5242,.T.);
#3358=ORIENTED_EDGE('',*,*,#4902,.F.);
#3359=ORIENTED_EDGE('',*,*,#5242,.F.);
#3360=ORIENTED_EDGE('',*,*,#4992,.T.);
#3361=ORIENTED_EDGE('',*,*,#5239,.T.);
#3362=ORIENTED_EDGE('',*,*,#4899,.F.);
#3363=ORIENTED_EDGE('',*,*,#5243,.F.);
#3364=ORIENTED_EDGE('',*,*,#4999,.T.);
#3365=ORIENTED_EDGE('',*,*,#5244,.T.);
#3366=ORIENTED_EDGE('',*,*,#4904,.F.);
#3367=ORIENTED_EDGE('',*,*,#5244,.F.);
#3368=ORIENTED_EDGE('',*,*,#5002,.T.);
#3369=ORIENTED_EDGE('',*,*,#5245,.T.);
#3370=ORIENTED_EDGE('',*,*,#4905,.F.);
#3371=ORIENTED_EDGE('',*,*,#5245,.F.);
#3372=ORIENTED_EDGE('',*,*,#5001,.T.);
#3373=ORIENTED_EDGE('',*,*,#5246,.T.);
#3374=ORIENTED_EDGE('',*,*,#4906,.F.);
#3375=ORIENTED_EDGE('',*,*,#5246,.F.);
#3376=ORIENTED_EDGE('',*,*,#5000,.T.);
#3377=ORIENTED_EDGE('',*,*,#5243,.T.);
#3378=ORIENTED_EDGE('',*,*,#4903,.F.);
#3379=ORIENTED_EDGE('',*,*,#5247,.F.);
#3380=ORIENTED_EDGE('',*,*,#4979,.T.);
#3381=ORIENTED_EDGE('',*,*,#5248,.T.);
#3382=ORIENTED_EDGE('',*,*,#4892,.F.);
#3383=ORIENTED_EDGE('',*,*,#5248,.F.);
#3384=ORIENTED_EDGE('',*,*,#4982,.T.);
#3385=ORIENTED_EDGE('',*,*,#5249,.T.);
#3386=ORIENTED_EDGE('',*,*,#4893,.F.);
#3387=ORIENTED_EDGE('',*,*,#5249,.F.);
#3388=ORIENTED_EDGE('',*,*,#4981,.T.);
#3389=ORIENTED_EDGE('',*,*,#5250,.T.);
#3390=ORIENTED_EDGE('',*,*,#4894,.F.);
#3391=ORIENTED_EDGE('',*,*,#5250,.F.);
#3392=ORIENTED_EDGE('',*,*,#4980,.T.);
#3393=ORIENTED_EDGE('',*,*,#5247,.T.);
#3394=ORIENTED_EDGE('',*,*,#4891,.F.);
#3395=ORIENTED_EDGE('',*,*,#5251,.F.);
#3396=ORIENTED_EDGE('',*,*,#4987,.T.);
#3397=ORIENTED_EDGE('',*,*,#5252,.T.);
#3398=ORIENTED_EDGE('',*,*,#4896,.F.);
#3399=ORIENTED_EDGE('',*,*,#5252,.F.);
#3400=ORIENTED_EDGE('',*,*,#4990,.T.);
#3401=ORIENTED_EDGE('',*,*,#5253,.T.);
#3402=ORIENTED_EDGE('',*,*,#4897,.F.);
#3403=ORIENTED_EDGE('',*,*,#5253,.F.);
#3404=ORIENTED_EDGE('',*,*,#4989,.T.);
#3405=ORIENTED_EDGE('',*,*,#5254,.T.);
#3406=ORIENTED_EDGE('',*,*,#4898,.F.);
#3407=ORIENTED_EDGE('',*,*,#5254,.F.);
#3408=ORIENTED_EDGE('',*,*,#4988,.T.);
#3409=ORIENTED_EDGE('',*,*,#5251,.T.);
#3410=ORIENTED_EDGE('',*,*,#4895,.F.);
#3411=ORIENTED_EDGE('',*,*,#5255,.F.);
#3412=ORIENTED_EDGE('',*,*,#4967,.T.);
#3413=ORIENTED_EDGE('',*,*,#5256,.T.);
#3414=ORIENTED_EDGE('',*,*,#4884,.F.);
#3415=ORIENTED_EDGE('',*,*,#5256,.F.);
#3416=ORIENTED_EDGE('',*,*,#4970,.T.);
#3417=ORIENTED_EDGE('',*,*,#5257,.T.);
#3418=ORIENTED_EDGE('',*,*,#4885,.F.);
#3419=ORIENTED_EDGE('',*,*,#5257,.F.);
#3420=ORIENTED_EDGE('',*,*,#4969,.T.);
#3421=ORIENTED_EDGE('',*,*,#5258,.T.);
#3422=ORIENTED_EDGE('',*,*,#4886,.F.);
#3423=ORIENTED_EDGE('',*,*,#5258,.F.);
#3424=ORIENTED_EDGE('',*,*,#4968,.T.);
#3425=ORIENTED_EDGE('',*,*,#5255,.T.);
#3426=ORIENTED_EDGE('',*,*,#4883,.F.);
#3427=ORIENTED_EDGE('',*,*,#5259,.F.);
#3428=ORIENTED_EDGE('',*,*,#4975,.T.);
#3429=ORIENTED_EDGE('',*,*,#5260,.T.);
#3430=ORIENTED_EDGE('',*,*,#4888,.F.);
#3431=ORIENTED_EDGE('',*,*,#5260,.F.);
#3432=ORIENTED_EDGE('',*,*,#4978,.T.);
#3433=ORIENTED_EDGE('',*,*,#5261,.T.);
#3434=ORIENTED_EDGE('',*,*,#4889,.F.);
#3435=ORIENTED_EDGE('',*,*,#5261,.F.);
#3436=ORIENTED_EDGE('',*,*,#4977,.T.);
#3437=ORIENTED_EDGE('',*,*,#5262,.T.);
#3438=ORIENTED_EDGE('',*,*,#4890,.F.);
#3439=ORIENTED_EDGE('',*,*,#5262,.F.);
#3440=ORIENTED_EDGE('',*,*,#4976,.T.);
#3441=ORIENTED_EDGE('',*,*,#5259,.T.);
#3442=ORIENTED_EDGE('',*,*,#4887,.F.);
#3443=ORIENTED_EDGE('',*,*,#5263,.F.);
#3444=ORIENTED_EDGE('',*,*,#4955,.T.);
#3445=ORIENTED_EDGE('',*,*,#5264,.T.);
#3446=ORIENTED_EDGE('',*,*,#4876,.F.);
#3447=ORIENTED_EDGE('',*,*,#5264,.F.);
#3448=ORIENTED_EDGE('',*,*,#4958,.T.);
#3449=ORIENTED_EDGE('',*,*,#5265,.T.);
#3450=ORIENTED_EDGE('',*,*,#4877,.F.);
#3451=ORIENTED_EDGE('',*,*,#5265,.F.);
#3452=ORIENTED_EDGE('',*,*,#4957,.T.);
#3453=ORIENTED_EDGE('',*,*,#5266,.T.);
#3454=ORIENTED_EDGE('',*,*,#4878,.F.);
#3455=ORIENTED_EDGE('',*,*,#5266,.F.);
#3456=ORIENTED_EDGE('',*,*,#4956,.T.);
#3457=ORIENTED_EDGE('',*,*,#5263,.T.);
#3458=ORIENTED_EDGE('',*,*,#4875,.F.);
#3459=ORIENTED_EDGE('',*,*,#5267,.F.);
#3460=ORIENTED_EDGE('',*,*,#4963,.T.);
#3461=ORIENTED_EDGE('',*,*,#5268,.T.);
#3462=ORIENTED_EDGE('',*,*,#4880,.F.);
#3463=ORIENTED_EDGE('',*,*,#5268,.F.);
#3464=ORIENTED_EDGE('',*,*,#4966,.T.);
#3465=ORIENTED_EDGE('',*,*,#5269,.T.);
#3466=ORIENTED_EDGE('',*,*,#4881,.F.);
#3467=ORIENTED_EDGE('',*,*,#5269,.F.);
#3468=ORIENTED_EDGE('',*,*,#4965,.T.);
#3469=ORIENTED_EDGE('',*,*,#5270,.T.);
#3470=ORIENTED_EDGE('',*,*,#4882,.F.);
#3471=ORIENTED_EDGE('',*,*,#5270,.F.);
#3472=ORIENTED_EDGE('',*,*,#4964,.T.);
#3473=ORIENTED_EDGE('',*,*,#5267,.T.);
#3474=ORIENTED_EDGE('',*,*,#4879,.F.);
#3475=ORIENTED_EDGE('',*,*,#5271,.F.);
#3476=ORIENTED_EDGE('',*,*,#4943,.T.);
#3477=ORIENTED_EDGE('',*,*,#5272,.T.);
#3478=ORIENTED_EDGE('',*,*,#4868,.F.);
#3479=ORIENTED_EDGE('',*,*,#5272,.F.);
#3480=ORIENTED_EDGE('',*,*,#4946,.T.);
#3481=ORIENTED_EDGE('',*,*,#5273,.T.);
#3482=ORIENTED_EDGE('',*,*,#4869,.F.);
#3483=ORIENTED_EDGE('',*,*,#5273,.F.);
#3484=ORIENTED_EDGE('',*,*,#4945,.T.);
#3485=ORIENTED_EDGE('',*,*,#5274,.T.);
#3486=ORIENTED_EDGE('',*,*,#4870,.F.);
#3487=ORIENTED_EDGE('',*,*,#5274,.F.);
#3488=ORIENTED_EDGE('',*,*,#4944,.T.);
#3489=ORIENTED_EDGE('',*,*,#5271,.T.);
#3490=ORIENTED_EDGE('',*,*,#4867,.F.);
#3491=ORIENTED_EDGE('',*,*,#5275,.F.);
#3492=ORIENTED_EDGE('',*,*,#4951,.T.);
#3493=ORIENTED_EDGE('',*,*,#5276,.T.);
#3494=ORIENTED_EDGE('',*,*,#4872,.F.);
#3495=ORIENTED_EDGE('',*,*,#5276,.F.);
#3496=ORIENTED_EDGE('',*,*,#4954,.T.);
#3497=ORIENTED_EDGE('',*,*,#5277,.T.);
#3498=ORIENTED_EDGE('',*,*,#4873,.F.);
#3499=ORIENTED_EDGE('',*,*,#5277,.F.);
#3500=ORIENTED_EDGE('',*,*,#4953,.T.);
#3501=ORIENTED_EDGE('',*,*,#5278,.T.);
#3502=ORIENTED_EDGE('',*,*,#4874,.F.);
#3503=ORIENTED_EDGE('',*,*,#5278,.F.);
#3504=ORIENTED_EDGE('',*,*,#4952,.T.);
#3505=ORIENTED_EDGE('',*,*,#5275,.T.);
#3506=ORIENTED_EDGE('',*,*,#4871,.F.);
#3507=ORIENTED_EDGE('',*,*,#5279,.F.);
#3508=ORIENTED_EDGE('',*,*,#4931,.T.);
#3509=ORIENTED_EDGE('',*,*,#5280,.T.);
#3510=ORIENTED_EDGE('',*,*,#4860,.F.);
#3511=ORIENTED_EDGE('',*,*,#5280,.F.);
#3512=ORIENTED_EDGE('',*,*,#4934,.T.);
#3513=ORIENTED_EDGE('',*,*,#5281,.T.);
#3514=ORIENTED_EDGE('',*,*,#4861,.F.);
#3515=ORIENTED_EDGE('',*,*,#5281,.F.);
#3516=ORIENTED_EDGE('',*,*,#4933,.T.);
#3517=ORIENTED_EDGE('',*,*,#5282,.T.);
#3518=ORIENTED_EDGE('',*,*,#4862,.F.);
#3519=ORIENTED_EDGE('',*,*,#5282,.F.);
#3520=ORIENTED_EDGE('',*,*,#4932,.T.);
#3521=ORIENTED_EDGE('',*,*,#5279,.T.);
#3522=ORIENTED_EDGE('',*,*,#4859,.F.);
#3523=ORIENTED_EDGE('',*,*,#5283,.F.);
#3524=ORIENTED_EDGE('',*,*,#4939,.T.);
#3525=ORIENTED_EDGE('',*,*,#5284,.T.);
#3526=ORIENTED_EDGE('',*,*,#4864,.F.);
#3527=ORIENTED_EDGE('',*,*,#5284,.F.);
#3528=ORIENTED_EDGE('',*,*,#4942,.T.);
#3529=ORIENTED_EDGE('',*,*,#5285,.T.);
#3530=ORIENTED_EDGE('',*,*,#4865,.F.);
#3531=ORIENTED_EDGE('',*,*,#5285,.F.);
#3532=ORIENTED_EDGE('',*,*,#4941,.T.);
#3533=ORIENTED_EDGE('',*,*,#5286,.T.);
#3534=ORIENTED_EDGE('',*,*,#4866,.F.);
#3535=ORIENTED_EDGE('',*,*,#5286,.F.);
#3536=ORIENTED_EDGE('',*,*,#4940,.T.);
#3537=ORIENTED_EDGE('',*,*,#5283,.T.);
#3538=ORIENTED_EDGE('',*,*,#4863,.F.);
#3539=ORIENTED_EDGE('',*,*,#5287,.F.);
#3540=ORIENTED_EDGE('',*,*,#4927,.T.);
#3541=ORIENTED_EDGE('',*,*,#5288,.T.);
#3542=ORIENTED_EDGE('',*,*,#4916,.F.);
#3543=ORIENTED_EDGE('',*,*,#5288,.F.);
#3544=ORIENTED_EDGE('',*,*,#4930,.T.);
#3545=ORIENTED_EDGE('',*,*,#5289,.T.);
#3546=ORIENTED_EDGE('',*,*,#4917,.F.);
#3547=ORIENTED_EDGE('',*,*,#5289,.F.);
#3548=ORIENTED_EDGE('',*,*,#4929,.T.);
#3549=ORIENTED_EDGE('',*,*,#5290,.T.);
#3550=ORIENTED_EDGE('',*,*,#4918,.F.);
#3551=ORIENTED_EDGE('',*,*,#5290,.F.);
#3552=ORIENTED_EDGE('',*,*,#4928,.T.);
#3553=ORIENTED_EDGE('',*,*,#5287,.T.);
#3554=ORIENTED_EDGE('',*,*,#4915,.F.);
#3555=EDGE_CURVE('',#5291,#5292,#6427,.T.);
#3556=EDGE_CURVE('',#5293,#5292,#6428,.T.);
#3557=EDGE_CURVE('',#5294,#5293,#6429,.T.);
#3558=EDGE_CURVE('',#5291,#5294,#6430,.T.);
#3559=EDGE_CURVE('',#5295,#5296,#6431,.T.);
#3560=EDGE_CURVE('',#5297,#5295,#6432,.T.);
#3561=EDGE_CURVE('',#5297,#5298,#6433,.T.);
#3562=EDGE_CURVE('',#5296,#5298,#6434,.T.);
#3563=EDGE_CURVE('',#5299,#5300,#6435,.T.);
#3564=EDGE_CURVE('',#5301,#5299,#6436,.T.);
#3565=EDGE_CURVE('',#5301,#5302,#6437,.T.);
#3566=EDGE_CURVE('',#5300,#5302,#6438,.T.);
#3567=EDGE_CURVE('',#5303,#5304,#6439,.T.);
#3568=EDGE_CURVE('',#5305,#5303,#6440,.T.);
#3569=EDGE_CURVE('',#5305,#5306,#6441,.T.);
#3570=EDGE_CURVE('',#5304,#5306,#6442,.T.);
#3571=EDGE_CURVE('',#5307,#5308,#6443,.T.);
#3572=EDGE_CURVE('',#5309,#5307,#6444,.T.);
#3573=EDGE_CURVE('',#5309,#5310,#6445,.T.);
#3574=EDGE_CURVE('',#5308,#5310,#6446,.T.);
#3575=EDGE_CURVE('',#5311,#5312,#6447,.T.);
#3576=EDGE_CURVE('',#5313,#5311,#6448,.T.);
#3577=EDGE_CURVE('',#5313,#5314,#6449,.T.);
#3578=EDGE_CURVE('',#5312,#5314,#6450,.T.);
#3579=EDGE_CURVE('',#5315,#5316,#6451,.T.);
#3580=EDGE_CURVE('',#5317,#5315,#6452,.T.);
#3581=EDGE_CURVE('',#5317,#5318,#6453,.T.);
#3582=EDGE_CURVE('',#5316,#5318,#6454,.T.);
#3583=EDGE_CURVE('',#5319,#5320,#6455,.T.);
#3584=EDGE_CURVE('',#5321,#5319,#6456,.T.);
#3585=EDGE_CURVE('',#5321,#5322,#6457,.T.);
#3586=EDGE_CURVE('',#5320,#5322,#6458,.T.);
#3587=EDGE_CURVE('',#5323,#5324,#6459,.T.);
#3588=EDGE_CURVE('',#5325,#5323,#6460,.T.);
#3589=EDGE_CURVE('',#5326,#5325,#6461,.T.);
#3590=EDGE_CURVE('',#5324,#5326,#6462,.T.);
#3591=EDGE_CURVE('',#5327,#5328,#6463,.T.);
#3592=EDGE_CURVE('',#5329,#5328,#6464,.T.);
#3593=EDGE_CURVE('',#5330,#5329,#6465,.T.);
#3594=EDGE_CURVE('',#5330,#5327,#6466,.T.);
#3595=EDGE_CURVE('',#5331,#5332,#6467,.T.);
#3596=EDGE_CURVE('',#5331,#5333,#6468,.T.);
#3597=EDGE_CURVE('',#5333,#5334,#6469,.T.);
#3598=EDGE_CURVE('',#5332,#5334,#6470,.T.);
#3599=EDGE_CURVE('',#5335,#5336,#6471,.T.);
#3600=EDGE_CURVE('',#5335,#5337,#6472,.T.);
#3601=EDGE_CURVE('',#5337,#5338,#6473,.T.);
#3602=EDGE_CURVE('',#5336,#5338,#6474,.T.);
#3603=EDGE_CURVE('',#5339,#5340,#6475,.T.);
#3604=EDGE_CURVE('',#5339,#5341,#6476,.T.);
#3605=EDGE_CURVE('',#5341,#5342,#6477,.T.);
#3606=EDGE_CURVE('',#5340,#5342,#6478,.T.);
#3607=EDGE_CURVE('',#5343,#5344,#6479,.T.);
#3608=EDGE_CURVE('',#5343,#5345,#6480,.T.);
#3609=EDGE_CURVE('',#5345,#5346,#6481,.T.);
#3610=EDGE_CURVE('',#5344,#5346,#6482,.T.);
#3611=EDGE_CURVE('',#5347,#5348,#6483,.T.);
#3612=EDGE_CURVE('',#5347,#5349,#6484,.T.);
#3613=EDGE_CURVE('',#5349,#5350,#6485,.T.);
#3614=EDGE_CURVE('',#5348,#5350,#6486,.T.);
#3615=EDGE_CURVE('',#5351,#5352,#6487,.T.);
#3616=EDGE_CURVE('',#5351,#5353,#6488,.T.);
#3617=EDGE_CURVE('',#5353,#5354,#6489,.T.);
#3618=EDGE_CURVE('',#5352,#5354,#6490,.T.);
#3619=EDGE_CURVE('',#5355,#5356,#6491,.T.);
#3620=EDGE_CURVE('',#5355,#5357,#6492,.T.);
#3621=EDGE_CURVE('',#5357,#5358,#6493,.T.);
#3622=EDGE_CURVE('',#5356,#5358,#6494,.T.);
#3623=EDGE_CURVE('',#5359,#5360,#6495,.T.);
#3624=EDGE_CURVE('',#5359,#5361,#6496,.T.);
#3625=EDGE_CURVE('',#5362,#5361,#6497,.T.);
#3626=EDGE_CURVE('',#5360,#5362,#6498,.T.);
#3627=EDGE_CURVE('',#5328,#5363,#6499,.T.);
#3628=EDGE_CURVE('',#5363,#5364,#6500,.T.);
#3629=EDGE_CURVE('',#5364,#5332,#6501,.T.);
#3630=EDGE_CURVE('',#5334,#5365,#6502,.T.);
#3631=EDGE_CURVE('',#5365,#5366,#6503,.T.);
#3632=EDGE_CURVE('',#5366,#5336,#6504,.T.);
#3633=EDGE_CURVE('',#5338,#5367,#6505,.T.);
#3634=EDGE_CURVE('',#5367,#5368,#6506,.T.);
#3635=EDGE_CURVE('',#5368,#5340,#6507,.T.);
#3636=EDGE_CURVE('',#5342,#5369,#6508,.T.);
#3637=EDGE_CURVE('',#5369,#5370,#6509,.T.);
#3638=EDGE_CURVE('',#5370,#5344,#6510,.T.);
#3639=EDGE_CURVE('',#5346,#5371,#6511,.T.);
#3640=EDGE_CURVE('',#5371,#5372,#6512,.T.);
#3641=EDGE_CURVE('',#5372,#5348,#6513,.T.);
#3642=EDGE_CURVE('',#5350,#5373,#6514,.T.);
#3643=EDGE_CURVE('',#5373,#5374,#6515,.T.);
#3644=EDGE_CURVE('',#5374,#5352,#6516,.T.);
#3645=EDGE_CURVE('',#5354,#5375,#6517,.T.);
#3646=EDGE_CURVE('',#5375,#5376,#6518,.T.);
#3647=EDGE_CURVE('',#5376,#5356,#6519,.T.);
#3648=EDGE_CURVE('',#5358,#5377,#6520,.T.);
#3649=EDGE_CURVE('',#5377,#5378,#6521,.T.);
#3650=EDGE_CURVE('',#5378,#5360,#6522,.T.);
#3651=EDGE_CURVE('',#5379,#5362,#6523,.T.);
#3652=EDGE_CURVE('',#5380,#5379,#6524,.T.);
#3653=EDGE_CURVE('',#5380,#5329,#6525,.T.);
#3654=EDGE_CURVE('',#5291,#5381,#6526,.T.);
#3655=EDGE_CURVE('',#5382,#5294,#6527,.T.);
#3656=EDGE_CURVE('',#5383,#5382,#6528,.T.);
#3657=EDGE_CURVE('',#5383,#5325,#6529,.T.);
#3658=EDGE_CURVE('',#5384,#5323,#6530,.T.);
#3659=EDGE_CURVE('',#5385,#5384,#6531,.T.);
#3660=EDGE_CURVE('',#5321,#5385,#6532,.T.);
#3661=EDGE_CURVE('',#5386,#5319,#6533,.T.);
#3662=EDGE_CURVE('',#5387,#5386,#6534,.T.);
#3663=EDGE_CURVE('',#5317,#5387,#6535,.T.);
#3664=EDGE_CURVE('',#5388,#5315,#6536,.T.);
#3665=EDGE_CURVE('',#5389,#5388,#6537,.T.);
#3666=EDGE_CURVE('',#5313,#5389,#6538,.T.);
#3667=EDGE_CURVE('',#5390,#5311,#6539,.T.);
#3668=EDGE_CURVE('',#5391,#5390,#6540,.T.);
#3669=EDGE_CURVE('',#5309,#5391,#6541,.T.);
#3670=EDGE_CURVE('',#5392,#5307,#6542,.T.);
#3671=EDGE_CURVE('',#5393,#5392,#6543,.T.);
#3672=EDGE_CURVE('',#5305,#5393,#6544,.T.);
#3673=EDGE_CURVE('',#5394,#5303,#6545,.T.);
#3674=EDGE_CURVE('',#5395,#5394,#6546,.T.);
#3675=EDGE_CURVE('',#5301,#5395,#6547,.T.);
#3676=EDGE_CURVE('',#5396,#5299,#6548,.T.);
#3677=EDGE_CURVE('',#5397,#5396,#6549,.T.);
#3678=EDGE_CURVE('',#5297,#5397,#6550,.T.);
#3679=EDGE_CURVE('',#5398,#5295,#6551,.T.);
#3680=EDGE_CURVE('',#5381,#5398,#6552,.T.);
#3681=EDGE_CURVE('',#5292,#5399,#6553,.T.);
#3682=EDGE_CURVE('',#5400,#5399,#6554,.T.);
#3683=EDGE_CURVE('',#5400,#5293,#6555,.T.);
#3684=EDGE_CURVE('',#5401,#5402,#6556,.T.);
#3685=EDGE_CURVE('',#5401,#5296,#6557,.T.);
#3686=EDGE_CURVE('',#5298,#5402,#6558,.T.);
#3687=EDGE_CURVE('',#5403,#5404,#6559,.T.);
#3688=EDGE_CURVE('',#5403,#5300,#6560,.T.);
#3689=EDGE_CURVE('',#5302,#5404,#6561,.T.);
#3690=EDGE_CURVE('',#5405,#5406,#6562,.T.);
#3691=EDGE_CURVE('',#5405,#5304,#6563,.T.);
#3692=EDGE_CURVE('',#5306,#5406,#6564,.T.);
#3693=EDGE_CURVE('',#5407,#5408,#6565,.T.);
#3694=EDGE_CURVE('',#5407,#5308,#6566,.T.);
#3695=EDGE_CURVE('',#5310,#5408,#6567,.T.);
#3696=EDGE_CURVE('',#5409,#5410,#6568,.T.);
#3697=EDGE_CURVE('',#5409,#5312,#6569,.T.);
#3698=EDGE_CURVE('',#5314,#5410,#6570,.T.);
#3699=EDGE_CURVE('',#5411,#5412,#6571,.T.);
#3700=EDGE_CURVE('',#5411,#5316,#6572,.T.);
#3701=EDGE_CURVE('',#5318,#5412,#6573,.T.);
#3702=EDGE_CURVE('',#5413,#5414,#6574,.T.);
#3703=EDGE_CURVE('',#5413,#5320,#6575,.T.);
#3704=EDGE_CURVE('',#5322,#5414,#6576,.T.);
#3705=EDGE_CURVE('',#5415,#5416,#6577,.T.);
#3706=EDGE_CURVE('',#5415,#5324,#6578,.T.);
#3707=EDGE_CURVE('',#5416,#5326,#6579,.T.);
#3708=EDGE_CURVE('',#5417,#5418,#6580,.T.);
#3709=EDGE_CURVE('',#5418,#5327,#6581,.T.);
#3710=EDGE_CURVE('',#5330,#5417,#6582,.T.);
#3711=EDGE_CURVE('',#5331,#5419,#6583,.T.);
#3712=EDGE_CURVE('',#5419,#5420,#6584,.T.);
#3713=EDGE_CURVE('',#5420,#5333,#6585,.T.);
#3714=EDGE_CURVE('',#5335,#5421,#6586,.T.);
#3715=EDGE_CURVE('',#5421,#5422,#6587,.T.);
#3716=EDGE_CURVE('',#5422,#5337,#6588,.T.);
#3717=EDGE_CURVE('',#5339,#5423,#6589,.T.);
#3718=EDGE_CURVE('',#5423,#5424,#6590,.T.);
#3719=EDGE_CURVE('',#5424,#5341,#6591,.T.);
#3720=EDGE_CURVE('',#5343,#5425,#6592,.T.);
#3721=EDGE_CURVE('',#5425,#5426,#6593,.T.);
#3722=EDGE_CURVE('',#5426,#5345,#6594,.T.);
#3723=EDGE_CURVE('',#5347,#5427,#6595,.T.);
#3724=EDGE_CURVE('',#5427,#5428,#6596,.T.);
#3725=EDGE_CURVE('',#5428,#5349,#6597,.T.);
#3726=EDGE_CURVE('',#5351,#5429,#6598,.T.);
#3727=EDGE_CURVE('',#5429,#5430,#6599,.T.);
#3728=EDGE_CURVE('',#5430,#5353,#6600,.T.);
#3729=EDGE_CURVE('',#5355,#5431,#6601,.T.);
#3730=EDGE_CURVE('',#5431,#5432,#6602,.T.);
#3731=EDGE_CURVE('',#5432,#5357,#6603,.T.);
#3732=EDGE_CURVE('',#5359,#5433,#6604,.T.);
#3733=EDGE_CURVE('',#5433,#5434,#6605,.T.);
#3734=EDGE_CURVE('',#5361,#5434,#6606,.T.);
#3735=EDGE_CURVE('',#5379,#5383,#6607,.T.);
#3736=EDGE_CURVE('',#5434,#5416,#6608,.T.);
#3737=EDGE_CURVE('',#5417,#5400,#6609,.T.);
#3738=EDGE_CURVE('',#5382,#5380,#6610,.T.);
#3739=EDGE_CURVE('',#5435,#5436,#6611,.T.);
#3740=EDGE_CURVE('',#5437,#5435,#6612,.T.);
#3741=EDGE_CURVE('',#5437,#5438,#6613,.T.);
#3742=EDGE_CURVE('',#5438,#5436,#6614,.T.);
#3743=EDGE_CURVE('',#5439,#5435,#6615,.T.);
#3744=EDGE_CURVE('',#5440,#5439,#6616,.T.);
#3745=EDGE_CURVE('',#5440,#5437,#6617,.T.);
#3746=EDGE_CURVE('',#5441,#5439,#6618,.T.);
#3747=EDGE_CURVE('',#5442,#5441,#6619,.T.);
#3748=EDGE_CURVE('',#5442,#5440,#6620,.T.);
#3749=EDGE_CURVE('',#5443,#5444,#6621,.T.);
#3750=EDGE_CURVE('',#5445,#5443,#6622,.T.);
#3751=EDGE_CURVE('',#5445,#5446,#6623,.T.);
#3752=EDGE_CURVE('',#5446,#5444,#6624,.T.);
#3753=EDGE_CURVE('',#5447,#5443,#6625,.T.);
#3754=EDGE_CURVE('',#5448,#5447,#6626,.T.);
#3755=EDGE_CURVE('',#5448,#5445,#6627,.T.);
#3756=EDGE_CURVE('',#5449,#5447,#6628,.T.);
#3757=EDGE_CURVE('',#5450,#5449,#6629,.T.);
#3758=EDGE_CURVE('',#5450,#5448,#6630,.T.);
#3759=EDGE_CURVE('',#5451,#5452,#6631,.T.);
#3760=EDGE_CURVE('',#5453,#5451,#6632,.T.);
#3761=EDGE_CURVE('',#5453,#5454,#6633,.T.);
#3762=EDGE_CURVE('',#5454,#5452,#6634,.T.);
#3763=EDGE_CURVE('',#5455,#5451,#6635,.T.);
#3764=EDGE_CURVE('',#5456,#5455,#6636,.T.);
#3765=EDGE_CURVE('',#5456,#5453,#6637,.T.);
#3766=EDGE_CURVE('',#5457,#5455,#6638,.T.);
#3767=EDGE_CURVE('',#5458,#5457,#6639,.T.);
#3768=EDGE_CURVE('',#5458,#5456,#6640,.T.);
#3769=EDGE_CURVE('',#5459,#5460,#6641,.T.);
#3770=EDGE_CURVE('',#5461,#5459,#6642,.T.);
#3771=EDGE_CURVE('',#5461,#5462,#6643,.T.);
#3772=EDGE_CURVE('',#5462,#5460,#6644,.T.);
#3773=EDGE_CURVE('',#5463,#5459,#6645,.T.);
#3774=EDGE_CURVE('',#5464,#5463,#6646,.T.);
#3775=EDGE_CURVE('',#5464,#5461,#6647,.T.);
#3776=EDGE_CURVE('',#5465,#5463,#6648,.T.);
#3777=EDGE_CURVE('',#5466,#5465,#6649,.T.);
#3778=EDGE_CURVE('',#5466,#5464,#6650,.T.);
#3779=EDGE_CURVE('',#5467,#5468,#6651,.T.);
#3780=EDGE_CURVE('',#5469,#5467,#6652,.T.);
#3781=EDGE_CURVE('',#5469,#5470,#6653,.T.);
#3782=EDGE_CURVE('',#5470,#5468,#6654,.T.);
#3783=EDGE_CURVE('',#5471,#5467,#6655,.T.);
#3784=EDGE_CURVE('',#5472,#5471,#6656,.T.);
#3785=EDGE_CURVE('',#5472,#5469,#6657,.T.);
#3786=EDGE_CURVE('',#5473,#5471,#6658,.T.);
#3787=EDGE_CURVE('',#5474,#5473,#6659,.T.);
#3788=EDGE_CURVE('',#5474,#5472,#6660,.T.);
#3789=EDGE_CURVE('',#5475,#5476,#6661,.T.);
#3790=EDGE_CURVE('',#5477,#5475,#6662,.T.);
#3791=EDGE_CURVE('',#5477,#5478,#6663,.T.);
#3792=EDGE_CURVE('',#5478,#5476,#6664,.T.);
#3793=EDGE_CURVE('',#5479,#5475,#6665,.T.);
#3794=EDGE_CURVE('',#5480,#5479,#6666,.T.);
#3795=EDGE_CURVE('',#5480,#5477,#6667,.T.);
#3796=EDGE_CURVE('',#5481,#5479,#6668,.T.);
#3797=EDGE_CURVE('',#5482,#5481,#6669,.T.);
#3798=EDGE_CURVE('',#5482,#5480,#6670,.T.);
#3799=EDGE_CURVE('',#5483,#5484,#6671,.T.);
#3800=EDGE_CURVE('',#5485,#5483,#6672,.T.);
#3801=EDGE_CURVE('',#5485,#5486,#6673,.T.);
#3802=EDGE_CURVE('',#5486,#5484,#6674,.T.);
#3803=EDGE_CURVE('',#5487,#5483,#6675,.T.);
#3804=EDGE_CURVE('',#5488,#5487,#6676,.T.);
#3805=EDGE_CURVE('',#5488,#5485,#6677,.T.);
#3806=EDGE_CURVE('',#5489,#5487,#6678,.T.);
#3807=EDGE_CURVE('',#5490,#5489,#6679,.T.);
#3808=EDGE_CURVE('',#5490,#5488,#6680,.T.);
#3809=EDGE_CURVE('',#5491,#5492,#6681,.T.);
#3810=EDGE_CURVE('',#5493,#5491,#6682,.T.);
#3811=EDGE_CURVE('',#5493,#5494,#6683,.T.);
#3812=EDGE_CURVE('',#5494,#5492,#6684,.T.);
#3813=EDGE_CURVE('',#5495,#5491,#6685,.T.);
#3814=EDGE_CURVE('',#5496,#5495,#6686,.T.);
#3815=EDGE_CURVE('',#5496,#5493,#6687,.T.);
#3816=EDGE_CURVE('',#5497,#5495,#6688,.T.);
#3817=EDGE_CURVE('',#5498,#5497,#6689,.T.);
#3818=EDGE_CURVE('',#5498,#5496,#6690,.T.);
#3819=EDGE_CURVE('',#5499,#5500,#6691,.T.);
#3820=EDGE_CURVE('',#5501,#5499,#6692,.T.);
#3821=EDGE_CURVE('',#5501,#5502,#6693,.T.);
#3822=EDGE_CURVE('',#5502,#5500,#6694,.T.);
#3823=EDGE_CURVE('',#5503,#5499,#6695,.T.);
#3824=EDGE_CURVE('',#5504,#5503,#6696,.T.);
#3825=EDGE_CURVE('',#5504,#5501,#6697,.T.);
#3826=EDGE_CURVE('',#5505,#5503,#6698,.T.);
#3827=EDGE_CURVE('',#5506,#5505,#6699,.T.);
#3828=EDGE_CURVE('',#5506,#5504,#6700,.T.);
#3829=EDGE_CURVE('',#5507,#5508,#6701,.T.);
#3830=EDGE_CURVE('',#5509,#5507,#6702,.T.);
#3831=EDGE_CURVE('',#5509,#5510,#6703,.T.);
#3832=EDGE_CURVE('',#5510,#5508,#6704,.T.);
#3833=EDGE_CURVE('',#5511,#5507,#6705,.T.);
#3834=EDGE_CURVE('',#5512,#5511,#6706,.T.);
#3835=EDGE_CURVE('',#5512,#5509,#6707,.T.);
#3836=EDGE_CURVE('',#5513,#5511,#6708,.T.);
#3837=EDGE_CURVE('',#5514,#5513,#6709,.T.);
#3838=EDGE_CURVE('',#5514,#5512,#6710,.T.);
#3839=EDGE_CURVE('',#5515,#5516,#6711,.T.);
#3840=EDGE_CURVE('',#5517,#5515,#6712,.T.);
#3841=EDGE_CURVE('',#5517,#5518,#6713,.T.);
#3842=EDGE_CURVE('',#5518,#5516,#6714,.T.);
#3843=EDGE_CURVE('',#5519,#5515,#6715,.T.);
#3844=EDGE_CURVE('',#5520,#5519,#6716,.T.);
#3845=EDGE_CURVE('',#5520,#5517,#6717,.T.);
#3846=EDGE_CURVE('',#5521,#5519,#6718,.T.);
#3847=EDGE_CURVE('',#5522,#5521,#6719,.T.);
#3848=EDGE_CURVE('',#5522,#5520,#6720,.T.);
#3849=EDGE_CURVE('',#5523,#5524,#6721,.T.);
#3850=EDGE_CURVE('',#5525,#5523,#6722,.T.);
#3851=EDGE_CURVE('',#5525,#5526,#6723,.T.);
#3852=EDGE_CURVE('',#5526,#5524,#6724,.T.);
#3853=EDGE_CURVE('',#5527,#5523,#6725,.T.);
#3854=EDGE_CURVE('',#5528,#5527,#6726,.T.);
#3855=EDGE_CURVE('',#5528,#5525,#6727,.T.);
#3856=EDGE_CURVE('',#5529,#5527,#6728,.T.);
#3857=EDGE_CURVE('',#5530,#5529,#6729,.T.);
#3858=EDGE_CURVE('',#5530,#5528,#6730,.T.);
#3859=EDGE_CURVE('',#5531,#5532,#6731,.T.);
#3860=EDGE_CURVE('',#5533,#5531,#6732,.T.);
#3861=EDGE_CURVE('',#5533,#5534,#6733,.T.);
#3862=EDGE_CURVE('',#5534,#5532,#6734,.T.);
#3863=EDGE_CURVE('',#5535,#5531,#6735,.T.);
#3864=EDGE_CURVE('',#5536,#5535,#6736,.T.);
#3865=EDGE_CURVE('',#5536,#5533,#6737,.T.);
#3866=EDGE_CURVE('',#5537,#5535,#6738,.T.);
#3867=EDGE_CURVE('',#5538,#5537,#6739,.T.);
#3868=EDGE_CURVE('',#5538,#5536,#6740,.T.);
#3869=EDGE_CURVE('',#5539,#5540,#6741,.T.);
#3870=EDGE_CURVE('',#5541,#5539,#6742,.T.);
#3871=EDGE_CURVE('',#5541,#5542,#6743,.T.);
#3872=EDGE_CURVE('',#5542,#5540,#6744,.T.);
#3873=EDGE_CURVE('',#5543,#5539,#6745,.T.);
#3874=EDGE_CURVE('',#5544,#5543,#6746,.T.);
#3875=EDGE_CURVE('',#5544,#5541,#6747,.T.);
#3876=EDGE_CURVE('',#5545,#5543,#6748,.T.);
#3877=EDGE_CURVE('',#5546,#5545,#6749,.T.);
#3878=EDGE_CURVE('',#5546,#5544,#6750,.T.);
#3879=EDGE_CURVE('',#5547,#5548,#6751,.T.);
#3880=EDGE_CURVE('',#5549,#5547,#6752,.T.);
#3881=EDGE_CURVE('',#5549,#5550,#6753,.T.);
#3882=EDGE_CURVE('',#5550,#5548,#6754,.T.);
#3883=EDGE_CURVE('',#5551,#5547,#6755,.T.);
#3884=EDGE_CURVE('',#5552,#5551,#6756,.T.);
#3885=EDGE_CURVE('',#5552,#5549,#6757,.T.);
#3886=EDGE_CURVE('',#5553,#5551,#6758,.T.);
#3887=EDGE_CURVE('',#5554,#5553,#6759,.T.);
#3888=EDGE_CURVE('',#5554,#5552,#6760,.T.);
#3889=EDGE_CURVE('',#5555,#5556,#6761,.T.);
#3890=EDGE_CURVE('',#5557,#5555,#6762,.T.);
#3891=EDGE_CURVE('',#5557,#5558,#6763,.T.);
#3892=EDGE_CURVE('',#5558,#5556,#6764,.T.);
#3893=EDGE_CURVE('',#5559,#5555,#6765,.T.);
#3894=EDGE_CURVE('',#5560,#5559,#6766,.T.);
#3895=EDGE_CURVE('',#5560,#5557,#6767,.T.);
#3896=EDGE_CURVE('',#5561,#5559,#6768,.T.);
#3897=EDGE_CURVE('',#5562,#5561,#6769,.T.);
#3898=EDGE_CURVE('',#5562,#5560,#6770,.T.);
#3899=EDGE_CURVE('',#5436,#5441,#6771,.T.);
#3900=EDGE_CURVE('',#5438,#5442,#6772,.T.);
#3901=EDGE_CURVE('',#5444,#5449,#6773,.T.);
#3902=EDGE_CURVE('',#5446,#5450,#6774,.T.);
#3903=EDGE_CURVE('',#5452,#5457,#6775,.T.);
#3904=EDGE_CURVE('',#5454,#5458,#6776,.T.);
#3905=EDGE_CURVE('',#5460,#5465,#6777,.T.);
#3906=EDGE_CURVE('',#5462,#5466,#6778,.T.);
#3907=EDGE_CURVE('',#5468,#5473,#6779,.T.);
#3908=EDGE_CURVE('',#5470,#5474,#6780,.T.);
#3909=EDGE_CURVE('',#5476,#5481,#6781,.T.);
#3910=EDGE_CURVE('',#5478,#5482,#6782,.T.);
#3911=EDGE_CURVE('',#5484,#5489,#6783,.T.);
#3912=EDGE_CURVE('',#5486,#5490,#6784,.T.);
#3913=EDGE_CURVE('',#5492,#5497,#6785,.T.);
#3914=EDGE_CURVE('',#5494,#5498,#6786,.T.);
#3915=EDGE_CURVE('',#5500,#5505,#6787,.T.);
#3916=EDGE_CURVE('',#5502,#5506,#6788,.T.);
#3917=EDGE_CURVE('',#5508,#5513,#6789,.T.);
#3918=EDGE_CURVE('',#5510,#5514,#6790,.T.);
#3919=EDGE_CURVE('',#5516,#5521,#6791,.T.);
#3920=EDGE_CURVE('',#5518,#5522,#6792,.T.);
#3921=EDGE_CURVE('',#5524,#5529,#6793,.T.);
#3922=EDGE_CURVE('',#5526,#5530,#6794,.T.);
#3923=EDGE_CURVE('',#5532,#5537,#6795,.T.);
#3924=EDGE_CURVE('',#5534,#5538,#6796,.T.);
#3925=EDGE_CURVE('',#5540,#5545,#6797,.T.);
#3926=EDGE_CURVE('',#5542,#5546,#6798,.T.);
#3927=EDGE_CURVE('',#5548,#5553,#6799,.T.);
#3928=EDGE_CURVE('',#5550,#5554,#6800,.T.);
#3929=EDGE_CURVE('',#5556,#5561,#6801,.T.);
#3930=EDGE_CURVE('',#5558,#5562,#6802,.T.);
#3931=EDGE_CURVE('',#5432,#5377,#6803,.T.);
#3932=EDGE_CURVE('',#5431,#5376,#6804,.T.);
#3933=EDGE_CURVE('',#5430,#5375,#6805,.T.);
#3934=EDGE_CURVE('',#5429,#5374,#6806,.T.);
#3935=EDGE_CURVE('',#5428,#5373,#6807,.T.);
#3936=EDGE_CURVE('',#5427,#5372,#6808,.T.);
#3937=EDGE_CURVE('',#5426,#5371,#6809,.T.);
#3938=EDGE_CURVE('',#5425,#5370,#6810,.T.);
#3939=EDGE_CURVE('',#5424,#5369,#6811,.T.);
#3940=EDGE_CURVE('',#5423,#5368,#6812,.T.);
#3941=EDGE_CURVE('',#5422,#5367,#6813,.T.);
#3942=EDGE_CURVE('',#5421,#5366,#6814,.T.);
#3943=EDGE_CURVE('',#5420,#5365,#6815,.T.);
#3944=EDGE_CURVE('',#5419,#5364,#6816,.T.);
#3945=EDGE_CURVE('',#5418,#5363,#6817,.T.);
#3946=EDGE_CURVE('',#5381,#5399,#6818,.T.);
#3947=EDGE_CURVE('',#5398,#5401,#6819,.T.);
#3948=EDGE_CURVE('',#5397,#5402,#6820,.T.);
#3949=EDGE_CURVE('',#5396,#5403,#6821,.T.);
#3950=EDGE_CURVE('',#5395,#5404,#6822,.T.);
#3951=EDGE_CURVE('',#5394,#5405,#6823,.T.);
#3952=EDGE_CURVE('',#5393,#5406,#6824,.T.);
#3953=EDGE_CURVE('',#5392,#5407,#6825,.T.);
#3954=EDGE_CURVE('',#5391,#5408,#6826,.T.);
#3955=EDGE_CURVE('',#5390,#5409,#6827,.T.);
#3956=EDGE_CURVE('',#5389,#5410,#6828,.T.);
#3957=EDGE_CURVE('',#5388,#5411,#6829,.T.);
#3958=EDGE_CURVE('',#5387,#5412,#6830,.T.);
#3959=EDGE_CURVE('',#5386,#5413,#6831,.T.);
#3960=EDGE_CURVE('',#5385,#5414,#6832,.T.);
#3961=EDGE_CURVE('',#5384,#5415,#6833,.T.);
#3962=EDGE_CURVE('',#5433,#5378,#6834,.T.);
#3963=EDGE_CURVE('',#5563,#5564,#6835,.T.);
#3964=EDGE_CURVE('',#5563,#5565,#6836,.T.);
#3965=EDGE_CURVE('',#5565,#5566,#6837,.T.);
#3966=EDGE_CURVE('',#5564,#5566,#6838,.T.);
#3967=EDGE_CURVE('',#5564,#5567,#6839,.T.);
#3968=EDGE_CURVE('',#5566,#5568,#6840,.T.);
#3969=EDGE_CURVE('',#5567,#5568,#6841,.T.);
#3970=EDGE_CURVE('',#5567,#5569,#6842,.T.);
#3971=EDGE_CURVE('',#5568,#5570,#6843,.T.);
#3972=EDGE_CURVE('',#5569,#5570,#6844,.T.);
#3973=EDGE_CURVE('',#5569,#5563,#6845,.T.);
#3974=EDGE_CURVE('',#5570,#5565,#6846,.T.);
#3975=EDGE_CURVE('',#5571,#5572,#6847,.T.);
#3976=EDGE_CURVE('',#5571,#5573,#6848,.T.);
#3977=EDGE_CURVE('',#5573,#5574,#6849,.T.);
#3978=EDGE_CURVE('',#5572,#5574,#6850,.T.);
#3979=EDGE_CURVE('',#5575,#5576,#6851,.T.);
#3980=EDGE_CURVE('',#5575,#5577,#6852,.T.);
#3981=EDGE_CURVE('',#5577,#5578,#6853,.T.);
#3982=EDGE_CURVE('',#5576,#5578,#6854,.T.);
#3983=EDGE_CURVE('',#5579,#5580,#6855,.T.);
#3984=EDGE_CURVE('',#5579,#5581,#6856,.T.);
#3985=EDGE_CURVE('',#5581,#5582,#6857,.T.);
#3986=EDGE_CURVE('',#5580,#5582,#6858,.T.);
#3987=EDGE_CURVE('',#5583,#5584,#6859,.T.);
#3988=EDGE_CURVE('',#5583,#5585,#6860,.T.);
#3989=EDGE_CURVE('',#5585,#5586,#6861,.T.);
#3990=EDGE_CURVE('',#5584,#5586,#6862,.T.);
#3991=EDGE_CURVE('',#5587,#5588,#6863,.T.);
#3992=EDGE_CURVE('',#5587,#5589,#6864,.T.);
#3993=EDGE_CURVE('',#5589,#5590,#6865,.T.);
#3994=EDGE_CURVE('',#5588,#5590,#6866,.T.);
#3995=EDGE_CURVE('',#5591,#5592,#6867,.T.);
#3996=EDGE_CURVE('',#5591,#5593,#6868,.T.);
#3997=EDGE_CURVE('',#5593,#5594,#6869,.T.);
#3998=EDGE_CURVE('',#5592,#5594,#6870,.T.);
#3999=EDGE_CURVE('',#5595,#5596,#6871,.T.);
#4000=EDGE_CURVE('',#5595,#5597,#6872,.T.);
#4001=EDGE_CURVE('',#5597,#5598,#6873,.T.);
#4002=EDGE_CURVE('',#5596,#5598,#6874,.T.);
#4003=EDGE_CURVE('',#5599,#5600,#6875,.T.);
#4004=EDGE_CURVE('',#5599,#5601,#6876,.T.);
#4005=EDGE_CURVE('',#5601,#5602,#6877,.T.);
#4006=EDGE_CURVE('',#5600,#5602,#6878,.T.);
#4007=EDGE_CURVE('',#5603,#5604,#6879,.T.);
#4008=EDGE_CURVE('',#5603,#5605,#6880,.T.);
#4009=EDGE_CURVE('',#5605,#5606,#6881,.T.);
#4010=EDGE_CURVE('',#5604,#5606,#6882,.T.);
#4011=EDGE_CURVE('',#5607,#5608,#6883,.T.);
#4012=EDGE_CURVE('',#5607,#5609,#6884,.T.);
#4013=EDGE_CURVE('',#5609,#5610,#6885,.T.);
#4014=EDGE_CURVE('',#5608,#5610,#6886,.T.);
#4015=EDGE_CURVE('',#5611,#5612,#6887,.T.);
#4016=EDGE_CURVE('',#5611,#5613,#6888,.T.);
#4017=EDGE_CURVE('',#5613,#5614,#6889,.T.);
#4018=EDGE_CURVE('',#5612,#5614,#6890,.T.);
#4019=EDGE_CURVE('',#5615,#5616,#6891,.T.);
#4020=EDGE_CURVE('',#5615,#5617,#6892,.T.);
#4021=EDGE_CURVE('',#5617,#5618,#6893,.T.);
#4022=EDGE_CURVE('',#5616,#5618,#6894,.T.);
#4023=EDGE_CURVE('',#5619,#5620,#6895,.T.);
#4024=EDGE_CURVE('',#5619,#5621,#6896,.T.);
#4025=EDGE_CURVE('',#5621,#5622,#6897,.T.);
#4026=EDGE_CURVE('',#5620,#5622,#6898,.T.);
#4027=EDGE_CURVE('',#5623,#5624,#6899,.T.);
#4028=EDGE_CURVE('',#5623,#5625,#6900,.T.);
#4029=EDGE_CURVE('',#5625,#5626,#6901,.T.);
#4030=EDGE_CURVE('',#5624,#5626,#6902,.T.);
#4031=EDGE_CURVE('',#5627,#5628,#6903,.T.);
#4032=EDGE_CURVE('',#5627,#5629,#6904,.T.);
#4033=EDGE_CURVE('',#5629,#5630,#6905,.T.);
#4034=EDGE_CURVE('',#5628,#5630,#6906,.T.);
#4035=EDGE_CURVE('',#5631,#5632,#6907,.T.);
#4036=EDGE_CURVE('',#5631,#5633,#6908,.T.);
#4037=EDGE_CURVE('',#5633,#5634,#6909,.T.);
#4038=EDGE_CURVE('',#5632,#5634,#6910,.T.);
#4039=EDGE_CURVE('',#5635,#5636,#6911,.T.);
#4040=EDGE_CURVE('',#5637,#5635,#6912,.T.);
#4041=EDGE_CURVE('',#5637,#5638,#6913,.T.);
#4042=EDGE_CURVE('',#5636,#5638,#6914,.T.);
#4043=EDGE_CURVE('',#5639,#5640,#6915,.T.);
#4044=EDGE_CURVE('',#5641,#5639,#6916,.T.);
#4045=EDGE_CURVE('',#5641,#5642,#6917,.T.);
#4046=EDGE_CURVE('',#5640,#5642,#6918,.T.);
#4047=EDGE_CURVE('',#5643,#5644,#6919,.T.);
#4048=EDGE_CURVE('',#5645,#5643,#6920,.T.);
#4049=EDGE_CURVE('',#5645,#5646,#6921,.T.);
#4050=EDGE_CURVE('',#5644,#5646,#6922,.T.);
#4051=EDGE_CURVE('',#5647,#5648,#6923,.T.);
#4052=EDGE_CURVE('',#5649,#5647,#6924,.T.);
#4053=EDGE_CURVE('',#5649,#5650,#6925,.T.);
#4054=EDGE_CURVE('',#5648,#5650,#6926,.T.);
#4055=EDGE_CURVE('',#5651,#5652,#6927,.T.);
#4056=EDGE_CURVE('',#5653,#5651,#6928,.T.);
#4057=EDGE_CURVE('',#5653,#5654,#6929,.T.);
#4058=EDGE_CURVE('',#5652,#5654,#6930,.T.);
#4059=EDGE_CURVE('',#5655,#5656,#6931,.T.);
#4060=EDGE_CURVE('',#5657,#5655,#6932,.T.);
#4061=EDGE_CURVE('',#5657,#5658,#6933,.T.);
#4062=EDGE_CURVE('',#5656,#5658,#6934,.T.);
#4063=EDGE_CURVE('',#5659,#5660,#6935,.T.);
#4064=EDGE_CURVE('',#5661,#5659,#6936,.T.);
#4065=EDGE_CURVE('',#5661,#5662,#6937,.T.);
#4066=EDGE_CURVE('',#5660,#5662,#6938,.T.);
#4067=EDGE_CURVE('',#5663,#5664,#6939,.T.);
#4068=EDGE_CURVE('',#5665,#5663,#6940,.T.);
#4069=EDGE_CURVE('',#5665,#5666,#6941,.T.);
#4070=EDGE_CURVE('',#5664,#5666,#6942,.T.);
#4071=EDGE_CURVE('',#5667,#5668,#6943,.T.);
#4072=EDGE_CURVE('',#5669,#5667,#6944,.T.);
#4073=EDGE_CURVE('',#5669,#5670,#6945,.T.);
#4074=EDGE_CURVE('',#5668,#5670,#6946,.T.);
#4075=EDGE_CURVE('',#5671,#5672,#6947,.T.);
#4076=EDGE_CURVE('',#5673,#5671,#6948,.T.);
#4077=EDGE_CURVE('',#5673,#5674,#6949,.T.);
#4078=EDGE_CURVE('',#5672,#5674,#6950,.T.);
#4079=EDGE_CURVE('',#5675,#5676,#6951,.T.);
#4080=EDGE_CURVE('',#5677,#5675,#6952,.T.);
#4081=EDGE_CURVE('',#5677,#5678,#6953,.T.);
#4082=EDGE_CURVE('',#5676,#5678,#6954,.T.);
#4083=EDGE_CURVE('',#5679,#5680,#6955,.T.);
#4084=EDGE_CURVE('',#5681,#5679,#6956,.T.);
#4085=EDGE_CURVE('',#5681,#5682,#6957,.T.);
#4086=EDGE_CURVE('',#5680,#5682,#6958,.T.);
#4087=EDGE_CURVE('',#5683,#5684,#6959,.T.);
#4088=EDGE_CURVE('',#5685,#5683,#6960,.T.);
#4089=EDGE_CURVE('',#5685,#5686,#6961,.T.);
#4090=EDGE_CURVE('',#5684,#5686,#6962,.T.);
#4091=EDGE_CURVE('',#5687,#5688,#6963,.T.);
#4092=EDGE_CURVE('',#5689,#5687,#6964,.T.);
#4093=EDGE_CURVE('',#5689,#5690,#6965,.T.);
#4094=EDGE_CURVE('',#5688,#5690,#6966,.T.);
#4095=EDGE_CURVE('',#5691,#5692,#6967,.T.);
#4096=EDGE_CURVE('',#5693,#5691,#6968,.T.);
#4097=EDGE_CURVE('',#5693,#5694,#6969,.T.);
#4098=EDGE_CURVE('',#5692,#5694,#6970,.T.);
#4099=EDGE_CURVE('',#5695,#5696,#6971,.T.);
#4100=EDGE_CURVE('',#5697,#5695,#6972,.T.);
#4101=EDGE_CURVE('',#5697,#5698,#6973,.T.);
#4102=EDGE_CURVE('',#5696,#5698,#6974,.T.);
#4103=EDGE_CURVE('',#5699,#5700,#6975,.T.);
#4104=EDGE_CURVE('',#5701,#5699,#6976,.T.);
#4105=EDGE_CURVE('',#5702,#5701,#6977,.T.);
#4106=EDGE_CURVE('',#5700,#5702,#6978,.T.);
#4107=EDGE_CURVE('',#5703,#5704,#6979,.T.);
#4108=EDGE_CURVE('',#5705,#5703,#6980,.T.);
#4109=EDGE_CURVE('',#5706,#5705,#6981,.T.);
#4110=EDGE_CURVE('',#5704,#5706,#6982,.T.);
#4111=EDGE_CURVE('',#5707,#5708,#6983,.T.);
#4112=EDGE_CURVE('',#5709,#5707,#6984,.T.);
#4113=EDGE_CURVE('',#5710,#5709,#6985,.T.);
#4114=EDGE_CURVE('',#5708,#5710,#6986,.T.);
#4115=EDGE_CURVE('',#5711,#5712,#6987,.T.);
#4116=EDGE_CURVE('',#5713,#5711,#6988,.T.);
#4117=EDGE_CURVE('',#5714,#5713,#6989,.T.);
#4118=EDGE_CURVE('',#5712,#5714,#6990,.T.);
#4119=EDGE_CURVE('',#5715,#5716,#6991,.T.);
#4120=EDGE_CURVE('',#5717,#5715,#6992,.T.);
#4121=EDGE_CURVE('',#5718,#5717,#6993,.T.);
#4122=EDGE_CURVE('',#5716,#5718,#6994,.T.);
#4123=EDGE_CURVE('',#5719,#5720,#6995,.T.);
#4124=EDGE_CURVE('',#5721,#5719,#6996,.T.);
#4125=EDGE_CURVE('',#5722,#5721,#6997,.T.);
#4126=EDGE_CURVE('',#5720,#5722,#6998,.T.);
#4127=EDGE_CURVE('',#5723,#5724,#6999,.T.);
#4128=EDGE_CURVE('',#5725,#5723,#7000,.T.);
#4129=EDGE_CURVE('',#5726,#5725,#7001,.T.);
#4130=EDGE_CURVE('',#5724,#5726,#7002,.T.);
#4131=EDGE_CURVE('',#5727,#5728,#7003,.T.);
#4132=EDGE_CURVE('',#5729,#5727,#7004,.T.);
#4133=EDGE_CURVE('',#5730,#5729,#7005,.T.);
#4134=EDGE_CURVE('',#5728,#5730,#7006,.T.);
#4135=EDGE_CURVE('',#5731,#5732,#7007,.T.);
#4136=EDGE_CURVE('',#5733,#5731,#7008,.T.);
#4137=EDGE_CURVE('',#5734,#5733,#7009,.T.);
#4138=EDGE_CURVE('',#5732,#5734,#7010,.T.);
#4139=EDGE_CURVE('',#5735,#5736,#7011,.T.);
#4140=EDGE_CURVE('',#5737,#5735,#7012,.T.);
#4141=EDGE_CURVE('',#5738,#5737,#7013,.T.);
#4142=EDGE_CURVE('',#5736,#5738,#7014,.T.);
#4143=EDGE_CURVE('',#5739,#5740,#7015,.T.);
#4144=EDGE_CURVE('',#5741,#5739,#7016,.T.);
#4145=EDGE_CURVE('',#5742,#5741,#7017,.T.);
#4146=EDGE_CURVE('',#5740,#5742,#7018,.T.);
#4147=EDGE_CURVE('',#5743,#5744,#7019,.T.);
#4148=EDGE_CURVE('',#5745,#5743,#7020,.T.);
#4149=EDGE_CURVE('',#5746,#5745,#7021,.T.);
#4150=EDGE_CURVE('',#5744,#5746,#7022,.T.);
#4151=EDGE_CURVE('',#5747,#5748,#7023,.T.);
#4152=EDGE_CURVE('',#5749,#5747,#7024,.T.);
#4153=EDGE_CURVE('',#5750,#5749,#7025,.T.);
#4154=EDGE_CURVE('',#5748,#5750,#7026,.T.);
#4155=EDGE_CURVE('',#5751,#5752,#7027,.T.);
#4156=EDGE_CURVE('',#5753,#5751,#7028,.T.);
#4157=EDGE_CURVE('',#5754,#5753,#7029,.T.);
#4158=EDGE_CURVE('',#5752,#5754,#7030,.T.);
#4159=EDGE_CURVE('',#5755,#5756,#7031,.T.);
#4160=EDGE_CURVE('',#5757,#5755,#7032,.T.);
#4161=EDGE_CURVE('',#5758,#5757,#7033,.T.);
#4162=EDGE_CURVE('',#5756,#5758,#7034,.T.);
#4163=EDGE_CURVE('',#5759,#5760,#7035,.T.);
#4164=EDGE_CURVE('',#5761,#5759,#7036,.T.);
#4165=EDGE_CURVE('',#5762,#5761,#7037,.T.);
#4166=EDGE_CURVE('',#5760,#5762,#7038,.T.);
#4167=EDGE_CURVE('',#5759,#5631,#7039,.T.);
#4168=EDGE_CURVE('',#5631,#5697,#7040,.T.);
#4169=EDGE_CURVE('',#5697,#5761,#7041,.T.);
#4170=EDGE_CURVE('',#5633,#5695,#7042,.T.);
#4171=EDGE_CURVE('',#5633,#5760,#7043,.T.);
#4172=EDGE_CURVE('',#5762,#5695,#7044,.T.);
#4173=EDGE_CURVE('',#5755,#5571,#7045,.T.);
#4174=EDGE_CURVE('',#5571,#5637,#7046,.T.);
#4175=EDGE_CURVE('',#5637,#5757,#7047,.T.);
#4176=EDGE_CURVE('',#5573,#5635,#7048,.T.);
#4177=EDGE_CURVE('',#5573,#5756,#7049,.T.);
#4178=EDGE_CURVE('',#5758,#5635,#7050,.T.);
#4179=EDGE_CURVE('',#5751,#5575,#7051,.T.);
#4180=EDGE_CURVE('',#5575,#5641,#7052,.T.);
#4181=EDGE_CURVE('',#5641,#5753,#7053,.T.);
#4182=EDGE_CURVE('',#5577,#5639,#7054,.T.);
#4183=EDGE_CURVE('',#5577,#5752,#7055,.T.);
#4184=EDGE_CURVE('',#5754,#5639,#7056,.T.);
#4185=EDGE_CURVE('',#5747,#5579,#7057,.T.);
#4186=EDGE_CURVE('',#5579,#5645,#7058,.T.);
#4187=EDGE_CURVE('',#5645,#5749,#7059,.T.);
#4188=EDGE_CURVE('',#5581,#5643,#7060,.T.);
#4189=EDGE_CURVE('',#5581,#5748,#7061,.T.);
#4190=EDGE_CURVE('',#5750,#5643,#7062,.T.);
#4191=EDGE_CURVE('',#5743,#5583,#7063,.T.);
#4192=EDGE_CURVE('',#5583,#5649,#7064,.T.);
#4193=EDGE_CURVE('',#5649,#5745,#7065,.T.);
#4194=EDGE_CURVE('',#5585,#5647,#7066,.T.);
#4195=EDGE_CURVE('',#5585,#5744,#7067,.T.);
#4196=EDGE_CURVE('',#5746,#5647,#7068,.T.);
#4197=EDGE_CURVE('',#5739,#5587,#7069,.T.);
#4198=EDGE_CURVE('',#5587,#5653,#7070,.T.);
#4199=EDGE_CURVE('',#5653,#5741,#7071,.T.);
#4200=EDGE_CURVE('',#5589,#5651,#7072,.T.);
#4201=EDGE_CURVE('',#5589,#5740,#7073,.T.);
#4202=EDGE_CURVE('',#5742,#5651,#7074,.T.);
#4203=EDGE_CURVE('',#5735,#5591,#7075,.T.);
#4204=EDGE_CURVE('',#5591,#5657,#7076,.T.);
#4205=EDGE_CURVE('',#5657,#5737,#7077,.T.);
#4206=EDGE_CURVE('',#5593,#5655,#7078,.T.);
#4207=EDGE_CURVE('',#5593,#5736,#7079,.T.);
#4208=EDGE_CURVE('',#5738,#5655,#7080,.T.);
#4209=EDGE_CURVE('',#5731,#5595,#7081,.T.);
#4210=EDGE_CURVE('',#5595,#5661,#7082,.T.);
#4211=EDGE_CURVE('',#5661,#5733,#7083,.T.);
#4212=EDGE_CURVE('',#5597,#5659,#7084,.T.);
#4213=EDGE_CURVE('',#5597,#5732,#7085,.T.);
#4214=EDGE_CURVE('',#5734,#5659,#7086,.T.);
#4215=EDGE_CURVE('',#5727,#5599,#7087,.T.);
#4216=EDGE_CURVE('',#5599,#5665,#7088,.T.);
#4217=EDGE_CURVE('',#5665,#5729,#7089,.T.);
#4218=EDGE_CURVE('',#5601,#5663,#7090,.T.);
#4219=EDGE_CURVE('',#5601,#5728,#7091,.T.);
#4220=EDGE_CURVE('',#5730,#5663,#7092,.T.);
#4221=EDGE_CURVE('',#5723,#5603,#7093,.T.);
#4222=EDGE_CURVE('',#5603,#5669,#7094,.T.);
#4223=EDGE_CURVE('',#5669,#5725,#7095,.T.);
#4224=EDGE_CURVE('',#5605,#5667,#7096,.T.);
#4225=EDGE_CURVE('',#5605,#5724,#7097,.T.);
#4226=EDGE_CURVE('',#5726,#5667,#7098,.T.);
#4227=EDGE_CURVE('',#5719,#5607,#7099,.T.);
#4228=EDGE_CURVE('',#5607,#5673,#7100,.T.);
#4229=EDGE_CURVE('',#5673,#5721,#7101,.T.);
#4230=EDGE_CURVE('',#5609,#5671,#7102,.T.);
#4231=EDGE_CURVE('',#5609,#5720,#7103,.T.);
#4232=EDGE_CURVE('',#5722,#5671,#7104,.T.);
#4233=EDGE_CURVE('',#5715,#5611,#7105,.T.);
#4234=EDGE_CURVE('',#5611,#5677,#7106,.T.);
#4235=EDGE_CURVE('',#5677,#5717,#7107,.T.);
#4236=EDGE_CURVE('',#5613,#5675,#7108,.T.);
#4237=EDGE_CURVE('',#5613,#5716,#7109,.T.);
#4238=EDGE_CURVE('',#5718,#5675,#7110,.T.);
#4239=EDGE_CURVE('',#5711,#5615,#7111,.T.);
#4240=EDGE_CURVE('',#5615,#5681,#7112,.T.);
#4241=EDGE_CURVE('',#5681,#5713,#7113,.T.);
#4242=EDGE_CURVE('',#5617,#5679,#7114,.T.);
#4243=EDGE_CURVE('',#5617,#5712,#7115,.T.);
#4244=EDGE_CURVE('',#5714,#5679,#7116,.T.);
#4245=EDGE_CURVE('',#5707,#5619,#7117,.T.);
#4246=EDGE_CURVE('',#5619,#5685,#7118,.T.);
#4247=EDGE_CURVE('',#5685,#5709,#7119,.T.);
#4248=EDGE_CURVE('',#5621,#5683,#7120,.T.);
#4249=EDGE_CURVE('',#5621,#5708,#7121,.T.);
#4250=EDGE_CURVE('',#5710,#5683,#7122,.T.);
#4251=EDGE_CURVE('',#5703,#5623,#7123,.T.);
#4252=EDGE_CURVE('',#5623,#5689,#7124,.T.);
#4253=EDGE_CURVE('',#5689,#5705,#7125,.T.);
#4254=EDGE_CURVE('',#5625,#5687,#7126,.T.);
#4255=EDGE_CURVE('',#5625,#5704,#7127,.T.);
#4256=EDGE_CURVE('',#5706,#5687,#7128,.T.);
#4257=EDGE_CURVE('',#5699,#5627,#7129,.T.);
#4258=EDGE_CURVE('',#5627,#5693,#7130,.T.);
#4259=EDGE_CURVE('',#5693,#5701,#7131,.T.);
#4260=EDGE_CURVE('',#5629,#5691,#7132,.T.);
#4261=EDGE_CURVE('',#5629,#5700,#7133,.T.);
#4262=EDGE_CURVE('',#5702,#5691,#7134,.T.);
#4263=EDGE_CURVE('',#5574,#5636,#7135,.T.);
#4264=EDGE_CURVE('',#5638,#5572,#7136,.T.);
#4265=EDGE_CURVE('',#5578,#5640,#7137,.T.);
#4266=EDGE_CURVE('',#5642,#5576,#7138,.T.);
#4267=EDGE_CURVE('',#5582,#5644,#7139,.T.);
#4268=EDGE_CURVE('',#5646,#5580,#7140,.T.);
#4269=EDGE_CURVE('',#5586,#5648,#7141,.T.);
#4270=EDGE_CURVE('',#5650,#5584,#7142,.T.);
#4271=EDGE_CURVE('',#5590,#5652,#7143,.T.);
#4272=EDGE_CURVE('',#5654,#5588,#7144,.T.);
#4273=EDGE_CURVE('',#5594,#5656,#7145,.T.);
#4274=EDGE_CURVE('',#5658,#5592,#7146,.T.);
#4275=EDGE_CURVE('',#5598,#5660,#7147,.T.);
#4276=EDGE_CURVE('',#5662,#5596,#7148,.T.);
#4277=EDGE_CURVE('',#5602,#5664,#7149,.T.);
#4278=EDGE_CURVE('',#5666,#5600,#7150,.T.);
#4279=EDGE_CURVE('',#5606,#5668,#7151,.T.);
#4280=EDGE_CURVE('',#5670,#5604,#7152,.T.);
#4281=EDGE_CURVE('',#5610,#5672,#7153,.T.);
#4282=EDGE_CURVE('',#5674,#5608,#7154,.T.);
#4283=EDGE_CURVE('',#5614,#5676,#7155,.T.);
#4284=EDGE_CURVE('',#5678,#5612,#7156,.T.);
#4285=EDGE_CURVE('',#5618,#5680,#7157,.T.);
#4286=EDGE_CURVE('',#5682,#5616,#7158,.T.);
#4287=EDGE_CURVE('',#5622,#5684,#7159,.T.);
#4288=EDGE_CURVE('',#5686,#5620,#7160,.T.);
#4289=EDGE_CURVE('',#5626,#5688,#7161,.T.);
#4290=EDGE_CURVE('',#5690,#5624,#7162,.T.);
#4291=EDGE_CURVE('',#5630,#5692,#7163,.T.);
#4292=EDGE_CURVE('',#5694,#5628,#7164,.T.);
#4293=EDGE_CURVE('',#5634,#5696,#7165,.T.);
#4294=EDGE_CURVE('',#5698,#5632,#7166,.T.);
#4295=EDGE_CURVE('',#5763,#5764,#7167,.T.);
#4296=EDGE_CURVE('',#5765,#5763,#7168,.T.);
#4297=EDGE_CURVE('',#5766,#5765,#7169,.T.);
#4298=EDGE_CURVE('',#5766,#5764,#7170,.T.);
#4299=EDGE_CURVE('',#5767,#5763,#7171,.T.);
#4300=EDGE_CURVE('',#5768,#5767,#7172,.T.);
#4301=EDGE_CURVE('',#5765,#5768,#7173,.T.);
#4302=EDGE_CURVE('',#5769,#5767,#7174,.T.);
#4303=EDGE_CURVE('',#5770,#5769,#7175,.T.);
#4304=EDGE_CURVE('',#5768,#5770,#7176,.T.);
#4305=EDGE_CURVE('',#5764,#5769,#7177,.T.);
#4306=EDGE_CURVE('',#5770,#5766,#7178,.T.);
#4307=EDGE_CURVE('',#5771,#5772,#7179,.T.);
#4308=EDGE_CURVE('',#5773,#5771,#7180,.T.);
#4309=EDGE_CURVE('',#5774,#5773,#7181,.T.);
#4310=EDGE_CURVE('',#5775,#5774,#26,.F.);
#4311=EDGE_CURVE('',#5776,#5775,#7182,.T.);
#4312=EDGE_CURVE('',#5777,#5776,#7183,.T.);
#4313=EDGE_CURVE('',#5778,#5777,#7184,.T.);
#4314=EDGE_CURVE('',#5778,#5779,#7185,.T.);
#4315=EDGE_CURVE('',#5779,#5780,#7186,.T.);
#4316=EDGE_CURVE('',#5772,#5780,#7187,.T.);
#4317=EDGE_CURVE('',#5781,#5778,#7188,.T.);
#4318=EDGE_CURVE('',#5781,#5782,#7189,.T.);
#4319=EDGE_CURVE('',#5782,#5779,#7190,.T.);
#4320=EDGE_CURVE('',#5783,#5784,#7191,.T.);
#4321=EDGE_CURVE('',#5783,#5785,#7192,.T.);
#4322=EDGE_CURVE('',#5785,#5782,#7193,.T.);
#4323=EDGE_CURVE('',#5786,#5781,#7194,.T.);
#4324=EDGE_CURVE('',#5787,#5786,#7195,.T.);
#4325=EDGE_CURVE('',#5788,#5787,#7196,.T.);
#4326=EDGE_CURVE('',#5789,#5788,#27,.F.);
#4327=EDGE_CURVE('',#5790,#5789,#7197,.T.);
#4328=EDGE_CURVE('',#5784,#5790,#7198,.T.);
#4329=EDGE_CURVE('',#5791,#5792,#7199,.T.);
#4330=EDGE_CURVE('',#5793,#5791,#7200,.T.);
#4331=EDGE_CURVE('',#5794,#5793,#7201,.T.);
#4332=EDGE_CURVE('',#5795,#5794,#28,.F.);
#4333=EDGE_CURVE('',#5796,#5795,#7202,.T.);
#4334=EDGE_CURVE('',#5797,#5796,#7203,.T.);
#4335=EDGE_CURVE('',#5798,#5797,#7204,.T.);
#4336=EDGE_CURVE('',#5798,#5799,#7205,.T.);
#4337=EDGE_CURVE('',#5799,#5800,#7206,.T.);
#4338=EDGE_CURVE('',#5792,#5800,#7207,.T.);
#4339=EDGE_CURVE('',#5801,#5798,#7208,.T.);
#4340=EDGE_CURVE('',#5801,#5802,#7209,.T.);
#4341=EDGE_CURVE('',#5802,#5799,#7210,.T.);
#4342=EDGE_CURVE('',#5803,#5804,#7211,.T.);
#4343=EDGE_CURVE('',#5803,#5805,#7212,.T.);
#4344=EDGE_CURVE('',#5805,#5802,#7213,.T.);
#4345=EDGE_CURVE('',#5806,#5801,#7214,.T.);
#4346=EDGE_CURVE('',#5807,#5806,#7215,.T.);
#4347=EDGE_CURVE('',#5808,#5807,#7216,.T.);
#4348=EDGE_CURVE('',#5809,#5808,#29,.F.);
#4349=EDGE_CURVE('',#5810,#5809,#7217,.T.);
#4350=EDGE_CURVE('',#5804,#5810,#7218,.T.);
#4351=EDGE_CURVE('',#5811,#5812,#7219,.T.);
#4352=EDGE_CURVE('',#5813,#5811,#7220,.T.);
#4353=EDGE_CURVE('',#5814,#5813,#7221,.T.);
#4354=EDGE_CURVE('',#5815,#5814,#30,.F.);
#4355=EDGE_CURVE('',#5816,#5815,#7222,.T.);
#4356=EDGE_CURVE('',#5817,#5816,#7223,.T.);
#4357=EDGE_CURVE('',#5818,#5817,#7224,.T.);
#4358=EDGE_CURVE('',#5818,#5819,#7225,.T.);
#4359=EDGE_CURVE('',#5819,#5820,#7226,.T.);
#4360=EDGE_CURVE('',#5812,#5820,#7227,.T.);
#4361=EDGE_CURVE('',#5821,#5818,#7228,.T.);
#4362=EDGE_CURVE('',#5821,#5822,#7229,.T.);
#4363=EDGE_CURVE('',#5822,#5819,#7230,.T.);
#4364=EDGE_CURVE('',#5823,#5824,#7231,.T.);
#4365=EDGE_CURVE('',#5823,#5825,#7232,.T.);
#4366=EDGE_CURVE('',#5825,#5822,#7233,.T.);
#4367=EDGE_CURVE('',#5826,#5821,#7234,.T.);
#4368=EDGE_CURVE('',#5827,#5826,#7235,.T.);
#4369=EDGE_CURVE('',#5828,#5827,#7236,.T.);
#4370=EDGE_CURVE('',#5829,#5828,#31,.F.);
#4371=EDGE_CURVE('',#5830,#5829,#7237,.T.);
#4372=EDGE_CURVE('',#5824,#5830,#7238,.T.);
#4373=EDGE_CURVE('',#5831,#5832,#7239,.T.);
#4374=EDGE_CURVE('',#5833,#5831,#7240,.T.);
#4375=EDGE_CURVE('',#5834,#5833,#7241,.T.);
#4376=EDGE_CURVE('',#5835,#5834,#32,.F.);
#4377=EDGE_CURVE('',#5836,#5835,#7242,.T.);
#4378=EDGE_CURVE('',#5837,#5836,#7243,.T.);
#4379=EDGE_CURVE('',#5838,#5837,#7244,.T.);
#4380=EDGE_CURVE('',#5838,#5839,#7245,.T.);
#4381=EDGE_CURVE('',#5839,#5840,#7246,.T.);
#4382=EDGE_CURVE('',#5832,#5840,#7247,.T.);
#4383=EDGE_CURVE('',#5841,#5838,#7248,.T.);
#4384=EDGE_CURVE('',#5841,#5842,#7249,.T.);
#4385=EDGE_CURVE('',#5842,#5839,#7250,.T.);
#4386=EDGE_CURVE('',#5843,#5844,#7251,.T.);
#4387=EDGE_CURVE('',#5843,#5845,#7252,.T.);
#4388=EDGE_CURVE('',#5845,#5842,#7253,.T.);
#4389=EDGE_CURVE('',#5846,#5841,#7254,.T.);
#4390=EDGE_CURVE('',#5847,#5846,#7255,.T.);
#4391=EDGE_CURVE('',#5848,#5847,#7256,.T.);
#4392=EDGE_CURVE('',#5849,#5848,#33,.F.);
#4393=EDGE_CURVE('',#5850,#5849,#7257,.T.);
#4394=EDGE_CURVE('',#5844,#5850,#7258,.T.);
#4395=EDGE_CURVE('',#5851,#5852,#7259,.T.);
#4396=EDGE_CURVE('',#5853,#5851,#7260,.T.);
#4397=EDGE_CURVE('',#5854,#5853,#7261,.T.);
#4398=EDGE_CURVE('',#5855,#5854,#34,.F.);
#4399=EDGE_CURVE('',#5856,#5855,#7262,.T.);
#4400=EDGE_CURVE('',#5857,#5856,#7263,.T.);
#4401=EDGE_CURVE('',#5858,#5857,#7264,.T.);
#4402=EDGE_CURVE('',#5858,#5859,#7265,.T.);
#4403=EDGE_CURVE('',#5859,#5860,#7266,.T.);
#4404=EDGE_CURVE('',#5852,#5860,#7267,.T.);
#4405=EDGE_CURVE('',#5861,#5858,#7268,.T.);
#4406=EDGE_CURVE('',#5861,#5862,#7269,.T.);
#4407=EDGE_CURVE('',#5862,#5859,#7270,.T.);
#4408=EDGE_CURVE('',#5863,#5864,#7271,.T.);
#4409=EDGE_CURVE('',#5863,#5865,#7272,.T.);
#4410=EDGE_CURVE('',#5865,#5862,#7273,.T.);
#4411=EDGE_CURVE('',#5866,#5861,#7274,.T.);
#4412=EDGE_CURVE('',#5867,#5866,#7275,.T.);
#4413=EDGE_CURVE('',#5868,#5867,#7276,.T.);
#4414=EDGE_CURVE('',#5869,#5868,#35,.F.);
#4415=EDGE_CURVE('',#5870,#5869,#7277,.T.);
#4416=EDGE_CURVE('',#5864,#5870,#7278,.T.);
#4417=EDGE_CURVE('',#5871,#5872,#7279,.T.);
#4418=EDGE_CURVE('',#5873,#5871,#7280,.T.);
#4419=EDGE_CURVE('',#5874,#5873,#7281,.T.);
#4420=EDGE_CURVE('',#5875,#5874,#36,.F.);
#4421=EDGE_CURVE('',#5876,#5875,#7282,.T.);
#4422=EDGE_CURVE('',#5877,#5876,#7283,.T.);
#4423=EDGE_CURVE('',#5878,#5877,#7284,.T.);
#4424=EDGE_CURVE('',#5878,#5879,#7285,.T.);
#4425=EDGE_CURVE('',#5879,#5880,#7286,.T.);
#4426=EDGE_CURVE('',#5872,#5880,#7287,.T.);
#4427=EDGE_CURVE('',#5881,#5878,#7288,.T.);
#4428=EDGE_CURVE('',#5881,#5882,#7289,.T.);
#4429=EDGE_CURVE('',#5882,#5879,#7290,.T.);
#4430=EDGE_CURVE('',#5883,#5884,#7291,.T.);
#4431=EDGE_CURVE('',#5883,#5885,#7292,.T.);
#4432=EDGE_CURVE('',#5885,#5882,#7293,.T.);
#4433=EDGE_CURVE('',#5886,#5881,#7294,.T.);
#4434=EDGE_CURVE('',#5887,#5886,#7295,.T.);
#4435=EDGE_CURVE('',#5888,#5887,#7296,.T.);
#4436=EDGE_CURVE('',#5889,#5888,#37,.F.);
#4437=EDGE_CURVE('',#5890,#5889,#7297,.T.);
#4438=EDGE_CURVE('',#5884,#5890,#7298,.T.);
#4439=EDGE_CURVE('',#5891,#5892,#7299,.T.);
#4440=EDGE_CURVE('',#5893,#5891,#7300,.T.);
#4441=EDGE_CURVE('',#5894,#5893,#7301,.T.);
#4442=EDGE_CURVE('',#5895,#5894,#38,.F.);
#4443=EDGE_CURVE('',#5896,#5895,#7302,.T.);
#4444=EDGE_CURVE('',#5897,#5896,#7303,.T.);
#4445=EDGE_CURVE('',#5898,#5897,#7304,.T.);
#4446=EDGE_CURVE('',#5898,#5899,#7305,.T.);
#4447=EDGE_CURVE('',#5899,#5900,#7306,.T.);
#4448=EDGE_CURVE('',#5892,#5900,#7307,.T.);
#4449=EDGE_CURVE('',#5901,#5898,#7308,.T.);
#4450=EDGE_CURVE('',#5901,#5902,#7309,.T.);
#4451=EDGE_CURVE('',#5902,#5899,#7310,.T.);
#4452=EDGE_CURVE('',#5903,#5904,#7311,.T.);
#4453=EDGE_CURVE('',#5903,#5905,#7312,.T.);
#4454=EDGE_CURVE('',#5905,#5902,#7313,.T.);
#4455=EDGE_CURVE('',#5906,#5901,#7314,.T.);
#4456=EDGE_CURVE('',#5907,#5906,#7315,.T.);
#4457=EDGE_CURVE('',#5908,#5907,#7316,.T.);
#4458=EDGE_CURVE('',#5909,#5908,#39,.F.);
#4459=EDGE_CURVE('',#5910,#5909,#7317,.T.);
#4460=EDGE_CURVE('',#5904,#5910,#7318,.T.);
#4461=EDGE_CURVE('',#5911,#5912,#7319,.T.);
#4462=EDGE_CURVE('',#5913,#5911,#7320,.T.);
#4463=EDGE_CURVE('',#5914,#5913,#7321,.T.);
#4464=EDGE_CURVE('',#5915,#5914,#40,.F.);
#4465=EDGE_CURVE('',#5916,#5915,#7322,.T.);
#4466=EDGE_CURVE('',#5917,#5916,#7323,.T.);
#4467=EDGE_CURVE('',#5918,#5917,#7324,.T.);
#4468=EDGE_CURVE('',#5918,#5919,#7325,.T.);
#4469=EDGE_CURVE('',#5919,#5920,#7326,.T.);
#4470=EDGE_CURVE('',#5912,#5920,#7327,.T.);
#4471=EDGE_CURVE('',#5921,#5918,#7328,.T.);
#4472=EDGE_CURVE('',#5921,#5922,#7329,.T.);
#4473=EDGE_CURVE('',#5922,#5919,#7330,.T.);
#4474=EDGE_CURVE('',#5923,#5924,#7331,.T.);
#4475=EDGE_CURVE('',#5923,#5925,#7332,.T.);
#4476=EDGE_CURVE('',#5925,#5922,#7333,.T.);
#4477=EDGE_CURVE('',#5926,#5921,#7334,.T.);
#4478=EDGE_CURVE('',#5927,#5926,#7335,.T.);
#4479=EDGE_CURVE('',#5928,#5927,#7336,.T.);
#4480=EDGE_CURVE('',#5929,#5928,#41,.F.);
#4481=EDGE_CURVE('',#5930,#5929,#7337,.T.);
#4482=EDGE_CURVE('',#5924,#5930,#7338,.T.);
#4483=EDGE_CURVE('',#5931,#5932,#7339,.T.);
#4484=EDGE_CURVE('',#5933,#5931,#7340,.T.);
#4485=EDGE_CURVE('',#5934,#5933,#7341,.T.);
#4486=EDGE_CURVE('',#5935,#5934,#42,.F.);
#4487=EDGE_CURVE('',#5936,#5935,#7342,.T.);
#4488=EDGE_CURVE('',#5937,#5936,#7343,.T.);
#4489=EDGE_CURVE('',#5938,#5937,#7344,.T.);
#4490=EDGE_CURVE('',#5938,#5939,#7345,.T.);
#4491=EDGE_CURVE('',#5939,#5940,#7346,.T.);
#4492=EDGE_CURVE('',#5932,#5940,#7347,.T.);
#4493=EDGE_CURVE('',#5941,#5938,#7348,.T.);
#4494=EDGE_CURVE('',#5941,#5942,#7349,.T.);
#4495=EDGE_CURVE('',#5942,#5939,#7350,.T.);
#4496=EDGE_CURVE('',#5943,#5944,#7351,.T.);
#4497=EDGE_CURVE('',#5943,#5945,#7352,.T.);
#4498=EDGE_CURVE('',#5945,#5942,#7353,.T.);
#4499=EDGE_CURVE('',#5946,#5941,#7354,.T.);
#4500=EDGE_CURVE('',#5947,#5946,#7355,.T.);
#4501=EDGE_CURVE('',#5948,#5947,#7356,.T.);
#4502=EDGE_CURVE('',#5949,#5948,#43,.F.);
#4503=EDGE_CURVE('',#5950,#5949,#7357,.T.);
#4504=EDGE_CURVE('',#5944,#5950,#7358,.T.);
#4505=EDGE_CURVE('',#5951,#5952,#7359,.T.);
#4506=EDGE_CURVE('',#5953,#5951,#7360,.T.);
#4507=EDGE_CURVE('',#5954,#5953,#7361,.T.);
#4508=EDGE_CURVE('',#5955,#5954,#44,.F.);
#4509=EDGE_CURVE('',#5956,#5955,#7362,.T.);
#4510=EDGE_CURVE('',#5957,#5956,#7363,.T.);
#4511=EDGE_CURVE('',#5958,#5957,#7364,.T.);
#4512=EDGE_CURVE('',#5958,#5959,#7365,.T.);
#4513=EDGE_CURVE('',#5959,#5960,#7366,.T.);
#4514=EDGE_CURVE('',#5952,#5960,#7367,.T.);
#4515=EDGE_CURVE('',#5961,#5958,#7368,.T.);
#4516=EDGE_CURVE('',#5961,#5962,#7369,.T.);
#4517=EDGE_CURVE('',#5962,#5959,#7370,.T.);
#4518=EDGE_CURVE('',#5963,#5964,#7371,.T.);
#4519=EDGE_CURVE('',#5963,#5965,#7372,.T.);
#4520=EDGE_CURVE('',#5965,#5962,#7373,.T.);
#4521=EDGE_CURVE('',#5966,#5961,#7374,.T.);
#4522=EDGE_CURVE('',#5967,#5966,#7375,.T.);
#4523=EDGE_CURVE('',#5968,#5967,#7376,.T.);
#4524=EDGE_CURVE('',#5969,#5968,#45,.F.);
#4525=EDGE_CURVE('',#5970,#5969,#7377,.T.);
#4526=EDGE_CURVE('',#5964,#5970,#7378,.T.);
#4527=EDGE_CURVE('',#5971,#5972,#7379,.T.);
#4528=EDGE_CURVE('',#5973,#5971,#7380,.T.);
#4529=EDGE_CURVE('',#5974,#5973,#7381,.T.);
#4530=EDGE_CURVE('',#5975,#5974,#46,.F.);
#4531=EDGE_CURVE('',#5976,#5975,#7382,.T.);
#4532=EDGE_CURVE('',#5977,#5976,#7383,.T.);
#4533=EDGE_CURVE('',#5978,#5977,#7384,.T.);
#4534=EDGE_CURVE('',#5978,#5979,#7385,.T.);
#4535=EDGE_CURVE('',#5979,#5980,#7386,.T.);
#4536=EDGE_CURVE('',#5972,#5980,#7387,.T.);
#4537=EDGE_CURVE('',#5981,#5978,#7388,.T.);
#4538=EDGE_CURVE('',#5981,#5982,#7389,.T.);
#4539=EDGE_CURVE('',#5982,#5979,#7390,.T.);
#4540=EDGE_CURVE('',#5983,#5984,#7391,.T.);
#4541=EDGE_CURVE('',#5983,#5985,#7392,.T.);
#4542=EDGE_CURVE('',#5985,#5982,#7393,.T.);
#4543=EDGE_CURVE('',#5986,#5981,#7394,.T.);
#4544=EDGE_CURVE('',#5987,#5986,#7395,.T.);
#4545=EDGE_CURVE('',#5988,#5987,#7396,.T.);
#4546=EDGE_CURVE('',#5989,#5988,#47,.F.);
#4547=EDGE_CURVE('',#5990,#5989,#7397,.T.);
#4548=EDGE_CURVE('',#5984,#5990,#7398,.T.);
#4549=EDGE_CURVE('',#5991,#5992,#7399,.T.);
#4550=EDGE_CURVE('',#5993,#5991,#7400,.T.);
#4551=EDGE_CURVE('',#5994,#5993,#7401,.T.);
#4552=EDGE_CURVE('',#5995,#5994,#48,.F.);
#4553=EDGE_CURVE('',#5996,#5995,#7402,.T.);
#4554=EDGE_CURVE('',#5997,#5996,#7403,.T.);
#4555=EDGE_CURVE('',#5998,#5997,#7404,.T.);
#4556=EDGE_CURVE('',#5998,#5999,#7405,.T.);
#4557=EDGE_CURVE('',#5999,#6000,#7406,.T.);
#4558=EDGE_CURVE('',#5992,#6000,#7407,.T.);
#4559=EDGE_CURVE('',#6001,#5998,#7408,.T.);
#4560=EDGE_CURVE('',#6001,#6002,#7409,.T.);
#4561=EDGE_CURVE('',#6002,#5999,#7410,.T.);
#4562=EDGE_CURVE('',#6003,#6004,#7411,.T.);
#4563=EDGE_CURVE('',#6003,#6005,#7412,.T.);
#4564=EDGE_CURVE('',#6005,#6002,#7413,.T.);
#4565=EDGE_CURVE('',#6006,#6001,#7414,.T.);
#4566=EDGE_CURVE('',#6007,#6006,#7415,.T.);
#4567=EDGE_CURVE('',#6008,#6007,#7416,.T.);
#4568=EDGE_CURVE('',#6009,#6008,#49,.F.);
#4569=EDGE_CURVE('',#6010,#6009,#7417,.T.);
#4570=EDGE_CURVE('',#6004,#6010,#7418,.T.);
#4571=EDGE_CURVE('',#6011,#6012,#7419,.T.);
#4572=EDGE_CURVE('',#6013,#6011,#7420,.T.);
#4573=EDGE_CURVE('',#6014,#6013,#7421,.T.);
#4574=EDGE_CURVE('',#6015,#6014,#50,.F.);
#4575=EDGE_CURVE('',#6016,#6015,#7422,.T.);
#4576=EDGE_CURVE('',#6017,#6016,#7423,.T.);
#4577=EDGE_CURVE('',#6018,#6017,#7424,.T.);
#4578=EDGE_CURVE('',#6018,#6019,#7425,.T.);
#4579=EDGE_CURVE('',#6019,#6020,#7426,.T.);
#4580=EDGE_CURVE('',#6012,#6020,#7427,.T.);
#4581=EDGE_CURVE('',#6021,#6018,#7428,.T.);
#4582=EDGE_CURVE('',#6021,#6022,#7429,.T.);
#4583=EDGE_CURVE('',#6022,#6019,#7430,.T.);
#4584=EDGE_CURVE('',#6023,#6024,#7431,.T.);
#4585=EDGE_CURVE('',#6023,#6025,#7432,.T.);
#4586=EDGE_CURVE('',#6025,#6022,#7433,.T.);
#4587=EDGE_CURVE('',#6026,#6021,#7434,.T.);
#4588=EDGE_CURVE('',#6027,#6026,#7435,.T.);
#4589=EDGE_CURVE('',#6028,#6027,#7436,.T.);
#4590=EDGE_CURVE('',#6029,#6028,#51,.F.);
#4591=EDGE_CURVE('',#6030,#6029,#7437,.T.);
#4592=EDGE_CURVE('',#6024,#6030,#7438,.T.);
#4593=EDGE_CURVE('',#6031,#6032,#7439,.T.);
#4594=EDGE_CURVE('',#6033,#6031,#7440,.T.);
#4595=EDGE_CURVE('',#6034,#6033,#7441,.T.);
#4596=EDGE_CURVE('',#6035,#6034,#52,.F.);
#4597=EDGE_CURVE('',#6036,#6035,#7442,.T.);
#4598=EDGE_CURVE('',#6037,#6036,#7443,.T.);
#4599=EDGE_CURVE('',#6038,#6037,#7444,.T.);
#4600=EDGE_CURVE('',#6038,#6039,#7445,.T.);
#4601=EDGE_CURVE('',#6039,#6040,#7446,.T.);
#4602=EDGE_CURVE('',#6032,#6040,#7447,.T.);
#4603=EDGE_CURVE('',#6041,#6038,#7448,.T.);
#4604=EDGE_CURVE('',#6041,#6042,#7449,.T.);
#4605=EDGE_CURVE('',#6042,#6039,#7450,.T.);
#4606=EDGE_CURVE('',#6043,#6044,#7451,.T.);
#4607=EDGE_CURVE('',#6043,#6045,#7452,.T.);
#4608=EDGE_CURVE('',#6045,#6042,#7453,.T.);
#4609=EDGE_CURVE('',#6046,#6041,#7454,.T.);
#4610=EDGE_CURVE('',#6047,#6046,#7455,.T.);
#4611=EDGE_CURVE('',#6048,#6047,#7456,.T.);
#4612=EDGE_CURVE('',#6049,#6048,#53,.F.);
#4613=EDGE_CURVE('',#6050,#6049,#7457,.T.);
#4614=EDGE_CURVE('',#6044,#6050,#7458,.T.);
#4615=EDGE_CURVE('',#6051,#6052,#7459,.T.);
#4616=EDGE_CURVE('',#6053,#6051,#7460,.T.);
#4617=EDGE_CURVE('',#6054,#6053,#7461,.T.);
#4618=EDGE_CURVE('',#6055,#6054,#54,.F.);
#4619=EDGE_CURVE('',#6056,#6055,#7462,.T.);
#4620=EDGE_CURVE('',#6057,#6056,#7463,.T.);
#4621=EDGE_CURVE('',#6058,#6057,#7464,.T.);
#4622=EDGE_CURVE('',#6058,#6059,#7465,.T.);
#4623=EDGE_CURVE('',#6059,#6060,#7466,.T.);
#4624=EDGE_CURVE('',#6052,#6060,#7467,.T.);
#4625=EDGE_CURVE('',#6061,#6058,#7468,.T.);
#4626=EDGE_CURVE('',#6061,#6062,#7469,.T.);
#4627=EDGE_CURVE('',#6062,#6059,#7470,.T.);
#4628=EDGE_CURVE('',#6063,#6064,#7471,.T.);
#4629=EDGE_CURVE('',#6063,#6065,#7472,.T.);
#4630=EDGE_CURVE('',#6065,#6062,#7473,.T.);
#4631=EDGE_CURVE('',#6066,#6061,#7474,.T.);
#4632=EDGE_CURVE('',#6067,#6066,#7475,.T.);
#4633=EDGE_CURVE('',#6068,#6067,#7476,.T.);
#4634=EDGE_CURVE('',#6069,#6068,#55,.F.);
#4635=EDGE_CURVE('',#6070,#6069,#7477,.T.);
#4636=EDGE_CURVE('',#6064,#6070,#7478,.T.);
#4637=EDGE_CURVE('',#6071,#6072,#7479,.T.);
#4638=EDGE_CURVE('',#6073,#6071,#7480,.T.);
#4639=EDGE_CURVE('',#6074,#6073,#7481,.T.);
#4640=EDGE_CURVE('',#6075,#6074,#56,.F.);
#4641=EDGE_CURVE('',#6076,#6075,#7482,.T.);
#4642=EDGE_CURVE('',#6077,#6076,#7483,.T.);
#4643=EDGE_CURVE('',#6078,#6077,#7484,.T.);
#4644=EDGE_CURVE('',#6078,#6079,#7485,.T.);
#4645=EDGE_CURVE('',#6079,#6080,#7486,.T.);
#4646=EDGE_CURVE('',#6072,#6080,#7487,.T.);
#4647=EDGE_CURVE('',#6081,#6078,#7488,.T.);
#4648=EDGE_CURVE('',#6081,#6082,#7489,.T.);
#4649=EDGE_CURVE('',#6082,#6079,#7490,.T.);
#4650=EDGE_CURVE('',#6083,#6084,#7491,.T.);
#4651=EDGE_CURVE('',#6083,#6085,#7492,.T.);
#4652=EDGE_CURVE('',#6085,#6082,#7493,.T.);
#4653=EDGE_CURVE('',#6086,#6081,#7494,.T.);
#4654=EDGE_CURVE('',#6087,#6086,#7495,.T.);
#4655=EDGE_CURVE('',#6088,#6087,#7496,.T.);
#4656=EDGE_CURVE('',#6089,#6088,#57,.F.);
#4657=EDGE_CURVE('',#6090,#6089,#7497,.T.);
#4658=EDGE_CURVE('',#6084,#6090,#7498,.T.);
#4659=EDGE_CURVE('',#5772,#5783,#7499,.T.);
#4660=EDGE_CURVE('',#5780,#5785,#7500,.T.);
#4661=EDGE_CURVE('',#5792,#5803,#7501,.T.);
#4662=EDGE_CURVE('',#5800,#5805,#7502,.T.);
#4663=EDGE_CURVE('',#5812,#5823,#7503,.T.);
#4664=EDGE_CURVE('',#5820,#5825,#7504,.T.);
#4665=EDGE_CURVE('',#5832,#5843,#7505,.T.);
#4666=EDGE_CURVE('',#5840,#5845,#7506,.T.);
#4667=EDGE_CURVE('',#5852,#5863,#7507,.T.);
#4668=EDGE_CURVE('',#5860,#5865,#7508,.T.);
#4669=EDGE_CURVE('',#5872,#5883,#7509,.T.);
#4670=EDGE_CURVE('',#5880,#5885,#7510,.T.);
#4671=EDGE_CURVE('',#5892,#5903,#7511,.T.);
#4672=EDGE_CURVE('',#5900,#5905,#7512,.T.);
#4673=EDGE_CURVE('',#5912,#5923,#7513,.T.);
#4674=EDGE_CURVE('',#5920,#5925,#7514,.T.);
#4675=EDGE_CURVE('',#5932,#5943,#7515,.T.);
#4676=EDGE_CURVE('',#5940,#5945,#7516,.T.);
#4677=EDGE_CURVE('',#5952,#5963,#7517,.T.);
#4678=EDGE_CURVE('',#5960,#5965,#7518,.T.);
#4679=EDGE_CURVE('',#5972,#5983,#7519,.T.);
#4680=EDGE_CURVE('',#5980,#5985,#7520,.T.);
#4681=EDGE_CURVE('',#5992,#6003,#7521,.T.);
#4682=EDGE_CURVE('',#6000,#6005,#7522,.T.);
#4683=EDGE_CURVE('',#6012,#6023,#7523,.T.);
#4684=EDGE_CURVE('',#6020,#6025,#7524,.T.);
#4685=EDGE_CURVE('',#6032,#6043,#7525,.T.);
#4686=EDGE_CURVE('',#6040,#6045,#7526,.T.);
#4687=EDGE_CURVE('',#6052,#6063,#7527,.T.);
#4688=EDGE_CURVE('',#6060,#6065,#7528,.T.);
#4689=EDGE_CURVE('',#6072,#6083,#7529,.T.);
#4690=EDGE_CURVE('',#6080,#6085,#7530,.T.);
#4691=EDGE_CURVE('',#6084,#6071,#7531,.T.);
#4692=EDGE_CURVE('',#6086,#6077,#7532,.T.);
#4693=EDGE_CURVE('',#6087,#6076,#7533,.T.);
#4694=EDGE_CURVE('',#6088,#6075,#7534,.T.);
#4695=EDGE_CURVE('',#6089,#6074,#7535,.T.);
#4696=EDGE_CURVE('',#6090,#6073,#7536,.T.);
#4697=EDGE_CURVE('',#6064,#6051,#7537,.T.);
#4698=EDGE_CURVE('',#6066,#6057,#7538,.T.);
#4699=EDGE_CURVE('',#6067,#6056,#7539,.T.);
#4700=EDGE_CURVE('',#6068,#6055,#7540,.T.);
#4701=EDGE_CURVE('',#6069,#6054,#7541,.T.);
#4702=EDGE_CURVE('',#6070,#6053,#7542,.T.);
#4703=EDGE_CURVE('',#6044,#6031,#7543,.T.);
#4704=EDGE_CURVE('',#6046,#6037,#7544,.T.);
#4705=EDGE_CURVE('',#6047,#6036,#7545,.T.);
#4706=EDGE_CURVE('',#6048,#6035,#7546,.T.);
#4707=EDGE_CURVE('',#6049,#6034,#7547,.T.);
#4708=EDGE_CURVE('',#6050,#6033,#7548,.T.);
#4709=EDGE_CURVE('',#6024,#6011,#7549,.T.);
#4710=EDGE_CURVE('',#6026,#6017,#7550,.T.);
#4711=EDGE_CURVE('',#6027,#6016,#7551,.T.);
#4712=EDGE_CURVE('',#6028,#6015,#7552,.T.);
#4713=EDGE_CURVE('',#6029,#6014,#7553,.T.);
#4714=EDGE_CURVE('',#6030,#6013,#7554,.T.);
#4715=EDGE_CURVE('',#6004,#5991,#7555,.T.);
#4716=EDGE_CURVE('',#6006,#5997,#7556,.T.);
#4717=EDGE_CURVE('',#6007,#5996,#7557,.T.);
#4718=EDGE_CURVE('',#6008,#5995,#7558,.T.);
#4719=EDGE_CURVE('',#6009,#5994,#7559,.T.);
#4720=EDGE_CURVE('',#6010,#5993,#7560,.T.);
#4721=EDGE_CURVE('',#5984,#5971,#7561,.T.);
#4722=EDGE_CURVE('',#5986,#5977,#7562,.T.);
#4723=EDGE_CURVE('',#5987,#5976,#7563,.T.);
#4724=EDGE_CURVE('',#5988,#5975,#7564,.T.);
#4725=EDGE_CURVE('',#5989,#5974,#7565,.T.);
#4726=EDGE_CURVE('',#5990,#5973,#7566,.T.);
#4727=EDGE_CURVE('',#5964,#5951,#7567,.T.);
#4728=EDGE_CURVE('',#5966,#5957,#7568,.T.);
#4729=EDGE_CURVE('',#5967,#5956,#7569,.T.);
#4730=EDGE_CURVE('',#5968,#5955,#7570,.T.);
#4731=EDGE_CURVE('',#5969,#5954,#7571,.T.);
#4732=EDGE_CURVE('',#5970,#5953,#7572,.T.);
#4733=EDGE_CURVE('',#5944,#5931,#7573,.T.);
#4734=EDGE_CURVE('',#5946,#5937,#7574,.T.);
#4735=EDGE_CURVE('',#5947,#5936,#7575,.T.);
#4736=EDGE_CURVE('',#5948,#5935,#7576,.T.);
#4737=EDGE_CURVE('',#5949,#5934,#7577,.T.);
#4738=EDGE_CURVE('',#5950,#5933,#7578,.T.);
#4739=EDGE_CURVE('',#5924,#5911,#7579,.T.);
#4740=EDGE_CURVE('',#5926,#5917,#7580,.T.);
#4741=EDGE_CURVE('',#5927,#5916,#7581,.T.);
#4742=EDGE_CURVE('',#5928,#5915,#7582,.T.);
#4743=EDGE_CURVE('',#5929,#5914,#7583,.T.);
#4744=EDGE_CURVE('',#5930,#5913,#7584,.T.);
#4745=EDGE_CURVE('',#5904,#5891,#7585,.T.);
#4746=EDGE_CURVE('',#5906,#5897,#7586,.T.);
#4747=EDGE_CURVE('',#5907,#5896,#7587,.T.);
#4748=EDGE_CURVE('',#5908,#5895,#7588,.T.);
#4749=EDGE_CURVE('',#5909,#5894,#7589,.T.);
#4750=EDGE_CURVE('',#5910,#5893,#7590,.T.);
#4751=EDGE_CURVE('',#5884,#5871,#7591,.T.);
#4752=EDGE_CURVE('',#5886,#5877,#7592,.T.);
#4753=EDGE_CURVE('',#5887,#5876,#7593,.T.);
#4754=EDGE_CURVE('',#5888,#5875,#7594,.T.);
#4755=EDGE_CURVE('',#5889,#5874,#7595,.T.);
#4756=EDGE_CURVE('',#5890,#5873,#7596,.T.);
#4757=EDGE_CURVE('',#5864,#5851,#7597,.T.);
#4758=EDGE_CURVE('',#5866,#5857,#7598,.T.);
#4759=EDGE_CURVE('',#5867,#5856,#7599,.T.);
#4760=EDGE_CURVE('',#5868,#5855,#7600,.T.);
#4761=EDGE_CURVE('',#5869,#5854,#7601,.T.);
#4762=EDGE_CURVE('',#5870,#5853,#7602,.T.);
#4763=EDGE_CURVE('',#5844,#5831,#7603,.T.);
#4764=EDGE_CURVE('',#5846,#5837,#7604,.T.);
#4765=EDGE_CURVE('',#5847,#5836,#7605,.T.);
#4766=EDGE_CURVE('',#5848,#5835,#7606,.T.);
#4767=EDGE_CURVE('',#5849,#5834,#7607,.T.);
#4768=EDGE_CURVE('',#5850,#5833,#7608,.T.);
#4769=EDGE_CURVE('',#5824,#5811,#7609,.T.);
#4770=EDGE_CURVE('',#5826,#5817,#7610,.T.);
#4771=EDGE_CURVE('',#5827,#5816,#7611,.T.);
#4772=EDGE_CURVE('',#5828,#5815,#7612,.T.);
#4773=EDGE_CURVE('',#5829,#5814,#7613,.T.);
#4774=EDGE_CURVE('',#5830,#5813,#7614,.T.);
#4775=EDGE_CURVE('',#5804,#5791,#7615,.T.);
#4776=EDGE_CURVE('',#5806,#5797,#7616,.T.);
#4777=EDGE_CURVE('',#5807,#5796,#7617,.T.);
#4778=EDGE_CURVE('',#5808,#5795,#7618,.T.);
#4779=EDGE_CURVE('',#5809,#5794,#7619,.T.);
#4780=EDGE_CURVE('',#5810,#5793,#7620,.T.);
#4781=EDGE_CURVE('',#5784,#5771,#7621,.T.);
#4782=EDGE_CURVE('',#5790,#5773,#7622,.T.);
#4783=EDGE_CURVE('',#5789,#5774,#7623,.T.);
#4784=EDGE_CURVE('',#5788,#5775,#7624,.T.);
#4785=EDGE_CURVE('',#5787,#5776,#7625,.T.);
#4786=EDGE_CURVE('',#5786,#5777,#7626,.T.);
#4787=EDGE_CURVE('',#6091,#6092,#7627,.T.);
#4788=EDGE_CURVE('',#6093,#6092,#7628,.T.);
#4789=EDGE_CURVE('',#6093,#6094,#7629,.T.);
#4790=EDGE_CURVE('',#6094,#6095,#7630,.T.);
#4791=EDGE_CURVE('',#6095,#6096,#7631,.T.);
#4792=EDGE_CURVE('',#6097,#6096,#7632,.T.);
#4793=EDGE_CURVE('',#6097,#6098,#7633,.T.);
#4794=EDGE_CURVE('',#6098,#6099,#7634,.T.);
#4795=EDGE_CURVE('',#6099,#6100,#7635,.T.);
#4796=EDGE_CURVE('',#6101,#6100,#7636,.T.);
#4797=EDGE_CURVE('',#6101,#6102,#7637,.T.);
#4798=EDGE_CURVE('',#6102,#6103,#7638,.T.);
#4799=EDGE_CURVE('',#6103,#6104,#7639,.T.);
#4800=EDGE_CURVE('',#6105,#6104,#7640,.T.);
#4801=EDGE_CURVE('',#6105,#6106,#7641,.T.);
#4802=EDGE_CURVE('',#6106,#6107,#7642,.T.);
#4803=EDGE_CURVE('',#6107,#6108,#7643,.T.);
#4804=EDGE_CURVE('',#6109,#6108,#7644,.T.);
#4805=EDGE_CURVE('',#6109,#6110,#7645,.T.);
#4806=EDGE_CURVE('',#6110,#6111,#7646,.T.);
#4807=EDGE_CURVE('',#6111,#6112,#7647,.T.);
#4808=EDGE_CURVE('',#6113,#6112,#7648,.T.);
#4809=EDGE_CURVE('',#6113,#6114,#7649,.T.);
#4810=EDGE_CURVE('',#6114,#6115,#7650,.T.);
#4811=EDGE_CURVE('',#6115,#6116,#7651,.T.);
#4812=EDGE_CURVE('',#6117,#6116,#7652,.T.);
#4813=EDGE_CURVE('',#6117,#6118,#7653,.T.);
#4814=EDGE_CURVE('',#6118,#6119,#7654,.T.);
#4815=EDGE_CURVE('',#6119,#6120,#7655,.T.);
#4816=EDGE_CURVE('',#6121,#6120,#7656,.T.);
#4817=EDGE_CURVE('',#6121,#6122,#7657,.T.);
#4818=EDGE_CURVE('',#6122,#6123,#7658,.T.);
#4819=EDGE_CURVE('',#6123,#6124,#7659,.T.);
#4820=EDGE_CURVE('',#6125,#6124,#7660,.T.);
#4821=EDGE_CURVE('',#6126,#6125,#7661,.T.);
#4822=EDGE_CURVE('',#6126,#6127,#7662,.T.);
#4823=EDGE_CURVE('',#6128,#6127,#7663,.T.);
#4824=EDGE_CURVE('',#6129,#6128,#7664,.T.);
#4825=EDGE_CURVE('',#6130,#6129,#7665,.T.);
#4826=EDGE_CURVE('',#6130,#6131,#7666,.T.);
#4827=EDGE_CURVE('',#6132,#6131,#7667,.T.);
#4828=EDGE_CURVE('',#6133,#6132,#7668,.T.);
#4829=EDGE_CURVE('',#6134,#6133,#7669,.T.);
#4830=EDGE_CURVE('',#6134,#6135,#7670,.T.);
#4831=EDGE_CURVE('',#6136,#6135,#7671,.T.);
#4832=EDGE_CURVE('',#6137,#6136,#7672,.T.);
#4833=EDGE_CURVE('',#6138,#6137,#7673,.T.);
#4834=EDGE_CURVE('',#6138,#6139,#7674,.T.);
#4835=EDGE_CURVE('',#6140,#6139,#7675,.T.);
#4836=EDGE_CURVE('',#6141,#6140,#7676,.T.);
#4837=EDGE_CURVE('',#6142,#6141,#7677,.T.);
#4838=EDGE_CURVE('',#6142,#6143,#7678,.T.);
#4839=EDGE_CURVE('',#6144,#6143,#7679,.T.);
#4840=EDGE_CURVE('',#6145,#6144,#7680,.T.);
#4841=EDGE_CURVE('',#6146,#6145,#7681,.T.);
#4842=EDGE_CURVE('',#6146,#6147,#7682,.T.);
#4843=EDGE_CURVE('',#6148,#6147,#7683,.T.);
#4844=EDGE_CURVE('',#6149,#6148,#7684,.T.);
#4845=EDGE_CURVE('',#6150,#6149,#7685,.T.);
#4846=EDGE_CURVE('',#6150,#6151,#7686,.T.);
#4847=EDGE_CURVE('',#6152,#6151,#7687,.T.);
#4848=EDGE_CURVE('',#6153,#6152,#7688,.T.);
#4849=EDGE_CURVE('',#6154,#6153,#7689,.T.);
#4850=EDGE_CURVE('',#6154,#6155,#7690,.T.);
#4851=EDGE_CURVE('',#6156,#6155,#7691,.T.);
#4852=EDGE_CURVE('',#6157,#6156,#7692,.T.);
#4853=EDGE_CURVE('',#6158,#6157,#7693,.T.);
#4854=EDGE_CURVE('',#6158,#6091,#7694,.T.);
#4855=EDGE_CURVE('',#6159,#6160,#7695,.T.);
#4856=EDGE_CURVE('',#6160,#6161,#7696,.T.);
#4857=EDGE_CURVE('',#6161,#6162,#7697,.T.);
#4858=EDGE_CURVE('',#6162,#6159,#7698,.T.);
#4859=EDGE_CURVE('',#6163,#6164,#7699,.T.);
#4860=EDGE_CURVE('',#6164,#6165,#7700,.T.);
#4861=EDGE_CURVE('',#6165,#6166,#7701,.T.);
#4862=EDGE_CURVE('',#6166,#6163,#7702,.T.);
#4863=EDGE_CURVE('',#6167,#6168,#7703,.T.);
#4864=EDGE_CURVE('',#6168,#6169,#7704,.T.);
#4865=EDGE_CURVE('',#6169,#6170,#7705,.T.);
#4866=EDGE_CURVE('',#6170,#6167,#7706,.T.);
#4867=EDGE_CURVE('',#6171,#6172,#7707,.T.);
#4868=EDGE_CURVE('',#6172,#6173,#7708,.T.);
#4869=EDGE_CURVE('',#6173,#6174,#7709,.T.);
#4870=EDGE_CURVE('',#6174,#6171,#7710,.T.);
#4871=EDGE_CURVE('',#6175,#6176,#7711,.T.);
#4872=EDGE_CURVE('',#6176,#6177,#7712,.T.);
#4873=EDGE_CURVE('',#6177,#6178,#7713,.T.);
#4874=EDGE_CURVE('',#6178,#6175,#7714,.T.);
#4875=EDGE_CURVE('',#6179,#6180,#7715,.T.);
#4876=EDGE_CURVE('',#6180,#6181,#7716,.T.);
#4877=EDGE_CURVE('',#6181,#6182,#7717,.T.);
#4878=EDGE_CURVE('',#6182,#6179,#7718,.T.);
#4879=EDGE_CURVE('',#6183,#6184,#7719,.T.);
#4880=EDGE_CURVE('',#6184,#6185,#7720,.T.);
#4881=EDGE_CURVE('',#6185,#6186,#7721,.T.);
#4882=EDGE_CURVE('',#6186,#6183,#7722,.T.);
#4883=EDGE_CURVE('',#6187,#6188,#7723,.T.);
#4884=EDGE_CURVE('',#6188,#6189,#7724,.T.);
#4885=EDGE_CURVE('',#6189,#6190,#7725,.T.);
#4886=EDGE_CURVE('',#6190,#6187,#7726,.T.);
#4887=EDGE_CURVE('',#6191,#6192,#7727,.T.);
#4888=EDGE_CURVE('',#6192,#6193,#7728,.T.);
#4889=EDGE_CURVE('',#6193,#6194,#7729,.T.);
#4890=EDGE_CURVE('',#6194,#6191,#7730,.T.);
#4891=EDGE_CURVE('',#6195,#6196,#7731,.T.);
#4892=EDGE_CURVE('',#6196,#6197,#7732,.T.);
#4893=EDGE_CURVE('',#6197,#6198,#7733,.T.);
#4894=EDGE_CURVE('',#6198,#6195,#7734,.T.);
#4895=EDGE_CURVE('',#6199,#6200,#7735,.T.);
#4896=EDGE_CURVE('',#6200,#6201,#7736,.T.);
#4897=EDGE_CURVE('',#6201,#6202,#7737,.T.);
#4898=EDGE_CURVE('',#6202,#6199,#7738,.T.);
#4899=EDGE_CURVE('',#6203,#6204,#7739,.T.);
#4900=EDGE_CURVE('',#6204,#6205,#7740,.T.);
#4901=EDGE_CURVE('',#6205,#6206,#7741,.T.);
#4902=EDGE_CURVE('',#6206,#6203,#7742,.T.);
#4903=EDGE_CURVE('',#6207,#6208,#7743,.T.);
#4904=EDGE_CURVE('',#6208,#6209,#7744,.T.);
#4905=EDGE_CURVE('',#6209,#6210,#7745,.T.);
#4906=EDGE_CURVE('',#6210,#6207,#7746,.T.);
#4907=EDGE_CURVE('',#6211,#6212,#7747,.T.);
#4908=EDGE_CURVE('',#6212,#6213,#7748,.T.);
#4909=EDGE_CURVE('',#6213,#6214,#7749,.T.);
#4910=EDGE_CURVE('',#6214,#6211,#7750,.T.);
#4911=EDGE_CURVE('',#6215,#6216,#7751,.T.);
#4912=EDGE_CURVE('',#6216,#6217,#7752,.T.);
#4913=EDGE_CURVE('',#6217,#6218,#7753,.T.);
#4914=EDGE_CURVE('',#6218,#6215,#7754,.T.);
#4915=EDGE_CURVE('',#6219,#6220,#7755,.T.);
#4916=EDGE_CURVE('',#6220,#6221,#7756,.T.);
#4917=EDGE_CURVE('',#6221,#6222,#7757,.T.);
#4918=EDGE_CURVE('',#6222,#6219,#7758,.T.);
#4919=EDGE_CURVE('',#6223,#6224,#7759,.T.);
#4920=EDGE_CURVE('',#6225,#6223,#7760,.T.);
#4921=EDGE_CURVE('',#6226,#6225,#7761,.T.);
#4922=EDGE_CURVE('',#6224,#6226,#7762,.T.);
#4923=EDGE_CURVE('',#6227,#6228,#7763,.T.);
#4924=EDGE_CURVE('',#6229,#6228,#7764,.T.);
#4925=EDGE_CURVE('',#6230,#6229,#7765,.T.);
#4926=EDGE_CURVE('',#6230,#6227,#7766,.T.);
#4927=EDGE_CURVE('',#6231,#6232,#7767,.T.);
#4928=EDGE_CURVE('',#6233,#6231,#7768,.T.);
#4929=EDGE_CURVE('',#6234,#6233,#7769,.T.);
#4930=EDGE_CURVE('',#6232,#6234,#7770,.T.);
#4931=EDGE_CURVE('',#6235,#6236,#7771,.T.);
#4932=EDGE_CURVE('',#6237,#6235,#7772,.T.);
#4933=EDGE_CURVE('',#6238,#6237,#7773,.T.);
#4934=EDGE_CURVE('',#6236,#6238,#7774,.T.);
#4935=EDGE_CURVE('',#6239,#6240,#7775,.T.);
#4936=EDGE_CURVE('',#6241,#6240,#7776,.T.);
#4937=EDGE_CURVE('',#6242,#6241,#7777,.T.);
#4938=EDGE_CURVE('',#6242,#6239,#7778,.T.);
#4939=EDGE_CURVE('',#6243,#6244,#7779,.T.);
#4940=EDGE_CURVE('',#6245,#6243,#7780,.T.);
#4941=EDGE_CURVE('',#6246,#6245,#7781,.T.);
#4942=EDGE_CURVE('',#6244,#6246,#7782,.T.);
#4943=EDGE_CURVE('',#6247,#6248,#7783,.T.);
#4944=EDGE_CURVE('',#6249,#6247,#7784,.T.);
#4945=EDGE_CURVE('',#6250,#6249,#7785,.T.);
#4946=EDGE_CURVE('',#6248,#6250,#7786,.T.);
#4947=EDGE_CURVE('',#6251,#6252,#7787,.T.);
#4948=EDGE_CURVE('',#6253,#6252,#7788,.T.);
#4949=EDGE_CURVE('',#6254,#6253,#7789,.T.);
#4950=EDGE_CURVE('',#6254,#6251,#7790,.T.);
#4951=EDGE_CURVE('',#6255,#6256,#7791,.T.);
#4952=EDGE_CURVE('',#6257,#6255,#7792,.T.);
#4953=EDGE_CURVE('',#6258,#6257,#7793,.T.);
#4954=EDGE_CURVE('',#6256,#6258,#7794,.T.);
#4955=EDGE_CURVE('',#6259,#6260,#7795,.T.);
#4956=EDGE_CURVE('',#6261,#6259,#7796,.T.);
#4957=EDGE_CURVE('',#6262,#6261,#7797,.T.);
#4958=EDGE_CURVE('',#6260,#6262,#7798,.T.);
#4959=EDGE_CURVE('',#6263,#6264,#7799,.T.);
#4960=EDGE_CURVE('',#6265,#6264,#7800,.T.);
#4961=EDGE_CURVE('',#6266,#6265,#7801,.T.);
#4962=EDGE_CURVE('',#6266,#6263,#7802,.T.);
#4963=EDGE_CURVE('',#6267,#6268,#7803,.T.);
#4964=EDGE_CURVE('',#6269,#6267,#7804,.T.);
#4965=EDGE_CURVE('',#6270,#6269,#7805,.T.);
#4966=EDGE_CURVE('',#6268,#6270,#7806,.T.);
#4967=EDGE_CURVE('',#6271,#6272,#7807,.T.);
#4968=EDGE_CURVE('',#6273,#6271,#7808,.T.);
#4969=EDGE_CURVE('',#6274,#6273,#7809,.T.);
#4970=EDGE_CURVE('',#6272,#6274,#7810,.T.);
#4971=EDGE_CURVE('',#6275,#6276,#7811,.T.);
#4972=EDGE_CURVE('',#6277,#6276,#7812,.T.);
#4973=EDGE_CURVE('',#6278,#6277,#7813,.T.);
#4974=EDGE_CURVE('',#6278,#6275,#7814,.T.);
#4975=EDGE_CURVE('',#6279,#6280,#7815,.T.);
#4976=EDGE_CURVE('',#6281,#6279,#7816,.T.);
#4977=EDGE_CURVE('',#6282,#6281,#7817,.T.);
#4978=EDGE_CURVE('',#6280,#6282,#7818,.T.);
#4979=EDGE_CURVE('',#6283,#6284,#7819,.T.);
#4980=EDGE_CURVE('',#6285,#6283,#7820,.T.);
#4981=EDGE_CURVE('',#6286,#6285,#7821,.T.);
#4982=EDGE_CURVE('',#6284,#6286,#7822,.T.);
#4983=EDGE_CURVE('',#6287,#6288,#7823,.T.);
#4984=EDGE_CURVE('',#6289,#6288,#7824,.T.);
#4985=EDGE_CURVE('',#6290,#6289,#7825,.T.);
#4986=EDGE_CURVE('',#6290,#6287,#7826,.T.);
#4987=EDGE_CURVE('',#6291,#6292,#7827,.T.);
#4988=EDGE_CURVE('',#6293,#6291,#7828,.T.);
#4989=EDGE_CURVE('',#6294,#6293,#7829,.T.);
#4990=EDGE_CURVE('',#6292,#6294,#7830,.T.);
#4991=EDGE_CURVE('',#6295,#6296,#7831,.T.);
#4992=EDGE_CURVE('',#6297,#6295,#7832,.T.);
#4993=EDGE_CURVE('',#6298,#6297,#7833,.T.);
#4994=EDGE_CURVE('',#6296,#6298,#7834,.T.);
#4995=EDGE_CURVE('',#6299,#6300,#7835,.T.);
#4996=EDGE_CURVE('',#6301,#6300,#7836,.T.);
#4997=EDGE_CURVE('',#6302,#6301,#7837,.T.);
#4998=EDGE_CURVE('',#6302,#6299,#7838,.T.);
#4999=EDGE_CURVE('',#6303,#6304,#7839,.T.);
#5000=EDGE_CURVE('',#6305,#6303,#7840,.T.);
#5001=EDGE_CURVE('',#6306,#6305,#7841,.T.);
#5002=EDGE_CURVE('',#6304,#6306,#7842,.T.);
#5003=EDGE_CURVE('',#6307,#6308,#7843,.T.);
#5004=EDGE_CURVE('',#6309,#6307,#7844,.T.);
#5005=EDGE_CURVE('',#6310,#6309,#7845,.T.);
#5006=EDGE_CURVE('',#6308,#6310,#7846,.T.);
#5007=EDGE_CURVE('',#6311,#6312,#7847,.T.);
#5008=EDGE_CURVE('',#6313,#6312,#7848,.T.);
#5009=EDGE_CURVE('',#6314,#6313,#7849,.T.);
#5010=EDGE_CURVE('',#6314,#6311,#7850,.T.);
#5011=EDGE_CURVE('',#6315,#6316,#7851,.T.);
#5012=EDGE_CURVE('',#6317,#6315,#7852,.T.);
#5013=EDGE_CURVE('',#6318,#6317,#7853,.T.);
#5014=EDGE_CURVE('',#6316,#6318,#7854,.T.);
#5015=EDGE_CURVE('',#6319,#6320,#7855,.T.);
#5016=EDGE_CURVE('',#6320,#6321,#7856,.T.);
#5017=EDGE_CURVE('',#6321,#6322,#7857,.T.);
#5018=EDGE_CURVE('',#6319,#6322,#7858,.T.);
#5019=EDGE_CURVE('',#6323,#6324,#7859,.T.);
#5020=EDGE_CURVE('',#6325,#6324,#7860,.T.);
#5021=EDGE_CURVE('',#6325,#6326,#7861,.T.);
#5022=EDGE_CURVE('',#6326,#6323,#7862,.T.);
#5023=EDGE_CURVE('',#6327,#6328,#7863,.T.);
#5024=EDGE_CURVE('',#6329,#6328,#7864,.T.);
#5025=EDGE_CURVE('',#6329,#6330,#7865,.T.);
#5026=EDGE_CURVE('',#6330,#6327,#7866,.T.);
#5027=EDGE_CURVE('',#6331,#6332,#7867,.T.);
#5028=EDGE_CURVE('',#6333,#6332,#7868,.T.);
#5029=EDGE_CURVE('',#6333,#6334,#7869,.T.);
#5030=EDGE_CURVE('',#6334,#6331,#7870,.T.);
#5031=EDGE_CURVE('',#6335,#6336,#7871,.T.);
#5032=EDGE_CURVE('',#6337,#6336,#7872,.T.);
#5033=EDGE_CURVE('',#6337,#6338,#7873,.T.);
#5034=EDGE_CURVE('',#6338,#6335,#7874,.T.);
#5035=EDGE_CURVE('',#6339,#6340,#7875,.T.);
#5036=EDGE_CURVE('',#6341,#6340,#7876,.T.);
#5037=EDGE_CURVE('',#6341,#6342,#7877,.T.);
#5038=EDGE_CURVE('',#6342,#6339,#7878,.T.);
#5039=EDGE_CURVE('',#6343,#6344,#7879,.T.);
#5040=EDGE_CURVE('',#6345,#6344,#7880,.T.);
#5041=EDGE_CURVE('',#6345,#6346,#7881,.T.);
#5042=EDGE_CURVE('',#6346,#6343,#7882,.T.);
#5043=EDGE_CURVE('',#6347,#6348,#7883,.T.);
#5044=EDGE_CURVE('',#6349,#6348,#7884,.T.);
#5045=EDGE_CURVE('',#6349,#6350,#7885,.T.);
#5046=EDGE_CURVE('',#6350,#6347,#7886,.T.);
#5047=EDGE_CURVE('',#6351,#6352,#7887,.T.);
#5048=EDGE_CURVE('',#6352,#6353,#7888,.T.);
#5049=EDGE_CURVE('',#6353,#6354,#7889,.T.);
#5050=EDGE_CURVE('',#6354,#6351,#7890,.T.);
#5051=EDGE_CURVE('',#6355,#6356,#7891,.T.);
#5052=EDGE_CURVE('',#6357,#6355,#7892,.T.);
#5053=EDGE_CURVE('',#6357,#6358,#7893,.T.);
#5054=EDGE_CURVE('',#6356,#6358,#7894,.T.);
#5055=EDGE_CURVE('',#6359,#6360,#7895,.T.);
#5056=EDGE_CURVE('',#6361,#6360,#7896,.T.);
#5057=EDGE_CURVE('',#6362,#6361,#7897,.T.);
#5058=EDGE_CURVE('',#6359,#6362,#7898,.T.);
#5059=EDGE_CURVE('',#6363,#6364,#7899,.T.);
#5060=EDGE_CURVE('',#6365,#6364,#7900,.T.);
#5061=EDGE_CURVE('',#6366,#6365,#7901,.T.);
#5062=EDGE_CURVE('',#6363,#6366,#7902,.T.);
#5063=EDGE_CURVE('',#6367,#6368,#7903,.T.);
#5064=EDGE_CURVE('',#6369,#6368,#7904,.T.);
#5065=EDGE_CURVE('',#6370,#6369,#7905,.T.);
#5066=EDGE_CURVE('',#6367,#6370,#7906,.T.);
#5067=EDGE_CURVE('',#6371,#6372,#7907,.T.);
#5068=EDGE_CURVE('',#6373,#6372,#7908,.T.);
#5069=EDGE_CURVE('',#6374,#6373,#7909,.T.);
#5070=EDGE_CURVE('',#6371,#6374,#7910,.T.);
#5071=EDGE_CURVE('',#6375,#6376,#7911,.T.);
#5072=EDGE_CURVE('',#6377,#6376,#7912,.T.);
#5073=EDGE_CURVE('',#6378,#6377,#7913,.T.);
#5074=EDGE_CURVE('',#6375,#6378,#7914,.T.);
#5075=EDGE_CURVE('',#6379,#6380,#7915,.T.);
#5076=EDGE_CURVE('',#6381,#6380,#7916,.T.);
#5077=EDGE_CURVE('',#6382,#6381,#7917,.T.);
#5078=EDGE_CURVE('',#6379,#6382,#7918,.T.);
#5079=EDGE_CURVE('',#6383,#6384,#7919,.T.);
#5080=EDGE_CURVE('',#6385,#6384,#7920,.T.);
#5081=EDGE_CURVE('',#6386,#6385,#7921,.T.);
#5082=EDGE_CURVE('',#6383,#6386,#7922,.T.);
#5083=EDGE_CURVE('',#6387,#6388,#7923,.T.);
#5084=EDGE_CURVE('',#6387,#6389,#7924,.T.);
#5085=EDGE_CURVE('',#6389,#6390,#7925,.T.);
#5086=EDGE_CURVE('',#6388,#6390,#7926,.T.);
#5087=EDGE_CURVE('',#6391,#6392,#7927,.T.);
#5088=EDGE_CURVE('',#6393,#6392,#7928,.T.);
#5089=EDGE_CURVE('',#6394,#6393,#7929,.T.);
#5090=EDGE_CURVE('',#6394,#6391,#7930,.T.);
#5091=EDGE_CURVE('',#6395,#6396,#7931,.T.);
#5092=EDGE_CURVE('',#6397,#6396,#7932,.T.);
#5093=EDGE_CURVE('',#6398,#6397,#7933,.T.);
#5094=EDGE_CURVE('',#6398,#6395,#7934,.T.);
#5095=EDGE_CURVE('',#6399,#6400,#7935,.T.);
#5096=EDGE_CURVE('',#6401,#6400,#7936,.T.);
#5097=EDGE_CURVE('',#6402,#6401,#7937,.T.);
#5098=EDGE_CURVE('',#6402,#6399,#7938,.T.);
#5099=EDGE_CURVE('',#6403,#6404,#7939,.T.);
#5100=EDGE_CURVE('',#6405,#6404,#7940,.T.);
#5101=EDGE_CURVE('',#6406,#6405,#7941,.T.);
#5102=EDGE_CURVE('',#6406,#6403,#7942,.T.);
#5103=EDGE_CURVE('',#6407,#6408,#7943,.T.);
#5104=EDGE_CURVE('',#6409,#6408,#7944,.T.);
#5105=EDGE_CURVE('',#6410,#6409,#7945,.T.);
#5106=EDGE_CURVE('',#6410,#6407,#7946,.T.);
#5107=EDGE_CURVE('',#6411,#6412,#7947,.T.);
#5108=EDGE_CURVE('',#6413,#6412,#7948,.T.);
#5109=EDGE_CURVE('',#6414,#6413,#7949,.T.);
#5110=EDGE_CURVE('',#6414,#6411,#7950,.T.);
#5111=EDGE_CURVE('',#6415,#6416,#7951,.T.);
#5112=EDGE_CURVE('',#6417,#6416,#7952,.T.);
#5113=EDGE_CURVE('',#6418,#6417,#7953,.T.);
#5114=EDGE_CURVE('',#6418,#6415,#7954,.T.);
#5115=EDGE_CURVE('',#6131,#6388,#7955,.T.);
#5116=EDGE_CURVE('',#6390,#6128,#7956,.T.);
#5117=EDGE_CURVE('',#6127,#6419,#7957,.T.);
#5118=EDGE_CURVE('',#6419,#6420,#7958,.T.);
#5119=EDGE_CURVE('',#6354,#6420,#7959,.T.);
#5120=EDGE_CURVE('',#6228,#6353,#7960,.T.);
#5121=EDGE_CURVE('',#6322,#6227,#7961,.T.);
#5122=EDGE_CURVE('',#6312,#6321,#7962,.T.);
#5123=EDGE_CURVE('',#6324,#6311,#7963,.T.);
#5124=EDGE_CURVE('',#6300,#6323,#7964,.T.);
#5125=EDGE_CURVE('',#6328,#6299,#7965,.T.);
#5126=EDGE_CURVE('',#6288,#6327,#7966,.T.);
#5127=EDGE_CURVE('',#6332,#6287,#7967,.T.);
#5128=EDGE_CURVE('',#6276,#6331,#7968,.T.);
#5129=EDGE_CURVE('',#6336,#6275,#7969,.T.);
#5130=EDGE_CURVE('',#6264,#6335,#7970,.T.);
#5131=EDGE_CURVE('',#6340,#6263,#7971,.T.);
#5132=EDGE_CURVE('',#6252,#6339,#7972,.T.);
#5133=EDGE_CURVE('',#6344,#6251,#7973,.T.);
#5134=EDGE_CURVE('',#6240,#6343,#7974,.T.);
#5135=EDGE_CURVE('',#6348,#6239,#7975,.T.);
#5136=EDGE_CURVE('',#6347,#6417,#7976,.T.);
#5137=EDGE_CURVE('',#6416,#6156,#7977,.T.);
#5138=EDGE_CURVE('',#6155,#6413,#7978,.T.);
#5139=EDGE_CURVE('',#6412,#6152,#7979,.T.);
#5140=EDGE_CURVE('',#6151,#6409,#7980,.T.);
#5141=EDGE_CURVE('',#6408,#6148,#7981,.T.);
#5142=EDGE_CURVE('',#6147,#6405,#7982,.T.);
#5143=EDGE_CURVE('',#6404,#6144,#7983,.T.);
#5144=EDGE_CURVE('',#6143,#6401,#7984,.T.);
#5145=EDGE_CURVE('',#6400,#6140,#7985,.T.);
#5146=EDGE_CURVE('',#6139,#6397,#7986,.T.);
#5147=EDGE_CURVE('',#6396,#6136,#7987,.T.);
#5148=EDGE_CURVE('',#6135,#6393,#7988,.T.);
#5149=EDGE_CURVE('',#6392,#6132,#7989,.T.);
#5150=EDGE_CURVE('',#6118,#6355,#7990,.T.);
#5151=EDGE_CURVE('',#6359,#6117,#7991,.T.);
#5152=EDGE_CURVE('',#6114,#6362,#7992,.T.);
#5153=EDGE_CURVE('',#6363,#6113,#7993,.T.);
#5154=EDGE_CURVE('',#6110,#6366,#7994,.T.);
#5155=EDGE_CURVE('',#6367,#6109,#7995,.T.);
#5156=EDGE_CURVE('',#6106,#6370,#7996,.T.);
#5157=EDGE_CURVE('',#6371,#6105,#7997,.T.);
#5158=EDGE_CURVE('',#6102,#6374,#7998,.T.);
#5159=EDGE_CURVE('',#6375,#6101,#7999,.T.);
#5160=EDGE_CURVE('',#6098,#6378,#8000,.T.);
#5161=EDGE_CURVE('',#6379,#6097,#8001,.T.);
#5162=EDGE_CURVE('',#6094,#6382,#8002,.T.);
#5163=EDGE_CURVE('',#6383,#6093,#8003,.T.);
#5164=EDGE_CURVE('',#6350,#6386,#8004,.T.);
#5165=EDGE_CURVE('',#6349,#6242,#8005,.T.);
#5166=EDGE_CURVE('',#6241,#6346,#8006,.T.);
#5167=EDGE_CURVE('',#6345,#6254,#8007,.T.);
#5168=EDGE_CURVE('',#6253,#6342,#8008,.T.);
#5169=EDGE_CURVE('',#6341,#6266,#8009,.T.);
#5170=EDGE_CURVE('',#6265,#6338,#8010,.T.);
#5171=EDGE_CURVE('',#6337,#6278,#8011,.T.);
#5172=EDGE_CURVE('',#6277,#6334,#8012,.T.);
#5173=EDGE_CURVE('',#6333,#6290,#8013,.T.);
#5174=EDGE_CURVE('',#6289,#6330,#8014,.T.);
#5175=EDGE_CURVE('',#6329,#6302,#8015,.T.);
#5176=EDGE_CURVE('',#6301,#6326,#8016,.T.);
#5177=EDGE_CURVE('',#6325,#6314,#8017,.T.);
#5178=EDGE_CURVE('',#6313,#6320,#8018,.T.);
#5179=EDGE_CURVE('',#6319,#6230,#8019,.T.);
#5180=EDGE_CURVE('',#6229,#6352,#8020,.T.);
#5181=EDGE_CURVE('',#6351,#6421,#8021,.T.);
#5182=EDGE_CURVE('',#6421,#6422,#8022,.T.);
#5183=EDGE_CURVE('',#6122,#6422,#8023,.T.);
#5184=EDGE_CURVE('',#6357,#6121,#8024,.T.);
#5185=EDGE_CURVE('',#6119,#6356,#8025,.T.);
#5186=EDGE_CURVE('',#6358,#6120,#8026,.T.);
#5187=EDGE_CURVE('',#6360,#6116,#8027,.T.);
#5188=EDGE_CURVE('',#6115,#6361,#8028,.T.);
#5189=EDGE_CURVE('',#6364,#6112,#8029,.T.);
#5190=EDGE_CURVE('',#6111,#6365,#8030,.T.);
#5191=EDGE_CURVE('',#6368,#6108,#8031,.T.);
#5192=EDGE_CURVE('',#6107,#6369,#8032,.T.);
#5193=EDGE_CURVE('',#6372,#6104,#8033,.T.);
#5194=EDGE_CURVE('',#6103,#6373,#8034,.T.);
#5195=EDGE_CURVE('',#6376,#6100,#8035,.T.);
#5196=EDGE_CURVE('',#6099,#6377,#8036,.T.);
#5197=EDGE_CURVE('',#6380,#6096,#8037,.T.);
#5198=EDGE_CURVE('',#6095,#6381,#8038,.T.);
#5199=EDGE_CURVE('',#6384,#6092,#8039,.T.);
#5200=EDGE_CURVE('',#6091,#6385,#8040,.T.);
#5201=EDGE_CURVE('',#6387,#6130,#8041,.T.);
#5202=EDGE_CURVE('',#6129,#6389,#8042,.T.);
#5203=EDGE_CURVE('',#6133,#6391,#8043,.T.);
#5204=EDGE_CURVE('',#6394,#6134,#8044,.T.);
#5205=EDGE_CURVE('',#6137,#6395,#8045,.T.);
#5206=EDGE_CURVE('',#6398,#6138,#8046,.T.);
#5207=EDGE_CURVE('',#6141,#6399,#8047,.T.);
#5208=EDGE_CURVE('',#6402,#6142,#8048,.T.);
#5209=EDGE_CURVE('',#6145,#6403,#8049,.T.);
#5210=EDGE_CURVE('',#6406,#6146,#8050,.T.);
#5211=EDGE_CURVE('',#6149,#6407,#8051,.T.);
#5212=EDGE_CURVE('',#6410,#6150,#8052,.T.);
#5213=EDGE_CURVE('',#6153,#6411,#8053,.T.);
#5214=EDGE_CURVE('',#6414,#6154,#8054,.T.);
#5215=EDGE_CURVE('',#6157,#6415,#8055,.T.);
#5216=EDGE_CURVE('',#6418,#6158,#8056,.T.);
#5217=EDGE_CURVE('',#6422,#6423,#8057,.T.);
#5218=EDGE_CURVE('',#6424,#6421,#8058,.T.);
#5219=EDGE_CURVE('',#6423,#6424,#8059,.T.);
#5220=EDGE_CURVE('',#6425,#6419,#8060,.T.);
#5221=EDGE_CURVE('',#6425,#6426,#8061,.T.);
#5222=EDGE_CURVE('',#6420,#6426,#8062,.T.);
#5223=EDGE_CURVE('',#6123,#6423,#8063,.T.);
#5224=EDGE_CURVE('',#6124,#6424,#8064,.T.);
#5225=EDGE_CURVE('',#6425,#6126,#8065,.T.);
#5226=EDGE_CURVE('',#6426,#6125,#8066,.T.);
#5227=EDGE_CURVE('',#6223,#6160,#8067,.T.);
#5228=EDGE_CURVE('',#6224,#6161,#8068,.T.);
#5229=EDGE_CURVE('',#6226,#6162,#8069,.T.);
#5230=EDGE_CURVE('',#6225,#6159,#8070,.T.);
#5231=EDGE_CURVE('',#6307,#6212,#8071,.T.);
#5232=EDGE_CURVE('',#6308,#6213,#8072,.T.);
#5233=EDGE_CURVE('',#6310,#6214,#8073,.T.);
#5234=EDGE_CURVE('',#6309,#6211,#8074,.T.);
#5235=EDGE_CURVE('',#6315,#6216,#8075,.T.);
#5236=EDGE_CURVE('',#6316,#6217,#8076,.T.);
#5237=EDGE_CURVE('',#6318,#6218,#8077,.T.);
#5238=EDGE_CURVE('',#6317,#6215,#8078,.T.);
#5239=EDGE_CURVE('',#6295,#6204,#8079,.T.);
#5240=EDGE_CURVE('',#6296,#6205,#8080,.T.);
#5241=EDGE_CURVE('',#6298,#6206,#8081,.T.);
#5242=EDGE_CURVE('',#6297,#6203,#8082,.T.);
#5243=EDGE_CURVE('',#6303,#6208,#8083,.T.);
#5244=EDGE_CURVE('',#6304,#6209,#8084,.T.);
#5245=EDGE_CURVE('',#6306,#6210,#8085,.T.);
#5246=EDGE_CURVE('',#6305,#6207,#8086,.T.);
#5247=EDGE_CURVE('',#6283,#6196,#8087,.T.);
#5248=EDGE_CURVE('',#6284,#6197,#8088,.T.);
#5249=EDGE_CURVE('',#6286,#6198,#8089,.T.);
#5250=EDGE_CURVE('',#6285,#6195,#8090,.T.);
#5251=EDGE_CURVE('',#6291,#6200,#8091,.T.);
#5252=EDGE_CURVE('',#6292,#6201,#8092,.T.);
#5253=EDGE_CURVE('',#6294,#6202,#8093,.T.);
#5254=EDGE_CURVE('',#6293,#6199,#8094,.T.);
#5255=EDGE_CURVE('',#6271,#6188,#8095,.T.);
#5256=EDGE_CURVE('',#6272,#6189,#8096,.T.);
#5257=EDGE_CURVE('',#6274,#6190,#8097,.T.);
#5258=EDGE_CURVE('',#6273,#6187,#8098,.T.);
#5259=EDGE_CURVE('',#6279,#6192,#8099,.T.);
#5260=EDGE_CURVE('',#6280,#6193,#8100,.T.);
#5261=EDGE_CURVE('',#6282,#6194,#8101,.T.);
#5262=EDGE_CURVE('',#6281,#6191,#8102,.T.);
#5263=EDGE_CURVE('',#6259,#6180,#8103,.T.);
#5264=EDGE_CURVE('',#6260,#6181,#8104,.T.);
#5265=EDGE_CURVE('',#6262,#6182,#8105,.T.);
#5266=EDGE_CURVE('',#6261,#6179,#8106,.T.);
#5267=EDGE_CURVE('',#6267,#6184,#8107,.T.);
#5268=EDGE_CURVE('',#6268,#6185,#8108,.T.);
#5269=EDGE_CURVE('',#6270,#6186,#8109,.T.);
#5270=EDGE_CURVE('',#6269,#6183,#8110,.T.);
#5271=EDGE_CURVE('',#6247,#6172,#8111,.T.);
#5272=EDGE_CURVE('',#6248,#6173,#8112,.T.);
#5273=EDGE_CURVE('',#6250,#6174,#8113,.T.);
#5274=EDGE_CURVE('',#6249,#6171,#8114,.T.);
#5275=EDGE_CURVE('',#6255,#6176,#8115,.T.);
#5276=EDGE_CURVE('',#6256,#6177,#8116,.T.);
#5277=EDGE_CURVE('',#6258,#6178,#8117,.T.);
#5278=EDGE_CURVE('',#6257,#6175,#8118,.T.);
#5279=EDGE_CURVE('',#6235,#6164,#8119,.T.);
#5280=EDGE_CURVE('',#6236,#6165,#8120,.T.);
#5281=EDGE_CURVE('',#6238,#6166,#8121,.T.);
#5282=EDGE_CURVE('',#6237,#6163,#8122,.T.);
#5283=EDGE_CURVE('',#6243,#6168,#8123,.T.);
#5284=EDGE_CURVE('',#6244,#6169,#8124,.T.);
#5285=EDGE_CURVE('',#6246,#6170,#8125,.T.);
#5286=EDGE_CURVE('',#6245,#6167,#8126,.T.);
#5287=EDGE_CURVE('',#6231,#6220,#8127,.T.);
#5288=EDGE_CURVE('',#6232,#6221,#8128,.T.);
#5289=EDGE_CURVE('',#6234,#6222,#8129,.T.);
#5290=EDGE_CURVE('',#6233,#6219,#8130,.T.);
#5291=VERTEX_POINT('',#16437);
#5292=VERTEX_POINT('',#16438);
#5293=VERTEX_POINT('',#16440);
#5294=VERTEX_POINT('',#16442);
#5295=VERTEX_POINT('',#16446);
#5296=VERTEX_POINT('',#16447);
#5297=VERTEX_POINT('',#16449);
#5298=VERTEX_POINT('',#16451);
#5299=VERTEX_POINT('',#16455);
#5300=VERTEX_POINT('',#16456);
#5301=VERTEX_POINT('',#16458);
#5302=VERTEX_POINT('',#16460);
#5303=VERTEX_POINT('',#16464);
#5304=VERTEX_POINT('',#16465);
#5305=VERTEX_POINT('',#16467);
#5306=VERTEX_POINT('',#16469);
#5307=VERTEX_POINT('',#16473);
#5308=VERTEX_POINT('',#16474);
#5309=VERTEX_POINT('',#16476);
#5310=VERTEX_POINT('',#16478);
#5311=VERTEX_POINT('',#16482);
#5312=VERTEX_POINT('',#16483);
#5313=VERTEX_POINT('',#16485);
#5314=VERTEX_POINT('',#16487);
#5315=VERTEX_POINT('',#16491);
#5316=VERTEX_POINT('',#16492);
#5317=VERTEX_POINT('',#16494);
#5318=VERTEX_POINT('',#16496);
#5319=VERTEX_POINT('',#16500);
#5320=VERTEX_POINT('',#16501);
#5321=VERTEX_POINT('',#16503);
#5322=VERTEX_POINT('',#16505);
#5323=VERTEX_POINT('',#16509);
#5324=VERTEX_POINT('',#16510);
#5325=VERTEX_POINT('',#16512);
#5326=VERTEX_POINT('',#16514);
#5327=VERTEX_POINT('',#16518);
#5328=VERTEX_POINT('',#16519);
#5329=VERTEX_POINT('',#16521);
#5330=VERTEX_POINT('',#16523);
#5331=VERTEX_POINT('',#16527);
#5332=VERTEX_POINT('',#16528);
#5333=VERTEX_POINT('',#16530);
#5334=VERTEX_POINT('',#16532);
#5335=VERTEX_POINT('',#16536);
#5336=VERTEX_POINT('',#16537);
#5337=VERTEX_POINT('',#16539);
#5338=VERTEX_POINT('',#16541);
#5339=VERTEX_POINT('',#16545);
#5340=VERTEX_POINT('',#16546);
#5341=VERTEX_POINT('',#16548);
#5342=VERTEX_POINT('',#16550);
#5343=VERTEX_POINT('',#16554);
#5344=VERTEX_POINT('',#16555);
#5345=VERTEX_POINT('',#16557);
#5346=VERTEX_POINT('',#16559);
#5347=VERTEX_POINT('',#16563);
#5348=VERTEX_POINT('',#16564);
#5349=VERTEX_POINT('',#16566);
#5350=VERTEX_POINT('',#16568);
#5351=VERTEX_POINT('',#16572);
#5352=VERTEX_POINT('',#16573);
#5353=VERTEX_POINT('',#16575);
#5354=VERTEX_POINT('',#16577);
#5355=VERTEX_POINT('',#16581);
#5356=VERTEX_POINT('',#16582);
#5357=VERTEX_POINT('',#16584);
#5358=VERTEX_POINT('',#16586);
#5359=VERTEX_POINT('',#16590);
#5360=VERTEX_POINT('',#16591);
#5361=VERTEX_POINT('',#16593);
#5362=VERTEX_POINT('',#16595);
#5363=VERTEX_POINT('',#16599);
#5364=VERTEX_POINT('',#16601);
#5365=VERTEX_POINT('',#16604);
#5366=VERTEX_POINT('',#16606);
#5367=VERTEX_POINT('',#16609);
#5368=VERTEX_POINT('',#16611);
#5369=VERTEX_POINT('',#16614);
#5370=VERTEX_POINT('',#16616);
#5371=VERTEX_POINT('',#16619);
#5372=VERTEX_POINT('',#16621);
#5373=VERTEX_POINT('',#16624);
#5374=VERTEX_POINT('',#16626);
#5375=VERTEX_POINT('',#16629);
#5376=VERTEX_POINT('',#16631);
#5377=VERTEX_POINT('',#16634);
#5378=VERTEX_POINT('',#16636);
#5379=VERTEX_POINT('',#16639);
#5380=VERTEX_POINT('',#16641);
#5381=VERTEX_POINT('',#16645);
#5382=VERTEX_POINT('',#16647);
#5383=VERTEX_POINT('',#16649);
#5384=VERTEX_POINT('',#16652);
#5385=VERTEX_POINT('',#16654);
#5386=VERTEX_POINT('',#16657);
#5387=VERTEX_POINT('',#16659);
#5388=VERTEX_POINT('',#16662);
#5389=VERTEX_POINT('',#16664);
#5390=VERTEX_POINT('',#16667);
#5391=VERTEX_POINT('',#16669);
#5392=VERTEX_POINT('',#16672);
#5393=VERTEX_POINT('',#16674);
#5394=VERTEX_POINT('',#16677);
#5395=VERTEX_POINT('',#16679);
#5396=VERTEX_POINT('',#16682);
#5397=VERTEX_POINT('',#16684);
#5398=VERTEX_POINT('',#16687);
#5399=VERTEX_POINT('',#16691);
#5400=VERTEX_POINT('',#16693);
#5401=VERTEX_POINT('',#16697);
#5402=VERTEX_POINT('',#16698);
#5403=VERTEX_POINT('',#16703);
#5404=VERTEX_POINT('',#16704);
#5405=VERTEX_POINT('',#16709);
#5406=VERTEX_POINT('',#16710);
#5407=VERTEX_POINT('',#16715);
#5408=VERTEX_POINT('',#16716);
#5409=VERTEX_POINT('',#16721);
#5410=VERTEX_POINT('',#16722);
#5411=VERTEX_POINT('',#16727);
#5412=VERTEX_POINT('',#16728);
#5413=VERTEX_POINT('',#16733);
#5414=VERTEX_POINT('',#16734);
#5415=VERTEX_POINT('',#16739);
#5416=VERTEX_POINT('',#16740);
#5417=VERTEX_POINT('',#16745);
#5418=VERTEX_POINT('',#16746);
#5419=VERTEX_POINT('',#16751);
#5420=VERTEX_POINT('',#16753);
#5421=VERTEX_POINT('',#16757);
#5422=VERTEX_POINT('',#16759);
#5423=VERTEX_POINT('',#16763);
#5424=VERTEX_POINT('',#16765);
#5425=VERTEX_POINT('',#16769);
#5426=VERTEX_POINT('',#16771);
#5427=VERTEX_POINT('',#16775);
#5428=VERTEX_POINT('',#16777);
#5429=VERTEX_POINT('',#16781);
#5430=VERTEX_POINT('',#16783);
#5431=VERTEX_POINT('',#16787);
#5432=VERTEX_POINT('',#16789);
#5433=VERTEX_POINT('',#16793);
#5434=VERTEX_POINT('',#16795);
#5435=VERTEX_POINT('',#16805);
#5436=VERTEX_POINT('',#16806);
#5437=VERTEX_POINT('',#16808);
#5438=VERTEX_POINT('',#16810);
#5439=VERTEX_POINT('',#16814);
#5440=VERTEX_POINT('',#16816);
#5441=VERTEX_POINT('',#16820);
#5442=VERTEX_POINT('',#16822);
#5443=VERTEX_POINT('',#16826);
#5444=VERTEX_POINT('',#16827);
#5445=VERTEX_POINT('',#16829);
#5446=VERTEX_POINT('',#16831);
#5447=VERTEX_POINT('',#16835);
#5448=VERTEX_POINT('',#16837);
#5449=VERTEX_POINT('',#16841);
#5450=VERTEX_POINT('',#16843);
#5451=VERTEX_POINT('',#16847);
#5452=VERTEX_POINT('',#16848);
#5453=VERTEX_POINT('',#16850);
#5454=VERTEX_POINT('',#16852);
#5455=VERTEX_POINT('',#16856);
#5456=VERTEX_POINT('',#16858);
#5457=VERTEX_POINT('',#16862);
#5458=VERTEX_POINT('',#16864);
#5459=VERTEX_POINT('',#16868);
#5460=VERTEX_POINT('',#16869);
#5461=VERTEX_POINT('',#16871);
#5462=VERTEX_POINT('',#16873);
#5463=VERTEX_POINT('',#16877);
#5464=VERTEX_POINT('',#16879);
#5465=VERTEX_POINT('',#16883);
#5466=VERTEX_POINT('',#16885);
#5467=VERTEX_POINT('',#16889);
#5468=VERTEX_POINT('',#16890);
#5469=VERTEX_POINT('',#16892);
#5470=VERTEX_POINT('',#16894);
#5471=VERTEX_POINT('',#16898);
#5472=VERTEX_POINT('',#16900);
#5473=VERTEX_POINT('',#16904);
#5474=VERTEX_POINT('',#16906);
#5475=VERTEX_POINT('',#16910);
#5476=VERTEX_POINT('',#16911);
#5477=VERTEX_POINT('',#16913);
#5478=VERTEX_POINT('',#16915);
#5479=VERTEX_POINT('',#16919);
#5480=VERTEX_POINT('',#16921);
#5481=VERTEX_POINT('',#16925);
#5482=VERTEX_POINT('',#16927);
#5483=VERTEX_POINT('',#16931);
#5484=VERTEX_POINT('',#16932);
#5485=VERTEX_POINT('',#16934);
#5486=VERTEX_POINT('',#16936);
#5487=VERTEX_POINT('',#16940);
#5488=VERTEX_POINT('',#16942);
#5489=VERTEX_POINT('',#16946);
#5490=VERTEX_POINT('',#16948);
#5491=VERTEX_POINT('',#16952);
#5492=VERTEX_POINT('',#16953);
#5493=VERTEX_POINT('',#16955);
#5494=VERTEX_POINT('',#16957);
#5495=VERTEX_POINT('',#16961);
#5496=VERTEX_POINT('',#16963);
#5497=VERTEX_POINT('',#16967);
#5498=VERTEX_POINT('',#16969);
#5499=VERTEX_POINT('',#16973);
#5500=VERTEX_POINT('',#16974);
#5501=VERTEX_POINT('',#16976);
#5502=VERTEX_POINT('',#16978);
#5503=VERTEX_POINT('',#16982);
#5504=VERTEX_POINT('',#16984);
#5505=VERTEX_POINT('',#16988);
#5506=VERTEX_POINT('',#16990);
#5507=VERTEX_POINT('',#16994);
#5508=VERTEX_POINT('',#16995);
#5509=VERTEX_POINT('',#16997);
#5510=VERTEX_POINT('',#16999);
#5511=VERTEX_POINT('',#17003);
#5512=VERTEX_POINT('',#17005);
#5513=VERTEX_POINT('',#17009);
#5514=VERTEX_POINT('',#17011);
#5515=VERTEX_POINT('',#17015);
#5516=VERTEX_POINT('',#17016);
#5517=VERTEX_POINT('',#17018);
#5518=VERTEX_POINT('',#17020);
#5519=VERTEX_POINT('',#17024);
#5520=VERTEX_POINT('',#17026);
#5521=VERTEX_POINT('',#17030);
#5522=VERTEX_POINT('',#17032);
#5523=VERTEX_POINT('',#17036);
#5524=VERTEX_POINT('',#17037);
#5525=VERTEX_POINT('',#17039);
#5526=VERTEX_POINT('',#17041);
#5527=VERTEX_POINT('',#17045);
#5528=VERTEX_POINT('',#17047);
#5529=VERTEX_POINT('',#17051);
#5530=VERTEX_POINT('',#17053);
#5531=VERTEX_POINT('',#17057);
#5532=VERTEX_POINT('',#17058);
#5533=VERTEX_POINT('',#17060);
#5534=VERTEX_POINT('',#17062);
#5535=VERTEX_POINT('',#17066);
#5536=VERTEX_POINT('',#17068);
#5537=VERTEX_POINT('',#17072);
#5538=VERTEX_POINT('',#17074);
#5539=VERTEX_POINT('',#17078);
#5540=VERTEX_POINT('',#17079);
#5541=VERTEX_POINT('',#17081);
#5542=VERTEX_POINT('',#17083);
#5543=VERTEX_POINT('',#17087);
#5544=VERTEX_POINT('',#17089);
#5545=VERTEX_POINT('',#17093);
#5546=VERTEX_POINT('',#17095);
#5547=VERTEX_POINT('',#17099);
#5548=VERTEX_POINT('',#17100);
#5549=VERTEX_POINT('',#17102);
#5550=VERTEX_POINT('',#17104);
#5551=VERTEX_POINT('',#17108);
#5552=VERTEX_POINT('',#17110);
#5553=VERTEX_POINT('',#17114);
#5554=VERTEX_POINT('',#17116);
#5555=VERTEX_POINT('',#17120);
#5556=VERTEX_POINT('',#17121);
#5557=VERTEX_POINT('',#17123);
#5558=VERTEX_POINT('',#17125);
#5559=VERTEX_POINT('',#17129);
#5560=VERTEX_POINT('',#17131);
#5561=VERTEX_POINT('',#17135);
#5562=VERTEX_POINT('',#17137);
#5563=VERTEX_POINT('',#17272);
#5564=VERTEX_POINT('',#17273);
#5565=VERTEX_POINT('',#17275);
#5566=VERTEX_POINT('',#17277);
#5567=VERTEX_POINT('',#17281);
#5568=VERTEX_POINT('',#17283);
#5569=VERTEX_POINT('',#17287);
#5570=VERTEX_POINT('',#17289);
#5571=VERTEX_POINT('',#17296);
#5572=VERTEX_POINT('',#17297);
#5573=VERTEX_POINT('',#17299);
#5574=VERTEX_POINT('',#17301);
#5575=VERTEX_POINT('',#17305);
#5576=VERTEX_POINT('',#17306);
#5577=VERTEX_POINT('',#17308);
#5578=VERTEX_POINT('',#17310);
#5579=VERTEX_POINT('',#17314);
#5580=VERTEX_POINT('',#17315);
#5581=VERTEX_POINT('',#17317);
#5582=VERTEX_POINT('',#17319);
#5583=VERTEX_POINT('',#17323);
#5584=VERTEX_POINT('',#17324);
#5585=VERTEX_POINT('',#17326);
#5586=VERTEX_POINT('',#17328);
#5587=VERTEX_POINT('',#17332);
#5588=VERTEX_POINT('',#17333);
#5589=VERTEX_POINT('',#17335);
#5590=VERTEX_POINT('',#17337);
#5591=VERTEX_POINT('',#17341);
#5592=VERTEX_POINT('',#17342);
#5593=VERTEX_POINT('',#17344);
#5594=VERTEX_POINT('',#17346);
#5595=VERTEX_POINT('',#17350);
#5596=VERTEX_POINT('',#17351);
#5597=VERTEX_POINT('',#17353);
#5598=VERTEX_POINT('',#17355);
#5599=VERTEX_POINT('',#17359);
#5600=VERTEX_POINT('',#17360);
#5601=VERTEX_POINT('',#17362);
#5602=VERTEX_POINT('',#17364);
#5603=VERTEX_POINT('',#17368);
#5604=VERTEX_POINT('',#17369);
#5605=VERTEX_POINT('',#17371);
#5606=VERTEX_POINT('',#17373);
#5607=VERTEX_POINT('',#17377);
#5608=VERTEX_POINT('',#17378);
#5609=VERTEX_POINT('',#17380);
#5610=VERTEX_POINT('',#17382);
#5611=VERTEX_POINT('',#17386);
#5612=VERTEX_POINT('',#17387);
#5613=VERTEX_POINT('',#17389);
#5614=VERTEX_POINT('',#17391);
#5615=VERTEX_POINT('',#17395);
#5616=VERTEX_POINT('',#17396);
#5617=VERTEX_POINT('',#17398);
#5618=VERTEX_POINT('',#17400);
#5619=VERTEX_POINT('',#17404);
#5620=VERTEX_POINT('',#17405);
#5621=VERTEX_POINT('',#17407);
#5622=VERTEX_POINT('',#17409);
#5623=VERTEX_POINT('',#17413);
#5624=VERTEX_POINT('',#17414);
#5625=VERTEX_POINT('',#17416);
#5626=VERTEX_POINT('',#17418);
#5627=VERTEX_POINT('',#17422);
#5628=VERTEX_POINT('',#17423);
#5629=VERTEX_POINT('',#17425);
#5630=VERTEX_POINT('',#17427);
#5631=VERTEX_POINT('',#17431);
#5632=VERTEX_POINT('',#17432);
#5633=VERTEX_POINT('',#17434);
#5634=VERTEX_POINT('',#17436);
#5635=VERTEX_POINT('',#17440);
#5636=VERTEX_POINT('',#17441);
#5637=VERTEX_POINT('',#17443);
#5638=VERTEX_POINT('',#17445);
#5639=VERTEX_POINT('',#17449);
#5640=VERTEX_POINT('',#17450);
#5641=VERTEX_POINT('',#17452);
#5642=VERTEX_POINT('',#17454);
#5643=VERTEX_POINT('',#17458);
#5644=VERTEX_POINT('',#17459);
#5645=VERTEX_POINT('',#17461);
#5646=VERTEX_POINT('',#17463);
#5647=VERTEX_POINT('',#17467);
#5648=VERTEX_POINT('',#17468);
#5649=VERTEX_POINT('',#17470);
#5650=VERTEX_POINT('',#17472);
#5651=VERTEX_POINT('',#17476);
#5652=VERTEX_POINT('',#17477);
#5653=VERTEX_POINT('',#17479);
#5654=VERTEX_POINT('',#17481);
#5655=VERTEX_POINT('',#17485);
#5656=VERTEX_POINT('',#17486);
#5657=VERTEX_POINT('',#17488);
#5658=VERTEX_POINT('',#17490);
#5659=VERTEX_POINT('',#17494);
#5660=VERTEX_POINT('',#17495);
#5661=VERTEX_POINT('',#17497);
#5662=VERTEX_POINT('',#17499);
#5663=VERTEX_POINT('',#17503);
#5664=VERTEX_POINT('',#17504);
#5665=VERTEX_POINT('',#17506);
#5666=VERTEX_POINT('',#17508);
#5667=VERTEX_POINT('',#17512);
#5668=VERTEX_POINT('',#17513);
#5669=VERTEX_POINT('',#17515);
#5670=VERTEX_POINT('',#17517);
#5671=VERTEX_POINT('',#17521);
#5672=VERTEX_POINT('',#17522);
#5673=VERTEX_POINT('',#17524);
#5674=VERTEX_POINT('',#17526);
#5675=VERTEX_POINT('',#17530);
#5676=VERTEX_POINT('',#17531);
#5677=VERTEX_POINT('',#17533);
#5678=VERTEX_POINT('',#17535);
#5679=VERTEX_POINT('',#17539);
#5680=VERTEX_POINT('',#17540);
#5681=VERTEX_POINT('',#17542);
#5682=VERTEX_POINT('',#17544);
#5683=VERTEX_POINT('',#17548);
#5684=VERTEX_POINT('',#17549);
#5685=VERTEX_POINT('',#17551);
#5686=VERTEX_POINT('',#17553);
#5687=VERTEX_POINT('',#17557);
#5688=VERTEX_POINT('',#17558);
#5689=VERTEX_POINT('',#17560);
#5690=VERTEX_POINT('',#17562);
#5691=VERTEX_POINT('',#17566);
#5692=VERTEX_POINT('',#17567);
#5693=VERTEX_POINT('',#17569);
#5694=VERTEX_POINT('',#17571);
#5695=VERTEX_POINT('',#17575);
#5696=VERTEX_POINT('',#17576);
#5697=VERTEX_POINT('',#17578);
#5698=VERTEX_POINT('',#17580);
#5699=VERTEX_POINT('',#17584);
#5700=VERTEX_POINT('',#17585);
#5701=VERTEX_POINT('',#17587);
#5702=VERTEX_POINT('',#17589);
#5703=VERTEX_POINT('',#17593);
#5704=VERTEX_POINT('',#17594);
#5705=VERTEX_POINT('',#17596);
#5706=VERTEX_POINT('',#17598);
#5707=VERTEX_POINT('',#17602);
#5708=VERTEX_POINT('',#17603);
#5709=VERTEX_POINT('',#17605);
#5710=VERTEX_POINT('',#17607);
#5711=VERTEX_POINT('',#17611);
#5712=VERTEX_POINT('',#17612);
#5713=VERTEX_POINT('',#17614);
#5714=VERTEX_POINT('',#17616);
#5715=VERTEX_POINT('',#17620);
#5716=VERTEX_POINT('',#17621);
#5717=VERTEX_POINT('',#17623);
#5718=VERTEX_POINT('',#17625);
#5719=VERTEX_POINT('',#17629);
#5720=VERTEX_POINT('',#17630);
#5721=VERTEX_POINT('',#17632);
#5722=VERTEX_POINT('',#17634);
#5723=VERTEX_POINT('',#17638);
#5724=VERTEX_POINT('',#17639);
#5725=VERTEX_POINT('',#17641);
#5726=VERTEX_POINT('',#17643);
#5727=VERTEX_POINT('',#17647);
#5728=VERTEX_POINT('',#17648);
#5729=VERTEX_POINT('',#17650);
#5730=VERTEX_POINT('',#17652);
#5731=VERTEX_POINT('',#17656);
#5732=VERTEX_POINT('',#17657);
#5733=VERTEX_POINT('',#17659);
#5734=VERTEX_POINT('',#17661);
#5735=VERTEX_POINT('',#17665);
#5736=VERTEX_POINT('',#17666);
#5737=VERTEX_POINT('',#17668);
#5738=VERTEX_POINT('',#17670);
#5739=VERTEX_POINT('',#17674);
#5740=VERTEX_POINT('',#17675);
#5741=VERTEX_POINT('',#17677);
#5742=VERTEX_POINT('',#17679);
#5743=VERTEX_POINT('',#17683);
#5744=VERTEX_POINT('',#17684);
#5745=VERTEX_POINT('',#17686);
#5746=VERTEX_POINT('',#17688);
#5747=VERTEX_POINT('',#17692);
#5748=VERTEX_POINT('',#17693);
#5749=VERTEX_POINT('',#17695);
#5750=VERTEX_POINT('',#17697);
#5751=VERTEX_POINT('',#17701);
#5752=VERTEX_POINT('',#17702);
#5753=VERTEX_POINT('',#17704);
#5754=VERTEX_POINT('',#17706);
#5755=VERTEX_POINT('',#17710);
#5756=VERTEX_POINT('',#17711);
#5757=VERTEX_POINT('',#17713);
#5758=VERTEX_POINT('',#17715);
#5759=VERTEX_POINT('',#17719);
#5760=VERTEX_POINT('',#17720);
#5761=VERTEX_POINT('',#17722);
#5762=VERTEX_POINT('',#17724);
#5763=VERTEX_POINT('',#17955);
#5764=VERTEX_POINT('',#17956);
#5765=VERTEX_POINT('',#17958);
#5766=VERTEX_POINT('',#17960);
#5767=VERTEX_POINT('',#17964);
#5768=VERTEX_POINT('',#17966);
#5769=VERTEX_POINT('',#17970);
#5770=VERTEX_POINT('',#17972);
#5771=VERTEX_POINT('',#17979);
#5772=VERTEX_POINT('',#17980);
#5773=VERTEX_POINT('',#17982);
#5774=VERTEX_POINT('',#17984);
#5775=VERTEX_POINT('',#17986);
#5776=VERTEX_POINT('',#17988);
#5777=VERTEX_POINT('',#17990);
#5778=VERTEX_POINT('',#17992);
#5779=VERTEX_POINT('',#17994);
#5780=VERTEX_POINT('',#17996);
#5781=VERTEX_POINT('',#18000);
#5782=VERTEX_POINT('',#18002);
#5783=VERTEX_POINT('',#18006);
#5784=VERTEX_POINT('',#18007);
#5785=VERTEX_POINT('',#18009);
#5786=VERTEX_POINT('',#18012);
#5787=VERTEX_POINT('',#18014);
#5788=VERTEX_POINT('',#18016);
#5789=VERTEX_POINT('',#18018);
#5790=VERTEX_POINT('',#18020);
#5791=VERTEX_POINT('',#18024);
#5792=VERTEX_POINT('',#18025);
#5793=VERTEX_POINT('',#18027);
#5794=VERTEX_POINT('',#18029);
#5795=VERTEX_POINT('',#18031);
#5796=VERTEX_POINT('',#18033);
#5797=VERTEX_POINT('',#18035);
#5798=VERTEX_POINT('',#18037);
#5799=VERTEX_POINT('',#18039);
#5800=VERTEX_POINT('',#18041);
#5801=VERTEX_POINT('',#18045);
#5802=VERTEX_POINT('',#18047);
#5803=VERTEX_POINT('',#18051);
#5804=VERTEX_POINT('',#18052);
#5805=VERTEX_POINT('',#18054);
#5806=VERTEX_POINT('',#18057);
#5807=VERTEX_POINT('',#18059);
#5808=VERTEX_POINT('',#18061);
#5809=VERTEX_POINT('',#18063);
#5810=VERTEX_POINT('',#18065);
#5811=VERTEX_POINT('',#18069);
#5812=VERTEX_POINT('',#18070);
#5813=VERTEX_POINT('',#18072);
#5814=VERTEX_POINT('',#18074);
#5815=VERTEX_POINT('',#18076);
#5816=VERTEX_POINT('',#18078);
#5817=VERTEX_POINT('',#18080);
#5818=VERTEX_POINT('',#18082);
#5819=VERTEX_POINT('',#18084);
#5820=VERTEX_POINT('',#18086);
#5821=VERTEX_POINT('',#18090);
#5822=VERTEX_POINT('',#18092);
#5823=VERTEX_POINT('',#18096);
#5824=VERTEX_POINT('',#18097);
#5825=VERTEX_POINT('',#18099);
#5826=VERTEX_POINT('',#18102);
#5827=VERTEX_POINT('',#18104);
#5828=VERTEX_POINT('',#18106);
#5829=VERTEX_POINT('',#18108);
#5830=VERTEX_POINT('',#18110);
#5831=VERTEX_POINT('',#18114);
#5832=VERTEX_POINT('',#18115);
#5833=VERTEX_POINT('',#18117);
#5834=VERTEX_POINT('',#18119);
#5835=VERTEX_POINT('',#18121);
#5836=VERTEX_POINT('',#18123);
#5837=VERTEX_POINT('',#18125);
#5838=VERTEX_POINT('',#18127);
#5839=VERTEX_POINT('',#18129);
#5840=VERTEX_POINT('',#18131);
#5841=VERTEX_POINT('',#18135);
#5842=VERTEX_POINT('',#18137);
#5843=VERTEX_POINT('',#18141);
#5844=VERTEX_POINT('',#18142);
#5845=VERTEX_POINT('',#18144);
#5846=VERTEX_POINT('',#18147);
#5847=VERTEX_POINT('',#18149);
#5848=VERTEX_POINT('',#18151);
#5849=VERTEX_POINT('',#18153);
#5850=VERTEX_POINT('',#18155);
#5851=VERTEX_POINT('',#18159);
#5852=VERTEX_POINT('',#18160);
#5853=VERTEX_POINT('',#18162);
#5854=VERTEX_POINT('',#18164);
#5855=VERTEX_POINT('',#18166);
#5856=VERTEX_POINT('',#18168);
#5857=VERTEX_POINT('',#18170);
#5858=VERTEX_POINT('',#18172);
#5859=VERTEX_POINT('',#18174);
#5860=VERTEX_POINT('',#18176);
#5861=VERTEX_POINT('',#18180);
#5862=VERTEX_POINT('',#18182);
#5863=VERTEX_POINT('',#18186);
#5864=VERTEX_POINT('',#18187);
#5865=VERTEX_POINT('',#18189);
#5866=VERTEX_POINT('',#18192);
#5867=VERTEX_POINT('',#18194);
#5868=VERTEX_POINT('',#18196);
#5869=VERTEX_POINT('',#18198);
#5870=VERTEX_POINT('',#18200);
#5871=VERTEX_POINT('',#18204);
#5872=VERTEX_POINT('',#18205);
#5873=VERTEX_POINT('',#18207);
#5874=VERTEX_POINT('',#18209);
#5875=VERTEX_POINT('',#18211);
#5876=VERTEX_POINT('',#18213);
#5877=VERTEX_POINT('',#18215);
#5878=VERTEX_POINT('',#18217);
#5879=VERTEX_POINT('',#18219);
#5880=VERTEX_POINT('',#18221);
#5881=VERTEX_POINT('',#18225);
#5882=VERTEX_POINT('',#18227);
#5883=VERTEX_POINT('',#18231);
#5884=VERTEX_POINT('',#18232);
#5885=VERTEX_POINT('',#18234);
#5886=VERTEX_POINT('',#18237);
#5887=VERTEX_POINT('',#18239);
#5888=VERTEX_POINT('',#18241);
#5889=VERTEX_POINT('',#18243);
#5890=VERTEX_POINT('',#18245);
#5891=VERTEX_POINT('',#18249);
#5892=VERTEX_POINT('',#18250);
#5893=VERTEX_POINT('',#18252);
#5894=VERTEX_POINT('',#18254);
#5895=VERTEX_POINT('',#18256);
#5896=VERTEX_POINT('',#18258);
#5897=VERTEX_POINT('',#18260);
#5898=VERTEX_POINT('',#18262);
#5899=VERTEX_POINT('',#18264);
#5900=VERTEX_POINT('',#18266);
#5901=VERTEX_POINT('',#18270);
#5902=VERTEX_POINT('',#18272);
#5903=VERTEX_POINT('',#18276);
#5904=VERTEX_POINT('',#18277);
#5905=VERTEX_POINT('',#18279);
#5906=VERTEX_POINT('',#18282);
#5907=VERTEX_POINT('',#18284);
#5908=VERTEX_POINT('',#18286);
#5909=VERTEX_POINT('',#18288);
#5910=VERTEX_POINT('',#18290);
#5911=VERTEX_POINT('',#18294);
#5912=VERTEX_POINT('',#18295);
#5913=VERTEX_POINT('',#18297);
#5914=VERTEX_POINT('',#18299);
#5915=VERTEX_POINT('',#18301);
#5916=VERTEX_POINT('',#18303);
#5917=VERTEX_POINT('',#18305);
#5918=VERTEX_POINT('',#18307);
#5919=VERTEX_POINT('',#18309);
#5920=VERTEX_POINT('',#18311);
#5921=VERTEX_POINT('',#18315);
#5922=VERTEX_POINT('',#18317);
#5923=VERTEX_POINT('',#18321);
#5924=VERTEX_POINT('',#18322);
#5925=VERTEX_POINT('',#18324);
#5926=VERTEX_POINT('',#18327);
#5927=VERTEX_POINT('',#18329);
#5928=VERTEX_POINT('',#18331);
#5929=VERTEX_POINT('',#18333);
#5930=VERTEX_POINT('',#18335);
#5931=VERTEX_POINT('',#18339);
#5932=VERTEX_POINT('',#18340);
#5933=VERTEX_POINT('',#18342);
#5934=VERTEX_POINT('',#18344);
#5935=VERTEX_POINT('',#18346);
#5936=VERTEX_POINT('',#18348);
#5937=VERTEX_POINT('',#18350);
#5938=VERTEX_POINT('',#18352);
#5939=VERTEX_POINT('',#18354);
#5940=VERTEX_POINT('',#18356);
#5941=VERTEX_POINT('',#18360);
#5942=VERTEX_POINT('',#18362);
#5943=VERTEX_POINT('',#18366);
#5944=VERTEX_POINT('',#18367);
#5945=VERTEX_POINT('',#18369);
#5946=VERTEX_POINT('',#18372);
#5947=VERTEX_POINT('',#18374);
#5948=VERTEX_POINT('',#18376);
#5949=VERTEX_POINT('',#18378);
#5950=VERTEX_POINT('',#18380);
#5951=VERTEX_POINT('',#18384);
#5952=VERTEX_POINT('',#18385);
#5953=VERTEX_POINT('',#18387);
#5954=VERTEX_POINT('',#18389);
#5955=VERTEX_POINT('',#18391);
#5956=VERTEX_POINT('',#18393);
#5957=VERTEX_POINT('',#18395);
#5958=VERTEX_POINT('',#18397);
#5959=VERTEX_POINT('',#18399);
#5960=VERTEX_POINT('',#18401);
#5961=VERTEX_POINT('',#18405);
#5962=VERTEX_POINT('',#18407);
#5963=VERTEX_POINT('',#18411);
#5964=VERTEX_POINT('',#18412);
#5965=VERTEX_POINT('',#18414);
#5966=VERTEX_POINT('',#18417);
#5967=VERTEX_POINT('',#18419);
#5968=VERTEX_POINT('',#18421);
#5969=VERTEX_POINT('',#18423);
#5970=VERTEX_POINT('',#18425);
#5971=VERTEX_POINT('',#18429);
#5972=VERTEX_POINT('',#18430);
#5973=VERTEX_POINT('',#18432);
#5974=VERTEX_POINT('',#18434);
#5975=VERTEX_POINT('',#18436);
#5976=VERTEX_POINT('',#18438);
#5977=VERTEX_POINT('',#18440);
#5978=VERTEX_POINT('',#18442);
#5979=VERTEX_POINT('',#18444);
#5980=VERTEX_POINT('',#18446);
#5981=VERTEX_POINT('',#18450);
#5982=VERTEX_POINT('',#18452);
#5983=VERTEX_POINT('',#18456);
#5984=VERTEX_POINT('',#18457);
#5985=VERTEX_POINT('',#18459);
#5986=VERTEX_POINT('',#18462);
#5987=VERTEX_POINT('',#18464);
#5988=VERTEX_POINT('',#18466);
#5989=VERTEX_POINT('',#18468);
#5990=VERTEX_POINT('',#18470);
#5991=VERTEX_POINT('',#18474);
#5992=VERTEX_POINT('',#18475);
#5993=VERTEX_POINT('',#18477);
#5994=VERTEX_POINT('',#18479);
#5995=VERTEX_POINT('',#18481);
#5996=VERTEX_POINT('',#18483);
#5997=VERTEX_POINT('',#18485);
#5998=VERTEX_POINT('',#18487);
#5999=VERTEX_POINT('',#18489);
#6000=VERTEX_POINT('',#18491);
#6001=VERTEX_POINT('',#18495);
#6002=VERTEX_POINT('',#18497);
#6003=VERTEX_POINT('',#18501);
#6004=VERTEX_POINT('',#18502);
#6005=VERTEX_POINT('',#18504);
#6006=VERTEX_POINT('',#18507);
#6007=VERTEX_POINT('',#18509);
#6008=VERTEX_POINT('',#18511);
#6009=VERTEX_POINT('',#18513);
#6010=VERTEX_POINT('',#18515);
#6011=VERTEX_POINT('',#18519);
#6012=VERTEX_POINT('',#18520);
#6013=VERTEX_POINT('',#18522);
#6014=VERTEX_POINT('',#18524);
#6015=VERTEX_POINT('',#18526);
#6016=VERTEX_POINT('',#18528);
#6017=VERTEX_POINT('',#18530);
#6018=VERTEX_POINT('',#18532);
#6019=VERTEX_POINT('',#18534);
#6020=VERTEX_POINT('',#18536);
#6021=VERTEX_POINT('',#18540);
#6022=VERTEX_POINT('',#18542);
#6023=VERTEX_POINT('',#18546);
#6024=VERTEX_POINT('',#18547);
#6025=VERTEX_POINT('',#18549);
#6026=VERTEX_POINT('',#18552);
#6027=VERTEX_POINT('',#18554);
#6028=VERTEX_POINT('',#18556);
#6029=VERTEX_POINT('',#18558);
#6030=VERTEX_POINT('',#18560);
#6031=VERTEX_POINT('',#18564);
#6032=VERTEX_POINT('',#18565);
#6033=VERTEX_POINT('',#18567);
#6034=VERTEX_POINT('',#18569);
#6035=VERTEX_POINT('',#18571);
#6036=VERTEX_POINT('',#18573);
#6037=VERTEX_POINT('',#18575);
#6038=VERTEX_POINT('',#18577);
#6039=VERTEX_POINT('',#18579);
#6040=VERTEX_POINT('',#18581);
#6041=VERTEX_POINT('',#18585);
#6042=VERTEX_POINT('',#18587);
#6043=VERTEX_POINT('',#18591);
#6044=VERTEX_POINT('',#18592);
#6045=VERTEX_POINT('',#18594);
#6046=VERTEX_POINT('',#18597);
#6047=VERTEX_POINT('',#18599);
#6048=VERTEX_POINT('',#18601);
#6049=VERTEX_POINT('',#18603);
#6050=VERTEX_POINT('',#18605);
#6051=VERTEX_POINT('',#18609);
#6052=VERTEX_POINT('',#18610);
#6053=VERTEX_POINT('',#18612);
#6054=VERTEX_POINT('',#18614);
#6055=VERTEX_POINT('',#18616);
#6056=VERTEX_POINT('',#18618);
#6057=VERTEX_POINT('',#18620);
#6058=VERTEX_POINT('',#18622);
#6059=VERTEX_POINT('',#18624);
#6060=VERTEX_POINT('',#18626);
#6061=VERTEX_POINT('',#18630);
#6062=VERTEX_POINT('',#18632);
#6063=VERTEX_POINT('',#18636);
#6064=VERTEX_POINT('',#18637);
#6065=VERTEX_POINT('',#18639);
#6066=VERTEX_POINT('',#18642);
#6067=VERTEX_POINT('',#18644);
#6068=VERTEX_POINT('',#18646);
#6069=VERTEX_POINT('',#18648);
#6070=VERTEX_POINT('',#18650);
#6071=VERTEX_POINT('',#18654);
#6072=VERTEX_POINT('',#18655);
#6073=VERTEX_POINT('',#18657);
#6074=VERTEX_POINT('',#18659);
#6075=VERTEX_POINT('',#18661);
#6076=VERTEX_POINT('',#18663);
#6077=VERTEX_POINT('',#18665);
#6078=VERTEX_POINT('',#18667);
#6079=VERTEX_POINT('',#18669);
#6080=VERTEX_POINT('',#18671);
#6081=VERTEX_POINT('',#18675);
#6082=VERTEX_POINT('',#18677);
#6083=VERTEX_POINT('',#18681);
#6084=VERTEX_POINT('',#18682);
#6085=VERTEX_POINT('',#18684);
#6086=VERTEX_POINT('',#18687);
#6087=VERTEX_POINT('',#18689);
#6088=VERTEX_POINT('',#18691);
#6089=VERTEX_POINT('',#18693);
#6090=VERTEX_POINT('',#18695);
#6091=VERTEX_POINT('',#18958);
#6092=VERTEX_POINT('',#18959);
#6093=VERTEX_POINT('',#18961);
#6094=VERTEX_POINT('',#18963);
#6095=VERTEX_POINT('',#18965);
#6096=VERTEX_POINT('',#18967);
#6097=VERTEX_POINT('',#18969);
#6098=VERTEX_POINT('',#18971);
#6099=VERTEX_POINT('',#18973);
#6100=VERTEX_POINT('',#18975);
#6101=VERTEX_POINT('',#18977);
#6102=VERTEX_POINT('',#18979);
#6103=VERTEX_POINT('',#18981);
#6104=VERTEX_POINT('',#18983);
#6105=VERTEX_POINT('',#18985);
#6106=VERTEX_POINT('',#18987);
#6107=VERTEX_POINT('',#18989);
#6108=VERTEX_POINT('',#18991);
#6109=VERTEX_POINT('',#18993);
#6110=VERTEX_POINT('',#18995);
#6111=VERTEX_POINT('',#18997);
#6112=VERTEX_POINT('',#18999);
#6113=VERTEX_POINT('',#19001);
#6114=VERTEX_POINT('',#19003);
#6115=VERTEX_POINT('',#19005);
#6116=VERTEX_POINT('',#19007);
#6117=VERTEX_POINT('',#19009);
#6118=VERTEX_POINT('',#19011);
#6119=VERTEX_POINT('',#19013);
#6120=VERTEX_POINT('',#19015);
#6121=VERTEX_POINT('',#19017);
#6122=VERTEX_POINT('',#19019);
#6123=VERTEX_POINT('',#19021);
#6124=VERTEX_POINT('',#19023);
#6125=VERTEX_POINT('',#19025);
#6126=VERTEX_POINT('',#19027);
#6127=VERTEX_POINT('',#19029);
#6128=VERTEX_POINT('',#19031);
#6129=VERTEX_POINT('',#19033);
#6130=VERTEX_POINT('',#19035);
#6131=VERTEX_POINT('',#19037);
#6132=VERTEX_POINT('',#19039);
#6133=VERTEX_POINT('',#19041);
#6134=VERTEX_POINT('',#19043);
#6135=VERTEX_POINT('',#19045);
#6136=VERTEX_POINT('',#19047);
#6137=VERTEX_POINT('',#19049);
#6138=VERTEX_POINT('',#19051);
#6139=VERTEX_POINT('',#19053);
#6140=VERTEX_POINT('',#19055);
#6141=VERTEX_POINT('',#19057);
#6142=VERTEX_POINT('',#19059);
#6143=VERTEX_POINT('',#19061);
#6144=VERTEX_POINT('',#19063);
#6145=VERTEX_POINT('',#19065);
#6146=VERTEX_POINT('',#19067);
#6147=VERTEX_POINT('',#19069);
#6148=VERTEX_POINT('',#19071);
#6149=VERTEX_POINT('',#19073);
#6150=VERTEX_POINT('',#19075);
#6151=VERTEX_POINT('',#19077);
#6152=VERTEX_POINT('',#19079);
#6153=VERTEX_POINT('',#19081);
#6154=VERTEX_POINT('',#19083);
#6155=VERTEX_POINT('',#19085);
#6156=VERTEX_POINT('',#19087);
#6157=VERTEX_POINT('',#19089);
#6158=VERTEX_POINT('',#19091);
#6159=VERTEX_POINT('',#19094);
#6160=VERTEX_POINT('',#19095);
#6161=VERTEX_POINT('',#19097);
#6162=VERTEX_POINT('',#19099);
#6163=VERTEX_POINT('',#19102);
#6164=VERTEX_POINT('',#19103);
#6165=VERTEX_POINT('',#19105);
#6166=VERTEX_POINT('',#19107);
#6167=VERTEX_POINT('',#19110);
#6168=VERTEX_POINT('',#19111);
#6169=VERTEX_POINT('',#19113);
#6170=VERTEX_POINT('',#19115);
#6171=VERTEX_POINT('',#19118);
#6172=VERTEX_POINT('',#19119);
#6173=VERTEX_POINT('',#19121);
#6174=VERTEX_POINT('',#19123);
#6175=VERTEX_POINT('',#19126);
#6176=VERTEX_POINT('',#19127);
#6177=VERTEX_POINT('',#19129);
#6178=VERTEX_POINT('',#19131);
#6179=VERTEX_POINT('',#19134);
#6180=VERTEX_POINT('',#19135);
#6181=VERTEX_POINT('',#19137);
#6182=VERTEX_POINT('',#19139);
#6183=VERTEX_POINT('',#19142);
#6184=VERTEX_POINT('',#19143);
#6185=VERTEX_POINT('',#19145);
#6186=VERTEX_POINT('',#19147);
#6187=VERTEX_POINT('',#19150);
#6188=VERTEX_POINT('',#19151);
#6189=VERTEX_POINT('',#19153);
#6190=VERTEX_POINT('',#19155);
#6191=VERTEX_POINT('',#19158);
#6192=VERTEX_POINT('',#19159);
#6193=VERTEX_POINT('',#19161);
#6194=VERTEX_POINT('',#19163);
#6195=VERTEX_POINT('',#19166);
#6196=VERTEX_POINT('',#19167);
#6197=VERTEX_POINT('',#19169);
#6198=VERTEX_POINT('',#19171);
#6199=VERTEX_POINT('',#19174);
#6200=VERTEX_POINT('',#19175);
#6201=VERTEX_POINT('',#19177);
#6202=VERTEX_POINT('',#19179);
#6203=VERTEX_POINT('',#19182);
#6204=VERTEX_POINT('',#19183);
#6205=VERTEX_POINT('',#19185);
#6206=VERTEX_POINT('',#19187);
#6207=VERTEX_POINT('',#19190);
#6208=VERTEX_POINT('',#19191);
#6209=VERTEX_POINT('',#19193);
#6210=VERTEX_POINT('',#19195);
#6211=VERTEX_POINT('',#19198);
#6212=VERTEX_POINT('',#19199);
#6213=VERTEX_POINT('',#19201);
#6214=VERTEX_POINT('',#19203);
#6215=VERTEX_POINT('',#19206);
#6216=VERTEX_POINT('',#19207);
#6217=VERTEX_POINT('',#19209);
#6218=VERTEX_POINT('',#19211);
#6219=VERTEX_POINT('',#19214);
#6220=VERTEX_POINT('',#19215);
#6221=VERTEX_POINT('',#19217);
#6222=VERTEX_POINT('',#19219);
#6223=VERTEX_POINT('',#19223);
#6224=VERTEX_POINT('',#19224);
#6225=VERTEX_POINT('',#19226);
#6226=VERTEX_POINT('',#19228);
#6227=VERTEX_POINT('',#19231);
#6228=VERTEX_POINT('',#19232);
#6229=VERTEX_POINT('',#19234);
#6230=VERTEX_POINT('',#19236);
#6231=VERTEX_POINT('',#19239);
#6232=VERTEX_POINT('',#19240);
#6233=VERTEX_POINT('',#19242);
#6234=VERTEX_POINT('',#19244);
#6235=VERTEX_POINT('',#19248);
#6236=VERTEX_POINT('',#19249);
#6237=VERTEX_POINT('',#19251);
#6238=VERTEX_POINT('',#19253);
#6239=VERTEX_POINT('',#19256);
#6240=VERTEX_POINT('',#19257);
#6241=VERTEX_POINT('',#19259);
#6242=VERTEX_POINT('',#19261);
#6243=VERTEX_POINT('',#19264);
#6244=VERTEX_POINT('',#19265);
#6245=VERTEX_POINT('',#19267);
#6246=VERTEX_POINT('',#19269);
#6247=VERTEX_POINT('',#19273);
#6248=VERTEX_POINT('',#19274);
#6249=VERTEX_POINT('',#19276);
#6250=VERTEX_POINT('',#19278);
#6251=VERTEX_POINT('',#19281);
#6252=VERTEX_POINT('',#19282);
#6253=VERTEX_POINT('',#19284);
#6254=VERTEX_POINT('',#19286);
#6255=VERTEX_POINT('',#19289);
#6256=VERTEX_POINT('',#19290);
#6257=VERTEX_POINT('',#19292);
#6258=VERTEX_POINT('',#19294);
#6259=VERTEX_POINT('',#19298);
#6260=VERTEX_POINT('',#19299);
#6261=VERTEX_POINT('',#19301);
#6262=VERTEX_POINT('',#19303);
#6263=VERTEX_POINT('',#19306);
#6264=VERTEX_POINT('',#19307);
#6265=VERTEX_POINT('',#19309);
#6266=VERTEX_POINT('',#19311);
#6267=VERTEX_POINT('',#19314);
#6268=VERTEX_POINT('',#19315);
#6269=VERTEX_POINT('',#19317);
#6270=VERTEX_POINT('',#19319);
#6271=VERTEX_POINT('',#19323);
#6272=VERTEX_POINT('',#19324);
#6273=VERTEX_POINT('',#19326);
#6274=VERTEX_POINT('',#19328);
#6275=VERTEX_POINT('',#19331);
#6276=VERTEX_POINT('',#19332);
#6277=VERTEX_POINT('',#19334);
#6278=VERTEX_POINT('',#19336);
#6279=VERTEX_POINT('',#19339);
#6280=VERTEX_POINT('',#19340);
#6281=VERTEX_POINT('',#19342);
#6282=VERTEX_POINT('',#19344);
#6283=VERTEX_POINT('',#19348);
#6284=VERTEX_POINT('',#19349);
#6285=VERTEX_POINT('',#19351);
#6286=VERTEX_POINT('',#19353);
#6287=VERTEX_POINT('',#19356);
#6288=VERTEX_POINT('',#19357);
#6289=VERTEX_POINT('',#19359);
#6290=VERTEX_POINT('',#19361);
#6291=VERTEX_POINT('',#19364);
#6292=VERTEX_POINT('',#19365);
#6293=VERTEX_POINT('',#19367);
#6294=VERTEX_POINT('',#19369);
#6295=VERTEX_POINT('',#19373);
#6296=VERTEX_POINT('',#19374);
#6297=VERTEX_POINT('',#19376);
#6298=VERTEX_POINT('',#19378);
#6299=VERTEX_POINT('',#19381);
#6300=VERTEX_POINT('',#19382);
#6301=VERTEX_POINT('',#19384);
#6302=VERTEX_POINT('',#19386);
#6303=VERTEX_POINT('',#19389);
#6304=VERTEX_POINT('',#19390);
#6305=VERTEX_POINT('',#19392);
#6306=VERTEX_POINT('',#19394);
#6307=VERTEX_POINT('',#19398);
#6308=VERTEX_POINT('',#19399);
#6309=VERTEX_POINT('',#19401);
#6310=VERTEX_POINT('',#19403);
#6311=VERTEX_POINT('',#19406);
#6312=VERTEX_POINT('',#19407);
#6313=VERTEX_POINT('',#19409);
#6314=VERTEX_POINT('',#19411);
#6315=VERTEX_POINT('',#19414);
#6316=VERTEX_POINT('',#19415);
#6317=VERTEX_POINT('',#19417);
#6318=VERTEX_POINT('',#19419);
#6319=VERTEX_POINT('',#19423);
#6320=VERTEX_POINT('',#19424);
#6321=VERTEX_POINT('',#19426);
#6322=VERTEX_POINT('',#19428);
#6323=VERTEX_POINT('',#19432);
#6324=VERTEX_POINT('',#19433);
#6325=VERTEX_POINT('',#19435);
#6326=VERTEX_POINT('',#19437);
#6327=VERTEX_POINT('',#19441);
#6328=VERTEX_POINT('',#19442);
#6329=VERTEX_POINT('',#19444);
#6330=VERTEX_POINT('',#19446);
#6331=VERTEX_POINT('',#19450);
#6332=VERTEX_POINT('',#19451);
#6333=VERTEX_POINT('',#19453);
#6334=VERTEX_POINT('',#19455);
#6335=VERTEX_POINT('',#19459);
#6336=VERTEX_POINT('',#19460);
#6337=VERTEX_POINT('',#19462);
#6338=VERTEX_POINT('',#19464);
#6339=VERTEX_POINT('',#19468);
#6340=VERTEX_POINT('',#19469);
#6341=VERTEX_POINT('',#19471);
#6342=VERTEX_POINT('',#19473);
#6343=VERTEX_POINT('',#19477);
#6344=VERTEX_POINT('',#19478);
#6345=VERTEX_POINT('',#19480);
#6346=VERTEX_POINT('',#19482);
#6347=VERTEX_POINT('',#19486);
#6348=VERTEX_POINT('',#19487);
#6349=VERTEX_POINT('',#19489);
#6350=VERTEX_POINT('',#19491);
#6351=VERTEX_POINT('',#19495);
#6352=VERTEX_POINT('',#19496);
#6353=VERTEX_POINT('',#19498);
#6354=VERTEX_POINT('',#19500);
#6355=VERTEX_POINT('',#19504);
#6356=VERTEX_POINT('',#19505);
#6357=VERTEX_POINT('',#19507);
#6358=VERTEX_POINT('',#19509);
#6359=VERTEX_POINT('',#19513);
#6360=VERTEX_POINT('',#19514);
#6361=VERTEX_POINT('',#19516);
#6362=VERTEX_POINT('',#19518);
#6363=VERTEX_POINT('',#19522);
#6364=VERTEX_POINT('',#19523);
#6365=VERTEX_POINT('',#19525);
#6366=VERTEX_POINT('',#19527);
#6367=VERTEX_POINT('',#19531);
#6368=VERTEX_POINT('',#19532);
#6369=VERTEX_POINT('',#19534);
#6370=VERTEX_POINT('',#19536);
#6371=VERTEX_POINT('',#19540);
#6372=VERTEX_POINT('',#19541);
#6373=VERTEX_POINT('',#19543);
#6374=VERTEX_POINT('',#19545);
#6375=VERTEX_POINT('',#19549);
#6376=VERTEX_POINT('',#19550);
#6377=VERTEX_POINT('',#19552);
#6378=VERTEX_POINT('',#19554);
#6379=VERTEX_POINT('',#19558);
#6380=VERTEX_POINT('',#19559);
#6381=VERTEX_POINT('',#19561);
#6382=VERTEX_POINT('',#19563);
#6383=VERTEX_POINT('',#19567);
#6384=VERTEX_POINT('',#19568);
#6385=VERTEX_POINT('',#19570);
#6386=VERTEX_POINT('',#19572);
#6387=VERTEX_POINT('',#19576);
#6388=VERTEX_POINT('',#19577);
#6389=VERTEX_POINT('',#19579);
#6390=VERTEX_POINT('',#19581);
#6391=VERTEX_POINT('',#19585);
#6392=VERTEX_POINT('',#19586);
#6393=VERTEX_POINT('',#19588);
#6394=VERTEX_POINT('',#19590);
#6395=VERTEX_POINT('',#19594);
#6396=VERTEX_POINT('',#19595);
#6397=VERTEX_POINT('',#19597);
#6398=VERTEX_POINT('',#19599);
#6399=VERTEX_POINT('',#19603);
#6400=VERTEX_POINT('',#19604);
#6401=VERTEX_POINT('',#19606);
#6402=VERTEX_POINT('',#19608);
#6403=VERTEX_POINT('',#19612);
#6404=VERTEX_POINT('',#19613);
#6405=VERTEX_POINT('',#19615);
#6406=VERTEX_POINT('',#19617);
#6407=VERTEX_POINT('',#19621);
#6408=VERTEX_POINT('',#19622);
#6409=VERTEX_POINT('',#19624);
#6410=VERTEX_POINT('',#19626);
#6411=VERTEX_POINT('',#19630);
#6412=VERTEX_POINT('',#19631);
#6413=VERTEX_POINT('',#19633);
#6414=VERTEX_POINT('',#19635);
#6415=VERTEX_POINT('',#19639);
#6416=VERTEX_POINT('',#19640);
#6417=VERTEX_POINT('',#19642);
#6418=VERTEX_POINT('',#19644);
#6419=VERTEX_POINT('',#19650);
#6420=VERTEX_POINT('',#19652);
#6421=VERTEX_POINT('',#19717);
#6422=VERTEX_POINT('',#19719);
#6423=VERTEX_POINT('',#19772);
#6424=VERTEX_POINT('',#19774);
#6425=VERTEX_POINT('',#19778);
#6426=VERTEX_POINT('',#19780);
#6427=LINE('',#16436,#8131);
#6428=LINE('',#16439,#8132);
#6429=LINE('',#16441,#8133);
#6430=LINE('',#16443,#8134);
#6431=LINE('',#16445,#8135);
#6432=LINE('',#16448,#8136);
#6433=LINE('',#16450,#8137);
#6434=LINE('',#16452,#8138);
#6435=LINE('',#16454,#8139);
#6436=LINE('',#16457,#8140);
#6437=LINE('',#16459,#8141);
#6438=LINE('',#16461,#8142);
#6439=LINE('',#16463,#8143);
#6440=LINE('',#16466,#8144);
#6441=LINE('',#16468,#8145);
#6442=LINE('',#16470,#8146);
#6443=LINE('',#16472,#8147);
#6444=LINE('',#16475,#8148);
#6445=LINE('',#16477,#8149);
#6446=LINE('',#16479,#8150);
#6447=LINE('',#16481,#8151);
#6448=LINE('',#16484,#8152);
#6449=LINE('',#16486,#8153);
#6450=LINE('',#16488,#8154);
#6451=LINE('',#16490,#8155);
#6452=LINE('',#16493,#8156);
#6453=LINE('',#16495,#8157);
#6454=LINE('',#16497,#8158);
#6455=LINE('',#16499,#8159);
#6456=LINE('',#16502,#8160);
#6457=LINE('',#16504,#8161);
#6458=LINE('',#16506,#8162);
#6459=LINE('',#16508,#8163);
#6460=LINE('',#16511,#8164);
#6461=LINE('',#16513,#8165);
#6462=LINE('',#16515,#8166);
#6463=LINE('',#16517,#8167);
#6464=LINE('',#16520,#8168);
#6465=LINE('',#16522,#8169);
#6466=LINE('',#16524,#8170);
#6467=LINE('',#16526,#8171);
#6468=LINE('',#16529,#8172);
#6469=LINE('',#16531,#8173);
#6470=LINE('',#16533,#8174);
#6471=LINE('',#16535,#8175);
#6472=LINE('',#16538,#8176);
#6473=LINE('',#16540,#8177);
#6474=LINE('',#16542,#8178);
#6475=LINE('',#16544,#8179);
#6476=LINE('',#16547,#8180);
#6477=LINE('',#16549,#8181);
#6478=LINE('',#16551,#8182);
#6479=LINE('',#16553,#8183);
#6480=LINE('',#16556,#8184);
#6481=LINE('',#16558,#8185);
#6482=LINE('',#16560,#8186);
#6483=LINE('',#16562,#8187);
#6484=LINE('',#16565,#8188);
#6485=LINE('',#16567,#8189);
#6486=LINE('',#16569,#8190);
#6487=LINE('',#16571,#8191);
#6488=LINE('',#16574,#8192);
#6489=LINE('',#16576,#8193);
#6490=LINE('',#16578,#8194);
#6491=LINE('',#16580,#8195);
#6492=LINE('',#16583,#8196);
#6493=LINE('',#16585,#8197);
#6494=LINE('',#16587,#8198);
#6495=LINE('',#16589,#8199);
#6496=LINE('',#16592,#8200);
#6497=LINE('',#16594,#8201);
#6498=LINE('',#16596,#8202);
#6499=LINE('',#16598,#8203);
#6500=LINE('',#16600,#8204);
#6501=LINE('',#16602,#8205);
#6502=LINE('',#16603,#8206);
#6503=LINE('',#16605,#8207);
#6504=LINE('',#16607,#8208);
#6505=LINE('',#16608,#8209);
#6506=LINE('',#16610,#8210);
#6507=LINE('',#16612,#8211);
#6508=LINE('',#16613,#8212);
#6509=LINE('',#16615,#8213);
#6510=LINE('',#16617,#8214);
#6511=LINE('',#16618,#8215);
#6512=LINE('',#16620,#8216);
#6513=LINE('',#16622,#8217);
#6514=LINE('',#16623,#8218);
#6515=LINE('',#16625,#8219);
#6516=LINE('',#16627,#8220);
#6517=LINE('',#16628,#8221);
#6518=LINE('',#16630,#8222);
#6519=LINE('',#16632,#8223);
#6520=LINE('',#16633,#8224);
#6521=LINE('',#16635,#8225);
#6522=LINE('',#16637,#8226);
#6523=LINE('',#16638,#8227);
#6524=LINE('',#16640,#8228);
#6525=LINE('',#16642,#8229);
#6526=LINE('',#16644,#8230);
#6527=LINE('',#16646,#8231);
#6528=LINE('',#16648,#8232);
#6529=LINE('',#16650,#8233);
#6530=LINE('',#16651,#8234);
#6531=LINE('',#16653,#8235);
#6532=LINE('',#16655,#8236);
#6533=LINE('',#16656,#8237);
#6534=LINE('',#16658,#8238);
#6535=LINE('',#16660,#8239);
#6536=LINE('',#16661,#8240);
#6537=LINE('',#16663,#8241);
#6538=LINE('',#16665,#8242);
#6539=LINE('',#16666,#8243);
#6540=LINE('',#16668,#8244);
#6541=LINE('',#16670,#8245);
#6542=LINE('',#16671,#8246);
#6543=LINE('',#16673,#8247);
#6544=LINE('',#16675,#8248);
#6545=LINE('',#16676,#8249);
#6546=LINE('',#16678,#8250);
#6547=LINE('',#16680,#8251);
#6548=LINE('',#16681,#8252);
#6549=LINE('',#16683,#8253);
#6550=LINE('',#16685,#8254);
#6551=LINE('',#16686,#8255);
#6552=LINE('',#16688,#8256);
#6553=LINE('',#16690,#8257);
#6554=LINE('',#16692,#8258);
#6555=LINE('',#16694,#8259);
#6556=LINE('',#16696,#8260);
#6557=LINE('',#16699,#8261);
#6558=LINE('',#16700,#8262);
#6559=LINE('',#16702,#8263);
#6560=LINE('',#16705,#8264);
#6561=LINE('',#16706,#8265);
#6562=LINE('',#16708,#8266);
#6563=LINE('',#16711,#8267);
#6564=LINE('',#16712,#8268);
#6565=LINE('',#16714,#8269);
#6566=LINE('',#16717,#8270);
#6567=LINE('',#16718,#8271);
#6568=LINE('',#16720,#8272);
#6569=LINE('',#16723,#8273);
#6570=LINE('',#16724,#8274);
#6571=LINE('',#16726,#8275);
#6572=LINE('',#16729,#8276);
#6573=LINE('',#16730,#8277);
#6574=LINE('',#16732,#8278);
#6575=LINE('',#16735,#8279);
#6576=LINE('',#16736,#8280);
#6577=LINE('',#16738,#8281);
#6578=LINE('',#16741,#8282);
#6579=LINE('',#16742,#8283);
#6580=LINE('',#16744,#8284);
#6581=LINE('',#16747,#8285);
#6582=LINE('',#16748,#8286);
#6583=LINE('',#16750,#8287);
#6584=LINE('',#16752,#8288);
#6585=LINE('',#16754,#8289);
#6586=LINE('',#16756,#8290);
#6587=LINE('',#16758,#8291);
#6588=LINE('',#16760,#8292);
#6589=LINE('',#16762,#8293);
#6590=LINE('',#16764,#8294);
#6591=LINE('',#16766,#8295);
#6592=LINE('',#16768,#8296);
#6593=LINE('',#16770,#8297);
#6594=LINE('',#16772,#8298);
#6595=LINE('',#16774,#8299);
#6596=LINE('',#16776,#8300);
#6597=LINE('',#16778,#8301);
#6598=LINE('',#16780,#8302);
#6599=LINE('',#16782,#8303);
#6600=LINE('',#16784,#8304);
#6601=LINE('',#16786,#8305);
#6602=LINE('',#16788,#8306);
#6603=LINE('',#16790,#8307);
#6604=LINE('',#16792,#8308);
#6605=LINE('',#16794,#8309);
#6606=LINE('',#16796,#8310);
#6607=LINE('',#16798,#8311);
#6608=LINE('',#16799,#8312);
#6609=LINE('',#16801,#8313);
#6610=LINE('',#16802,#8314);
#6611=LINE('',#16804,#8315);
#6612=LINE('',#16807,#8316);
#6613=LINE('',#16809,#8317);
#6614=LINE('',#16811,#8318);
#6615=LINE('',#16813,#8319);
#6616=LINE('',#16815,#8320);
#6617=LINE('',#16817,#8321);
#6618=LINE('',#16819,#8322);
#6619=LINE('',#16821,#8323);
#6620=LINE('',#16823,#8324);
#6621=LINE('',#16825,#8325);
#6622=LINE('',#16828,#8326);
#6623=LINE('',#16830,#8327);
#6624=LINE('',#16832,#8328);
#6625=LINE('',#16834,#8329);
#6626=LINE('',#16836,#8330);
#6627=LINE('',#16838,#8331);
#6628=LINE('',#16840,#8332);
#6629=LINE('',#16842,#8333);
#6630=LINE('',#16844,#8334);
#6631=LINE('',#16846,#8335);
#6632=LINE('',#16849,#8336);
#6633=LINE('',#16851,#8337);
#6634=LINE('',#16853,#8338);
#6635=LINE('',#16855,#8339);
#6636=LINE('',#16857,#8340);
#6637=LINE('',#16859,#8341);
#6638=LINE('',#16861,#8342);
#6639=LINE('',#16863,#8343);
#6640=LINE('',#16865,#8344);
#6641=LINE('',#16867,#8345);
#6642=LINE('',#16870,#8346);
#6643=LINE('',#16872,#8347);
#6644=LINE('',#16874,#8348);
#6645=LINE('',#16876,#8349);
#6646=LINE('',#16878,#8350);
#6647=LINE('',#16880,#8351);
#6648=LINE('',#16882,#8352);
#6649=LINE('',#16884,#8353);
#6650=LINE('',#16886,#8354);
#6651=LINE('',#16888,#8355);
#6652=LINE('',#16891,#8356);
#6653=LINE('',#16893,#8357);
#6654=LINE('',#16895,#8358);
#6655=LINE('',#16897,#8359);
#6656=LINE('',#16899,#8360);
#6657=LINE('',#16901,#8361);
#6658=LINE('',#16903,#8362);
#6659=LINE('',#16905,#8363);
#6660=LINE('',#16907,#8364);
#6661=LINE('',#16909,#8365);
#6662=LINE('',#16912,#8366);
#6663=LINE('',#16914,#8367);
#6664=LINE('',#16916,#8368);
#6665=LINE('',#16918,#8369);
#6666=LINE('',#16920,#8370);
#6667=LINE('',#16922,#8371);
#6668=LINE('',#16924,#8372);
#6669=LINE('',#16926,#8373);
#6670=LINE('',#16928,#8374);
#6671=LINE('',#16930,#8375);
#6672=LINE('',#16933,#8376);
#6673=LINE('',#16935,#8377);
#6674=LINE('',#16937,#8378);
#6675=LINE('',#16939,#8379);
#6676=LINE('',#16941,#8380);
#6677=LINE('',#16943,#8381);
#6678=LINE('',#16945,#8382);
#6679=LINE('',#16947,#8383);
#6680=LINE('',#16949,#8384);
#6681=LINE('',#16951,#8385);
#6682=LINE('',#16954,#8386);
#6683=LINE('',#16956,#8387);
#6684=LINE('',#16958,#8388);
#6685=LINE('',#16960,#8389);
#6686=LINE('',#16962,#8390);
#6687=LINE('',#16964,#8391);
#6688=LINE('',#16966,#8392);
#6689=LINE('',#16968,#8393);
#6690=LINE('',#16970,#8394);
#6691=LINE('',#16972,#8395);
#6692=LINE('',#16975,#8396);
#6693=LINE('',#16977,#8397);
#6694=LINE('',#16979,#8398);
#6695=LINE('',#16981,#8399);
#6696=LINE('',#16983,#8400);
#6697=LINE('',#16985,#8401);
#6698=LINE('',#16987,#8402);
#6699=LINE('',#16989,#8403);
#6700=LINE('',#16991,#8404);
#6701=LINE('',#16993,#8405);
#6702=LINE('',#16996,#8406);
#6703=LINE('',#16998,#8407);
#6704=LINE('',#17000,#8408);
#6705=LINE('',#17002,#8409);
#6706=LINE('',#17004,#8410);
#6707=LINE('',#17006,#8411);
#6708=LINE('',#17008,#8412);
#6709=LINE('',#17010,#8413);
#6710=LINE('',#17012,#8414);
#6711=LINE('',#17014,#8415);
#6712=LINE('',#17017,#8416);
#6713=LINE('',#17019,#8417);
#6714=LINE('',#17021,#8418);
#6715=LINE('',#17023,#8419);
#6716=LINE('',#17025,#8420);
#6717=LINE('',#17027,#8421);
#6718=LINE('',#17029,#8422);
#6719=LINE('',#17031,#8423);
#6720=LINE('',#17033,#8424);
#6721=LINE('',#17035,#8425);
#6722=LINE('',#17038,#8426);
#6723=LINE('',#17040,#8427);
#6724=LINE('',#17042,#8428);
#6725=LINE('',#17044,#8429);
#6726=LINE('',#17046,#8430);
#6727=LINE('',#17048,#8431);
#6728=LINE('',#17050,#8432);
#6729=LINE('',#17052,#8433);
#6730=LINE('',#17054,#8434);
#6731=LINE('',#17056,#8435);
#6732=LINE('',#17059,#8436);
#6733=LINE('',#17061,#8437);
#6734=LINE('',#17063,#8438);
#6735=LINE('',#17065,#8439);
#6736=LINE('',#17067,#8440);
#6737=LINE('',#17069,#8441);
#6738=LINE('',#17071,#8442);
#6739=LINE('',#17073,#8443);
#6740=LINE('',#17075,#8444);
#6741=LINE('',#17077,#8445);
#6742=LINE('',#17080,#8446);
#6743=LINE('',#17082,#8447);
#6744=LINE('',#17084,#8448);
#6745=LINE('',#17086,#8449);
#6746=LINE('',#17088,#8450);
#6747=LINE('',#17090,#8451);
#6748=LINE('',#17092,#8452);
#6749=LINE('',#17094,#8453);
#6750=LINE('',#17096,#8454);
#6751=LINE('',#17098,#8455);
#6752=LINE('',#17101,#8456);
#6753=LINE('',#17103,#8457);
#6754=LINE('',#17105,#8458);
#6755=LINE('',#17107,#8459);
#6756=LINE('',#17109,#8460);
#6757=LINE('',#17111,#8461);
#6758=LINE('',#17113,#8462);
#6759=LINE('',#17115,#8463);
#6760=LINE('',#17117,#8464);
#6761=LINE('',#17119,#8465);
#6762=LINE('',#17122,#8466);
#6763=LINE('',#17124,#8467);
#6764=LINE('',#17126,#8468);
#6765=LINE('',#17128,#8469);
#6766=LINE('',#17130,#8470);
#6767=LINE('',#17132,#8471);
#6768=LINE('',#17134,#8472);
#6769=LINE('',#17136,#8473);
#6770=LINE('',#17138,#8474);
#6771=LINE('',#17140,#8475);
#6772=LINE('',#17141,#8476);
#6773=LINE('',#17143,#8477);
#6774=LINE('',#17144,#8478);
#6775=LINE('',#17146,#8479);
#6776=LINE('',#17147,#8480);
#6777=LINE('',#17149,#8481);
#6778=LINE('',#17150,#8482);
#6779=LINE('',#17152,#8483);
#6780=LINE('',#17153,#8484);
#6781=LINE('',#17155,#8485);
#6782=LINE('',#17156,#8486);
#6783=LINE('',#17158,#8487);
#6784=LINE('',#17159,#8488);
#6785=LINE('',#17161,#8489);
#6786=LINE('',#17162,#8490);
#6787=LINE('',#17164,#8491);
#6788=LINE('',#17165,#8492);
#6789=LINE('',#17167,#8493);
#6790=LINE('',#17168,#8494);
#6791=LINE('',#17170,#8495);
#6792=LINE('',#17171,#8496);
#6793=LINE('',#17173,#8497);
#6794=LINE('',#17174,#8498);
#6795=LINE('',#17176,#8499);
#6796=LINE('',#17177,#8500);
#6797=LINE('',#17179,#8501);
#6798=LINE('',#17180,#8502);
#6799=LINE('',#17182,#8503);
#6800=LINE('',#17183,#8504);
#6801=LINE('',#17185,#8505);
#6802=LINE('',#17186,#8506);
#6803=LINE('',#17205,#8507);
#6804=LINE('',#17206,#8508);
#6805=LINE('',#17207,#8509);
#6806=LINE('',#17208,#8510);
#6807=LINE('',#17209,#8511);
#6808=LINE('',#17210,#8512);
#6809=LINE('',#17211,#8513);
#6810=LINE('',#17212,#8514);
#6811=LINE('',#17213,#8515);
#6812=LINE('',#17214,#8516);
#6813=LINE('',#17215,#8517);
#6814=LINE('',#17216,#8518);
#6815=LINE('',#17217,#8519);
#6816=LINE('',#17218,#8520);
#6817=LINE('',#17219,#8521);
#6818=LINE('',#17220,#8522);
#6819=LINE('',#17221,#8523);
#6820=LINE('',#17222,#8524);
#6821=LINE('',#17223,#8525);
#6822=LINE('',#17224,#8526);
#6823=LINE('',#17225,#8527);
#6824=LINE('',#17226,#8528);
#6825=LINE('',#17227,#8529);
#6826=LINE('',#17228,#8530);
#6827=LINE('',#17229,#8531);
#6828=LINE('',#17230,#8532);
#6829=LINE('',#17231,#8533);
#6830=LINE('',#17232,#8534);
#6831=LINE('',#17233,#8535);
#6832=LINE('',#17234,#8536);
#6833=LINE('',#17235,#8537);
#6834=LINE('',#17236,#8538);
#6835=LINE('',#17271,#8539);
#6836=LINE('',#17274,#8540);
#6837=LINE('',#17276,#8541);
#6838=LINE('',#17278,#8542);
#6839=LINE('',#17280,#8543);
#6840=LINE('',#17282,#8544);
#6841=LINE('',#17284,#8545);
#6842=LINE('',#17286,#8546);
#6843=LINE('',#17288,#8547);
#6844=LINE('',#17290,#8548);
#6845=LINE('',#17292,#8549);
#6846=LINE('',#17293,#8550);
#6847=LINE('',#17295,#8551);
#6848=LINE('',#17298,#8552);
#6849=LINE('',#17300,#8553);
#6850=LINE('',#17302,#8554);
#6851=LINE('',#17304,#8555);
#6852=LINE('',#17307,#8556);
#6853=LINE('',#17309,#8557);
#6854=LINE('',#17311,#8558);
#6855=LINE('',#17313,#8559);
#6856=LINE('',#17316,#8560);
#6857=LINE('',#17318,#8561);
#6858=LINE('',#17320,#8562);
#6859=LINE('',#17322,#8563);
#6860=LINE('',#17325,#8564);
#6861=LINE('',#17327,#8565);
#6862=LINE('',#17329,#8566);
#6863=LINE('',#17331,#8567);
#6864=LINE('',#17334,#8568);
#6865=LINE('',#17336,#8569);
#6866=LINE('',#17338,#8570);
#6867=LINE('',#17340,#8571);
#6868=LINE('',#17343,#8572);
#6869=LINE('',#17345,#8573);
#6870=LINE('',#17347,#8574);
#6871=LINE('',#17349,#8575);
#6872=LINE('',#17352,#8576);
#6873=LINE('',#17354,#8577);
#6874=LINE('',#17356,#8578);
#6875=LINE('',#17358,#8579);
#6876=LINE('',#17361,#8580);
#6877=LINE('',#17363,#8581);
#6878=LINE('',#17365,#8582);
#6879=LINE('',#17367,#8583);
#6880=LINE('',#17370,#8584);
#6881=LINE('',#17372,#8585);
#6882=LINE('',#17374,#8586);
#6883=LINE('',#17376,#8587);
#6884=LINE('',#17379,#8588);
#6885=LINE('',#17381,#8589);
#6886=LINE('',#17383,#8590);
#6887=LINE('',#17385,#8591);
#6888=LINE('',#17388,#8592);
#6889=LINE('',#17390,#8593);
#6890=LINE('',#17392,#8594);
#6891=LINE('',#17394,#8595);
#6892=LINE('',#17397,#8596);
#6893=LINE('',#17399,#8597);
#6894=LINE('',#17401,#8598);
#6895=LINE('',#17403,#8599);
#6896=LINE('',#17406,#8600);
#6897=LINE('',#17408,#8601);
#6898=LINE('',#17410,#8602);
#6899=LINE('',#17412,#8603);
#6900=LINE('',#17415,#8604);
#6901=LINE('',#17417,#8605);
#6902=LINE('',#17419,#8606);
#6903=LINE('',#17421,#8607);
#6904=LINE('',#17424,#8608);
#6905=LINE('',#17426,#8609);
#6906=LINE('',#17428,#8610);
#6907=LINE('',#17430,#8611);
#6908=LINE('',#17433,#8612);
#6909=LINE('',#17435,#8613);
#6910=LINE('',#17437,#8614);
#6911=LINE('',#17439,#8615);
#6912=LINE('',#17442,#8616);
#6913=LINE('',#17444,#8617);
#6914=LINE('',#17446,#8618);
#6915=LINE('',#17448,#8619);
#6916=LINE('',#17451,#8620);
#6917=LINE('',#17453,#8621);
#6918=LINE('',#17455,#8622);
#6919=LINE('',#17457,#8623);
#6920=LINE('',#17460,#8624);
#6921=LINE('',#17462,#8625);
#6922=LINE('',#17464,#8626);
#6923=LINE('',#17466,#8627);
#6924=LINE('',#17469,#8628);
#6925=LINE('',#17471,#8629);
#6926=LINE('',#17473,#8630);
#6927=LINE('',#17475,#8631);
#6928=LINE('',#17478,#8632);
#6929=LINE('',#17480,#8633);
#6930=LINE('',#17482,#8634);
#6931=LINE('',#17484,#8635);
#6932=LINE('',#17487,#8636);
#6933=LINE('',#17489,#8637);
#6934=LINE('',#17491,#8638);
#6935=LINE('',#17493,#8639);
#6936=LINE('',#17496,#8640);
#6937=LINE('',#17498,#8641);
#6938=LINE('',#17500,#8642);
#6939=LINE('',#17502,#8643);
#6940=LINE('',#17505,#8644);
#6941=LINE('',#17507,#8645);
#6942=LINE('',#17509,#8646);
#6943=LINE('',#17511,#8647);
#6944=LINE('',#17514,#8648);
#6945=LINE('',#17516,#8649);
#6946=LINE('',#17518,#8650);
#6947=LINE('',#17520,#8651);
#6948=LINE('',#17523,#8652);
#6949=LINE('',#17525,#8653);
#6950=LINE('',#17527,#8654);
#6951=LINE('',#17529,#8655);
#6952=LINE('',#17532,#8656);
#6953=LINE('',#17534,#8657);
#6954=LINE('',#17536,#8658);
#6955=LINE('',#17538,#8659);
#6956=LINE('',#17541,#8660);
#6957=LINE('',#17543,#8661);
#6958=LINE('',#17545,#8662);
#6959=LINE('',#17547,#8663);
#6960=LINE('',#17550,#8664);
#6961=LINE('',#17552,#8665);
#6962=LINE('',#17554,#8666);
#6963=LINE('',#17556,#8667);
#6964=LINE('',#17559,#8668);
#6965=LINE('',#17561,#8669);
#6966=LINE('',#17563,#8670);
#6967=LINE('',#17565,#8671);
#6968=LINE('',#17568,#8672);
#6969=LINE('',#17570,#8673);
#6970=LINE('',#17572,#8674);
#6971=LINE('',#17574,#8675);
#6972=LINE('',#17577,#8676);
#6973=LINE('',#17579,#8677);
#6974=LINE('',#17581,#8678);
#6975=LINE('',#17583,#8679);
#6976=LINE('',#17586,#8680);
#6977=LINE('',#17588,#8681);
#6978=LINE('',#17590,#8682);
#6979=LINE('',#17592,#8683);
#6980=LINE('',#17595,#8684);
#6981=LINE('',#17597,#8685);
#6982=LINE('',#17599,#8686);
#6983=LINE('',#17601,#8687);
#6984=LINE('',#17604,#8688);
#6985=LINE('',#17606,#8689);
#6986=LINE('',#17608,#8690);
#6987=LINE('',#17610,#8691);
#6988=LINE('',#17613,#8692);
#6989=LINE('',#17615,#8693);
#6990=LINE('',#17617,#8694);
#6991=LINE('',#17619,#8695);
#6992=LINE('',#17622,#8696);
#6993=LINE('',#17624,#8697);
#6994=LINE('',#17626,#8698);
#6995=LINE('',#17628,#8699);
#6996=LINE('',#17631,#8700);
#6997=LINE('',#17633,#8701);
#6998=LINE('',#17635,#8702);
#6999=LINE('',#17637,#8703);
#7000=LINE('',#17640,#8704);
#7001=LINE('',#17642,#8705);
#7002=LINE('',#17644,#8706);
#7003=LINE('',#17646,#8707);
#7004=LINE('',#17649,#8708);
#7005=LINE('',#17651,#8709);
#7006=LINE('',#17653,#8710);
#7007=LINE('',#17655,#8711);
#7008=LINE('',#17658,#8712);
#7009=LINE('',#17660,#8713);
#7010=LINE('',#17662,#8714);
#7011=LINE('',#17664,#8715);
#7012=LINE('',#17667,#8716);
#7013=LINE('',#17669,#8717);
#7014=LINE('',#17671,#8718);
#7015=LINE('',#17673,#8719);
#7016=LINE('',#17676,#8720);
#7017=LINE('',#17678,#8721);
#7018=LINE('',#17680,#8722);
#7019=LINE('',#17682,#8723);
#7020=LINE('',#17685,#8724);
#7021=LINE('',#17687,#8725);
#7022=LINE('',#17689,#8726);
#7023=LINE('',#17691,#8727);
#7024=LINE('',#17694,#8728);
#7025=LINE('',#17696,#8729);
#7026=LINE('',#17698,#8730);
#7027=LINE('',#17700,#8731);
#7028=LINE('',#17703,#8732);
#7029=LINE('',#17705,#8733);
#7030=LINE('',#17707,#8734);
#7031=LINE('',#17709,#8735);
#7032=LINE('',#17712,#8736);
#7033=LINE('',#17714,#8737);
#7034=LINE('',#17716,#8738);
#7035=LINE('',#17718,#8739);
#7036=LINE('',#17721,#8740);
#7037=LINE('',#17723,#8741);
#7038=LINE('',#17725,#8742);
#7039=LINE('',#17727,#8743);
#7040=LINE('',#17728,#8744);
#7041=LINE('',#17729,#8745);
#7042=LINE('',#17731,#8746);
#7043=LINE('',#17732,#8747);
#7044=LINE('',#17733,#8748);
#7045=LINE('',#17735,#8749);
#7046=LINE('',#17736,#8750);
#7047=LINE('',#17737,#8751);
#7048=LINE('',#17739,#8752);
#7049=LINE('',#17740,#8753);
#7050=LINE('',#17741,#8754);
#7051=LINE('',#17743,#8755);
#7052=LINE('',#17744,#8756);
#7053=LINE('',#17745,#8757);
#7054=LINE('',#17747,#8758);
#7055=LINE('',#17748,#8759);
#7056=LINE('',#17749,#8760);
#7057=LINE('',#17751,#8761);
#7058=LINE('',#17752,#8762);
#7059=LINE('',#17753,#8763);
#7060=LINE('',#17755,#8764);
#7061=LINE('',#17756,#8765);
#7062=LINE('',#17757,#8766);
#7063=LINE('',#17759,#8767);
#7064=LINE('',#17760,#8768);
#7065=LINE('',#17761,#8769);
#7066=LINE('',#17763,#8770);
#7067=LINE('',#17764,#8771);
#7068=LINE('',#17765,#8772);
#7069=LINE('',#17767,#8773);
#7070=LINE('',#17768,#8774);
#7071=LINE('',#17769,#8775);
#7072=LINE('',#17771,#8776);
#7073=LINE('',#17772,#8777);
#7074=LINE('',#17773,#8778);
#7075=LINE('',#17775,#8779);
#7076=LINE('',#17776,#8780);
#7077=LINE('',#17777,#8781);
#7078=LINE('',#17779,#8782);
#7079=LINE('',#17780,#8783);
#7080=LINE('',#17781,#8784);
#7081=LINE('',#17783,#8785);
#7082=LINE('',#17784,#8786);
#7083=LINE('',#17785,#8787);
#7084=LINE('',#17787,#8788);
#7085=LINE('',#17788,#8789);
#7086=LINE('',#17789,#8790);
#7087=LINE('',#17791,#8791);
#7088=LINE('',#17792,#8792);
#7089=LINE('',#17793,#8793);
#7090=LINE('',#17795,#8794);
#7091=LINE('',#17796,#8795);
#7092=LINE('',#17797,#8796);
#7093=LINE('',#17799,#8797);
#7094=LINE('',#17800,#8798);
#7095=LINE('',#17801,#8799);
#7096=LINE('',#17803,#8800);
#7097=LINE('',#17804,#8801);
#7098=LINE('',#17805,#8802);
#7099=LINE('',#17807,#8803);
#7100=LINE('',#17808,#8804);
#7101=LINE('',#17809,#8805);
#7102=LINE('',#17811,#8806);
#7103=LINE('',#17812,#8807);
#7104=LINE('',#17813,#8808);
#7105=LINE('',#17815,#8809);
#7106=LINE('',#17816,#8810);
#7107=LINE('',#17817,#8811);
#7108=LINE('',#17819,#8812);
#7109=LINE('',#17820,#8813);
#7110=LINE('',#17821,#8814);
#7111=LINE('',#17823,#8815);
#7112=LINE('',#17824,#8816);
#7113=LINE('',#17825,#8817);
#7114=LINE('',#17827,#8818);
#7115=LINE('',#17828,#8819);
#7116=LINE('',#17829,#8820);
#7117=LINE('',#17831,#8821);
#7118=LINE('',#17832,#8822);
#7119=LINE('',#17833,#8823);
#7120=LINE('',#17835,#8824);
#7121=LINE('',#17836,#8825);
#7122=LINE('',#17837,#8826);
#7123=LINE('',#17839,#8827);
#7124=LINE('',#17840,#8828);
#7125=LINE('',#17841,#8829);
#7126=LINE('',#17843,#8830);
#7127=LINE('',#17844,#8831);
#7128=LINE('',#17845,#8832);
#7129=LINE('',#17847,#8833);
#7130=LINE('',#17848,#8834);
#7131=LINE('',#17849,#8835);
#7132=LINE('',#17851,#8836);
#7133=LINE('',#17852,#8837);
#7134=LINE('',#17853,#8838);
#7135=LINE('',#17855,#8839);
#7136=LINE('',#17857,#8840);
#7137=LINE('',#17859,#8841);
#7138=LINE('',#17861,#8842);
#7139=LINE('',#17863,#8843);
#7140=LINE('',#17865,#8844);
#7141=LINE('',#17867,#8845);
#7142=LINE('',#17869,#8846);
#7143=LINE('',#17871,#8847);
#7144=LINE('',#17873,#8848);
#7145=LINE('',#17875,#8849);
#7146=LINE('',#17877,#8850);
#7147=LINE('',#17879,#8851);
#7148=LINE('',#17881,#8852);
#7149=LINE('',#17883,#8853);
#7150=LINE('',#17885,#8854);
#7151=LINE('',#17887,#8855);
#7152=LINE('',#17889,#8856);
#7153=LINE('',#17891,#8857);
#7154=LINE('',#17893,#8858);
#7155=LINE('',#17895,#8859);
#7156=LINE('',#17897,#8860);
#7157=LINE('',#17899,#8861);
#7158=LINE('',#17901,#8862);
#7159=LINE('',#17903,#8863);
#7160=LINE('',#17905,#8864);
#7161=LINE('',#17907,#8865);
#7162=LINE('',#17909,#8866);
#7163=LINE('',#17911,#8867);
#7164=LINE('',#17913,#8868);
#7165=LINE('',#17915,#8869);
#7166=LINE('',#17917,#8870);
#7167=LINE('',#17954,#8871);
#7168=LINE('',#17957,#8872);
#7169=LINE('',#17959,#8873);
#7170=LINE('',#17961,#8874);
#7171=LINE('',#17963,#8875);
#7172=LINE('',#17965,#8876);
#7173=LINE('',#17967,#8877);
#7174=LINE('',#17969,#8878);
#7175=LINE('',#17971,#8879);
#7176=LINE('',#17973,#8880);
#7177=LINE('',#17975,#8881);
#7178=LINE('',#17976,#8882);
#7179=LINE('',#17978,#8883);
#7180=LINE('',#17981,#8884);
#7181=LINE('',#17983,#8885);
#7182=LINE('',#17987,#8886);
#7183=LINE('',#17989,#8887);
#7184=LINE('',#17991,#8888);
#7185=LINE('',#17993,#8889);
#7186=LINE('',#17995,#8890);
#7187=LINE('',#17997,#8891);
#7188=LINE('',#17999,#8892);
#7189=LINE('',#18001,#8893);
#7190=LINE('',#18003,#8894);
#7191=LINE('',#18005,#8895);
#7192=LINE('',#18008,#8896);
#7193=LINE('',#18010,#8897);
#7194=LINE('',#18011,#8898);
#7195=LINE('',#18013,#8899);
#7196=LINE('',#18015,#8900);
#7197=LINE('',#18019,#8901);
#7198=LINE('',#18021,#8902);
#7199=LINE('',#18023,#8903);
#7200=LINE('',#18026,#8904);
#7201=LINE('',#18028,#8905);
#7202=LINE('',#18032,#8906);
#7203=LINE('',#18034,#8907);
#7204=LINE('',#18036,#8908);
#7205=LINE('',#18038,#8909);
#7206=LINE('',#18040,#8910);
#7207=LINE('',#18042,#8911);
#7208=LINE('',#18044,#8912);
#7209=LINE('',#18046,#8913);
#7210=LINE('',#18048,#8914);
#7211=LINE('',#18050,#8915);
#7212=LINE('',#18053,#8916);
#7213=LINE('',#18055,#8917);
#7214=LINE('',#18056,#8918);
#7215=LINE('',#18058,#8919);
#7216=LINE('',#18060,#8920);
#7217=LINE('',#18064,#8921);
#7218=LINE('',#18066,#8922);
#7219=LINE('',#18068,#8923);
#7220=LINE('',#18071,#8924);
#7221=LINE('',#18073,#8925);
#7222=LINE('',#18077,#8926);
#7223=LINE('',#18079,#8927);
#7224=LINE('',#18081,#8928);
#7225=LINE('',#18083,#8929);
#7226=LINE('',#18085,#8930);
#7227=LINE('',#18087,#8931);
#7228=LINE('',#18089,#8932);
#7229=LINE('',#18091,#8933);
#7230=LINE('',#18093,#8934);
#7231=LINE('',#18095,#8935);
#7232=LINE('',#18098,#8936);
#7233=LINE('',#18100,#8937);
#7234=LINE('',#18101,#8938);
#7235=LINE('',#18103,#8939);
#7236=LINE('',#18105,#8940);
#7237=LINE('',#18109,#8941);
#7238=LINE('',#18111,#8942);
#7239=LINE('',#18113,#8943);
#7240=LINE('',#18116,#8944);
#7241=LINE('',#18118,#8945);
#7242=LINE('',#18122,#8946);
#7243=LINE('',#18124,#8947);
#7244=LINE('',#18126,#8948);
#7245=LINE('',#18128,#8949);
#7246=LINE('',#18130,#8950);
#7247=LINE('',#18132,#8951);
#7248=LINE('',#18134,#8952);
#7249=LINE('',#18136,#8953);
#7250=LINE('',#18138,#8954);
#7251=LINE('',#18140,#8955);
#7252=LINE('',#18143,#8956);
#7253=LINE('',#18145,#8957);
#7254=LINE('',#18146,#8958);
#7255=LINE('',#18148,#8959);
#7256=LINE('',#18150,#8960);
#7257=LINE('',#18154,#8961);
#7258=LINE('',#18156,#8962);
#7259=LINE('',#18158,#8963);
#7260=LINE('',#18161,#8964);
#7261=LINE('',#18163,#8965);
#7262=LINE('',#18167,#8966);
#7263=LINE('',#18169,#8967);
#7264=LINE('',#18171,#8968);
#7265=LINE('',#18173,#8969);
#7266=LINE('',#18175,#8970);
#7267=LINE('',#18177,#8971);
#7268=LINE('',#18179,#8972);
#7269=LINE('',#18181,#8973);
#7270=LINE('',#18183,#8974);
#7271=LINE('',#18185,#8975);
#7272=LINE('',#18188,#8976);
#7273=LINE('',#18190,#8977);
#7274=LINE('',#18191,#8978);
#7275=LINE('',#18193,#8979);
#7276=LINE('',#18195,#8980);
#7277=LINE('',#18199,#8981);
#7278=LINE('',#18201,#8982);
#7279=LINE('',#18203,#8983);
#7280=LINE('',#18206,#8984);
#7281=LINE('',#18208,#8985);
#7282=LINE('',#18212,#8986);
#7283=LINE('',#18214,#8987);
#7284=LINE('',#18216,#8988);
#7285=LINE('',#18218,#8989);
#7286=LINE('',#18220,#8990);
#7287=LINE('',#18222,#8991);
#7288=LINE('',#18224,#8992);
#7289=LINE('',#18226,#8993);
#7290=LINE('',#18228,#8994);
#7291=LINE('',#18230,#8995);
#7292=LINE('',#18233,#8996);
#7293=LINE('',#18235,#8997);
#7294=LINE('',#18236,#8998);
#7295=LINE('',#18238,#8999);
#7296=LINE('',#18240,#9000);
#7297=LINE('',#18244,#9001);
#7298=LINE('',#18246,#9002);
#7299=LINE('',#18248,#9003);
#7300=LINE('',#18251,#9004);
#7301=LINE('',#18253,#9005);
#7302=LINE('',#18257,#9006);
#7303=LINE('',#18259,#9007);
#7304=LINE('',#18261,#9008);
#7305=LINE('',#18263,#9009);
#7306=LINE('',#18265,#9010);
#7307=LINE('',#18267,#9011);
#7308=LINE('',#18269,#9012);
#7309=LINE('',#18271,#9013);
#7310=LINE('',#18273,#9014);
#7311=LINE('',#18275,#9015);
#7312=LINE('',#18278,#9016);
#7313=LINE('',#18280,#9017);
#7314=LINE('',#18281,#9018);
#7315=LINE('',#18283,#9019);
#7316=LINE('',#18285,#9020);
#7317=LINE('',#18289,#9021);
#7318=LINE('',#18291,#9022);
#7319=LINE('',#18293,#9023);
#7320=LINE('',#18296,#9024);
#7321=LINE('',#18298,#9025);
#7322=LINE('',#18302,#9026);
#7323=LINE('',#18304,#9027);
#7324=LINE('',#18306,#9028);
#7325=LINE('',#18308,#9029);
#7326=LINE('',#18310,#9030);
#7327=LINE('',#18312,#9031);
#7328=LINE('',#18314,#9032);
#7329=LINE('',#18316,#9033);
#7330=LINE('',#18318,#9034);
#7331=LINE('',#18320,#9035);
#7332=LINE('',#18323,#9036);
#7333=LINE('',#18325,#9037);
#7334=LINE('',#18326,#9038);
#7335=LINE('',#18328,#9039);
#7336=LINE('',#18330,#9040);
#7337=LINE('',#18334,#9041);
#7338=LINE('',#18336,#9042);
#7339=LINE('',#18338,#9043);
#7340=LINE('',#18341,#9044);
#7341=LINE('',#18343,#9045);
#7342=LINE('',#18347,#9046);
#7343=LINE('',#18349,#9047);
#7344=LINE('',#18351,#9048);
#7345=LINE('',#18353,#9049);
#7346=LINE('',#18355,#9050);
#7347=LINE('',#18357,#9051);
#7348=LINE('',#18359,#9052);
#7349=LINE('',#18361,#9053);
#7350=LINE('',#18363,#9054);
#7351=LINE('',#18365,#9055);
#7352=LINE('',#18368,#9056);
#7353=LINE('',#18370,#9057);
#7354=LINE('',#18371,#9058);
#7355=LINE('',#18373,#9059);
#7356=LINE('',#18375,#9060);
#7357=LINE('',#18379,#9061);
#7358=LINE('',#18381,#9062);
#7359=LINE('',#18383,#9063);
#7360=LINE('',#18386,#9064);
#7361=LINE('',#18388,#9065);
#7362=LINE('',#18392,#9066);
#7363=LINE('',#18394,#9067);
#7364=LINE('',#18396,#9068);
#7365=LINE('',#18398,#9069);
#7366=LINE('',#18400,#9070);
#7367=LINE('',#18402,#9071);
#7368=LINE('',#18404,#9072);
#7369=LINE('',#18406,#9073);
#7370=LINE('',#18408,#9074);
#7371=LINE('',#18410,#9075);
#7372=LINE('',#18413,#9076);
#7373=LINE('',#18415,#9077);
#7374=LINE('',#18416,#9078);
#7375=LINE('',#18418,#9079);
#7376=LINE('',#18420,#9080);
#7377=LINE('',#18424,#9081);
#7378=LINE('',#18426,#9082);
#7379=LINE('',#18428,#9083);
#7380=LINE('',#18431,#9084);
#7381=LINE('',#18433,#9085);
#7382=LINE('',#18437,#9086);
#7383=LINE('',#18439,#9087);
#7384=LINE('',#18441,#9088);
#7385=LINE('',#18443,#9089);
#7386=LINE('',#18445,#9090);
#7387=LINE('',#18447,#9091);
#7388=LINE('',#18449,#9092);
#7389=LINE('',#18451,#9093);
#7390=LINE('',#18453,#9094);
#7391=LINE('',#18455,#9095);
#7392=LINE('',#18458,#9096);
#7393=LINE('',#18460,#9097);
#7394=LINE('',#18461,#9098);
#7395=LINE('',#18463,#9099);
#7396=LINE('',#18465,#9100);
#7397=LINE('',#18469,#9101);
#7398=LINE('',#18471,#9102);
#7399=LINE('',#18473,#9103);
#7400=LINE('',#18476,#9104);
#7401=LINE('',#18478,#9105);
#7402=LINE('',#18482,#9106);
#7403=LINE('',#18484,#9107);
#7404=LINE('',#18486,#9108);
#7405=LINE('',#18488,#9109);
#7406=LINE('',#18490,#9110);
#7407=LINE('',#18492,#9111);
#7408=LINE('',#18494,#9112);
#7409=LINE('',#18496,#9113);
#7410=LINE('',#18498,#9114);
#7411=LINE('',#18500,#9115);
#7412=LINE('',#18503,#9116);
#7413=LINE('',#18505,#9117);
#7414=LINE('',#18506,#9118);
#7415=LINE('',#18508,#9119);
#7416=LINE('',#18510,#9120);
#7417=LINE('',#18514,#9121);
#7418=LINE('',#18516,#9122);
#7419=LINE('',#18518,#9123);
#7420=LINE('',#18521,#9124);
#7421=LINE('',#18523,#9125);
#7422=LINE('',#18527,#9126);
#7423=LINE('',#18529,#9127);
#7424=LINE('',#18531,#9128);
#7425=LINE('',#18533,#9129);
#7426=LINE('',#18535,#9130);
#7427=LINE('',#18537,#9131);
#7428=LINE('',#18539,#9132);
#7429=LINE('',#18541,#9133);
#7430=LINE('',#18543,#9134);
#7431=LINE('',#18545,#9135);
#7432=LINE('',#18548,#9136);
#7433=LINE('',#18550,#9137);
#7434=LINE('',#18551,#9138);
#7435=LINE('',#18553,#9139);
#7436=LINE('',#18555,#9140);
#7437=LINE('',#18559,#9141);
#7438=LINE('',#18561,#9142);
#7439=LINE('',#18563,#9143);
#7440=LINE('',#18566,#9144);
#7441=LINE('',#18568,#9145);
#7442=LINE('',#18572,#9146);
#7443=LINE('',#18574,#9147);
#7444=LINE('',#18576,#9148);
#7445=LINE('',#18578,#9149);
#7446=LINE('',#18580,#9150);
#7447=LINE('',#18582,#9151);
#7448=LINE('',#18584,#9152);
#7449=LINE('',#18586,#9153);
#7450=LINE('',#18588,#9154);
#7451=LINE('',#18590,#9155);
#7452=LINE('',#18593,#9156);
#7453=LINE('',#18595,#9157);
#7454=LINE('',#18596,#9158);
#7455=LINE('',#18598,#9159);
#7456=LINE('',#18600,#9160);
#7457=LINE('',#18604,#9161);
#7458=LINE('',#18606,#9162);
#7459=LINE('',#18608,#9163);
#7460=LINE('',#18611,#9164);
#7461=LINE('',#18613,#9165);
#7462=LINE('',#18617,#9166);
#7463=LINE('',#18619,#9167);
#7464=LINE('',#18621,#9168);
#7465=LINE('',#18623,#9169);
#7466=LINE('',#18625,#9170);
#7467=LINE('',#18627,#9171);
#7468=LINE('',#18629,#9172);
#7469=LINE('',#18631,#9173);
#7470=LINE('',#18633,#9174);
#7471=LINE('',#18635,#9175);
#7472=LINE('',#18638,#9176);
#7473=LINE('',#18640,#9177);
#7474=LINE('',#18641,#9178);
#7475=LINE('',#18643,#9179);
#7476=LINE('',#18645,#9180);
#7477=LINE('',#18649,#9181);
#7478=LINE('',#18651,#9182);
#7479=LINE('',#18653,#9183);
#7480=LINE('',#18656,#9184);
#7481=LINE('',#18658,#9185);
#7482=LINE('',#18662,#9186);
#7483=LINE('',#18664,#9187);
#7484=LINE('',#18666,#9188);
#7485=LINE('',#18668,#9189);
#7486=LINE('',#18670,#9190);
#7487=LINE('',#18672,#9191);
#7488=LINE('',#18674,#9192);
#7489=LINE('',#18676,#9193);
#7490=LINE('',#18678,#9194);
#7491=LINE('',#18680,#9195);
#7492=LINE('',#18683,#9196);
#7493=LINE('',#18685,#9197);
#7494=LINE('',#18686,#9198);
#7495=LINE('',#18688,#9199);
#7496=LINE('',#18690,#9200);
#7497=LINE('',#18694,#9201);
#7498=LINE('',#18696,#9202);
#7499=LINE('',#18698,#9203);
#7500=LINE('',#18699,#9204);
#7501=LINE('',#18701,#9205);
#7502=LINE('',#18702,#9206);
#7503=LINE('',#18704,#9207);
#7504=LINE('',#18705,#9208);
#7505=LINE('',#18707,#9209);
#7506=LINE('',#18708,#9210);
#7507=LINE('',#18710,#9211);
#7508=LINE('',#18711,#9212);
#7509=LINE('',#18713,#9213);
#7510=LINE('',#18714,#9214);
#7511=LINE('',#18716,#9215);
#7512=LINE('',#18717,#9216);
#7513=LINE('',#18719,#9217);
#7514=LINE('',#18720,#9218);
#7515=LINE('',#18722,#9219);
#7516=LINE('',#18723,#9220);
#7517=LINE('',#18725,#9221);
#7518=LINE('',#18726,#9222);
#7519=LINE('',#18728,#9223);
#7520=LINE('',#18729,#9224);
#7521=LINE('',#18731,#9225);
#7522=LINE('',#18732,#9226);
#7523=LINE('',#18734,#9227);
#7524=LINE('',#18735,#9228);
#7525=LINE('',#18737,#9229);
#7526=LINE('',#18738,#9230);
#7527=LINE('',#18740,#9231);
#7528=LINE('',#18741,#9232);
#7529=LINE('',#18743,#9233);
#7530=LINE('',#18744,#9234);
#7531=LINE('',#18747,#9235);
#7532=LINE('',#18749,#9236);
#7533=LINE('',#18751,#9237);
#7534=LINE('',#18753,#9238);
#7535=LINE('',#18755,#9239);
#7536=LINE('',#18757,#9240);
#7537=LINE('',#18760,#9241);
#7538=LINE('',#18762,#9242);
#7539=LINE('',#18764,#9243);
#7540=LINE('',#18766,#9244);
#7541=LINE('',#18768,#9245);
#7542=LINE('',#18770,#9246);
#7543=LINE('',#18773,#9247);
#7544=LINE('',#18775,#9248);
#7545=LINE('',#18777,#9249);
#7546=LINE('',#18779,#9250);
#7547=LINE('',#18781,#9251);
#7548=LINE('',#18783,#9252);
#7549=LINE('',#18786,#9253);
#7550=LINE('',#18788,#9254);
#7551=LINE('',#18790,#9255);
#7552=LINE('',#18792,#9256);
#7553=LINE('',#18794,#9257);
#7554=LINE('',#18796,#9258);
#7555=LINE('',#18799,#9259);
#7556=LINE('',#18801,#9260);
#7557=LINE('',#18803,#9261);
#7558=LINE('',#18805,#9262);
#7559=LINE('',#18807,#9263);
#7560=LINE('',#18809,#9264);
#7561=LINE('',#18812,#9265);
#7562=LINE('',#18814,#9266);
#7563=LINE('',#18816,#9267);
#7564=LINE('',#18818,#9268);
#7565=LINE('',#18820,#9269);
#7566=LINE('',#18822,#9270);
#7567=LINE('',#18825,#9271);
#7568=LINE('',#18827,#9272);
#7569=LINE('',#18829,#9273);
#7570=LINE('',#18831,#9274);
#7571=LINE('',#18833,#9275);
#7572=LINE('',#18835,#9276);
#7573=LINE('',#18838,#9277);
#7574=LINE('',#18840,#9278);
#7575=LINE('',#18842,#9279);
#7576=LINE('',#18844,#9280);
#7577=LINE('',#18846,#9281);
#7578=LINE('',#18848,#9282);
#7579=LINE('',#18851,#9283);
#7580=LINE('',#18853,#9284);
#7581=LINE('',#18855,#9285);
#7582=LINE('',#18857,#9286);
#7583=LINE('',#18859,#9287);
#7584=LINE('',#18861,#9288);
#7585=LINE('',#18864,#9289);
#7586=LINE('',#18866,#9290);
#7587=LINE('',#18868,#9291);
#7588=LINE('',#18870,#9292);
#7589=LINE('',#18872,#9293);
#7590=LINE('',#18874,#9294);
#7591=LINE('',#18877,#9295);
#7592=LINE('',#18879,#9296);
#7593=LINE('',#18881,#9297);
#7594=LINE('',#18883,#9298);
#7595=LINE('',#18885,#9299);
#7596=LINE('',#18887,#9300);
#7597=LINE('',#18890,#9301);
#7598=LINE('',#18892,#9302);
#7599=LINE('',#18894,#9303);
#7600=LINE('',#18896,#9304);
#7601=LINE('',#18898,#9305);
#7602=LINE('',#18900,#9306);
#7603=LINE('',#18903,#9307);
#7604=LINE('',#18905,#9308);
#7605=LINE('',#18907,#9309);
#7606=LINE('',#18909,#9310);
#7607=LINE('',#18911,#9311);
#7608=LINE('',#18913,#9312);
#7609=LINE('',#18916,#9313);
#7610=LINE('',#18918,#9314);
#7611=LINE('',#18920,#9315);
#7612=LINE('',#18922,#9316);
#7613=LINE('',#18924,#9317);
#7614=LINE('',#18926,#9318);
#7615=LINE('',#18929,#9319);
#7616=LINE('',#18931,#9320);
#7617=LINE('',#18933,#9321);
#7618=LINE('',#18935,#9322);
#7619=LINE('',#18937,#9323);
#7620=LINE('',#18939,#9324);
#7621=LINE('',#18942,#9325);
#7622=LINE('',#18943,#9326);
#7623=LINE('',#18945,#9327);
#7624=LINE('',#18947,#9328);
#7625=LINE('',#18949,#9329);
#7626=LINE('',#18951,#9330);
#7627=LINE('',#18957,#9331);
#7628=LINE('',#18960,#9332);
#7629=LINE('',#18962,#9333);
#7630=LINE('',#18964,#9334);
#7631=LINE('',#18966,#9335);
#7632=LINE('',#18968,#9336);
#7633=LINE('',#18970,#9337);
#7634=LINE('',#18972,#9338);
#7635=LINE('',#18974,#9339);
#7636=LINE('',#18976,#9340);
#7637=LINE('',#18978,#9341);
#7638=LINE('',#18980,#9342);
#7639=LINE('',#18982,#9343);
#7640=LINE('',#18984,#9344);
#7641=LINE('',#18986,#9345);
#7642=LINE('',#18988,#9346);
#7643=LINE('',#18990,#9347);
#7644=LINE('',#18992,#9348);
#7645=LINE('',#18994,#9349);
#7646=LINE('',#18996,#9350);
#7647=LINE('',#18998,#9351);
#7648=LINE('',#19000,#9352);
#7649=LINE('',#19002,#9353);
#7650=LINE('',#19004,#9354);
#7651=LINE('',#19006,#9355);
#7652=LINE('',#19008,#9356);
#7653=LINE('',#19010,#9357);
#7654=LINE('',#19012,#9358);
#7655=LINE('',#19014,#9359);
#7656=LINE('',#19016,#9360);
#7657=LINE('',#19018,#9361);
#7658=LINE('',#19020,#9362);
#7659=LINE('',#19022,#9363);
#7660=LINE('',#19024,#9364);
#7661=LINE('',#19026,#9365);
#7662=LINE('',#19028,#9366);
#7663=LINE('',#19030,#9367);
#7664=LINE('',#19032,#9368);
#7665=LINE('',#19034,#9369);
#7666=LINE('',#19036,#9370);
#7667=LINE('',#19038,#9371);
#7668=LINE('',#19040,#9372);
#7669=LINE('',#19042,#9373);
#7670=LINE('',#19044,#9374);
#7671=LINE('',#19046,#9375);
#7672=LINE('',#19048,#9376);
#7673=LINE('',#19050,#9377);
#7674=LINE('',#19052,#9378);
#7675=LINE('',#19054,#9379);
#7676=LINE('',#19056,#9380);
#7677=LINE('',#19058,#9381);
#7678=LINE('',#19060,#9382);
#7679=LINE('',#19062,#9383);
#7680=LINE('',#19064,#9384);
#7681=LINE('',#19066,#9385);
#7682=LINE('',#19068,#9386);
#7683=LINE('',#19070,#9387);
#7684=LINE('',#19072,#9388);
#7685=LINE('',#19074,#9389);
#7686=LINE('',#19076,#9390);
#7687=LINE('',#19078,#9391);
#7688=LINE('',#19080,#9392);
#7689=LINE('',#19082,#9393);
#7690=LINE('',#19084,#9394);
#7691=LINE('',#19086,#9395);
#7692=LINE('',#19088,#9396);
#7693=LINE('',#19090,#9397);
#7694=LINE('',#19092,#9398);
#7695=LINE('',#19093,#9399);
#7696=LINE('',#19096,#9400);
#7697=LINE('',#19098,#9401);
#7698=LINE('',#19100,#9402);
#7699=LINE('',#19101,#9403);
#7700=LINE('',#19104,#9404);
#7701=LINE('',#19106,#9405);
#7702=LINE('',#19108,#9406);
#7703=LINE('',#19109,#9407);
#7704=LINE('',#19112,#9408);
#7705=LINE('',#19114,#9409);
#7706=LINE('',#19116,#9410);
#7707=LINE('',#19117,#9411);
#7708=LINE('',#19120,#9412);
#7709=LINE('',#19122,#9413);
#7710=LINE('',#19124,#9414);
#7711=LINE('',#19125,#9415);
#7712=LINE('',#19128,#9416);
#7713=LINE('',#19130,#9417);
#7714=LINE('',#19132,#9418);
#7715=LINE('',#19133,#9419);
#7716=LINE('',#19136,#9420);
#7717=LINE('',#19138,#9421);
#7718=LINE('',#19140,#9422);
#7719=LINE('',#19141,#9423);
#7720=LINE('',#19144,#9424);
#7721=LINE('',#19146,#9425);
#7722=LINE('',#19148,#9426);
#7723=LINE('',#19149,#9427);
#7724=LINE('',#19152,#9428);
#7725=LINE('',#19154,#9429);
#7726=LINE('',#19156,#9430);
#7727=LINE('',#19157,#9431);
#7728=LINE('',#19160,#9432);
#7729=LINE('',#19162,#9433);
#7730=LINE('',#19164,#9434);
#7731=LINE('',#19165,#9435);
#7732=LINE('',#19168,#9436);
#7733=LINE('',#19170,#9437);
#7734=LINE('',#19172,#9438);
#7735=LINE('',#19173,#9439);
#7736=LINE('',#19176,#9440);
#7737=LINE('',#19178,#9441);
#7738=LINE('',#19180,#9442);
#7739=LINE('',#19181,#9443);
#7740=LINE('',#19184,#9444);
#7741=LINE('',#19186,#9445);
#7742=LINE('',#19188,#9446);
#7743=LINE('',#19189,#9447);
#7744=LINE('',#19192,#9448);
#7745=LINE('',#19194,#9449);
#7746=LINE('',#19196,#9450);
#7747=LINE('',#19197,#9451);
#7748=LINE('',#19200,#9452);
#7749=LINE('',#19202,#9453);
#7750=LINE('',#19204,#9454);
#7751=LINE('',#19205,#9455);
#7752=LINE('',#19208,#9456);
#7753=LINE('',#19210,#9457);
#7754=LINE('',#19212,#9458);
#7755=LINE('',#19213,#9459);
#7756=LINE('',#19216,#9460);
#7757=LINE('',#19218,#9461);
#7758=LINE('',#19220,#9462);
#7759=LINE('',#19222,#9463);
#7760=LINE('',#19225,#9464);
#7761=LINE('',#19227,#9465);
#7762=LINE('',#19229,#9466);
#7763=LINE('',#19230,#9467);
#7764=LINE('',#19233,#9468);
#7765=LINE('',#19235,#9469);
#7766=LINE('',#19237,#9470);
#7767=LINE('',#19238,#9471);
#7768=LINE('',#19241,#9472);
#7769=LINE('',#19243,#9473);
#7770=LINE('',#19245,#9474);
#7771=LINE('',#19247,#9475);
#7772=LINE('',#19250,#9476);
#7773=LINE('',#19252,#9477);
#7774=LINE('',#19254,#9478);
#7775=LINE('',#19255,#9479);
#7776=LINE('',#19258,#9480);
#7777=LINE('',#19260,#9481);
#7778=LINE('',#19262,#9482);
#7779=LINE('',#19263,#9483);
#7780=LINE('',#19266,#9484);
#7781=LINE('',#19268,#9485);
#7782=LINE('',#19270,#9486);
#7783=LINE('',#19272,#9487);
#7784=LINE('',#19275,#9488);
#7785=LINE('',#19277,#9489);
#7786=LINE('',#19279,#9490);
#7787=LINE('',#19280,#9491);
#7788=LINE('',#19283,#9492);
#7789=LINE('',#19285,#9493);
#7790=LINE('',#19287,#9494);
#7791=LINE('',#19288,#9495);
#7792=LINE('',#19291,#9496);
#7793=LINE('',#19293,#9497);
#7794=LINE('',#19295,#9498);
#7795=LINE('',#19297,#9499);
#7796=LINE('',#19300,#9500);
#7797=LINE('',#19302,#9501);
#7798=LINE('',#19304,#9502);
#7799=LINE('',#19305,#9503);
#7800=LINE('',#19308,#9504);
#7801=LINE('',#19310,#9505);
#7802=LINE('',#19312,#9506);
#7803=LINE('',#19313,#9507);
#7804=LINE('',#19316,#9508);
#7805=LINE('',#19318,#9509);
#7806=LINE('',#19320,#9510);
#7807=LINE('',#19322,#9511);
#7808=LINE('',#19325,#9512);
#7809=LINE('',#19327,#9513);
#7810=LINE('',#19329,#9514);
#7811=LINE('',#19330,#9515);
#7812=LINE('',#19333,#9516);
#7813=LINE('',#19335,#9517);
#7814=LINE('',#19337,#9518);
#7815=LINE('',#19338,#9519);
#7816=LINE('',#19341,#9520);
#7817=LINE('',#19343,#9521);
#7818=LINE('',#19345,#9522);
#7819=LINE('',#19347,#9523);
#7820=LINE('',#19350,#9524);
#7821=LINE('',#19352,#9525);
#7822=LINE('',#19354,#9526);
#7823=LINE('',#19355,#9527);
#7824=LINE('',#19358,#9528);
#7825=LINE('',#19360,#9529);
#7826=LINE('',#19362,#9530);
#7827=LINE('',#19363,#9531);
#7828=LINE('',#19366,#9532);
#7829=LINE('',#19368,#9533);
#7830=LINE('',#19370,#9534);
#7831=LINE('',#19372,#9535);
#7832=LINE('',#19375,#9536);
#7833=LINE('',#19377,#9537);
#7834=LINE('',#19379,#9538);
#7835=LINE('',#19380,#9539);
#7836=LINE('',#19383,#9540);
#7837=LINE('',#19385,#9541);
#7838=LINE('',#19387,#9542);
#7839=LINE('',#19388,#9543);
#7840=LINE('',#19391,#9544);
#7841=LINE('',#19393,#9545);
#7842=LINE('',#19395,#9546);
#7843=LINE('',#19397,#9547);
#7844=LINE('',#19400,#9548);
#7845=LINE('',#19402,#9549);
#7846=LINE('',#19404,#9550);
#7847=LINE('',#19405,#9551);
#7848=LINE('',#19408,#9552);
#7849=LINE('',#19410,#9553);
#7850=LINE('',#19412,#9554);
#7851=LINE('',#19413,#9555);
#7852=LINE('',#19416,#9556);
#7853=LINE('',#19418,#9557);
#7854=LINE('',#19420,#9558);
#7855=LINE('',#19422,#9559);
#7856=LINE('',#19425,#9560);
#7857=LINE('',#19427,#9561);
#7858=LINE('',#19429,#9562);
#7859=LINE('',#19431,#9563);
#7860=LINE('',#19434,#9564);
#7861=LINE('',#19436,#9565);
#7862=LINE('',#19438,#9566);
#7863=LINE('',#19440,#9567);
#7864=LINE('',#19443,#9568);
#7865=LINE('',#19445,#9569);
#7866=LINE('',#19447,#9570);
#7867=LINE('',#19449,#9571);
#7868=LINE('',#19452,#9572);
#7869=LINE('',#19454,#9573);
#7870=LINE('',#19456,#9574);
#7871=LINE('',#19458,#9575);
#7872=LINE('',#19461,#9576);
#7873=LINE('',#19463,#9577);
#7874=LINE('',#19465,#9578);
#7875=LINE('',#19467,#9579);
#7876=LINE('',#19470,#9580);
#7877=LINE('',#19472,#9581);
#7878=LINE('',#19474,#9582);
#7879=LINE('',#19476,#9583);
#7880=LINE('',#19479,#9584);
#7881=LINE('',#19481,#9585);
#7882=LINE('',#19483,#9586);
#7883=LINE('',#19485,#9587);
#7884=LINE('',#19488,#9588);
#7885=LINE('',#19490,#9589);
#7886=LINE('',#19492,#9590);
#7887=LINE('',#19494,#9591);
#7888=LINE('',#19497,#9592);
#7889=LINE('',#19499,#9593);
#7890=LINE('',#19501,#9594);
#7891=LINE('',#19503,#9595);
#7892=LINE('',#19506,#9596);
#7893=LINE('',#19508,#9597);
#7894=LINE('',#19510,#9598);
#7895=LINE('',#19512,#9599);
#7896=LINE('',#19515,#9600);
#7897=LINE('',#19517,#9601);
#7898=LINE('',#19519,#9602);
#7899=LINE('',#19521,#9603);
#7900=LINE('',#19524,#9604);
#7901=LINE('',#19526,#9605);
#7902=LINE('',#19528,#9606);
#7903=LINE('',#19530,#9607);
#7904=LINE('',#19533,#9608);
#7905=LINE('',#19535,#9609);
#7906=LINE('',#19537,#9610);
#7907=LINE('',#19539,#9611);
#7908=LINE('',#19542,#9612);
#7909=LINE('',#19544,#9613);
#7910=LINE('',#19546,#9614);
#7911=LINE('',#19548,#9615);
#7912=LINE('',#19551,#9616);
#7913=LINE('',#19553,#9617);
#7914=LINE('',#19555,#9618);
#7915=LINE('',#19557,#9619);
#7916=LINE('',#19560,#9620);
#7917=LINE('',#19562,#9621);
#7918=LINE('',#19564,#9622);
#7919=LINE('',#19566,#9623);
#7920=LINE('',#19569,#9624);
#7921=LINE('',#19571,#9625);
#7922=LINE('',#19573,#9626);
#7923=LINE('',#19575,#9627);
#7924=LINE('',#19578,#9628);
#7925=LINE('',#19580,#9629);
#7926=LINE('',#19582,#9630);
#7927=LINE('',#19584,#9631);
#7928=LINE('',#19587,#9632);
#7929=LINE('',#19589,#9633);
#7930=LINE('',#19591,#9634);
#7931=LINE('',#19593,#9635);
#7932=LINE('',#19596,#9636);
#7933=LINE('',#19598,#9637);
#7934=LINE('',#19600,#9638);
#7935=LINE('',#19602,#9639);
#7936=LINE('',#19605,#9640);
#7937=LINE('',#19607,#9641);
#7938=LINE('',#19609,#9642);
#7939=LINE('',#19611,#9643);
#7940=LINE('',#19614,#9644);
#7941=LINE('',#19616,#9645);
#7942=LINE('',#19618,#9646);
#7943=LINE('',#19620,#9647);
#7944=LINE('',#19623,#9648);
#7945=LINE('',#19625,#9649);
#7946=LINE('',#19627,#9650);
#7947=LINE('',#19629,#9651);
#7948=LINE('',#19632,#9652);
#7949=LINE('',#19634,#9653);
#7950=LINE('',#19636,#9654);
#7951=LINE('',#19638,#9655);
#7952=LINE('',#19641,#9656);
#7953=LINE('',#19643,#9657);
#7954=LINE('',#19645,#9658);
#7955=LINE('',#19647,#9659);
#7956=LINE('',#19648,#9660);
#7957=LINE('',#19649,#9661);
#7958=LINE('',#19651,#9662);
#7959=LINE('',#19653,#9663);
#7960=LINE('',#19654,#9664);
#7961=LINE('',#19655,#9665);
#7962=LINE('',#19656,#9666);
#7963=LINE('',#19657,#9667);
#7964=LINE('',#19658,#9668);
#7965=LINE('',#19659,#9669);
#7966=LINE('',#19660,#9670);
#7967=LINE('',#19661,#9671);
#7968=LINE('',#19662,#9672);
#7969=LINE('',#19663,#9673);
#7970=LINE('',#19664,#9674);
#7971=LINE('',#19665,#9675);
#7972=LINE('',#19666,#9676);
#7973=LINE('',#19667,#9677);
#7974=LINE('',#19668,#9678);
#7975=LINE('',#19669,#9679);
#7976=LINE('',#19670,#9680);
#7977=LINE('',#19671,#9681);
#7978=LINE('',#19672,#9682);
#7979=LINE('',#19673,#9683);
#7980=LINE('',#19674,#9684);
#7981=LINE('',#19675,#9685);
#7982=LINE('',#19676,#9686);
#7983=LINE('',#19677,#9687);
#7984=LINE('',#19678,#9688);
#7985=LINE('',#19679,#9689);
#7986=LINE('',#19680,#9690);
#7987=LINE('',#19681,#9691);
#7988=LINE('',#19682,#9692);
#7989=LINE('',#19683,#9693);
#7990=LINE('',#19685,#9694);
#7991=LINE('',#19686,#9695);
#7992=LINE('',#19687,#9696);
#7993=LINE('',#19688,#9697);
#7994=LINE('',#19689,#9698);
#7995=LINE('',#19690,#9699);
#7996=LINE('',#19691,#9700);
#7997=LINE('',#19692,#9701);
#7998=LINE('',#19693,#9702);
#7999=LINE('',#19694,#9703);
#8000=LINE('',#19695,#9704);
#8001=LINE('',#19696,#9705);
#8002=LINE('',#19697,#9706);
#8003=LINE('',#19698,#9707);
#8004=LINE('',#19699,#9708);
#8005=LINE('',#19700,#9709);
#8006=LINE('',#19701,#9710);
#8007=LINE('',#19702,#9711);
#8008=LINE('',#19703,#9712);
#8009=LINE('',#19704,#9713);
#8010=LINE('',#19705,#9714);
#8011=LINE('',#19706,#9715);
#8012=LINE('',#19707,#9716);
#8013=LINE('',#19708,#9717);
#8014=LINE('',#19709,#9718);
#8015=LINE('',#19710,#9719);
#8016=LINE('',#19711,#9720);
#8017=LINE('',#19712,#9721);
#8018=LINE('',#19713,#9722);
#8019=LINE('',#19714,#9723);
#8020=LINE('',#19715,#9724);
#8021=LINE('',#19716,#9725);
#8022=LINE('',#19718,#9726);
#8023=LINE('',#19720,#9727);
#8024=LINE('',#19721,#9728);
#8025=LINE('',#19723,#9729);
#8026=LINE('',#19724,#9730);
#8027=LINE('',#19726,#9731);
#8028=LINE('',#19727,#9732);
#8029=LINE('',#19729,#9733);
#8030=LINE('',#19730,#9734);
#8031=LINE('',#19732,#9735);
#8032=LINE('',#19733,#9736);
#8033=LINE('',#19735,#9737);
#8034=LINE('',#19736,#9738);
#8035=LINE('',#19738,#9739);
#8036=LINE('',#19739,#9740);
#8037=LINE('',#19741,#9741);
#8038=LINE('',#19742,#9742);
#8039=LINE('',#19744,#9743);
#8040=LINE('',#19745,#9744);
#8041=LINE('',#19747,#9745);
#8042=LINE('',#19748,#9746);
#8043=LINE('',#19750,#9747);
#8044=LINE('',#19751,#9748);
#8045=LINE('',#19753,#9749);
#8046=LINE('',#19754,#9750);
#8047=LINE('',#19756,#9751);
#8048=LINE('',#19757,#9752);
#8049=LINE('',#19759,#9753);
#8050=LINE('',#19760,#9754);
#8051=LINE('',#19762,#9755);
#8052=LINE('',#19763,#9756);
#8053=LINE('',#19765,#9757);
#8054=LINE('',#19766,#9758);
#8055=LINE('',#19768,#9759);
#8056=LINE('',#19769,#9760);
#8057=LINE('',#19771,#9761);
#8058=LINE('',#19773,#9762);
#8059=LINE('',#19775,#9763);
#8060=LINE('',#19777,#9764);
#8061=LINE('',#19779,#9765);
#8062=LINE('',#19781,#9766);
#8063=LINE('',#19783,#9767);
#8064=LINE('',#19784,#9768);
#8065=LINE('',#19786,#9769);
#8066=LINE('',#19787,#9770);
#8067=LINE('',#19839,#9771);
#8068=LINE('',#19840,#9772);
#8069=LINE('',#19842,#9773);
#8070=LINE('',#19844,#9774);
#8071=LINE('',#19847,#9775);
#8072=LINE('',#19848,#9776);
#8073=LINE('',#19850,#9777);
#8074=LINE('',#19852,#9778);
#8075=LINE('',#19855,#9779);
#8076=LINE('',#19856,#9780);
#8077=LINE('',#19858,#9781);
#8078=LINE('',#19860,#9782);
#8079=LINE('',#19863,#9783);
#8080=LINE('',#19864,#9784);
#8081=LINE('',#19866,#9785);
#8082=LINE('',#19868,#9786);
#8083=LINE('',#19871,#9787);
#8084=LINE('',#19872,#9788);
#8085=LINE('',#19874,#9789);
#8086=LINE('',#19876,#9790);
#8087=LINE('',#19879,#9791);
#8088=LINE('',#19880,#9792);
#8089=LINE('',#19882,#9793);
#8090=LINE('',#19884,#9794);
#8091=LINE('',#19887,#9795);
#8092=LINE('',#19888,#9796);
#8093=LINE('',#19890,#9797);
#8094=LINE('',#19892,#9798);
#8095=LINE('',#19895,#9799);
#8096=LINE('',#19896,#9800);
#8097=LINE('',#19898,#9801);
#8098=LINE('',#19900,#9802);
#8099=LINE('',#19903,#9803);
#8100=LINE('',#19904,#9804);
#8101=LINE('',#19906,#9805);
#8102=LINE('',#19908,#9806);
#8103=LINE('',#19911,#9807);
#8104=LINE('',#19912,#9808);
#8105=LINE('',#19914,#9809);
#8106=LINE('',#19916,#9810);
#8107=LINE('',#19919,#9811);
#8108=LINE('',#19920,#9812);
#8109=LINE('',#19922,#9813);
#8110=LINE('',#19924,#9814);
#8111=LINE('',#19927,#9815);
#8112=LINE('',#19928,#9816);
#8113=LINE('',#19930,#9817);
#8114=LINE('',#19932,#9818);
#8115=LINE('',#19935,#9819);
#8116=LINE('',#19936,#9820);
#8117=LINE('',#19938,#9821);
#8118=LINE('',#19940,#9822);
#8119=LINE('',#19943,#9823);
#8120=LINE('',#19944,#9824);
#8121=LINE('',#19946,#9825);
#8122=LINE('',#19948,#9826);
#8123=LINE('',#19951,#9827);
#8124=LINE('',#19952,#9828);
#8125=LINE('',#19954,#9829);
#8126=LINE('',#19956,#9830);
#8127=LINE('',#19959,#9831);
#8128=LINE('',#19960,#9832);
#8129=LINE('',#19962,#9833);
#8130=LINE('',#19964,#9834);
#8131=VECTOR('',#13348,39.3700787401575);
#8132=VECTOR('',#13349,39.3700787401575);
#8133=VECTOR('',#13350,39.3700787401575);
#8134=VECTOR('',#13351,39.3700787401575);
#8135=VECTOR('',#13354,39.3700787401575);
#8136=VECTOR('',#13355,39.3700787401575);
#8137=VECTOR('',#13356,39.3700787401575);
#8138=VECTOR('',#13357,39.3700787401575);
#8139=VECTOR('',#13360,39.3700787401575);
#8140=VECTOR('',#13361,39.3700787401575);
#8141=VECTOR('',#13362,39.3700787401575);
#8142=VECTOR('',#13363,39.3700787401575);
#8143=VECTOR('',#13366,39.3700787401575);
#8144=VECTOR('',#13367,39.3700787401575);
#8145=VECTOR('',#13368,39.3700787401575);
#8146=VECTOR('',#13369,39.3700787401575);
#8147=VECTOR('',#13372,39.3700787401575);
#8148=VECTOR('',#13373,39.3700787401575);
#8149=VECTOR('',#13374,39.3700787401575);
#8150=VECTOR('',#13375,39.3700787401575);
#8151=VECTOR('',#13378,39.3700787401575);
#8152=VECTOR('',#13379,39.3700787401575);
#8153=VECTOR('',#13380,39.3700787401575);
#8154=VECTOR('',#13381,39.3700787401575);
#8155=VECTOR('',#13384,39.3700787401575);
#8156=VECTOR('',#13385,39.3700787401575);
#8157=VECTOR('',#13386,39.3700787401575);
#8158=VECTOR('',#13387,39.3700787401575);
#8159=VECTOR('',#13390,39.3700787401575);
#8160=VECTOR('',#13391,39.3700787401575);
#8161=VECTOR('',#13392,39.3700787401575);
#8162=VECTOR('',#13393,39.3700787401575);
#8163=VECTOR('',#13396,39.3700787401575);
#8164=VECTOR('',#13397,39.3700787401575);
#8165=VECTOR('',#13398,39.3700787401575);
#8166=VECTOR('',#13399,39.3700787401575);
#8167=VECTOR('',#13402,39.3700787401575);
#8168=VECTOR('',#13403,39.3700787401575);
#8169=VECTOR('',#13404,39.3700787401575);
#8170=VECTOR('',#13405,39.3700787401575);
#8171=VECTOR('',#13408,39.3700787401575);
#8172=VECTOR('',#13409,39.3700787401575);
#8173=VECTOR('',#13410,39.3700787401575);
#8174=VECTOR('',#13411,39.3700787401575);
#8175=VECTOR('',#13414,39.3700787401575);
#8176=VECTOR('',#13415,39.3700787401575);
#8177=VECTOR('',#13416,39.3700787401575);
#8178=VECTOR('',#13417,39.3700787401575);
#8179=VECTOR('',#13420,39.3700787401575);
#8180=VECTOR('',#13421,39.3700787401575);
#8181=VECTOR('',#13422,39.3700787401575);
#8182=VECTOR('',#13423,39.3700787401575);
#8183=VECTOR('',#13426,39.3700787401575);
#8184=VECTOR('',#13427,39.3700787401575);
#8185=VECTOR('',#13428,39.3700787401575);
#8186=VECTOR('',#13429,39.3700787401575);
#8187=VECTOR('',#13432,39.3700787401575);
#8188=VECTOR('',#13433,39.3700787401575);
#8189=VECTOR('',#13434,39.3700787401575);
#8190=VECTOR('',#13435,39.3700787401575);
#8191=VECTOR('',#13438,39.3700787401575);
#8192=VECTOR('',#13439,39.3700787401575);
#8193=VECTOR('',#13440,39.3700787401575);
#8194=VECTOR('',#13441,39.3700787401575);
#8195=VECTOR('',#13444,39.3700787401575);
#8196=VECTOR('',#13445,39.3700787401575);
#8197=VECTOR('',#13446,39.3700787401575);
#8198=VECTOR('',#13447,39.3700787401575);
#8199=VECTOR('',#13450,39.3700787401575);
#8200=VECTOR('',#13451,39.3700787401575);
#8201=VECTOR('',#13452,39.3700787401575);
#8202=VECTOR('',#13453,39.3700787401575);
#8203=VECTOR('',#13456,39.3700787401575);
#8204=VECTOR('',#13457,39.3700787401575);
#8205=VECTOR('',#13458,39.3700787401575);
#8206=VECTOR('',#13459,39.3700787401575);
#8207=VECTOR('',#13460,39.3700787401575);
#8208=VECTOR('',#13461,39.3700787401575);
#8209=VECTOR('',#13462,39.3700787401575);
#8210=VECTOR('',#13463,39.3700787401575);
#8211=VECTOR('',#13464,39.3700787401575);
#8212=VECTOR('',#13465,39.3700787401575);
#8213=VECTOR('',#13466,39.3700787401575);
#8214=VECTOR('',#13467,39.3700787401575);
#8215=VECTOR('',#13468,39.3700787401575);
#8216=VECTOR('',#13469,39.3700787401575);
#8217=VECTOR('',#13470,39.3700787401575);
#8218=VECTOR('',#13471,39.3700787401575);
#8219=VECTOR('',#13472,39.3700787401575);
#8220=VECTOR('',#13473,39.3700787401575);
#8221=VECTOR('',#13474,39.3700787401575);
#8222=VECTOR('',#13475,39.3700787401575);
#8223=VECTOR('',#13476,39.3700787401575);
#8224=VECTOR('',#13477,39.3700787401575);
#8225=VECTOR('',#13478,39.3700787401575);
#8226=VECTOR('',#13479,39.3700787401575);
#8227=VECTOR('',#13480,39.3700787401575);
#8228=VECTOR('',#13481,39.3700787401575);
#8229=VECTOR('',#13482,39.3700787401575);
#8230=VECTOR('',#13485,39.3700787401575);
#8231=VECTOR('',#13486,39.3700787401575);
#8232=VECTOR('',#13487,39.3700787401575);
#8233=VECTOR('',#13488,39.3700787401575);
#8234=VECTOR('',#13489,39.3700787401575);
#8235=VECTOR('',#13490,39.3700787401575);
#8236=VECTOR('',#13491,39.3700787401575);
#8237=VECTOR('',#13492,39.3700787401575);
#8238=VECTOR('',#13493,39.3700787401575);
#8239=VECTOR('',#13494,39.3700787401575);
#8240=VECTOR('',#13495,39.3700787401575);
#8241=VECTOR('',#13496,39.3700787401575);
#8242=VECTOR('',#13497,39.3700787401575);
#8243=VECTOR('',#13498,39.3700787401575);
#8244=VECTOR('',#13499,39.3700787401575);
#8245=VECTOR('',#13500,39.3700787401575);
#8246=VECTOR('',#13501,39.3700787401575);
#8247=VECTOR('',#13502,39.3700787401575);
#8248=VECTOR('',#13503,39.3700787401575);
#8249=VECTOR('',#13504,39.3700787401575);
#8250=VECTOR('',#13505,39.3700787401575);
#8251=VECTOR('',#13506,39.3700787401575);
#8252=VECTOR('',#13507,39.3700787401575);
#8253=VECTOR('',#13508,39.3700787401575);
#8254=VECTOR('',#13509,39.3700787401575);
#8255=VECTOR('',#13510,39.3700787401575);
#8256=VECTOR('',#13511,39.3700787401575);
#8257=VECTOR('',#13514,39.3700787401575);
#8258=VECTOR('',#13515,39.3700787401575);
#8259=VECTOR('',#13516,39.3700787401575);
#8260=VECTOR('',#13519,39.3700787401575);
#8261=VECTOR('',#13520,39.3700787401575);
#8262=VECTOR('',#13521,39.3700787401575);
#8263=VECTOR('',#13524,39.3700787401575);
#8264=VECTOR('',#13525,39.3700787401575);
#8265=VECTOR('',#13526,39.3700787401575);
#8266=VECTOR('',#13529,39.3700787401575);
#8267=VECTOR('',#13530,39.3700787401575);
#8268=VECTOR('',#13531,39.3700787401575);
#8269=VECTOR('',#13534,39.3700787401575);
#8270=VECTOR('',#13535,39.3700787401575);
#8271=VECTOR('',#13536,39.3700787401575);
#8272=VECTOR('',#13539,39.3700787401575);
#8273=VECTOR('',#13540,39.3700787401575);
#8274=VECTOR('',#13541,39.3700787401575);
#8275=VECTOR('',#13544,39.3700787401575);
#8276=VECTOR('',#13545,39.3700787401575);
#8277=VECTOR('',#13546,39.3700787401575);
#8278=VECTOR('',#13549,39.3700787401575);
#8279=VECTOR('',#13550,39.3700787401575);
#8280=VECTOR('',#13551,39.3700787401575);
#8281=VECTOR('',#13554,39.3700787401575);
#8282=VECTOR('',#13555,39.3700787401575);
#8283=VECTOR('',#13556,39.3700787401575);
#8284=VECTOR('',#13559,39.3700787401575);
#8285=VECTOR('',#13560,39.3700787401575);
#8286=VECTOR('',#13561,39.3700787401575);
#8287=VECTOR('',#13564,39.3700787401575);
#8288=VECTOR('',#13565,39.3700787401575);
#8289=VECTOR('',#13566,39.3700787401575);
#8290=VECTOR('',#13569,39.3700787401575);
#8291=VECTOR('',#13570,39.3700787401575);
#8292=VECTOR('',#13571,39.3700787401575);
#8293=VECTOR('',#13574,39.3700787401575);
#8294=VECTOR('',#13575,39.3700787401575);
#8295=VECTOR('',#13576,39.3700787401575);
#8296=VECTOR('',#13579,39.3700787401575);
#8297=VECTOR('',#13580,39.3700787401575);
#8298=VECTOR('',#13581,39.3700787401575);
#8299=VECTOR('',#13584,39.3700787401575);
#8300=VECTOR('',#13585,39.3700787401575);
#8301=VECTOR('',#13586,39.3700787401575);
#8302=VECTOR('',#13589,39.3700787401575);
#8303=VECTOR('',#13590,39.3700787401575);
#8304=VECTOR('',#13591,39.3700787401575);
#8305=VECTOR('',#13594,39.3700787401575);
#8306=VECTOR('',#13595,39.3700787401575);
#8307=VECTOR('',#13596,39.3700787401575);
#8308=VECTOR('',#13599,39.3700787401575);
#8309=VECTOR('',#13600,39.3700787401575);
#8310=VECTOR('',#13601,39.3700787401575);
#8311=VECTOR('',#13604,39.3700787401575);
#8312=VECTOR('',#13605,39.3700787401575);
#8313=VECTOR('',#13608,39.3700787401575);
#8314=VECTOR('',#13609,39.3700787401575);
#8315=VECTOR('',#13612,39.3700787401575);
#8316=VECTOR('',#13613,39.3700787401575);
#8317=VECTOR('',#13614,39.3700787401575);
#8318=VECTOR('',#13615,39.3700787401575);
#8319=VECTOR('',#13618,39.3700787401575);
#8320=VECTOR('',#13619,39.3700787401575);
#8321=VECTOR('',#13620,39.3700787401575);
#8322=VECTOR('',#13623,39.3700787401575);
#8323=VECTOR('',#13624,39.3700787401575);
#8324=VECTOR('',#13625,39.3700787401575);
#8325=VECTOR('',#13628,39.3700787401575);
#8326=VECTOR('',#13629,39.3700787401575);
#8327=VECTOR('',#13630,39.3700787401575);
#8328=VECTOR('',#13631,39.3700787401575);
#8329=VECTOR('',#13634,39.3700787401575);
#8330=VECTOR('',#13635,39.3700787401575);
#8331=VECTOR('',#13636,39.3700787401575);
#8332=VECTOR('',#13639,39.3700787401575);
#8333=VECTOR('',#13640,39.3700787401575);
#8334=VECTOR('',#13641,39.3700787401575);
#8335=VECTOR('',#13644,39.3700787401575);
#8336=VECTOR('',#13645,39.3700787401575);
#8337=VECTOR('',#13646,39.3700787401575);
#8338=VECTOR('',#13647,39.3700787401575);
#8339=VECTOR('',#13650,39.3700787401575);
#8340=VECTOR('',#13651,39.3700787401575);
#8341=VECTOR('',#13652,39.3700787401575);
#8342=VECTOR('',#13655,39.3700787401575);
#8343=VECTOR('',#13656,39.3700787401575);
#8344=VECTOR('',#13657,39.3700787401575);
#8345=VECTOR('',#13660,39.3700787401575);
#8346=VECTOR('',#13661,39.3700787401575);
#8347=VECTOR('',#13662,39.3700787401575);
#8348=VECTOR('',#13663,39.3700787401575);
#8349=VECTOR('',#13666,39.3700787401575);
#8350=VECTOR('',#13667,39.3700787401575);
#8351=VECTOR('',#13668,39.3700787401575);
#8352=VECTOR('',#13671,39.3700787401575);
#8353=VECTOR('',#13672,39.3700787401575);
#8354=VECTOR('',#13673,39.3700787401575);
#8355=VECTOR('',#13676,39.3700787401575);
#8356=VECTOR('',#13677,39.3700787401575);
#8357=VECTOR('',#13678,39.3700787401575);
#8358=VECTOR('',#13679,39.3700787401575);
#8359=VECTOR('',#13682,39.3700787401575);
#8360=VECTOR('',#13683,39.3700787401575);
#8361=VECTOR('',#13684,39.3700787401575);
#8362=VECTOR('',#13687,39.3700787401575);
#8363=VECTOR('',#13688,39.3700787401575);
#8364=VECTOR('',#13689,39.3700787401575);
#8365=VECTOR('',#13692,39.3700787401575);
#8366=VECTOR('',#13693,39.3700787401575);
#8367=VECTOR('',#13694,39.3700787401575);
#8368=VECTOR('',#13695,39.3700787401575);
#8369=VECTOR('',#13698,39.3700787401575);
#8370=VECTOR('',#13699,39.3700787401575);
#8371=VECTOR('',#13700,39.3700787401575);
#8372=VECTOR('',#13703,39.3700787401575);
#8373=VECTOR('',#13704,39.3700787401575);
#8374=VECTOR('',#13705,39.3700787401575);
#8375=VECTOR('',#13708,39.3700787401575);
#8376=VECTOR('',#13709,39.3700787401575);
#8377=VECTOR('',#13710,39.3700787401575);
#8378=VECTOR('',#13711,39.3700787401575);
#8379=VECTOR('',#13714,39.3700787401575);
#8380=VECTOR('',#13715,39.3700787401575);
#8381=VECTOR('',#13716,39.3700787401575);
#8382=VECTOR('',#13719,39.3700787401575);
#8383=VECTOR('',#13720,39.3700787401575);
#8384=VECTOR('',#13721,39.3700787401575);
#8385=VECTOR('',#13724,39.3700787401575);
#8386=VECTOR('',#13725,39.3700787401575);
#8387=VECTOR('',#13726,39.3700787401575);
#8388=VECTOR('',#13727,39.3700787401575);
#8389=VECTOR('',#13730,39.3700787401575);
#8390=VECTOR('',#13731,39.3700787401575);
#8391=VECTOR('',#13732,39.3700787401575);
#8392=VECTOR('',#13735,39.3700787401575);
#8393=VECTOR('',#13736,39.3700787401575);
#8394=VECTOR('',#13737,39.3700787401575);
#8395=VECTOR('',#13740,39.3700787401575);
#8396=VECTOR('',#13741,39.3700787401575);
#8397=VECTOR('',#13742,39.3700787401575);
#8398=VECTOR('',#13743,39.3700787401575);
#8399=VECTOR('',#13746,39.3700787401575);
#8400=VECTOR('',#13747,39.3700787401575);
#8401=VECTOR('',#13748,39.3700787401575);
#8402=VECTOR('',#13751,39.3700787401575);
#8403=VECTOR('',#13752,39.3700787401575);
#8404=VECTOR('',#13753,39.3700787401575);
#8405=VECTOR('',#13756,39.3700787401575);
#8406=VECTOR('',#13757,39.3700787401575);
#8407=VECTOR('',#13758,39.3700787401575);
#8408=VECTOR('',#13759,39.3700787401575);
#8409=VECTOR('',#13762,39.3700787401575);
#8410=VECTOR('',#13763,39.3700787401575);
#8411=VECTOR('',#13764,39.3700787401575);
#8412=VECTOR('',#13767,39.3700787401575);
#8413=VECTOR('',#13768,39.3700787401575);
#8414=VECTOR('',#13769,39.3700787401575);
#8415=VECTOR('',#13772,39.3700787401575);
#8416=VECTOR('',#13773,39.3700787401575);
#8417=VECTOR('',#13774,39.3700787401575);
#8418=VECTOR('',#13775,39.3700787401575);
#8419=VECTOR('',#13778,39.3700787401575);
#8420=VECTOR('',#13779,39.3700787401575);
#8421=VECTOR('',#13780,39.3700787401575);
#8422=VECTOR('',#13783,39.3700787401575);
#8423=VECTOR('',#13784,39.3700787401575);
#8424=VECTOR('',#13785,39.3700787401575);
#8425=VECTOR('',#13788,39.3700787401575);
#8426=VECTOR('',#13789,39.3700787401575);
#8427=VECTOR('',#13790,39.3700787401575);
#8428=VECTOR('',#13791,39.3700787401575);
#8429=VECTOR('',#13794,39.3700787401575);
#8430=VECTOR('',#13795,39.3700787401575);
#8431=VECTOR('',#13796,39.3700787401575);
#8432=VECTOR('',#13799,39.3700787401575);
#8433=VECTOR('',#13800,39.3700787401575);
#8434=VECTOR('',#13801,39.3700787401575);
#8435=VECTOR('',#13804,39.3700787401575);
#8436=VECTOR('',#13805,39.3700787401575);
#8437=VECTOR('',#13806,39.3700787401575);
#8438=VECTOR('',#13807,39.3700787401575);
#8439=VECTOR('',#13810,39.3700787401575);
#8440=VECTOR('',#13811,39.3700787401575);
#8441=VECTOR('',#13812,39.3700787401575);
#8442=VECTOR('',#13815,39.3700787401575);
#8443=VECTOR('',#13816,39.3700787401575);
#8444=VECTOR('',#13817,39.3700787401575);
#8445=VECTOR('',#13820,39.3700787401575);
#8446=VECTOR('',#13821,39.3700787401575);
#8447=VECTOR('',#13822,39.3700787401575);
#8448=VECTOR('',#13823,39.3700787401575);
#8449=VECTOR('',#13826,39.3700787401575);
#8450=VECTOR('',#13827,39.3700787401575);
#8451=VECTOR('',#13828,39.3700787401575);
#8452=VECTOR('',#13831,39.3700787401575);
#8453=VECTOR('',#13832,39.3700787401575);
#8454=VECTOR('',#13833,39.3700787401575);
#8455=VECTOR('',#13836,39.3700787401575);
#8456=VECTOR('',#13837,39.3700787401575);
#8457=VECTOR('',#13838,39.3700787401575);
#8458=VECTOR('',#13839,39.3700787401575);
#8459=VECTOR('',#13842,39.3700787401575);
#8460=VECTOR('',#13843,39.3700787401575);
#8461=VECTOR('',#13844,39.3700787401575);
#8462=VECTOR('',#13847,39.3700787401575);
#8463=VECTOR('',#13848,39.3700787401575);
#8464=VECTOR('',#13849,39.3700787401575);
#8465=VECTOR('',#13852,39.3700787401575);
#8466=VECTOR('',#13853,39.3700787401575);
#8467=VECTOR('',#13854,39.3700787401575);
#8468=VECTOR('',#13855,39.3700787401575);
#8469=VECTOR('',#13858,39.3700787401575);
#8470=VECTOR('',#13859,39.3700787401575);
#8471=VECTOR('',#13860,39.3700787401575);
#8472=VECTOR('',#13863,39.3700787401575);
#8473=VECTOR('',#13864,39.3700787401575);
#8474=VECTOR('',#13865,39.3700787401575);
#8475=VECTOR('',#13868,39.3700787401575);
#8476=VECTOR('',#13869,39.3700787401575);
#8477=VECTOR('',#13872,39.3700787401575);
#8478=VECTOR('',#13873,39.3700787401575);
#8479=VECTOR('',#13876,39.3700787401575);
#8480=VECTOR('',#13877,39.3700787401575);
#8481=VECTOR('',#13880,39.3700787401575);
#8482=VECTOR('',#13881,39.3700787401575);
#8483=VECTOR('',#13884,39.3700787401575);
#8484=VECTOR('',#13885,39.3700787401575);
#8485=VECTOR('',#13888,39.3700787401575);
#8486=VECTOR('',#13889,39.3700787401575);
#8487=VECTOR('',#13892,39.3700787401575);
#8488=VECTOR('',#13893,39.3700787401575);
#8489=VECTOR('',#13896,39.3700787401575);
#8490=VECTOR('',#13897,39.3700787401575);
#8491=VECTOR('',#13900,39.3700787401575);
#8492=VECTOR('',#13901,39.3700787401575);
#8493=VECTOR('',#13904,39.3700787401575);
#8494=VECTOR('',#13905,39.3700787401575);
#8495=VECTOR('',#13908,39.3700787401575);
#8496=VECTOR('',#13909,39.3700787401575);
#8497=VECTOR('',#13912,39.3700787401575);
#8498=VECTOR('',#13913,39.3700787401575);
#8499=VECTOR('',#13916,39.3700787401575);
#8500=VECTOR('',#13917,39.3700787401575);
#8501=VECTOR('',#13920,39.3700787401575);
#8502=VECTOR('',#13921,39.3700787401575);
#8503=VECTOR('',#13924,39.3700787401575);
#8504=VECTOR('',#13925,39.3700787401575);
#8505=VECTOR('',#13928,39.3700787401575);
#8506=VECTOR('',#13929,39.3700787401575);
#8507=VECTOR('',#13966,39.3700787401575);
#8508=VECTOR('',#13967,39.3700787401575);
#8509=VECTOR('',#13968,39.3700787401575);
#8510=VECTOR('',#13969,39.3700787401575);
#8511=VECTOR('',#13970,39.3700787401575);
#8512=VECTOR('',#13971,39.3700787401575);
#8513=VECTOR('',#13972,39.3700787401575);
#8514=VECTOR('',#13973,39.3700787401575);
#8515=VECTOR('',#13974,39.3700787401575);
#8516=VECTOR('',#13975,39.3700787401575);
#8517=VECTOR('',#13976,39.3700787401575);
#8518=VECTOR('',#13977,39.3700787401575);
#8519=VECTOR('',#13978,39.3700787401575);
#8520=VECTOR('',#13979,39.3700787401575);
#8521=VECTOR('',#13980,39.3700787401575);
#8522=VECTOR('',#13981,39.3700787401575);
#8523=VECTOR('',#13982,39.3700787401575);
#8524=VECTOR('',#13983,39.3700787401575);
#8525=VECTOR('',#13984,39.3700787401575);
#8526=VECTOR('',#13985,39.3700787401575);
#8527=VECTOR('',#13986,39.3700787401575);
#8528=VECTOR('',#13987,39.3700787401575);
#8529=VECTOR('',#13988,39.3700787401575);
#8530=VECTOR('',#13989,39.3700787401575);
#8531=VECTOR('',#13990,39.3700787401575);
#8532=VECTOR('',#13991,39.3700787401575);
#8533=VECTOR('',#13992,39.3700787401575);
#8534=VECTOR('',#13993,39.3700787401575);
#8535=VECTOR('',#13994,39.3700787401575);
#8536=VECTOR('',#13995,39.3700787401575);
#8537=VECTOR('',#13996,39.3700787401575);
#8538=VECTOR('',#13997,39.3700787401575);
#8539=VECTOR('',#14066,39.3700787401575);
#8540=VECTOR('',#14067,39.3700787401575);
#8541=VECTOR('',#14068,39.3700787401575);
#8542=VECTOR('',#14069,39.3700787401575);
#8543=VECTOR('',#14072,39.3700787401575);
#8544=VECTOR('',#14073,39.3700787401575);
#8545=VECTOR('',#14074,39.3700787401575);
#8546=VECTOR('',#14077,39.3700787401575);
#8547=VECTOR('',#14078,39.3700787401575);
#8548=VECTOR('',#14079,39.3700787401575);
#8549=VECTOR('',#14082,39.3700787401575);
#8550=VECTOR('',#14083,39.3700787401575);
#8551=VECTOR('',#14086,39.3700787401575);
#8552=VECTOR('',#14087,39.3700787401575);
#8553=VECTOR('',#14088,39.3700787401575);
#8554=VECTOR('',#14089,39.3700787401575);
#8555=VECTOR('',#14092,39.3700787401575);
#8556=VECTOR('',#14093,39.3700787401575);
#8557=VECTOR('',#14094,39.3700787401575);
#8558=VECTOR('',#14095,39.3700787401575);
#8559=VECTOR('',#14098,39.3700787401575);
#8560=VECTOR('',#14099,39.3700787401575);
#8561=VECTOR('',#14100,39.3700787401575);
#8562=VECTOR('',#14101,39.3700787401575);
#8563=VECTOR('',#14104,39.3700787401575);
#8564=VECTOR('',#14105,39.3700787401575);
#8565=VECTOR('',#14106,39.3700787401575);
#8566=VECTOR('',#14107,39.3700787401575);
#8567=VECTOR('',#14110,39.3700787401575);
#8568=VECTOR('',#14111,39.3700787401575);
#8569=VECTOR('',#14112,39.3700787401575);
#8570=VECTOR('',#14113,39.3700787401575);
#8571=VECTOR('',#14116,39.3700787401575);
#8572=VECTOR('',#14117,39.3700787401575);
#8573=VECTOR('',#14118,39.3700787401575);
#8574=VECTOR('',#14119,39.3700787401575);
#8575=VECTOR('',#14122,39.3700787401575);
#8576=VECTOR('',#14123,39.3700787401575);
#8577=VECTOR('',#14124,39.3700787401575);
#8578=VECTOR('',#14125,39.3700787401575);
#8579=VECTOR('',#14128,39.3700787401575);
#8580=VECTOR('',#14129,39.3700787401575);
#8581=VECTOR('',#14130,39.3700787401575);
#8582=VECTOR('',#14131,39.3700787401575);
#8583=VECTOR('',#14134,39.3700787401575);
#8584=VECTOR('',#14135,39.3700787401575);
#8585=VECTOR('',#14136,39.3700787401575);
#8586=VECTOR('',#14137,39.3700787401575);
#8587=VECTOR('',#14140,39.3700787401575);
#8588=VECTOR('',#14141,39.3700787401575);
#8589=VECTOR('',#14142,39.3700787401575);
#8590=VECTOR('',#14143,39.3700787401575);
#8591=VECTOR('',#14146,39.3700787401575);
#8592=VECTOR('',#14147,39.3700787401575);
#8593=VECTOR('',#14148,39.3700787401575);
#8594=VECTOR('',#14149,39.3700787401575);
#8595=VECTOR('',#14152,39.3700787401575);
#8596=VECTOR('',#14153,39.3700787401575);
#8597=VECTOR('',#14154,39.3700787401575);
#8598=VECTOR('',#14155,39.3700787401575);
#8599=VECTOR('',#14158,39.3700787401575);
#8600=VECTOR('',#14159,39.3700787401575);
#8601=VECTOR('',#14160,39.3700787401575);
#8602=VECTOR('',#14161,39.3700787401575);
#8603=VECTOR('',#14164,39.3700787401575);
#8604=VECTOR('',#14165,39.3700787401575);
#8605=VECTOR('',#14166,39.3700787401575);
#8606=VECTOR('',#14167,39.3700787401575);
#8607=VECTOR('',#14170,39.3700787401575);
#8608=VECTOR('',#14171,39.3700787401575);
#8609=VECTOR('',#14172,39.3700787401575);
#8610=VECTOR('',#14173,39.3700787401575);
#8611=VECTOR('',#14176,39.3700787401575);
#8612=VECTOR('',#14177,39.3700787401575);
#8613=VECTOR('',#14178,39.3700787401575);
#8614=VECTOR('',#14179,39.3700787401575);
#8615=VECTOR('',#14182,39.3700787401575);
#8616=VECTOR('',#14183,39.3700787401575);
#8617=VECTOR('',#14184,39.3700787401575);
#8618=VECTOR('',#14185,39.3700787401575);
#8619=VECTOR('',#14188,39.3700787401575);
#8620=VECTOR('',#14189,39.3700787401575);
#8621=VECTOR('',#14190,39.3700787401575);
#8622=VECTOR('',#14191,39.3700787401575);
#8623=VECTOR('',#14194,39.3700787401575);
#8624=VECTOR('',#14195,39.3700787401575);
#8625=VECTOR('',#14196,39.3700787401575);
#8626=VECTOR('',#14197,39.3700787401575);
#8627=VECTOR('',#14200,39.3700787401575);
#8628=VECTOR('',#14201,39.3700787401575);
#8629=VECTOR('',#14202,39.3700787401575);
#8630=VECTOR('',#14203,39.3700787401575);
#8631=VECTOR('',#14206,39.3700787401575);
#8632=VECTOR('',#14207,39.3700787401575);
#8633=VECTOR('',#14208,39.3700787401575);
#8634=VECTOR('',#14209,39.3700787401575);
#8635=VECTOR('',#14212,39.3700787401575);
#8636=VECTOR('',#14213,39.3700787401575);
#8637=VECTOR('',#14214,39.3700787401575);
#8638=VECTOR('',#14215,39.3700787401575);
#8639=VECTOR('',#14218,39.3700787401575);
#8640=VECTOR('',#14219,39.3700787401575);
#8641=VECTOR('',#14220,39.3700787401575);
#8642=VECTOR('',#14221,39.3700787401575);
#8643=VECTOR('',#14224,39.3700787401575);
#8644=VECTOR('',#14225,39.3700787401575);
#8645=VECTOR('',#14226,39.3700787401575);
#8646=VECTOR('',#14227,39.3700787401575);
#8647=VECTOR('',#14230,39.3700787401575);
#8648=VECTOR('',#14231,39.3700787401575);
#8649=VECTOR('',#14232,39.3700787401575);
#8650=VECTOR('',#14233,39.3700787401575);
#8651=VECTOR('',#14236,39.3700787401575);
#8652=VECTOR('',#14237,39.3700787401575);
#8653=VECTOR('',#14238,39.3700787401575);
#8654=VECTOR('',#14239,39.3700787401575);
#8655=VECTOR('',#14242,39.3700787401575);
#8656=VECTOR('',#14243,39.3700787401575);
#8657=VECTOR('',#14244,39.3700787401575);
#8658=VECTOR('',#14245,39.3700787401575);
#8659=VECTOR('',#14248,39.3700787401575);
#8660=VECTOR('',#14249,39.3700787401575);
#8661=VECTOR('',#14250,39.3700787401575);
#8662=VECTOR('',#14251,39.3700787401575);
#8663=VECTOR('',#14254,39.3700787401575);
#8664=VECTOR('',#14255,39.3700787401575);
#8665=VECTOR('',#14256,39.3700787401575);
#8666=VECTOR('',#14257,39.3700787401575);
#8667=VECTOR('',#14260,39.3700787401575);
#8668=VECTOR('',#14261,39.3700787401575);
#8669=VECTOR('',#14262,39.3700787401575);
#8670=VECTOR('',#14263,39.3700787401575);
#8671=VECTOR('',#14266,39.3700787401575);
#8672=VECTOR('',#14267,39.3700787401575);
#8673=VECTOR('',#14268,39.3700787401575);
#8674=VECTOR('',#14269,39.3700787401575);
#8675=VECTOR('',#14272,39.3700787401575);
#8676=VECTOR('',#14273,39.3700787401575);
#8677=VECTOR('',#14274,39.3700787401575);
#8678=VECTOR('',#14275,39.3700787401575);
#8679=VECTOR('',#14278,39.3700787401575);
#8680=VECTOR('',#14279,39.3700787401575);
#8681=VECTOR('',#14280,39.3700787401575);
#8682=VECTOR('',#14281,39.3700787401575);
#8683=VECTOR('',#14284,39.3700787401575);
#8684=VECTOR('',#14285,39.3700787401575);
#8685=VECTOR('',#14286,39.3700787401575);
#8686=VECTOR('',#14287,39.3700787401575);
#8687=VECTOR('',#14290,39.3700787401575);
#8688=VECTOR('',#14291,39.3700787401575);
#8689=VECTOR('',#14292,39.3700787401575);
#8690=VECTOR('',#14293,39.3700787401575);
#8691=VECTOR('',#14296,39.3700787401575);
#8692=VECTOR('',#14297,39.3700787401575);
#8693=VECTOR('',#14298,39.3700787401575);
#8694=VECTOR('',#14299,39.3700787401575);
#8695=VECTOR('',#14302,39.3700787401575);
#8696=VECTOR('',#14303,39.3700787401575);
#8697=VECTOR('',#14304,39.3700787401575);
#8698=VECTOR('',#14305,39.3700787401575);
#8699=VECTOR('',#14308,39.3700787401575);
#8700=VECTOR('',#14309,39.3700787401575);
#8701=VECTOR('',#14310,39.3700787401575);
#8702=VECTOR('',#14311,39.3700787401575);
#8703=VECTOR('',#14314,39.3700787401575);
#8704=VECTOR('',#14315,39.3700787401575);
#8705=VECTOR('',#14316,39.3700787401575);
#8706=VECTOR('',#14317,39.3700787401575);
#8707=VECTOR('',#14320,39.3700787401575);
#8708=VECTOR('',#14321,39.3700787401575);
#8709=VECTOR('',#14322,39.3700787401575);
#8710=VECTOR('',#14323,39.3700787401575);
#8711=VECTOR('',#14326,39.3700787401575);
#8712=VECTOR('',#14327,39.3700787401575);
#8713=VECTOR('',#14328,39.3700787401575);
#8714=VECTOR('',#14329,39.3700787401575);
#8715=VECTOR('',#14332,39.3700787401575);
#8716=VECTOR('',#14333,39.3700787401575);
#8717=VECTOR('',#14334,39.3700787401575);
#8718=VECTOR('',#14335,39.3700787401575);
#8719=VECTOR('',#14338,39.3700787401575);
#8720=VECTOR('',#14339,39.3700787401575);
#8721=VECTOR('',#14340,39.3700787401575);
#8722=VECTOR('',#14341,39.3700787401575);
#8723=VECTOR('',#14344,39.3700787401575);
#8724=VECTOR('',#14345,39.3700787401575);
#8725=VECTOR('',#14346,39.3700787401575);
#8726=VECTOR('',#14347,39.3700787401575);
#8727=VECTOR('',#14350,39.3700787401575);
#8728=VECTOR('',#14351,39.3700787401575);
#8729=VECTOR('',#14352,39.3700787401575);
#8730=VECTOR('',#14353,39.3700787401575);
#8731=VECTOR('',#14356,39.3700787401575);
#8732=VECTOR('',#14357,39.3700787401575);
#8733=VECTOR('',#14358,39.3700787401575);
#8734=VECTOR('',#14359,39.3700787401575);
#8735=VECTOR('',#14362,39.3700787401575);
#8736=VECTOR('',#14363,39.3700787401575);
#8737=VECTOR('',#14364,39.3700787401575);
#8738=VECTOR('',#14365,39.3700787401575);
#8739=VECTOR('',#14368,39.3700787401575);
#8740=VECTOR('',#14369,39.3700787401575);
#8741=VECTOR('',#14370,39.3700787401575);
#8742=VECTOR('',#14371,39.3700787401575);
#8743=VECTOR('',#14374,39.3700787401575);
#8744=VECTOR('',#14375,39.3700787401575);
#8745=VECTOR('',#14376,39.3700787401575);
#8746=VECTOR('',#14379,39.3700787401575);
#8747=VECTOR('',#14380,39.3700787401575);
#8748=VECTOR('',#14381,39.3700787401575);
#8749=VECTOR('',#14384,39.3700787401575);
#8750=VECTOR('',#14385,39.3700787401575);
#8751=VECTOR('',#14386,39.3700787401575);
#8752=VECTOR('',#14389,39.3700787401575);
#8753=VECTOR('',#14390,39.3700787401575);
#8754=VECTOR('',#14391,39.3700787401575);
#8755=VECTOR('',#14394,39.3700787401575);
#8756=VECTOR('',#14395,39.3700787401575);
#8757=VECTOR('',#14396,39.3700787401575);
#8758=VECTOR('',#14399,39.3700787401575);
#8759=VECTOR('',#14400,39.3700787401575);
#8760=VECTOR('',#14401,39.3700787401575);
#8761=VECTOR('',#14404,39.3700787401575);
#8762=VECTOR('',#14405,39.3700787401575);
#8763=VECTOR('',#14406,39.3700787401575);
#8764=VECTOR('',#14409,39.3700787401575);
#8765=VECTOR('',#14410,39.3700787401575);
#8766=VECTOR('',#14411,39.3700787401575);
#8767=VECTOR('',#14414,39.3700787401575);
#8768=VECTOR('',#14415,39.3700787401575);
#8769=VECTOR('',#14416,39.3700787401575);
#8770=VECTOR('',#14419,39.3700787401575);
#8771=VECTOR('',#14420,39.3700787401575);
#8772=VECTOR('',#14421,39.3700787401575);
#8773=VECTOR('',#14424,39.3700787401575);
#8774=VECTOR('',#14425,39.3700787401575);
#8775=VECTOR('',#14426,39.3700787401575);
#8776=VECTOR('',#14429,39.3700787401575);
#8777=VECTOR('',#14430,39.3700787401575);
#8778=VECTOR('',#14431,39.3700787401575);
#8779=VECTOR('',#14434,39.3700787401575);
#8780=VECTOR('',#14435,39.3700787401575);
#8781=VECTOR('',#14436,39.3700787401575);
#8782=VECTOR('',#14439,39.3700787401575);
#8783=VECTOR('',#14440,39.3700787401575);
#8784=VECTOR('',#14441,39.3700787401575);
#8785=VECTOR('',#14444,39.3700787401575);
#8786=VECTOR('',#14445,39.3700787401575);
#8787=VECTOR('',#14446,39.3700787401575);
#8788=VECTOR('',#14449,39.3700787401575);
#8789=VECTOR('',#14450,39.3700787401575);
#8790=VECTOR('',#14451,39.3700787401575);
#8791=VECTOR('',#14454,39.3700787401575);
#8792=VECTOR('',#14455,39.3700787401575);
#8793=VECTOR('',#14456,39.3700787401575);
#8794=VECTOR('',#14459,39.3700787401575);
#8795=VECTOR('',#14460,39.3700787401575);
#8796=VECTOR('',#14461,39.3700787401575);
#8797=VECTOR('',#14464,39.3700787401575);
#8798=VECTOR('',#14465,39.3700787401575);
#8799=VECTOR('',#14466,39.3700787401575);
#8800=VECTOR('',#14469,39.3700787401575);
#8801=VECTOR('',#14470,39.3700787401575);
#8802=VECTOR('',#14471,39.3700787401575);
#8803=VECTOR('',#14474,39.3700787401575);
#8804=VECTOR('',#14475,39.3700787401575);
#8805=VECTOR('',#14476,39.3700787401575);
#8806=VECTOR('',#14479,39.3700787401575);
#8807=VECTOR('',#14480,39.3700787401575);
#8808=VECTOR('',#14481,39.3700787401575);
#8809=VECTOR('',#14484,39.3700787401575);
#8810=VECTOR('',#14485,39.3700787401575);
#8811=VECTOR('',#14486,39.3700787401575);
#8812=VECTOR('',#14489,39.3700787401575);
#8813=VECTOR('',#14490,39.3700787401575);
#8814=VECTOR('',#14491,39.3700787401575);
#8815=VECTOR('',#14494,39.3700787401575);
#8816=VECTOR('',#14495,39.3700787401575);
#8817=VECTOR('',#14496,39.3700787401575);
#8818=VECTOR('',#14499,39.3700787401575);
#8819=VECTOR('',#14500,39.3700787401575);
#8820=VECTOR('',#14501,39.3700787401575);
#8821=VECTOR('',#14504,39.3700787401575);
#8822=VECTOR('',#14505,39.3700787401575);
#8823=VECTOR('',#14506,39.3700787401575);
#8824=VECTOR('',#14509,39.3700787401575);
#8825=VECTOR('',#14510,39.3700787401575);
#8826=VECTOR('',#14511,39.3700787401575);
#8827=VECTOR('',#14514,39.3700787401575);
#8828=VECTOR('',#14515,39.3700787401575);
#8829=VECTOR('',#14516,39.3700787401575);
#8830=VECTOR('',#14519,39.3700787401575);
#8831=VECTOR('',#14520,39.3700787401575);
#8832=VECTOR('',#14521,39.3700787401575);
#8833=VECTOR('',#14524,39.3700787401575);
#8834=VECTOR('',#14525,39.3700787401575);
#8835=VECTOR('',#14526,39.3700787401575);
#8836=VECTOR('',#14529,39.3700787401575);
#8837=VECTOR('',#14530,39.3700787401575);
#8838=VECTOR('',#14531,39.3700787401575);
#8839=VECTOR('',#14534,39.3700787401575);
#8840=VECTOR('',#14537,39.3700787401575);
#8841=VECTOR('',#14540,39.3700787401575);
#8842=VECTOR('',#14543,39.3700787401575);
#8843=VECTOR('',#14546,39.3700787401575);
#8844=VECTOR('',#14549,39.3700787401575);
#8845=VECTOR('',#14552,39.3700787401575);
#8846=VECTOR('',#14555,39.3700787401575);
#8847=VECTOR('',#14558,39.3700787401575);
#8848=VECTOR('',#14561,39.3700787401575);
#8849=VECTOR('',#14564,39.3700787401575);
#8850=VECTOR('',#14567,39.3700787401575);
#8851=VECTOR('',#14570,39.3700787401575);
#8852=VECTOR('',#14573,39.3700787401575);
#8853=VECTOR('',#14576,39.3700787401575);
#8854=VECTOR('',#14579,39.3700787401575);
#8855=VECTOR('',#14582,39.3700787401575);
#8856=VECTOR('',#14585,39.3700787401575);
#8857=VECTOR('',#14588,39.3700787401575);
#8858=VECTOR('',#14591,39.3700787401575);
#8859=VECTOR('',#14594,39.3700787401575);
#8860=VECTOR('',#14597,39.3700787401575);
#8861=VECTOR('',#14600,39.3700787401575);
#8862=VECTOR('',#14603,39.3700787401575);
#8863=VECTOR('',#14606,39.3700787401575);
#8864=VECTOR('',#14609,39.3700787401575);
#8865=VECTOR('',#14612,39.3700787401575);
#8866=VECTOR('',#14615,39.3700787401575);
#8867=VECTOR('',#14618,39.3700787401575);
#8868=VECTOR('',#14621,39.3700787401575);
#8869=VECTOR('',#14624,39.3700787401575);
#8870=VECTOR('',#14627,39.3700787401575);
#8871=VECTOR('',#14700,39.3700787401575);
#8872=VECTOR('',#14701,39.3700787401575);
#8873=VECTOR('',#14702,39.3700787401575);
#8874=VECTOR('',#14703,39.3700787401575);
#8875=VECTOR('',#14706,39.3700787401575);
#8876=VECTOR('',#14707,39.3700787401575);
#8877=VECTOR('',#14708,39.3700787401575);
#8878=VECTOR('',#14711,39.3700787401575);
#8879=VECTOR('',#14712,39.3700787401575);
#8880=VECTOR('',#14713,39.3700787401575);
#8881=VECTOR('',#14716,39.3700787401575);
#8882=VECTOR('',#14717,39.3700787401575);
#8883=VECTOR('',#14720,39.3700787401575);
#8884=VECTOR('',#14721,39.3700787401575);
#8885=VECTOR('',#14722,39.3700787401575);
#8886=VECTOR('',#14725,39.3700787401575);
#8887=VECTOR('',#14726,39.3700787401575);
#8888=VECTOR('',#14727,39.3700787401575);
#8889=VECTOR('',#14728,39.3700787401575);
#8890=VECTOR('',#14729,39.3700787401575);
#8891=VECTOR('',#14730,39.3700787401575);
#8892=VECTOR('',#14733,39.3700787401575);
#8893=VECTOR('',#14734,39.3700787401575);
#8894=VECTOR('',#14735,39.3700787401575);
#8895=VECTOR('',#14738,39.3700787401575);
#8896=VECTOR('',#14739,39.3700787401575);
#8897=VECTOR('',#14740,39.3700787401575);
#8898=VECTOR('',#14741,39.3700787401575);
#8899=VECTOR('',#14742,39.3700787401575);
#8900=VECTOR('',#14743,39.3700787401575);
#8901=VECTOR('',#14746,39.3700787401575);
#8902=VECTOR('',#14747,39.3700787401575);
#8903=VECTOR('',#14750,39.3700787401575);
#8904=VECTOR('',#14751,39.3700787401575);
#8905=VECTOR('',#14752,39.3700787401575);
#8906=VECTOR('',#14755,39.3700787401575);
#8907=VECTOR('',#14756,39.3700787401575);
#8908=VECTOR('',#14757,39.3700787401575);
#8909=VECTOR('',#14758,39.3700787401575);
#8910=VECTOR('',#14759,39.3700787401575);
#8911=VECTOR('',#14760,39.3700787401575);
#8912=VECTOR('',#14763,39.3700787401575);
#8913=VECTOR('',#14764,39.3700787401575);
#8914=VECTOR('',#14765,39.3700787401575);
#8915=VECTOR('',#14768,39.3700787401575);
#8916=VECTOR('',#14769,39.3700787401575);
#8917=VECTOR('',#14770,39.3700787401575);
#8918=VECTOR('',#14771,39.3700787401575);
#8919=VECTOR('',#14772,39.3700787401575);
#8920=VECTOR('',#14773,39.3700787401575);
#8921=VECTOR('',#14776,39.3700787401575);
#8922=VECTOR('',#14777,39.3700787401575);
#8923=VECTOR('',#14780,39.3700787401575);
#8924=VECTOR('',#14781,39.3700787401575);
#8925=VECTOR('',#14782,39.3700787401575);
#8926=VECTOR('',#14785,39.3700787401575);
#8927=VECTOR('',#14786,39.3700787401575);
#8928=VECTOR('',#14787,39.3700787401575);
#8929=VECTOR('',#14788,39.3700787401575);
#8930=VECTOR('',#14789,39.3700787401575);
#8931=VECTOR('',#14790,39.3700787401575);
#8932=VECTOR('',#14793,39.3700787401575);
#8933=VECTOR('',#14794,39.3700787401575);
#8934=VECTOR('',#14795,39.3700787401575);
#8935=VECTOR('',#14798,39.3700787401575);
#8936=VECTOR('',#14799,39.3700787401575);
#8937=VECTOR('',#14800,39.3700787401575);
#8938=VECTOR('',#14801,39.3700787401575);
#8939=VECTOR('',#14802,39.3700787401575);
#8940=VECTOR('',#14803,39.3700787401575);
#8941=VECTOR('',#14806,39.3700787401575);
#8942=VECTOR('',#14807,39.3700787401575);
#8943=VECTOR('',#14810,39.3700787401575);
#8944=VECTOR('',#14811,39.3700787401575);
#8945=VECTOR('',#14812,39.3700787401575);
#8946=VECTOR('',#14815,39.3700787401575);
#8947=VECTOR('',#14816,39.3700787401575);
#8948=VECTOR('',#14817,39.3700787401575);
#8949=VECTOR('',#14818,39.3700787401575);
#8950=VECTOR('',#14819,39.3700787401575);
#8951=VECTOR('',#14820,39.3700787401575);
#8952=VECTOR('',#14823,39.3700787401575);
#8953=VECTOR('',#14824,39.3700787401575);
#8954=VECTOR('',#14825,39.3700787401575);
#8955=VECTOR('',#14828,39.3700787401575);
#8956=VECTOR('',#14829,39.3700787401575);
#8957=VECTOR('',#14830,39.3700787401575);
#8958=VECTOR('',#14831,39.3700787401575);
#8959=VECTOR('',#14832,39.3700787401575);
#8960=VECTOR('',#14833,39.3700787401575);
#8961=VECTOR('',#14836,39.3700787401575);
#8962=VECTOR('',#14837,39.3700787401575);
#8963=VECTOR('',#14840,39.3700787401575);
#8964=VECTOR('',#14841,39.3700787401575);
#8965=VECTOR('',#14842,39.3700787401575);
#8966=VECTOR('',#14845,39.3700787401575);
#8967=VECTOR('',#14846,39.3700787401575);
#8968=VECTOR('',#14847,39.3700787401575);
#8969=VECTOR('',#14848,39.3700787401575);
#8970=VECTOR('',#14849,39.3700787401575);
#8971=VECTOR('',#14850,39.3700787401575);
#8972=VECTOR('',#14853,39.3700787401575);
#8973=VECTOR('',#14854,39.3700787401575);
#8974=VECTOR('',#14855,39.3700787401575);
#8975=VECTOR('',#14858,39.3700787401575);
#8976=VECTOR('',#14859,39.3700787401575);
#8977=VECTOR('',#14860,39.3700787401575);
#8978=VECTOR('',#14861,39.3700787401575);
#8979=VECTOR('',#14862,39.3700787401575);
#8980=VECTOR('',#14863,39.3700787401575);
#8981=VECTOR('',#14866,39.3700787401575);
#8982=VECTOR('',#14867,39.3700787401575);
#8983=VECTOR('',#14870,39.3700787401575);
#8984=VECTOR('',#14871,39.3700787401575);
#8985=VECTOR('',#14872,39.3700787401575);
#8986=VECTOR('',#14875,39.3700787401575);
#8987=VECTOR('',#14876,39.3700787401575);
#8988=VECTOR('',#14877,39.3700787401575);
#8989=VECTOR('',#14878,39.3700787401575);
#8990=VECTOR('',#14879,39.3700787401575);
#8991=VECTOR('',#14880,39.3700787401575);
#8992=VECTOR('',#14883,39.3700787401575);
#8993=VECTOR('',#14884,39.3700787401575);
#8994=VECTOR('',#14885,39.3700787401575);
#8995=VECTOR('',#14888,39.3700787401575);
#8996=VECTOR('',#14889,39.3700787401575);
#8997=VECTOR('',#14890,39.3700787401575);
#8998=VECTOR('',#14891,39.3700787401575);
#8999=VECTOR('',#14892,39.3700787401575);
#9000=VECTOR('',#14893,39.3700787401575);
#9001=VECTOR('',#14896,39.3700787401575);
#9002=VECTOR('',#14897,39.3700787401575);
#9003=VECTOR('',#14900,39.3700787401575);
#9004=VECTOR('',#14901,39.3700787401575);
#9005=VECTOR('',#14902,39.3700787401575);
#9006=VECTOR('',#14905,39.3700787401575);
#9007=VECTOR('',#14906,39.3700787401575);
#9008=VECTOR('',#14907,39.3700787401575);
#9009=VECTOR('',#14908,39.3700787401575);
#9010=VECTOR('',#14909,39.3700787401575);
#9011=VECTOR('',#14910,39.3700787401575);
#9012=VECTOR('',#14913,39.3700787401575);
#9013=VECTOR('',#14914,39.3700787401575);
#9014=VECTOR('',#14915,39.3700787401575);
#9015=VECTOR('',#14918,39.3700787401575);
#9016=VECTOR('',#14919,39.3700787401575);
#9017=VECTOR('',#14920,39.3700787401575);
#9018=VECTOR('',#14921,39.3700787401575);
#9019=VECTOR('',#14922,39.3700787401575);
#9020=VECTOR('',#14923,39.3700787401575);
#9021=VECTOR('',#14926,39.3700787401575);
#9022=VECTOR('',#14927,39.3700787401575);
#9023=VECTOR('',#14930,39.3700787401575);
#9024=VECTOR('',#14931,39.3700787401575);
#9025=VECTOR('',#14932,39.3700787401575);
#9026=VECTOR('',#14935,39.3700787401575);
#9027=VECTOR('',#14936,39.3700787401575);
#9028=VECTOR('',#14937,39.3700787401575);
#9029=VECTOR('',#14938,39.3700787401575);
#9030=VECTOR('',#14939,39.3700787401575);
#9031=VECTOR('',#14940,39.3700787401575);
#9032=VECTOR('',#14943,39.3700787401575);
#9033=VECTOR('',#14944,39.3700787401575);
#9034=VECTOR('',#14945,39.3700787401575);
#9035=VECTOR('',#14948,39.3700787401575);
#9036=VECTOR('',#14949,39.3700787401575);
#9037=VECTOR('',#14950,39.3700787401575);
#9038=VECTOR('',#14951,39.3700787401575);
#9039=VECTOR('',#14952,39.3700787401575);
#9040=VECTOR('',#14953,39.3700787401575);
#9041=VECTOR('',#14956,39.3700787401575);
#9042=VECTOR('',#14957,39.3700787401575);
#9043=VECTOR('',#14960,39.3700787401575);
#9044=VECTOR('',#14961,39.3700787401575);
#9045=VECTOR('',#14962,39.3700787401575);
#9046=VECTOR('',#14965,39.3700787401575);
#9047=VECTOR('',#14966,39.3700787401575);
#9048=VECTOR('',#14967,39.3700787401575);
#9049=VECTOR('',#14968,39.3700787401575);
#9050=VECTOR('',#14969,39.3700787401575);
#9051=VECTOR('',#14970,39.3700787401575);
#9052=VECTOR('',#14973,39.3700787401575);
#9053=VECTOR('',#14974,39.3700787401575);
#9054=VECTOR('',#14975,39.3700787401575);
#9055=VECTOR('',#14978,39.3700787401575);
#9056=VECTOR('',#14979,39.3700787401575);
#9057=VECTOR('',#14980,39.3700787401575);
#9058=VECTOR('',#14981,39.3700787401575);
#9059=VECTOR('',#14982,39.3700787401575);
#9060=VECTOR('',#14983,39.3700787401575);
#9061=VECTOR('',#14986,39.3700787401575);
#9062=VECTOR('',#14987,39.3700787401575);
#9063=VECTOR('',#14990,39.3700787401575);
#9064=VECTOR('',#14991,39.3700787401575);
#9065=VECTOR('',#14992,39.3700787401575);
#9066=VECTOR('',#14995,39.3700787401575);
#9067=VECTOR('',#14996,39.3700787401575);
#9068=VECTOR('',#14997,39.3700787401575);
#9069=VECTOR('',#14998,39.3700787401575);
#9070=VECTOR('',#14999,39.3700787401575);
#9071=VECTOR('',#15000,39.3700787401575);
#9072=VECTOR('',#15003,39.3700787401575);
#9073=VECTOR('',#15004,39.3700787401575);
#9074=VECTOR('',#15005,39.3700787401575);
#9075=VECTOR('',#15008,39.3700787401575);
#9076=VECTOR('',#15009,39.3700787401575);
#9077=VECTOR('',#15010,39.3700787401575);
#9078=VECTOR('',#15011,39.3700787401575);
#9079=VECTOR('',#15012,39.3700787401575);
#9080=VECTOR('',#15013,39.3700787401575);
#9081=VECTOR('',#15016,39.3700787401575);
#9082=VECTOR('',#15017,39.3700787401575);
#9083=VECTOR('',#15020,39.3700787401575);
#9084=VECTOR('',#15021,39.3700787401575);
#9085=VECTOR('',#15022,39.3700787401575);
#9086=VECTOR('',#15025,39.3700787401575);
#9087=VECTOR('',#15026,39.3700787401575);
#9088=VECTOR('',#15027,39.3700787401575);
#9089=VECTOR('',#15028,39.3700787401575);
#9090=VECTOR('',#15029,39.3700787401575);
#9091=VECTOR('',#15030,39.3700787401575);
#9092=VECTOR('',#15033,39.3700787401575);
#9093=VECTOR('',#15034,39.3700787401575);
#9094=VECTOR('',#15035,39.3700787401575);
#9095=VECTOR('',#15038,39.3700787401575);
#9096=VECTOR('',#15039,39.3700787401575);
#9097=VECTOR('',#15040,39.3700787401575);
#9098=VECTOR('',#15041,39.3700787401575);
#9099=VECTOR('',#15042,39.3700787401575);
#9100=VECTOR('',#15043,39.3700787401575);
#9101=VECTOR('',#15046,39.3700787401575);
#9102=VECTOR('',#15047,39.3700787401575);
#9103=VECTOR('',#15050,39.3700787401575);
#9104=VECTOR('',#15051,39.3700787401575);
#9105=VECTOR('',#15052,39.3700787401575);
#9106=VECTOR('',#15055,39.3700787401575);
#9107=VECTOR('',#15056,39.3700787401575);
#9108=VECTOR('',#15057,39.3700787401575);
#9109=VECTOR('',#15058,39.3700787401575);
#9110=VECTOR('',#15059,39.3700787401575);
#9111=VECTOR('',#15060,39.3700787401575);
#9112=VECTOR('',#15063,39.3700787401575);
#9113=VECTOR('',#15064,39.3700787401575);
#9114=VECTOR('',#15065,39.3700787401575);
#9115=VECTOR('',#15068,39.3700787401575);
#9116=VECTOR('',#15069,39.3700787401575);
#9117=VECTOR('',#15070,39.3700787401575);
#9118=VECTOR('',#15071,39.3700787401575);
#9119=VECTOR('',#15072,39.3700787401575);
#9120=VECTOR('',#15073,39.3700787401575);
#9121=VECTOR('',#15076,39.3700787401575);
#9122=VECTOR('',#15077,39.3700787401575);
#9123=VECTOR('',#15080,39.3700787401575);
#9124=VECTOR('',#15081,39.3700787401575);
#9125=VECTOR('',#15082,39.3700787401575);
#9126=VECTOR('',#15085,39.3700787401575);
#9127=VECTOR('',#15086,39.3700787401575);
#9128=VECTOR('',#15087,39.3700787401575);
#9129=VECTOR('',#15088,39.3700787401575);
#9130=VECTOR('',#15089,39.3700787401575);
#9131=VECTOR('',#15090,39.3700787401575);
#9132=VECTOR('',#15093,39.3700787401575);
#9133=VECTOR('',#15094,39.3700787401575);
#9134=VECTOR('',#15095,39.3700787401575);
#9135=VECTOR('',#15098,39.3700787401575);
#9136=VECTOR('',#15099,39.3700787401575);
#9137=VECTOR('',#15100,39.3700787401575);
#9138=VECTOR('',#15101,39.3700787401575);
#9139=VECTOR('',#15102,39.3700787401575);
#9140=VECTOR('',#15103,39.3700787401575);
#9141=VECTOR('',#15106,39.3700787401575);
#9142=VECTOR('',#15107,39.3700787401575);
#9143=VECTOR('',#15110,39.3700787401575);
#9144=VECTOR('',#15111,39.3700787401575);
#9145=VECTOR('',#15112,39.3700787401575);
#9146=VECTOR('',#15115,39.3700787401575);
#9147=VECTOR('',#15116,39.3700787401575);
#9148=VECTOR('',#15117,39.3700787401575);
#9149=VECTOR('',#15118,39.3700787401575);
#9150=VECTOR('',#15119,39.3700787401575);
#9151=VECTOR('',#15120,39.3700787401575);
#9152=VECTOR('',#15123,39.3700787401575);
#9153=VECTOR('',#15124,39.3700787401575);
#9154=VECTOR('',#15125,39.3700787401575);
#9155=VECTOR('',#15128,39.3700787401575);
#9156=VECTOR('',#15129,39.3700787401575);
#9157=VECTOR('',#15130,39.3700787401575);
#9158=VECTOR('',#15131,39.3700787401575);
#9159=VECTOR('',#15132,39.3700787401575);
#9160=VECTOR('',#15133,39.3700787401575);
#9161=VECTOR('',#15136,39.3700787401575);
#9162=VECTOR('',#15137,39.3700787401575);
#9163=VECTOR('',#15140,39.3700787401575);
#9164=VECTOR('',#15141,39.3700787401575);
#9165=VECTOR('',#15142,39.3700787401575);
#9166=VECTOR('',#15145,39.3700787401575);
#9167=VECTOR('',#15146,39.3700787401575);
#9168=VECTOR('',#15147,39.3700787401575);
#9169=VECTOR('',#15148,39.3700787401575);
#9170=VECTOR('',#15149,39.3700787401575);
#9171=VECTOR('',#15150,39.3700787401575);
#9172=VECTOR('',#15153,39.3700787401575);
#9173=VECTOR('',#15154,39.3700787401575);
#9174=VECTOR('',#15155,39.3700787401575);
#9175=VECTOR('',#15158,39.3700787401575);
#9176=VECTOR('',#15159,39.3700787401575);
#9177=VECTOR('',#15160,39.3700787401575);
#9178=VECTOR('',#15161,39.3700787401575);
#9179=VECTOR('',#15162,39.3700787401575);
#9180=VECTOR('',#15163,39.3700787401575);
#9181=VECTOR('',#15166,39.3700787401575);
#9182=VECTOR('',#15167,39.3700787401575);
#9183=VECTOR('',#15170,39.3700787401575);
#9184=VECTOR('',#15171,39.3700787401575);
#9185=VECTOR('',#15172,39.3700787401575);
#9186=VECTOR('',#15175,39.3700787401575);
#9187=VECTOR('',#15176,39.3700787401575);
#9188=VECTOR('',#15177,39.3700787401575);
#9189=VECTOR('',#15178,39.3700787401575);
#9190=VECTOR('',#15179,39.3700787401575);
#9191=VECTOR('',#15180,39.3700787401575);
#9192=VECTOR('',#15183,39.3700787401575);
#9193=VECTOR('',#15184,39.3700787401575);
#9194=VECTOR('',#15185,39.3700787401575);
#9195=VECTOR('',#15188,39.3700787401575);
#9196=VECTOR('',#15189,39.3700787401575);
#9197=VECTOR('',#15190,39.3700787401575);
#9198=VECTOR('',#15191,39.3700787401575);
#9199=VECTOR('',#15192,39.3700787401575);
#9200=VECTOR('',#15193,39.3700787401575);
#9201=VECTOR('',#15196,39.3700787401575);
#9202=VECTOR('',#15197,39.3700787401575);
#9203=VECTOR('',#15200,39.3700787401575);
#9204=VECTOR('',#15201,39.3700787401575);
#9205=VECTOR('',#15204,39.3700787401575);
#9206=VECTOR('',#15205,39.3700787401575);
#9207=VECTOR('',#15208,39.3700787401575);
#9208=VECTOR('',#15209,39.3700787401575);
#9209=VECTOR('',#15212,39.3700787401575);
#9210=VECTOR('',#15213,39.3700787401575);
#9211=VECTOR('',#15216,39.3700787401575);
#9212=VECTOR('',#15217,39.3700787401575);
#9213=VECTOR('',#15220,39.3700787401575);
#9214=VECTOR('',#15221,39.3700787401575);
#9215=VECTOR('',#15224,39.3700787401575);
#9216=VECTOR('',#15225,39.3700787401575);
#9217=VECTOR('',#15228,39.3700787401575);
#9218=VECTOR('',#15229,39.3700787401575);
#9219=VECTOR('',#15232,39.3700787401575);
#9220=VECTOR('',#15233,39.3700787401575);
#9221=VECTOR('',#15236,39.3700787401575);
#9222=VECTOR('',#15237,39.3700787401575);
#9223=VECTOR('',#15240,39.3700787401575);
#9224=VECTOR('',#15241,39.3700787401575);
#9225=VECTOR('',#15244,39.3700787401575);
#9226=VECTOR('',#15245,39.3700787401575);
#9227=VECTOR('',#15248,39.3700787401575);
#9228=VECTOR('',#15249,39.3700787401575);
#9229=VECTOR('',#15252,39.3700787401575);
#9230=VECTOR('',#15253,39.3700787401575);
#9231=VECTOR('',#15256,39.3700787401575);
#9232=VECTOR('',#15257,39.3700787401575);
#9233=VECTOR('',#15260,39.3700787401575);
#9234=VECTOR('',#15261,39.3700787401575);
#9235=VECTOR('',#15266,39.3700787401575);
#9236=VECTOR('',#15269,39.3700787401575);
#9237=VECTOR('',#15272,39.3700787401575);
#9238=VECTOR('',#15275,39.3700787401575);
#9239=VECTOR('',#15278,39.3700787401575);
#9240=VECTOR('',#15281,39.3700787401575);
#9241=VECTOR('',#15286,39.3700787401575);
#9242=VECTOR('',#15289,39.3700787401575);
#9243=VECTOR('',#15292,39.3700787401575);
#9244=VECTOR('',#15295,39.3700787401575);
#9245=VECTOR('',#15298,39.3700787401575);
#9246=VECTOR('',#15301,39.3700787401575);
#9247=VECTOR('',#15306,39.3700787401575);
#9248=VECTOR('',#15309,39.3700787401575);
#9249=VECTOR('',#15312,39.3700787401575);
#9250=VECTOR('',#15315,39.3700787401575);
#9251=VECTOR('',#15318,39.3700787401575);
#9252=VECTOR('',#15321,39.3700787401575);
#9253=VECTOR('',#15326,39.3700787401575);
#9254=VECTOR('',#15329,39.3700787401575);
#9255=VECTOR('',#15332,39.3700787401575);
#9256=VECTOR('',#15335,39.3700787401575);
#9257=VECTOR('',#15338,39.3700787401575);
#9258=VECTOR('',#15341,39.3700787401575);
#9259=VECTOR('',#15346,39.3700787401575);
#9260=VECTOR('',#15349,39.3700787401575);
#9261=VECTOR('',#15352,39.3700787401575);
#9262=VECTOR('',#15355,39.3700787401575);
#9263=VECTOR('',#15358,39.3700787401575);
#9264=VECTOR('',#15361,39.3700787401575);
#9265=VECTOR('',#15366,39.3700787401575);
#9266=VECTOR('',#15369,39.3700787401575);
#9267=VECTOR('',#15372,39.3700787401575);
#9268=VECTOR('',#15375,39.3700787401575);
#9269=VECTOR('',#15378,39.3700787401575);
#9270=VECTOR('',#15381,39.3700787401575);
#9271=VECTOR('',#15386,39.3700787401575);
#9272=VECTOR('',#15389,39.3700787401575);
#9273=VECTOR('',#15392,39.3700787401575);
#9274=VECTOR('',#15395,39.3700787401575);
#9275=VECTOR('',#15398,39.3700787401575);
#9276=VECTOR('',#15401,39.3700787401575);
#9277=VECTOR('',#15406,39.3700787401575);
#9278=VECTOR('',#15409,39.3700787401575);
#9279=VECTOR('',#15412,39.3700787401575);
#9280=VECTOR('',#15415,39.3700787401575);
#9281=VECTOR('',#15418,39.3700787401575);
#9282=VECTOR('',#15421,39.3700787401575);
#9283=VECTOR('',#15426,39.3700787401575);
#9284=VECTOR('',#15429,39.3700787401575);
#9285=VECTOR('',#15432,39.3700787401575);
#9286=VECTOR('',#15435,39.3700787401575);
#9287=VECTOR('',#15438,39.3700787401575);
#9288=VECTOR('',#15441,39.3700787401575);
#9289=VECTOR('',#15446,39.3700787401575);
#9290=VECTOR('',#15449,39.3700787401575);
#9291=VECTOR('',#15452,39.3700787401575);
#9292=VECTOR('',#15455,39.3700787401575);
#9293=VECTOR('',#15458,39.3700787401575);
#9294=VECTOR('',#15461,39.3700787401575);
#9295=VECTOR('',#15466,39.3700787401575);
#9296=VECTOR('',#15469,39.3700787401575);
#9297=VECTOR('',#15472,39.3700787401575);
#9298=VECTOR('',#15475,39.3700787401575);
#9299=VECTOR('',#15478,39.3700787401575);
#9300=VECTOR('',#15481,39.3700787401575);
#9301=VECTOR('',#15486,39.3700787401575);
#9302=VECTOR('',#15489,39.3700787401575);
#9303=VECTOR('',#15492,39.3700787401575);
#9304=VECTOR('',#15495,39.3700787401575);
#9305=VECTOR('',#15498,39.3700787401575);
#9306=VECTOR('',#15501,39.3700787401575);
#9307=VECTOR('',#15506,39.3700787401575);
#9308=VECTOR('',#15509,39.3700787401575);
#9309=VECTOR('',#15512,39.3700787401575);
#9310=VECTOR('',#15515,39.3700787401575);
#9311=VECTOR('',#15518,39.3700787401575);
#9312=VECTOR('',#15521,39.3700787401575);
#9313=VECTOR('',#15526,39.3700787401575);
#9314=VECTOR('',#15529,39.3700787401575);
#9315=VECTOR('',#15532,39.3700787401575);
#9316=VECTOR('',#15535,39.3700787401575);
#9317=VECTOR('',#15538,39.3700787401575);
#9318=VECTOR('',#15541,39.3700787401575);
#9319=VECTOR('',#15546,39.3700787401575);
#9320=VECTOR('',#15549,39.3700787401575);
#9321=VECTOR('',#15552,39.3700787401575);
#9322=VECTOR('',#15555,39.3700787401575);
#9323=VECTOR('',#15558,39.3700787401575);
#9324=VECTOR('',#15561,39.3700787401575);
#9325=VECTOR('',#15566,39.3700787401575);
#9326=VECTOR('',#15567,39.3700787401575);
#9327=VECTOR('',#15570,39.3700787401575);
#9328=VECTOR('',#15573,39.3700787401575);
#9329=VECTOR('',#15576,39.3700787401575);
#9330=VECTOR('',#15579,39.3700787401575);
#9331=VECTOR('',#15590,39.3700787401575);
#9332=VECTOR('',#15591,39.3700787401575);
#9333=VECTOR('',#15592,39.3700787401575);
#9334=VECTOR('',#15593,39.3700787401575);
#9335=VECTOR('',#15594,39.3700787401575);
#9336=VECTOR('',#15595,39.3700787401575);
#9337=VECTOR('',#15596,39.3700787401575);
#9338=VECTOR('',#15597,39.3700787401575);
#9339=VECTOR('',#15598,39.3700787401575);
#9340=VECTOR('',#15599,39.3700787401575);
#9341=VECTOR('',#15600,39.3700787401575);
#9342=VECTOR('',#15601,39.3700787401575);
#9343=VECTOR('',#15602,39.3700787401575);
#9344=VECTOR('',#15603,39.3700787401575);
#9345=VECTOR('',#15604,39.3700787401575);
#9346=VECTOR('',#15605,39.3700787401575);
#9347=VECTOR('',#15606,39.3700787401575);
#9348=VECTOR('',#15607,39.3700787401575);
#9349=VECTOR('',#15608,39.3700787401575);
#9350=VECTOR('',#15609,39.3700787401575);
#9351=VECTOR('',#15610,39.3700787401575);
#9352=VECTOR('',#15611,39.3700787401575);
#9353=VECTOR('',#15612,39.3700787401575);
#9354=VECTOR('',#15613,39.3700787401575);
#9355=VECTOR('',#15614,39.3700787401575);
#9356=VECTOR('',#15615,39.3700787401575);
#9357=VECTOR('',#15616,39.3700787401575);
#9358=VECTOR('',#15617,39.3700787401575);
#9359=VECTOR('',#15618,39.3700787401575);
#9360=VECTOR('',#15619,39.3700787401575);
#9361=VECTOR('',#15620,39.3700787401575);
#9362=VECTOR('',#15621,39.3700787401575);
#9363=VECTOR('',#15622,39.3700787401575);
#9364=VECTOR('',#15623,39.3700787401575);
#9365=VECTOR('',#15624,39.3700787401575);
#9366=VECTOR('',#15625,39.3700787401575);
#9367=VECTOR('',#15626,39.3700787401575);
#9368=VECTOR('',#15627,39.3700787401575);
#9369=VECTOR('',#15628,39.3700787401575);
#9370=VECTOR('',#15629,39.3700787401575);
#9371=VECTOR('',#15630,39.3700787401575);
#9372=VECTOR('',#15631,39.3700787401575);
#9373=VECTOR('',#15632,39.3700787401575);
#9374=VECTOR('',#15633,39.3700787401575);
#9375=VECTOR('',#15634,39.3700787401575);
#9376=VECTOR('',#15635,39.3700787401575);
#9377=VECTOR('',#15636,39.3700787401575);
#9378=VECTOR('',#15637,39.3700787401575);
#9379=VECTOR('',#15638,39.3700787401575);
#9380=VECTOR('',#15639,39.3700787401575);
#9381=VECTOR('',#15640,39.3700787401575);
#9382=VECTOR('',#15641,39.3700787401575);
#9383=VECTOR('',#15642,39.3700787401575);
#9384=VECTOR('',#15643,39.3700787401575);
#9385=VECTOR('',#15644,39.3700787401575);
#9386=VECTOR('',#15645,39.3700787401575);
#9387=VECTOR('',#15646,39.3700787401575);
#9388=VECTOR('',#15647,39.3700787401575);
#9389=VECTOR('',#15648,39.3700787401575);
#9390=VECTOR('',#15649,39.3700787401575);
#9391=VECTOR('',#15650,39.3700787401575);
#9392=VECTOR('',#15651,39.3700787401575);
#9393=VECTOR('',#15652,39.3700787401575);
#9394=VECTOR('',#15653,39.3700787401575);
#9395=VECTOR('',#15654,39.3700787401575);
#9396=VECTOR('',#15655,39.3700787401575);
#9397=VECTOR('',#15656,39.3700787401575);
#9398=VECTOR('',#15657,39.3700787401575);
#9399=VECTOR('',#15658,39.3700787401575);
#9400=VECTOR('',#15659,39.3700787401575);
#9401=VECTOR('',#15660,39.3700787401575);
#9402=VECTOR('',#15661,39.3700787401575);
#9403=VECTOR('',#15662,39.3700787401575);
#9404=VECTOR('',#15663,39.3700787401575);
#9405=VECTOR('',#15664,39.3700787401575);
#9406=VECTOR('',#15665,39.3700787401575);
#9407=VECTOR('',#15666,39.3700787401575);
#9408=VECTOR('',#15667,39.3700787401575);
#9409=VECTOR('',#15668,39.3700787401575);
#9410=VECTOR('',#15669,39.3700787401575);
#9411=VECTOR('',#15670,39.3700787401575);
#9412=VECTOR('',#15671,39.3700787401575);
#9413=VECTOR('',#15672,39.3700787401575);
#9414=VECTOR('',#15673,39.3700787401575);
#9415=VECTOR('',#15674,39.3700787401575);
#9416=VECTOR('',#15675,39.3700787401575);
#9417=VECTOR('',#15676,39.3700787401575);
#9418=VECTOR('',#15677,39.3700787401575);
#9419=VECTOR('',#15678,39.3700787401575);
#9420=VECTOR('',#15679,39.3700787401575);
#9421=VECTOR('',#15680,39.3700787401575);
#9422=VECTOR('',#15681,39.3700787401575);
#9423=VECTOR('',#15682,39.3700787401575);
#9424=VECTOR('',#15683,39.3700787401575);
#9425=VECTOR('',#15684,39.3700787401575);
#9426=VECTOR('',#15685,39.3700787401575);
#9427=VECTOR('',#15686,39.3700787401575);
#9428=VECTOR('',#15687,39.3700787401575);
#9429=VECTOR('',#15688,39.3700787401575);
#9430=VECTOR('',#15689,39.3700787401575);
#9431=VECTOR('',#15690,39.3700787401575);
#9432=VECTOR('',#15691,39.3700787401575);
#9433=VECTOR('',#15692,39.3700787401575);
#9434=VECTOR('',#15693,39.3700787401575);
#9435=VECTOR('',#15694,39.3700787401575);
#9436=VECTOR('',#15695,39.3700787401575);
#9437=VECTOR('',#15696,39.3700787401575);
#9438=VECTOR('',#15697,39.3700787401575);
#9439=VECTOR('',#15698,39.3700787401575);
#9440=VECTOR('',#15699,39.3700787401575);
#9441=VECTOR('',#15700,39.3700787401575);
#9442=VECTOR('',#15701,39.3700787401575);
#9443=VECTOR('',#15702,39.3700787401575);
#9444=VECTOR('',#15703,39.3700787401575);
#9445=VECTOR('',#15704,39.3700787401575);
#9446=VECTOR('',#15705,39.3700787401575);
#9447=VECTOR('',#15706,39.3700787401575);
#9448=VECTOR('',#15707,39.3700787401575);
#9449=VECTOR('',#15708,39.3700787401575);
#9450=VECTOR('',#15709,39.3700787401575);
#9451=VECTOR('',#15710,39.3700787401575);
#9452=VECTOR('',#15711,39.3700787401575);
#9453=VECTOR('',#15712,39.3700787401575);
#9454=VECTOR('',#15713,39.3700787401575);
#9455=VECTOR('',#15714,39.3700787401575);
#9456=VECTOR('',#15715,39.3700787401575);
#9457=VECTOR('',#15716,39.3700787401575);
#9458=VECTOR('',#15717,39.3700787401575);
#9459=VECTOR('',#15718,39.3700787401575);
#9460=VECTOR('',#15719,39.3700787401575);
#9461=VECTOR('',#15720,39.3700787401575);
#9462=VECTOR('',#15721,39.3700787401575);
#9463=VECTOR('',#15724,39.3700787401575);
#9464=VECTOR('',#15725,39.3700787401575);
#9465=VECTOR('',#15726,39.3700787401575);
#9466=VECTOR('',#15727,39.3700787401575);
#9467=VECTOR('',#15728,39.3700787401575);
#9468=VECTOR('',#15729,39.3700787401575);
#9469=VECTOR('',#15730,39.3700787401575);
#9470=VECTOR('',#15731,39.3700787401575);
#9471=VECTOR('',#15732,39.3700787401575);
#9472=VECTOR('',#15733,39.3700787401575);
#9473=VECTOR('',#15734,39.3700787401575);
#9474=VECTOR('',#15735,39.3700787401575);
#9475=VECTOR('',#15738,39.3700787401575);
#9476=VECTOR('',#15739,39.3700787401575);
#9477=VECTOR('',#15740,39.3700787401575);
#9478=VECTOR('',#15741,39.3700787401575);
#9479=VECTOR('',#15742,39.3700787401575);
#9480=VECTOR('',#15743,39.3700787401575);
#9481=VECTOR('',#15744,39.3700787401575);
#9482=VECTOR('',#15745,39.3700787401575);
#9483=VECTOR('',#15746,39.3700787401575);
#9484=VECTOR('',#15747,39.3700787401575);
#9485=VECTOR('',#15748,39.3700787401575);
#9486=VECTOR('',#15749,39.3700787401575);
#9487=VECTOR('',#15752,39.3700787401575);
#9488=VECTOR('',#15753,39.3700787401575);
#9489=VECTOR('',#15754,39.3700787401575);
#9490=VECTOR('',#15755,39.3700787401575);
#9491=VECTOR('',#15756,39.3700787401575);
#9492=VECTOR('',#15757,39.3700787401575);
#9493=VECTOR('',#15758,39.3700787401575);
#9494=VECTOR('',#15759,39.3700787401575);
#9495=VECTOR('',#15760,39.3700787401575);
#9496=VECTOR('',#15761,39.3700787401575);
#9497=VECTOR('',#15762,39.3700787401575);
#9498=VECTOR('',#15763,39.3700787401575);
#9499=VECTOR('',#15766,39.3700787401575);
#9500=VECTOR('',#15767,39.3700787401575);
#9501=VECTOR('',#15768,39.3700787401575);
#9502=VECTOR('',#15769,39.3700787401575);
#9503=VECTOR('',#15770,39.3700787401575);
#9504=VECTOR('',#15771,39.3700787401575);
#9505=VECTOR('',#15772,39.3700787401575);
#9506=VECTOR('',#15773,39.3700787401575);
#9507=VECTOR('',#15774,39.3700787401575);
#9508=VECTOR('',#15775,39.3700787401575);
#9509=VECTOR('',#15776,39.3700787401575);
#9510=VECTOR('',#15777,39.3700787401575);
#9511=VECTOR('',#15780,39.3700787401575);
#9512=VECTOR('',#15781,39.3700787401575);
#9513=VECTOR('',#15782,39.3700787401575);
#9514=VECTOR('',#15783,39.3700787401575);
#9515=VECTOR('',#15784,39.3700787401575);
#9516=VECTOR('',#15785,39.3700787401575);
#9517=VECTOR('',#15786,39.3700787401575);
#9518=VECTOR('',#15787,39.3700787401575);
#9519=VECTOR('',#15788,39.3700787401575);
#9520=VECTOR('',#15789,39.3700787401575);
#9521=VECTOR('',#15790,39.3700787401575);
#9522=VECTOR('',#15791,39.3700787401575);
#9523=VECTOR('',#15794,39.3700787401575);
#9524=VECTOR('',#15795,39.3700787401575);
#9525=VECTOR('',#15796,39.3700787401575);
#9526=VECTOR('',#15797,39.3700787401575);
#9527=VECTOR('',#15798,39.3700787401575);
#9528=VECTOR('',#15799,39.3700787401575);
#9529=VECTOR('',#15800,39.3700787401575);
#9530=VECTOR('',#15801,39.3700787401575);
#9531=VECTOR('',#15802,39.3700787401575);
#9532=VECTOR('',#15803,39.3700787401575);
#9533=VECTOR('',#15804,39.3700787401575);
#9534=VECTOR('',#15805,39.3700787401575);
#9535=VECTOR('',#15808,39.3700787401575);
#9536=VECTOR('',#15809,39.3700787401575);
#9537=VECTOR('',#15810,39.3700787401575);
#9538=VECTOR('',#15811,39.3700787401575);
#9539=VECTOR('',#15812,39.3700787401575);
#9540=VECTOR('',#15813,39.3700787401575);
#9541=VECTOR('',#15814,39.3700787401575);
#9542=VECTOR('',#15815,39.3700787401575);
#9543=VECTOR('',#15816,39.3700787401575);
#9544=VECTOR('',#15817,39.3700787401575);
#9545=VECTOR('',#15818,39.3700787401575);
#9546=VECTOR('',#15819,39.3700787401575);
#9547=VECTOR('',#15822,39.3700787401575);
#9548=VECTOR('',#15823,39.3700787401575);
#9549=VECTOR('',#15824,39.3700787401575);
#9550=VECTOR('',#15825,39.3700787401575);
#9551=VECTOR('',#15826,39.3700787401575);
#9552=VECTOR('',#15827,39.3700787401575);
#9553=VECTOR('',#15828,39.3700787401575);
#9554=VECTOR('',#15829,39.3700787401575);
#9555=VECTOR('',#15830,39.3700787401575);
#9556=VECTOR('',#15831,39.3700787401575);
#9557=VECTOR('',#15832,39.3700787401575);
#9558=VECTOR('',#15833,39.3700787401575);
#9559=VECTOR('',#15836,39.3700787401575);
#9560=VECTOR('',#15837,39.3700787401575);
#9561=VECTOR('',#15838,39.3700787401575);
#9562=VECTOR('',#15839,39.3700787401575);
#9563=VECTOR('',#15842,39.3700787401575);
#9564=VECTOR('',#15843,39.3700787401575);
#9565=VECTOR('',#15844,39.3700787401575);
#9566=VECTOR('',#15845,39.3700787401575);
#9567=VECTOR('',#15848,39.3700787401575);
#9568=VECTOR('',#15849,39.3700787401575);
#9569=VECTOR('',#15850,39.3700787401575);
#9570=VECTOR('',#15851,39.3700787401575);
#9571=VECTOR('',#15854,39.3700787401575);
#9572=VECTOR('',#15855,39.3700787401575);
#9573=VECTOR('',#15856,39.3700787401575);
#9574=VECTOR('',#15857,39.3700787401575);
#9575=VECTOR('',#15860,39.3700787401575);
#9576=VECTOR('',#15861,39.3700787401575);
#9577=VECTOR('',#15862,39.3700787401575);
#9578=VECTOR('',#15863,39.3700787401575);
#9579=VECTOR('',#15866,39.3700787401575);
#9580=VECTOR('',#15867,39.3700787401575);
#9581=VECTOR('',#15868,39.3700787401575);
#9582=VECTOR('',#15869,39.3700787401575);
#9583=VECTOR('',#15872,39.3700787401575);
#9584=VECTOR('',#15873,39.3700787401575);
#9585=VECTOR('',#15874,39.3700787401575);
#9586=VECTOR('',#15875,39.3700787401575);
#9587=VECTOR('',#15878,39.3700787401575);
#9588=VECTOR('',#15879,39.3700787401575);
#9589=VECTOR('',#15880,39.3700787401575);
#9590=VECTOR('',#15881,39.3700787401575);
#9591=VECTOR('',#15884,39.3700787401575);
#9592=VECTOR('',#15885,39.3700787401575);
#9593=VECTOR('',#15886,39.3700787401575);
#9594=VECTOR('',#15887,39.3700787401575);
#9595=VECTOR('',#15890,39.3700787401575);
#9596=VECTOR('',#15891,39.3700787401575);
#9597=VECTOR('',#15892,39.3700787401575);
#9598=VECTOR('',#15893,39.3700787401575);
#9599=VECTOR('',#15896,39.3700787401575);
#9600=VECTOR('',#15897,39.3700787401575);
#9601=VECTOR('',#15898,39.3700787401575);
#9602=VECTOR('',#15899,39.3700787401575);
#9603=VECTOR('',#15902,39.3700787401575);
#9604=VECTOR('',#15903,39.3700787401575);
#9605=VECTOR('',#15904,39.3700787401575);
#9606=VECTOR('',#15905,39.3700787401575);
#9607=VECTOR('',#15908,39.3700787401575);
#9608=VECTOR('',#15909,39.3700787401575);
#9609=VECTOR('',#15910,39.3700787401575);
#9610=VECTOR('',#15911,39.3700787401575);
#9611=VECTOR('',#15914,39.3700787401575);
#9612=VECTOR('',#15915,39.3700787401575);
#9613=VECTOR('',#15916,39.3700787401575);
#9614=VECTOR('',#15917,39.3700787401575);
#9615=VECTOR('',#15920,39.3700787401575);
#9616=VECTOR('',#15921,39.3700787401575);
#9617=VECTOR('',#15922,39.3700787401575);
#9618=VECTOR('',#15923,39.3700787401575);
#9619=VECTOR('',#15926,39.3700787401575);
#9620=VECTOR('',#15927,39.3700787401575);
#9621=VECTOR('',#15928,39.3700787401575);
#9622=VECTOR('',#15929,39.3700787401575);
#9623=VECTOR('',#15932,39.3700787401575);
#9624=VECTOR('',#15933,39.3700787401575);
#9625=VECTOR('',#15934,39.3700787401575);
#9626=VECTOR('',#15935,39.3700787401575);
#9627=VECTOR('',#15938,39.3700787401575);
#9628=VECTOR('',#15939,39.3700787401575);
#9629=VECTOR('',#15940,39.3700787401575);
#9630=VECTOR('',#15941,39.3700787401575);
#9631=VECTOR('',#15944,39.3700787401575);
#9632=VECTOR('',#15945,39.3700787401575);
#9633=VECTOR('',#15946,39.3700787401575);
#9634=VECTOR('',#15947,39.3700787401575);
#9635=VECTOR('',#15950,39.3700787401575);
#9636=VECTOR('',#15951,39.3700787401575);
#9637=VECTOR('',#15952,39.3700787401575);
#9638=VECTOR('',#15953,39.3700787401575);
#9639=VECTOR('',#15956,39.3700787401575);
#9640=VECTOR('',#15957,39.3700787401575);
#9641=VECTOR('',#15958,39.3700787401575);
#9642=VECTOR('',#15959,39.3700787401575);
#9643=VECTOR('',#15962,39.3700787401575);
#9644=VECTOR('',#15963,39.3700787401575);
#9645=VECTOR('',#15964,39.3700787401575);
#9646=VECTOR('',#15965,39.3700787401575);
#9647=VECTOR('',#15968,39.3700787401575);
#9648=VECTOR('',#15969,39.3700787401575);
#9649=VECTOR('',#15970,39.3700787401575);
#9650=VECTOR('',#15971,39.3700787401575);
#9651=VECTOR('',#15974,39.3700787401575);
#9652=VECTOR('',#15975,39.3700787401575);
#9653=VECTOR('',#15976,39.3700787401575);
#9654=VECTOR('',#15977,39.3700787401575);
#9655=VECTOR('',#15980,39.3700787401575);
#9656=VECTOR('',#15981,39.3700787401575);
#9657=VECTOR('',#15982,39.3700787401575);
#9658=VECTOR('',#15983,39.3700787401575);
#9659=VECTOR('',#15986,39.3700787401575);
#9660=VECTOR('',#15987,39.3700787401575);
#9661=VECTOR('',#15988,39.3700787401575);
#9662=VECTOR('',#15989,39.3700787401575);
#9663=VECTOR('',#15990,39.3700787401575);
#9664=VECTOR('',#15991,39.3700787401575);
#9665=VECTOR('',#15992,39.3700787401575);
#9666=VECTOR('',#15993,39.3700787401575);
#9667=VECTOR('',#15994,39.3700787401575);
#9668=VECTOR('',#15995,39.3700787401575);
#9669=VECTOR('',#15996,39.3700787401575);
#9670=VECTOR('',#15997,39.3700787401575);
#9671=VECTOR('',#15998,39.3700787401575);
#9672=VECTOR('',#15999,39.3700787401575);
#9673=VECTOR('',#16000,39.3700787401575);
#9674=VECTOR('',#16001,39.3700787401575);
#9675=VECTOR('',#16002,39.3700787401575);
#9676=VECTOR('',#16003,39.3700787401575);
#9677=VECTOR('',#16004,39.3700787401575);
#9678=VECTOR('',#16005,39.3700787401575);
#9679=VECTOR('',#16006,39.3700787401575);
#9680=VECTOR('',#16007,39.3700787401575);
#9681=VECTOR('',#16008,39.3700787401575);
#9682=VECTOR('',#16009,39.3700787401575);
#9683=VECTOR('',#16010,39.3700787401575);
#9684=VECTOR('',#16011,39.3700787401575);
#9685=VECTOR('',#16012,39.3700787401575);
#9686=VECTOR('',#16013,39.3700787401575);
#9687=VECTOR('',#16014,39.3700787401575);
#9688=VECTOR('',#16015,39.3700787401575);
#9689=VECTOR('',#16016,39.3700787401575);
#9690=VECTOR('',#16017,39.3700787401575);
#9691=VECTOR('',#16018,39.3700787401575);
#9692=VECTOR('',#16019,39.3700787401575);
#9693=VECTOR('',#16020,39.3700787401575);
#9694=VECTOR('',#16023,39.3700787401575);
#9695=VECTOR('',#16024,39.3700787401575);
#9696=VECTOR('',#16025,39.3700787401575);
#9697=VECTOR('',#16026,39.3700787401575);
#9698=VECTOR('',#16027,39.3700787401575);
#9699=VECTOR('',#16028,39.3700787401575);
#9700=VECTOR('',#16029,39.3700787401575);
#9701=VECTOR('',#16030,39.3700787401575);
#9702=VECTOR('',#16031,39.3700787401575);
#9703=VECTOR('',#16032,39.3700787401575);
#9704=VECTOR('',#16033,39.3700787401575);
#9705=VECTOR('',#16034,39.3700787401575);
#9706=VECTOR('',#16035,39.3700787401575);
#9707=VECTOR('',#16036,39.3700787401575);
#9708=VECTOR('',#16037,39.3700787401575);
#9709=VECTOR('',#16038,39.3700787401575);
#9710=VECTOR('',#16039,39.3700787401575);
#9711=VECTOR('',#16040,39.3700787401575);
#9712=VECTOR('',#16041,39.3700787401575);
#9713=VECTOR('',#16042,39.3700787401575);
#9714=VECTOR('',#16043,39.3700787401575);
#9715=VECTOR('',#16044,39.3700787401575);
#9716=VECTOR('',#16045,39.3700787401575);
#9717=VECTOR('',#16046,39.3700787401575);
#9718=VECTOR('',#16047,39.3700787401575);
#9719=VECTOR('',#16048,39.3700787401575);
#9720=VECTOR('',#16049,39.3700787401575);
#9721=VECTOR('',#16050,39.3700787401575);
#9722=VECTOR('',#16051,39.3700787401575);
#9723=VECTOR('',#16052,39.3700787401575);
#9724=VECTOR('',#16053,39.3700787401575);
#9725=VECTOR('',#16054,39.3700787401575);
#9726=VECTOR('',#16055,39.3700787401575);
#9727=VECTOR('',#16056,39.3700787401575);
#9728=VECTOR('',#16057,39.3700787401575);
#9729=VECTOR('',#16060,39.3700787401575);
#9730=VECTOR('',#16061,39.3700787401575);
#9731=VECTOR('',#16064,39.3700787401575);
#9732=VECTOR('',#16065,39.3700787401575);
#9733=VECTOR('',#16068,39.3700787401575);
#9734=VECTOR('',#16069,39.3700787401575);
#9735=VECTOR('',#16072,39.3700787401575);
#9736=VECTOR('',#16073,39.3700787401575);
#9737=VECTOR('',#16076,39.3700787401575);
#9738=VECTOR('',#16077,39.3700787401575);
#9739=VECTOR('',#16080,39.3700787401575);
#9740=VECTOR('',#16081,39.3700787401575);
#9741=VECTOR('',#16084,39.3700787401575);
#9742=VECTOR('',#16085,39.3700787401575);
#9743=VECTOR('',#16088,39.3700787401575);
#9744=VECTOR('',#16089,39.3700787401575);
#9745=VECTOR('',#16092,39.3700787401575);
#9746=VECTOR('',#16093,39.3700787401575);
#9747=VECTOR('',#16096,39.3700787401575);
#9748=VECTOR('',#16097,39.3700787401575);
#9749=VECTOR('',#16100,39.3700787401575);
#9750=VECTOR('',#16101,39.3700787401575);
#9751=VECTOR('',#16104,39.3700787401575);
#9752=VECTOR('',#16105,39.3700787401575);
#9753=VECTOR('',#16108,39.3700787401575);
#9754=VECTOR('',#16109,39.3700787401575);
#9755=VECTOR('',#16112,39.3700787401575);
#9756=VECTOR('',#16113,39.3700787401575);
#9757=VECTOR('',#16116,39.3700787401575);
#9758=VECTOR('',#16117,39.3700787401575);
#9759=VECTOR('',#16120,39.3700787401575);
#9760=VECTOR('',#16121,39.3700787401575);
#9761=VECTOR('',#16124,39.3700787401575);
#9762=VECTOR('',#16125,39.3700787401575);
#9763=VECTOR('',#16126,39.3700787401575);
#9764=VECTOR('',#16129,39.3700787401575);
#9765=VECTOR('',#16130,39.3700787401575);
#9766=VECTOR('',#16131,39.3700787401575);
#9767=VECTOR('',#16134,39.3700787401575);
#9768=VECTOR('',#16135,39.3700787401575);
#9769=VECTOR('',#16138,39.3700787401575);
#9770=VECTOR('',#16139,39.3700787401575);
#9771=VECTOR('',#16242,39.3700787401575);
#9772=VECTOR('',#16243,39.3700787401575);
#9773=VECTOR('',#16246,39.3700787401575);
#9774=VECTOR('',#16249,39.3700787401575);
#9775=VECTOR('',#16254,39.3700787401575);
#9776=VECTOR('',#16255,39.3700787401575);
#9777=VECTOR('',#16258,39.3700787401575);
#9778=VECTOR('',#16261,39.3700787401575);
#9779=VECTOR('',#16266,39.3700787401575);
#9780=VECTOR('',#16267,39.3700787401575);
#9781=VECTOR('',#16270,39.3700787401575);
#9782=VECTOR('',#16273,39.3700787401575);
#9783=VECTOR('',#16278,39.3700787401575);
#9784=VECTOR('',#16279,39.3700787401575);
#9785=VECTOR('',#16282,39.3700787401575);
#9786=VECTOR('',#16285,39.3700787401575);
#9787=VECTOR('',#16290,39.3700787401575);
#9788=VECTOR('',#16291,39.3700787401575);
#9789=VECTOR('',#16294,39.3700787401575);
#9790=VECTOR('',#16297,39.3700787401575);
#9791=VECTOR('',#16302,39.3700787401575);
#9792=VECTOR('',#16303,39.3700787401575);
#9793=VECTOR('',#16306,39.3700787401575);
#9794=VECTOR('',#16309,39.3700787401575);
#9795=VECTOR('',#16314,39.3700787401575);
#9796=VECTOR('',#16315,39.3700787401575);
#9797=VECTOR('',#16318,39.3700787401575);
#9798=VECTOR('',#16321,39.3700787401575);
#9799=VECTOR('',#16326,39.3700787401575);
#9800=VECTOR('',#16327,39.3700787401575);
#9801=VECTOR('',#16330,39.3700787401575);
#9802=VECTOR('',#16333,39.3700787401575);
#9803=VECTOR('',#16338,39.3700787401575);
#9804=VECTOR('',#16339,39.3700787401575);
#9805=VECTOR('',#16342,39.3700787401575);
#9806=VECTOR('',#16345,39.3700787401575);
#9807=VECTOR('',#16350,39.3700787401575);
#9808=VECTOR('',#16351,39.3700787401575);
#9809=VECTOR('',#16354,39.3700787401575);
#9810=VECTOR('',#16357,39.3700787401575);
#9811=VECTOR('',#16362,39.3700787401575);
#9812=VECTOR('',#16363,39.3700787401575);
#9813=VECTOR('',#16366,39.3700787401575);
#9814=VECTOR('',#16369,39.3700787401575);
#9815=VECTOR('',#16374,39.3700787401575);
#9816=VECTOR('',#16375,39.3700787401575);
#9817=VECTOR('',#16378,39.3700787401575);
#9818=VECTOR('',#16381,39.3700787401575);
#9819=VECTOR('',#16386,39.3700787401575);
#9820=VECTOR('',#16387,39.3700787401575);
#9821=VECTOR('',#16390,39.3700787401575);
#9822=VECTOR('',#16393,39.3700787401575);
#9823=VECTOR('',#16398,39.3700787401575);
#9824=VECTOR('',#16399,39.3700787401575);
#9825=VECTOR('',#16402,39.3700787401575);
#9826=VECTOR('',#16405,39.3700787401575);
#9827=VECTOR('',#16410,39.3700787401575);
#9828=VECTOR('',#16411,39.3700787401575);
#9829=VECTOR('',#16414,39.3700787401575);
#9830=VECTOR('',#16417,39.3700787401575);
#9831=VECTOR('',#16422,39.3700787401575);
#9832=VECTOR('',#16423,39.3700787401575);
#9833=VECTOR('',#16426,39.3700787401575);
#9834=VECTOR('',#16429,39.3700787401575);
#9835=EDGE_LOOP('',(#83,#84,#85,#86));
#9836=EDGE_LOOP('',(#87,#88,#89,#90));
#9837=EDGE_LOOP('',(#91,#92,#93,#94));
#9838=EDGE_LOOP('',(#95,#96,#97,#98));
#9839=EDGE_LOOP('',(#99,#100,#101,#102));
#9840=EDGE_LOOP('',(#103,#104,#105,#106));
#9841=EDGE_LOOP('',(#107,#108,#109,#110));
#9842=EDGE_LOOP('',(#111,#112,#113,#114));
#9843=EDGE_LOOP('',(#115,#116,#117,#118));
#9844=EDGE_LOOP('',(#119,#120,#121,#122));
#9845=EDGE_LOOP('',(#123,#124,#125,#126));
#9846=EDGE_LOOP('',(#127,#128,#129,#130));
#9847=EDGE_LOOP('',(#131,#132,#133,#134));
#9848=EDGE_LOOP('',(#135,#136,#137,#138));
#9849=EDGE_LOOP('',(#139,#140,#141,#142));
#9850=EDGE_LOOP('',(#143,#144,#145,#146));
#9851=EDGE_LOOP('',(#147,#148,#149,#150));
#9852=EDGE_LOOP('',(#151,#152,#153,#154));
#9853=EDGE_LOOP('',(#155,#156,#157,#158,#159,#160,#161,#162,#163,#164,#165,
#166,#167,#168,#169,#170,#171,#172,#173,#174,#175,#176,#177,#178,#179,#180,
#181,#182,#183,#184,#185,#186,#187,#188,#189,#190));
#9854=EDGE_LOOP('',(#191,#192,#193,#194,#195,#196,#197,#198,#199,#200,#201,
#202,#203,#204,#205,#206,#207,#208,#209,#210,#211,#212,#213,#214,#215,#216,
#217,#218,#219,#220,#221,#222,#223,#224,#225,#226));
#9855=EDGE_LOOP('',(#227,#228,#229,#230));
#9856=EDGE_LOOP('',(#231,#232,#233,#234));
#9857=EDGE_LOOP('',(#235,#236,#237,#238));
#9858=EDGE_LOOP('',(#239,#240,#241,#242));
#9859=EDGE_LOOP('',(#243,#244,#245,#246));
#9860=EDGE_LOOP('',(#247,#248,#249,#250));
#9861=EDGE_LOOP('',(#251,#252,#253,#254));
#9862=EDGE_LOOP('',(#255,#256,#257,#258));
#9863=EDGE_LOOP('',(#259,#260,#261,#262));
#9864=EDGE_LOOP('',(#263,#264,#265,#266));
#9865=EDGE_LOOP('',(#267,#268,#269,#270));
#9866=EDGE_LOOP('',(#271,#272,#273,#274));
#9867=EDGE_LOOP('',(#275,#276,#277,#278));
#9868=EDGE_LOOP('',(#279,#280,#281,#282));
#9869=EDGE_LOOP('',(#283,#284,#285,#286));
#9870=EDGE_LOOP('',(#287,#288,#289,#290));
#9871=EDGE_LOOP('',(#291,#292,#293,#294));
#9872=EDGE_LOOP('',(#295,#296,#297,#298));
#9873=EDGE_LOOP('',(#299,#300,#301,#302,#303,#304,#305,#306));
#9874=EDGE_LOOP('',(#307,#308,#309,#310,#311,#312,#313,#314));
#9875=EDGE_LOOP('',(#315,#316,#317,#318));
#9876=EDGE_LOOP('',(#319,#320,#321,#322));
#9877=EDGE_LOOP('',(#323,#324,#325,#326));
#9878=EDGE_LOOP('',(#327,#328,#329,#330));
#9879=EDGE_LOOP('',(#331,#332,#333,#334));
#9880=EDGE_LOOP('',(#335,#336,#337,#338));
#9881=EDGE_LOOP('',(#339,#340,#341,#342));
#9882=EDGE_LOOP('',(#343,#344,#345,#346));
#9883=EDGE_LOOP('',(#347,#348,#349,#350));
#9884=EDGE_LOOP('',(#351,#352,#353,#354));
#9885=EDGE_LOOP('',(#355,#356,#357,#358));
#9886=EDGE_LOOP('',(#359,#360,#361,#362));
#9887=EDGE_LOOP('',(#363,#364,#365,#366));
#9888=EDGE_LOOP('',(#367,#368,#369,#370));
#9889=EDGE_LOOP('',(#371,#372,#373,#374));
#9890=EDGE_LOOP('',(#375,#376,#377,#378));
#9891=EDGE_LOOP('',(#379,#380,#381,#382));
#9892=EDGE_LOOP('',(#383,#384,#385,#386));
#9893=EDGE_LOOP('',(#387,#388,#389,#390));
#9894=EDGE_LOOP('',(#391,#392,#393,#394));
#9895=EDGE_LOOP('',(#395,#396,#397,#398));
#9896=EDGE_LOOP('',(#399,#400,#401,#402));
#9897=EDGE_LOOP('',(#403,#404,#405,#406));
#9898=EDGE_LOOP('',(#407,#408,#409,#410));
#9899=EDGE_LOOP('',(#411,#412,#413,#414));
#9900=EDGE_LOOP('',(#415,#416,#417,#418));
#9901=EDGE_LOOP('',(#419,#420,#421,#422));
#9902=EDGE_LOOP('',(#423,#424,#425,#426));
#9903=EDGE_LOOP('',(#427,#428,#429,#430));
#9904=EDGE_LOOP('',(#431,#432,#433,#434));
#9905=EDGE_LOOP('',(#435,#436,#437,#438));
#9906=EDGE_LOOP('',(#439,#440,#441,#442));
#9907=EDGE_LOOP('',(#443,#444,#445,#446));
#9908=EDGE_LOOP('',(#447,#448,#449,#450));
#9909=EDGE_LOOP('',(#451,#452,#453,#454));
#9910=EDGE_LOOP('',(#455,#456,#457,#458));
#9911=EDGE_LOOP('',(#459,#460,#461,#462));
#9912=EDGE_LOOP('',(#463,#464,#465,#466));
#9913=EDGE_LOOP('',(#467,#468,#469,#470));
#9914=EDGE_LOOP('',(#471,#472,#473,#474));
#9915=EDGE_LOOP('',(#475,#476,#477,#478));
#9916=EDGE_LOOP('',(#479,#480,#481,#482));
#9917=EDGE_LOOP('',(#483,#484,#485,#486));
#9918=EDGE_LOOP('',(#487,#488,#489,#490));
#9919=EDGE_LOOP('',(#491,#492,#493,#494));
#9920=EDGE_LOOP('',(#495,#496,#497,#498));
#9921=EDGE_LOOP('',(#499,#500,#501,#502));
#9922=EDGE_LOOP('',(#503,#504,#505,#506));
#9923=EDGE_LOOP('',(#507,#508,#509,#510));
#9924=EDGE_LOOP('',(#511,#512,#513,#514));
#9925=EDGE_LOOP('',(#515,#516,#517,#518));
#9926=EDGE_LOOP('',(#519,#520,#521,#522));
#9927=EDGE_LOOP('',(#523,#524,#525,#526));
#9928=EDGE_LOOP('',(#527,#528,#529,#530));
#9929=EDGE_LOOP('',(#531,#532,#533,#534));
#9930=EDGE_LOOP('',(#535,#536,#537,#538));
#9931=EDGE_LOOP('',(#539,#540,#541,#542));
#9932=EDGE_LOOP('',(#543,#544,#545,#546));
#9933=EDGE_LOOP('',(#547,#548,#549,#550));
#9934=EDGE_LOOP('',(#551,#552,#553,#554));
#9935=EDGE_LOOP('',(#555,#556,#557,#558));
#9936=EDGE_LOOP('',(#559,#560,#561,#562));
#9937=EDGE_LOOP('',(#563,#564,#565,#566));
#9938=EDGE_LOOP('',(#567,#568,#569,#570));
#9939=EDGE_LOOP('',(#571,#572,#573,#574));
#9940=EDGE_LOOP('',(#575,#576,#577,#578));
#9941=EDGE_LOOP('',(#579,#580,#581,#582));
#9942=EDGE_LOOP('',(#583,#584,#585,#586));
#9943=EDGE_LOOP('',(#587,#588,#589,#590));
#9944=EDGE_LOOP('',(#591,#592,#593,#594));
#9945=EDGE_LOOP('',(#595,#596,#597,#598));
#9946=EDGE_LOOP('',(#599,#600,#601,#602));
#9947=EDGE_LOOP('',(#603,#604,#605,#606));
#9948=EDGE_LOOP('',(#607,#608,#609,#610));
#9949=EDGE_LOOP('',(#611,#612,#613,#614));
#9950=EDGE_LOOP('',(#615,#616,#617,#618));
#9951=EDGE_LOOP('',(#619,#620,#621,#622));
#9952=EDGE_LOOP('',(#623,#624,#625,#626));
#9953=EDGE_LOOP('',(#627,#628,#629,#630));
#9954=EDGE_LOOP('',(#631,#632,#633,#634));
#9955=EDGE_LOOP('',(#635,#636,#637,#638));
#9956=EDGE_LOOP('',(#639,#640,#641,#642));
#9957=EDGE_LOOP('',(#643,#644,#645,#646));
#9958=EDGE_LOOP('',(#647,#648,#649,#650));
#9959=EDGE_LOOP('',(#651,#652,#653,#654));
#9960=EDGE_LOOP('',(#655,#656,#657,#658));
#9961=EDGE_LOOP('',(#659,#660,#661,#662));
#9962=EDGE_LOOP('',(#663,#664,#665,#666));
#9963=EDGE_LOOP('',(#667,#668,#669,#670));
#9964=EDGE_LOOP('',(#671,#672,#673,#674));
#9965=EDGE_LOOP('',(#675,#676,#677,#678));
#9966=EDGE_LOOP('',(#679,#680,#681,#682));
#9967=EDGE_LOOP('',(#683,#684,#685,#686));
#9968=EDGE_LOOP('',(#687,#688,#689,#690));
#9969=EDGE_LOOP('',(#691,#692,#693,#694));
#9970=EDGE_LOOP('',(#695,#696,#697,#698));
#9971=EDGE_LOOP('',(#699,#700,#701,#702));
#9972=EDGE_LOOP('',(#703,#704,#705,#706,#707,#708,#709,#710,#711,#712,#713,
#714,#715,#716,#717,#718,#719,#720,#721,#722,#723,#724,#725,#726,#727,#728,
#729,#730,#731,#732,#733,#734,#735,#736,#737,#738,#739,#740,#741,#742,#743,
#744,#745,#746,#747,#748,#749,#750,#751,#752,#753,#754,#755,#756,#757,#758,
#759,#760,#761,#762,#763,#764,#765,#766,#767,#768,#769,#770));
#9973=EDGE_LOOP('',(#771,#772,#773,#774));
#9974=EDGE_LOOP('',(#775,#776,#777,#778));
#9975=EDGE_LOOP('',(#779,#780,#781,#782));
#9976=EDGE_LOOP('',(#783,#784,#785,#786));
#9977=EDGE_LOOP('',(#787,#788,#789,#790));
#9978=EDGE_LOOP('',(#791,#792,#793,#794));
#9979=EDGE_LOOP('',(#795,#796,#797,#798));
#9980=EDGE_LOOP('',(#799,#800,#801,#802));
#9981=EDGE_LOOP('',(#803,#804,#805,#806));
#9982=EDGE_LOOP('',(#807,#808,#809,#810));
#9983=EDGE_LOOP('',(#811,#812,#813,#814));
#9984=EDGE_LOOP('',(#815,#816,#817,#818));
#9985=EDGE_LOOP('',(#819,#820,#821,#822));
#9986=EDGE_LOOP('',(#823,#824,#825,#826));
#9987=EDGE_LOOP('',(#827,#828,#829,#830));
#9988=EDGE_LOOP('',(#831,#832,#833,#834));
#9989=EDGE_LOOP('',(#835,#836,#837,#838));
#9990=EDGE_LOOP('',(#839,#840,#841,#842));
#9991=EDGE_LOOP('',(#843,#844,#845,#846));
#9992=EDGE_LOOP('',(#847,#848,#849,#850));
#9993=EDGE_LOOP('',(#851,#852,#853,#854));
#9994=EDGE_LOOP('',(#855,#856,#857,#858));
#9995=EDGE_LOOP('',(#859,#860,#861,#862));
#9996=EDGE_LOOP('',(#863,#864,#865,#866));
#9997=EDGE_LOOP('',(#867,#868,#869,#870));
#9998=EDGE_LOOP('',(#871,#872,#873,#874));
#9999=EDGE_LOOP('',(#875,#876,#877,#878));
#10000=EDGE_LOOP('',(#879,#880,#881,#882));
#10001=EDGE_LOOP('',(#883,#884,#885,#886));
#10002=EDGE_LOOP('',(#887,#888,#889,#890));
#10003=EDGE_LOOP('',(#891,#892,#893,#894));
#10004=EDGE_LOOP('',(#895,#896,#897,#898));
#10005=EDGE_LOOP('',(#899,#900,#901,#902));
#10006=EDGE_LOOP('',(#903,#904,#905,#906));
#10007=EDGE_LOOP('',(#907,#908,#909,#910));
#10008=EDGE_LOOP('',(#911,#912,#913,#914));
#10009=EDGE_LOOP('',(#915,#916,#917,#918));
#10010=EDGE_LOOP('',(#919,#920,#921,#922));
#10011=EDGE_LOOP('',(#923,#924,#925,#926));
#10012=EDGE_LOOP('',(#927,#928,#929,#930));
#10013=EDGE_LOOP('',(#931,#932,#933,#934));
#10014=EDGE_LOOP('',(#935,#936,#937,#938));
#10015=EDGE_LOOP('',(#939,#940,#941,#942));
#10016=EDGE_LOOP('',(#943,#944,#945,#946));
#10017=EDGE_LOOP('',(#947,#948,#949,#950));
#10018=EDGE_LOOP('',(#951,#952,#953,#954));
#10019=EDGE_LOOP('',(#955,#956,#957,#958));
#10020=EDGE_LOOP('',(#959,#960,#961,#962));
#10021=EDGE_LOOP('',(#963,#964,#965,#966));
#10022=EDGE_LOOP('',(#967,#968,#969,#970));
#10023=EDGE_LOOP('',(#971,#972,#973,#974));
#10024=EDGE_LOOP('',(#975,#976,#977,#978));
#10025=EDGE_LOOP('',(#979,#980,#981,#982));
#10026=EDGE_LOOP('',(#983,#984,#985,#986));
#10027=EDGE_LOOP('',(#987,#988,#989,#990));
#10028=EDGE_LOOP('',(#991,#992,#993,#994));
#10029=EDGE_LOOP('',(#995,#996,#997,#998));
#10030=EDGE_LOOP('',(#999,#1000,#1001,#1002));
#10031=EDGE_LOOP('',(#1003,#1004,#1005,#1006));
#10032=EDGE_LOOP('',(#1007,#1008,#1009,#1010));
#10033=EDGE_LOOP('',(#1011,#1012,#1013,#1014));
#10034=EDGE_LOOP('',(#1015,#1016,#1017,#1018));
#10035=EDGE_LOOP('',(#1019,#1020,#1021,#1022));
#10036=EDGE_LOOP('',(#1023,#1024,#1025,#1026));
#10037=EDGE_LOOP('',(#1027,#1028,#1029,#1030));
#10038=EDGE_LOOP('',(#1031,#1032,#1033,#1034));
#10039=EDGE_LOOP('',(#1035,#1036,#1037,#1038));
#10040=EDGE_LOOP('',(#1039,#1040,#1041,#1042));
#10041=EDGE_LOOP('',(#1043,#1044,#1045,#1046));
#10042=EDGE_LOOP('',(#1047,#1048,#1049,#1050));
#10043=EDGE_LOOP('',(#1051,#1052,#1053,#1054));
#10044=EDGE_LOOP('',(#1055,#1056,#1057,#1058));
#10045=EDGE_LOOP('',(#1059,#1060,#1061,#1062));
#10046=EDGE_LOOP('',(#1063,#1064,#1065,#1066));
#10047=EDGE_LOOP('',(#1067,#1068,#1069,#1070));
#10048=EDGE_LOOP('',(#1071,#1072,#1073,#1074));
#10049=EDGE_LOOP('',(#1075,#1076,#1077,#1078));
#10050=EDGE_LOOP('',(#1079,#1080,#1081,#1082));
#10051=EDGE_LOOP('',(#1083,#1084,#1085,#1086));
#10052=EDGE_LOOP('',(#1087,#1088,#1089,#1090));
#10053=EDGE_LOOP('',(#1091,#1092,#1093,#1094));
#10054=EDGE_LOOP('',(#1095,#1096,#1097,#1098));
#10055=EDGE_LOOP('',(#1099,#1100,#1101,#1102));
#10056=EDGE_LOOP('',(#1103,#1104,#1105,#1106));
#10057=EDGE_LOOP('',(#1107,#1108,#1109,#1110));
#10058=EDGE_LOOP('',(#1111,#1112,#1113,#1114));
#10059=EDGE_LOOP('',(#1115,#1116,#1117,#1118));
#10060=EDGE_LOOP('',(#1119,#1120,#1121,#1122));
#10061=EDGE_LOOP('',(#1123,#1124,#1125,#1126));
#10062=EDGE_LOOP('',(#1127,#1128,#1129,#1130));
#10063=EDGE_LOOP('',(#1131,#1132,#1133,#1134));
#10064=EDGE_LOOP('',(#1135,#1136,#1137,#1138));
#10065=EDGE_LOOP('',(#1139,#1140,#1141,#1142));
#10066=EDGE_LOOP('',(#1143,#1144,#1145,#1146));
#10067=EDGE_LOOP('',(#1147,#1148,#1149,#1150));
#10068=EDGE_LOOP('',(#1151,#1152,#1153,#1154));
#10069=EDGE_LOOP('',(#1155,#1156,#1157,#1158));
#10070=EDGE_LOOP('',(#1159,#1160,#1161,#1162));
#10071=EDGE_LOOP('',(#1163,#1164,#1165,#1166));
#10072=EDGE_LOOP('',(#1167,#1168,#1169,#1170));
#10073=EDGE_LOOP('',(#1171,#1172,#1173,#1174));
#10074=EDGE_LOOP('',(#1175,#1176,#1177,#1178));
#10075=EDGE_LOOP('',(#1179,#1180,#1181,#1182));
#10076=EDGE_LOOP('',(#1183,#1184,#1185,#1186));
#10077=EDGE_LOOP('',(#1187,#1188,#1189,#1190));
#10078=EDGE_LOOP('',(#1191,#1192,#1193,#1194));
#10079=EDGE_LOOP('',(#1195,#1196,#1197,#1198));
#10080=EDGE_LOOP('',(#1199,#1200,#1201,#1202));
#10081=EDGE_LOOP('',(#1203,#1204,#1205,#1206));
#10082=EDGE_LOOP('',(#1207,#1208,#1209,#1210));
#10083=EDGE_LOOP('',(#1211,#1212,#1213,#1214));
#10084=EDGE_LOOP('',(#1215,#1216,#1217,#1218));
#10085=EDGE_LOOP('',(#1219,#1220,#1221,#1222));
#10086=EDGE_LOOP('',(#1223,#1224,#1225,#1226));
#10087=EDGE_LOOP('',(#1227,#1228,#1229,#1230));
#10088=EDGE_LOOP('',(#1231,#1232,#1233,#1234));
#10089=EDGE_LOOP('',(#1235,#1236,#1237,#1238));
#10090=EDGE_LOOP('',(#1239,#1240,#1241,#1242));
#10091=EDGE_LOOP('',(#1243,#1244,#1245,#1246));
#10092=EDGE_LOOP('',(#1247,#1248,#1249,#1250));
#10093=EDGE_LOOP('',(#1251,#1252,#1253,#1254));
#10094=EDGE_LOOP('',(#1255,#1256,#1257,#1258));
#10095=EDGE_LOOP('',(#1259,#1260,#1261,#1262));
#10096=EDGE_LOOP('',(#1263,#1264,#1265,#1266));
#10097=EDGE_LOOP('',(#1267,#1268,#1269,#1270));
#10098=EDGE_LOOP('',(#1271,#1272,#1273,#1274));
#10099=EDGE_LOOP('',(#1275,#1276,#1277,#1278));
#10100=EDGE_LOOP('',(#1279,#1280,#1281,#1282));
#10101=EDGE_LOOP('',(#1283,#1284,#1285,#1286));
#10102=EDGE_LOOP('',(#1287,#1288,#1289,#1290));
#10103=EDGE_LOOP('',(#1291,#1292,#1293,#1294));
#10104=EDGE_LOOP('',(#1295,#1296,#1297,#1298));
#10105=EDGE_LOOP('',(#1299,#1300,#1301,#1302));
#10106=EDGE_LOOP('',(#1303,#1304,#1305,#1306));
#10107=EDGE_LOOP('',(#1307,#1308,#1309,#1310));
#10108=EDGE_LOOP('',(#1311,#1312,#1313,#1314));
#10109=EDGE_LOOP('',(#1315,#1316,#1317,#1318));
#10110=EDGE_LOOP('',(#1319,#1320,#1321,#1322));
#10111=EDGE_LOOP('',(#1323,#1324,#1325,#1326));
#10112=EDGE_LOOP('',(#1327,#1328,#1329,#1330));
#10113=EDGE_LOOP('',(#1331,#1332,#1333,#1334));
#10114=EDGE_LOOP('',(#1335,#1336,#1337,#1338));
#10115=EDGE_LOOP('',(#1339,#1340,#1341,#1342));
#10116=EDGE_LOOP('',(#1343,#1344,#1345,#1346));
#10117=EDGE_LOOP('',(#1347,#1348,#1349,#1350));
#10118=EDGE_LOOP('',(#1351,#1352,#1353,#1354));
#10119=EDGE_LOOP('',(#1355,#1356,#1357,#1358));
#10120=EDGE_LOOP('',(#1359,#1360,#1361,#1362));
#10121=EDGE_LOOP('',(#1363,#1364,#1365,#1366));
#10122=EDGE_LOOP('',(#1367,#1368,#1369,#1370));
#10123=EDGE_LOOP('',(#1371,#1372,#1373,#1374));
#10124=EDGE_LOOP('',(#1375,#1376,#1377,#1378));
#10125=EDGE_LOOP('',(#1379,#1380,#1381,#1382));
#10126=EDGE_LOOP('',(#1383,#1384,#1385,#1386));
#10127=EDGE_LOOP('',(#1387,#1388,#1389,#1390));
#10128=EDGE_LOOP('',(#1391,#1392,#1393,#1394));
#10129=EDGE_LOOP('',(#1395,#1396,#1397,#1398));
#10130=EDGE_LOOP('',(#1399,#1400,#1401,#1402));
#10131=EDGE_LOOP('',(#1403,#1404,#1405,#1406));
#10132=EDGE_LOOP('',(#1407,#1408,#1409,#1410));
#10133=EDGE_LOOP('',(#1411,#1412,#1413,#1414));
#10134=EDGE_LOOP('',(#1415,#1416,#1417,#1418));
#10135=EDGE_LOOP('',(#1419,#1420,#1421,#1422));
#10136=EDGE_LOOP('',(#1423,#1424,#1425,#1426));
#10137=EDGE_LOOP('',(#1427,#1428,#1429,#1430));
#10138=EDGE_LOOP('',(#1431,#1432,#1433,#1434));
#10139=EDGE_LOOP('',(#1435,#1436,#1437,#1438));
#10140=EDGE_LOOP('',(#1439,#1440,#1441,#1442));
#10141=EDGE_LOOP('',(#1443,#1444,#1445,#1446));
#10142=EDGE_LOOP('',(#1447,#1448,#1449,#1450));
#10143=EDGE_LOOP('',(#1451,#1452,#1453,#1454));
#10144=EDGE_LOOP('',(#1455,#1456,#1457,#1458));
#10145=EDGE_LOOP('',(#1459,#1460,#1461,#1462));
#10146=EDGE_LOOP('',(#1463,#1464,#1465,#1466));
#10147=EDGE_LOOP('',(#1467,#1468,#1469,#1470));
#10148=EDGE_LOOP('',(#1471,#1472,#1473,#1474));
#10149=EDGE_LOOP('',(#1475,#1476,#1477,#1478));
#10150=EDGE_LOOP('',(#1479,#1480,#1481,#1482));
#10151=EDGE_LOOP('',(#1483,#1484,#1485,#1486));
#10152=EDGE_LOOP('',(#1487,#1488,#1489,#1490));
#10153=EDGE_LOOP('',(#1491,#1492,#1493,#1494));
#10154=EDGE_LOOP('',(#1495,#1496,#1497,#1498));
#10155=EDGE_LOOP('',(#1499,#1500,#1501,#1502));
#10156=EDGE_LOOP('',(#1503,#1504,#1505,#1506));
#10157=EDGE_LOOP('',(#1507,#1508,#1509,#1510));
#10158=EDGE_LOOP('',(#1511,#1512,#1513,#1514));
#10159=EDGE_LOOP('',(#1515,#1516,#1517,#1518));
#10160=EDGE_LOOP('',(#1519,#1520,#1521,#1522));
#10161=EDGE_LOOP('',(#1523,#1524,#1525,#1526));
#10162=EDGE_LOOP('',(#1527,#1528,#1529,#1530));
#10163=EDGE_LOOP('',(#1531,#1532,#1533,#1534));
#10164=EDGE_LOOP('',(#1535,#1536,#1537,#1538));
#10165=EDGE_LOOP('',(#1539,#1540,#1541,#1542));
#10166=EDGE_LOOP('',(#1543,#1544,#1545,#1546));
#10167=EDGE_LOOP('',(#1547,#1548,#1549,#1550));
#10168=EDGE_LOOP('',(#1551,#1552,#1553,#1554));
#10169=EDGE_LOOP('',(#1555,#1556,#1557,#1558));
#10170=EDGE_LOOP('',(#1559,#1560,#1561,#1562));
#10171=EDGE_LOOP('',(#1563,#1564,#1565,#1566));
#10172=EDGE_LOOP('',(#1567,#1568,#1569,#1570));
#10173=EDGE_LOOP('',(#1571,#1572,#1573,#1574));
#10174=EDGE_LOOP('',(#1575,#1576,#1577,#1578));
#10175=EDGE_LOOP('',(#1579,#1580,#1581,#1582,#1583,#1584,#1585,#1586,#1587,
#1588));
#10176=EDGE_LOOP('',(#1589,#1590,#1591,#1592));
#10177=EDGE_LOOP('',(#1593,#1594,#1595,#1596,#1597,#1598,#1599,#1600,#1601,
#1602));
#10178=EDGE_LOOP('',(#1603,#1604,#1605,#1606,#1607,#1608,#1609,#1610,#1611,
#1612));
#10179=EDGE_LOOP('',(#1613,#1614,#1615,#1616));
#10180=EDGE_LOOP('',(#1617,#1618,#1619,#1620,#1621,#1622,#1623,#1624,#1625,
#1626));
#10181=EDGE_LOOP('',(#1627,#1628,#1629,#1630,#1631,#1632,#1633,#1634,#1635,
#1636));
#10182=EDGE_LOOP('',(#1637,#1638,#1639,#1640));
#10183=EDGE_LOOP('',(#1641,#1642,#1643,#1644,#1645,#1646,#1647,#1648,#1649,
#1650));
#10184=EDGE_LOOP('',(#1651,#1652,#1653,#1654,#1655,#1656,#1657,#1658,#1659,
#1660));
#10185=EDGE_LOOP('',(#1661,#1662,#1663,#1664));
#10186=EDGE_LOOP('',(#1665,#1666,#1667,#1668,#1669,#1670,#1671,#1672,#1673,
#1674));
#10187=EDGE_LOOP('',(#1675,#1676,#1677,#1678,#1679,#1680,#1681,#1682,#1683,
#1684));
#10188=EDGE_LOOP('',(#1685,#1686,#1687,#1688));
#10189=EDGE_LOOP('',(#1689,#1690,#1691,#1692,#1693,#1694,#1695,#1696,#1697,
#1698));
#10190=EDGE_LOOP('',(#1699,#1700,#1701,#1702,#1703,#1704,#1705,#1706,#1707,
#1708));
#10191=EDGE_LOOP('',(#1709,#1710,#1711,#1712));
#10192=EDGE_LOOP('',(#1713,#1714,#1715,#1716,#1717,#1718,#1719,#1720,#1721,
#1722));
#10193=EDGE_LOOP('',(#1723,#1724,#1725,#1726,#1727,#1728,#1729,#1730,#1731,
#1732));
#10194=EDGE_LOOP('',(#1733,#1734,#1735,#1736));
#10195=EDGE_LOOP('',(#1737,#1738,#1739,#1740,#1741,#1742,#1743,#1744,#1745,
#1746));
#10196=EDGE_LOOP('',(#1747,#1748,#1749,#1750,#1751,#1752,#1753,#1754,#1755,
#1756));
#10197=EDGE_LOOP('',(#1757,#1758,#1759,#1760));
#10198=EDGE_LOOP('',(#1761,#1762,#1763,#1764,#1765,#1766,#1767,#1768,#1769,
#1770));
#10199=EDGE_LOOP('',(#1771,#1772,#1773,#1774,#1775,#1776,#1777,#1778,#1779,
#1780));
#10200=EDGE_LOOP('',(#1781,#1782,#1783,#1784));
#10201=EDGE_LOOP('',(#1785,#1786,#1787,#1788,#1789,#1790,#1791,#1792,#1793,
#1794));
#10202=EDGE_LOOP('',(#1795,#1796,#1797,#1798,#1799,#1800,#1801,#1802,#1803,
#1804));
#10203=EDGE_LOOP('',(#1805,#1806,#1807,#1808));
#10204=EDGE_LOOP('',(#1809,#1810,#1811,#1812,#1813,#1814,#1815,#1816,#1817,
#1818));
#10205=EDGE_LOOP('',(#1819,#1820,#1821,#1822,#1823,#1824,#1825,#1826,#1827,
#1828));
#10206=EDGE_LOOP('',(#1829,#1830,#1831,#1832));
#10207=EDGE_LOOP('',(#1833,#1834,#1835,#1836,#1837,#1838,#1839,#1840,#1841,
#1842));
#10208=EDGE_LOOP('',(#1843,#1844,#1845,#1846,#1847,#1848,#1849,#1850,#1851,
#1852));
#10209=EDGE_LOOP('',(#1853,#1854,#1855,#1856));
#10210=EDGE_LOOP('',(#1857,#1858,#1859,#1860,#1861,#1862,#1863,#1864,#1865,
#1866));
#10211=EDGE_LOOP('',(#1867,#1868,#1869,#1870,#1871,#1872,#1873,#1874,#1875,
#1876));
#10212=EDGE_LOOP('',(#1877,#1878,#1879,#1880));
#10213=EDGE_LOOP('',(#1881,#1882,#1883,#1884,#1885,#1886,#1887,#1888,#1889,
#1890));
#10214=EDGE_LOOP('',(#1891,#1892,#1893,#1894,#1895,#1896,#1897,#1898,#1899,
#1900));
#10215=EDGE_LOOP('',(#1901,#1902,#1903,#1904));
#10216=EDGE_LOOP('',(#1905,#1906,#1907,#1908,#1909,#1910,#1911,#1912,#1913,
#1914));
#10217=EDGE_LOOP('',(#1915,#1916,#1917,#1918,#1919,#1920,#1921,#1922,#1923,
#1924));
#10218=EDGE_LOOP('',(#1925,#1926,#1927,#1928));
#10219=EDGE_LOOP('',(#1929,#1930,#1931,#1932,#1933,#1934,#1935,#1936,#1937,
#1938));
#10220=EDGE_LOOP('',(#1939,#1940,#1941,#1942,#1943,#1944,#1945,#1946,#1947,
#1948));
#10221=EDGE_LOOP('',(#1949,#1950,#1951,#1952));
#10222=EDGE_LOOP('',(#1953,#1954,#1955,#1956,#1957,#1958,#1959,#1960,#1961,
#1962));
#10223=EDGE_LOOP('',(#1963,#1964,#1965,#1966));
#10224=EDGE_LOOP('',(#1967,#1968,#1969,#1970));
#10225=EDGE_LOOP('',(#1971,#1972,#1973,#1974));
#10226=EDGE_LOOP('',(#1975,#1976,#1977,#1978));
#10227=EDGE_LOOP('',(#1979,#1980,#1981,#1982));
#10228=EDGE_LOOP('',(#1983,#1984,#1985,#1986));
#10229=EDGE_LOOP('',(#1987,#1988,#1989,#1990));
#10230=EDGE_LOOP('',(#1991,#1992,#1993,#1994));
#10231=EDGE_LOOP('',(#1995,#1996,#1997,#1998));
#10232=EDGE_LOOP('',(#1999,#2000,#2001,#2002));
#10233=EDGE_LOOP('',(#2003,#2004,#2005,#2006));
#10234=EDGE_LOOP('',(#2007,#2008,#2009,#2010));
#10235=EDGE_LOOP('',(#2011,#2012,#2013,#2014));
#10236=EDGE_LOOP('',(#2015,#2016,#2017,#2018));
#10237=EDGE_LOOP('',(#2019,#2020,#2021,#2022));
#10238=EDGE_LOOP('',(#2023,#2024,#2025,#2026));
#10239=EDGE_LOOP('',(#2027,#2028,#2029,#2030));
#10240=EDGE_LOOP('',(#2031,#2032,#2033,#2034));
#10241=EDGE_LOOP('',(#2035,#2036,#2037,#2038));
#10242=EDGE_LOOP('',(#2039,#2040,#2041,#2042));
#10243=EDGE_LOOP('',(#2043,#2044,#2045,#2046));
#10244=EDGE_LOOP('',(#2047,#2048,#2049,#2050));
#10245=EDGE_LOOP('',(#2051,#2052,#2053,#2054));
#10246=EDGE_LOOP('',(#2055,#2056,#2057,#2058));
#10247=EDGE_LOOP('',(#2059,#2060,#2061,#2062));
#10248=EDGE_LOOP('',(#2063,#2064,#2065,#2066));
#10249=EDGE_LOOP('',(#2067,#2068,#2069,#2070));
#10250=EDGE_LOOP('',(#2071,#2072,#2073,#2074));
#10251=EDGE_LOOP('',(#2075,#2076,#2077,#2078));
#10252=EDGE_LOOP('',(#2079,#2080,#2081,#2082));
#10253=EDGE_LOOP('',(#2083,#2084,#2085,#2086));
#10254=EDGE_LOOP('',(#2087,#2088,#2089,#2090));
#10255=EDGE_LOOP('',(#2091,#2092,#2093,#2094));
#10256=EDGE_LOOP('',(#2095,#2096,#2097,#2098));
#10257=EDGE_LOOP('',(#2099,#2100,#2101,#2102));
#10258=EDGE_LOOP('',(#2103,#2104,#2105,#2106));
#10259=EDGE_LOOP('',(#2107,#2108,#2109,#2110));
#10260=EDGE_LOOP('',(#2111,#2112,#2113,#2114));
#10261=EDGE_LOOP('',(#2115,#2116,#2117,#2118));
#10262=EDGE_LOOP('',(#2119,#2120,#2121,#2122));
#10263=EDGE_LOOP('',(#2123,#2124,#2125,#2126));
#10264=EDGE_LOOP('',(#2127,#2128,#2129,#2130));
#10265=EDGE_LOOP('',(#2131,#2132,#2133,#2134));
#10266=EDGE_LOOP('',(#2135,#2136,#2137,#2138));
#10267=EDGE_LOOP('',(#2139,#2140,#2141,#2142));
#10268=EDGE_LOOP('',(#2143,#2144,#2145,#2146));
#10269=EDGE_LOOP('',(#2147,#2148,#2149,#2150));
#10270=EDGE_LOOP('',(#2151,#2152,#2153,#2154));
#10271=EDGE_LOOP('',(#2155,#2156,#2157,#2158));
#10272=EDGE_LOOP('',(#2159,#2160,#2161,#2162));
#10273=EDGE_LOOP('',(#2163,#2164,#2165,#2166));
#10274=EDGE_LOOP('',(#2167,#2168,#2169,#2170));
#10275=EDGE_LOOP('',(#2171,#2172,#2173,#2174));
#10276=EDGE_LOOP('',(#2175,#2176,#2177,#2178));
#10277=EDGE_LOOP('',(#2179,#2180,#2181,#2182));
#10278=EDGE_LOOP('',(#2183,#2184,#2185,#2186));
#10279=EDGE_LOOP('',(#2187,#2188,#2189,#2190));
#10280=EDGE_LOOP('',(#2191,#2192,#2193,#2194));
#10281=EDGE_LOOP('',(#2195,#2196,#2197,#2198));
#10282=EDGE_LOOP('',(#2199,#2200,#2201,#2202));
#10283=EDGE_LOOP('',(#2203,#2204,#2205,#2206));
#10284=EDGE_LOOP('',(#2207,#2208,#2209,#2210));
#10285=EDGE_LOOP('',(#2211,#2212,#2213,#2214));
#10286=EDGE_LOOP('',(#2215,#2216,#2217,#2218));
#10287=EDGE_LOOP('',(#2219,#2220,#2221,#2222));
#10288=EDGE_LOOP('',(#2223,#2224,#2225,#2226));
#10289=EDGE_LOOP('',(#2227,#2228,#2229,#2230));
#10290=EDGE_LOOP('',(#2231,#2232,#2233,#2234));
#10291=EDGE_LOOP('',(#2235,#2236,#2237,#2238));
#10292=EDGE_LOOP('',(#2239,#2240,#2241,#2242));
#10293=EDGE_LOOP('',(#2243,#2244,#2245,#2246));
#10294=EDGE_LOOP('',(#2247,#2248,#2249,#2250));
#10295=EDGE_LOOP('',(#2251,#2252,#2253,#2254));
#10296=EDGE_LOOP('',(#2255,#2256,#2257,#2258));
#10297=EDGE_LOOP('',(#2259,#2260,#2261,#2262));
#10298=EDGE_LOOP('',(#2263,#2264,#2265,#2266));
#10299=EDGE_LOOP('',(#2267,#2268,#2269,#2270));
#10300=EDGE_LOOP('',(#2271,#2272,#2273,#2274));
#10301=EDGE_LOOP('',(#2275,#2276,#2277,#2278));
#10302=EDGE_LOOP('',(#2279,#2280,#2281,#2282));
#10303=EDGE_LOOP('',(#2283,#2284,#2285,#2286));
#10304=EDGE_LOOP('',(#2287,#2288,#2289,#2290));
#10305=EDGE_LOOP('',(#2291,#2292,#2293,#2294));
#10306=EDGE_LOOP('',(#2295,#2296,#2297,#2298));
#10307=EDGE_LOOP('',(#2299,#2300,#2301,#2302));
#10308=EDGE_LOOP('',(#2303,#2304,#2305,#2306));
#10309=EDGE_LOOP('',(#2307,#2308,#2309,#2310));
#10310=EDGE_LOOP('',(#2311,#2312,#2313,#2314));
#10311=EDGE_LOOP('',(#2315,#2316,#2317,#2318));
#10312=EDGE_LOOP('',(#2319,#2320,#2321,#2322));
#10313=EDGE_LOOP('',(#2323,#2324,#2325,#2326));
#10314=EDGE_LOOP('',(#2327,#2328,#2329,#2330));
#10315=EDGE_LOOP('',(#2331,#2332,#2333,#2334));
#10316=EDGE_LOOP('',(#2335,#2336,#2337,#2338));
#10317=EDGE_LOOP('',(#2339,#2340,#2341,#2342));
#10318=EDGE_LOOP('',(#2343,#2344,#2345,#2346));
#10319=EDGE_LOOP('',(#2347,#2348,#2349,#2350));
#10320=EDGE_LOOP('',(#2351,#2352,#2353,#2354));
#10321=EDGE_LOOP('',(#2355,#2356,#2357,#2358));
#10322=EDGE_LOOP('',(#2359,#2360,#2361,#2362));
#10323=EDGE_LOOP('',(#2363,#2364,#2365,#2366));
#10324=EDGE_LOOP('',(#2367,#2368,#2369,#2370));
#10325=EDGE_LOOP('',(#2371,#2372,#2373,#2374));
#10326=EDGE_LOOP('',(#2375,#2376,#2377,#2378));
#10327=EDGE_LOOP('',(#2379,#2380,#2381,#2382));
#10328=EDGE_LOOP('',(#2383,#2384,#2385,#2386));
#10329=EDGE_LOOP('',(#2387,#2388,#2389,#2390));
#10330=EDGE_LOOP('',(#2391,#2392,#2393,#2394));
#10331=EDGE_LOOP('',(#2395,#2396,#2397,#2398));
#10332=EDGE_LOOP('',(#2399,#2400,#2401,#2402));
#10333=EDGE_LOOP('',(#2403,#2404,#2405,#2406));
#10334=EDGE_LOOP('',(#2407,#2408,#2409,#2410));
#10335=EDGE_LOOP('',(#2411,#2412,#2413,#2414));
#10336=EDGE_LOOP('',(#2415,#2416,#2417,#2418));
#10337=EDGE_LOOP('',(#2419,#2420,#2421,#2422));
#10338=EDGE_LOOP('',(#2423,#2424,#2425,#2426));
#10339=EDGE_LOOP('',(#2427,#2428,#2429,#2430));
#10340=EDGE_LOOP('',(#2431,#2432,#2433,#2434));
#10341=EDGE_LOOP('',(#2435,#2436,#2437,#2438));
#10342=EDGE_LOOP('',(#2439,#2440,#2441,#2442));
#10343=EDGE_LOOP('',(#2443,#2444,#2445,#2446));
#10344=EDGE_LOOP('',(#2447,#2448,#2449,#2450));
#10345=EDGE_LOOP('',(#2451,#2452,#2453,#2454));
#10346=EDGE_LOOP('',(#2455,#2456,#2457,#2458));
#10347=EDGE_LOOP('',(#2459,#2460,#2461,#2462));
#10348=EDGE_LOOP('',(#2463,#2464,#2465,#2466));
#10349=EDGE_LOOP('',(#2467,#2468,#2469,#2470));
#10350=EDGE_LOOP('',(#2471,#2472,#2473,#2474));
#10351=EDGE_LOOP('',(#2475,#2476,#2477,#2478));
#10352=EDGE_LOOP('',(#2479,#2480,#2481,#2482));
#10353=EDGE_LOOP('',(#2483,#2484,#2485,#2486));
#10354=EDGE_LOOP('',(#2487,#2488,#2489,#2490));
#10355=EDGE_LOOP('',(#2491,#2492,#2493,#2494));
#10356=EDGE_LOOP('',(#2495,#2496,#2497,#2498));
#10357=EDGE_LOOP('',(#2499,#2500,#2501,#2502));
#10358=EDGE_LOOP('',(#2503,#2504,#2505,#2506));
#10359=EDGE_LOOP('',(#2507,#2508,#2509,#2510));
#10360=EDGE_LOOP('',(#2511,#2512,#2513,#2514));
#10361=EDGE_LOOP('',(#2515,#2516,#2517,#2518));
#10362=EDGE_LOOP('',(#2519,#2520,#2521,#2522));
#10363=EDGE_LOOP('',(#2523,#2524,#2525,#2526));
#10364=EDGE_LOOP('',(#2527,#2528,#2529,#2530));
#10365=EDGE_LOOP('',(#2531,#2532,#2533,#2534));
#10366=EDGE_LOOP('',(#2535,#2536,#2537,#2538));
#10367=EDGE_LOOP('',(#2539,#2540,#2541,#2542));
#10368=EDGE_LOOP('',(#2543,#2544,#2545,#2546));
#10369=EDGE_LOOP('',(#2547,#2548,#2549,#2550,#2551,#2552,#2553,#2554,#2555,
#2556,#2557,#2558,#2559,#2560,#2561,#2562,#2563,#2564,#2565,#2566,#2567,
#2568,#2569,#2570,#2571,#2572,#2573,#2574,#2575,#2576,#2577,#2578,#2579,
#2580,#2581,#2582,#2583,#2584,#2585,#2586,#2587,#2588,#2589,#2590,#2591,
#2592,#2593,#2594,#2595,#2596,#2597,#2598,#2599,#2600,#2601,#2602,#2603,
#2604,#2605,#2606,#2607,#2608,#2609,#2610,#2611,#2612,#2613,#2614));
#10370=EDGE_LOOP('',(#2615,#2616,#2617,#2618));
#10371=EDGE_LOOP('',(#2619,#2620,#2621,#2622));
#10372=EDGE_LOOP('',(#2623,#2624,#2625,#2626));
#10373=EDGE_LOOP('',(#2627,#2628,#2629,#2630));
#10374=EDGE_LOOP('',(#2631,#2632,#2633,#2634));
#10375=EDGE_LOOP('',(#2635,#2636,#2637,#2638));
#10376=EDGE_LOOP('',(#2639,#2640,#2641,#2642));
#10377=EDGE_LOOP('',(#2643,#2644,#2645,#2646));
#10378=EDGE_LOOP('',(#2647,#2648,#2649,#2650));
#10379=EDGE_LOOP('',(#2651,#2652,#2653,#2654));
#10380=EDGE_LOOP('',(#2655,#2656,#2657,#2658));
#10381=EDGE_LOOP('',(#2659,#2660,#2661,#2662));
#10382=EDGE_LOOP('',(#2663,#2664,#2665,#2666));
#10383=EDGE_LOOP('',(#2667,#2668,#2669,#2670));
#10384=EDGE_LOOP('',(#2671,#2672,#2673,#2674));
#10385=EDGE_LOOP('',(#2675,#2676,#2677,#2678));
#10386=EDGE_LOOP('',(#2679,#2680,#2681,#2682));
#10387=EDGE_LOOP('',(#2683,#2684,#2685,#2686));
#10388=EDGE_LOOP('',(#2687,#2688,#2689,#2690));
#10389=EDGE_LOOP('',(#2691,#2692,#2693,#2694));
#10390=EDGE_LOOP('',(#2695,#2696,#2697,#2698));
#10391=EDGE_LOOP('',(#2699,#2700,#2701,#2702));
#10392=EDGE_LOOP('',(#2703,#2704,#2705,#2706));
#10393=EDGE_LOOP('',(#2707,#2708,#2709,#2710));
#10394=EDGE_LOOP('',(#2711,#2712,#2713,#2714));
#10395=EDGE_LOOP('',(#2715,#2716,#2717,#2718));
#10396=EDGE_LOOP('',(#2719,#2720,#2721,#2722));
#10397=EDGE_LOOP('',(#2723,#2724,#2725,#2726));
#10398=EDGE_LOOP('',(#2727,#2728,#2729,#2730));
#10399=EDGE_LOOP('',(#2731,#2732,#2733,#2734));
#10400=EDGE_LOOP('',(#2735,#2736,#2737,#2738));
#10401=EDGE_LOOP('',(#2739,#2740,#2741,#2742));
#10402=EDGE_LOOP('',(#2743,#2744,#2745,#2746));
#10403=EDGE_LOOP('',(#2747,#2748,#2749,#2750));
#10404=EDGE_LOOP('',(#2751,#2752,#2753,#2754));
#10405=EDGE_LOOP('',(#2755,#2756,#2757,#2758));
#10406=EDGE_LOOP('',(#2759,#2760,#2761,#2762));
#10407=EDGE_LOOP('',(#2763,#2764,#2765,#2766));
#10408=EDGE_LOOP('',(#2767,#2768,#2769,#2770));
#10409=EDGE_LOOP('',(#2771,#2772,#2773,#2774));
#10410=EDGE_LOOP('',(#2775,#2776,#2777,#2778));
#10411=EDGE_LOOP('',(#2779,#2780,#2781,#2782));
#10412=EDGE_LOOP('',(#2783,#2784,#2785,#2786));
#10413=EDGE_LOOP('',(#2787,#2788,#2789,#2790));
#10414=EDGE_LOOP('',(#2791,#2792,#2793,#2794));
#10415=EDGE_LOOP('',(#2795,#2796,#2797,#2798));
#10416=EDGE_LOOP('',(#2799,#2800,#2801,#2802));
#10417=EDGE_LOOP('',(#2803,#2804,#2805,#2806));
#10418=EDGE_LOOP('',(#2807,#2808,#2809,#2810));
#10419=EDGE_LOOP('',(#2811,#2812,#2813,#2814));
#10420=EDGE_LOOP('',(#2815,#2816,#2817,#2818));
#10421=EDGE_LOOP('',(#2819,#2820,#2821,#2822));
#10422=EDGE_LOOP('',(#2823,#2824,#2825,#2826));
#10423=EDGE_LOOP('',(#2827,#2828,#2829,#2830));
#10424=EDGE_LOOP('',(#2831,#2832,#2833,#2834));
#10425=EDGE_LOOP('',(#2835,#2836,#2837,#2838));
#10426=EDGE_LOOP('',(#2839,#2840,#2841,#2842));
#10427=EDGE_LOOP('',(#2843,#2844,#2845,#2846));
#10428=EDGE_LOOP('',(#2847,#2848,#2849,#2850));
#10429=EDGE_LOOP('',(#2851,#2852,#2853,#2854));
#10430=EDGE_LOOP('',(#2855,#2856,#2857,#2858));
#10431=EDGE_LOOP('',(#2859,#2860,#2861,#2862));
#10432=EDGE_LOOP('',(#2863,#2864,#2865,#2866));
#10433=EDGE_LOOP('',(#2867,#2868,#2869,#2870));
#10434=EDGE_LOOP('',(#2871,#2872,#2873,#2874));
#10435=EDGE_LOOP('',(#2875,#2876,#2877,#2878,#2879,#2880,#2881,#2882,#2883,
#2884,#2885,#2886,#2887,#2888,#2889,#2890,#2891,#2892,#2893,#2894,#2895,
#2896,#2897,#2898,#2899,#2900,#2901,#2902,#2903,#2904,#2905,#2906,#2907,
#2908,#2909,#2910,#2911,#2912,#2913,#2914,#2915,#2916,#2917,#2918,#2919,
#2920,#2921,#2922,#2923,#2924,#2925,#2926,#2927,#2928,#2929,#2930,#2931,
#2932,#2933,#2934,#2935,#2936,#2937,#2938,#2939,#2940,#2941,#2942));
#10436=EDGE_LOOP('',(#2943,#2944,#2945,#2946,#2947,#2948,#2949,#2950,#2951,
#2952,#2953,#2954,#2955,#2956,#2957,#2958,#2959,#2960,#2961,#2962,#2963,
#2964,#2965,#2966,#2967,#2968,#2969,#2970,#2971,#2972,#2973,#2974,#2975,
#2976,#2977,#2978,#2979,#2980,#2981,#2982,#2983,#2984,#2985,#2986,#2987,
#2988,#2989,#2990,#2991,#2992,#2993,#2994,#2995,#2996,#2997,#2998,#2999,
#3000,#3001,#3002,#3003,#3004,#3005,#3006,#3007,#3008,#3009,#3010));
#10437=EDGE_LOOP('',(#3011,#3012,#3013,#3014));
#10438=EDGE_LOOP('',(#3015,#3016,#3017,#3018));
#10439=EDGE_LOOP('',(#3019,#3020,#3021,#3022));
#10440=EDGE_LOOP('',(#3023,#3024,#3025,#3026));
#10441=EDGE_LOOP('',(#3027,#3028,#3029,#3030));
#10442=EDGE_LOOP('',(#3031,#3032,#3033,#3034));
#10443=EDGE_LOOP('',(#3035,#3036,#3037,#3038));
#10444=EDGE_LOOP('',(#3039,#3040,#3041,#3042));
#10445=EDGE_LOOP('',(#3043,#3044,#3045,#3046));
#10446=EDGE_LOOP('',(#3047,#3048,#3049,#3050));
#10447=EDGE_LOOP('',(#3051,#3052,#3053,#3054));
#10448=EDGE_LOOP('',(#3055,#3056,#3057,#3058));
#10449=EDGE_LOOP('',(#3059,#3060,#3061,#3062));
#10450=EDGE_LOOP('',(#3063,#3064,#3065,#3066));
#10451=EDGE_LOOP('',(#3067,#3068,#3069,#3070));
#10452=EDGE_LOOP('',(#3071,#3072,#3073,#3074));
#10453=EDGE_LOOP('',(#3075,#3076,#3077,#3078));
#10454=EDGE_LOOP('',(#3079,#3080,#3081,#3082));
#10455=EDGE_LOOP('',(#3083,#3084,#3085,#3086));
#10456=EDGE_LOOP('',(#3087,#3088,#3089,#3090));
#10457=EDGE_LOOP('',(#3091,#3092,#3093,#3094,#3095,#3096,#3097,#3098));
#10458=EDGE_LOOP('',(#3099,#3100,#3101,#3102,#3103,#3104,#3105,#3106));
#10459=EDGE_LOOP('',(#3107,#3108,#3109,#3110));
#10460=EDGE_LOOP('',(#3111,#3112,#3113,#3114));
#10461=EDGE_LOOP('',(#3115,#3116,#3117,#3118));
#10462=EDGE_LOOP('',(#3119,#3120,#3121,#3122));
#10463=EDGE_LOOP('',(#3123,#3124,#3125,#3126));
#10464=EDGE_LOOP('',(#3127,#3128,#3129,#3130));
#10465=EDGE_LOOP('',(#3131,#3132,#3133,#3134));
#10466=EDGE_LOOP('',(#3135,#3136,#3137,#3138));
#10467=EDGE_LOOP('',(#3139,#3140,#3141,#3142));
#10468=EDGE_LOOP('',(#3143,#3144,#3145,#3146));
#10469=EDGE_LOOP('',(#3147,#3148,#3149,#3150));
#10470=EDGE_LOOP('',(#3151,#3152,#3153,#3154));
#10471=EDGE_LOOP('',(#3155,#3156,#3157,#3158));
#10472=EDGE_LOOP('',(#3159,#3160,#3161,#3162));
#10473=EDGE_LOOP('',(#3163,#3164,#3165,#3166));
#10474=EDGE_LOOP('',(#3167,#3168,#3169,#3170));
#10475=EDGE_LOOP('',(#3171,#3172,#3173,#3174));
#10476=EDGE_LOOP('',(#3175,#3176,#3177,#3178));
#10477=EDGE_LOOP('',(#3179,#3180,#3181,#3182));
#10478=EDGE_LOOP('',(#3183,#3184,#3185,#3186));
#10479=EDGE_LOOP('',(#3187,#3188,#3189,#3190));
#10480=EDGE_LOOP('',(#3191,#3192,#3193,#3194));
#10481=EDGE_LOOP('',(#3195,#3196,#3197,#3198));
#10482=EDGE_LOOP('',(#3199,#3200,#3201,#3202));
#10483=EDGE_LOOP('',(#3203,#3204,#3205,#3206));
#10484=EDGE_LOOP('',(#3207,#3208,#3209,#3210));
#10485=EDGE_LOOP('',(#3211,#3212,#3213,#3214));
#10486=EDGE_LOOP('',(#3215,#3216,#3217,#3218));
#10487=EDGE_LOOP('',(#3219,#3220,#3221,#3222));
#10488=EDGE_LOOP('',(#3223,#3224,#3225,#3226));
#10489=EDGE_LOOP('',(#3227,#3228,#3229,#3230));
#10490=EDGE_LOOP('',(#3231,#3232,#3233,#3234));
#10491=EDGE_LOOP('',(#3235,#3236,#3237,#3238));
#10492=EDGE_LOOP('',(#3239,#3240,#3241,#3242));
#10493=EDGE_LOOP('',(#3243,#3244,#3245,#3246));
#10494=EDGE_LOOP('',(#3247,#3248,#3249,#3250));
#10495=EDGE_LOOP('',(#3251,#3252,#3253,#3254));
#10496=EDGE_LOOP('',(#3255,#3256,#3257,#3258));
#10497=EDGE_LOOP('',(#3259,#3260,#3261,#3262));
#10498=EDGE_LOOP('',(#3263,#3264,#3265,#3266));
#10499=EDGE_LOOP('',(#3267,#3268,#3269,#3270));
#10500=EDGE_LOOP('',(#3271,#3272,#3273,#3274));
#10501=EDGE_LOOP('',(#3275,#3276,#3277,#3278));
#10502=EDGE_LOOP('',(#3279,#3280,#3281,#3282));
#10503=EDGE_LOOP('',(#3283,#3284,#3285,#3286));
#10504=EDGE_LOOP('',(#3287,#3288,#3289,#3290));
#10505=EDGE_LOOP('',(#3291,#3292,#3293,#3294));
#10506=EDGE_LOOP('',(#3295,#3296,#3297,#3298));
#10507=EDGE_LOOP('',(#3299,#3300,#3301,#3302));
#10508=EDGE_LOOP('',(#3303,#3304,#3305,#3306));
#10509=EDGE_LOOP('',(#3307,#3308,#3309,#3310));
#10510=EDGE_LOOP('',(#3311,#3312,#3313,#3314));
#10511=EDGE_LOOP('',(#3315,#3316,#3317,#3318));
#10512=EDGE_LOOP('',(#3319,#3320,#3321,#3322));
#10513=EDGE_LOOP('',(#3323,#3324,#3325,#3326));
#10514=EDGE_LOOP('',(#3327,#3328,#3329,#3330));
#10515=EDGE_LOOP('',(#3331,#3332,#3333,#3334));
#10516=EDGE_LOOP('',(#3335,#3336,#3337,#3338));
#10517=EDGE_LOOP('',(#3339,#3340,#3341,#3342));
#10518=EDGE_LOOP('',(#3343,#3344,#3345,#3346));
#10519=EDGE_LOOP('',(#3347,#3348,#3349,#3350));
#10520=EDGE_LOOP('',(#3351,#3352,#3353,#3354));
#10521=EDGE_LOOP('',(#3355,#3356,#3357,#3358));
#10522=EDGE_LOOP('',(#3359,#3360,#3361,#3362));
#10523=EDGE_LOOP('',(#3363,#3364,#3365,#3366));
#10524=EDGE_LOOP('',(#3367,#3368,#3369,#3370));
#10525=EDGE_LOOP('',(#3371,#3372,#3373,#3374));
#10526=EDGE_LOOP('',(#3375,#3376,#3377,#3378));
#10527=EDGE_LOOP('',(#3379,#3380,#3381,#3382));
#10528=EDGE_LOOP('',(#3383,#3384,#3385,#3386));
#10529=EDGE_LOOP('',(#3387,#3388,#3389,#3390));
#10530=EDGE_LOOP('',(#3391,#3392,#3393,#3394));
#10531=EDGE_LOOP('',(#3395,#3396,#3397,#3398));
#10532=EDGE_LOOP('',(#3399,#3400,#3401,#3402));
#10533=EDGE_LOOP('',(#3403,#3404,#3405,#3406));
#10534=EDGE_LOOP('',(#3407,#3408,#3409,#3410));
#10535=EDGE_LOOP('',(#3411,#3412,#3413,#3414));
#10536=EDGE_LOOP('',(#3415,#3416,#3417,#3418));
#10537=EDGE_LOOP('',(#3419,#3420,#3421,#3422));
#10538=EDGE_LOOP('',(#3423,#3424,#3425,#3426));
#10539=EDGE_LOOP('',(#3427,#3428,#3429,#3430));
#10540=EDGE_LOOP('',(#3431,#3432,#3433,#3434));
#10541=EDGE_LOOP('',(#3435,#3436,#3437,#3438));
#10542=EDGE_LOOP('',(#3439,#3440,#3441,#3442));
#10543=EDGE_LOOP('',(#3443,#3444,#3445,#3446));
#10544=EDGE_LOOP('',(#3447,#3448,#3449,#3450));
#10545=EDGE_LOOP('',(#3451,#3452,#3453,#3454));
#10546=EDGE_LOOP('',(#3455,#3456,#3457,#3458));
#10547=EDGE_LOOP('',(#3459,#3460,#3461,#3462));
#10548=EDGE_LOOP('',(#3463,#3464,#3465,#3466));
#10549=EDGE_LOOP('',(#3467,#3468,#3469,#3470));
#10550=EDGE_LOOP('',(#3471,#3472,#3473,#3474));
#10551=EDGE_LOOP('',(#3475,#3476,#3477,#3478));
#10552=EDGE_LOOP('',(#3479,#3480,#3481,#3482));
#10553=EDGE_LOOP('',(#3483,#3484,#3485,#3486));
#10554=EDGE_LOOP('',(#3487,#3488,#3489,#3490));
#10555=EDGE_LOOP('',(#3491,#3492,#3493,#3494));
#10556=EDGE_LOOP('',(#3495,#3496,#3497,#3498));
#10557=EDGE_LOOP('',(#3499,#3500,#3501,#3502));
#10558=EDGE_LOOP('',(#3503,#3504,#3505,#3506));
#10559=EDGE_LOOP('',(#3507,#3508,#3509,#3510));
#10560=EDGE_LOOP('',(#3511,#3512,#3513,#3514));
#10561=EDGE_LOOP('',(#3515,#3516,#3517,#3518));
#10562=EDGE_LOOP('',(#3519,#3520,#3521,#3522));
#10563=EDGE_LOOP('',(#3523,#3524,#3525,#3526));
#10564=EDGE_LOOP('',(#3527,#3528,#3529,#3530));
#10565=EDGE_LOOP('',(#3531,#3532,#3533,#3534));
#10566=EDGE_LOOP('',(#3535,#3536,#3537,#3538));
#10567=EDGE_LOOP('',(#3539,#3540,#3541,#3542));
#10568=EDGE_LOOP('',(#3543,#3544,#3545,#3546));
#10569=EDGE_LOOP('',(#3547,#3548,#3549,#3550));
#10570=EDGE_LOOP('',(#3551,#3552,#3553,#3554));
#10571=FACE_BOUND('',#9835,.T.);
#10572=FACE_BOUND('',#9836,.T.);
#10573=FACE_BOUND('',#9837,.T.);
#10574=FACE_BOUND('',#9838,.T.);
#10575=FACE_BOUND('',#9839,.T.);
#10576=FACE_BOUND('',#9840,.T.);
#10577=FACE_BOUND('',#9841,.T.);
#10578=FACE_BOUND('',#9842,.T.);
#10579=FACE_BOUND('',#9843,.T.);
#10580=FACE_BOUND('',#9844,.T.);
#10581=FACE_BOUND('',#9845,.T.);
#10582=FACE_BOUND('',#9846,.T.);
#10583=FACE_BOUND('',#9847,.T.);
#10584=FACE_BOUND('',#9848,.T.);
#10585=FACE_BOUND('',#9849,.T.);
#10586=FACE_BOUND('',#9850,.T.);
#10587=FACE_BOUND('',#9851,.T.);
#10588=FACE_BOUND('',#9852,.T.);
#10589=FACE_BOUND('',#9853,.T.);
#10590=FACE_BOUND('',#9854,.T.);
#10591=FACE_BOUND('',#9855,.T.);
#10592=FACE_BOUND('',#9856,.T.);
#10593=FACE_BOUND('',#9857,.T.);
#10594=FACE_BOUND('',#9858,.T.);
#10595=FACE_BOUND('',#9859,.T.);
#10596=FACE_BOUND('',#9860,.T.);
#10597=FACE_BOUND('',#9861,.T.);
#10598=FACE_BOUND('',#9862,.T.);
#10599=FACE_BOUND('',#9863,.T.);
#10600=FACE_BOUND('',#9864,.T.);
#10601=FACE_BOUND('',#9865,.T.);
#10602=FACE_BOUND('',#9866,.T.);
#10603=FACE_BOUND('',#9867,.T.);
#10604=FACE_BOUND('',#9868,.T.);
#10605=FACE_BOUND('',#9869,.T.);
#10606=FACE_BOUND('',#9870,.T.);
#10607=FACE_BOUND('',#9871,.T.);
#10608=FACE_BOUND('',#9872,.T.);
#10609=FACE_BOUND('',#9873,.T.);
#10610=FACE_BOUND('',#9874,.T.);
#10611=FACE_BOUND('',#9875,.T.);
#10612=FACE_BOUND('',#9876,.T.);
#10613=FACE_BOUND('',#9877,.T.);
#10614=FACE_BOUND('',#9878,.T.);
#10615=FACE_BOUND('',#9879,.T.);
#10616=FACE_BOUND('',#9880,.T.);
#10617=FACE_BOUND('',#9881,.T.);
#10618=FACE_BOUND('',#9882,.T.);
#10619=FACE_BOUND('',#9883,.T.);
#10620=FACE_BOUND('',#9884,.T.);
#10621=FACE_BOUND('',#9885,.T.);
#10622=FACE_BOUND('',#9886,.T.);
#10623=FACE_BOUND('',#9887,.T.);
#10624=FACE_BOUND('',#9888,.T.);
#10625=FACE_BOUND('',#9889,.T.);
#10626=FACE_BOUND('',#9890,.T.);
#10627=FACE_BOUND('',#9891,.T.);
#10628=FACE_BOUND('',#9892,.T.);
#10629=FACE_BOUND('',#9893,.T.);
#10630=FACE_BOUND('',#9894,.T.);
#10631=FACE_BOUND('',#9895,.T.);
#10632=FACE_BOUND('',#9896,.T.);
#10633=FACE_BOUND('',#9897,.T.);
#10634=FACE_BOUND('',#9898,.T.);
#10635=FACE_BOUND('',#9899,.T.);
#10636=FACE_BOUND('',#9900,.T.);
#10637=FACE_BOUND('',#9901,.T.);
#10638=FACE_BOUND('',#9902,.T.);
#10639=FACE_BOUND('',#9903,.T.);
#10640=FACE_BOUND('',#9904,.T.);
#10641=FACE_BOUND('',#9905,.T.);
#10642=FACE_BOUND('',#9906,.T.);
#10643=FACE_BOUND('',#9907,.T.);
#10644=FACE_BOUND('',#9908,.T.);
#10645=FACE_BOUND('',#9909,.T.);
#10646=FACE_BOUND('',#9910,.T.);
#10647=FACE_BOUND('',#9911,.T.);
#10648=FACE_BOUND('',#9912,.T.);
#10649=FACE_BOUND('',#9913,.T.);
#10650=FACE_BOUND('',#9914,.T.);
#10651=FACE_BOUND('',#9915,.T.);
#10652=FACE_BOUND('',#9916,.T.);
#10653=FACE_BOUND('',#9917,.T.);
#10654=FACE_BOUND('',#9918,.T.);
#10655=FACE_BOUND('',#9919,.T.);
#10656=FACE_BOUND('',#9920,.T.);
#10657=FACE_BOUND('',#9921,.T.);
#10658=FACE_BOUND('',#9922,.T.);
#10659=FACE_BOUND('',#9923,.T.);
#10660=FACE_BOUND('',#9924,.T.);
#10661=FACE_BOUND('',#9925,.T.);
#10662=FACE_BOUND('',#9926,.T.);
#10663=FACE_BOUND('',#9927,.T.);
#10664=FACE_BOUND('',#9928,.T.);
#10665=FACE_BOUND('',#9929,.T.);
#10666=FACE_BOUND('',#9930,.T.);
#10667=FACE_BOUND('',#9931,.T.);
#10668=FACE_BOUND('',#9932,.T.);
#10669=FACE_BOUND('',#9933,.T.);
#10670=FACE_BOUND('',#9934,.T.);
#10671=FACE_BOUND('',#9935,.T.);
#10672=FACE_BOUND('',#9936,.T.);
#10673=FACE_BOUND('',#9937,.T.);
#10674=FACE_BOUND('',#9938,.T.);
#10675=FACE_BOUND('',#9939,.T.);
#10676=FACE_BOUND('',#9940,.T.);
#10677=FACE_BOUND('',#9941,.T.);
#10678=FACE_BOUND('',#9942,.T.);
#10679=FACE_BOUND('',#9943,.T.);
#10680=FACE_BOUND('',#9944,.T.);
#10681=FACE_BOUND('',#9945,.T.);
#10682=FACE_BOUND('',#9946,.T.);
#10683=FACE_BOUND('',#9947,.T.);
#10684=FACE_BOUND('',#9948,.T.);
#10685=FACE_BOUND('',#9949,.T.);
#10686=FACE_BOUND('',#9950,.T.);
#10687=FACE_BOUND('',#9951,.T.);
#10688=FACE_BOUND('',#9952,.T.);
#10689=FACE_BOUND('',#9953,.T.);
#10690=FACE_BOUND('',#9954,.T.);
#10691=FACE_BOUND('',#9955,.T.);
#10692=FACE_BOUND('',#9956,.T.);
#10693=FACE_BOUND('',#9957,.T.);
#10694=FACE_BOUND('',#9958,.T.);
#10695=FACE_BOUND('',#9959,.T.);
#10696=FACE_BOUND('',#9960,.T.);
#10697=FACE_BOUND('',#9961,.T.);
#10698=FACE_BOUND('',#9962,.T.);
#10699=FACE_BOUND('',#9963,.T.);
#10700=FACE_BOUND('',#9964,.T.);
#10701=FACE_BOUND('',#9965,.T.);
#10702=FACE_BOUND('',#9966,.T.);
#10703=FACE_BOUND('',#9967,.T.);
#10704=FACE_BOUND('',#9968,.T.);
#10705=FACE_BOUND('',#9969,.T.);
#10706=FACE_BOUND('',#9970,.T.);
#10707=FACE_BOUND('',#9971,.T.);
#10708=FACE_BOUND('',#9972,.T.);
#10709=FACE_BOUND('',#9973,.T.);
#10710=FACE_BOUND('',#9974,.T.);
#10711=FACE_BOUND('',#9975,.T.);
#10712=FACE_BOUND('',#9976,.T.);
#10713=FACE_BOUND('',#9977,.T.);
#10714=FACE_BOUND('',#9978,.T.);
#10715=FACE_BOUND('',#9979,.T.);
#10716=FACE_BOUND('',#9980,.T.);
#10717=FACE_BOUND('',#9981,.T.);
#10718=FACE_BOUND('',#9982,.T.);
#10719=FACE_BOUND('',#9983,.T.);
#10720=FACE_BOUND('',#9984,.T.);
#10721=FACE_BOUND('',#9985,.T.);
#10722=FACE_BOUND('',#9986,.T.);
#10723=FACE_BOUND('',#9987,.T.);
#10724=FACE_BOUND('',#9988,.T.);
#10725=FACE_BOUND('',#9989,.T.);
#10726=FACE_BOUND('',#9990,.T.);
#10727=FACE_BOUND('',#9991,.T.);
#10728=FACE_BOUND('',#9992,.T.);
#10729=FACE_BOUND('',#9993,.T.);
#10730=FACE_BOUND('',#9994,.T.);
#10731=FACE_BOUND('',#9995,.T.);
#10732=FACE_BOUND('',#9996,.T.);
#10733=FACE_BOUND('',#9997,.T.);
#10734=FACE_BOUND('',#9998,.T.);
#10735=FACE_BOUND('',#9999,.T.);
#10736=FACE_BOUND('',#10000,.T.);
#10737=FACE_BOUND('',#10001,.T.);
#10738=FACE_BOUND('',#10002,.T.);
#10739=FACE_BOUND('',#10003,.T.);
#10740=FACE_BOUND('',#10004,.T.);
#10741=FACE_BOUND('',#10005,.T.);
#10742=FACE_BOUND('',#10006,.T.);
#10743=FACE_BOUND('',#10007,.T.);
#10744=FACE_BOUND('',#10008,.T.);
#10745=FACE_BOUND('',#10009,.T.);
#10746=FACE_BOUND('',#10010,.T.);
#10747=FACE_BOUND('',#10011,.T.);
#10748=FACE_BOUND('',#10012,.T.);
#10749=FACE_BOUND('',#10013,.T.);
#10750=FACE_BOUND('',#10014,.T.);
#10751=FACE_BOUND('',#10015,.T.);
#10752=FACE_BOUND('',#10016,.T.);
#10753=FACE_BOUND('',#10017,.T.);
#10754=FACE_BOUND('',#10018,.T.);
#10755=FACE_BOUND('',#10019,.T.);
#10756=FACE_BOUND('',#10020,.T.);
#10757=FACE_BOUND('',#10021,.T.);
#10758=FACE_BOUND('',#10022,.T.);
#10759=FACE_BOUND('',#10023,.T.);
#10760=FACE_BOUND('',#10024,.T.);
#10761=FACE_BOUND('',#10025,.T.);
#10762=FACE_BOUND('',#10026,.T.);
#10763=FACE_BOUND('',#10027,.T.);
#10764=FACE_BOUND('',#10028,.T.);
#10765=FACE_BOUND('',#10029,.T.);
#10766=FACE_BOUND('',#10030,.T.);
#10767=FACE_BOUND('',#10031,.T.);
#10768=FACE_BOUND('',#10032,.T.);
#10769=FACE_BOUND('',#10033,.T.);
#10770=FACE_BOUND('',#10034,.T.);
#10771=FACE_BOUND('',#10035,.T.);
#10772=FACE_BOUND('',#10036,.T.);
#10773=FACE_BOUND('',#10037,.T.);
#10774=FACE_BOUND('',#10038,.T.);
#10775=FACE_BOUND('',#10039,.T.);
#10776=FACE_BOUND('',#10040,.T.);
#10777=FACE_BOUND('',#10041,.T.);
#10778=FACE_BOUND('',#10042,.T.);
#10779=FACE_BOUND('',#10043,.T.);
#10780=FACE_BOUND('',#10044,.T.);
#10781=FACE_BOUND('',#10045,.T.);
#10782=FACE_BOUND('',#10046,.T.);
#10783=FACE_BOUND('',#10047,.T.);
#10784=FACE_BOUND('',#10048,.T.);
#10785=FACE_BOUND('',#10049,.T.);
#10786=FACE_BOUND('',#10050,.T.);
#10787=FACE_BOUND('',#10051,.T.);
#10788=FACE_BOUND('',#10052,.T.);
#10789=FACE_BOUND('',#10053,.T.);
#10790=FACE_BOUND('',#10054,.T.);
#10791=FACE_BOUND('',#10055,.T.);
#10792=FACE_BOUND('',#10056,.T.);
#10793=FACE_BOUND('',#10057,.T.);
#10794=FACE_BOUND('',#10058,.T.);
#10795=FACE_BOUND('',#10059,.T.);
#10796=FACE_BOUND('',#10060,.T.);
#10797=FACE_BOUND('',#10061,.T.);
#10798=FACE_BOUND('',#10062,.T.);
#10799=FACE_BOUND('',#10063,.T.);
#10800=FACE_BOUND('',#10064,.T.);
#10801=FACE_BOUND('',#10065,.T.);
#10802=FACE_BOUND('',#10066,.T.);
#10803=FACE_BOUND('',#10067,.T.);
#10804=FACE_BOUND('',#10068,.T.);
#10805=FACE_BOUND('',#10069,.T.);
#10806=FACE_BOUND('',#10070,.T.);
#10807=FACE_BOUND('',#10071,.T.);
#10808=FACE_BOUND('',#10072,.T.);
#10809=FACE_BOUND('',#10073,.T.);
#10810=FACE_BOUND('',#10074,.T.);
#10811=FACE_BOUND('',#10075,.T.);
#10812=FACE_BOUND('',#10076,.T.);
#10813=FACE_BOUND('',#10077,.T.);
#10814=FACE_BOUND('',#10078,.T.);
#10815=FACE_BOUND('',#10079,.T.);
#10816=FACE_BOUND('',#10080,.T.);
#10817=FACE_BOUND('',#10081,.T.);
#10818=FACE_BOUND('',#10082,.T.);
#10819=FACE_BOUND('',#10083,.T.);
#10820=FACE_BOUND('',#10084,.T.);
#10821=FACE_BOUND('',#10085,.T.);
#10822=FACE_BOUND('',#10086,.T.);
#10823=FACE_BOUND('',#10087,.T.);
#10824=FACE_BOUND('',#10088,.T.);
#10825=FACE_BOUND('',#10089,.T.);
#10826=FACE_BOUND('',#10090,.T.);
#10827=FACE_BOUND('',#10091,.T.);
#10828=FACE_BOUND('',#10092,.T.);
#10829=FACE_BOUND('',#10093,.T.);
#10830=FACE_BOUND('',#10094,.T.);
#10831=FACE_BOUND('',#10095,.T.);
#10832=FACE_BOUND('',#10096,.T.);
#10833=FACE_BOUND('',#10097,.T.);
#10834=FACE_BOUND('',#10098,.T.);
#10835=FACE_BOUND('',#10099,.T.);
#10836=FACE_BOUND('',#10100,.T.);
#10837=FACE_BOUND('',#10101,.T.);
#10838=FACE_BOUND('',#10102,.T.);
#10839=FACE_BOUND('',#10103,.T.);
#10840=FACE_BOUND('',#10104,.T.);
#10841=FACE_BOUND('',#10105,.T.);
#10842=FACE_BOUND('',#10106,.T.);
#10843=FACE_BOUND('',#10107,.T.);
#10844=FACE_BOUND('',#10108,.T.);
#10845=FACE_BOUND('',#10109,.T.);
#10846=FACE_BOUND('',#10110,.T.);
#10847=FACE_BOUND('',#10111,.T.);
#10848=FACE_BOUND('',#10112,.T.);
#10849=FACE_BOUND('',#10113,.T.);
#10850=FACE_BOUND('',#10114,.T.);
#10851=FACE_BOUND('',#10115,.T.);
#10852=FACE_BOUND('',#10116,.T.);
#10853=FACE_BOUND('',#10117,.T.);
#10854=FACE_BOUND('',#10118,.T.);
#10855=FACE_BOUND('',#10119,.T.);
#10856=FACE_BOUND('',#10120,.T.);
#10857=FACE_BOUND('',#10121,.T.);
#10858=FACE_BOUND('',#10122,.T.);
#10859=FACE_BOUND('',#10123,.T.);
#10860=FACE_BOUND('',#10124,.T.);
#10861=FACE_BOUND('',#10125,.T.);
#10862=FACE_BOUND('',#10126,.T.);
#10863=FACE_BOUND('',#10127,.T.);
#10864=FACE_BOUND('',#10128,.T.);
#10865=FACE_BOUND('',#10129,.T.);
#10866=FACE_BOUND('',#10130,.T.);
#10867=FACE_BOUND('',#10131,.T.);
#10868=FACE_BOUND('',#10132,.T.);
#10869=FACE_BOUND('',#10133,.T.);
#10870=FACE_BOUND('',#10134,.T.);
#10871=FACE_BOUND('',#10135,.T.);
#10872=FACE_BOUND('',#10136,.T.);
#10873=FACE_BOUND('',#10137,.T.);
#10874=FACE_BOUND('',#10138,.T.);
#10875=FACE_BOUND('',#10139,.T.);
#10876=FACE_BOUND('',#10140,.T.);
#10877=FACE_BOUND('',#10141,.T.);
#10878=FACE_BOUND('',#10142,.T.);
#10879=FACE_BOUND('',#10143,.T.);
#10880=FACE_BOUND('',#10144,.T.);
#10881=FACE_BOUND('',#10145,.T.);
#10882=FACE_BOUND('',#10146,.T.);
#10883=FACE_BOUND('',#10147,.T.);
#10884=FACE_BOUND('',#10148,.T.);
#10885=FACE_BOUND('',#10149,.T.);
#10886=FACE_BOUND('',#10150,.T.);
#10887=FACE_BOUND('',#10151,.T.);
#10888=FACE_BOUND('',#10152,.T.);
#10889=FACE_BOUND('',#10153,.T.);
#10890=FACE_BOUND('',#10154,.T.);
#10891=FACE_BOUND('',#10155,.T.);
#10892=FACE_BOUND('',#10156,.T.);
#10893=FACE_BOUND('',#10157,.T.);
#10894=FACE_BOUND('',#10158,.T.);
#10895=FACE_BOUND('',#10159,.T.);
#10896=FACE_BOUND('',#10160,.T.);
#10897=FACE_BOUND('',#10161,.T.);
#10898=FACE_BOUND('',#10162,.T.);
#10899=FACE_BOUND('',#10163,.T.);
#10900=FACE_BOUND('',#10164,.T.);
#10901=FACE_BOUND('',#10165,.T.);
#10902=FACE_BOUND('',#10166,.T.);
#10903=FACE_BOUND('',#10167,.T.);
#10904=FACE_BOUND('',#10168,.T.);
#10905=FACE_BOUND('',#10169,.T.);
#10906=FACE_BOUND('',#10170,.T.);
#10907=FACE_BOUND('',#10171,.T.);
#10908=FACE_BOUND('',#10172,.T.);
#10909=FACE_BOUND('',#10173,.T.);
#10910=FACE_BOUND('',#10174,.T.);
#10911=FACE_BOUND('',#10175,.T.);
#10912=FACE_BOUND('',#10176,.T.);
#10913=FACE_BOUND('',#10177,.T.);
#10914=FACE_BOUND('',#10178,.T.);
#10915=FACE_BOUND('',#10179,.T.);
#10916=FACE_BOUND('',#10180,.T.);
#10917=FACE_BOUND('',#10181,.T.);
#10918=FACE_BOUND('',#10182,.T.);
#10919=FACE_BOUND('',#10183,.T.);
#10920=FACE_BOUND('',#10184,.T.);
#10921=FACE_BOUND('',#10185,.T.);
#10922=FACE_BOUND('',#10186,.T.);
#10923=FACE_BOUND('',#10187,.T.);
#10924=FACE_BOUND('',#10188,.T.);
#10925=FACE_BOUND('',#10189,.T.);
#10926=FACE_BOUND('',#10190,.T.);
#10927=FACE_BOUND('',#10191,.T.);
#10928=FACE_BOUND('',#10192,.T.);
#10929=FACE_BOUND('',#10193,.T.);
#10930=FACE_BOUND('',#10194,.T.);
#10931=FACE_BOUND('',#10195,.T.);
#10932=FACE_BOUND('',#10196,.T.);
#10933=FACE_BOUND('',#10197,.T.);
#10934=FACE_BOUND('',#10198,.T.);
#10935=FACE_BOUND('',#10199,.T.);
#10936=FACE_BOUND('',#10200,.T.);
#10937=FACE_BOUND('',#10201,.T.);
#10938=FACE_BOUND('',#10202,.T.);
#10939=FACE_BOUND('',#10203,.T.);
#10940=FACE_BOUND('',#10204,.T.);
#10941=FACE_BOUND('',#10205,.T.);
#10942=FACE_BOUND('',#10206,.T.);
#10943=FACE_BOUND('',#10207,.T.);
#10944=FACE_BOUND('',#10208,.T.);
#10945=FACE_BOUND('',#10209,.T.);
#10946=FACE_BOUND('',#10210,.T.);
#10947=FACE_BOUND('',#10211,.T.);
#10948=FACE_BOUND('',#10212,.T.);
#10949=FACE_BOUND('',#10213,.T.);
#10950=FACE_BOUND('',#10214,.T.);
#10951=FACE_BOUND('',#10215,.T.);
#10952=FACE_BOUND('',#10216,.T.);
#10953=FACE_BOUND('',#10217,.T.);
#10954=FACE_BOUND('',#10218,.T.);
#10955=FACE_BOUND('',#10219,.T.);
#10956=FACE_BOUND('',#10220,.T.);
#10957=FACE_BOUND('',#10221,.T.);
#10958=FACE_BOUND('',#10222,.T.);
#10959=FACE_BOUND('',#10223,.T.);
#10960=FACE_BOUND('',#10224,.T.);
#10961=FACE_BOUND('',#10225,.T.);
#10962=FACE_BOUND('',#10226,.T.);
#10963=FACE_BOUND('',#10227,.T.);
#10964=FACE_BOUND('',#10228,.T.);
#10965=FACE_BOUND('',#10229,.T.);
#10966=FACE_BOUND('',#10230,.T.);
#10967=FACE_BOUND('',#10231,.T.);
#10968=FACE_BOUND('',#10232,.T.);
#10969=FACE_BOUND('',#10233,.T.);
#10970=FACE_BOUND('',#10234,.T.);
#10971=FACE_BOUND('',#10235,.T.);
#10972=FACE_BOUND('',#10236,.T.);
#10973=FACE_BOUND('',#10237,.T.);
#10974=FACE_BOUND('',#10238,.T.);
#10975=FACE_BOUND('',#10239,.T.);
#10976=FACE_BOUND('',#10240,.T.);
#10977=FACE_BOUND('',#10241,.T.);
#10978=FACE_BOUND('',#10242,.T.);
#10979=FACE_BOUND('',#10243,.T.);
#10980=FACE_BOUND('',#10244,.T.);
#10981=FACE_BOUND('',#10245,.T.);
#10982=FACE_BOUND('',#10246,.T.);
#10983=FACE_BOUND('',#10247,.T.);
#10984=FACE_BOUND('',#10248,.T.);
#10985=FACE_BOUND('',#10249,.T.);
#10986=FACE_BOUND('',#10250,.T.);
#10987=FACE_BOUND('',#10251,.T.);
#10988=FACE_BOUND('',#10252,.T.);
#10989=FACE_BOUND('',#10253,.T.);
#10990=FACE_BOUND('',#10254,.T.);
#10991=FACE_BOUND('',#10255,.T.);
#10992=FACE_BOUND('',#10256,.T.);
#10993=FACE_BOUND('',#10257,.T.);
#10994=FACE_BOUND('',#10258,.T.);
#10995=FACE_BOUND('',#10259,.T.);
#10996=FACE_BOUND('',#10260,.T.);
#10997=FACE_BOUND('',#10261,.T.);
#10998=FACE_BOUND('',#10262,.T.);
#10999=FACE_BOUND('',#10263,.T.);
#11000=FACE_BOUND('',#10264,.T.);
#11001=FACE_BOUND('',#10265,.T.);
#11002=FACE_BOUND('',#10266,.T.);
#11003=FACE_BOUND('',#10267,.T.);
#11004=FACE_BOUND('',#10268,.T.);
#11005=FACE_BOUND('',#10269,.T.);
#11006=FACE_BOUND('',#10270,.T.);
#11007=FACE_BOUND('',#10271,.T.);
#11008=FACE_BOUND('',#10272,.T.);
#11009=FACE_BOUND('',#10273,.T.);
#11010=FACE_BOUND('',#10274,.T.);
#11011=FACE_BOUND('',#10275,.T.);
#11012=FACE_BOUND('',#10276,.T.);
#11013=FACE_BOUND('',#10277,.T.);
#11014=FACE_BOUND('',#10278,.T.);
#11015=FACE_BOUND('',#10279,.T.);
#11016=FACE_BOUND('',#10280,.T.);
#11017=FACE_BOUND('',#10281,.T.);
#11018=FACE_BOUND('',#10282,.T.);
#11019=FACE_BOUND('',#10283,.T.);
#11020=FACE_BOUND('',#10284,.T.);
#11021=FACE_BOUND('',#10285,.T.);
#11022=FACE_BOUND('',#10286,.T.);
#11023=FACE_BOUND('',#10287,.T.);
#11024=FACE_BOUND('',#10288,.T.);
#11025=FACE_BOUND('',#10289,.T.);
#11026=FACE_BOUND('',#10290,.T.);
#11027=FACE_BOUND('',#10291,.T.);
#11028=FACE_BOUND('',#10292,.T.);
#11029=FACE_BOUND('',#10293,.T.);
#11030=FACE_BOUND('',#10294,.T.);
#11031=FACE_BOUND('',#10295,.T.);
#11032=FACE_BOUND('',#10296,.T.);
#11033=FACE_BOUND('',#10297,.T.);
#11034=FACE_BOUND('',#10298,.T.);
#11035=FACE_BOUND('',#10299,.T.);
#11036=FACE_BOUND('',#10300,.T.);
#11037=FACE_BOUND('',#10301,.T.);
#11038=FACE_BOUND('',#10302,.T.);
#11039=FACE_BOUND('',#10303,.T.);
#11040=FACE_BOUND('',#10304,.T.);
#11041=FACE_BOUND('',#10305,.T.);
#11042=FACE_BOUND('',#10306,.T.);
#11043=FACE_BOUND('',#10307,.T.);
#11044=FACE_BOUND('',#10308,.T.);
#11045=FACE_BOUND('',#10309,.T.);
#11046=FACE_BOUND('',#10310,.T.);
#11047=FACE_BOUND('',#10311,.T.);
#11048=FACE_BOUND('',#10312,.T.);
#11049=FACE_BOUND('',#10313,.T.);
#11050=FACE_BOUND('',#10314,.T.);
#11051=FACE_BOUND('',#10315,.T.);
#11052=FACE_BOUND('',#10316,.T.);
#11053=FACE_BOUND('',#10317,.T.);
#11054=FACE_BOUND('',#10318,.T.);
#11055=FACE_BOUND('',#10319,.T.);
#11056=FACE_BOUND('',#10320,.T.);
#11057=FACE_BOUND('',#10321,.T.);
#11058=FACE_BOUND('',#10322,.T.);
#11059=FACE_BOUND('',#10323,.T.);
#11060=FACE_BOUND('',#10324,.T.);
#11061=FACE_BOUND('',#10325,.T.);
#11062=FACE_BOUND('',#10326,.T.);
#11063=FACE_BOUND('',#10327,.T.);
#11064=FACE_BOUND('',#10328,.T.);
#11065=FACE_BOUND('',#10329,.T.);
#11066=FACE_BOUND('',#10330,.T.);
#11067=FACE_BOUND('',#10331,.T.);
#11068=FACE_BOUND('',#10332,.T.);
#11069=FACE_BOUND('',#10333,.T.);
#11070=FACE_BOUND('',#10334,.T.);
#11071=FACE_BOUND('',#10335,.T.);
#11072=FACE_BOUND('',#10336,.T.);
#11073=FACE_BOUND('',#10337,.T.);
#11074=FACE_BOUND('',#10338,.T.);
#11075=FACE_BOUND('',#10339,.T.);
#11076=FACE_BOUND('',#10340,.T.);
#11077=FACE_BOUND('',#10341,.T.);
#11078=FACE_BOUND('',#10342,.T.);
#11079=FACE_BOUND('',#10343,.T.);
#11080=FACE_BOUND('',#10344,.T.);
#11081=FACE_BOUND('',#10345,.T.);
#11082=FACE_BOUND('',#10346,.T.);
#11083=FACE_BOUND('',#10347,.T.);
#11084=FACE_BOUND('',#10348,.T.);
#11085=FACE_BOUND('',#10349,.T.);
#11086=FACE_BOUND('',#10350,.T.);
#11087=FACE_BOUND('',#10351,.T.);
#11088=FACE_BOUND('',#10352,.T.);
#11089=FACE_BOUND('',#10353,.T.);
#11090=FACE_BOUND('',#10354,.T.);
#11091=FACE_BOUND('',#10355,.T.);
#11092=FACE_BOUND('',#10356,.T.);
#11093=FACE_BOUND('',#10357,.T.);
#11094=FACE_BOUND('',#10358,.T.);
#11095=FACE_BOUND('',#10359,.T.);
#11096=FACE_BOUND('',#10360,.T.);
#11097=FACE_BOUND('',#10361,.T.);
#11098=FACE_BOUND('',#10362,.T.);
#11099=FACE_BOUND('',#10363,.T.);
#11100=FACE_BOUND('',#10364,.T.);
#11101=FACE_BOUND('',#10365,.T.);
#11102=FACE_BOUND('',#10366,.T.);
#11103=FACE_BOUND('',#10367,.T.);
#11104=FACE_BOUND('',#10368,.T.);
#11105=FACE_BOUND('',#10369,.T.);
#11106=FACE_BOUND('',#10370,.T.);
#11107=FACE_BOUND('',#10371,.T.);
#11108=FACE_BOUND('',#10372,.T.);
#11109=FACE_BOUND('',#10373,.T.);
#11110=FACE_BOUND('',#10374,.T.);
#11111=FACE_BOUND('',#10375,.T.);
#11112=FACE_BOUND('',#10376,.T.);
#11113=FACE_BOUND('',#10377,.T.);
#11114=FACE_BOUND('',#10378,.T.);
#11115=FACE_BOUND('',#10379,.T.);
#11116=FACE_BOUND('',#10380,.T.);
#11117=FACE_BOUND('',#10381,.T.);
#11118=FACE_BOUND('',#10382,.T.);
#11119=FACE_BOUND('',#10383,.T.);
#11120=FACE_BOUND('',#10384,.T.);
#11121=FACE_BOUND('',#10385,.T.);
#11122=FACE_BOUND('',#10386,.T.);
#11123=FACE_BOUND('',#10387,.T.);
#11124=FACE_BOUND('',#10388,.T.);
#11125=FACE_BOUND('',#10389,.T.);
#11126=FACE_BOUND('',#10390,.T.);
#11127=FACE_BOUND('',#10391,.T.);
#11128=FACE_BOUND('',#10392,.T.);
#11129=FACE_BOUND('',#10393,.T.);
#11130=FACE_BOUND('',#10394,.T.);
#11131=FACE_BOUND('',#10395,.T.);
#11132=FACE_BOUND('',#10396,.T.);
#11133=FACE_BOUND('',#10397,.T.);
#11134=FACE_BOUND('',#10398,.T.);
#11135=FACE_BOUND('',#10399,.T.);
#11136=FACE_BOUND('',#10400,.T.);
#11137=FACE_BOUND('',#10401,.T.);
#11138=FACE_BOUND('',#10402,.T.);
#11139=FACE_BOUND('',#10403,.T.);
#11140=FACE_BOUND('',#10404,.T.);
#11141=FACE_BOUND('',#10405,.T.);
#11142=FACE_BOUND('',#10406,.T.);
#11143=FACE_BOUND('',#10407,.T.);
#11144=FACE_BOUND('',#10408,.T.);
#11145=FACE_BOUND('',#10409,.T.);
#11146=FACE_BOUND('',#10410,.T.);
#11147=FACE_BOUND('',#10411,.T.);
#11148=FACE_BOUND('',#10412,.T.);
#11149=FACE_BOUND('',#10413,.T.);
#11150=FACE_BOUND('',#10414,.T.);
#11151=FACE_BOUND('',#10415,.T.);
#11152=FACE_BOUND('',#10416,.T.);
#11153=FACE_BOUND('',#10417,.T.);
#11154=FACE_BOUND('',#10418,.T.);
#11155=FACE_BOUND('',#10419,.T.);
#11156=FACE_BOUND('',#10420,.T.);
#11157=FACE_BOUND('',#10421,.T.);
#11158=FACE_BOUND('',#10422,.T.);
#11159=FACE_BOUND('',#10423,.T.);
#11160=FACE_BOUND('',#10424,.T.);
#11161=FACE_BOUND('',#10425,.T.);
#11162=FACE_BOUND('',#10426,.T.);
#11163=FACE_BOUND('',#10427,.T.);
#11164=FACE_BOUND('',#10428,.T.);
#11165=FACE_BOUND('',#10429,.T.);
#11166=FACE_BOUND('',#10430,.T.);
#11167=FACE_BOUND('',#10431,.T.);
#11168=FACE_BOUND('',#10432,.T.);
#11169=FACE_BOUND('',#10433,.T.);
#11170=FACE_BOUND('',#10434,.T.);
#11171=FACE_BOUND('',#10435,.T.);
#11172=FACE_BOUND('',#10436,.T.);
#11173=FACE_BOUND('',#10437,.T.);
#11174=FACE_BOUND('',#10438,.T.);
#11175=FACE_BOUND('',#10439,.T.);
#11176=FACE_BOUND('',#10440,.T.);
#11177=FACE_BOUND('',#10441,.T.);
#11178=FACE_BOUND('',#10442,.T.);
#11179=FACE_BOUND('',#10443,.T.);
#11180=FACE_BOUND('',#10444,.T.);
#11181=FACE_BOUND('',#10445,.T.);
#11182=FACE_BOUND('',#10446,.T.);
#11183=FACE_BOUND('',#10447,.T.);
#11184=FACE_BOUND('',#10448,.T.);
#11185=FACE_BOUND('',#10449,.T.);
#11186=FACE_BOUND('',#10450,.T.);
#11187=FACE_BOUND('',#10451,.T.);
#11188=FACE_BOUND('',#10452,.T.);
#11189=FACE_BOUND('',#10453,.T.);
#11190=FACE_BOUND('',#10454,.T.);
#11191=FACE_BOUND('',#10455,.T.);
#11192=FACE_BOUND('',#10456,.T.);
#11193=FACE_BOUND('',#10457,.T.);
#11194=FACE_BOUND('',#10458,.T.);
#11195=FACE_BOUND('',#10459,.T.);
#11196=FACE_BOUND('',#10460,.T.);
#11197=FACE_BOUND('',#10461,.T.);
#11198=FACE_BOUND('',#10462,.T.);
#11199=FACE_BOUND('',#10463,.T.);
#11200=FACE_BOUND('',#10464,.T.);
#11201=FACE_BOUND('',#10465,.T.);
#11202=FACE_BOUND('',#10466,.T.);
#11203=FACE_BOUND('',#10467,.T.);
#11204=FACE_BOUND('',#10468,.T.);
#11205=FACE_BOUND('',#10469,.T.);
#11206=FACE_BOUND('',#10470,.T.);
#11207=FACE_BOUND('',#10471,.T.);
#11208=FACE_BOUND('',#10472,.T.);
#11209=FACE_BOUND('',#10473,.T.);
#11210=FACE_BOUND('',#10474,.T.);
#11211=FACE_BOUND('',#10475,.T.);
#11212=FACE_BOUND('',#10476,.T.);
#11213=FACE_BOUND('',#10477,.T.);
#11214=FACE_BOUND('',#10478,.T.);
#11215=FACE_BOUND('',#10479,.T.);
#11216=FACE_BOUND('',#10480,.T.);
#11217=FACE_BOUND('',#10481,.T.);
#11218=FACE_BOUND('',#10482,.T.);
#11219=FACE_BOUND('',#10483,.T.);
#11220=FACE_BOUND('',#10484,.T.);
#11221=FACE_BOUND('',#10485,.T.);
#11222=FACE_BOUND('',#10486,.T.);
#11223=FACE_BOUND('',#10487,.T.);
#11224=FACE_BOUND('',#10488,.T.);
#11225=FACE_BOUND('',#10489,.T.);
#11226=FACE_BOUND('',#10490,.T.);
#11227=FACE_BOUND('',#10491,.T.);
#11228=FACE_BOUND('',#10492,.T.);
#11229=FACE_BOUND('',#10493,.T.);
#11230=FACE_BOUND('',#10494,.T.);
#11231=FACE_BOUND('',#10495,.T.);
#11232=FACE_BOUND('',#10496,.T.);
#11233=FACE_BOUND('',#10497,.T.);
#11234=FACE_BOUND('',#10498,.T.);
#11235=FACE_BOUND('',#10499,.T.);
#11236=FACE_BOUND('',#10500,.T.);
#11237=FACE_BOUND('',#10501,.T.);
#11238=FACE_BOUND('',#10502,.T.);
#11239=FACE_BOUND('',#10503,.T.);
#11240=FACE_BOUND('',#10504,.T.);
#11241=FACE_BOUND('',#10505,.T.);
#11242=FACE_BOUND('',#10506,.T.);
#11243=FACE_BOUND('',#10507,.T.);
#11244=FACE_BOUND('',#10508,.T.);
#11245=FACE_BOUND('',#10509,.T.);
#11246=FACE_BOUND('',#10510,.T.);
#11247=FACE_BOUND('',#10511,.T.);
#11248=FACE_BOUND('',#10512,.T.);
#11249=FACE_BOUND('',#10513,.T.);
#11250=FACE_BOUND('',#10514,.T.);
#11251=FACE_BOUND('',#10515,.T.);
#11252=FACE_BOUND('',#10516,.T.);
#11253=FACE_BOUND('',#10517,.T.);
#11254=FACE_BOUND('',#10518,.T.);
#11255=FACE_BOUND('',#10519,.T.);
#11256=FACE_BOUND('',#10520,.T.);
#11257=FACE_BOUND('',#10521,.T.);
#11258=FACE_BOUND('',#10522,.T.);
#11259=FACE_BOUND('',#10523,.T.);
#11260=FACE_BOUND('',#10524,.T.);
#11261=FACE_BOUND('',#10525,.T.);
#11262=FACE_BOUND('',#10526,.T.);
#11263=FACE_BOUND('',#10527,.T.);
#11264=FACE_BOUND('',#10528,.T.);
#11265=FACE_BOUND('',#10529,.T.);
#11266=FACE_BOUND('',#10530,.T.);
#11267=FACE_BOUND('',#10531,.T.);
#11268=FACE_BOUND('',#10532,.T.);
#11269=FACE_BOUND('',#10533,.T.);
#11270=FACE_BOUND('',#10534,.T.);
#11271=FACE_BOUND('',#10535,.T.);
#11272=FACE_BOUND('',#10536,.T.);
#11273=FACE_BOUND('',#10537,.T.);
#11274=FACE_BOUND('',#10538,.T.);
#11275=FACE_BOUND('',#10539,.T.);
#11276=FACE_BOUND('',#10540,.T.);
#11277=FACE_BOUND('',#10541,.T.);
#11278=FACE_BOUND('',#10542,.T.);
#11279=FACE_BOUND('',#10543,.T.);
#11280=FACE_BOUND('',#10544,.T.);
#11281=FACE_BOUND('',#10545,.T.);
#11282=FACE_BOUND('',#10546,.T.);
#11283=FACE_BOUND('',#10547,.T.);
#11284=FACE_BOUND('',#10548,.T.);
#11285=FACE_BOUND('',#10549,.T.);
#11286=FACE_BOUND('',#10550,.T.);
#11287=FACE_BOUND('',#10551,.T.);
#11288=FACE_BOUND('',#10552,.T.);
#11289=FACE_BOUND('',#10553,.T.);
#11290=FACE_BOUND('',#10554,.T.);
#11291=FACE_BOUND('',#10555,.T.);
#11292=FACE_BOUND('',#10556,.T.);
#11293=FACE_BOUND('',#10557,.T.);
#11294=FACE_BOUND('',#10558,.T.);
#11295=FACE_BOUND('',#10559,.T.);
#11296=FACE_BOUND('',#10560,.T.);
#11297=FACE_BOUND('',#10561,.T.);
#11298=FACE_BOUND('',#10562,.T.);
#11299=FACE_BOUND('',#10563,.T.);
#11300=FACE_BOUND('',#10564,.T.);
#11301=FACE_BOUND('',#10565,.T.);
#11302=FACE_BOUND('',#10566,.T.);
#11303=FACE_BOUND('',#10567,.T.);
#11304=FACE_BOUND('',#10568,.T.);
#11305=FACE_BOUND('',#10569,.T.);
#11306=FACE_BOUND('',#10570,.T.);
#11307=PLANE('',#12652);
#11308=PLANE('',#12653);
#11309=PLANE('',#12654);
#11310=PLANE('',#12655);
#11311=PLANE('',#12656);
#11312=PLANE('',#12657);
#11313=PLANE('',#12658);
#11314=PLANE('',#12659);
#11315=PLANE('',#12660);
#11316=PLANE('',#12661);
#11317=PLANE('',#12662);
#11318=PLANE('',#12663);
#11319=PLANE('',#12664);
#11320=PLANE('',#12665);
#11321=PLANE('',#12666);
#11322=PLANE('',#12667);
#11323=PLANE('',#12668);
#11324=PLANE('',#12669);
#11325=PLANE('',#12670);
#11326=PLANE('',#12671);
#11327=PLANE('',#12672);
#11328=PLANE('',#12673);
#11329=PLANE('',#12674);
#11330=PLANE('',#12675);
#11331=PLANE('',#12676);
#11332=PLANE('',#12677);
#11333=PLANE('',#12678);
#11334=PLANE('',#12679);
#11335=PLANE('',#12680);
#11336=PLANE('',#12681);
#11337=PLANE('',#12682);
#11338=PLANE('',#12683);
#11339=PLANE('',#12684);
#11340=PLANE('',#12685);
#11341=PLANE('',#12686);
#11342=PLANE('',#12687);
#11343=PLANE('',#12688);
#11344=PLANE('',#12689);
#11345=PLANE('',#12690);
#11346=PLANE('',#12691);
#11347=PLANE('',#12692);
#11348=PLANE('',#12693);
#11349=PLANE('',#12694);
#11350=PLANE('',#12695);
#11351=PLANE('',#12696);
#11352=PLANE('',#12697);
#11353=PLANE('',#12698);
#11354=PLANE('',#12699);
#11355=PLANE('',#12700);
#11356=PLANE('',#12701);
#11357=PLANE('',#12702);
#11358=PLANE('',#12703);
#11359=PLANE('',#12704);
#11360=PLANE('',#12705);
#11361=PLANE('',#12706);
#11362=PLANE('',#12707);
#11363=PLANE('',#12708);
#11364=PLANE('',#12709);
#11365=PLANE('',#12710);
#11366=PLANE('',#12711);
#11367=PLANE('',#12712);
#11368=PLANE('',#12713);
#11369=PLANE('',#12714);
#11370=PLANE('',#12715);
#11371=PLANE('',#12716);
#11372=PLANE('',#12717);
#11373=PLANE('',#12718);
#11374=PLANE('',#12719);
#11375=PLANE('',#12720);
#11376=PLANE('',#12721);
#11377=PLANE('',#12722);
#11378=PLANE('',#12723);
#11379=PLANE('',#12724);
#11380=PLANE('',#12725);
#11381=PLANE('',#12726);
#11382=PLANE('',#12727);
#11383=PLANE('',#12728);
#11384=PLANE('',#12729);
#11385=PLANE('',#12730);
#11386=PLANE('',#12731);
#11387=PLANE('',#12732);
#11388=PLANE('',#12733);
#11389=PLANE('',#12734);
#11390=PLANE('',#12735);
#11391=PLANE('',#12736);
#11392=PLANE('',#12737);
#11393=PLANE('',#12738);
#11394=PLANE('',#12739);
#11395=PLANE('',#12740);
#11396=PLANE('',#12741);
#11397=PLANE('',#12742);
#11398=PLANE('',#12743);
#11399=PLANE('',#12744);
#11400=PLANE('',#12745);
#11401=PLANE('',#12746);
#11402=PLANE('',#12747);
#11403=PLANE('',#12748);
#11404=PLANE('',#12749);
#11405=PLANE('',#12750);
#11406=PLANE('',#12751);
#11407=PLANE('',#12752);
#11408=PLANE('',#12753);
#11409=PLANE('',#12754);
#11410=PLANE('',#12755);
#11411=PLANE('',#12756);
#11412=PLANE('',#12757);
#11413=PLANE('',#12758);
#11414=PLANE('',#12759);
#11415=PLANE('',#12760);
#11416=PLANE('',#12761);
#11417=PLANE('',#12762);
#11418=PLANE('',#12763);
#11419=PLANE('',#12764);
#11420=PLANE('',#12765);
#11421=PLANE('',#12766);
#11422=PLANE('',#12767);
#11423=PLANE('',#12768);
#11424=PLANE('',#12769);
#11425=PLANE('',#12770);
#11426=PLANE('',#12771);
#11427=PLANE('',#12772);
#11428=PLANE('',#12773);
#11429=PLANE('',#12774);
#11430=PLANE('',#12775);
#11431=PLANE('',#12776);
#11432=PLANE('',#12777);
#11433=PLANE('',#12778);
#11434=PLANE('',#12779);
#11435=PLANE('',#12780);
#11436=PLANE('',#12781);
#11437=PLANE('',#12782);
#11438=PLANE('',#12783);
#11439=PLANE('',#12784);
#11440=PLANE('',#12785);
#11441=PLANE('',#12786);
#11442=PLANE('',#12787);
#11443=PLANE('',#12788);
#11444=PLANE('',#12789);
#11445=PLANE('',#12790);
#11446=PLANE('',#12791);
#11447=PLANE('',#12792);
#11448=PLANE('',#12793);
#11449=PLANE('',#12794);
#11450=PLANE('',#12795);
#11451=PLANE('',#12796);
#11452=PLANE('',#12797);
#11453=PLANE('',#12798);
#11454=PLANE('',#12799);
#11455=PLANE('',#12800);
#11456=PLANE('',#12801);
#11457=PLANE('',#12802);
#11458=PLANE('',#12803);
#11459=PLANE('',#12804);
#11460=PLANE('',#12805);
#11461=PLANE('',#12807);
#11462=PLANE('',#12808);
#11463=PLANE('',#12809);
#11464=PLANE('',#12810);
#11465=PLANE('',#12811);
#11466=PLANE('',#12812);
#11467=PLANE('',#12813);
#11468=PLANE('',#12814);
#11469=PLANE('',#12815);
#11470=PLANE('',#12816);
#11471=PLANE('',#12817);
#11472=PLANE('',#12818);
#11473=PLANE('',#12819);
#11474=PLANE('',#12820);
#11475=PLANE('',#12821);
#11476=PLANE('',#12822);
#11477=PLANE('',#12823);
#11478=PLANE('',#12824);
#11479=PLANE('',#12825);
#11480=PLANE('',#12826);
#11481=PLANE('',#12827);
#11482=PLANE('',#12828);
#11483=PLANE('',#12829);
#11484=PLANE('',#12830);
#11485=PLANE('',#12831);
#11486=PLANE('',#12832);
#11487=PLANE('',#12833);
#11488=PLANE('',#12834);
#11489=PLANE('',#12835);
#11490=PLANE('',#12836);
#11491=PLANE('',#12837);
#11492=PLANE('',#12838);
#11493=PLANE('',#12839);
#11494=PLANE('',#12840);
#11495=PLANE('',#12841);
#11496=PLANE('',#12842);
#11497=PLANE('',#12843);
#11498=PLANE('',#12844);
#11499=PLANE('',#12845);
#11500=PLANE('',#12846);
#11501=PLANE('',#12847);
#11502=PLANE('',#12848);
#11503=PLANE('',#12849);
#11504=PLANE('',#12850);
#11505=PLANE('',#12851);
#11506=PLANE('',#12852);
#11507=PLANE('',#12853);
#11508=PLANE('',#12854);
#11509=PLANE('',#12855);
#11510=PLANE('',#12856);
#11511=PLANE('',#12857);
#11512=PLANE('',#12858);
#11513=PLANE('',#12859);
#11514=PLANE('',#12860);
#11515=PLANE('',#12861);
#11516=PLANE('',#12862);
#11517=PLANE('',#12863);
#11518=PLANE('',#12864);
#11519=PLANE('',#12865);
#11520=PLANE('',#12866);
#11521=PLANE('',#12867);
#11522=PLANE('',#12868);
#11523=PLANE('',#12869);
#11524=PLANE('',#12870);
#11525=PLANE('',#12871);
#11526=PLANE('',#12872);
#11527=PLANE('',#12873);
#11528=PLANE('',#12874);
#11529=PLANE('',#12875);
#11530=PLANE('',#12876);
#11531=PLANE('',#12877);
#11532=PLANE('',#12878);
#11533=PLANE('',#12879);
#11534=PLANE('',#12880);
#11535=PLANE('',#12881);
#11536=PLANE('',#12882);
#11537=PLANE('',#12883);
#11538=PLANE('',#12884);
#11539=PLANE('',#12885);
#11540=PLANE('',#12886);
#11541=PLANE('',#12887);
#11542=PLANE('',#12888);
#11543=PLANE('',#12889);
#11544=PLANE('',#12890);
#11545=PLANE('',#12891);
#11546=PLANE('',#12892);
#11547=PLANE('',#12893);
#11548=PLANE('',#12894);
#11549=PLANE('',#12895);
#11550=PLANE('',#12896);
#11551=PLANE('',#12897);
#11552=PLANE('',#12898);
#11553=PLANE('',#12899);
#11554=PLANE('',#12900);
#11555=PLANE('',#12901);
#11556=PLANE('',#12902);
#11557=PLANE('',#12903);
#11558=PLANE('',#12904);
#11559=PLANE('',#12905);
#11560=PLANE('',#12906);
#11561=PLANE('',#12907);
#11562=PLANE('',#12908);
#11563=PLANE('',#12909);
#11564=PLANE('',#12910);
#11565=PLANE('',#12911);
#11566=PLANE('',#12912);
#11567=PLANE('',#12913);
#11568=PLANE('',#12914);
#11569=PLANE('',#12915);
#11570=PLANE('',#12916);
#11571=PLANE('',#12917);
#11572=PLANE('',#12918);
#11573=PLANE('',#12919);
#11574=PLANE('',#12920);
#11575=PLANE('',#12921);
#11576=PLANE('',#12922);
#11577=PLANE('',#12923);
#11578=PLANE('',#12924);
#11579=PLANE('',#12925);
#11580=PLANE('',#12926);
#11581=PLANE('',#12927);
#11582=PLANE('',#12928);
#11583=PLANE('',#12929);
#11584=PLANE('',#12930);
#11585=PLANE('',#12931);
#11586=PLANE('',#12932);
#11587=PLANE('',#12933);
#11588=PLANE('',#12934);
#11589=PLANE('',#12935);
#11590=PLANE('',#12936);
#11591=PLANE('',#12937);
#11592=PLANE('',#12938);
#11593=PLANE('',#12939);
#11594=PLANE('',#12940);
#11595=PLANE('',#12941);
#11596=PLANE('',#12942);
#11597=PLANE('',#12943);
#11598=PLANE('',#12944);
#11599=PLANE('',#12945);
#11600=PLANE('',#12946);
#11601=PLANE('',#12947);
#11602=PLANE('',#12948);
#11603=PLANE('',#12949);
#11604=PLANE('',#12950);
#11605=PLANE('',#12951);
#11606=PLANE('',#12952);
#11607=PLANE('',#12953);
#11608=PLANE('',#12954);
#11609=PLANE('',#12955);
#11610=PLANE('',#12956);
#11611=PLANE('',#12958);
#11612=PLANE('',#12959);
#11613=PLANE('',#12960);
#11614=PLANE('',#12961);
#11615=PLANE('',#12962);
#11616=PLANE('',#12964);
#11617=PLANE('',#12965);
#11618=PLANE('',#12967);
#11619=PLANE('',#12969);
#11620=PLANE('',#12970);
#11621=PLANE('',#12972);
#11622=PLANE('',#12974);
#11623=PLANE('',#12975);
#11624=PLANE('',#12977);
#11625=PLANE('',#12979);
#11626=PLANE('',#12980);
#11627=PLANE('',#12982);
#11628=PLANE('',#12984);
#11629=PLANE('',#12985);
#11630=PLANE('',#12987);
#11631=PLANE('',#12989);
#11632=PLANE('',#12990);
#11633=PLANE('',#12992);
#11634=PLANE('',#12994);
#11635=PLANE('',#12995);
#11636=PLANE('',#12997);
#11637=PLANE('',#12999);
#11638=PLANE('',#13000);
#11639=PLANE('',#13002);
#11640=PLANE('',#13004);
#11641=PLANE('',#13005);
#11642=PLANE('',#13007);
#11643=PLANE('',#13009);
#11644=PLANE('',#13010);
#11645=PLANE('',#13012);
#11646=PLANE('',#13014);
#11647=PLANE('',#13015);
#11648=PLANE('',#13017);
#11649=PLANE('',#13019);
#11650=PLANE('',#13020);
#11651=PLANE('',#13022);
#11652=PLANE('',#13024);
#11653=PLANE('',#13025);
#11654=PLANE('',#13027);
#11655=PLANE('',#13029);
#11656=PLANE('',#13030);
#11657=PLANE('',#13032);
#11658=PLANE('',#13034);
#11659=PLANE('',#13035);
#11660=PLANE('',#13037);
#11661=PLANE('',#13039);
#11662=PLANE('',#13040);
#11663=PLANE('',#13042);
#11664=PLANE('',#13043);
#11665=PLANE('',#13044);
#11666=PLANE('',#13045);
#11667=PLANE('',#13046);
#11668=PLANE('',#13047);
#11669=PLANE('',#13048);
#11670=PLANE('',#13049);
#11671=PLANE('',#13050);
#11672=PLANE('',#13051);
#11673=PLANE('',#13052);
#11674=PLANE('',#13053);
#11675=PLANE('',#13054);
#11676=PLANE('',#13055);
#11677=PLANE('',#13056);
#11678=PLANE('',#13057);
#11679=PLANE('',#13058);
#11680=PLANE('',#13059);
#11681=PLANE('',#13060);
#11682=PLANE('',#13061);
#11683=PLANE('',#13062);
#11684=PLANE('',#13064);
#11685=PLANE('',#13065);
#11686=PLANE('',#13066);
#11687=PLANE('',#13067);
#11688=PLANE('',#13068);
#11689=PLANE('',#13069);
#11690=PLANE('',#13071);
#11691=PLANE('',#13072);
#11692=PLANE('',#13073);
#11693=PLANE('',#13074);
#11694=PLANE('',#13075);
#11695=PLANE('',#13076);
#11696=PLANE('',#13078);
#11697=PLANE('',#13079);
#11698=PLANE('',#13080);
#11699=PLANE('',#13081);
#11700=PLANE('',#13082);
#11701=PLANE('',#13083);
#11702=PLANE('',#13085);
#11703=PLANE('',#13086);
#11704=PLANE('',#13087);
#11705=PLANE('',#13088);
#11706=PLANE('',#13089);
#11707=PLANE('',#13090);
#11708=PLANE('',#13092);
#11709=PLANE('',#13093);
#11710=PLANE('',#13094);
#11711=PLANE('',#13095);
#11712=PLANE('',#13096);
#11713=PLANE('',#13097);
#11714=PLANE('',#13099);
#11715=PLANE('',#13100);
#11716=PLANE('',#13101);
#11717=PLANE('',#13102);
#11718=PLANE('',#13103);
#11719=PLANE('',#13104);
#11720=PLANE('',#13106);
#11721=PLANE('',#13107);
#11722=PLANE('',#13108);
#11723=PLANE('',#13109);
#11724=PLANE('',#13110);
#11725=PLANE('',#13111);
#11726=PLANE('',#13113);
#11727=PLANE('',#13114);
#11728=PLANE('',#13115);
#11729=PLANE('',#13116);
#11730=PLANE('',#13117);
#11731=PLANE('',#13118);
#11732=PLANE('',#13120);
#11733=PLANE('',#13121);
#11734=PLANE('',#13122);
#11735=PLANE('',#13123);
#11736=PLANE('',#13124);
#11737=PLANE('',#13125);
#11738=PLANE('',#13127);
#11739=PLANE('',#13128);
#11740=PLANE('',#13129);
#11741=PLANE('',#13130);
#11742=PLANE('',#13131);
#11743=PLANE('',#13132);
#11744=PLANE('',#13134);
#11745=PLANE('',#13135);
#11746=PLANE('',#13136);
#11747=PLANE('',#13137);
#11748=PLANE('',#13138);
#11749=PLANE('',#13139);
#11750=PLANE('',#13141);
#11751=PLANE('',#13142);
#11752=PLANE('',#13143);
#11753=PLANE('',#13144);
#11754=PLANE('',#13145);
#11755=PLANE('',#13146);
#11756=PLANE('',#13148);
#11757=PLANE('',#13149);
#11758=PLANE('',#13150);
#11759=PLANE('',#13151);
#11760=PLANE('',#13152);
#11761=PLANE('',#13153);
#11762=PLANE('',#13155);
#11763=PLANE('',#13156);
#11764=PLANE('',#13157);
#11765=PLANE('',#13158);
#11766=PLANE('',#13159);
#11767=PLANE('',#13160);
#11768=PLANE('',#13162);
#11769=PLANE('',#13163);
#11770=PLANE('',#13164);
#11771=PLANE('',#13165);
#11772=PLANE('',#13167);
#11773=PLANE('',#13168);
#11774=PLANE('',#13169);
#11775=PLANE('',#13170);
#11776=PLANE('',#13171);
#11777=PLANE('',#13173);
#11778=PLANE('',#13174);
#11779=PLANE('',#13175);
#11780=PLANE('',#13176);
#11781=PLANE('',#13177);
#11782=PLANE('',#13178);
#11783=PLANE('',#13179);
#11784=PLANE('',#13180);
#11785=PLANE('',#13181);
#11786=PLANE('',#13182);
#11787=PLANE('',#13183);
#11788=PLANE('',#13184);
#11789=PLANE('',#13185);
#11790=PLANE('',#13186);
#11791=PLANE('',#13187);
#11792=PLANE('',#13188);
#11793=PLANE('',#13189);
#11794=PLANE('',#13190);
#11795=PLANE('',#13191);
#11796=PLANE('',#13192);
#11797=PLANE('',#13193);
#11798=PLANE('',#13194);
#11799=PLANE('',#13195);
#11800=PLANE('',#13196);
#11801=PLANE('',#13197);
#11802=PLANE('',#13198);
#11803=PLANE('',#13199);
#11804=PLANE('',#13200);
#11805=PLANE('',#13201);
#11806=PLANE('',#13202);
#11807=PLANE('',#13203);
#11808=PLANE('',#13204);
#11809=PLANE('',#13205);
#11810=PLANE('',#13206);
#11811=PLANE('',#13207);
#11812=PLANE('',#13208);
#11813=PLANE('',#13209);
#11814=PLANE('',#13210);
#11815=PLANE('',#13211);
#11816=PLANE('',#13212);
#11817=PLANE('',#13213);
#11818=PLANE('',#13214);
#11819=PLANE('',#13215);
#11820=PLANE('',#13216);
#11821=PLANE('',#13217);
#11822=PLANE('',#13218);
#11823=PLANE('',#13219);
#11824=PLANE('',#13220);
#11825=PLANE('',#13221);
#11826=PLANE('',#13222);
#11827=PLANE('',#13223);
#11828=PLANE('',#13224);
#11829=PLANE('',#13225);
#11830=PLANE('',#13226);
#11831=PLANE('',#13227);
#11832=PLANE('',#13228);
#11833=PLANE('',#13229);
#11834=PLANE('',#13230);
#11835=PLANE('',#13231);
#11836=PLANE('',#13232);
#11837=PLANE('',#13233);
#11838=PLANE('',#13234);
#11839=PLANE('',#13235);
#11840=PLANE('',#13236);
#11841=PLANE('',#13237);
#11842=PLANE('',#13238);
#11843=PLANE('',#13239);
#11844=PLANE('',#13240);
#11845=PLANE('',#13241);
#11846=PLANE('',#13242);
#11847=PLANE('',#13243);
#11848=PLANE('',#13244);
#11849=PLANE('',#13245);
#11850=PLANE('',#13246);
#11851=PLANE('',#13247);
#11852=PLANE('',#13248);
#11853=PLANE('',#13249);
#11854=PLANE('',#13250);
#11855=PLANE('',#13251);
#11856=PLANE('',#13252);
#11857=PLANE('',#13253);
#11858=PLANE('',#13254);
#11859=PLANE('',#13255);
#11860=PLANE('',#13256);
#11861=PLANE('',#13257);
#11862=PLANE('',#13258);
#11863=PLANE('',#13259);
#11864=PLANE('',#13260);
#11865=PLANE('',#13261);
#11866=PLANE('',#13262);
#11867=PLANE('',#13263);
#11868=PLANE('',#13264);
#11869=PLANE('',#13265);
#11870=PLANE('',#13266);
#11871=PLANE('',#13267);
#11872=PLANE('',#13268);
#11873=PLANE('',#13269);
#11874=PLANE('',#13270);
#11875=PLANE('',#13271);
#11876=PLANE('',#13272);
#11877=PLANE('',#13273);
#11878=PLANE('',#13274);
#11879=PLANE('',#13275);
#11880=PLANE('',#13276);
#11881=PLANE('',#13277);
#11882=PLANE('',#13278);
#11883=PLANE('',#13279);
#11884=PLANE('',#13280);
#11885=PLANE('',#13281);
#11886=PLANE('',#13282);
#11887=PLANE('',#13283);
#11888=PLANE('',#13284);
#11889=PLANE('',#13285);
#11890=PLANE('',#13286);
#11891=PLANE('',#13287);
#11892=PLANE('',#13288);
#11893=PLANE('',#13289);
#11894=PLANE('',#13290);
#11895=PLANE('',#13291);
#11896=PLANE('',#13292);
#11897=PLANE('',#13293);
#11898=PLANE('',#13294);
#11899=PLANE('',#13295);
#11900=PLANE('',#13296);
#11901=PLANE('',#13297);
#11902=PLANE('',#13298);
#11903=PLANE('',#13299);
#11904=PLANE('',#13300);
#11905=PLANE('',#13301);
#11906=PLANE('',#13302);
#11907=PLANE('',#13303);
#11908=PLANE('',#13304);
#11909=PLANE('',#13305);
#11910=PLANE('',#13306);
#11911=PLANE('',#13307);
#11912=PLANE('',#13308);
#11913=PLANE('',#13309);
#11914=PLANE('',#13310);
#11915=PLANE('',#13311);
#11916=PLANE('',#13312);
#11917=PLANE('',#13313);
#11918=PLANE('',#13314);
#11919=PLANE('',#13315);
#11920=PLANE('',#13316);
#11921=PLANE('',#13317);
#11922=PLANE('',#13318);
#11923=PLANE('',#13319);
#11924=PLANE('',#13320);
#11925=PLANE('',#13321);
#11926=PLANE('',#13322);
#11927=PLANE('',#13323);
#11928=PLANE('',#13324);
#11929=PLANE('',#13325);
#11930=PLANE('',#13326);
#11931=PLANE('',#13327);
#11932=PLANE('',#13328);
#11933=PLANE('',#13329);
#11934=PLANE('',#13330);
#11935=PLANE('',#13331);
#11936=PLANE('',#13332);
#11937=PLANE('',#13333);
#11938=PLANE('',#13334);
#11939=PLANE('',#13335);
#11940=PLANE('',#13336);
#11941=PLANE('',#13337);
#11942=PLANE('',#13338);
#11943=PLANE('',#13339);
#11944=PLANE('',#13340);
#11945=PLANE('',#13341);
#11946=PLANE('',#13342);
#11947=ADVANCED_FACE('',(#10571),#11307,.F.);
#11948=ADVANCED_FACE('',(#10572),#11308,.F.);
#11949=ADVANCED_FACE('',(#10573),#11309,.F.);
#11950=ADVANCED_FACE('',(#10574),#11310,.F.);
#11951=ADVANCED_FACE('',(#10575),#11311,.F.);
#11952=ADVANCED_FACE('',(#10576),#11312,.F.);
#11953=ADVANCED_FACE('',(#10577),#11313,.F.);
#11954=ADVANCED_FACE('',(#10578),#11314,.F.);
#11955=ADVANCED_FACE('',(#10579),#11315,.F.);
#11956=ADVANCED_FACE('',(#10580),#11316,.F.);
#11957=ADVANCED_FACE('',(#10581),#11317,.F.);
#11958=ADVANCED_FACE('',(#10582),#11318,.F.);
#11959=ADVANCED_FACE('',(#10583),#11319,.F.);
#11960=ADVANCED_FACE('',(#10584),#11320,.F.);
#11961=ADVANCED_FACE('',(#10585),#11321,.F.);
#11962=ADVANCED_FACE('',(#10586),#11322,.F.);
#11963=ADVANCED_FACE('',(#10587),#11323,.F.);
#11964=ADVANCED_FACE('',(#10588),#11324,.F.);
#11965=ADVANCED_FACE('',(#10589),#11325,.F.);
#11966=ADVANCED_FACE('',(#10590),#11326,.F.);
#11967=ADVANCED_FACE('',(#10591),#11327,.T.);
#11968=ADVANCED_FACE('',(#10592),#11328,.T.);
#11969=ADVANCED_FACE('',(#10593),#11329,.T.);
#11970=ADVANCED_FACE('',(#10594),#11330,.T.);
#11971=ADVANCED_FACE('',(#10595),#11331,.T.);
#11972=ADVANCED_FACE('',(#10596),#11332,.T.);
#11973=ADVANCED_FACE('',(#10597),#11333,.T.);
#11974=ADVANCED_FACE('',(#10598),#11334,.T.);
#11975=ADVANCED_FACE('',(#10599),#11335,.T.);
#11976=ADVANCED_FACE('',(#10600),#11336,.T.);
#11977=ADVANCED_FACE('',(#10601),#11337,.T.);
#11978=ADVANCED_FACE('',(#10602),#11338,.T.);
#11979=ADVANCED_FACE('',(#10603),#11339,.T.);
#11980=ADVANCED_FACE('',(#10604),#11340,.T.);
#11981=ADVANCED_FACE('',(#10605),#11341,.T.);
#11982=ADVANCED_FACE('',(#10606),#11342,.T.);
#11983=ADVANCED_FACE('',(#10607),#11343,.T.);
#11984=ADVANCED_FACE('',(#10608),#11344,.T.);
#11985=ADVANCED_FACE('',(#10609),#11345,.F.);
#11986=ADVANCED_FACE('',(#10610),#11346,.F.);
#11987=ADVANCED_FACE('',(#10611),#11347,.T.);
#11988=ADVANCED_FACE('',(#10612),#11348,.T.);
#11989=ADVANCED_FACE('',(#10613),#11349,.T.);
#11990=ADVANCED_FACE('',(#10614),#11350,.T.);
#11991=ADVANCED_FACE('',(#10615),#11351,.T.);
#11992=ADVANCED_FACE('',(#10616),#11352,.T.);
#11993=ADVANCED_FACE('',(#10617),#11353,.T.);
#11994=ADVANCED_FACE('',(#10618),#11354,.T.);
#11995=ADVANCED_FACE('',(#10619),#11355,.T.);
#11996=ADVANCED_FACE('',(#10620),#11356,.T.);
#11997=ADVANCED_FACE('',(#10621),#11357,.T.);
#11998=ADVANCED_FACE('',(#10622),#11358,.T.);
#11999=ADVANCED_FACE('',(#10623),#11359,.T.);
#12000=ADVANCED_FACE('',(#10624),#11360,.T.);
#12001=ADVANCED_FACE('',(#10625),#11361,.T.);
#12002=ADVANCED_FACE('',(#10626),#11362,.T.);
#12003=ADVANCED_FACE('',(#10627),#11363,.T.);
#12004=ADVANCED_FACE('',(#10628),#11364,.T.);
#12005=ADVANCED_FACE('',(#10629),#11365,.T.);
#12006=ADVANCED_FACE('',(#10630),#11366,.T.);
#12007=ADVANCED_FACE('',(#10631),#11367,.T.);
#12008=ADVANCED_FACE('',(#10632),#11368,.T.);
#12009=ADVANCED_FACE('',(#10633),#11369,.T.);
#12010=ADVANCED_FACE('',(#10634),#11370,.T.);
#12011=ADVANCED_FACE('',(#10635),#11371,.T.);
#12012=ADVANCED_FACE('',(#10636),#11372,.T.);
#12013=ADVANCED_FACE('',(#10637),#11373,.T.);
#12014=ADVANCED_FACE('',(#10638),#11374,.T.);
#12015=ADVANCED_FACE('',(#10639),#11375,.T.);
#12016=ADVANCED_FACE('',(#10640),#11376,.T.);
#12017=ADVANCED_FACE('',(#10641),#11377,.T.);
#12018=ADVANCED_FACE('',(#10642),#11378,.T.);
#12019=ADVANCED_FACE('',(#10643),#11379,.T.);
#12020=ADVANCED_FACE('',(#10644),#11380,.T.);
#12021=ADVANCED_FACE('',(#10645),#11381,.T.);
#12022=ADVANCED_FACE('',(#10646),#11382,.T.);
#12023=ADVANCED_FACE('',(#10647),#11383,.T.);
#12024=ADVANCED_FACE('',(#10648),#11384,.T.);
#12025=ADVANCED_FACE('',(#10649),#11385,.T.);
#12026=ADVANCED_FACE('',(#10650),#11386,.T.);
#12027=ADVANCED_FACE('',(#10651),#11387,.T.);
#12028=ADVANCED_FACE('',(#10652),#11388,.T.);
#12029=ADVANCED_FACE('',(#10653),#11389,.T.);
#12030=ADVANCED_FACE('',(#10654),#11390,.T.);
#12031=ADVANCED_FACE('',(#10655),#11391,.T.);
#12032=ADVANCED_FACE('',(#10656),#11392,.T.);
#12033=ADVANCED_FACE('',(#10657),#11393,.T.);
#12034=ADVANCED_FACE('',(#10658),#11394,.T.);
#12035=ADVANCED_FACE('',(#10659),#11395,.T.);
#12036=ADVANCED_FACE('',(#10660),#11396,.T.);
#12037=ADVANCED_FACE('',(#10661),#11397,.T.);
#12038=ADVANCED_FACE('',(#10662),#11398,.T.);
#12039=ADVANCED_FACE('',(#10663),#11399,.T.);
#12040=ADVANCED_FACE('',(#10664),#11400,.T.);
#12041=ADVANCED_FACE('',(#10665),#11401,.T.);
#12042=ADVANCED_FACE('',(#10666),#11402,.T.);
#12043=ADVANCED_FACE('',(#10667),#11403,.T.);
#12044=ADVANCED_FACE('',(#10668),#11404,.T.);
#12045=ADVANCED_FACE('',(#10669),#11405,.T.);
#12046=ADVANCED_FACE('',(#10670),#11406,.T.);
#12047=ADVANCED_FACE('',(#10671),#11407,.T.);
#12048=ADVANCED_FACE('',(#10672),#11408,.T.);
#12049=ADVANCED_FACE('',(#10673),#11409,.T.);
#12050=ADVANCED_FACE('',(#10674),#11410,.T.);
#12051=ADVANCED_FACE('',(#10675,#10676,#10677,#10678,#10679,#10680,#10681,
#10682,#10683,#10684,#10685,#10686,#10687,#10688,#10689,#10690,#10691),
#11411,.T.);
#12052=ADVANCED_FACE('',(#10692),#11412,.T.);
#12053=ADVANCED_FACE('',(#10693),#11413,.T.);
#12054=ADVANCED_FACE('',(#10694),#11414,.T.);
#12055=ADVANCED_FACE('',(#10695),#11415,.T.);
#12056=ADVANCED_FACE('',(#10696),#11416,.T.);
#12057=ADVANCED_FACE('',(#10697),#11417,.T.);
#12058=ADVANCED_FACE('',(#10698),#11418,.T.);
#12059=ADVANCED_FACE('',(#10699),#11419,.T.);
#12060=ADVANCED_FACE('',(#10700),#11420,.T.);
#12061=ADVANCED_FACE('',(#10701),#11421,.T.);
#12062=ADVANCED_FACE('',(#10702),#11422,.T.);
#12063=ADVANCED_FACE('',(#10703),#11423,.T.);
#12064=ADVANCED_FACE('',(#10704),#11424,.T.);
#12065=ADVANCED_FACE('',(#10705),#11425,.T.);
#12066=ADVANCED_FACE('',(#10706),#11426,.T.);
#12067=ADVANCED_FACE('',(#10707),#11427,.T.);
#12068=ADVANCED_FACE('',(#10708),#11428,.T.);
#12069=ADVANCED_FACE('',(#10709),#11429,.T.);
#12070=ADVANCED_FACE('',(#10710),#11430,.T.);
#12071=ADVANCED_FACE('',(#10711),#11431,.T.);
#12072=ADVANCED_FACE('',(#10712),#11432,.T.);
#12073=ADVANCED_FACE('',(#10713),#11433,.T.);
#12074=ADVANCED_FACE('',(#10714),#11434,.T.);
#12075=ADVANCED_FACE('',(#10715),#11435,.T.);
#12076=ADVANCED_FACE('',(#10716),#11436,.T.);
#12077=ADVANCED_FACE('',(#10717),#11437,.T.);
#12078=ADVANCED_FACE('',(#10718),#11438,.T.);
#12079=ADVANCED_FACE('',(#10719),#11439,.T.);
#12080=ADVANCED_FACE('',(#10720),#11440,.T.);
#12081=ADVANCED_FACE('',(#10721),#11441,.T.);
#12082=ADVANCED_FACE('',(#10722),#11442,.T.);
#12083=ADVANCED_FACE('',(#10723),#11443,.T.);
#12084=ADVANCED_FACE('',(#10724),#11444,.T.);
#12085=ADVANCED_FACE('',(#10725),#11445,.T.);
#12086=ADVANCED_FACE('',(#10726),#11446,.T.);
#12087=ADVANCED_FACE('',(#10727),#11447,.T.);
#12088=ADVANCED_FACE('',(#10728),#11448,.T.);
#12089=ADVANCED_FACE('',(#10729),#11449,.T.);
#12090=ADVANCED_FACE('',(#10730),#11450,.T.);
#12091=ADVANCED_FACE('',(#10731),#11451,.T.);
#12092=ADVANCED_FACE('',(#10732),#11452,.T.);
#12093=ADVANCED_FACE('',(#10733),#11453,.T.);
#12094=ADVANCED_FACE('',(#10734),#11454,.T.);
#12095=ADVANCED_FACE('',(#10735),#11455,.T.);
#12096=ADVANCED_FACE('',(#10736),#11456,.T.);
#12097=ADVANCED_FACE('',(#10737),#11457,.T.);
#12098=ADVANCED_FACE('',(#10738),#11458,.T.);
#12099=ADVANCED_FACE('',(#10739),#11459,.T.);
#12100=ADVANCED_FACE('',(#10740),#11460,.T.);
#12101=ADVANCED_FACE('',(#10741),#11461,.F.);
#12102=ADVANCED_FACE('',(#10742),#11462,.F.);
#12103=ADVANCED_FACE('',(#10743),#11463,.F.);
#12104=ADVANCED_FACE('',(#10744),#11464,.F.);
#12105=ADVANCED_FACE('',(#10745),#11465,.T.);
#12106=ADVANCED_FACE('',(#10746),#11466,.T.);
#12107=ADVANCED_FACE('',(#10747),#11467,.T.);
#12108=ADVANCED_FACE('',(#10748),#11468,.T.);
#12109=ADVANCED_FACE('',(#10749),#11469,.T.);
#12110=ADVANCED_FACE('',(#10750),#11470,.T.);
#12111=ADVANCED_FACE('',(#10751),#11471,.T.);
#12112=ADVANCED_FACE('',(#10752),#11472,.T.);
#12113=ADVANCED_FACE('',(#10753),#11473,.T.);
#12114=ADVANCED_FACE('',(#10754),#11474,.T.);
#12115=ADVANCED_FACE('',(#10755),#11475,.T.);
#12116=ADVANCED_FACE('',(#10756),#11476,.T.);
#12117=ADVANCED_FACE('',(#10757),#11477,.T.);
#12118=ADVANCED_FACE('',(#10758),#11478,.T.);
#12119=ADVANCED_FACE('',(#10759),#11479,.T.);
#12120=ADVANCED_FACE('',(#10760),#11480,.T.);
#12121=ADVANCED_FACE('',(#10761),#11481,.T.);
#12122=ADVANCED_FACE('',(#10762),#11482,.T.);
#12123=ADVANCED_FACE('',(#10763),#11483,.T.);
#12124=ADVANCED_FACE('',(#10764),#11484,.T.);
#12125=ADVANCED_FACE('',(#10765),#11485,.T.);
#12126=ADVANCED_FACE('',(#10766),#11486,.T.);
#12127=ADVANCED_FACE('',(#10767),#11487,.T.);
#12128=ADVANCED_FACE('',(#10768),#11488,.T.);
#12129=ADVANCED_FACE('',(#10769),#11489,.T.);
#12130=ADVANCED_FACE('',(#10770),#11490,.T.);
#12131=ADVANCED_FACE('',(#10771),#11491,.T.);
#12132=ADVANCED_FACE('',(#10772),#11492,.T.);
#12133=ADVANCED_FACE('',(#10773),#11493,.T.);
#12134=ADVANCED_FACE('',(#10774),#11494,.T.);
#12135=ADVANCED_FACE('',(#10775),#11495,.T.);
#12136=ADVANCED_FACE('',(#10776),#11496,.T.);
#12137=ADVANCED_FACE('',(#10777),#11497,.F.);
#12138=ADVANCED_FACE('',(#10778),#11498,.F.);
#12139=ADVANCED_FACE('',(#10779),#11499,.F.);
#12140=ADVANCED_FACE('',(#10780),#11500,.F.);
#12141=ADVANCED_FACE('',(#10781),#11501,.F.);
#12142=ADVANCED_FACE('',(#10782),#11502,.F.);
#12143=ADVANCED_FACE('',(#10783),#11503,.F.);
#12144=ADVANCED_FACE('',(#10784),#11504,.F.);
#12145=ADVANCED_FACE('',(#10785),#11505,.F.);
#12146=ADVANCED_FACE('',(#10786),#11506,.F.);
#12147=ADVANCED_FACE('',(#10787),#11507,.F.);
#12148=ADVANCED_FACE('',(#10788),#11508,.F.);
#12149=ADVANCED_FACE('',(#10789),#11509,.F.);
#12150=ADVANCED_FACE('',(#10790),#11510,.F.);
#12151=ADVANCED_FACE('',(#10791),#11511,.F.);
#12152=ADVANCED_FACE('',(#10792),#11512,.F.);
#12153=ADVANCED_FACE('',(#10793),#11513,.T.);
#12154=ADVANCED_FACE('',(#10794),#11514,.T.);
#12155=ADVANCED_FACE('',(#10795),#11515,.T.);
#12156=ADVANCED_FACE('',(#10796),#11516,.T.);
#12157=ADVANCED_FACE('',(#10797),#11517,.T.);
#12158=ADVANCED_FACE('',(#10798),#11518,.T.);
#12159=ADVANCED_FACE('',(#10799),#11519,.T.);
#12160=ADVANCED_FACE('',(#10800),#11520,.T.);
#12161=ADVANCED_FACE('',(#10801),#11521,.T.);
#12162=ADVANCED_FACE('',(#10802),#11522,.T.);
#12163=ADVANCED_FACE('',(#10803),#11523,.T.);
#12164=ADVANCED_FACE('',(#10804),#11524,.T.);
#12165=ADVANCED_FACE('',(#10805),#11525,.T.);
#12166=ADVANCED_FACE('',(#10806),#11526,.T.);
#12167=ADVANCED_FACE('',(#10807),#11527,.T.);
#12168=ADVANCED_FACE('',(#10808),#11528,.T.);
#12169=ADVANCED_FACE('',(#10809),#11529,.T.);
#12170=ADVANCED_FACE('',(#10810),#11530,.T.);
#12171=ADVANCED_FACE('',(#10811),#11531,.T.);
#12172=ADVANCED_FACE('',(#10812),#11532,.T.);
#12173=ADVANCED_FACE('',(#10813),#11533,.T.);
#12174=ADVANCED_FACE('',(#10814),#11534,.T.);
#12175=ADVANCED_FACE('',(#10815),#11535,.T.);
#12176=ADVANCED_FACE('',(#10816),#11536,.T.);
#12177=ADVANCED_FACE('',(#10817),#11537,.T.);
#12178=ADVANCED_FACE('',(#10818),#11538,.T.);
#12179=ADVANCED_FACE('',(#10819),#11539,.T.);
#12180=ADVANCED_FACE('',(#10820),#11540,.T.);
#12181=ADVANCED_FACE('',(#10821),#11541,.T.);
#12182=ADVANCED_FACE('',(#10822),#11542,.T.);
#12183=ADVANCED_FACE('',(#10823),#11543,.T.);
#12184=ADVANCED_FACE('',(#10824),#11544,.T.);
#12185=ADVANCED_FACE('',(#10825),#11545,.T.);
#12186=ADVANCED_FACE('',(#10826),#11546,.T.);
#12187=ADVANCED_FACE('',(#10827),#11547,.T.);
#12188=ADVANCED_FACE('',(#10828),#11548,.T.);
#12189=ADVANCED_FACE('',(#10829),#11549,.T.);
#12190=ADVANCED_FACE('',(#10830),#11550,.T.);
#12191=ADVANCED_FACE('',(#10831),#11551,.T.);
#12192=ADVANCED_FACE('',(#10832),#11552,.T.);
#12193=ADVANCED_FACE('',(#10833),#11553,.T.);
#12194=ADVANCED_FACE('',(#10834),#11554,.T.);
#12195=ADVANCED_FACE('',(#10835),#11555,.T.);
#12196=ADVANCED_FACE('',(#10836),#11556,.T.);
#12197=ADVANCED_FACE('',(#10837),#11557,.T.);
#12198=ADVANCED_FACE('',(#10838),#11558,.T.);
#12199=ADVANCED_FACE('',(#10839),#11559,.T.);
#12200=ADVANCED_FACE('',(#10840),#11560,.T.);
#12201=ADVANCED_FACE('',(#10841),#11561,.T.);
#12202=ADVANCED_FACE('',(#10842),#11562,.T.);
#12203=ADVANCED_FACE('',(#10843),#11563,.T.);
#12204=ADVANCED_FACE('',(#10844),#11564,.T.);
#12205=ADVANCED_FACE('',(#10845),#11565,.T.);
#12206=ADVANCED_FACE('',(#10846),#11566,.T.);
#12207=ADVANCED_FACE('',(#10847),#11567,.T.);
#12208=ADVANCED_FACE('',(#10848),#11568,.T.);
#12209=ADVANCED_FACE('',(#10849),#11569,.T.);
#12210=ADVANCED_FACE('',(#10850),#11570,.T.);
#12211=ADVANCED_FACE('',(#10851),#11571,.T.);
#12212=ADVANCED_FACE('',(#10852),#11572,.T.);
#12213=ADVANCED_FACE('',(#10853),#11573,.T.);
#12214=ADVANCED_FACE('',(#10854),#11574,.T.);
#12215=ADVANCED_FACE('',(#10855),#11575,.T.);
#12216=ADVANCED_FACE('',(#10856),#11576,.T.);
#12217=ADVANCED_FACE('',(#10857,#10858,#10859,#10860,#10861,#10862,#10863,
#10864,#10865,#10866,#10867,#10868,#10869,#10870,#10871,#10872,#10873),
#11577,.F.);
#12218=ADVANCED_FACE('',(#10874),#11578,.T.);
#12219=ADVANCED_FACE('',(#10875),#11579,.T.);
#12220=ADVANCED_FACE('',(#10876),#11580,.T.);
#12221=ADVANCED_FACE('',(#10877),#11581,.T.);
#12222=ADVANCED_FACE('',(#10878),#11582,.T.);
#12223=ADVANCED_FACE('',(#10879),#11583,.T.);
#12224=ADVANCED_FACE('',(#10880),#11584,.T.);
#12225=ADVANCED_FACE('',(#10881),#11585,.T.);
#12226=ADVANCED_FACE('',(#10882),#11586,.T.);
#12227=ADVANCED_FACE('',(#10883),#11587,.T.);
#12228=ADVANCED_FACE('',(#10884),#11588,.T.);
#12229=ADVANCED_FACE('',(#10885),#11589,.T.);
#12230=ADVANCED_FACE('',(#10886),#11590,.T.);
#12231=ADVANCED_FACE('',(#10887),#11591,.T.);
#12232=ADVANCED_FACE('',(#10888),#11592,.T.);
#12233=ADVANCED_FACE('',(#10889),#11593,.T.);
#12234=ADVANCED_FACE('',(#10890),#11594,.T.);
#12235=ADVANCED_FACE('',(#10891),#11595,.T.);
#12236=ADVANCED_FACE('',(#10892),#11596,.T.);
#12237=ADVANCED_FACE('',(#10893),#11597,.T.);
#12238=ADVANCED_FACE('',(#10894),#11598,.T.);
#12239=ADVANCED_FACE('',(#10895),#11599,.T.);
#12240=ADVANCED_FACE('',(#10896),#11600,.T.);
#12241=ADVANCED_FACE('',(#10897),#11601,.T.);
#12242=ADVANCED_FACE('',(#10898),#11602,.T.);
#12243=ADVANCED_FACE('',(#10899),#11603,.T.);
#12244=ADVANCED_FACE('',(#10900),#11604,.T.);
#12245=ADVANCED_FACE('',(#10901),#11605,.T.);
#12246=ADVANCED_FACE('',(#10902),#11606,.T.);
#12247=ADVANCED_FACE('',(#10903),#11607,.T.);
#12248=ADVANCED_FACE('',(#10904),#11608,.T.);
#12249=ADVANCED_FACE('',(#10905),#11609,.T.);
#12250=ADVANCED_FACE('',(#10906),#11610,.T.);
#12251=ADVANCED_FACE('',(#10907),#11611,.F.);
#12252=ADVANCED_FACE('',(#10908),#11612,.F.);
#12253=ADVANCED_FACE('',(#10909),#11613,.F.);
#12254=ADVANCED_FACE('',(#10910),#11614,.F.);
#12255=ADVANCED_FACE('',(#10911),#11615,.F.);
#12256=ADVANCED_FACE('',(#10912),#11616,.F.);
#12257=ADVANCED_FACE('',(#10913),#11617,.F.);
#12258=ADVANCED_FACE('',(#10914),#11618,.F.);
#12259=ADVANCED_FACE('',(#10915),#11619,.F.);
#12260=ADVANCED_FACE('',(#10916),#11620,.F.);
#12261=ADVANCED_FACE('',(#10917),#11621,.F.);
#12262=ADVANCED_FACE('',(#10918),#11622,.F.);
#12263=ADVANCED_FACE('',(#10919),#11623,.F.);
#12264=ADVANCED_FACE('',(#10920),#11624,.F.);
#12265=ADVANCED_FACE('',(#10921),#11625,.F.);
#12266=ADVANCED_FACE('',(#10922),#11626,.F.);
#12267=ADVANCED_FACE('',(#10923),#11627,.F.);
#12268=ADVANCED_FACE('',(#10924),#11628,.F.);
#12269=ADVANCED_FACE('',(#10925),#11629,.F.);
#12270=ADVANCED_FACE('',(#10926),#11630,.F.);
#12271=ADVANCED_FACE('',(#10927),#11631,.F.);
#12272=ADVANCED_FACE('',(#10928),#11632,.F.);
#12273=ADVANCED_FACE('',(#10929),#11633,.F.);
#12274=ADVANCED_FACE('',(#10930),#11634,.F.);
#12275=ADVANCED_FACE('',(#10931),#11635,.F.);
#12276=ADVANCED_FACE('',(#10932),#11636,.F.);
#12277=ADVANCED_FACE('',(#10933),#11637,.F.);
#12278=ADVANCED_FACE('',(#10934),#11638,.F.);
#12279=ADVANCED_FACE('',(#10935),#11639,.F.);
#12280=ADVANCED_FACE('',(#10936),#11640,.F.);
#12281=ADVANCED_FACE('',(#10937),#11641,.F.);
#12282=ADVANCED_FACE('',(#10938),#11642,.F.);
#12283=ADVANCED_FACE('',(#10939),#11643,.F.);
#12284=ADVANCED_FACE('',(#10940),#11644,.F.);
#12285=ADVANCED_FACE('',(#10941),#11645,.F.);
#12286=ADVANCED_FACE('',(#10942),#11646,.F.);
#12287=ADVANCED_FACE('',(#10943),#11647,.F.);
#12288=ADVANCED_FACE('',(#10944),#11648,.F.);
#12289=ADVANCED_FACE('',(#10945),#11649,.F.);
#12290=ADVANCED_FACE('',(#10946),#11650,.F.);
#12291=ADVANCED_FACE('',(#10947),#11651,.F.);
#12292=ADVANCED_FACE('',(#10948),#11652,.F.);
#12293=ADVANCED_FACE('',(#10949),#11653,.F.);
#12294=ADVANCED_FACE('',(#10950),#11654,.F.);
#12295=ADVANCED_FACE('',(#10951),#11655,.F.);
#12296=ADVANCED_FACE('',(#10952),#11656,.F.);
#12297=ADVANCED_FACE('',(#10953),#11657,.F.);
#12298=ADVANCED_FACE('',(#10954),#11658,.F.);
#12299=ADVANCED_FACE('',(#10955),#11659,.F.);
#12300=ADVANCED_FACE('',(#10956),#11660,.F.);
#12301=ADVANCED_FACE('',(#10957),#11661,.F.);
#12302=ADVANCED_FACE('',(#10958),#11662,.F.);
#12303=ADVANCED_FACE('',(#10959),#11663,.F.);
#12304=ADVANCED_FACE('',(#10960),#11664,.F.);
#12305=ADVANCED_FACE('',(#10961),#11665,.F.);
#12306=ADVANCED_FACE('',(#10962),#11666,.F.);
#12307=ADVANCED_FACE('',(#10963),#11667,.F.);
#12308=ADVANCED_FACE('',(#10964),#11668,.F.);
#12309=ADVANCED_FACE('',(#10965),#11669,.F.);
#12310=ADVANCED_FACE('',(#10966),#11670,.F.);
#12311=ADVANCED_FACE('',(#10967),#11671,.F.);
#12312=ADVANCED_FACE('',(#10968),#11672,.F.);
#12313=ADVANCED_FACE('',(#10969),#11673,.F.);
#12314=ADVANCED_FACE('',(#10970),#11674,.F.);
#12315=ADVANCED_FACE('',(#10971),#11675,.F.);
#12316=ADVANCED_FACE('',(#10972),#11676,.F.);
#12317=ADVANCED_FACE('',(#10973),#11677,.F.);
#12318=ADVANCED_FACE('',(#10974),#11678,.F.);
#12319=ADVANCED_FACE('',(#10975,#10976,#10977,#10978,#10979,#10980,#10981,
#10982,#10983,#10984,#10985,#10986,#10987,#10988,#10989,#10990,#10991),
#11679,.T.);
#12320=ADVANCED_FACE('',(#10992),#11680,.T.);
#12321=ADVANCED_FACE('',(#10993),#11681,.T.);
#12322=ADVANCED_FACE('',(#10994),#11682,.T.);
#12323=ADVANCED_FACE('',(#10995),#11683,.T.);
#12324=ADVANCED_FACE('',(#10996),#10,.F.);
#12325=ADVANCED_FACE('',(#10997),#11684,.T.);
#12326=ADVANCED_FACE('',(#10998),#11685,.T.);
#12327=ADVANCED_FACE('',(#10999),#11686,.T.);
#12328=ADVANCED_FACE('',(#11000),#11687,.T.);
#12329=ADVANCED_FACE('',(#11001),#11688,.T.);
#12330=ADVANCED_FACE('',(#11002),#11689,.T.);
#12331=ADVANCED_FACE('',(#11003),#11,.F.);
#12332=ADVANCED_FACE('',(#11004),#11690,.T.);
#12333=ADVANCED_FACE('',(#11005),#11691,.T.);
#12334=ADVANCED_FACE('',(#11006),#11692,.T.);
#12335=ADVANCED_FACE('',(#11007),#11693,.T.);
#12336=ADVANCED_FACE('',(#11008),#11694,.T.);
#12337=ADVANCED_FACE('',(#11009),#11695,.T.);
#12338=ADVANCED_FACE('',(#11010),#12,.F.);
#12339=ADVANCED_FACE('',(#11011),#11696,.T.);
#12340=ADVANCED_FACE('',(#11012),#11697,.T.);
#12341=ADVANCED_FACE('',(#11013),#11698,.T.);
#12342=ADVANCED_FACE('',(#11014),#11699,.T.);
#12343=ADVANCED_FACE('',(#11015),#11700,.T.);
#12344=ADVANCED_FACE('',(#11016),#11701,.T.);
#12345=ADVANCED_FACE('',(#11017),#13,.F.);
#12346=ADVANCED_FACE('',(#11018),#11702,.T.);
#12347=ADVANCED_FACE('',(#11019),#11703,.T.);
#12348=ADVANCED_FACE('',(#11020),#11704,.T.);
#12349=ADVANCED_FACE('',(#11021),#11705,.T.);
#12350=ADVANCED_FACE('',(#11022),#11706,.T.);
#12351=ADVANCED_FACE('',(#11023),#11707,.T.);
#12352=ADVANCED_FACE('',(#11024),#14,.F.);
#12353=ADVANCED_FACE('',(#11025),#11708,.T.);
#12354=ADVANCED_FACE('',(#11026),#11709,.T.);
#12355=ADVANCED_FACE('',(#11027),#11710,.T.);
#12356=ADVANCED_FACE('',(#11028),#11711,.T.);
#12357=ADVANCED_FACE('',(#11029),#11712,.T.);
#12358=ADVANCED_FACE('',(#11030),#11713,.T.);
#12359=ADVANCED_FACE('',(#11031),#15,.F.);
#12360=ADVANCED_FACE('',(#11032),#11714,.T.);
#12361=ADVANCED_FACE('',(#11033),#11715,.T.);
#12362=ADVANCED_FACE('',(#11034),#11716,.T.);
#12363=ADVANCED_FACE('',(#11035),#11717,.T.);
#12364=ADVANCED_FACE('',(#11036),#11718,.T.);
#12365=ADVANCED_FACE('',(#11037),#11719,.T.);
#12366=ADVANCED_FACE('',(#11038),#16,.F.);
#12367=ADVANCED_FACE('',(#11039),#11720,.T.);
#12368=ADVANCED_FACE('',(#11040),#11721,.T.);
#12369=ADVANCED_FACE('',(#11041),#11722,.T.);
#12370=ADVANCED_FACE('',(#11042),#11723,.T.);
#12371=ADVANCED_FACE('',(#11043),#11724,.T.);
#12372=ADVANCED_FACE('',(#11044),#11725,.T.);
#12373=ADVANCED_FACE('',(#11045),#17,.F.);
#12374=ADVANCED_FACE('',(#11046),#11726,.T.);
#12375=ADVANCED_FACE('',(#11047),#11727,.T.);
#12376=ADVANCED_FACE('',(#11048),#11728,.T.);
#12377=ADVANCED_FACE('',(#11049),#11729,.T.);
#12378=ADVANCED_FACE('',(#11050),#11730,.T.);
#12379=ADVANCED_FACE('',(#11051),#11731,.T.);
#12380=ADVANCED_FACE('',(#11052),#18,.F.);
#12381=ADVANCED_FACE('',(#11053),#11732,.T.);
#12382=ADVANCED_FACE('',(#11054),#11733,.T.);
#12383=ADVANCED_FACE('',(#11055),#11734,.T.);
#12384=ADVANCED_FACE('',(#11056),#11735,.T.);
#12385=ADVANCED_FACE('',(#11057),#11736,.T.);
#12386=ADVANCED_FACE('',(#11058),#11737,.T.);
#12387=ADVANCED_FACE('',(#11059),#19,.F.);
#12388=ADVANCED_FACE('',(#11060),#11738,.T.);
#12389=ADVANCED_FACE('',(#11061),#11739,.T.);
#12390=ADVANCED_FACE('',(#11062),#11740,.T.);
#12391=ADVANCED_FACE('',(#11063),#11741,.T.);
#12392=ADVANCED_FACE('',(#11064),#11742,.T.);
#12393=ADVANCED_FACE('',(#11065),#11743,.T.);
#12394=ADVANCED_FACE('',(#11066),#20,.F.);
#12395=ADVANCED_FACE('',(#11067),#11744,.T.);
#12396=ADVANCED_FACE('',(#11068),#11745,.T.);
#12397=ADVANCED_FACE('',(#11069),#11746,.T.);
#12398=ADVANCED_FACE('',(#11070),#11747,.T.);
#12399=ADVANCED_FACE('',(#11071),#11748,.T.);
#12400=ADVANCED_FACE('',(#11072),#11749,.T.);
#12401=ADVANCED_FACE('',(#11073),#21,.F.);
#12402=ADVANCED_FACE('',(#11074),#11750,.T.);
#12403=ADVANCED_FACE('',(#11075),#11751,.T.);
#12404=ADVANCED_FACE('',(#11076),#11752,.T.);
#12405=ADVANCED_FACE('',(#11077),#11753,.T.);
#12406=ADVANCED_FACE('',(#11078),#11754,.T.);
#12407=ADVANCED_FACE('',(#11079),#11755,.T.);
#12408=ADVANCED_FACE('',(#11080),#22,.F.);
#12409=ADVANCED_FACE('',(#11081),#11756,.T.);
#12410=ADVANCED_FACE('',(#11082),#11757,.T.);
#12411=ADVANCED_FACE('',(#11083),#11758,.T.);
#12412=ADVANCED_FACE('',(#11084),#11759,.T.);
#12413=ADVANCED_FACE('',(#11085),#11760,.T.);
#12414=ADVANCED_FACE('',(#11086),#11761,.T.);
#12415=ADVANCED_FACE('',(#11087),#23,.F.);
#12416=ADVANCED_FACE('',(#11088),#11762,.T.);
#12417=ADVANCED_FACE('',(#11089),#11763,.T.);
#12418=ADVANCED_FACE('',(#11090),#11764,.T.);
#12419=ADVANCED_FACE('',(#11091),#11765,.T.);
#12420=ADVANCED_FACE('',(#11092),#11766,.T.);
#12421=ADVANCED_FACE('',(#11093),#11767,.T.);
#12422=ADVANCED_FACE('',(#11094),#24,.F.);
#12423=ADVANCED_FACE('',(#11095),#11768,.T.);
#12424=ADVANCED_FACE('',(#11096),#11769,.T.);
#12425=ADVANCED_FACE('',(#11097),#11770,.T.);
#12426=ADVANCED_FACE('',(#11098),#11771,.T.);
#12427=ADVANCED_FACE('',(#11099),#25,.F.);
#12428=ADVANCED_FACE('',(#11100),#11772,.T.);
#12429=ADVANCED_FACE('',(#11101),#11773,.T.);
#12430=ADVANCED_FACE('',(#11102),#11774,.T.);
#12431=ADVANCED_FACE('',(#11103),#11775,.T.);
#12432=ADVANCED_FACE('',(#11104),#11776,.T.);
#12433=ADVANCED_FACE('',(#11105,#11106,#11107,#11108,#11109,#11110,#11111,
#11112,#11113,#11114,#11115,#11116,#11117,#11118,#11119,#11120,#11121),
#11777,.T.);
#12434=ADVANCED_FACE('',(#11122,#11123,#11124),#11778,.F.);
#12435=ADVANCED_FACE('',(#11125,#11126,#11127),#11779,.F.);
#12436=ADVANCED_FACE('',(#11128,#11129,#11130),#11780,.F.);
#12437=ADVANCED_FACE('',(#11131,#11132,#11133),#11781,.F.);
#12438=ADVANCED_FACE('',(#11134,#11135,#11136),#11782,.F.);
#12439=ADVANCED_FACE('',(#11137,#11138,#11139),#11783,.F.);
#12440=ADVANCED_FACE('',(#11140,#11141,#11142),#11784,.F.);
#12441=ADVANCED_FACE('',(#11143,#11144,#11145),#11785,.F.);
#12442=ADVANCED_FACE('',(#11146),#11786,.T.);
#12443=ADVANCED_FACE('',(#11147),#11787,.T.);
#12444=ADVANCED_FACE('',(#11148),#11788,.T.);
#12445=ADVANCED_FACE('',(#11149),#11789,.T.);
#12446=ADVANCED_FACE('',(#11150),#11790,.T.);
#12447=ADVANCED_FACE('',(#11151),#11791,.T.);
#12448=ADVANCED_FACE('',(#11152),#11792,.T.);
#12449=ADVANCED_FACE('',(#11153),#11793,.T.);
#12450=ADVANCED_FACE('',(#11154),#11794,.T.);
#12451=ADVANCED_FACE('',(#11155),#11795,.F.);
#12452=ADVANCED_FACE('',(#11156),#11796,.F.);
#12453=ADVANCED_FACE('',(#11157),#11797,.F.);
#12454=ADVANCED_FACE('',(#11158),#11798,.F.);
#12455=ADVANCED_FACE('',(#11159),#11799,.F.);
#12456=ADVANCED_FACE('',(#11160),#11800,.F.);
#12457=ADVANCED_FACE('',(#11161),#11801,.F.);
#12458=ADVANCED_FACE('',(#11162),#11802,.F.);
#12459=ADVANCED_FACE('',(#11163),#11803,.F.);
#12460=ADVANCED_FACE('',(#11164),#11804,.F.);
#12461=ADVANCED_FACE('',(#11165),#11805,.F.);
#12462=ADVANCED_FACE('',(#11166),#11806,.F.);
#12463=ADVANCED_FACE('',(#11167),#11807,.F.);
#12464=ADVANCED_FACE('',(#11168),#11808,.F.);
#12465=ADVANCED_FACE('',(#11169),#11809,.F.);
#12466=ADVANCED_FACE('',(#11170),#11810,.F.);
#12467=ADVANCED_FACE('',(#11171),#11811,.F.);
#12468=ADVANCED_FACE('',(#11172),#11812,.F.);
#12469=ADVANCED_FACE('',(#11173),#11813,.T.);
#12470=ADVANCED_FACE('',(#11174),#11814,.T.);
#12471=ADVANCED_FACE('',(#11175),#11815,.T.);
#12472=ADVANCED_FACE('',(#11176),#11816,.T.);
#12473=ADVANCED_FACE('',(#11177),#11817,.T.);
#12474=ADVANCED_FACE('',(#11178),#11818,.T.);
#12475=ADVANCED_FACE('',(#11179),#11819,.T.);
#12476=ADVANCED_FACE('',(#11180),#11820,.T.);
#12477=ADVANCED_FACE('',(#11181),#11821,.T.);
#12478=ADVANCED_FACE('',(#11182),#11822,.T.);
#12479=ADVANCED_FACE('',(#11183),#11823,.T.);
#12480=ADVANCED_FACE('',(#11184),#11824,.T.);
#12481=ADVANCED_FACE('',(#11185),#11825,.T.);
#12482=ADVANCED_FACE('',(#11186),#11826,.T.);
#12483=ADVANCED_FACE('',(#11187),#11827,.T.);
#12484=ADVANCED_FACE('',(#11188),#11828,.T.);
#12485=ADVANCED_FACE('',(#11189),#11829,.F.);
#12486=ADVANCED_FACE('',(#11190),#11830,.F.);
#12487=ADVANCED_FACE('',(#11191),#11831,.T.);
#12488=ADVANCED_FACE('',(#11192),#11832,.T.);
#12489=ADVANCED_FACE('',(#11193),#11833,.F.);
#12490=ADVANCED_FACE('',(#11194),#11834,.F.);
#12491=ADVANCED_FACE('',(#11195),#11835,.T.);
#12492=ADVANCED_FACE('',(#11196),#11836,.T.);
#12493=ADVANCED_FACE('',(#11197),#11837,.T.);
#12494=ADVANCED_FACE('',(#11198),#11838,.T.);
#12495=ADVANCED_FACE('',(#11199),#11839,.T.);
#12496=ADVANCED_FACE('',(#11200),#11840,.T.);
#12497=ADVANCED_FACE('',(#11201),#11841,.T.);
#12498=ADVANCED_FACE('',(#11202),#11842,.T.);
#12499=ADVANCED_FACE('',(#11203),#11843,.T.);
#12500=ADVANCED_FACE('',(#11204),#11844,.T.);
#12501=ADVANCED_FACE('',(#11205),#11845,.T.);
#12502=ADVANCED_FACE('',(#11206),#11846,.T.);
#12503=ADVANCED_FACE('',(#11207),#11847,.T.);
#12504=ADVANCED_FACE('',(#11208),#11848,.T.);
#12505=ADVANCED_FACE('',(#11209),#11849,.T.);
#12506=ADVANCED_FACE('',(#11210),#11850,.T.);
#12507=ADVANCED_FACE('',(#11211),#11851,.T.);
#12508=ADVANCED_FACE('',(#11212),#11852,.T.);
#12509=ADVANCED_FACE('',(#11213),#11853,.T.);
#12510=ADVANCED_FACE('',(#11214),#11854,.T.);
#12511=ADVANCED_FACE('',(#11215),#11855,.T.);
#12512=ADVANCED_FACE('',(#11216),#11856,.T.);
#12513=ADVANCED_FACE('',(#11217),#11857,.T.);
#12514=ADVANCED_FACE('',(#11218),#11858,.T.);
#12515=ADVANCED_FACE('',(#11219),#11859,.T.);
#12516=ADVANCED_FACE('',(#11220),#11860,.T.);
#12517=ADVANCED_FACE('',(#11221),#11861,.T.);
#12518=ADVANCED_FACE('',(#11222),#11862,.T.);
#12519=ADVANCED_FACE('',(#11223),#11863,.T.);
#12520=ADVANCED_FACE('',(#11224),#11864,.T.);
#12521=ADVANCED_FACE('',(#11225),#11865,.T.);
#12522=ADVANCED_FACE('',(#11226),#11866,.T.);
#12523=ADVANCED_FACE('',(#11227),#11867,.F.);
#12524=ADVANCED_FACE('',(#11228),#11868,.F.);
#12525=ADVANCED_FACE('',(#11229),#11869,.F.);
#12526=ADVANCED_FACE('',(#11230),#11870,.F.);
#12527=ADVANCED_FACE('',(#11231),#11871,.F.);
#12528=ADVANCED_FACE('',(#11232),#11872,.F.);
#12529=ADVANCED_FACE('',(#11233),#11873,.F.);
#12530=ADVANCED_FACE('',(#11234),#11874,.F.);
#12531=ADVANCED_FACE('',(#11235),#11875,.F.);
#12532=ADVANCED_FACE('',(#11236),#11876,.F.);
#12533=ADVANCED_FACE('',(#11237),#11877,.F.);
#12534=ADVANCED_FACE('',(#11238),#11878,.F.);
#12535=ADVANCED_FACE('',(#11239),#11879,.F.);
#12536=ADVANCED_FACE('',(#11240),#11880,.F.);
#12537=ADVANCED_FACE('',(#11241),#11881,.F.);
#12538=ADVANCED_FACE('',(#11242),#11882,.F.);
#12539=ADVANCED_FACE('',(#11243),#11883,.T.);
#12540=ADVANCED_FACE('',(#11244),#11884,.T.);
#12541=ADVANCED_FACE('',(#11245),#11885,.T.);
#12542=ADVANCED_FACE('',(#11246),#11886,.T.);
#12543=ADVANCED_FACE('',(#11247),#11887,.T.);
#12544=ADVANCED_FACE('',(#11248),#11888,.T.);
#12545=ADVANCED_FACE('',(#11249),#11889,.T.);
#12546=ADVANCED_FACE('',(#11250),#11890,.T.);
#12547=ADVANCED_FACE('',(#11251),#11891,.T.);
#12548=ADVANCED_FACE('',(#11252),#11892,.T.);
#12549=ADVANCED_FACE('',(#11253),#11893,.T.);
#12550=ADVANCED_FACE('',(#11254),#11894,.T.);
#12551=ADVANCED_FACE('',(#11255),#11895,.T.);
#12552=ADVANCED_FACE('',(#11256),#11896,.T.);
#12553=ADVANCED_FACE('',(#11257),#11897,.T.);
#12554=ADVANCED_FACE('',(#11258),#11898,.T.);
#12555=ADVANCED_FACE('',(#11259),#11899,.T.);
#12556=ADVANCED_FACE('',(#11260),#11900,.T.);
#12557=ADVANCED_FACE('',(#11261),#11901,.T.);
#12558=ADVANCED_FACE('',(#11262),#11902,.T.);
#12559=ADVANCED_FACE('',(#11263),#11903,.T.);
#12560=ADVANCED_FACE('',(#11264),#11904,.T.);
#12561=ADVANCED_FACE('',(#11265),#11905,.T.);
#12562=ADVANCED_FACE('',(#11266),#11906,.T.);
#12563=ADVANCED_FACE('',(#11267),#11907,.T.);
#12564=ADVANCED_FACE('',(#11268),#11908,.T.);
#12565=ADVANCED_FACE('',(#11269),#11909,.T.);
#12566=ADVANCED_FACE('',(#11270),#11910,.T.);
#12567=ADVANCED_FACE('',(#11271),#11911,.T.);
#12568=ADVANCED_FACE('',(#11272),#11912,.T.);
#12569=ADVANCED_FACE('',(#11273),#11913,.T.);
#12570=ADVANCED_FACE('',(#11274),#11914,.T.);
#12571=ADVANCED_FACE('',(#11275),#11915,.T.);
#12572=ADVANCED_FACE('',(#11276),#11916,.T.);
#12573=ADVANCED_FACE('',(#11277),#11917,.T.);
#12574=ADVANCED_FACE('',(#11278),#11918,.T.);
#12575=ADVANCED_FACE('',(#11279),#11919,.T.);
#12576=ADVANCED_FACE('',(#11280),#11920,.T.);
#12577=ADVANCED_FACE('',(#11281),#11921,.T.);
#12578=ADVANCED_FACE('',(#11282),#11922,.T.);
#12579=ADVANCED_FACE('',(#11283),#11923,.T.);
#12580=ADVANCED_FACE('',(#11284),#11924,.T.);
#12581=ADVANCED_FACE('',(#11285),#11925,.T.);
#12582=ADVANCED_FACE('',(#11286),#11926,.T.);
#12583=ADVANCED_FACE('',(#11287),#11927,.T.);
#12584=ADVANCED_FACE('',(#11288),#11928,.T.);
#12585=ADVANCED_FACE('',(#11289),#11929,.T.);
#12586=ADVANCED_FACE('',(#11290),#11930,.T.);
#12587=ADVANCED_FACE('',(#11291),#11931,.T.);
#12588=ADVANCED_FACE('',(#11292),#11932,.T.);
#12589=ADVANCED_FACE('',(#11293),#11933,.T.);
#12590=ADVANCED_FACE('',(#11294),#11934,.T.);
#12591=ADVANCED_FACE('',(#11295),#11935,.T.);
#12592=ADVANCED_FACE('',(#11296),#11936,.T.);
#12593=ADVANCED_FACE('',(#11297),#11937,.T.);
#12594=ADVANCED_FACE('',(#11298),#11938,.T.);
#12595=ADVANCED_FACE('',(#11299),#11939,.T.);
#12596=ADVANCED_FACE('',(#11300),#11940,.T.);
#12597=ADVANCED_FACE('',(#11301),#11941,.T.);
#12598=ADVANCED_FACE('',(#11302),#11942,.T.);
#12599=ADVANCED_FACE('',(#11303),#11943,.T.);
#12600=ADVANCED_FACE('',(#11304),#11944,.T.);
#12601=ADVANCED_FACE('',(#11305),#11945,.T.);
#12602=ADVANCED_FACE('',(#11306),#11946,.T.);
#12603=CLOSED_SHELL('',(#11947,#11948,#11949,#11950,#11951,#11952,#11953,
#11954,#11955,#11956,#11957,#11958,#11959,#11960,#11961,#11962,#11963,#11964,
#11965,#11966,#11967,#11968,#11969,#11970,#11971,#11972,#11973,#11974,#11975,
#11976,#11977,#11978,#11979,#11980,#11981,#11982,#11983,#11984,#11985,#11986,
#11987,#11988,#11989,#11990,#11991,#11992,#11993,#11994,#11995,#11996,#11997,
#11998,#11999,#12000,#12001,#12002,#12003,#12004,#12005,#12006,#12007,#12008,
#12009,#12010,#12011,#12012,#12013,#12014,#12015,#12016,#12017,#12018,#12019,
#12020,#12021,#12022,#12023,#12024,#12025,#12026,#12027,#12028,#12029,#12030,
#12031,#12032,#12033,#12034,#12035,#12036,#12037,#12038,#12039,#12040,#12041,
#12042,#12043,#12044,#12045,#12046,#12047,#12048,#12049,#12050,#12051,#12052,
#12053,#12054,#12055,#12056,#12057,#12058,#12059,#12060,#12061,#12062,#12063,
#12064,#12065,#12066,#12067,#12068,#12069,#12070,#12071,#12072,#12073,#12074,
#12075,#12076,#12077,#12078,#12079,#12080,#12081,#12082,#12083,#12084,#12085,
#12086,#12087,#12088,#12089,#12090,#12091,#12092,#12093,#12094,#12095,#12096,
#12097,#12098,#12099,#12100));
#12604=CLOSED_SHELL('',(#12101,#12102,#12103,#12104,#12105,#12106,#12107,
#12108,#12109,#12110,#12111,#12112,#12113,#12114,#12115,#12116,#12117,#12118,
#12119,#12120,#12121,#12122,#12123,#12124,#12125,#12126,#12127,#12128,#12129,
#12130,#12131,#12132,#12133,#12134,#12135,#12136,#12137,#12138,#12139,#12140,
#12141,#12142,#12143,#12144,#12145,#12146,#12147,#12148,#12149,#12150,#12151,
#12152,#12153,#12154,#12155,#12156,#12157,#12158,#12159,#12160,#12161,#12162,
#12163,#12164,#12165,#12166,#12167,#12168,#12169,#12170,#12171,#12172,#12173,
#12174,#12175,#12176,#12177,#12178,#12179,#12180,#12181,#12182,#12183,#12184,
#12185,#12186,#12187,#12188,#12189,#12190,#12191,#12192,#12193,#12194,#12195,
#12196,#12197,#12198,#12199,#12200,#12201,#12202,#12203,#12204,#12205,#12206,
#12207,#12208,#12209,#12210,#12211,#12212,#12213,#12214,#12215,#12216,#12217,
#12218,#12219,#12220,#12221,#12222,#12223,#12224,#12225,#12226,#12227,#12228,
#12229,#12230,#12231,#12232,#12233,#12234,#12235,#12236,#12237,#12238,#12239,
#12240,#12241,#12242,#12243,#12244,#12245,#12246,#12247,#12248,#12249,#12250));
#12605=CLOSED_SHELL('',(#12251,#12252,#12253,#12254,#12255,#12256,#12257,
#12258,#12259,#12260,#12261,#12262,#12263,#12264,#12265,#12266,#12267,#12268,
#12269,#12270,#12271,#12272,#12273,#12274,#12275,#12276,#12277,#12278,#12279,
#12280,#12281,#12282,#12283,#12284,#12285,#12286,#12287,#12288,#12289,#12290,
#12291,#12292,#12293,#12294,#12295,#12296,#12297,#12298,#12299,#12300,#12301,
#12302,#12303,#12304,#12305,#12306,#12307,#12308,#12309,#12310,#12311,#12312,
#12313,#12314,#12315,#12316,#12317,#12318,#12319,#12320,#12321,#12322,#12323,
#12324,#12325,#12326,#12327,#12328,#12329,#12330,#12331,#12332,#12333,#12334,
#12335,#12336,#12337,#12338,#12339,#12340,#12341,#12342,#12343,#12344,#12345,
#12346,#12347,#12348,#12349,#12350,#12351,#12352,#12353,#12354,#12355,#12356,
#12357,#12358,#12359,#12360,#12361,#12362,#12363,#12364,#12365,#12366,#12367,
#12368,#12369,#12370,#12371,#12372,#12373,#12374,#12375,#12376,#12377,#12378,
#12379,#12380,#12381,#12382,#12383,#12384,#12385,#12386,#12387,#12388,#12389,
#12390,#12391,#12392,#12393,#12394,#12395,#12396,#12397,#12398,#12399,#12400,
#12401,#12402,#12403,#12404,#12405,#12406,#12407,#12408,#12409,#12410,#12411,
#12412,#12413,#12414,#12415,#12416,#12417,#12418,#12419,#12420,#12421,#12422,
#12423,#12424,#12425,#12426,#12427,#12428,#12429,#12430,#12431,#12432));
#12606=CLOSED_SHELL('',(#12433,#12434,#12435,#12436,#12437,#12438,#12439,
#12440,#12441,#12442,#12443,#12444,#12445,#12446,#12447,#12448,#12449,#12450,
#12451,#12452,#12453,#12454,#12455,#12456,#12457,#12458,#12459,#12460,#12461,
#12462,#12463,#12464,#12465,#12466,#12467,#12468,#12469,#12470,#12471,#12472,
#12473,#12474,#12475,#12476,#12477,#12478,#12479,#12480,#12481,#12482,#12483,
#12484,#12485,#12486,#12487,#12488,#12489,#12490,#12491,#12492,#12493,#12494,
#12495,#12496,#12497,#12498,#12499,#12500,#12501,#12502,#12503,#12504,#12505,
#12506,#12507,#12508,#12509,#12510,#12511,#12512,#12513,#12514,#12515,#12516,
#12517,#12518,#12519,#12520,#12521,#12522,#12523,#12524,#12525,#12526,#12527,
#12528,#12529,#12530,#12531,#12532,#12533,#12534,#12535,#12536,#12537,#12538,
#12539,#12540,#12541,#12542,#12543,#12544,#12545,#12546,#12547,#12548,#12549,
#12550,#12551,#12552,#12553,#12554,#12555,#12556,#12557,#12558,#12559,#12560,
#12561,#12562,#12563,#12564,#12565,#12566,#12567,#12568,#12569,#12570,#12571,
#12572,#12573,#12574,#12575,#12576,#12577,#12578,#12579,#12580,#12581,#12582,
#12583,#12584,#12585,#12586,#12587,#12588,#12589,#12590,#12591,#12592,#12593,
#12594,#12595,#12596,#12597,#12598,#12599,#12600,#12601,#12602));
#12607=STYLED_ITEM('',(#12611),#12637);
#12608=STYLED_ITEM('',(#12612),#12638);
#12609=STYLED_ITEM('',(#12613),#12639);
#12610=STYLED_ITEM('',(#12614),#12640);
#12611=PRESENTATION_STYLE_ASSIGNMENT((#12615));
#12612=PRESENTATION_STYLE_ASSIGNMENT((#12616));
#12613=PRESENTATION_STYLE_ASSIGNMENT((#12617));
#12614=PRESENTATION_STYLE_ASSIGNMENT((#12618));
#12615=SURFACE_STYLE_USAGE(.BOTH.,#12619);
#12616=SURFACE_STYLE_USAGE(.BOTH.,#12620);
#12617=SURFACE_STYLE_USAGE(.BOTH.,#12621);
#12618=SURFACE_STYLE_USAGE(.BOTH.,#12622);
#12619=SURFACE_SIDE_STYLE('',(#12623));
#12620=SURFACE_SIDE_STYLE('',(#12624));
#12621=SURFACE_SIDE_STYLE('',(#12625));
#12622=SURFACE_SIDE_STYLE('',(#12626));
#12623=SURFACE_STYLE_FILL_AREA(#12627);
#12624=SURFACE_STYLE_FILL_AREA(#12628);
#12625=SURFACE_STYLE_FILL_AREA(#12629);
#12626=SURFACE_STYLE_FILL_AREA(#12630);
#12627=FILL_AREA_STYLE('',(#12631));
#12628=FILL_AREA_STYLE('',(#12632));
#12629=FILL_AREA_STYLE('',(#12633));
#12630=FILL_AREA_STYLE('',(#12634));
#12631=FILL_AREA_STYLE_COLOUR('',#12635);
#12632=FILL_AREA_STYLE_COLOUR('',#12636);
#12633=FILL_AREA_STYLE_COLOUR('',#58);
#12634=FILL_AREA_STYLE_COLOUR('',#12635);
#12635=COLOUR_RGB('',0.5,0.5,0.5);
#12636=COLOUR_RGB('',0.769999980926514,0.769999980926514,0.769999980926514);
#12637=MANIFOLD_SOLID_BREP('ESQT-108-03-F-D-350_S',#12603);
#12638=MANIFOLD_SOLID_BREP('ESQT-108-03-F-D-350_P',#12604);
#12639=MANIFOLD_SOLID_BREP('ESQT-108-03-F-D-3502_P',#12605);
#12640=MANIFOLD_SOLID_BREP('ESQT-108-03-F-D-350_BS',#12606);
#12641=SHAPE_DEFINITION_REPRESENTATION(#19984,#12646);
#12642=SHAPE_DEFINITION_REPRESENTATION(#19985,#12647);
#12643=SHAPE_DEFINITION_REPRESENTATION(#19987,#12648);
#12644=SHAPE_DEFINITION_REPRESENTATION(#19989,#12649);
#12645=SHAPE_DEFINITION_REPRESENTATION(#19991,#12650);
#12646=SHAPE_REPRESENTATION('ESQT-108-03-F-D-350',(#12651,#12806,#12957,
#13172,#13343),#19968);
#12647=SHAPE_REPRESENTATION('ESQT-108-03-F-D-350_S',(#12651),#19969);
#12648=SHAPE_REPRESENTATION('ESQT-108-03-F-D-350_P',(#12651),#19970);
#12649=SHAPE_REPRESENTATION('ESQT-108-03-F-D-3502_P',(#12651),#19971);
#12650=SHAPE_REPRESENTATION('ESQT-108-03-F-D-350_BS',(#12651),#19972);
#12651=AXIS2_PLACEMENT_3D('',#16434,#13344,#13345);
#12652=AXIS2_PLACEMENT_3D('',#16435,#13346,#13347);
#12653=AXIS2_PLACEMENT_3D('',#16444,#13352,#13353);
#12654=AXIS2_PLACEMENT_3D('',#16453,#13358,#13359);
#12655=AXIS2_PLACEMENT_3D('',#16462,#13364,#13365);
#12656=AXIS2_PLACEMENT_3D('',#16471,#13370,#13371);
#12657=AXIS2_PLACEMENT_3D('',#16480,#13376,#13377);
#12658=AXIS2_PLACEMENT_3D('',#16489,#13382,#13383);
#12659=AXIS2_PLACEMENT_3D('',#16498,#13388,#13389);
#12660=AXIS2_PLACEMENT_3D('',#16507,#13394,#13395);
#12661=AXIS2_PLACEMENT_3D('',#16516,#13400,#13401);
#12662=AXIS2_PLACEMENT_3D('',#16525,#13406,#13407);
#12663=AXIS2_PLACEMENT_3D('',#16534,#13412,#13413);
#12664=AXIS2_PLACEMENT_3D('',#16543,#13418,#13419);
#12665=AXIS2_PLACEMENT_3D('',#16552,#13424,#13425);
#12666=AXIS2_PLACEMENT_3D('',#16561,#13430,#13431);
#12667=AXIS2_PLACEMENT_3D('',#16570,#13436,#13437);
#12668=AXIS2_PLACEMENT_3D('',#16579,#13442,#13443);
#12669=AXIS2_PLACEMENT_3D('',#16588,#13448,#13449);
#12670=AXIS2_PLACEMENT_3D('',#16597,#13454,#13455);
#12671=AXIS2_PLACEMENT_3D('',#16643,#13483,#13484);
#12672=AXIS2_PLACEMENT_3D('',#16689,#13512,#13513);
#12673=AXIS2_PLACEMENT_3D('',#16695,#13517,#13518);
#12674=AXIS2_PLACEMENT_3D('',#16701,#13522,#13523);
#12675=AXIS2_PLACEMENT_3D('',#16707,#13527,#13528);
#12676=AXIS2_PLACEMENT_3D('',#16713,#13532,#13533);
#12677=AXIS2_PLACEMENT_3D('',#16719,#13537,#13538);
#12678=AXIS2_PLACEMENT_3D('',#16725,#13542,#13543);
#12679=AXIS2_PLACEMENT_3D('',#16731,#13547,#13548);
#12680=AXIS2_PLACEMENT_3D('',#16737,#13552,#13553);
#12681=AXIS2_PLACEMENT_3D('',#16743,#13557,#13558);
#12682=AXIS2_PLACEMENT_3D('',#16749,#13562,#13563);
#12683=AXIS2_PLACEMENT_3D('',#16755,#13567,#13568);
#12684=AXIS2_PLACEMENT_3D('',#16761,#13572,#13573);
#12685=AXIS2_PLACEMENT_3D('',#16767,#13577,#13578);
#12686=AXIS2_PLACEMENT_3D('',#16773,#13582,#13583);
#12687=AXIS2_PLACEMENT_3D('',#16779,#13587,#13588);
#12688=AXIS2_PLACEMENT_3D('',#16785,#13592,#13593);
#12689=AXIS2_PLACEMENT_3D('',#16791,#13597,#13598);
#12690=AXIS2_PLACEMENT_3D('',#16797,#13602,#13603);
#12691=AXIS2_PLACEMENT_3D('',#16800,#13606,#13607);
#12692=AXIS2_PLACEMENT_3D('',#16803,#13610,#13611);
#12693=AXIS2_PLACEMENT_3D('',#16812,#13616,#13617);
#12694=AXIS2_PLACEMENT_3D('',#16818,#13621,#13622);
#12695=AXIS2_PLACEMENT_3D('',#16824,#13626,#13627);
#12696=AXIS2_PLACEMENT_3D('',#16833,#13632,#13633);
#12697=AXIS2_PLACEMENT_3D('',#16839,#13637,#13638);
#12698=AXIS2_PLACEMENT_3D('',#16845,#13642,#13643);
#12699=AXIS2_PLACEMENT_3D('',#16854,#13648,#13649);
#12700=AXIS2_PLACEMENT_3D('',#16860,#13653,#13654);
#12701=AXIS2_PLACEMENT_3D('',#16866,#13658,#13659);
#12702=AXIS2_PLACEMENT_3D('',#16875,#13664,#13665);
#12703=AXIS2_PLACEMENT_3D('',#16881,#13669,#13670);
#12704=AXIS2_PLACEMENT_3D('',#16887,#13674,#13675);
#12705=AXIS2_PLACEMENT_3D('',#16896,#13680,#13681);
#12706=AXIS2_PLACEMENT_3D('',#16902,#13685,#13686);
#12707=AXIS2_PLACEMENT_3D('',#16908,#13690,#13691);
#12708=AXIS2_PLACEMENT_3D('',#16917,#13696,#13697);
#12709=AXIS2_PLACEMENT_3D('',#16923,#13701,#13702);
#12710=AXIS2_PLACEMENT_3D('',#16929,#13706,#13707);
#12711=AXIS2_PLACEMENT_3D('',#16938,#13712,#13713);
#12712=AXIS2_PLACEMENT_3D('',#16944,#13717,#13718);
#12713=AXIS2_PLACEMENT_3D('',#16950,#13722,#13723);
#12714=AXIS2_PLACEMENT_3D('',#16959,#13728,#13729);
#12715=AXIS2_PLACEMENT_3D('',#16965,#13733,#13734);
#12716=AXIS2_PLACEMENT_3D('',#16971,#13738,#13739);
#12717=AXIS2_PLACEMENT_3D('',#16980,#13744,#13745);
#12718=AXIS2_PLACEMENT_3D('',#16986,#13749,#13750);
#12719=AXIS2_PLACEMENT_3D('',#16992,#13754,#13755);
#12720=AXIS2_PLACEMENT_3D('',#17001,#13760,#13761);
#12721=AXIS2_PLACEMENT_3D('',#17007,#13765,#13766);
#12722=AXIS2_PLACEMENT_3D('',#17013,#13770,#13771);
#12723=AXIS2_PLACEMENT_3D('',#17022,#13776,#13777);
#12724=AXIS2_PLACEMENT_3D('',#17028,#13781,#13782);
#12725=AXIS2_PLACEMENT_3D('',#17034,#13786,#13787);
#12726=AXIS2_PLACEMENT_3D('',#17043,#13792,#13793);
#12727=AXIS2_PLACEMENT_3D('',#17049,#13797,#13798);
#12728=AXIS2_PLACEMENT_3D('',#17055,#13802,#13803);
#12729=AXIS2_PLACEMENT_3D('',#17064,#13808,#13809);
#12730=AXIS2_PLACEMENT_3D('',#17070,#13813,#13814);
#12731=AXIS2_PLACEMENT_3D('',#17076,#13818,#13819);
#12732=AXIS2_PLACEMENT_3D('',#17085,#13824,#13825);
#12733=AXIS2_PLACEMENT_3D('',#17091,#13829,#13830);
#12734=AXIS2_PLACEMENT_3D('',#17097,#13834,#13835);
#12735=AXIS2_PLACEMENT_3D('',#17106,#13840,#13841);
#12736=AXIS2_PLACEMENT_3D('',#17112,#13845,#13846);
#12737=AXIS2_PLACEMENT_3D('',#17118,#13850,#13851);
#12738=AXIS2_PLACEMENT_3D('',#17127,#13856,#13857);
#12739=AXIS2_PLACEMENT_3D('',#17133,#13861,#13862);
#12740=AXIS2_PLACEMENT_3D('',#17139,#13866,#13867);
#12741=AXIS2_PLACEMENT_3D('',#17142,#13870,#13871);
#12742=AXIS2_PLACEMENT_3D('',#17145,#13874,#13875);
#12743=AXIS2_PLACEMENT_3D('',#17148,#13878,#13879);
#12744=AXIS2_PLACEMENT_3D('',#17151,#13882,#13883);
#12745=AXIS2_PLACEMENT_3D('',#17154,#13886,#13887);
#12746=AXIS2_PLACEMENT_3D('',#17157,#13890,#13891);
#12747=AXIS2_PLACEMENT_3D('',#17160,#13894,#13895);
#12748=AXIS2_PLACEMENT_3D('',#17163,#13898,#13899);
#12749=AXIS2_PLACEMENT_3D('',#17166,#13902,#13903);
#12750=AXIS2_PLACEMENT_3D('',#17169,#13906,#13907);
#12751=AXIS2_PLACEMENT_3D('',#17172,#13910,#13911);
#12752=AXIS2_PLACEMENT_3D('',#17175,#13914,#13915);
#12753=AXIS2_PLACEMENT_3D('',#17178,#13918,#13919);
#12754=AXIS2_PLACEMENT_3D('',#17181,#13922,#13923);
#12755=AXIS2_PLACEMENT_3D('',#17184,#13926,#13927);
#12756=AXIS2_PLACEMENT_3D('',#17187,#13930,#13931);
#12757=AXIS2_PLACEMENT_3D('',#17188,#13932,#13933);
#12758=AXIS2_PLACEMENT_3D('',#17189,#13934,#13935);
#12759=AXIS2_PLACEMENT_3D('',#17190,#13936,#13937);
#12760=AXIS2_PLACEMENT_3D('',#17191,#13938,#13939);
#12761=AXIS2_PLACEMENT_3D('',#17192,#13940,#13941);
#12762=AXIS2_PLACEMENT_3D('',#17193,#13942,#13943);
#12763=AXIS2_PLACEMENT_3D('',#17194,#13944,#13945);
#12764=AXIS2_PLACEMENT_3D('',#17195,#13946,#13947);
#12765=AXIS2_PLACEMENT_3D('',#17196,#13948,#13949);
#12766=AXIS2_PLACEMENT_3D('',#17197,#13950,#13951);
#12767=AXIS2_PLACEMENT_3D('',#17198,#13952,#13953);
#12768=AXIS2_PLACEMENT_3D('',#17199,#13954,#13955);
#12769=AXIS2_PLACEMENT_3D('',#17200,#13956,#13957);
#12770=AXIS2_PLACEMENT_3D('',#17201,#13958,#13959);
#12771=AXIS2_PLACEMENT_3D('',#17202,#13960,#13961);
#12772=AXIS2_PLACEMENT_3D('',#17203,#13962,#13963);
#12773=AXIS2_PLACEMENT_3D('',#17204,#13964,#13965);
#12774=AXIS2_PLACEMENT_3D('',#17237,#13998,#13999);
#12775=AXIS2_PLACEMENT_3D('',#17238,#14000,#14001);
#12776=AXIS2_PLACEMENT_3D('',#17239,#14002,#14003);
#12777=AXIS2_PLACEMENT_3D('',#17240,#14004,#14005);
#12778=AXIS2_PLACEMENT_3D('',#17241,#14006,#14007);
#12779=AXIS2_PLACEMENT_3D('',#17242,#14008,#14009);
#12780=AXIS2_PLACEMENT_3D('',#17243,#14010,#14011);
#12781=AXIS2_PLACEMENT_3D('',#17244,#14012,#14013);
#12782=AXIS2_PLACEMENT_3D('',#17245,#14014,#14015);
#12783=AXIS2_PLACEMENT_3D('',#17246,#14016,#14017);
#12784=AXIS2_PLACEMENT_3D('',#17247,#14018,#14019);
#12785=AXIS2_PLACEMENT_3D('',#17248,#14020,#14021);
#12786=AXIS2_PLACEMENT_3D('',#17249,#14022,#14023);
#12787=AXIS2_PLACEMENT_3D('',#17250,#14024,#14025);
#12788=AXIS2_PLACEMENT_3D('',#17251,#14026,#14027);
#12789=AXIS2_PLACEMENT_3D('',#17252,#14028,#14029);
#12790=AXIS2_PLACEMENT_3D('',#17253,#14030,#14031);
#12791=AXIS2_PLACEMENT_3D('',#17254,#14032,#14033);
#12792=AXIS2_PLACEMENT_3D('',#17255,#14034,#14035);
#12793=AXIS2_PLACEMENT_3D('',#17256,#14036,#14037);
#12794=AXIS2_PLACEMENT_3D('',#17257,#14038,#14039);
#12795=AXIS2_PLACEMENT_3D('',#17258,#14040,#14041);
#12796=AXIS2_PLACEMENT_3D('',#17259,#14042,#14043);
#12797=AXIS2_PLACEMENT_3D('',#17260,#14044,#14045);
#12798=AXIS2_PLACEMENT_3D('',#17261,#14046,#14047);
#12799=AXIS2_PLACEMENT_3D('',#17262,#14048,#14049);
#12800=AXIS2_PLACEMENT_3D('',#17263,#14050,#14051);
#12801=AXIS2_PLACEMENT_3D('',#17264,#14052,#14053);
#12802=AXIS2_PLACEMENT_3D('',#17265,#14054,#14055);
#12803=AXIS2_PLACEMENT_3D('',#17266,#14056,#14057);
#12804=AXIS2_PLACEMENT_3D('',#17267,#14058,#14059);
#12805=AXIS2_PLACEMENT_3D('',#17268,#14060,#14061);
#12806=AXIS2_PLACEMENT_3D('',#17269,#14062,#14063);
#12807=AXIS2_PLACEMENT_3D('',#17270,#14064,#14065);
#12808=AXIS2_PLACEMENT_3D('',#17279,#14070,#14071);
#12809=AXIS2_PLACEMENT_3D('',#17285,#14075,#14076);
#12810=AXIS2_PLACEMENT_3D('',#17291,#14080,#14081);
#12811=AXIS2_PLACEMENT_3D('',#17294,#14084,#14085);
#12812=AXIS2_PLACEMENT_3D('',#17303,#14090,#14091);
#12813=AXIS2_PLACEMENT_3D('',#17312,#14096,#14097);
#12814=AXIS2_PLACEMENT_3D('',#17321,#14102,#14103);
#12815=AXIS2_PLACEMENT_3D('',#17330,#14108,#14109);
#12816=AXIS2_PLACEMENT_3D('',#17339,#14114,#14115);
#12817=AXIS2_PLACEMENT_3D('',#17348,#14120,#14121);
#12818=AXIS2_PLACEMENT_3D('',#17357,#14126,#14127);
#12819=AXIS2_PLACEMENT_3D('',#17366,#14132,#14133);
#12820=AXIS2_PLACEMENT_3D('',#17375,#14138,#14139);
#12821=AXIS2_PLACEMENT_3D('',#17384,#14144,#14145);
#12822=AXIS2_PLACEMENT_3D('',#17393,#14150,#14151);
#12823=AXIS2_PLACEMENT_3D('',#17402,#14156,#14157);
#12824=AXIS2_PLACEMENT_3D('',#17411,#14162,#14163);
#12825=AXIS2_PLACEMENT_3D('',#17420,#14168,#14169);
#12826=AXIS2_PLACEMENT_3D('',#17429,#14174,#14175);
#12827=AXIS2_PLACEMENT_3D('',#17438,#14180,#14181);
#12828=AXIS2_PLACEMENT_3D('',#17447,#14186,#14187);
#12829=AXIS2_PLACEMENT_3D('',#17456,#14192,#14193);
#12830=AXIS2_PLACEMENT_3D('',#17465,#14198,#14199);
#12831=AXIS2_PLACEMENT_3D('',#17474,#14204,#14205);
#12832=AXIS2_PLACEMENT_3D('',#17483,#14210,#14211);
#12833=AXIS2_PLACEMENT_3D('',#17492,#14216,#14217);
#12834=AXIS2_PLACEMENT_3D('',#17501,#14222,#14223);
#12835=AXIS2_PLACEMENT_3D('',#17510,#14228,#14229);
#12836=AXIS2_PLACEMENT_3D('',#17519,#14234,#14235);
#12837=AXIS2_PLACEMENT_3D('',#17528,#14240,#14241);
#12838=AXIS2_PLACEMENT_3D('',#17537,#14246,#14247);
#12839=AXIS2_PLACEMENT_3D('',#17546,#14252,#14253);
#12840=AXIS2_PLACEMENT_3D('',#17555,#14258,#14259);
#12841=AXIS2_PLACEMENT_3D('',#17564,#14264,#14265);
#12842=AXIS2_PLACEMENT_3D('',#17573,#14270,#14271);
#12843=AXIS2_PLACEMENT_3D('',#17582,#14276,#14277);
#12844=AXIS2_PLACEMENT_3D('',#17591,#14282,#14283);
#12845=AXIS2_PLACEMENT_3D('',#17600,#14288,#14289);
#12846=AXIS2_PLACEMENT_3D('',#17609,#14294,#14295);
#12847=AXIS2_PLACEMENT_3D('',#17618,#14300,#14301);
#12848=AXIS2_PLACEMENT_3D('',#17627,#14306,#14307);
#12849=AXIS2_PLACEMENT_3D('',#17636,#14312,#14313);
#12850=AXIS2_PLACEMENT_3D('',#17645,#14318,#14319);
#12851=AXIS2_PLACEMENT_3D('',#17654,#14324,#14325);
#12852=AXIS2_PLACEMENT_3D('',#17663,#14330,#14331);
#12853=AXIS2_PLACEMENT_3D('',#17672,#14336,#14337);
#12854=AXIS2_PLACEMENT_3D('',#17681,#14342,#14343);
#12855=AXIS2_PLACEMENT_3D('',#17690,#14348,#14349);
#12856=AXIS2_PLACEMENT_3D('',#17699,#14354,#14355);
#12857=AXIS2_PLACEMENT_3D('',#17708,#14360,#14361);
#12858=AXIS2_PLACEMENT_3D('',#17717,#14366,#14367);
#12859=AXIS2_PLACEMENT_3D('',#17726,#14372,#14373);
#12860=AXIS2_PLACEMENT_3D('',#17730,#14377,#14378);
#12861=AXIS2_PLACEMENT_3D('',#17734,#14382,#14383);
#12862=AXIS2_PLACEMENT_3D('',#17738,#14387,#14388);
#12863=AXIS2_PLACEMENT_3D('',#17742,#14392,#14393);
#12864=AXIS2_PLACEMENT_3D('',#17746,#14397,#14398);
#12865=AXIS2_PLACEMENT_3D('',#17750,#14402,#14403);
#12866=AXIS2_PLACEMENT_3D('',#17754,#14407,#14408);
#12867=AXIS2_PLACEMENT_3D('',#17758,#14412,#14413);
#12868=AXIS2_PLACEMENT_3D('',#17762,#14417,#14418);
#12869=AXIS2_PLACEMENT_3D('',#17766,#14422,#14423);
#12870=AXIS2_PLACEMENT_3D('',#17770,#14427,#14428);
#12871=AXIS2_PLACEMENT_3D('',#17774,#14432,#14433);
#12872=AXIS2_PLACEMENT_3D('',#17778,#14437,#14438);
#12873=AXIS2_PLACEMENT_3D('',#17782,#14442,#14443);
#12874=AXIS2_PLACEMENT_3D('',#17786,#14447,#14448);
#12875=AXIS2_PLACEMENT_3D('',#17790,#14452,#14453);
#12876=AXIS2_PLACEMENT_3D('',#17794,#14457,#14458);
#12877=AXIS2_PLACEMENT_3D('',#17798,#14462,#14463);
#12878=AXIS2_PLACEMENT_3D('',#17802,#14467,#14468);
#12879=AXIS2_PLACEMENT_3D('',#17806,#14472,#14473);
#12880=AXIS2_PLACEMENT_3D('',#17810,#14477,#14478);
#12881=AXIS2_PLACEMENT_3D('',#17814,#14482,#14483);
#12882=AXIS2_PLACEMENT_3D('',#17818,#14487,#14488);
#12883=AXIS2_PLACEMENT_3D('',#17822,#14492,#14493);
#12884=AXIS2_PLACEMENT_3D('',#17826,#14497,#14498);
#12885=AXIS2_PLACEMENT_3D('',#17830,#14502,#14503);
#12886=AXIS2_PLACEMENT_3D('',#17834,#14507,#14508);
#12887=AXIS2_PLACEMENT_3D('',#17838,#14512,#14513);
#12888=AXIS2_PLACEMENT_3D('',#17842,#14517,#14518);
#12889=AXIS2_PLACEMENT_3D('',#17846,#14522,#14523);
#12890=AXIS2_PLACEMENT_3D('',#17850,#14527,#14528);
#12891=AXIS2_PLACEMENT_3D('',#17854,#14532,#14533);
#12892=AXIS2_PLACEMENT_3D('',#17856,#14535,#14536);
#12893=AXIS2_PLACEMENT_3D('',#17858,#14538,#14539);
#12894=AXIS2_PLACEMENT_3D('',#17860,#14541,#14542);
#12895=AXIS2_PLACEMENT_3D('',#17862,#14544,#14545);
#12896=AXIS2_PLACEMENT_3D('',#17864,#14547,#14548);
#12897=AXIS2_PLACEMENT_3D('',#17866,#14550,#14551);
#12898=AXIS2_PLACEMENT_3D('',#17868,#14553,#14554);
#12899=AXIS2_PLACEMENT_3D('',#17870,#14556,#14557);
#12900=AXIS2_PLACEMENT_3D('',#17872,#14559,#14560);
#12901=AXIS2_PLACEMENT_3D('',#17874,#14562,#14563);
#12902=AXIS2_PLACEMENT_3D('',#17876,#14565,#14566);
#12903=AXIS2_PLACEMENT_3D('',#17878,#14568,#14569);
#12904=AXIS2_PLACEMENT_3D('',#17880,#14571,#14572);
#12905=AXIS2_PLACEMENT_3D('',#17882,#14574,#14575);
#12906=AXIS2_PLACEMENT_3D('',#17884,#14577,#14578);
#12907=AXIS2_PLACEMENT_3D('',#17886,#14580,#14581);
#12908=AXIS2_PLACEMENT_3D('',#17888,#14583,#14584);
#12909=AXIS2_PLACEMENT_3D('',#17890,#14586,#14587);
#12910=AXIS2_PLACEMENT_3D('',#17892,#14589,#14590);
#12911=AXIS2_PLACEMENT_3D('',#17894,#14592,#14593);
#12912=AXIS2_PLACEMENT_3D('',#17896,#14595,#14596);
#12913=AXIS2_PLACEMENT_3D('',#17898,#14598,#14599);
#12914=AXIS2_PLACEMENT_3D('',#17900,#14601,#14602);
#12915=AXIS2_PLACEMENT_3D('',#17902,#14604,#14605);
#12916=AXIS2_PLACEMENT_3D('',#17904,#14607,#14608);
#12917=AXIS2_PLACEMENT_3D('',#17906,#14610,#14611);
#12918=AXIS2_PLACEMENT_3D('',#17908,#14613,#14614);
#12919=AXIS2_PLACEMENT_3D('',#17910,#14616,#14617);
#12920=AXIS2_PLACEMENT_3D('',#17912,#14619,#14620);
#12921=AXIS2_PLACEMENT_3D('',#17914,#14622,#14623);
#12922=AXIS2_PLACEMENT_3D('',#17916,#14625,#14626);
#12923=AXIS2_PLACEMENT_3D('',#17918,#14628,#14629);
#12924=AXIS2_PLACEMENT_3D('',#17919,#14630,#14631);
#12925=AXIS2_PLACEMENT_3D('',#17920,#14632,#14633);
#12926=AXIS2_PLACEMENT_3D('',#17921,#14634,#14635);
#12927=AXIS2_PLACEMENT_3D('',#17922,#14636,#14637);
#12928=AXIS2_PLACEMENT_3D('',#17923,#14638,#14639);
#12929=AXIS2_PLACEMENT_3D('',#17924,#14640,#14641);
#12930=AXIS2_PLACEMENT_3D('',#17925,#14642,#14643);
#12931=AXIS2_PLACEMENT_3D('',#17926,#14644,#14645);
#12932=AXIS2_PLACEMENT_3D('',#17927,#14646,#14647);
#12933=AXIS2_PLACEMENT_3D('',#17928,#14648,#14649);
#12934=AXIS2_PLACEMENT_3D('',#17929,#14650,#14651);
#12935=AXIS2_PLACEMENT_3D('',#17930,#14652,#14653);
#12936=AXIS2_PLACEMENT_3D('',#17931,#14654,#14655);
#12937=AXIS2_PLACEMENT_3D('',#17932,#14656,#14657);
#12938=AXIS2_PLACEMENT_3D('',#17933,#14658,#14659);
#12939=AXIS2_PLACEMENT_3D('',#17934,#14660,#14661);
#12940=AXIS2_PLACEMENT_3D('',#17935,#14662,#14663);
#12941=AXIS2_PLACEMENT_3D('',#17936,#14664,#14665);
#12942=AXIS2_PLACEMENT_3D('',#17937,#14666,#14667);
#12943=AXIS2_PLACEMENT_3D('',#17938,#14668,#14669);
#12944=AXIS2_PLACEMENT_3D('',#17939,#14670,#14671);
#12945=AXIS2_PLACEMENT_3D('',#17940,#14672,#14673);
#12946=AXIS2_PLACEMENT_3D('',#17941,#14674,#14675);
#12947=AXIS2_PLACEMENT_3D('',#17942,#14676,#14677);
#12948=AXIS2_PLACEMENT_3D('',#17943,#14678,#14679);
#12949=AXIS2_PLACEMENT_3D('',#17944,#14680,#14681);
#12950=AXIS2_PLACEMENT_3D('',#17945,#14682,#14683);
#12951=AXIS2_PLACEMENT_3D('',#17946,#14684,#14685);
#12952=AXIS2_PLACEMENT_3D('',#17947,#14686,#14687);
#12953=AXIS2_PLACEMENT_3D('',#17948,#14688,#14689);
#12954=AXIS2_PLACEMENT_3D('',#17949,#14690,#14691);
#12955=AXIS2_PLACEMENT_3D('',#17950,#14692,#14693);
#12956=AXIS2_PLACEMENT_3D('',#17951,#14694,#14695);
#12957=AXIS2_PLACEMENT_3D('',#17952,#14696,#14697);
#12958=AXIS2_PLACEMENT_3D('',#17953,#14698,#14699);
#12959=AXIS2_PLACEMENT_3D('',#17962,#14704,#14705);
#12960=AXIS2_PLACEMENT_3D('',#17968,#14709,#14710);
#12961=AXIS2_PLACEMENT_3D('',#17974,#14714,#14715);
#12962=AXIS2_PLACEMENT_3D('',#17977,#14718,#14719);
#12963=AXIS2_PLACEMENT_3D('',#17985,#14723,#14724);
#12964=AXIS2_PLACEMENT_3D('',#17998,#14731,#14732);
#12965=AXIS2_PLACEMENT_3D('',#18004,#14736,#14737);
#12966=AXIS2_PLACEMENT_3D('',#18017,#14744,#14745);
#12967=AXIS2_PLACEMENT_3D('',#18022,#14748,#14749);
#12968=AXIS2_PLACEMENT_3D('',#18030,#14753,#14754);
#12969=AXIS2_PLACEMENT_3D('',#18043,#14761,#14762);
#12970=AXIS2_PLACEMENT_3D('',#18049,#14766,#14767);
#12971=AXIS2_PLACEMENT_3D('',#18062,#14774,#14775);
#12972=AXIS2_PLACEMENT_3D('',#18067,#14778,#14779);
#12973=AXIS2_PLACEMENT_3D('',#18075,#14783,#14784);
#12974=AXIS2_PLACEMENT_3D('',#18088,#14791,#14792);
#12975=AXIS2_PLACEMENT_3D('',#18094,#14796,#14797);
#12976=AXIS2_PLACEMENT_3D('',#18107,#14804,#14805);
#12977=AXIS2_PLACEMENT_3D('',#18112,#14808,#14809);
#12978=AXIS2_PLACEMENT_3D('',#18120,#14813,#14814);
#12979=AXIS2_PLACEMENT_3D('',#18133,#14821,#14822);
#12980=AXIS2_PLACEMENT_3D('',#18139,#14826,#14827);
#12981=AXIS2_PLACEMENT_3D('',#18152,#14834,#14835);
#12982=AXIS2_PLACEMENT_3D('',#18157,#14838,#14839);
#12983=AXIS2_PLACEMENT_3D('',#18165,#14843,#14844);
#12984=AXIS2_PLACEMENT_3D('',#18178,#14851,#14852);
#12985=AXIS2_PLACEMENT_3D('',#18184,#14856,#14857);
#12986=AXIS2_PLACEMENT_3D('',#18197,#14864,#14865);
#12987=AXIS2_PLACEMENT_3D('',#18202,#14868,#14869);
#12988=AXIS2_PLACEMENT_3D('',#18210,#14873,#14874);
#12989=AXIS2_PLACEMENT_3D('',#18223,#14881,#14882);
#12990=AXIS2_PLACEMENT_3D('',#18229,#14886,#14887);
#12991=AXIS2_PLACEMENT_3D('',#18242,#14894,#14895);
#12992=AXIS2_PLACEMENT_3D('',#18247,#14898,#14899);
#12993=AXIS2_PLACEMENT_3D('',#18255,#14903,#14904);
#12994=AXIS2_PLACEMENT_3D('',#18268,#14911,#14912);
#12995=AXIS2_PLACEMENT_3D('',#18274,#14916,#14917);
#12996=AXIS2_PLACEMENT_3D('',#18287,#14924,#14925);
#12997=AXIS2_PLACEMENT_3D('',#18292,#14928,#14929);
#12998=AXIS2_PLACEMENT_3D('',#18300,#14933,#14934);
#12999=AXIS2_PLACEMENT_3D('',#18313,#14941,#14942);
#13000=AXIS2_PLACEMENT_3D('',#18319,#14946,#14947);
#13001=AXIS2_PLACEMENT_3D('',#18332,#14954,#14955);
#13002=AXIS2_PLACEMENT_3D('',#18337,#14958,#14959);
#13003=AXIS2_PLACEMENT_3D('',#18345,#14963,#14964);
#13004=AXIS2_PLACEMENT_3D('',#18358,#14971,#14972);
#13005=AXIS2_PLACEMENT_3D('',#18364,#14976,#14977);
#13006=AXIS2_PLACEMENT_3D('',#18377,#14984,#14985);
#13007=AXIS2_PLACEMENT_3D('',#18382,#14988,#14989);
#13008=AXIS2_PLACEMENT_3D('',#18390,#14993,#14994);
#13009=AXIS2_PLACEMENT_3D('',#18403,#15001,#15002);
#13010=AXIS2_PLACEMENT_3D('',#18409,#15006,#15007);
#13011=AXIS2_PLACEMENT_3D('',#18422,#15014,#15015);
#13012=AXIS2_PLACEMENT_3D('',#18427,#15018,#15019);
#13013=AXIS2_PLACEMENT_3D('',#18435,#15023,#15024);
#13014=AXIS2_PLACEMENT_3D('',#18448,#15031,#15032);
#13015=AXIS2_PLACEMENT_3D('',#18454,#15036,#15037);
#13016=AXIS2_PLACEMENT_3D('',#18467,#15044,#15045);
#13017=AXIS2_PLACEMENT_3D('',#18472,#15048,#15049);
#13018=AXIS2_PLACEMENT_3D('',#18480,#15053,#15054);
#13019=AXIS2_PLACEMENT_3D('',#18493,#15061,#15062);
#13020=AXIS2_PLACEMENT_3D('',#18499,#15066,#15067);
#13021=AXIS2_PLACEMENT_3D('',#18512,#15074,#15075);
#13022=AXIS2_PLACEMENT_3D('',#18517,#15078,#15079);
#13023=AXIS2_PLACEMENT_3D('',#18525,#15083,#15084);
#13024=AXIS2_PLACEMENT_3D('',#18538,#15091,#15092);
#13025=AXIS2_PLACEMENT_3D('',#18544,#15096,#15097);
#13026=AXIS2_PLACEMENT_3D('',#18557,#15104,#15105);
#13027=AXIS2_PLACEMENT_3D('',#18562,#15108,#15109);
#13028=AXIS2_PLACEMENT_3D('',#18570,#15113,#15114);
#13029=AXIS2_PLACEMENT_3D('',#18583,#15121,#15122);
#13030=AXIS2_PLACEMENT_3D('',#18589,#15126,#15127);
#13031=AXIS2_PLACEMENT_3D('',#18602,#15134,#15135);
#13032=AXIS2_PLACEMENT_3D('',#18607,#15138,#15139);
#13033=AXIS2_PLACEMENT_3D('',#18615,#15143,#15144);
#13034=AXIS2_PLACEMENT_3D('',#18628,#15151,#15152);
#13035=AXIS2_PLACEMENT_3D('',#18634,#15156,#15157);
#13036=AXIS2_PLACEMENT_3D('',#18647,#15164,#15165);
#13037=AXIS2_PLACEMENT_3D('',#18652,#15168,#15169);
#13038=AXIS2_PLACEMENT_3D('',#18660,#15173,#15174);
#13039=AXIS2_PLACEMENT_3D('',#18673,#15181,#15182);
#13040=AXIS2_PLACEMENT_3D('',#18679,#15186,#15187);
#13041=AXIS2_PLACEMENT_3D('',#18692,#15194,#15195);
#13042=AXIS2_PLACEMENT_3D('',#18697,#15198,#15199);
#13043=AXIS2_PLACEMENT_3D('',#18700,#15202,#15203);
#13044=AXIS2_PLACEMENT_3D('',#18703,#15206,#15207);
#13045=AXIS2_PLACEMENT_3D('',#18706,#15210,#15211);
#13046=AXIS2_PLACEMENT_3D('',#18709,#15214,#15215);
#13047=AXIS2_PLACEMENT_3D('',#18712,#15218,#15219);
#13048=AXIS2_PLACEMENT_3D('',#18715,#15222,#15223);
#13049=AXIS2_PLACEMENT_3D('',#18718,#15226,#15227);
#13050=AXIS2_PLACEMENT_3D('',#18721,#15230,#15231);
#13051=AXIS2_PLACEMENT_3D('',#18724,#15234,#15235);
#13052=AXIS2_PLACEMENT_3D('',#18727,#15238,#15239);
#13053=AXIS2_PLACEMENT_3D('',#18730,#15242,#15243);
#13054=AXIS2_PLACEMENT_3D('',#18733,#15246,#15247);
#13055=AXIS2_PLACEMENT_3D('',#18736,#15250,#15251);
#13056=AXIS2_PLACEMENT_3D('',#18739,#15254,#15255);
#13057=AXIS2_PLACEMENT_3D('',#18742,#15258,#15259);
#13058=AXIS2_PLACEMENT_3D('',#18745,#15262,#15263);
#13059=AXIS2_PLACEMENT_3D('',#18746,#15264,#15265);
#13060=AXIS2_PLACEMENT_3D('',#18748,#15267,#15268);
#13061=AXIS2_PLACEMENT_3D('',#18750,#15270,#15271);
#13062=AXIS2_PLACEMENT_3D('',#18752,#15273,#15274);
#13063=AXIS2_PLACEMENT_3D('',#18754,#15276,#15277);
#13064=AXIS2_PLACEMENT_3D('',#18756,#15279,#15280);
#13065=AXIS2_PLACEMENT_3D('',#18758,#15282,#15283);
#13066=AXIS2_PLACEMENT_3D('',#18759,#15284,#15285);
#13067=AXIS2_PLACEMENT_3D('',#18761,#15287,#15288);
#13068=AXIS2_PLACEMENT_3D('',#18763,#15290,#15291);
#13069=AXIS2_PLACEMENT_3D('',#18765,#15293,#15294);
#13070=AXIS2_PLACEMENT_3D('',#18767,#15296,#15297);
#13071=AXIS2_PLACEMENT_3D('',#18769,#15299,#15300);
#13072=AXIS2_PLACEMENT_3D('',#18771,#15302,#15303);
#13073=AXIS2_PLACEMENT_3D('',#18772,#15304,#15305);
#13074=AXIS2_PLACEMENT_3D('',#18774,#15307,#15308);
#13075=AXIS2_PLACEMENT_3D('',#18776,#15310,#15311);
#13076=AXIS2_PLACEMENT_3D('',#18778,#15313,#15314);
#13077=AXIS2_PLACEMENT_3D('',#18780,#15316,#15317);
#13078=AXIS2_PLACEMENT_3D('',#18782,#15319,#15320);
#13079=AXIS2_PLACEMENT_3D('',#18784,#15322,#15323);
#13080=AXIS2_PLACEMENT_3D('',#18785,#15324,#15325);
#13081=AXIS2_PLACEMENT_3D('',#18787,#15327,#15328);
#13082=AXIS2_PLACEMENT_3D('',#18789,#15330,#15331);
#13083=AXIS2_PLACEMENT_3D('',#18791,#15333,#15334);
#13084=AXIS2_PLACEMENT_3D('',#18793,#15336,#15337);
#13085=AXIS2_PLACEMENT_3D('',#18795,#15339,#15340);
#13086=AXIS2_PLACEMENT_3D('',#18797,#15342,#15343);
#13087=AXIS2_PLACEMENT_3D('',#18798,#15344,#15345);
#13088=AXIS2_PLACEMENT_3D('',#18800,#15347,#15348);
#13089=AXIS2_PLACEMENT_3D('',#18802,#15350,#15351);
#13090=AXIS2_PLACEMENT_3D('',#18804,#15353,#15354);
#13091=AXIS2_PLACEMENT_3D('',#18806,#15356,#15357);
#13092=AXIS2_PLACEMENT_3D('',#18808,#15359,#15360);
#13093=AXIS2_PLACEMENT_3D('',#18810,#15362,#15363);
#13094=AXIS2_PLACEMENT_3D('',#18811,#15364,#15365);
#13095=AXIS2_PLACEMENT_3D('',#18813,#15367,#15368);
#13096=AXIS2_PLACEMENT_3D('',#18815,#15370,#15371);
#13097=AXIS2_PLACEMENT_3D('',#18817,#15373,#15374);
#13098=AXIS2_PLACEMENT_3D('',#18819,#15376,#15377);
#13099=AXIS2_PLACEMENT_3D('',#18821,#15379,#15380);
#13100=AXIS2_PLACEMENT_3D('',#18823,#15382,#15383);
#13101=AXIS2_PLACEMENT_3D('',#18824,#15384,#15385);
#13102=AXIS2_PLACEMENT_3D('',#18826,#15387,#15388);
#13103=AXIS2_PLACEMENT_3D('',#18828,#15390,#15391);
#13104=AXIS2_PLACEMENT_3D('',#18830,#15393,#15394);
#13105=AXIS2_PLACEMENT_3D('',#18832,#15396,#15397);
#13106=AXIS2_PLACEMENT_3D('',#18834,#15399,#15400);
#13107=AXIS2_PLACEMENT_3D('',#18836,#15402,#15403);
#13108=AXIS2_PLACEMENT_3D('',#18837,#15404,#15405);
#13109=AXIS2_PLACEMENT_3D('',#18839,#15407,#15408);
#13110=AXIS2_PLACEMENT_3D('',#18841,#15410,#15411);
#13111=AXIS2_PLACEMENT_3D('',#18843,#15413,#15414);
#13112=AXIS2_PLACEMENT_3D('',#18845,#15416,#15417);
#13113=AXIS2_PLACEMENT_3D('',#18847,#15419,#15420);
#13114=AXIS2_PLACEMENT_3D('',#18849,#15422,#15423);
#13115=AXIS2_PLACEMENT_3D('',#18850,#15424,#15425);
#13116=AXIS2_PLACEMENT_3D('',#18852,#15427,#15428);
#13117=AXIS2_PLACEMENT_3D('',#18854,#15430,#15431);
#13118=AXIS2_PLACEMENT_3D('',#18856,#15433,#15434);
#13119=AXIS2_PLACEMENT_3D('',#18858,#15436,#15437);
#13120=AXIS2_PLACEMENT_3D('',#18860,#15439,#15440);
#13121=AXIS2_PLACEMENT_3D('',#18862,#15442,#15443);
#13122=AXIS2_PLACEMENT_3D('',#18863,#15444,#15445);
#13123=AXIS2_PLACEMENT_3D('',#18865,#15447,#15448);
#13124=AXIS2_PLACEMENT_3D('',#18867,#15450,#15451);
#13125=AXIS2_PLACEMENT_3D('',#18869,#15453,#15454);
#13126=AXIS2_PLACEMENT_3D('',#18871,#15456,#15457);
#13127=AXIS2_PLACEMENT_3D('',#18873,#15459,#15460);
#13128=AXIS2_PLACEMENT_3D('',#18875,#15462,#15463);
#13129=AXIS2_PLACEMENT_3D('',#18876,#15464,#15465);
#13130=AXIS2_PLACEMENT_3D('',#18878,#15467,#15468);
#13131=AXIS2_PLACEMENT_3D('',#18880,#15470,#15471);
#13132=AXIS2_PLACEMENT_3D('',#18882,#15473,#15474);
#13133=AXIS2_PLACEMENT_3D('',#18884,#15476,#15477);
#13134=AXIS2_PLACEMENT_3D('',#18886,#15479,#15480);
#13135=AXIS2_PLACEMENT_3D('',#18888,#15482,#15483);
#13136=AXIS2_PLACEMENT_3D('',#18889,#15484,#15485);
#13137=AXIS2_PLACEMENT_3D('',#18891,#15487,#15488);
#13138=AXIS2_PLACEMENT_3D('',#18893,#15490,#15491);
#13139=AXIS2_PLACEMENT_3D('',#18895,#15493,#15494);
#13140=AXIS2_PLACEMENT_3D('',#18897,#15496,#15497);
#13141=AXIS2_PLACEMENT_3D('',#18899,#15499,#15500);
#13142=AXIS2_PLACEMENT_3D('',#18901,#15502,#15503);
#13143=AXIS2_PLACEMENT_3D('',#18902,#15504,#15505);
#13144=AXIS2_PLACEMENT_3D('',#18904,#15507,#15508);
#13145=AXIS2_PLACEMENT_3D('',#18906,#15510,#15511);
#13146=AXIS2_PLACEMENT_3D('',#18908,#15513,#15514);
#13147=AXIS2_PLACEMENT_3D('',#18910,#15516,#15517);
#13148=AXIS2_PLACEMENT_3D('',#18912,#15519,#15520);
#13149=AXIS2_PLACEMENT_3D('',#18914,#15522,#15523);
#13150=AXIS2_PLACEMENT_3D('',#18915,#15524,#15525);
#13151=AXIS2_PLACEMENT_3D('',#18917,#15527,#15528);
#13152=AXIS2_PLACEMENT_3D('',#18919,#15530,#15531);
#13153=AXIS2_PLACEMENT_3D('',#18921,#15533,#15534);
#13154=AXIS2_PLACEMENT_3D('',#18923,#15536,#15537);
#13155=AXIS2_PLACEMENT_3D('',#18925,#15539,#15540);
#13156=AXIS2_PLACEMENT_3D('',#18927,#15542,#15543);
#13157=AXIS2_PLACEMENT_3D('',#18928,#15544,#15545);
#13158=AXIS2_PLACEMENT_3D('',#18930,#15547,#15548);
#13159=AXIS2_PLACEMENT_3D('',#18932,#15550,#15551);
#13160=AXIS2_PLACEMENT_3D('',#18934,#15553,#15554);
#13161=AXIS2_PLACEMENT_3D('',#18936,#15556,#15557);
#13162=AXIS2_PLACEMENT_3D('',#18938,#15559,#15560);
#13163=AXIS2_PLACEMENT_3D('',#18940,#15562,#15563);
#13164=AXIS2_PLACEMENT_3D('',#18941,#15564,#15565);
#13165=AXIS2_PLACEMENT_3D('',#18944,#15568,#15569);
#13166=AXIS2_PLACEMENT_3D('',#18946,#15571,#15572);
#13167=AXIS2_PLACEMENT_3D('',#18948,#15574,#15575);
#13168=AXIS2_PLACEMENT_3D('',#18950,#15577,#15578);
#13169=AXIS2_PLACEMENT_3D('',#18952,#15580,#15581);
#13170=AXIS2_PLACEMENT_3D('',#18953,#15582,#15583);
#13171=AXIS2_PLACEMENT_3D('',#18954,#15584,#15585);
#13172=AXIS2_PLACEMENT_3D('',#18955,#15586,#15587);
#13173=AXIS2_PLACEMENT_3D('',#18956,#15588,#15589);
#13174=AXIS2_PLACEMENT_3D('',#19221,#15722,#15723);
#13175=AXIS2_PLACEMENT_3D('',#19246,#15736,#15737);
#13176=AXIS2_PLACEMENT_3D('',#19271,#15750,#15751);
#13177=AXIS2_PLACEMENT_3D('',#19296,#15764,#15765);
#13178=AXIS2_PLACEMENT_3D('',#19321,#15778,#15779);
#13179=AXIS2_PLACEMENT_3D('',#19346,#15792,#15793);
#13180=AXIS2_PLACEMENT_3D('',#19371,#15806,#15807);
#13181=AXIS2_PLACEMENT_3D('',#19396,#15820,#15821);
#13182=AXIS2_PLACEMENT_3D('',#19421,#15834,#15835);
#13183=AXIS2_PLACEMENT_3D('',#19430,#15840,#15841);
#13184=AXIS2_PLACEMENT_3D('',#19439,#15846,#15847);
#13185=AXIS2_PLACEMENT_3D('',#19448,#15852,#15853);
#13186=AXIS2_PLACEMENT_3D('',#19457,#15858,#15859);
#13187=AXIS2_PLACEMENT_3D('',#19466,#15864,#15865);
#13188=AXIS2_PLACEMENT_3D('',#19475,#15870,#15871);
#13189=AXIS2_PLACEMENT_3D('',#19484,#15876,#15877);
#13190=AXIS2_PLACEMENT_3D('',#19493,#15882,#15883);
#13191=AXIS2_PLACEMENT_3D('',#19502,#15888,#15889);
#13192=AXIS2_PLACEMENT_3D('',#19511,#15894,#15895);
#13193=AXIS2_PLACEMENT_3D('',#19520,#15900,#15901);
#13194=AXIS2_PLACEMENT_3D('',#19529,#15906,#15907);
#13195=AXIS2_PLACEMENT_3D('',#19538,#15912,#15913);
#13196=AXIS2_PLACEMENT_3D('',#19547,#15918,#15919);
#13197=AXIS2_PLACEMENT_3D('',#19556,#15924,#15925);
#13198=AXIS2_PLACEMENT_3D('',#19565,#15930,#15931);
#13199=AXIS2_PLACEMENT_3D('',#19574,#15936,#15937);
#13200=AXIS2_PLACEMENT_3D('',#19583,#15942,#15943);
#13201=AXIS2_PLACEMENT_3D('',#19592,#15948,#15949);
#13202=AXIS2_PLACEMENT_3D('',#19601,#15954,#15955);
#13203=AXIS2_PLACEMENT_3D('',#19610,#15960,#15961);
#13204=AXIS2_PLACEMENT_3D('',#19619,#15966,#15967);
#13205=AXIS2_PLACEMENT_3D('',#19628,#15972,#15973);
#13206=AXIS2_PLACEMENT_3D('',#19637,#15978,#15979);
#13207=AXIS2_PLACEMENT_3D('',#19646,#15984,#15985);
#13208=AXIS2_PLACEMENT_3D('',#19684,#16021,#16022);
#13209=AXIS2_PLACEMENT_3D('',#19722,#16058,#16059);
#13210=AXIS2_PLACEMENT_3D('',#19725,#16062,#16063);
#13211=AXIS2_PLACEMENT_3D('',#19728,#16066,#16067);
#13212=AXIS2_PLACEMENT_3D('',#19731,#16070,#16071);
#13213=AXIS2_PLACEMENT_3D('',#19734,#16074,#16075);
#13214=AXIS2_PLACEMENT_3D('',#19737,#16078,#16079);
#13215=AXIS2_PLACEMENT_3D('',#19740,#16082,#16083);
#13216=AXIS2_PLACEMENT_3D('',#19743,#16086,#16087);
#13217=AXIS2_PLACEMENT_3D('',#19746,#16090,#16091);
#13218=AXIS2_PLACEMENT_3D('',#19749,#16094,#16095);
#13219=AXIS2_PLACEMENT_3D('',#19752,#16098,#16099);
#13220=AXIS2_PLACEMENT_3D('',#19755,#16102,#16103);
#13221=AXIS2_PLACEMENT_3D('',#19758,#16106,#16107);
#13222=AXIS2_PLACEMENT_3D('',#19761,#16110,#16111);
#13223=AXIS2_PLACEMENT_3D('',#19764,#16114,#16115);
#13224=AXIS2_PLACEMENT_3D('',#19767,#16118,#16119);
#13225=AXIS2_PLACEMENT_3D('',#19770,#16122,#16123);
#13226=AXIS2_PLACEMENT_3D('',#19776,#16127,#16128);
#13227=AXIS2_PLACEMENT_3D('',#19782,#16132,#16133);
#13228=AXIS2_PLACEMENT_3D('',#19785,#16136,#16137);
#13229=AXIS2_PLACEMENT_3D('',#19788,#16140,#16141);
#13230=AXIS2_PLACEMENT_3D('',#19789,#16142,#16143);
#13231=AXIS2_PLACEMENT_3D('',#19790,#16144,#16145);
#13232=AXIS2_PLACEMENT_3D('',#19791,#16146,#16147);
#13233=AXIS2_PLACEMENT_3D('',#19792,#16148,#16149);
#13234=AXIS2_PLACEMENT_3D('',#19793,#16150,#16151);
#13235=AXIS2_PLACEMENT_3D('',#19794,#16152,#16153);
#13236=AXIS2_PLACEMENT_3D('',#19795,#16154,#16155);
#13237=AXIS2_PLACEMENT_3D('',#19796,#16156,#16157);
#13238=AXIS2_PLACEMENT_3D('',#19797,#16158,#16159);
#13239=AXIS2_PLACEMENT_3D('',#19798,#16160,#16161);
#13240=AXIS2_PLACEMENT_3D('',#19799,#16162,#16163);
#13241=AXIS2_PLACEMENT_3D('',#19800,#16164,#16165);
#13242=AXIS2_PLACEMENT_3D('',#19801,#16166,#16167);
#13243=AXIS2_PLACEMENT_3D('',#19802,#16168,#16169);
#13244=AXIS2_PLACEMENT_3D('',#19803,#16170,#16171);
#13245=AXIS2_PLACEMENT_3D('',#19804,#16172,#16173);
#13246=AXIS2_PLACEMENT_3D('',#19805,#16174,#16175);
#13247=AXIS2_PLACEMENT_3D('',#19806,#16176,#16177);
#13248=AXIS2_PLACEMENT_3D('',#19807,#16178,#16179);
#13249=AXIS2_PLACEMENT_3D('',#19808,#16180,#16181);
#13250=AXIS2_PLACEMENT_3D('',#19809,#16182,#16183);
#13251=AXIS2_PLACEMENT_3D('',#19810,#16184,#16185);
#13252=AXIS2_PLACEMENT_3D('',#19811,#16186,#16187);
#13253=AXIS2_PLACEMENT_3D('',#19812,#16188,#16189);
#13254=AXIS2_PLACEMENT_3D('',#19813,#16190,#16191);
#13255=AXIS2_PLACEMENT_3D('',#19814,#16192,#16193);
#13256=AXIS2_PLACEMENT_3D('',#19815,#16194,#16195);
#13257=AXIS2_PLACEMENT_3D('',#19816,#16196,#16197);
#13258=AXIS2_PLACEMENT_3D('',#19817,#16198,#16199);
#13259=AXIS2_PLACEMENT_3D('',#19818,#16200,#16201);
#13260=AXIS2_PLACEMENT_3D('',#19819,#16202,#16203);
#13261=AXIS2_PLACEMENT_3D('',#19820,#16204,#16205);
#13262=AXIS2_PLACEMENT_3D('',#19821,#16206,#16207);
#13263=AXIS2_PLACEMENT_3D('',#19822,#16208,#16209);
#13264=AXIS2_PLACEMENT_3D('',#19823,#16210,#16211);
#13265=AXIS2_PLACEMENT_3D('',#19824,#16212,#16213);
#13266=AXIS2_PLACEMENT_3D('',#19825,#16214,#16215);
#13267=AXIS2_PLACEMENT_3D('',#19826,#16216,#16217);
#13268=AXIS2_PLACEMENT_3D('',#19827,#16218,#16219);
#13269=AXIS2_PLACEMENT_3D('',#19828,#16220,#16221);
#13270=AXIS2_PLACEMENT_3D('',#19829,#16222,#16223);
#13271=AXIS2_PLACEMENT_3D('',#19830,#16224,#16225);
#13272=AXIS2_PLACEMENT_3D('',#19831,#16226,#16227);
#13273=AXIS2_PLACEMENT_3D('',#19832,#16228,#16229);
#13274=AXIS2_PLACEMENT_3D('',#19833,#16230,#16231);
#13275=AXIS2_PLACEMENT_3D('',#19834,#16232,#16233);
#13276=AXIS2_PLACEMENT_3D('',#19835,#16234,#16235);
#13277=AXIS2_PLACEMENT_3D('',#19836,#16236,#16237);
#13278=AXIS2_PLACEMENT_3D('',#19837,#16238,#16239);
#13279=AXIS2_PLACEMENT_3D('',#19838,#16240,#16241);
#13280=AXIS2_PLACEMENT_3D('',#19841,#16244,#16245);
#13281=AXIS2_PLACEMENT_3D('',#19843,#16247,#16248);
#13282=AXIS2_PLACEMENT_3D('',#19845,#16250,#16251);
#13283=AXIS2_PLACEMENT_3D('',#19846,#16252,#16253);
#13284=AXIS2_PLACEMENT_3D('',#19849,#16256,#16257);
#13285=AXIS2_PLACEMENT_3D('',#19851,#16259,#16260);
#13286=AXIS2_PLACEMENT_3D('',#19853,#16262,#16263);
#13287=AXIS2_PLACEMENT_3D('',#19854,#16264,#16265);
#13288=AXIS2_PLACEMENT_3D('',#19857,#16268,#16269);
#13289=AXIS2_PLACEMENT_3D('',#19859,#16271,#16272);
#13290=AXIS2_PLACEMENT_3D('',#19861,#16274,#16275);
#13291=AXIS2_PLACEMENT_3D('',#19862,#16276,#16277);
#13292=AXIS2_PLACEMENT_3D('',#19865,#16280,#16281);
#13293=AXIS2_PLACEMENT_3D('',#19867,#16283,#16284);
#13294=AXIS2_PLACEMENT_3D('',#19869,#16286,#16287);
#13295=AXIS2_PLACEMENT_3D('',#19870,#16288,#16289);
#13296=AXIS2_PLACEMENT_3D('',#19873,#16292,#16293);
#13297=AXIS2_PLACEMENT_3D('',#19875,#16295,#16296);
#13298=AXIS2_PLACEMENT_3D('',#19877,#16298,#16299);
#13299=AXIS2_PLACEMENT_3D('',#19878,#16300,#16301);
#13300=AXIS2_PLACEMENT_3D('',#19881,#16304,#16305);
#13301=AXIS2_PLACEMENT_3D('',#19883,#16307,#16308);
#13302=AXIS2_PLACEMENT_3D('',#19885,#16310,#16311);
#13303=AXIS2_PLACEMENT_3D('',#19886,#16312,#16313);
#13304=AXIS2_PLACEMENT_3D('',#19889,#16316,#16317);
#13305=AXIS2_PLACEMENT_3D('',#19891,#16319,#16320);
#13306=AXIS2_PLACEMENT_3D('',#19893,#16322,#16323);
#13307=AXIS2_PLACEMENT_3D('',#19894,#16324,#16325);
#13308=AXIS2_PLACEMENT_3D('',#19897,#16328,#16329);
#13309=AXIS2_PLACEMENT_3D('',#19899,#16331,#16332);
#13310=AXIS2_PLACEMENT_3D('',#19901,#16334,#16335);
#13311=AXIS2_PLACEMENT_3D('',#19902,#16336,#16337);
#13312=AXIS2_PLACEMENT_3D('',#19905,#16340,#16341);
#13313=AXIS2_PLACEMENT_3D('',#19907,#16343,#16344);
#13314=AXIS2_PLACEMENT_3D('',#19909,#16346,#16347);
#13315=AXIS2_PLACEMENT_3D('',#19910,#16348,#16349);
#13316=AXIS2_PLACEMENT_3D('',#19913,#16352,#16353);
#13317=AXIS2_PLACEMENT_3D('',#19915,#16355,#16356);
#13318=AXIS2_PLACEMENT_3D('',#19917,#16358,#16359);
#13319=AXIS2_PLACEMENT_3D('',#19918,#16360,#16361);
#13320=AXIS2_PLACEMENT_3D('',#19921,#16364,#16365);
#13321=AXIS2_PLACEMENT_3D('',#19923,#16367,#16368);
#13322=AXIS2_PLACEMENT_3D('',#19925,#16370,#16371);
#13323=AXIS2_PLACEMENT_3D('',#19926,#16372,#16373);
#13324=AXIS2_PLACEMENT_3D('',#19929,#16376,#16377);
#13325=AXIS2_PLACEMENT_3D('',#19931,#16379,#16380);
#13326=AXIS2_PLACEMENT_3D('',#19933,#16382,#16383);
#13327=AXIS2_PLACEMENT_3D('',#19934,#16384,#16385);
#13328=AXIS2_PLACEMENT_3D('',#19937,#16388,#16389);
#13329=AXIS2_PLACEMENT_3D('',#19939,#16391,#16392);
#13330=AXIS2_PLACEMENT_3D('',#19941,#16394,#16395);
#13331=AXIS2_PLACEMENT_3D('',#19942,#16396,#16397);
#13332=AXIS2_PLACEMENT_3D('',#19945,#16400,#16401);
#13333=AXIS2_PLACEMENT_3D('',#19947,#16403,#16404);
#13334=AXIS2_PLACEMENT_3D('',#19949,#16406,#16407);
#13335=AXIS2_PLACEMENT_3D('',#19950,#16408,#16409);
#13336=AXIS2_PLACEMENT_3D('',#19953,#16412,#16413);
#13337=AXIS2_PLACEMENT_3D('',#19955,#16415,#16416);
#13338=AXIS2_PLACEMENT_3D('',#19957,#16418,#16419);
#13339=AXIS2_PLACEMENT_3D('',#19958,#16420,#16421);
#13340=AXIS2_PLACEMENT_3D('',#19961,#16424,#16425);
#13341=AXIS2_PLACEMENT_3D('',#19963,#16427,#16428);
#13342=AXIS2_PLACEMENT_3D('',#19965,#16430,#16431);
#13343=AXIS2_PLACEMENT_3D('',#19966,#16432,#16433);
#13344=DIRECTION('',(0.,0.,1.));
#13345=DIRECTION('',(1.,0.,0.));
#13346=DIRECTION('',(0.,1.,0.));
#13347=DIRECTION('',(0.,0.,1.));
#13348=DIRECTION('',(0.,0.,-1.));
#13349=DIRECTION('',(-1.,0.,0.));
#13350=DIRECTION('',(0.,0.,-1.));
#13351=DIRECTION('',(1.,0.,0.));
#13352=DIRECTION('',(0.,1.,0.));
#13353=DIRECTION('',(0.,0.,1.));
#13354=DIRECTION('',(0.,0.,-1.));
#13355=DIRECTION('',(1.,0.,0.));
#13356=DIRECTION('',(0.,0.,-1.));
#13357=DIRECTION('',(-1.,0.,0.));
#13358=DIRECTION('',(0.,1.,0.));
#13359=DIRECTION('',(0.,0.,1.));
#13360=DIRECTION('',(0.,0.,-1.));
#13361=DIRECTION('',(1.,0.,0.));
#13362=DIRECTION('',(0.,0.,-1.));
#13363=DIRECTION('',(-1.,0.,0.));
#13364=DIRECTION('',(0.,1.,0.));
#13365=DIRECTION('',(0.,0.,1.));
#13366=DIRECTION('',(0.,0.,-1.));
#13367=DIRECTION('',(1.,0.,0.));
#13368=DIRECTION('',(0.,0.,-1.));
#13369=DIRECTION('',(-1.,0.,0.));
#13370=DIRECTION('',(0.,1.,0.));
#13371=DIRECTION('',(0.,0.,1.));
#13372=DIRECTION('',(0.,0.,-1.));
#13373=DIRECTION('',(1.,0.,0.));
#13374=DIRECTION('',(0.,0.,-1.));
#13375=DIRECTION('',(-1.,0.,0.));
#13376=DIRECTION('',(0.,1.,0.));
#13377=DIRECTION('',(0.,0.,1.));
#13378=DIRECTION('',(0.,0.,-1.));
#13379=DIRECTION('',(1.,0.,0.));
#13380=DIRECTION('',(0.,0.,-1.));
#13381=DIRECTION('',(-1.,0.,0.));
#13382=DIRECTION('',(0.,1.,0.));
#13383=DIRECTION('',(0.,0.,1.));
#13384=DIRECTION('',(0.,0.,-1.));
#13385=DIRECTION('',(1.,0.,0.));
#13386=DIRECTION('',(0.,0.,-1.));
#13387=DIRECTION('',(-1.,0.,0.));
#13388=DIRECTION('',(0.,1.,0.));
#13389=DIRECTION('',(0.,0.,1.));
#13390=DIRECTION('',(0.,0.,-1.));
#13391=DIRECTION('',(1.,0.,0.));
#13392=DIRECTION('',(0.,0.,-1.));
#13393=DIRECTION('',(-1.,0.,0.));
#13394=DIRECTION('',(0.,1.,0.));
#13395=DIRECTION('',(0.,0.,1.));
#13396=DIRECTION('',(0.,0.,-1.));
#13397=DIRECTION('',(1.,0.,0.));
#13398=DIRECTION('',(0.,0.,1.));
#13399=DIRECTION('',(-1.,0.,0.));
#13400=DIRECTION('',(0.,1.,0.));
#13401=DIRECTION('',(0.,0.,1.));
#13402=DIRECTION('',(0.,0.,-1.));
#13403=DIRECTION('',(-1.,0.,0.));
#13404=DIRECTION('',(0.,0.,-1.));
#13405=DIRECTION('',(-1.,0.,0.));
#13406=DIRECTION('',(0.,1.,0.));
#13407=DIRECTION('',(0.,0.,1.));
#13408=DIRECTION('',(0.,0.,-1.));
#13409=DIRECTION('',(-1.,0.,0.));
#13410=DIRECTION('',(0.,0.,-1.));
#13411=DIRECTION('',(-1.,0.,0.));
#13412=DIRECTION('',(0.,1.,0.));
#13413=DIRECTION('',(0.,0.,1.));
#13414=DIRECTION('',(0.,0.,-1.));
#13415=DIRECTION('',(-1.,0.,0.));
#13416=DIRECTION('',(0.,0.,-1.));
#13417=DIRECTION('',(-1.,0.,0.));
#13418=DIRECTION('',(0.,1.,0.));
#13419=DIRECTION('',(0.,0.,1.));
#13420=DIRECTION('',(0.,0.,-1.));
#13421=DIRECTION('',(-1.,0.,0.));
#13422=DIRECTION('',(0.,0.,-1.));
#13423=DIRECTION('',(-1.,0.,0.));
#13424=DIRECTION('',(0.,1.,0.));
#13425=DIRECTION('',(0.,0.,1.));
#13426=DIRECTION('',(0.,0.,-1.));
#13427=DIRECTION('',(-1.,0.,0.));
#13428=DIRECTION('',(0.,0.,-1.));
#13429=DIRECTION('',(-1.,0.,0.));
#13430=DIRECTION('',(0.,1.,0.));
#13431=DIRECTION('',(0.,0.,1.));
#13432=DIRECTION('',(0.,0.,-1.));
#13433=DIRECTION('',(-1.,0.,0.));
#13434=DIRECTION('',(0.,0.,-1.));
#13435=DIRECTION('',(-1.,0.,0.));
#13436=DIRECTION('',(0.,1.,0.));
#13437=DIRECTION('',(0.,0.,1.));
#13438=DIRECTION('',(0.,0.,-1.));
#13439=DIRECTION('',(-1.,0.,0.));
#13440=DIRECTION('',(0.,0.,-1.));
#13441=DIRECTION('',(-1.,0.,0.));
#13442=DIRECTION('',(0.,1.,0.));
#13443=DIRECTION('',(0.,0.,1.));
#13444=DIRECTION('',(0.,0.,-1.));
#13445=DIRECTION('',(-1.,0.,0.));
#13446=DIRECTION('',(0.,0.,-1.));
#13447=DIRECTION('',(-1.,0.,0.));
#13448=DIRECTION('',(0.,1.,0.));
#13449=DIRECTION('',(0.,0.,1.));
#13450=DIRECTION('',(0.,0.,-1.));
#13451=DIRECTION('',(-1.,0.,0.));
#13452=DIRECTION('',(0.,0.,1.));
#13453=DIRECTION('',(-1.,0.,0.));
#13454=DIRECTION('',(0.,0.,1.));
#13455=DIRECTION('',(1.,0.,0.));
#13456=DIRECTION('',(0.,1.,0.));
#13457=DIRECTION('',(-1.,0.,0.));
#13458=DIRECTION('',(0.,-1.,0.));
#13459=DIRECTION('',(0.,1.,0.));
#13460=DIRECTION('',(-1.,0.,0.));
#13461=DIRECTION('',(0.,-1.,0.));
#13462=DIRECTION('',(0.,1.,0.));
#13463=DIRECTION('',(-1.,0.,0.));
#13464=DIRECTION('',(0.,-1.,0.));
#13465=DIRECTION('',(0.,1.,0.));
#13466=DIRECTION('',(-1.,0.,0.));
#13467=DIRECTION('',(0.,-1.,0.));
#13468=DIRECTION('',(0.,1.,0.));
#13469=DIRECTION('',(-1.,0.,0.));
#13470=DIRECTION('',(0.,-1.,0.));
#13471=DIRECTION('',(0.,1.,0.));
#13472=DIRECTION('',(-1.,0.,0.));
#13473=DIRECTION('',(0.,-1.,0.));
#13474=DIRECTION('',(0.,1.,0.));
#13475=DIRECTION('',(-1.,0.,0.));
#13476=DIRECTION('',(0.,-1.,0.));
#13477=DIRECTION('',(0.,1.,0.));
#13478=DIRECTION('',(-1.,0.,0.));
#13479=DIRECTION('',(0.,-1.,0.));
#13480=DIRECTION('',(0.,-1.,0.));
#13481=DIRECTION('',(-1.,0.,0.));
#13482=DIRECTION('',(0.,-1.,0.));
#13483=DIRECTION('',(0.,0.,-1.));
#13484=DIRECTION('',(-1.,0.,0.));
#13485=DIRECTION('',(0.,1.,0.));
#13486=DIRECTION('',(0.,-1.,0.));
#13487=DIRECTION('',(1.,0.,0.));
#13488=DIRECTION('',(0.,-1.,0.));
#13489=DIRECTION('',(0.,-1.,0.));
#13490=DIRECTION('',(-1.,0.,0.));
#13491=DIRECTION('',(0.,1.,0.));
#13492=DIRECTION('',(0.,-1.,0.));
#13493=DIRECTION('',(-1.,0.,0.));
#13494=DIRECTION('',(0.,1.,0.));
#13495=DIRECTION('',(0.,-1.,0.));
#13496=DIRECTION('',(-1.,0.,0.));
#13497=DIRECTION('',(0.,1.,0.));
#13498=DIRECTION('',(0.,-1.,0.));
#13499=DIRECTION('',(-1.,0.,0.));
#13500=DIRECTION('',(0.,1.,0.));
#13501=DIRECTION('',(0.,-1.,0.));
#13502=DIRECTION('',(-1.,0.,0.));
#13503=DIRECTION('',(0.,1.,0.));
#13504=DIRECTION('',(0.,-1.,0.));
#13505=DIRECTION('',(-1.,0.,0.));
#13506=DIRECTION('',(0.,1.,0.));
#13507=DIRECTION('',(0.,-1.,0.));
#13508=DIRECTION('',(-1.,0.,0.));
#13509=DIRECTION('',(0.,1.,0.));
#13510=DIRECTION('',(0.,-1.,0.));
#13511=DIRECTION('',(-1.,0.,0.));
#13512=DIRECTION('',(0.,0.,-1.));
#13513=DIRECTION('',(-1.,0.,0.));
#13514=DIRECTION('',(0.,1.,0.));
#13515=DIRECTION('',(-1.,0.,0.));
#13516=DIRECTION('',(0.,-1.,0.));
#13517=DIRECTION('',(0.,0.,-1.));
#13518=DIRECTION('',(-1.,0.,0.));
#13519=DIRECTION('',(-1.,0.,0.));
#13520=DIRECTION('',(0.,-1.,0.));
#13521=DIRECTION('',(0.,1.,0.));
#13522=DIRECTION('',(0.,0.,-1.));
#13523=DIRECTION('',(-1.,0.,0.));
#13524=DIRECTION('',(-1.,0.,0.));
#13525=DIRECTION('',(0.,-1.,0.));
#13526=DIRECTION('',(0.,1.,0.));
#13527=DIRECTION('',(0.,0.,-1.));
#13528=DIRECTION('',(-1.,0.,0.));
#13529=DIRECTION('',(-1.,0.,0.));
#13530=DIRECTION('',(0.,-1.,0.));
#13531=DIRECTION('',(0.,1.,0.));
#13532=DIRECTION('',(0.,0.,-1.));
#13533=DIRECTION('',(-1.,0.,0.));
#13534=DIRECTION('',(-1.,0.,0.));
#13535=DIRECTION('',(0.,-1.,0.));
#13536=DIRECTION('',(0.,1.,0.));
#13537=DIRECTION('',(0.,0.,-1.));
#13538=DIRECTION('',(-1.,0.,0.));
#13539=DIRECTION('',(-1.,0.,0.));
#13540=DIRECTION('',(0.,-1.,0.));
#13541=DIRECTION('',(0.,1.,0.));
#13542=DIRECTION('',(0.,0.,-1.));
#13543=DIRECTION('',(-1.,0.,0.));
#13544=DIRECTION('',(-1.,0.,0.));
#13545=DIRECTION('',(0.,-1.,0.));
#13546=DIRECTION('',(0.,1.,0.));
#13547=DIRECTION('',(0.,0.,-1.));
#13548=DIRECTION('',(-1.,0.,0.));
#13549=DIRECTION('',(-1.,0.,0.));
#13550=DIRECTION('',(0.,-1.,0.));
#13551=DIRECTION('',(0.,1.,0.));
#13552=DIRECTION('',(0.,0.,-1.));
#13553=DIRECTION('',(-1.,0.,0.));
#13554=DIRECTION('',(-1.,0.,0.));
#13555=DIRECTION('',(0.,-1.,0.));
#13556=DIRECTION('',(0.,-1.,0.));
#13557=DIRECTION('',(0.,0.,1.));
#13558=DIRECTION('',(1.,0.,0.));
#13559=DIRECTION('',(-1.,0.,0.));
#13560=DIRECTION('',(0.,-1.,0.));
#13561=DIRECTION('',(0.,1.,0.));
#13562=DIRECTION('',(0.,0.,1.));
#13563=DIRECTION('',(1.,0.,0.));
#13564=DIRECTION('',(0.,1.,0.));
#13565=DIRECTION('',(-1.,0.,0.));
#13566=DIRECTION('',(0.,-1.,0.));
#13567=DIRECTION('',(0.,0.,1.));
#13568=DIRECTION('',(1.,0.,0.));
#13569=DIRECTION('',(0.,1.,0.));
#13570=DIRECTION('',(-1.,0.,0.));
#13571=DIRECTION('',(0.,-1.,0.));
#13572=DIRECTION('',(0.,0.,1.));
#13573=DIRECTION('',(1.,0.,0.));
#13574=DIRECTION('',(0.,1.,0.));
#13575=DIRECTION('',(-1.,0.,0.));
#13576=DIRECTION('',(0.,-1.,0.));
#13577=DIRECTION('',(0.,0.,1.));
#13578=DIRECTION('',(1.,0.,0.));
#13579=DIRECTION('',(0.,1.,0.));
#13580=DIRECTION('',(-1.,0.,0.));
#13581=DIRECTION('',(0.,-1.,0.));
#13582=DIRECTION('',(0.,0.,1.));
#13583=DIRECTION('',(1.,0.,0.));
#13584=DIRECTION('',(0.,1.,0.));
#13585=DIRECTION('',(-1.,0.,0.));
#13586=DIRECTION('',(0.,-1.,0.));
#13587=DIRECTION('',(0.,0.,1.));
#13588=DIRECTION('',(1.,0.,0.));
#13589=DIRECTION('',(0.,1.,0.));
#13590=DIRECTION('',(-1.,0.,0.));
#13591=DIRECTION('',(0.,-1.,0.));
#13592=DIRECTION('',(0.,0.,1.));
#13593=DIRECTION('',(1.,0.,0.));
#13594=DIRECTION('',(0.,1.,0.));
#13595=DIRECTION('',(-1.,0.,0.));
#13596=DIRECTION('',(0.,-1.,0.));
#13597=DIRECTION('',(0.,0.,1.));
#13598=DIRECTION('',(1.,0.,0.));
#13599=DIRECTION('',(0.,1.,0.));
#13600=DIRECTION('',(-1.,0.,0.));
#13601=DIRECTION('',(0.,1.,0.));
#13602=DIRECTION('',(1.,0.,0.));
#13603=DIRECTION('',(0.,0.,-1.));
#13604=DIRECTION('',(0.,0.,1.));
#13605=DIRECTION('',(0.,0.,1.));
#13606=DIRECTION('',(-1.,0.,0.));
#13607=DIRECTION('',(0.,0.,1.));
#13608=DIRECTION('',(0.,0.,1.));
#13609=DIRECTION('',(0.,0.,-1.));
#13610=DIRECTION('',(0.,0.,1.));
#13611=DIRECTION('',(1.,0.,0.));
#13612=DIRECTION('',(-1.,0.,0.));
#13613=DIRECTION('',(0.,-1.,0.));
#13614=DIRECTION('',(-1.,0.,0.));
#13615=DIRECTION('',(0.,-1.,0.));
#13616=DIRECTION('',(-1.,0.,0.));
#13617=DIRECTION('',(0.,0.,1.));
#13618=DIRECTION('',(0.,0.,-1.));
#13619=DIRECTION('',(0.,-1.,0.));
#13620=DIRECTION('',(0.,0.,-1.));
#13621=DIRECTION('',(0.,0.,-1.));
#13622=DIRECTION('',(-1.,0.,0.));
#13623=DIRECTION('',(1.,0.,0.));
#13624=DIRECTION('',(0.,-1.,0.));
#13625=DIRECTION('',(1.,0.,0.));
#13626=DIRECTION('',(0.,0.,1.));
#13627=DIRECTION('',(1.,0.,0.));
#13628=DIRECTION('',(-1.,0.,0.));
#13629=DIRECTION('',(0.,-1.,0.));
#13630=DIRECTION('',(-1.,0.,0.));
#13631=DIRECTION('',(0.,-1.,0.));
#13632=DIRECTION('',(-1.,0.,0.));
#13633=DIRECTION('',(0.,0.,1.));
#13634=DIRECTION('',(0.,0.,-1.));
#13635=DIRECTION('',(0.,-1.,0.));
#13636=DIRECTION('',(0.,0.,-1.));
#13637=DIRECTION('',(0.,0.,-1.));
#13638=DIRECTION('',(-1.,0.,0.));
#13639=DIRECTION('',(1.,0.,0.));
#13640=DIRECTION('',(0.,-1.,0.));
#13641=DIRECTION('',(1.,0.,0.));
#13642=DIRECTION('',(0.,0.,1.));
#13643=DIRECTION('',(1.,0.,0.));
#13644=DIRECTION('',(-1.,0.,0.));
#13645=DIRECTION('',(0.,-1.,0.));
#13646=DIRECTION('',(-1.,0.,0.));
#13647=DIRECTION('',(0.,-1.,0.));
#13648=DIRECTION('',(-1.,0.,0.));
#13649=DIRECTION('',(0.,0.,1.));
#13650=DIRECTION('',(0.,0.,-1.));
#13651=DIRECTION('',(0.,-1.,0.));
#13652=DIRECTION('',(0.,0.,-1.));
#13653=DIRECTION('',(0.,0.,-1.));
#13654=DIRECTION('',(-1.,0.,0.));
#13655=DIRECTION('',(1.,0.,0.));
#13656=DIRECTION('',(0.,-1.,0.));
#13657=DIRECTION('',(1.,0.,0.));
#13658=DIRECTION('',(0.,0.,1.));
#13659=DIRECTION('',(1.,0.,0.));
#13660=DIRECTION('',(-1.,0.,0.));
#13661=DIRECTION('',(0.,-1.,0.));
#13662=DIRECTION('',(-1.,0.,0.));
#13663=DIRECTION('',(0.,-1.,0.));
#13664=DIRECTION('',(-1.,0.,0.));
#13665=DIRECTION('',(0.,0.,1.));
#13666=DIRECTION('',(0.,0.,-1.));
#13667=DIRECTION('',(0.,-1.,0.));
#13668=DIRECTION('',(0.,0.,-1.));
#13669=DIRECTION('',(0.,0.,-1.));
#13670=DIRECTION('',(-1.,0.,0.));
#13671=DIRECTION('',(1.,0.,0.));
#13672=DIRECTION('',(0.,-1.,0.));
#13673=DIRECTION('',(1.,0.,0.));
#13674=DIRECTION('',(0.,0.,1.));
#13675=DIRECTION('',(1.,0.,0.));
#13676=DIRECTION('',(-1.,0.,0.));
#13677=DIRECTION('',(0.,-1.,0.));
#13678=DIRECTION('',(-1.,0.,0.));
#13679=DIRECTION('',(0.,-1.,0.));
#13680=DIRECTION('',(-1.,0.,0.));
#13681=DIRECTION('',(0.,0.,1.));
#13682=DIRECTION('',(0.,0.,-1.));
#13683=DIRECTION('',(0.,-1.,0.));
#13684=DIRECTION('',(0.,0.,-1.));
#13685=DIRECTION('',(0.,0.,-1.));
#13686=DIRECTION('',(-1.,0.,0.));
#13687=DIRECTION('',(1.,0.,0.));
#13688=DIRECTION('',(0.,-1.,0.));
#13689=DIRECTION('',(1.,0.,0.));
#13690=DIRECTION('',(0.,0.,1.));
#13691=DIRECTION('',(1.,0.,0.));
#13692=DIRECTION('',(-1.,0.,0.));
#13693=DIRECTION('',(0.,-1.,0.));
#13694=DIRECTION('',(-1.,0.,0.));
#13695=DIRECTION('',(0.,-1.,0.));
#13696=DIRECTION('',(-1.,0.,0.));
#13697=DIRECTION('',(0.,0.,1.));
#13698=DIRECTION('',(0.,0.,-1.));
#13699=DIRECTION('',(0.,-1.,0.));
#13700=DIRECTION('',(0.,0.,-1.));
#13701=DIRECTION('',(0.,0.,-1.));
#13702=DIRECTION('',(-1.,0.,0.));
#13703=DIRECTION('',(1.,0.,0.));
#13704=DIRECTION('',(0.,-1.,0.));
#13705=DIRECTION('',(1.,0.,0.));
#13706=DIRECTION('',(0.,0.,1.));
#13707=DIRECTION('',(1.,0.,0.));
#13708=DIRECTION('',(-1.,0.,0.));
#13709=DIRECTION('',(0.,-1.,0.));
#13710=DIRECTION('',(-1.,0.,0.));
#13711=DIRECTION('',(0.,-1.,0.));
#13712=DIRECTION('',(-1.,0.,0.));
#13713=DIRECTION('',(0.,0.,1.));
#13714=DIRECTION('',(0.,0.,-1.));
#13715=DIRECTION('',(0.,-1.,0.));
#13716=DIRECTION('',(0.,0.,-1.));
#13717=DIRECTION('',(0.,0.,-1.));
#13718=DIRECTION('',(-1.,0.,0.));
#13719=DIRECTION('',(1.,0.,0.));
#13720=DIRECTION('',(0.,-1.,0.));
#13721=DIRECTION('',(1.,0.,0.));
#13722=DIRECTION('',(0.,0.,1.));
#13723=DIRECTION('',(1.,0.,0.));
#13724=DIRECTION('',(-1.,0.,0.));
#13725=DIRECTION('',(0.,-1.,0.));
#13726=DIRECTION('',(-1.,0.,0.));
#13727=DIRECTION('',(0.,-1.,0.));
#13728=DIRECTION('',(-1.,0.,0.));
#13729=DIRECTION('',(0.,0.,1.));
#13730=DIRECTION('',(0.,0.,-1.));
#13731=DIRECTION('',(0.,-1.,0.));
#13732=DIRECTION('',(0.,0.,-1.));
#13733=DIRECTION('',(0.,0.,-1.));
#13734=DIRECTION('',(-1.,0.,0.));
#13735=DIRECTION('',(1.,0.,0.));
#13736=DIRECTION('',(0.,-1.,0.));
#13737=DIRECTION('',(1.,0.,0.));
#13738=DIRECTION('',(0.,0.,1.));
#13739=DIRECTION('',(1.,0.,0.));
#13740=DIRECTION('',(-1.,0.,0.));
#13741=DIRECTION('',(0.,-1.,0.));
#13742=DIRECTION('',(-1.,0.,0.));
#13743=DIRECTION('',(0.,-1.,0.));
#13744=DIRECTION('',(-1.,0.,0.));
#13745=DIRECTION('',(0.,0.,1.));
#13746=DIRECTION('',(0.,0.,-1.));
#13747=DIRECTION('',(0.,-1.,0.));
#13748=DIRECTION('',(0.,0.,-1.));
#13749=DIRECTION('',(0.,0.,-1.));
#13750=DIRECTION('',(-1.,0.,0.));
#13751=DIRECTION('',(1.,0.,0.));
#13752=DIRECTION('',(0.,-1.,0.));
#13753=DIRECTION('',(1.,0.,0.));
#13754=DIRECTION('',(0.,0.,1.));
#13755=DIRECTION('',(1.,0.,0.));
#13756=DIRECTION('',(-1.,0.,0.));
#13757=DIRECTION('',(0.,-1.,0.));
#13758=DIRECTION('',(-1.,0.,0.));
#13759=DIRECTION('',(0.,-1.,0.));
#13760=DIRECTION('',(-1.,0.,0.));
#13761=DIRECTION('',(0.,0.,1.));
#13762=DIRECTION('',(0.,0.,-1.));
#13763=DIRECTION('',(0.,-1.,0.));
#13764=DIRECTION('',(0.,0.,-1.));
#13765=DIRECTION('',(0.,0.,-1.));
#13766=DIRECTION('',(-1.,0.,0.));
#13767=DIRECTION('',(1.,0.,0.));
#13768=DIRECTION('',(0.,-1.,0.));
#13769=DIRECTION('',(1.,0.,0.));
#13770=DIRECTION('',(0.,0.,1.));
#13771=DIRECTION('',(1.,0.,0.));
#13772=DIRECTION('',(-1.,0.,0.));
#13773=DIRECTION('',(0.,-1.,0.));
#13774=DIRECTION('',(-1.,0.,0.));
#13775=DIRECTION('',(0.,-1.,0.));
#13776=DIRECTION('',(-1.,0.,0.));
#13777=DIRECTION('',(0.,0.,1.));
#13778=DIRECTION('',(0.,0.,-1.));
#13779=DIRECTION('',(0.,-1.,0.));
#13780=DIRECTION('',(0.,0.,-1.));
#13781=DIRECTION('',(0.,0.,-1.));
#13782=DIRECTION('',(-1.,0.,0.));
#13783=DIRECTION('',(1.,0.,0.));
#13784=DIRECTION('',(0.,-1.,0.));
#13785=DIRECTION('',(1.,0.,0.));
#13786=DIRECTION('',(0.,0.,1.));
#13787=DIRECTION('',(1.,0.,0.));
#13788=DIRECTION('',(-1.,0.,0.));
#13789=DIRECTION('',(0.,-1.,0.));
#13790=DIRECTION('',(-1.,0.,0.));
#13791=DIRECTION('',(0.,-1.,0.));
#13792=DIRECTION('',(-1.,0.,0.));
#13793=DIRECTION('',(0.,0.,1.));
#13794=DIRECTION('',(0.,0.,-1.));
#13795=DIRECTION('',(0.,-1.,0.));
#13796=DIRECTION('',(0.,0.,-1.));
#13797=DIRECTION('',(0.,0.,-1.));
#13798=DIRECTION('',(-1.,0.,0.));
#13799=DIRECTION('',(1.,0.,0.));
#13800=DIRECTION('',(0.,-1.,0.));
#13801=DIRECTION('',(1.,0.,0.));
#13802=DIRECTION('',(0.,0.,1.));
#13803=DIRECTION('',(1.,0.,0.));
#13804=DIRECTION('',(-1.,0.,0.));
#13805=DIRECTION('',(0.,-1.,0.));
#13806=DIRECTION('',(-1.,0.,0.));
#13807=DIRECTION('',(0.,-1.,0.));
#13808=DIRECTION('',(-1.,0.,0.));
#13809=DIRECTION('',(0.,0.,1.));
#13810=DIRECTION('',(0.,0.,-1.));
#13811=DIRECTION('',(0.,-1.,0.));
#13812=DIRECTION('',(0.,0.,-1.));
#13813=DIRECTION('',(0.,0.,-1.));
#13814=DIRECTION('',(-1.,0.,0.));
#13815=DIRECTION('',(1.,0.,0.));
#13816=DIRECTION('',(0.,-1.,0.));
#13817=DIRECTION('',(1.,0.,0.));
#13818=DIRECTION('',(0.,0.,1.));
#13819=DIRECTION('',(1.,0.,0.));
#13820=DIRECTION('',(-1.,0.,0.));
#13821=DIRECTION('',(0.,-1.,0.));
#13822=DIRECTION('',(-1.,0.,0.));
#13823=DIRECTION('',(0.,-1.,0.));
#13824=DIRECTION('',(-1.,0.,0.));
#13825=DIRECTION('',(0.,0.,1.));
#13826=DIRECTION('',(0.,0.,-1.));
#13827=DIRECTION('',(0.,-1.,0.));
#13828=DIRECTION('',(0.,0.,-1.));
#13829=DIRECTION('',(0.,0.,-1.));
#13830=DIRECTION('',(-1.,0.,0.));
#13831=DIRECTION('',(1.,0.,0.));
#13832=DIRECTION('',(0.,-1.,0.));
#13833=DIRECTION('',(1.,0.,0.));
#13834=DIRECTION('',(0.,0.,1.));
#13835=DIRECTION('',(1.,0.,0.));
#13836=DIRECTION('',(-1.,0.,0.));
#13837=DIRECTION('',(0.,-1.,0.));
#13838=DIRECTION('',(-1.,0.,0.));
#13839=DIRECTION('',(0.,-1.,0.));
#13840=DIRECTION('',(-1.,0.,0.));
#13841=DIRECTION('',(0.,0.,1.));
#13842=DIRECTION('',(0.,0.,-1.));
#13843=DIRECTION('',(0.,-1.,0.));
#13844=DIRECTION('',(0.,0.,-1.));
#13845=DIRECTION('',(0.,0.,-1.));
#13846=DIRECTION('',(-1.,0.,0.));
#13847=DIRECTION('',(1.,0.,0.));
#13848=DIRECTION('',(0.,-1.,0.));
#13849=DIRECTION('',(1.,0.,0.));
#13850=DIRECTION('',(0.,0.,1.));
#13851=DIRECTION('',(1.,0.,0.));
#13852=DIRECTION('',(-1.,0.,0.));
#13853=DIRECTION('',(0.,-1.,0.));
#13854=DIRECTION('',(-1.,0.,0.));
#13855=DIRECTION('',(0.,-1.,0.));
#13856=DIRECTION('',(-1.,0.,0.));
#13857=DIRECTION('',(0.,0.,1.));
#13858=DIRECTION('',(0.,0.,-1.));
#13859=DIRECTION('',(0.,-1.,0.));
#13860=DIRECTION('',(0.,0.,-1.));
#13861=DIRECTION('',(0.,0.,-1.));
#13862=DIRECTION('',(-1.,0.,0.));
#13863=DIRECTION('',(1.,0.,0.));
#13864=DIRECTION('',(0.,-1.,0.));
#13865=DIRECTION('',(1.,0.,0.));
#13866=DIRECTION('',(1.,0.,0.));
#13867=DIRECTION('',(0.,0.,-1.));
#13868=DIRECTION('',(0.,0.,1.));
#13869=DIRECTION('',(0.,0.,1.));
#13870=DIRECTION('',(1.,0.,0.));
#13871=DIRECTION('',(0.,0.,-1.));
#13872=DIRECTION('',(0.,0.,1.));
#13873=DIRECTION('',(0.,0.,1.));
#13874=DIRECTION('',(1.,0.,0.));
#13875=DIRECTION('',(0.,0.,-1.));
#13876=DIRECTION('',(0.,0.,1.));
#13877=DIRECTION('',(0.,0.,1.));
#13878=DIRECTION('',(1.,0.,0.));
#13879=DIRECTION('',(0.,0.,-1.));
#13880=DIRECTION('',(0.,0.,1.));
#13881=DIRECTION('',(0.,0.,1.));
#13882=DIRECTION('',(1.,0.,0.));
#13883=DIRECTION('',(0.,0.,-1.));
#13884=DIRECTION('',(0.,0.,1.));
#13885=DIRECTION('',(0.,0.,1.));
#13886=DIRECTION('',(1.,0.,0.));
#13887=DIRECTION('',(0.,0.,-1.));
#13888=DIRECTION('',(0.,0.,1.));
#13889=DIRECTION('',(0.,0.,1.));
#13890=DIRECTION('',(1.,0.,0.));
#13891=DIRECTION('',(0.,0.,-1.));
#13892=DIRECTION('',(0.,0.,1.));
#13893=DIRECTION('',(0.,0.,1.));
#13894=DIRECTION('',(1.,0.,0.));
#13895=DIRECTION('',(0.,0.,-1.));
#13896=DIRECTION('',(0.,0.,1.));
#13897=DIRECTION('',(0.,0.,1.));
#13898=DIRECTION('',(1.,0.,0.));
#13899=DIRECTION('',(0.,0.,-1.));
#13900=DIRECTION('',(0.,0.,1.));
#13901=DIRECTION('',(0.,0.,1.));
#13902=DIRECTION('',(1.,0.,0.));
#13903=DIRECTION('',(0.,0.,-1.));
#13904=DIRECTION('',(0.,0.,1.));
#13905=DIRECTION('',(0.,0.,1.));
#13906=DIRECTION('',(1.,0.,0.));
#13907=DIRECTION('',(0.,0.,-1.));
#13908=DIRECTION('',(0.,0.,1.));
#13909=DIRECTION('',(0.,0.,1.));
#13910=DIRECTION('',(1.,0.,0.));
#13911=DIRECTION('',(0.,0.,-1.));
#13912=DIRECTION('',(0.,0.,1.));
#13913=DIRECTION('',(0.,0.,1.));
#13914=DIRECTION('',(1.,0.,0.));
#13915=DIRECTION('',(0.,0.,-1.));
#13916=DIRECTION('',(0.,0.,1.));
#13917=DIRECTION('',(0.,0.,1.));
#13918=DIRECTION('',(1.,0.,0.));
#13919=DIRECTION('',(0.,0.,-1.));
#13920=DIRECTION('',(0.,0.,1.));
#13921=DIRECTION('',(0.,0.,1.));
#13922=DIRECTION('',(1.,0.,0.));
#13923=DIRECTION('',(0.,0.,-1.));
#13924=DIRECTION('',(0.,0.,1.));
#13925=DIRECTION('',(0.,0.,1.));
#13926=DIRECTION('',(1.,0.,0.));
#13927=DIRECTION('',(0.,0.,-1.));
#13928=DIRECTION('',(0.,0.,1.));
#13929=DIRECTION('',(0.,0.,1.));
#13930=DIRECTION('',(0.,1.,0.));
#13931=DIRECTION('',(0.,0.,1.));
#13932=DIRECTION('',(0.,1.,0.));
#13933=DIRECTION('',(0.,0.,1.));
#13934=DIRECTION('',(0.,1.,0.));
#13935=DIRECTION('',(0.,0.,1.));
#13936=DIRECTION('',(0.,1.,0.));
#13937=DIRECTION('',(0.,0.,1.));
#13938=DIRECTION('',(0.,1.,0.));
#13939=DIRECTION('',(0.,0.,1.));
#13940=DIRECTION('',(0.,1.,0.));
#13941=DIRECTION('',(0.,0.,1.));
#13942=DIRECTION('',(0.,1.,0.));
#13943=DIRECTION('',(0.,0.,1.));
#13944=DIRECTION('',(0.,1.,0.));
#13945=DIRECTION('',(0.,0.,1.));
#13946=DIRECTION('',(0.,1.,0.));
#13947=DIRECTION('',(0.,0.,1.));
#13948=DIRECTION('',(0.,1.,0.));
#13949=DIRECTION('',(0.,0.,1.));
#13950=DIRECTION('',(0.,1.,0.));
#13951=DIRECTION('',(0.,0.,1.));
#13952=DIRECTION('',(0.,1.,0.));
#13953=DIRECTION('',(0.,0.,1.));
#13954=DIRECTION('',(0.,1.,0.));
#13955=DIRECTION('',(0.,0.,1.));
#13956=DIRECTION('',(0.,1.,0.));
#13957=DIRECTION('',(0.,0.,1.));
#13958=DIRECTION('',(0.,1.,0.));
#13959=DIRECTION('',(0.,0.,1.));
#13960=DIRECTION('',(0.,1.,0.));
#13961=DIRECTION('',(0.,0.,1.));
#13962=DIRECTION('',(0.,1.,0.));
#13963=DIRECTION('',(0.,0.,1.));
#13964=DIRECTION('',(0.,-1.,0.));
#13965=DIRECTION('',(0.,0.,-1.));
#13966=DIRECTION('',(0.,0.,-1.));
#13967=DIRECTION('',(0.,0.,-1.));
#13968=DIRECTION('',(0.,0.,-1.));
#13969=DIRECTION('',(0.,0.,-1.));
#13970=DIRECTION('',(0.,0.,-1.));
#13971=DIRECTION('',(0.,0.,-1.));
#13972=DIRECTION('',(0.,0.,-1.));
#13973=DIRECTION('',(0.,0.,-1.));
#13974=DIRECTION('',(0.,0.,-1.));
#13975=DIRECTION('',(0.,0.,-1.));
#13976=DIRECTION('',(0.,0.,-1.));
#13977=DIRECTION('',(0.,0.,-1.));
#13978=DIRECTION('',(0.,0.,-1.));
#13979=DIRECTION('',(0.,0.,-1.));
#13980=DIRECTION('',(0.,0.,-1.));
#13981=DIRECTION('',(0.,0.,-1.));
#13982=DIRECTION('',(0.,0.,-1.));
#13983=DIRECTION('',(0.,0.,-1.));
#13984=DIRECTION('',(0.,0.,-1.));
#13985=DIRECTION('',(0.,0.,-1.));
#13986=DIRECTION('',(0.,0.,-1.));
#13987=DIRECTION('',(0.,0.,-1.));
#13988=DIRECTION('',(0.,0.,-1.));
#13989=DIRECTION('',(0.,0.,-1.));
#13990=DIRECTION('',(0.,0.,-1.));
#13991=DIRECTION('',(0.,0.,-1.));
#13992=DIRECTION('',(0.,0.,-1.));
#13993=DIRECTION('',(0.,0.,-1.));
#13994=DIRECTION('',(0.,0.,-1.));
#13995=DIRECTION('',(0.,0.,-1.));
#13996=DIRECTION('',(0.,0.,-1.));
#13997=DIRECTION('',(0.,0.,-1.));
#13998=DIRECTION('',(1.,0.,0.));
#13999=DIRECTION('',(0.,0.,-1.));
#14000=DIRECTION('',(-1.,0.,0.));
#14001=DIRECTION('',(0.,0.,1.));
#14002=DIRECTION('',(1.,0.,0.));
#14003=DIRECTION('',(0.,0.,-1.));
#14004=DIRECTION('',(-1.,0.,0.));
#14005=DIRECTION('',(0.,0.,1.));
#14006=DIRECTION('',(1.,0.,0.));
#14007=DIRECTION('',(0.,0.,-1.));
#14008=DIRECTION('',(-1.,0.,0.));
#14009=DIRECTION('',(0.,0.,1.));
#14010=DIRECTION('',(1.,0.,0.));
#14011=DIRECTION('',(0.,0.,-1.));
#14012=DIRECTION('',(-1.,0.,0.));
#14013=DIRECTION('',(0.,0.,1.));
#14014=DIRECTION('',(1.,0.,0.));
#14015=DIRECTION('',(0.,0.,-1.));
#14016=DIRECTION('',(-1.,0.,0.));
#14017=DIRECTION('',(0.,0.,1.));
#14018=DIRECTION('',(1.,0.,0.));
#14019=DIRECTION('',(0.,0.,-1.));
#14020=DIRECTION('',(-1.,0.,0.));
#14021=DIRECTION('',(0.,0.,1.));
#14022=DIRECTION('',(1.,0.,0.));
#14023=DIRECTION('',(0.,0.,-1.));
#14024=DIRECTION('',(-1.,0.,0.));
#14025=DIRECTION('',(0.,0.,1.));
#14026=DIRECTION('',(1.,0.,0.));
#14027=DIRECTION('',(0.,0.,-1.));
#14028=DIRECTION('',(-1.,0.,0.));
#14029=DIRECTION('',(0.,0.,1.));
#14030=DIRECTION('',(1.,0.,0.));
#14031=DIRECTION('',(0.,0.,-1.));
#14032=DIRECTION('',(-1.,0.,0.));
#14033=DIRECTION('',(0.,0.,1.));
#14034=DIRECTION('',(1.,0.,0.));
#14035=DIRECTION('',(0.,0.,-1.));
#14036=DIRECTION('',(-1.,0.,0.));
#14037=DIRECTION('',(0.,0.,1.));
#14038=DIRECTION('',(1.,0.,0.));
#14039=DIRECTION('',(0.,0.,-1.));
#14040=DIRECTION('',(-1.,0.,0.));
#14041=DIRECTION('',(0.,0.,1.));
#14042=DIRECTION('',(1.,0.,0.));
#14043=DIRECTION('',(0.,0.,-1.));
#14044=DIRECTION('',(-1.,0.,0.));
#14045=DIRECTION('',(0.,0.,1.));
#14046=DIRECTION('',(1.,0.,0.));
#14047=DIRECTION('',(0.,0.,-1.));
#14048=DIRECTION('',(-1.,0.,0.));
#14049=DIRECTION('',(0.,0.,1.));
#14050=DIRECTION('',(1.,0.,0.));
#14051=DIRECTION('',(0.,0.,-1.));
#14052=DIRECTION('',(-1.,0.,0.));
#14053=DIRECTION('',(0.,0.,1.));
#14054=DIRECTION('',(1.,0.,0.));
#14055=DIRECTION('',(0.,0.,-1.));
#14056=DIRECTION('',(-1.,0.,0.));
#14057=DIRECTION('',(0.,0.,1.));
#14058=DIRECTION('',(-1.,0.,0.));
#14059=DIRECTION('',(0.,0.,1.));
#14060=DIRECTION('',(1.,0.,0.));
#14061=DIRECTION('',(0.,0.,-1.));
#14062=DIRECTION('',(0.,0.,1.));
#14063=DIRECTION('',(1.,0.,0.));
#14064=DIRECTION('',(0.,0.,1.));
#14065=DIRECTION('',(1.,0.,0.));
#14066=DIRECTION('',(-1.,0.,0.));
#14067=DIRECTION('',(0.,-1.,0.));
#14068=DIRECTION('',(-1.,0.,0.));
#14069=DIRECTION('',(0.,-1.,0.));
#14070=DIRECTION('',(1.,0.,0.));
#14071=DIRECTION('',(0.,0.,-1.));
#14072=DIRECTION('',(0.,-1.17018410943563E-16,1.));
#14073=DIRECTION('',(0.,0.,1.));
#14074=DIRECTION('',(0.,-1.,0.));
#14075=DIRECTION('',(0.,0.,-1.));
#14076=DIRECTION('',(-1.,0.,0.));
#14077=DIRECTION('',(1.,0.,0.));
#14078=DIRECTION('',(1.,0.,0.));
#14079=DIRECTION('',(0.,-1.,0.));
#14080=DIRECTION('',(-1.,0.,0.));
#14081=DIRECTION('',(0.,0.,1.));
#14082=DIRECTION('',(0.,1.17018410943563E-16,-1.));
#14083=DIRECTION('',(0.,0.,-1.));
#14084=DIRECTION('',(1.,0.,0.));
#14085=DIRECTION('',(0.,0.,-1.));
#14086=DIRECTION('',(0.,1.,0.));
#14087=DIRECTION('',(0.,0.,-1.));
#14088=DIRECTION('',(0.,1.,0.));
#14089=DIRECTION('',(0.,0.,-1.));
#14090=DIRECTION('',(1.,0.,0.));
#14091=DIRECTION('',(0.,0.,-1.));
#14092=DIRECTION('',(0.,1.,0.));
#14093=DIRECTION('',(0.,0.,-1.));
#14094=DIRECTION('',(0.,1.,0.));
#14095=DIRECTION('',(0.,0.,-1.));
#14096=DIRECTION('',(1.,0.,0.));
#14097=DIRECTION('',(0.,0.,-1.));
#14098=DIRECTION('',(0.,1.,0.));
#14099=DIRECTION('',(0.,0.,-1.));
#14100=DIRECTION('',(0.,1.,0.));
#14101=DIRECTION('',(0.,0.,-1.));
#14102=DIRECTION('',(1.,0.,0.));
#14103=DIRECTION('',(0.,0.,-1.));
#14104=DIRECTION('',(0.,1.,0.));
#14105=DIRECTION('',(0.,0.,-1.));
#14106=DIRECTION('',(0.,1.,0.));
#14107=DIRECTION('',(0.,0.,-1.));
#14108=DIRECTION('',(1.,0.,0.));
#14109=DIRECTION('',(0.,0.,-1.));
#14110=DIRECTION('',(0.,1.,0.));
#14111=DIRECTION('',(0.,0.,-1.));
#14112=DIRECTION('',(0.,1.,0.));
#14113=DIRECTION('',(0.,0.,-1.));
#14114=DIRECTION('',(1.,0.,0.));
#14115=DIRECTION('',(0.,0.,-1.));
#14116=DIRECTION('',(0.,1.,0.));
#14117=DIRECTION('',(0.,0.,-1.));
#14118=DIRECTION('',(0.,1.,0.));
#14119=DIRECTION('',(0.,0.,-1.));
#14120=DIRECTION('',(1.,0.,0.));
#14121=DIRECTION('',(0.,0.,-1.));
#14122=DIRECTION('',(0.,1.,0.));
#14123=DIRECTION('',(0.,0.,-1.));
#14124=DIRECTION('',(0.,1.,0.));
#14125=DIRECTION('',(0.,0.,-1.));
#14126=DIRECTION('',(1.,0.,0.));
#14127=DIRECTION('',(0.,0.,-1.));
#14128=DIRECTION('',(0.,1.,0.));
#14129=DIRECTION('',(0.,0.,-1.));
#14130=DIRECTION('',(0.,1.,0.));
#14131=DIRECTION('',(0.,0.,-1.));
#14132=DIRECTION('',(1.,0.,0.));
#14133=DIRECTION('',(0.,0.,-1.));
#14134=DIRECTION('',(0.,1.,0.));
#14135=DIRECTION('',(0.,0.,-1.));
#14136=DIRECTION('',(0.,1.,0.));
#14137=DIRECTION('',(0.,0.,-1.));
#14138=DIRECTION('',(1.,0.,0.));
#14139=DIRECTION('',(0.,0.,-1.));
#14140=DIRECTION('',(0.,1.,0.));
#14141=DIRECTION('',(0.,0.,-1.));
#14142=DIRECTION('',(0.,1.,0.));
#14143=DIRECTION('',(0.,0.,-1.));
#14144=DIRECTION('',(1.,0.,0.));
#14145=DIRECTION('',(0.,0.,-1.));
#14146=DIRECTION('',(0.,1.,0.));
#14147=DIRECTION('',(0.,0.,-1.));
#14148=DIRECTION('',(0.,1.,0.));
#14149=DIRECTION('',(0.,0.,-1.));
#14150=DIRECTION('',(1.,0.,0.));
#14151=DIRECTION('',(0.,0.,-1.));
#14152=DIRECTION('',(0.,1.,0.));
#14153=DIRECTION('',(0.,0.,-1.));
#14154=DIRECTION('',(0.,1.,0.));
#14155=DIRECTION('',(0.,0.,-1.));
#14156=DIRECTION('',(1.,0.,0.));
#14157=DIRECTION('',(0.,0.,-1.));
#14158=DIRECTION('',(0.,1.,0.));
#14159=DIRECTION('',(0.,0.,-1.));
#14160=DIRECTION('',(0.,1.,0.));
#14161=DIRECTION('',(0.,0.,-1.));
#14162=DIRECTION('',(1.,0.,0.));
#14163=DIRECTION('',(0.,0.,-1.));
#14164=DIRECTION('',(0.,1.,0.));
#14165=DIRECTION('',(0.,0.,-1.));
#14166=DIRECTION('',(0.,1.,0.));
#14167=DIRECTION('',(0.,0.,-1.));
#14168=DIRECTION('',(1.,0.,0.));
#14169=DIRECTION('',(0.,0.,-1.));
#14170=DIRECTION('',(0.,1.,0.));
#14171=DIRECTION('',(0.,0.,-1.));
#14172=DIRECTION('',(0.,1.,0.));
#14173=DIRECTION('',(0.,0.,-1.));
#14174=DIRECTION('',(1.,0.,0.));
#14175=DIRECTION('',(0.,0.,-1.));
#14176=DIRECTION('',(0.,1.,0.));
#14177=DIRECTION('',(0.,0.,-1.));
#14178=DIRECTION('',(0.,1.,0.));
#14179=DIRECTION('',(0.,0.,-1.));
#14180=DIRECTION('',(-1.,0.,0.));
#14181=DIRECTION('',(0.,0.,1.));
#14182=DIRECTION('',(0.,1.,0.));
#14183=DIRECTION('',(0.,0.,-1.));
#14184=DIRECTION('',(0.,1.,0.));
#14185=DIRECTION('',(0.,0.,1.));
#14186=DIRECTION('',(-1.,0.,0.));
#14187=DIRECTION('',(0.,0.,1.));
#14188=DIRECTION('',(0.,1.,0.));
#14189=DIRECTION('',(0.,0.,-1.));
#14190=DIRECTION('',(0.,1.,0.));
#14191=DIRECTION('',(0.,0.,1.));
#14192=DIRECTION('',(-1.,0.,0.));
#14193=DIRECTION('',(0.,0.,1.));
#14194=DIRECTION('',(0.,1.,0.));
#14195=DIRECTION('',(0.,0.,-1.));
#14196=DIRECTION('',(0.,1.,0.));
#14197=DIRECTION('',(0.,0.,1.));
#14198=DIRECTION('',(-1.,0.,0.));
#14199=DIRECTION('',(0.,0.,1.));
#14200=DIRECTION('',(0.,1.,0.));
#14201=DIRECTION('',(0.,0.,-1.));
#14202=DIRECTION('',(0.,1.,0.));
#14203=DIRECTION('',(0.,0.,1.));
#14204=DIRECTION('',(-1.,0.,0.));
#14205=DIRECTION('',(0.,0.,1.));
#14206=DIRECTION('',(0.,1.,0.));
#14207=DIRECTION('',(0.,0.,-1.));
#14208=DIRECTION('',(0.,1.,0.));
#14209=DIRECTION('',(0.,0.,1.));
#14210=DIRECTION('',(-1.,0.,0.));
#14211=DIRECTION('',(0.,0.,1.));
#14212=DIRECTION('',(0.,1.,0.));
#14213=DIRECTION('',(0.,0.,-1.));
#14214=DIRECTION('',(0.,1.,0.));
#14215=DIRECTION('',(0.,0.,1.));
#14216=DIRECTION('',(-1.,0.,0.));
#14217=DIRECTION('',(0.,0.,1.));
#14218=DIRECTION('',(0.,1.,0.));
#14219=DIRECTION('',(0.,0.,-1.));
#14220=DIRECTION('',(0.,1.,0.));
#14221=DIRECTION('',(0.,0.,1.));
#14222=DIRECTION('',(-1.,0.,0.));
#14223=DIRECTION('',(0.,0.,1.));
#14224=DIRECTION('',(0.,1.,0.));
#14225=DIRECTION('',(0.,0.,-1.));
#14226=DIRECTION('',(0.,1.,0.));
#14227=DIRECTION('',(0.,0.,1.));
#14228=DIRECTION('',(-1.,0.,0.));
#14229=DIRECTION('',(0.,0.,1.));
#14230=DIRECTION('',(0.,1.,0.));
#14231=DIRECTION('',(0.,0.,-1.));
#14232=DIRECTION('',(0.,1.,0.));
#14233=DIRECTION('',(0.,0.,1.));
#14234=DIRECTION('',(-1.,0.,0.));
#14235=DIRECTION('',(0.,0.,1.));
#14236=DIRECTION('',(0.,1.,0.));
#14237=DIRECTION('',(0.,0.,-1.));
#14238=DIRECTION('',(0.,1.,0.));
#14239=DIRECTION('',(0.,0.,1.));
#14240=DIRECTION('',(-1.,0.,0.));
#14241=DIRECTION('',(0.,0.,1.));
#14242=DIRECTION('',(0.,1.,0.));
#14243=DIRECTION('',(0.,0.,-1.));
#14244=DIRECTION('',(0.,1.,0.));
#14245=DIRECTION('',(0.,0.,1.));
#14246=DIRECTION('',(-1.,0.,0.));
#14247=DIRECTION('',(0.,0.,1.));
#14248=DIRECTION('',(0.,1.,0.));
#14249=DIRECTION('',(0.,0.,-1.));
#14250=DIRECTION('',(0.,1.,0.));
#14251=DIRECTION('',(0.,0.,1.));
#14252=DIRECTION('',(-1.,0.,0.));
#14253=DIRECTION('',(0.,0.,1.));
#14254=DIRECTION('',(0.,1.,0.));
#14255=DIRECTION('',(0.,0.,-1.));
#14256=DIRECTION('',(0.,1.,0.));
#14257=DIRECTION('',(0.,0.,1.));
#14258=DIRECTION('',(-1.,0.,0.));
#14259=DIRECTION('',(0.,0.,1.));
#14260=DIRECTION('',(0.,1.,0.));
#14261=DIRECTION('',(0.,0.,-1.));
#14262=DIRECTION('',(0.,1.,0.));
#14263=DIRECTION('',(0.,0.,1.));
#14264=DIRECTION('',(-1.,0.,0.));
#14265=DIRECTION('',(0.,0.,1.));
#14266=DIRECTION('',(0.,1.,0.));
#14267=DIRECTION('',(0.,0.,-1.));
#14268=DIRECTION('',(0.,1.,0.));
#14269=DIRECTION('',(0.,0.,1.));
#14270=DIRECTION('',(-1.,0.,0.));
#14271=DIRECTION('',(0.,0.,1.));
#14272=DIRECTION('',(0.,1.,0.));
#14273=DIRECTION('',(0.,0.,-1.));
#14274=DIRECTION('',(0.,1.,0.));
#14275=DIRECTION('',(0.,0.,1.));
#14276=DIRECTION('',(0.,1.,0.));
#14277=DIRECTION('',(0.,0.,1.));
#14278=DIRECTION('',(0.,0.,-1.));
#14279=DIRECTION('',(1.,0.,0.));
#14280=DIRECTION('',(0.,0.,1.));
#14281=DIRECTION('',(-1.,0.,0.));
#14282=DIRECTION('',(0.,1.,0.));
#14283=DIRECTION('',(0.,0.,1.));
#14284=DIRECTION('',(0.,0.,-1.));
#14285=DIRECTION('',(1.,0.,0.));
#14286=DIRECTION('',(0.,0.,1.));
#14287=DIRECTION('',(-1.,0.,0.));
#14288=DIRECTION('',(0.,1.,0.));
#14289=DIRECTION('',(0.,0.,1.));
#14290=DIRECTION('',(0.,0.,-1.));
#14291=DIRECTION('',(1.,0.,0.));
#14292=DIRECTION('',(0.,0.,1.));
#14293=DIRECTION('',(-1.,0.,0.));
#14294=DIRECTION('',(0.,1.,0.));
#14295=DIRECTION('',(0.,0.,1.));
#14296=DIRECTION('',(0.,0.,-1.));
#14297=DIRECTION('',(1.,0.,0.));
#14298=DIRECTION('',(0.,0.,1.));
#14299=DIRECTION('',(-1.,0.,0.));
#14300=DIRECTION('',(0.,1.,0.));
#14301=DIRECTION('',(0.,0.,1.));
#14302=DIRECTION('',(0.,0.,-1.));
#14303=DIRECTION('',(1.,0.,0.));
#14304=DIRECTION('',(0.,0.,1.));
#14305=DIRECTION('',(-1.,0.,0.));
#14306=DIRECTION('',(0.,1.,0.));
#14307=DIRECTION('',(0.,0.,1.));
#14308=DIRECTION('',(0.,0.,-1.));
#14309=DIRECTION('',(1.,0.,0.));
#14310=DIRECTION('',(0.,0.,1.));
#14311=DIRECTION('',(-1.,0.,0.));
#14312=DIRECTION('',(0.,1.,0.));
#14313=DIRECTION('',(0.,0.,1.));
#14314=DIRECTION('',(0.,0.,-1.));
#14315=DIRECTION('',(1.,0.,0.));
#14316=DIRECTION('',(0.,0.,1.));
#14317=DIRECTION('',(-1.,0.,0.));
#14318=DIRECTION('',(0.,1.,0.));
#14319=DIRECTION('',(0.,0.,1.));
#14320=DIRECTION('',(0.,0.,-1.));
#14321=DIRECTION('',(1.,0.,0.));
#14322=DIRECTION('',(0.,0.,1.));
#14323=DIRECTION('',(-1.,0.,0.));
#14324=DIRECTION('',(0.,1.,0.));
#14325=DIRECTION('',(0.,0.,1.));
#14326=DIRECTION('',(0.,0.,-1.));
#14327=DIRECTION('',(1.,0.,0.));
#14328=DIRECTION('',(0.,0.,1.));
#14329=DIRECTION('',(-1.,0.,0.));
#14330=DIRECTION('',(0.,1.,0.));
#14331=DIRECTION('',(0.,0.,1.));
#14332=DIRECTION('',(0.,0.,-1.));
#14333=DIRECTION('',(1.,0.,0.));
#14334=DIRECTION('',(0.,0.,1.));
#14335=DIRECTION('',(-1.,0.,0.));
#14336=DIRECTION('',(0.,1.,0.));
#14337=DIRECTION('',(0.,0.,1.));
#14338=DIRECTION('',(0.,0.,-1.));
#14339=DIRECTION('',(1.,0.,0.));
#14340=DIRECTION('',(0.,0.,1.));
#14341=DIRECTION('',(-1.,0.,0.));
#14342=DIRECTION('',(0.,1.,0.));
#14343=DIRECTION('',(0.,0.,1.));
#14344=DIRECTION('',(0.,0.,-1.));
#14345=DIRECTION('',(1.,0.,0.));
#14346=DIRECTION('',(0.,0.,1.));
#14347=DIRECTION('',(-1.,0.,0.));
#14348=DIRECTION('',(0.,1.,0.));
#14349=DIRECTION('',(0.,0.,1.));
#14350=DIRECTION('',(0.,0.,-1.));
#14351=DIRECTION('',(1.,0.,0.));
#14352=DIRECTION('',(0.,0.,1.));
#14353=DIRECTION('',(-1.,0.,0.));
#14354=DIRECTION('',(0.,1.,0.));
#14355=DIRECTION('',(0.,0.,1.));
#14356=DIRECTION('',(0.,0.,-1.));
#14357=DIRECTION('',(1.,0.,0.));
#14358=DIRECTION('',(0.,0.,1.));
#14359=DIRECTION('',(-1.,0.,0.));
#14360=DIRECTION('',(0.,1.,0.));
#14361=DIRECTION('',(0.,0.,1.));
#14362=DIRECTION('',(0.,0.,-1.));
#14363=DIRECTION('',(1.,0.,0.));
#14364=DIRECTION('',(0.,0.,1.));
#14365=DIRECTION('',(-1.,0.,0.));
#14366=DIRECTION('',(0.,1.,0.));
#14367=DIRECTION('',(0.,0.,1.));
#14368=DIRECTION('',(0.,0.,-1.));
#14369=DIRECTION('',(1.,0.,0.));
#14370=DIRECTION('',(0.,0.,1.));
#14371=DIRECTION('',(-1.,0.,0.));
#14372=DIRECTION('',(0.,-0.342020143325669,0.939692620785908));
#14373=DIRECTION('',(0.,-0.939692620785908,-0.342020143325669));
#14374=DIRECTION('',(0.323615577118184,0.889126490715988,0.323615577118185));
#14375=DIRECTION('',(-1.,0.,0.));
#14376=DIRECTION('',(0.323615577118186,-0.889126490715988,-0.323615577118185));
#14377=DIRECTION('',(0.,-0.342020143325669,-0.939692620785908));
#14378=DIRECTION('',(0.,0.939692620785908,-0.342020143325669));
#14379=DIRECTION('',(-1.,0.,0.));
#14380=DIRECTION('',(-0.323615577118184,-0.889126490715988,0.323615577118185));
#14381=DIRECTION('',(-0.323615577118186,0.889126490715988,-0.323615577118185));
#14382=DIRECTION('',(0.,-0.342020143325669,0.939692620785908));
#14383=DIRECTION('',(0.,-0.939692620785908,-0.342020143325669));
#14384=DIRECTION('',(0.323615577118186,0.889126490715988,0.323615577118185));
#14385=DIRECTION('',(-1.,0.,0.));
#14386=DIRECTION('',(0.323615577118186,-0.889126490715988,-0.323615577118185));
#14387=DIRECTION('',(0.,-0.342020143325669,-0.939692620785908));
#14388=DIRECTION('',(0.,0.939692620785908,-0.342020143325669));
#14389=DIRECTION('',(-1.,0.,0.));
#14390=DIRECTION('',(-0.323615577118186,-0.889126490715988,0.323615577118185));
#14391=DIRECTION('',(-0.323615577118186,0.889126490715988,-0.323615577118185));
#14392=DIRECTION('',(0.,-0.342020143325669,0.939692620785908));
#14393=DIRECTION('',(0.,-0.939692620785908,-0.342020143325669));
#14394=DIRECTION('',(0.323615577118186,0.889126490715988,0.323615577118185));
#14395=DIRECTION('',(-1.,0.,0.));
#14396=DIRECTION('',(0.323615577118186,-0.889126490715988,-0.323615577118185));
#14397=DIRECTION('',(0.,-0.342020143325669,-0.939692620785908));
#14398=DIRECTION('',(0.,0.939692620785908,-0.342020143325669));
#14399=DIRECTION('',(-1.,0.,0.));
#14400=DIRECTION('',(-0.323615577118186,-0.889126490715988,0.323615577118185));
#14401=DIRECTION('',(-0.323615577118186,0.889126490715988,-0.323615577118185));
#14402=DIRECTION('',(0.,-0.342020143325669,0.939692620785908));
#14403=DIRECTION('',(0.,-0.939692620785908,-0.342020143325669));
#14404=DIRECTION('',(0.323615577118184,0.889126490715988,0.323615577118185));
#14405=DIRECTION('',(-1.,0.,0.));
#14406=DIRECTION('',(0.323615577118185,-0.889126490715988,-0.323615577118185));
#14407=DIRECTION('',(0.,-0.342020143325669,-0.939692620785908));
#14408=DIRECTION('',(0.,0.939692620785908,-0.342020143325669));
#14409=DIRECTION('',(-1.,0.,0.));
#14410=DIRECTION('',(-0.323615577118184,-0.889126490715988,0.323615577118185));
#14411=DIRECTION('',(-0.323615577118185,0.889126490715988,-0.323615577118185));
#14412=DIRECTION('',(0.,-0.342020143325669,0.939692620785908));
#14413=DIRECTION('',(0.,-0.939692620785908,-0.342020143325669));
#14414=DIRECTION('',(0.323615577118184,0.889126490715988,0.323615577118185));
#14415=DIRECTION('',(-1.,0.,0.));
#14416=DIRECTION('',(0.323615577118185,-0.889126490715988,-0.323615577118185));
#14417=DIRECTION('',(0.,-0.342020143325669,-0.939692620785908));
#14418=DIRECTION('',(0.,0.939692620785908,-0.342020143325669));
#14419=DIRECTION('',(-1.,0.,0.));
#14420=DIRECTION('',(-0.323615577118184,-0.889126490715988,0.323615577118185));
#14421=DIRECTION('',(-0.323615577118185,0.889126490715988,-0.323615577118185));
#14422=DIRECTION('',(0.,-0.342020143325669,0.939692620785908));
#14423=DIRECTION('',(0.,-0.939692620785908,-0.342020143325669));
#14424=DIRECTION('',(0.323615577118185,0.889126490715988,0.323615577118185));
#14425=DIRECTION('',(-1.,0.,0.));
#14426=DIRECTION('',(0.323615577118186,-0.889126490715988,-0.323615577118185));
#14427=DIRECTION('',(0.,-0.342020143325669,-0.939692620785908));
#14428=DIRECTION('',(0.,0.939692620785908,-0.342020143325669));
#14429=DIRECTION('',(-1.,0.,0.));
#14430=DIRECTION('',(-0.323615577118185,-0.889126490715988,0.323615577118185));
#14431=DIRECTION('',(-0.323615577118186,0.889126490715988,-0.323615577118185));
#14432=DIRECTION('',(0.,-0.342020143325669,0.939692620785908));
#14433=DIRECTION('',(0.,-0.939692620785908,-0.342020143325669));
#14434=DIRECTION('',(0.323615577118185,0.889126490715988,0.323615577118185));
#14435=DIRECTION('',(-1.,0.,0.));
#14436=DIRECTION('',(0.323615577118186,-0.889126490715988,-0.323615577118185));
#14437=DIRECTION('',(0.,-0.342020143325669,-0.939692620785908));
#14438=DIRECTION('',(0.,0.939692620785908,-0.342020143325669));
#14439=DIRECTION('',(-1.,0.,0.));
#14440=DIRECTION('',(-0.323615577118185,-0.889126490715988,0.323615577118185));
#14441=DIRECTION('',(-0.323615577118186,0.889126490715988,-0.323615577118185));
#14442=DIRECTION('',(0.,-0.342020143325669,0.939692620785908));
#14443=DIRECTION('',(0.,-0.939692620785908,-0.342020143325669));
#14444=DIRECTION('',(0.323615577118184,0.889126490715988,0.323615577118185));
#14445=DIRECTION('',(-1.,0.,0.));
#14446=DIRECTION('',(0.323615577118186,-0.889126490715988,-0.323615577118185));
#14447=DIRECTION('',(0.,-0.342020143325669,-0.939692620785908));
#14448=DIRECTION('',(0.,0.939692620785908,-0.342020143325669));
#14449=DIRECTION('',(-1.,0.,0.));
#14450=DIRECTION('',(-0.323615577118184,-0.889126490715988,0.323615577118185));
#14451=DIRECTION('',(-0.323615577118186,0.889126490715988,-0.323615577118185));
#14452=DIRECTION('',(0.,-0.342020143325669,0.939692620785908));
#14453=DIRECTION('',(0.,-0.939692620785908,-0.342020143325669));
#14454=DIRECTION('',(0.323615577118184,0.889126490715988,0.323615577118185));
#14455=DIRECTION('',(-1.,0.,0.));
#14456=DIRECTION('',(0.323615577118186,-0.889126490715988,-0.323615577118185));
#14457=DIRECTION('',(0.,-0.342020143325669,-0.939692620785908));
#14458=DIRECTION('',(0.,0.939692620785908,-0.342020143325669));
#14459=DIRECTION('',(-1.,0.,0.));
#14460=DIRECTION('',(-0.323615577118184,-0.889126490715988,0.323615577118185));
#14461=DIRECTION('',(-0.323615577118186,0.889126490715988,-0.323615577118185));
#14462=DIRECTION('',(0.,-0.342020143325669,0.939692620785908));
#14463=DIRECTION('',(0.,-0.939692620785908,-0.342020143325669));
#14464=DIRECTION('',(0.323615577118184,0.889126490715988,0.323615577118185));
#14465=DIRECTION('',(-1.,0.,0.));
#14466=DIRECTION('',(0.323615577118186,-0.889126490715988,-0.323615577118185));
#14467=DIRECTION('',(0.,-0.342020143325669,-0.939692620785908));
#14468=DIRECTION('',(0.,0.939692620785908,-0.342020143325669));
#14469=DIRECTION('',(-1.,0.,0.));
#14470=DIRECTION('',(-0.323615577118184,-0.889126490715988,0.323615577118185));
#14471=DIRECTION('',(-0.323615577118186,0.889126490715988,-0.323615577118185));
#14472=DIRECTION('',(0.,-0.342020143325669,0.939692620785908));
#14473=DIRECTION('',(0.,-0.939692620785908,-0.342020143325669));
#14474=DIRECTION('',(0.323615577118184,0.889126490715988,0.323615577118185));
#14475=DIRECTION('',(-1.,0.,0.));
#14476=DIRECTION('',(0.323615577118186,-0.889126490715988,-0.323615577118185));
#14477=DIRECTION('',(0.,-0.342020143325669,-0.939692620785908));
#14478=DIRECTION('',(0.,0.939692620785908,-0.342020143325669));
#14479=DIRECTION('',(-1.,0.,0.));
#14480=DIRECTION('',(-0.323615577118184,-0.889126490715988,0.323615577118185));
#14481=DIRECTION('',(-0.323615577118186,0.889126490715988,-0.323615577118185));
#14482=DIRECTION('',(0.,-0.342020143325669,0.939692620785908));
#14483=DIRECTION('',(0.,-0.939692620785908,-0.342020143325669));
#14484=DIRECTION('',(0.323615577118184,0.889126490715988,0.323615577118185));
#14485=DIRECTION('',(-1.,0.,0.));
#14486=DIRECTION('',(0.323615577118186,-0.889126490715988,-0.323615577118185));
#14487=DIRECTION('',(0.,-0.342020143325669,-0.939692620785908));
#14488=DIRECTION('',(0.,0.939692620785908,-0.342020143325669));
#14489=DIRECTION('',(-1.,0.,0.));
#14490=DIRECTION('',(-0.323615577118184,-0.889126490715988,0.323615577118185));
#14491=DIRECTION('',(-0.323615577118186,0.889126490715988,-0.323615577118185));
#14492=DIRECTION('',(0.,-0.342020143325669,0.939692620785908));
#14493=DIRECTION('',(0.,-0.939692620785908,-0.342020143325669));
#14494=DIRECTION('',(0.323615577118184,0.889126490715988,0.323615577118185));
#14495=DIRECTION('',(-1.,0.,0.));
#14496=DIRECTION('',(0.323615577118186,-0.889126490715988,-0.323615577118185));
#14497=DIRECTION('',(0.,-0.342020143325669,-0.939692620785908));
#14498=DIRECTION('',(0.,0.939692620785908,-0.342020143325669));
#14499=DIRECTION('',(-1.,0.,0.));
#14500=DIRECTION('',(-0.323615577118184,-0.889126490715988,0.323615577118185));
#14501=DIRECTION('',(-0.323615577118186,0.889126490715988,-0.323615577118185));
#14502=DIRECTION('',(0.,-0.342020143325669,0.939692620785908));
#14503=DIRECTION('',(0.,-0.939692620785908,-0.342020143325669));
#14504=DIRECTION('',(0.323615577118184,0.889126490715988,0.323615577118185));
#14505=DIRECTION('',(-1.,0.,0.));
#14506=DIRECTION('',(0.323615577118186,-0.889126490715988,-0.323615577118185));
#14507=DIRECTION('',(0.,-0.342020143325669,-0.939692620785908));
#14508=DIRECTION('',(0.,0.939692620785908,-0.342020143325669));
#14509=DIRECTION('',(-1.,0.,0.));
#14510=DIRECTION('',(-0.323615577118184,-0.889126490715988,0.323615577118185));
#14511=DIRECTION('',(-0.323615577118186,0.889126490715988,-0.323615577118185));
#14512=DIRECTION('',(0.,-0.342020143325669,0.939692620785908));
#14513=DIRECTION('',(0.,-0.939692620785908,-0.342020143325669));
#14514=DIRECTION('',(0.323615577118184,0.889126490715988,0.323615577118185));
#14515=DIRECTION('',(-1.,0.,0.));
#14516=DIRECTION('',(0.323615577118186,-0.889126490715988,-0.323615577118185));
#14517=DIRECTION('',(0.,-0.342020143325669,-0.939692620785908));
#14518=DIRECTION('',(0.,0.939692620785908,-0.342020143325669));
#14519=DIRECTION('',(-1.,0.,0.));
#14520=DIRECTION('',(-0.323615577118184,-0.889126490715988,0.323615577118185));
#14521=DIRECTION('',(-0.323615577118186,0.889126490715988,-0.323615577118185));
#14522=DIRECTION('',(0.,-0.342020143325669,0.939692620785908));
#14523=DIRECTION('',(0.,-0.939692620785908,-0.342020143325669));
#14524=DIRECTION('',(0.323615577118184,0.889126490715988,0.323615577118185));
#14525=DIRECTION('',(-1.,0.,0.));
#14526=DIRECTION('',(0.323615577118186,-0.889126490715988,-0.323615577118185));
#14527=DIRECTION('',(0.,-0.342020143325669,-0.939692620785908));
#14528=DIRECTION('',(0.,0.939692620785908,-0.342020143325669));
#14529=DIRECTION('',(-1.,0.,0.));
#14530=DIRECTION('',(-0.323615577118184,-0.889126490715988,0.323615577118185));
#14531=DIRECTION('',(-0.323615577118186,0.889126490715988,-0.323615577118185));
#14532=DIRECTION('',(0.,0.,-1.));
#14533=DIRECTION('',(-1.,0.,0.));
#14534=DIRECTION('',(-1.,0.,0.));
#14535=DIRECTION('',(0.,0.,1.));
#14536=DIRECTION('',(1.,0.,0.));
#14537=DIRECTION('',(1.,0.,0.));
#14538=DIRECTION('',(0.,0.,-1.));
#14539=DIRECTION('',(-1.,0.,0.));
#14540=DIRECTION('',(-1.,0.,0.));
#14541=DIRECTION('',(0.,0.,1.));
#14542=DIRECTION('',(1.,0.,0.));
#14543=DIRECTION('',(1.,0.,0.));
#14544=DIRECTION('',(0.,0.,-1.));
#14545=DIRECTION('',(-1.,0.,0.));
#14546=DIRECTION('',(-1.,0.,0.));
#14547=DIRECTION('',(0.,0.,1.));
#14548=DIRECTION('',(1.,0.,0.));
#14549=DIRECTION('',(1.,0.,0.));
#14550=DIRECTION('',(0.,0.,-1.));
#14551=DIRECTION('',(-1.,0.,0.));
#14552=DIRECTION('',(-1.,0.,0.));
#14553=DIRECTION('',(0.,0.,1.));
#14554=DIRECTION('',(1.,0.,0.));
#14555=DIRECTION('',(1.,0.,0.));
#14556=DIRECTION('',(0.,0.,-1.));
#14557=DIRECTION('',(-1.,0.,0.));
#14558=DIRECTION('',(-1.,0.,0.));
#14559=DIRECTION('',(0.,0.,1.));
#14560=DIRECTION('',(1.,0.,0.));
#14561=DIRECTION('',(1.,0.,0.));
#14562=DIRECTION('',(0.,0.,-1.));
#14563=DIRECTION('',(-1.,0.,0.));
#14564=DIRECTION('',(-1.,0.,0.));
#14565=DIRECTION('',(0.,0.,1.));
#14566=DIRECTION('',(1.,0.,0.));
#14567=DIRECTION('',(1.,0.,0.));
#14568=DIRECTION('',(0.,0.,-1.));
#14569=DIRECTION('',(-1.,0.,0.));
#14570=DIRECTION('',(-1.,0.,0.));
#14571=DIRECTION('',(0.,0.,1.));
#14572=DIRECTION('',(1.,0.,0.));
#14573=DIRECTION('',(1.,0.,0.));
#14574=DIRECTION('',(0.,0.,-1.));
#14575=DIRECTION('',(-1.,0.,0.));
#14576=DIRECTION('',(-1.,0.,0.));
#14577=DIRECTION('',(0.,0.,1.));
#14578=DIRECTION('',(1.,0.,0.));
#14579=DIRECTION('',(1.,0.,0.));
#14580=DIRECTION('',(0.,0.,-1.));
#14581=DIRECTION('',(-1.,0.,0.));
#14582=DIRECTION('',(-1.,0.,0.));
#14583=DIRECTION('',(0.,0.,1.));
#14584=DIRECTION('',(1.,0.,0.));
#14585=DIRECTION('',(1.,0.,0.));
#14586=DIRECTION('',(0.,0.,-1.));
#14587=DIRECTION('',(-1.,0.,0.));
#14588=DIRECTION('',(-1.,0.,0.));
#14589=DIRECTION('',(0.,0.,1.));
#14590=DIRECTION('',(1.,0.,0.));
#14591=DIRECTION('',(1.,0.,0.));
#14592=DIRECTION('',(0.,0.,-1.));
#14593=DIRECTION('',(-1.,0.,0.));
#14594=DIRECTION('',(-1.,0.,0.));
#14595=DIRECTION('',(0.,0.,1.));
#14596=DIRECTION('',(1.,0.,0.));
#14597=DIRECTION('',(1.,0.,0.));
#14598=DIRECTION('',(0.,0.,-1.));
#14599=DIRECTION('',(-1.,0.,0.));
#14600=DIRECTION('',(-1.,0.,0.));
#14601=DIRECTION('',(0.,0.,1.));
#14602=DIRECTION('',(1.,0.,0.));
#14603=DIRECTION('',(1.,0.,0.));
#14604=DIRECTION('',(0.,0.,-1.));
#14605=DIRECTION('',(-1.,0.,0.));
#14606=DIRECTION('',(-1.,0.,0.));
#14607=DIRECTION('',(0.,0.,1.));
#14608=DIRECTION('',(1.,0.,0.));
#14609=DIRECTION('',(1.,0.,0.));
#14610=DIRECTION('',(0.,0.,-1.));
#14611=DIRECTION('',(-1.,0.,0.));
#14612=DIRECTION('',(-1.,0.,0.));
#14613=DIRECTION('',(0.,0.,1.));
#14614=DIRECTION('',(1.,0.,0.));
#14615=DIRECTION('',(1.,0.,0.));
#14616=DIRECTION('',(0.,0.,-1.));
#14617=DIRECTION('',(-1.,0.,0.));
#14618=DIRECTION('',(-1.,0.,0.));
#14619=DIRECTION('',(0.,0.,1.));
#14620=DIRECTION('',(1.,0.,0.));
#14621=DIRECTION('',(1.,0.,0.));
#14622=DIRECTION('',(0.,0.,-1.));
#14623=DIRECTION('',(-1.,0.,0.));
#14624=DIRECTION('',(-1.,0.,0.));
#14625=DIRECTION('',(0.,0.,1.));
#14626=DIRECTION('',(1.,0.,0.));
#14627=DIRECTION('',(1.,0.,0.));
#14628=DIRECTION('',(0.,1.,0.));
#14629=DIRECTION('',(0.,0.,1.));
#14630=DIRECTION('',(-0.939692620785908,-0.34202014332567,0.));
#14631=DIRECTION('',(0.34202014332567,-0.939692620785908,0.));
#14632=DIRECTION('',(0.939692620785909,-0.342020143325668,0.));
#14633=DIRECTION('',(0.342020143325668,0.939692620785909,0.));
#14634=DIRECTION('',(-0.939692620785908,-0.34202014332567,0.));
#14635=DIRECTION('',(0.34202014332567,-0.939692620785908,0.));
#14636=DIRECTION('',(0.939692620785909,-0.342020143325668,0.));
#14637=DIRECTION('',(0.342020143325668,0.939692620785909,0.));
#14638=DIRECTION('',(-0.939692620785908,-0.34202014332567,0.));
#14639=DIRECTION('',(0.34202014332567,-0.939692620785908,0.));
#14640=DIRECTION('',(0.939692620785909,-0.342020143325668,0.));
#14641=DIRECTION('',(0.342020143325668,0.939692620785909,0.));
#14642=DIRECTION('',(-0.939692620785908,-0.34202014332567,0.));
#14643=DIRECTION('',(0.34202014332567,-0.939692620785908,0.));
#14644=DIRECTION('',(0.939692620785909,-0.342020143325668,0.));
#14645=DIRECTION('',(0.342020143325668,0.939692620785909,0.));
#14646=DIRECTION('',(-0.939692620785908,-0.34202014332567,0.));
#14647=DIRECTION('',(0.34202014332567,-0.939692620785908,0.));
#14648=DIRECTION('',(0.939692620785909,-0.342020143325668,0.));
#14649=DIRECTION('',(0.342020143325668,0.939692620785909,0.));
#14650=DIRECTION('',(-0.939692620785908,-0.34202014332567,0.));
#14651=DIRECTION('',(0.34202014332567,-0.939692620785908,0.));
#14652=DIRECTION('',(0.939692620785909,-0.342020143325668,0.));
#14653=DIRECTION('',(0.342020143325668,0.939692620785909,0.));
#14654=DIRECTION('',(-0.939692620785908,-0.34202014332567,0.));
#14655=DIRECTION('',(0.34202014332567,-0.939692620785908,0.));
#14656=DIRECTION('',(0.939692620785909,-0.342020143325668,0.));
#14657=DIRECTION('',(0.342020143325668,0.939692620785909,0.));
#14658=DIRECTION('',(-0.939692620785908,-0.34202014332567,0.));
#14659=DIRECTION('',(0.34202014332567,-0.939692620785908,0.));
#14660=DIRECTION('',(0.939692620785909,-0.342020143325668,0.));
#14661=DIRECTION('',(0.342020143325668,0.939692620785909,0.));
#14662=DIRECTION('',(-0.939692620785908,-0.34202014332567,0.));
#14663=DIRECTION('',(0.34202014332567,-0.939692620785908,0.));
#14664=DIRECTION('',(0.939692620785909,-0.342020143325668,0.));
#14665=DIRECTION('',(0.342020143325668,0.939692620785909,0.));
#14666=DIRECTION('',(-0.939692620785908,-0.34202014332567,0.));
#14667=DIRECTION('',(0.34202014332567,-0.939692620785908,0.));
#14668=DIRECTION('',(0.939692620785908,-0.342020143325669,0.));
#14669=DIRECTION('',(0.342020143325669,0.939692620785909,0.));
#14670=DIRECTION('',(-0.939692620785908,-0.34202014332567,0.));
#14671=DIRECTION('',(0.34202014332567,-0.939692620785908,0.));
#14672=DIRECTION('',(0.939692620785908,-0.342020143325669,0.));
#14673=DIRECTION('',(0.342020143325669,0.939692620785909,0.));
#14674=DIRECTION('',(-0.939692620785908,-0.342020143325669,0.));
#14675=DIRECTION('',(0.342020143325669,-0.939692620785908,0.));
#14676=DIRECTION('',(0.939692620785909,-0.342020143325668,0.));
#14677=DIRECTION('',(0.342020143325668,0.939692620785909,0.));
#14678=DIRECTION('',(-0.939692620785908,-0.342020143325669,0.));
#14679=DIRECTION('',(0.342020143325669,-0.939692620785908,0.));
#14680=DIRECTION('',(0.939692620785909,-0.342020143325668,0.));
#14681=DIRECTION('',(0.342020143325668,0.939692620785909,0.));
#14682=DIRECTION('',(-0.939692620785908,-0.34202014332567,0.));
#14683=DIRECTION('',(0.34202014332567,-0.939692620785908,0.));
#14684=DIRECTION('',(0.939692620785908,-0.34202014332567,0.));
#14685=DIRECTION('',(0.34202014332567,0.939692620785908,0.));
#14686=DIRECTION('',(-0.939692620785908,-0.34202014332567,0.));
#14687=DIRECTION('',(0.34202014332567,-0.939692620785908,0.));
#14688=DIRECTION('',(0.939692620785908,-0.34202014332567,0.));
#14689=DIRECTION('',(0.34202014332567,0.939692620785908,0.));
#14690=DIRECTION('',(-0.939692620785908,-0.34202014332567,0.));
#14691=DIRECTION('',(0.34202014332567,-0.939692620785908,0.));
#14692=DIRECTION('',(0.939692620785909,-0.342020143325668,0.));
#14693=DIRECTION('',(0.342020143325668,0.939692620785909,0.));
#14694=DIRECTION('',(0.,1.,1.17018410943563E-16));
#14695=DIRECTION('',(0.,-1.17018410943563E-16,1.));
#14696=DIRECTION('',(0.,0.,1.));
#14697=DIRECTION('',(1.,0.,0.));
#14698=DIRECTION('',(0.,0.,1.));
#14699=DIRECTION('',(1.,0.,0.));
#14700=DIRECTION('',(1.,0.,0.));
#14701=DIRECTION('',(0.,-1.,0.));
#14702=DIRECTION('',(-1.,0.,0.));
#14703=DIRECTION('',(0.,-1.,0.));
#14704=DIRECTION('',(1.,0.,0.));
#14705=DIRECTION('',(0.,0.,-1.));
#14706=DIRECTION('',(0.,-1.17018410943563E-16,-1.));
#14707=DIRECTION('',(0.,-1.,0.));
#14708=DIRECTION('',(0.,0.,1.));
#14709=DIRECTION('',(0.,0.,-1.));
#14710=DIRECTION('',(-1.,0.,0.));
#14711=DIRECTION('',(-1.,0.,0.));
#14712=DIRECTION('',(0.,-1.,0.));
#14713=DIRECTION('',(1.,0.,0.));
#14714=DIRECTION('',(-1.,0.,0.));
#14715=DIRECTION('',(0.,0.,1.));
#14716=DIRECTION('',(0.,1.17018410943563E-16,1.));
#14717=DIRECTION('',(0.,0.,-1.));
#14718=DIRECTION('',(0.,0.,1.));
#14719=DIRECTION('',(1.,0.,0.));
#14720=DIRECTION('',(-0.0669285134459525,-0.997757773253566,0.));
#14721=DIRECTION('',(-0.500000000000002,0.866025403784438,0.));
#14722=DIRECTION('',(0.0449551797207583,0.998989004852543,0.));
#14723=DIRECTION('',(0.,0.,1.));
#14724=DIRECTION('',(1.,0.,0.));
#14725=DIRECTION('',(0.0449551797207573,-0.998989004852543,0.));
#14726=DIRECTION('',(-0.499999999999999,-0.866025403784439,0.));
#14727=DIRECTION('',(-0.0669285134459517,0.997757773253566,0.));
#14728=DIRECTION('',(0.,-1.,0.));
#14729=DIRECTION('',(-1.,0.,0.));
#14730=DIRECTION('',(0.,-1.,0.));
#14731=DIRECTION('',(-1.,0.,0.));
#14732=DIRECTION('',(0.,0.,1.));
#14733=DIRECTION('',(0.,0.,-1.));
#14734=DIRECTION('',(0.,-1.,0.));
#14735=DIRECTION('',(0.,0.,-1.));
#14736=DIRECTION('',(0.,0.,-1.));
#14737=DIRECTION('',(-1.,0.,0.));
#14738=DIRECTION('',(0.0669285134459525,0.997757773253566,0.));
#14739=DIRECTION('',(0.,-1.,0.));
#14740=DIRECTION('',(1.,0.,0.));
#14741=DIRECTION('',(0.0669285134459517,-0.997757773253566,0.));
#14742=DIRECTION('',(0.499999999999999,0.866025403784439,0.));
#14743=DIRECTION('',(-0.0449551797207573,0.998989004852543,0.));
#14744=DIRECTION('',(0.,0.,-1.));
#14745=DIRECTION('',(-1.,0.,0.));
#14746=DIRECTION('',(-0.0449551797207583,-0.998989004852543,0.));
#14747=DIRECTION('',(0.500000000000002,-0.866025403784438,0.));
#14748=DIRECTION('',(0.,0.,1.));
#14749=DIRECTION('',(1.,0.,0.));
#14750=DIRECTION('',(-0.0669285134459525,-0.997757773253566,0.));
#14751=DIRECTION('',(-0.500000000000002,0.866025403784438,0.));
#14752=DIRECTION('',(0.0449551797207583,0.998989004852543,0.));
#14753=DIRECTION('',(0.,0.,1.));
#14754=DIRECTION('',(1.,0.,0.));
#14755=DIRECTION('',(0.0449551797207573,-0.998989004852543,0.));
#14756=DIRECTION('',(-0.499999999999999,-0.866025403784439,0.));
#14757=DIRECTION('',(-0.0669285134459517,0.997757773253566,0.));
#14758=DIRECTION('',(0.,-1.,0.));
#14759=DIRECTION('',(-1.,0.,0.));
#14760=DIRECTION('',(0.,-1.,0.));
#14761=DIRECTION('',(-1.,0.,0.));
#14762=DIRECTION('',(0.,0.,1.));
#14763=DIRECTION('',(0.,0.,-1.));
#14764=DIRECTION('',(0.,-1.,0.));
#14765=DIRECTION('',(0.,0.,-1.));
#14766=DIRECTION('',(0.,0.,-1.));
#14767=DIRECTION('',(-1.,0.,0.));
#14768=DIRECTION('',(0.0669285134459525,0.997757773253566,0.));
#14769=DIRECTION('',(0.,-1.,0.));
#14770=DIRECTION('',(1.,0.,0.));
#14771=DIRECTION('',(0.0669285134459517,-0.997757773253566,0.));
#14772=DIRECTION('',(0.499999999999999,0.866025403784439,0.));
#14773=DIRECTION('',(-0.0449551797207573,0.998989004852543,0.));
#14774=DIRECTION('',(0.,0.,-1.));
#14775=DIRECTION('',(-1.,0.,0.));
#14776=DIRECTION('',(-0.0449551797207583,-0.998989004852543,0.));
#14777=DIRECTION('',(0.500000000000002,-0.866025403784438,0.));
#14778=DIRECTION('',(0.,0.,1.));
#14779=DIRECTION('',(1.,0.,0.));
#14780=DIRECTION('',(-0.066928513445952,-0.997757773253566,0.));
#14781=DIRECTION('',(-0.499999999999999,0.866025403784439,0.));
#14782=DIRECTION('',(0.0449551797207578,0.998989004852543,0.));
#14783=DIRECTION('',(0.,0.,1.));
#14784=DIRECTION('',(1.,0.,0.));
#14785=DIRECTION('',(0.0449551797207581,-0.998989004852543,0.));
#14786=DIRECTION('',(-0.500000000000002,-0.866025403784438,0.));
#14787=DIRECTION('',(-0.066928513445952,0.997757773253566,0.));
#14788=DIRECTION('',(0.,-1.,0.));
#14789=DIRECTION('',(-1.,0.,0.));
#14790=DIRECTION('',(0.,-1.,0.));
#14791=DIRECTION('',(-1.,0.,0.));
#14792=DIRECTION('',(0.,0.,1.));
#14793=DIRECTION('',(0.,0.,-1.));
#14794=DIRECTION('',(0.,-1.,0.));
#14795=DIRECTION('',(0.,0.,-1.));
#14796=DIRECTION('',(0.,0.,-1.));
#14797=DIRECTION('',(-1.,0.,0.));
#14798=DIRECTION('',(0.066928513445952,0.997757773253566,0.));
#14799=DIRECTION('',(0.,-1.,0.));
#14800=DIRECTION('',(1.,0.,0.));
#14801=DIRECTION('',(0.066928513445952,-0.997757773253566,0.));
#14802=DIRECTION('',(0.500000000000002,0.866025403784438,0.));
#14803=DIRECTION('',(-0.0449551797207581,0.998989004852543,0.));
#14804=DIRECTION('',(0.,0.,-1.));
#14805=DIRECTION('',(-1.,0.,0.));
#14806=DIRECTION('',(-0.0449551797207578,-0.998989004852543,0.));
#14807=DIRECTION('',(0.499999999999999,-0.866025403784439,0.));
#14808=DIRECTION('',(0.,0.,1.));
#14809=DIRECTION('',(1.,0.,0.));
#14810=DIRECTION('',(-0.066928513445952,-0.997757773253566,0.));
#14811=DIRECTION('',(-0.499999999999999,0.866025403784439,0.));
#14812=DIRECTION('',(0.0449551797207578,0.998989004852543,0.));
#14813=DIRECTION('',(0.,0.,1.));
#14814=DIRECTION('',(1.,0.,0.));
#14815=DIRECTION('',(0.0449551797207581,-0.998989004852543,0.));
#14816=DIRECTION('',(-0.500000000000002,-0.866025403784438,0.));
#14817=DIRECTION('',(-0.066928513445952,0.997757773253566,0.));
#14818=DIRECTION('',(0.,-1.,0.));
#14819=DIRECTION('',(-1.,0.,0.));
#14820=DIRECTION('',(0.,-1.,0.));
#14821=DIRECTION('',(-1.,0.,0.));
#14822=DIRECTION('',(0.,0.,1.));
#14823=DIRECTION('',(0.,0.,-1.));
#14824=DIRECTION('',(0.,-1.,0.));
#14825=DIRECTION('',(0.,0.,-1.));
#14826=DIRECTION('',(0.,0.,-1.));
#14827=DIRECTION('',(-1.,0.,0.));
#14828=DIRECTION('',(0.066928513445952,0.997757773253566,0.));
#14829=DIRECTION('',(0.,-1.,0.));
#14830=DIRECTION('',(1.,0.,0.));
#14831=DIRECTION('',(0.066928513445952,-0.997757773253566,0.));
#14832=DIRECTION('',(0.500000000000002,0.866025403784438,0.));
#14833=DIRECTION('',(-0.0449551797207581,0.998989004852543,0.));
#14834=DIRECTION('',(0.,0.,-1.));
#14835=DIRECTION('',(-1.,0.,0.));
#14836=DIRECTION('',(-0.0449551797207578,-0.998989004852543,0.));
#14837=DIRECTION('',(0.499999999999999,-0.866025403784439,0.));
#14838=DIRECTION('',(0.,0.,1.));
#14839=DIRECTION('',(1.,0.,0.));
#14840=DIRECTION('',(-0.066928513445952,-0.997757773253566,0.));
#14841=DIRECTION('',(-0.500000000000002,0.866025403784438,0.));
#14842=DIRECTION('',(0.0449551797207579,0.998989004852543,0.));
#14843=DIRECTION('',(0.,0.,1.));
#14844=DIRECTION('',(1.,0.,0.));
#14845=DIRECTION('',(0.0449551797207579,-0.998989004852543,0.));
#14846=DIRECTION('',(-0.500000000000002,-0.866025403784438,0.));
#14847=DIRECTION('',(-0.066928513445952,0.997757773253566,0.));
#14848=DIRECTION('',(0.,-1.,0.));
#14849=DIRECTION('',(-1.,0.,0.));
#14850=DIRECTION('',(0.,-1.,0.));
#14851=DIRECTION('',(-1.,0.,0.));
#14852=DIRECTION('',(0.,0.,1.));
#14853=DIRECTION('',(0.,0.,-1.));
#14854=DIRECTION('',(0.,-1.,0.));
#14855=DIRECTION('',(0.,0.,-1.));
#14856=DIRECTION('',(0.,0.,-1.));
#14857=DIRECTION('',(-1.,0.,0.));
#14858=DIRECTION('',(0.066928513445952,0.997757773253566,0.));
#14859=DIRECTION('',(0.,-1.,0.));
#14860=DIRECTION('',(1.,0.,0.));
#14861=DIRECTION('',(0.066928513445952,-0.997757773253566,0.));
#14862=DIRECTION('',(0.500000000000002,0.866025403784438,0.));
#14863=DIRECTION('',(-0.0449551797207579,0.998989004852543,0.));
#14864=DIRECTION('',(0.,0.,-1.));
#14865=DIRECTION('',(-1.,0.,0.));
#14866=DIRECTION('',(-0.0449551797207579,-0.998989004852543,0.));
#14867=DIRECTION('',(0.500000000000002,-0.866025403784438,0.));
#14868=DIRECTION('',(0.,0.,1.));
#14869=DIRECTION('',(1.,0.,0.));
#14870=DIRECTION('',(-0.066928513445952,-0.997757773253566,0.));
#14871=DIRECTION('',(-0.500000000000002,0.866025403784438,0.));
#14872=DIRECTION('',(0.0449551797207579,0.998989004852543,0.));
#14873=DIRECTION('',(0.,0.,1.));
#14874=DIRECTION('',(1.,0.,0.));
#14875=DIRECTION('',(0.0449551797207579,-0.998989004852543,0.));
#14876=DIRECTION('',(-0.500000000000002,-0.866025403784438,0.));
#14877=DIRECTION('',(-0.066928513445952,0.997757773253566,0.));
#14878=DIRECTION('',(0.,-1.,0.));
#14879=DIRECTION('',(-1.,0.,0.));
#14880=DIRECTION('',(0.,-1.,0.));
#14881=DIRECTION('',(-1.,0.,0.));
#14882=DIRECTION('',(0.,0.,1.));
#14883=DIRECTION('',(0.,0.,-1.));
#14884=DIRECTION('',(0.,-1.,0.));
#14885=DIRECTION('',(0.,0.,-1.));
#14886=DIRECTION('',(0.,0.,-1.));
#14887=DIRECTION('',(-1.,0.,0.));
#14888=DIRECTION('',(0.066928513445952,0.997757773253566,0.));
#14889=DIRECTION('',(0.,-1.,0.));
#14890=DIRECTION('',(1.,0.,0.));
#14891=DIRECTION('',(0.066928513445952,-0.997757773253566,0.));
#14892=DIRECTION('',(0.500000000000002,0.866025403784438,0.));
#14893=DIRECTION('',(-0.0449551797207579,0.998989004852543,0.));
#14894=DIRECTION('',(0.,0.,-1.));
#14895=DIRECTION('',(-1.,0.,0.));
#14896=DIRECTION('',(-0.0449551797207579,-0.998989004852543,0.));
#14897=DIRECTION('',(0.500000000000002,-0.866025403784438,0.));
#14898=DIRECTION('',(0.,0.,1.));
#14899=DIRECTION('',(1.,0.,0.));
#14900=DIRECTION('',(-0.066928513445952,-0.997757773253566,0.));
#14901=DIRECTION('',(-0.500000000000001,0.866025403784438,0.));
#14902=DIRECTION('',(0.0449551797207579,0.998989004852543,0.));
#14903=DIRECTION('',(0.,0.,1.));
#14904=DIRECTION('',(1.,0.,0.));
#14905=DIRECTION('',(0.0449551797207579,-0.998989004852543,0.));
#14906=DIRECTION('',(-0.500000000000001,-0.866025403784438,0.));
#14907=DIRECTION('',(-0.066928513445952,0.997757773253566,0.));
#14908=DIRECTION('',(0.,-1.,0.));
#14909=DIRECTION('',(-1.,0.,0.));
#14910=DIRECTION('',(0.,-1.,0.));
#14911=DIRECTION('',(-1.,0.,0.));
#14912=DIRECTION('',(0.,0.,1.));
#14913=DIRECTION('',(0.,0.,-1.));
#14914=DIRECTION('',(0.,-1.,0.));
#14915=DIRECTION('',(0.,0.,-1.));
#14916=DIRECTION('',(0.,0.,-1.));
#14917=DIRECTION('',(-1.,0.,0.));
#14918=DIRECTION('',(0.066928513445952,0.997757773253566,0.));
#14919=DIRECTION('',(0.,-1.,0.));
#14920=DIRECTION('',(1.,0.,0.));
#14921=DIRECTION('',(0.066928513445952,-0.997757773253566,0.));
#14922=DIRECTION('',(0.500000000000001,0.866025403784438,0.));
#14923=DIRECTION('',(-0.0449551797207579,0.998989004852543,0.));
#14924=DIRECTION('',(0.,0.,-1.));
#14925=DIRECTION('',(-1.,0.,0.));
#14926=DIRECTION('',(-0.0449551797207579,-0.998989004852543,0.));
#14927=DIRECTION('',(0.500000000000001,-0.866025403784438,0.));
#14928=DIRECTION('',(0.,0.,1.));
#14929=DIRECTION('',(1.,0.,0.));
#14930=DIRECTION('',(-0.066928513445952,-0.997757773253566,0.));
#14931=DIRECTION('',(-0.500000000000001,0.866025403784438,0.));
#14932=DIRECTION('',(0.0449551797207579,0.998989004852543,0.));
#14933=DIRECTION('',(0.,0.,1.));
#14934=DIRECTION('',(1.,0.,0.));
#14935=DIRECTION('',(0.0449551797207579,-0.998989004852543,0.));
#14936=DIRECTION('',(-0.500000000000001,-0.866025403784438,0.));
#14937=DIRECTION('',(-0.066928513445952,0.997757773253566,0.));
#14938=DIRECTION('',(0.,-1.,0.));
#14939=DIRECTION('',(-1.,0.,0.));
#14940=DIRECTION('',(0.,-1.,0.));
#14941=DIRECTION('',(-1.,0.,0.));
#14942=DIRECTION('',(0.,0.,1.));
#14943=DIRECTION('',(0.,0.,-1.));
#14944=DIRECTION('',(0.,-1.,0.));
#14945=DIRECTION('',(0.,0.,-1.));
#14946=DIRECTION('',(0.,0.,-1.));
#14947=DIRECTION('',(-1.,0.,0.));
#14948=DIRECTION('',(0.066928513445952,0.997757773253566,0.));
#14949=DIRECTION('',(0.,-1.,0.));
#14950=DIRECTION('',(1.,0.,0.));
#14951=DIRECTION('',(0.066928513445952,-0.997757773253566,0.));
#14952=DIRECTION('',(0.500000000000001,0.866025403784438,0.));
#14953=DIRECTION('',(-0.0449551797207579,0.998989004852543,0.));
#14954=DIRECTION('',(0.,0.,-1.));
#14955=DIRECTION('',(-1.,0.,0.));
#14956=DIRECTION('',(-0.0449551797207579,-0.998989004852543,0.));
#14957=DIRECTION('',(0.500000000000001,-0.866025403784438,0.));
#14958=DIRECTION('',(0.,0.,1.));
#14959=DIRECTION('',(1.,0.,0.));
#14960=DIRECTION('',(-0.066928513445952,-0.997757773253566,0.));
#14961=DIRECTION('',(-0.500000000000001,0.866025403784438,0.));
#14962=DIRECTION('',(0.0449551797207579,0.998989004852543,0.));
#14963=DIRECTION('',(0.,0.,1.));
#14964=DIRECTION('',(1.,0.,0.));
#14965=DIRECTION('',(0.0449551797207579,-0.998989004852543,0.));
#14966=DIRECTION('',(-0.500000000000001,-0.866025403784438,0.));
#14967=DIRECTION('',(-0.066928513445952,0.997757773253566,0.));
#14968=DIRECTION('',(0.,-1.,0.));
#14969=DIRECTION('',(-1.,0.,0.));
#14970=DIRECTION('',(0.,-1.,0.));
#14971=DIRECTION('',(-1.,0.,0.));
#14972=DIRECTION('',(0.,0.,1.));
#14973=DIRECTION('',(0.,0.,-1.));
#14974=DIRECTION('',(0.,-1.,0.));
#14975=DIRECTION('',(0.,0.,-1.));
#14976=DIRECTION('',(0.,0.,-1.));
#14977=DIRECTION('',(-1.,0.,0.));
#14978=DIRECTION('',(0.066928513445952,0.997757773253566,0.));
#14979=DIRECTION('',(0.,-1.,0.));
#14980=DIRECTION('',(1.,0.,0.));
#14981=DIRECTION('',(0.066928513445952,-0.997757773253566,0.));
#14982=DIRECTION('',(0.500000000000001,0.866025403784438,0.));
#14983=DIRECTION('',(-0.0449551797207579,0.998989004852543,0.));
#14984=DIRECTION('',(0.,0.,-1.));
#14985=DIRECTION('',(-1.,0.,0.));
#14986=DIRECTION('',(-0.0449551797207579,-0.998989004852543,0.));
#14987=DIRECTION('',(0.500000000000001,-0.866025403784438,0.));
#14988=DIRECTION('',(0.,0.,1.));
#14989=DIRECTION('',(1.,0.,0.));
#14990=DIRECTION('',(-0.066928513445952,-0.997757773253566,0.));
#14991=DIRECTION('',(-0.500000000000001,0.866025403784438,0.));
#14992=DIRECTION('',(0.0449551797207579,0.998989004852543,0.));
#14993=DIRECTION('',(0.,0.,1.));
#14994=DIRECTION('',(1.,0.,0.));
#14995=DIRECTION('',(0.0449551797207579,-0.998989004852543,0.));
#14996=DIRECTION('',(-0.500000000000001,-0.866025403784438,0.));
#14997=DIRECTION('',(-0.066928513445952,0.997757773253566,0.));
#14998=DIRECTION('',(0.,-1.,0.));
#14999=DIRECTION('',(-1.,0.,0.));
#15000=DIRECTION('',(0.,-1.,0.));
#15001=DIRECTION('',(-1.,0.,0.));
#15002=DIRECTION('',(0.,0.,1.));
#15003=DIRECTION('',(0.,0.,-1.));
#15004=DIRECTION('',(0.,-1.,0.));
#15005=DIRECTION('',(0.,0.,-1.));
#15006=DIRECTION('',(0.,0.,-1.));
#15007=DIRECTION('',(-1.,0.,0.));
#15008=DIRECTION('',(0.066928513445952,0.997757773253566,0.));
#15009=DIRECTION('',(0.,-1.,0.));
#15010=DIRECTION('',(1.,0.,0.));
#15011=DIRECTION('',(0.066928513445952,-0.997757773253566,0.));
#15012=DIRECTION('',(0.500000000000001,0.866025403784438,0.));
#15013=DIRECTION('',(-0.0449551797207579,0.998989004852543,0.));
#15014=DIRECTION('',(0.,0.,-1.));
#15015=DIRECTION('',(-1.,0.,0.));
#15016=DIRECTION('',(-0.0449551797207579,-0.998989004852543,0.));
#15017=DIRECTION('',(0.500000000000001,-0.866025403784438,0.));
#15018=DIRECTION('',(0.,0.,1.));
#15019=DIRECTION('',(1.,0.,0.));
#15020=DIRECTION('',(-0.066928513445952,-0.997757773253566,0.));
#15021=DIRECTION('',(-0.500000000000001,0.866025403784438,0.));
#15022=DIRECTION('',(0.0449551797207578,0.998989004852543,0.));
#15023=DIRECTION('',(0.,0.,1.));
#15024=DIRECTION('',(1.,0.,0.));
#15025=DIRECTION('',(0.0449551797207579,-0.998989004852543,0.));
#15026=DIRECTION('',(-0.500000000000001,-0.866025403784438,0.));
#15027=DIRECTION('',(-0.0669285134459521,0.997757773253566,0.));
#15028=DIRECTION('',(0.,-1.,0.));
#15029=DIRECTION('',(-1.,0.,0.));
#15030=DIRECTION('',(0.,-1.,0.));
#15031=DIRECTION('',(-1.,0.,0.));
#15032=DIRECTION('',(0.,0.,1.));
#15033=DIRECTION('',(0.,0.,-1.));
#15034=DIRECTION('',(0.,-1.,0.));
#15035=DIRECTION('',(0.,0.,-1.));
#15036=DIRECTION('',(0.,0.,-1.));
#15037=DIRECTION('',(-1.,0.,0.));
#15038=DIRECTION('',(0.066928513445952,0.997757773253566,0.));
#15039=DIRECTION('',(0.,-1.,0.));
#15040=DIRECTION('',(1.,0.,0.));
#15041=DIRECTION('',(0.0669285134459521,-0.997757773253566,0.));
#15042=DIRECTION('',(0.500000000000001,0.866025403784438,0.));
#15043=DIRECTION('',(-0.0449551797207579,0.998989004852543,0.));
#15044=DIRECTION('',(0.,0.,-1.));
#15045=DIRECTION('',(-1.,0.,0.));
#15046=DIRECTION('',(-0.0449551797207578,-0.998989004852543,0.));
#15047=DIRECTION('',(0.500000000000001,-0.866025403784438,0.));
#15048=DIRECTION('',(0.,0.,1.));
#15049=DIRECTION('',(1.,0.,0.));
#15050=DIRECTION('',(-0.066928513445952,-0.997757773253566,0.));
#15051=DIRECTION('',(-0.500000000000001,0.866025403784438,0.));
#15052=DIRECTION('',(0.0449551797207578,0.998989004852543,0.));
#15053=DIRECTION('',(0.,0.,1.));
#15054=DIRECTION('',(1.,0.,0.));
#15055=DIRECTION('',(0.0449551797207579,-0.998989004852543,0.));
#15056=DIRECTION('',(-0.500000000000001,-0.866025403784438,0.));
#15057=DIRECTION('',(-0.0669285134459521,0.997757773253566,0.));
#15058=DIRECTION('',(0.,-1.,0.));
#15059=DIRECTION('',(-1.,0.,0.));
#15060=DIRECTION('',(0.,-1.,0.));
#15061=DIRECTION('',(-1.,0.,0.));
#15062=DIRECTION('',(0.,0.,1.));
#15063=DIRECTION('',(0.,0.,-1.));
#15064=DIRECTION('',(0.,-1.,0.));
#15065=DIRECTION('',(0.,0.,-1.));
#15066=DIRECTION('',(0.,0.,-1.));
#15067=DIRECTION('',(-1.,0.,0.));
#15068=DIRECTION('',(0.066928513445952,0.997757773253566,0.));
#15069=DIRECTION('',(0.,-1.,0.));
#15070=DIRECTION('',(1.,0.,0.));
#15071=DIRECTION('',(0.0669285134459521,-0.997757773253566,0.));
#15072=DIRECTION('',(0.500000000000001,0.866025403784438,0.));
#15073=DIRECTION('',(-0.0449551797207579,0.998989004852543,0.));
#15074=DIRECTION('',(0.,0.,-1.));
#15075=DIRECTION('',(-1.,0.,0.));
#15076=DIRECTION('',(-0.0449551797207578,-0.998989004852543,0.));
#15077=DIRECTION('',(0.500000000000001,-0.866025403784438,0.));
#15078=DIRECTION('',(0.,0.,1.));
#15079=DIRECTION('',(1.,0.,0.));
#15080=DIRECTION('',(-0.066928513445952,-0.997757773253566,0.));
#15081=DIRECTION('',(-0.500000000000002,0.866025403784438,0.));
#15082=DIRECTION('',(0.0449551797207581,0.998989004852543,0.));
#15083=DIRECTION('',(0.,0.,1.));
#15084=DIRECTION('',(1.,0.,0.));
#15085=DIRECTION('',(0.0449551797207581,-0.998989004852543,0.));
#15086=DIRECTION('',(-0.500000000000002,-0.866025403784438,0.));
#15087=DIRECTION('',(-0.066928513445952,0.997757773253566,0.));
#15088=DIRECTION('',(0.,-1.,0.));
#15089=DIRECTION('',(-1.,0.,0.));
#15090=DIRECTION('',(0.,-1.,0.));
#15091=DIRECTION('',(-1.,0.,0.));
#15092=DIRECTION('',(0.,0.,1.));
#15093=DIRECTION('',(0.,0.,-1.));
#15094=DIRECTION('',(0.,-1.,0.));
#15095=DIRECTION('',(0.,0.,-1.));
#15096=DIRECTION('',(0.,0.,-1.));
#15097=DIRECTION('',(-1.,0.,0.));
#15098=DIRECTION('',(0.066928513445952,0.997757773253566,0.));
#15099=DIRECTION('',(0.,-1.,0.));
#15100=DIRECTION('',(1.,0.,0.));
#15101=DIRECTION('',(0.066928513445952,-0.997757773253566,0.));
#15102=DIRECTION('',(0.500000000000002,0.866025403784438,0.));
#15103=DIRECTION('',(-0.0449551797207581,0.998989004852543,0.));
#15104=DIRECTION('',(0.,0.,-1.));
#15105=DIRECTION('',(-1.,0.,0.));
#15106=DIRECTION('',(-0.0449551797207581,-0.998989004852543,0.));
#15107=DIRECTION('',(0.500000000000002,-0.866025403784438,0.));
#15108=DIRECTION('',(0.,0.,1.));
#15109=DIRECTION('',(1.,0.,0.));
#15110=DIRECTION('',(-0.066928513445952,-0.997757773253566,0.));
#15111=DIRECTION('',(-0.500000000000002,0.866025403784438,0.));
#15112=DIRECTION('',(0.0449551797207581,0.998989004852543,0.));
#15113=DIRECTION('',(0.,0.,1.));
#15114=DIRECTION('',(1.,0.,0.));
#15115=DIRECTION('',(0.0449551797207581,-0.998989004852543,0.));
#15116=DIRECTION('',(-0.500000000000002,-0.866025403784438,0.));
#15117=DIRECTION('',(-0.066928513445952,0.997757773253566,0.));
#15118=DIRECTION('',(0.,-1.,0.));
#15119=DIRECTION('',(-1.,0.,0.));
#15120=DIRECTION('',(0.,-1.,0.));
#15121=DIRECTION('',(-1.,0.,0.));
#15122=DIRECTION('',(0.,0.,1.));
#15123=DIRECTION('',(0.,0.,-1.));
#15124=DIRECTION('',(0.,-1.,0.));
#15125=DIRECTION('',(0.,0.,-1.));
#15126=DIRECTION('',(0.,0.,-1.));
#15127=DIRECTION('',(-1.,0.,0.));
#15128=DIRECTION('',(0.066928513445952,0.997757773253566,0.));
#15129=DIRECTION('',(0.,-1.,0.));
#15130=DIRECTION('',(1.,0.,0.));
#15131=DIRECTION('',(0.066928513445952,-0.997757773253566,0.));
#15132=DIRECTION('',(0.500000000000002,0.866025403784438,0.));
#15133=DIRECTION('',(-0.0449551797207581,0.998989004852543,0.));
#15134=DIRECTION('',(0.,0.,-1.));
#15135=DIRECTION('',(-1.,0.,0.));
#15136=DIRECTION('',(-0.0449551797207581,-0.998989004852543,0.));
#15137=DIRECTION('',(0.500000000000002,-0.866025403784438,0.));
#15138=DIRECTION('',(0.,0.,1.));
#15139=DIRECTION('',(1.,0.,0.));
#15140=DIRECTION('',(-0.066928513445952,-0.997757773253566,0.));
#15141=DIRECTION('',(-0.500000000000002,0.866025403784438,0.));
#15142=DIRECTION('',(0.0449551797207578,0.998989004852543,0.));
#15143=DIRECTION('',(0.,0.,1.));
#15144=DIRECTION('',(1.,0.,0.));
#15145=DIRECTION('',(0.0449551797207578,-0.998989004852543,0.));
#15146=DIRECTION('',(-0.500000000000002,-0.866025403784438,0.));
#15147=DIRECTION('',(-0.066928513445952,0.997757773253566,0.));
#15148=DIRECTION('',(0.,-1.,0.));
#15149=DIRECTION('',(-1.,0.,0.));
#15150=DIRECTION('',(0.,-1.,0.));
#15151=DIRECTION('',(-1.,0.,0.));
#15152=DIRECTION('',(0.,0.,1.));
#15153=DIRECTION('',(0.,0.,-1.));
#15154=DIRECTION('',(0.,-1.,0.));
#15155=DIRECTION('',(0.,0.,-1.));
#15156=DIRECTION('',(0.,0.,-1.));
#15157=DIRECTION('',(-1.,0.,0.));
#15158=DIRECTION('',(0.066928513445952,0.997757773253566,0.));
#15159=DIRECTION('',(0.,-1.,0.));
#15160=DIRECTION('',(1.,0.,0.));
#15161=DIRECTION('',(0.066928513445952,-0.997757773253566,0.));
#15162=DIRECTION('',(0.500000000000002,0.866025403784438,0.));
#15163=DIRECTION('',(-0.0449551797207578,0.998989004852543,0.));
#15164=DIRECTION('',(0.,0.,-1.));
#15165=DIRECTION('',(-1.,0.,0.));
#15166=DIRECTION('',(-0.0449551797207578,-0.998989004852543,0.));
#15167=DIRECTION('',(0.500000000000002,-0.866025403784438,0.));
#15168=DIRECTION('',(0.,0.,1.));
#15169=DIRECTION('',(1.,0.,0.));
#15170=DIRECTION('',(-0.066928513445952,-0.997757773253566,0.));
#15171=DIRECTION('',(-0.500000000000002,0.866025403784438,0.));
#15172=DIRECTION('',(0.0449551797207578,0.998989004852543,0.));
#15173=DIRECTION('',(0.,0.,1.));
#15174=DIRECTION('',(1.,0.,0.));
#15175=DIRECTION('',(0.0449551797207578,-0.998989004852543,0.));
#15176=DIRECTION('',(-0.500000000000002,-0.866025403784438,0.));
#15177=DIRECTION('',(-0.066928513445952,0.997757773253566,0.));
#15178=DIRECTION('',(0.,-1.,0.));
#15179=DIRECTION('',(-1.,0.,0.));
#15180=DIRECTION('',(0.,-1.,0.));
#15181=DIRECTION('',(-1.,0.,0.));
#15182=DIRECTION('',(0.,0.,1.));
#15183=DIRECTION('',(0.,0.,-1.));
#15184=DIRECTION('',(0.,-1.,0.));
#15185=DIRECTION('',(0.,0.,-1.));
#15186=DIRECTION('',(0.,0.,-1.));
#15187=DIRECTION('',(-1.,0.,0.));
#15188=DIRECTION('',(0.066928513445952,0.997757773253566,0.));
#15189=DIRECTION('',(0.,-1.,0.));
#15190=DIRECTION('',(1.,0.,0.));
#15191=DIRECTION('',(0.066928513445952,-0.997757773253566,0.));
#15192=DIRECTION('',(0.500000000000002,0.866025403784438,0.));
#15193=DIRECTION('',(-0.0449551797207578,0.998989004852543,0.));
#15194=DIRECTION('',(0.,0.,-1.));
#15195=DIRECTION('',(-1.,0.,0.));
#15196=DIRECTION('',(-0.0449551797207578,-0.998989004852543,0.));
#15197=DIRECTION('',(0.500000000000002,-0.866025403784438,0.));
#15198=DIRECTION('',(1.,0.,0.));
#15199=DIRECTION('',(0.,0.,-1.));
#15200=DIRECTION('',(0.,0.,1.));
#15201=DIRECTION('',(0.,0.,1.));
#15202=DIRECTION('',(1.,0.,0.));
#15203=DIRECTION('',(0.,0.,-1.));
#15204=DIRECTION('',(0.,0.,1.));
#15205=DIRECTION('',(0.,0.,1.));
#15206=DIRECTION('',(1.,0.,0.));
#15207=DIRECTION('',(0.,0.,-1.));
#15208=DIRECTION('',(0.,0.,1.));
#15209=DIRECTION('',(0.,0.,1.));
#15210=DIRECTION('',(1.,0.,0.));
#15211=DIRECTION('',(0.,0.,-1.));
#15212=DIRECTION('',(0.,0.,1.));
#15213=DIRECTION('',(0.,0.,1.));
#15214=DIRECTION('',(1.,0.,0.));
#15215=DIRECTION('',(0.,0.,-1.));
#15216=DIRECTION('',(0.,0.,1.));
#15217=DIRECTION('',(0.,0.,1.));
#15218=DIRECTION('',(1.,0.,0.));
#15219=DIRECTION('',(0.,0.,-1.));
#15220=DIRECTION('',(0.,0.,1.));
#15221=DIRECTION('',(0.,0.,1.));
#15222=DIRECTION('',(1.,0.,0.));
#15223=DIRECTION('',(0.,0.,-1.));
#15224=DIRECTION('',(0.,0.,1.));
#15225=DIRECTION('',(0.,0.,1.));
#15226=DIRECTION('',(1.,0.,0.));
#15227=DIRECTION('',(0.,0.,-1.));
#15228=DIRECTION('',(0.,0.,1.));
#15229=DIRECTION('',(0.,0.,1.));
#15230=DIRECTION('',(1.,0.,0.));
#15231=DIRECTION('',(0.,0.,-1.));
#15232=DIRECTION('',(0.,0.,1.));
#15233=DIRECTION('',(0.,0.,1.));
#15234=DIRECTION('',(1.,0.,0.));
#15235=DIRECTION('',(0.,0.,-1.));
#15236=DIRECTION('',(0.,0.,1.));
#15237=DIRECTION('',(0.,0.,1.));
#15238=DIRECTION('',(1.,0.,0.));
#15239=DIRECTION('',(0.,0.,-1.));
#15240=DIRECTION('',(0.,0.,1.));
#15241=DIRECTION('',(0.,0.,1.));
#15242=DIRECTION('',(1.,0.,0.));
#15243=DIRECTION('',(0.,0.,-1.));
#15244=DIRECTION('',(0.,0.,1.));
#15245=DIRECTION('',(0.,0.,1.));
#15246=DIRECTION('',(1.,0.,0.));
#15247=DIRECTION('',(0.,0.,-1.));
#15248=DIRECTION('',(0.,0.,1.));
#15249=DIRECTION('',(0.,0.,1.));
#15250=DIRECTION('',(1.,0.,0.));
#15251=DIRECTION('',(0.,0.,-1.));
#15252=DIRECTION('',(0.,0.,1.));
#15253=DIRECTION('',(0.,0.,1.));
#15254=DIRECTION('',(1.,0.,0.));
#15255=DIRECTION('',(0.,0.,-1.));
#15256=DIRECTION('',(0.,0.,1.));
#15257=DIRECTION('',(0.,0.,1.));
#15258=DIRECTION('',(1.,0.,0.));
#15259=DIRECTION('',(0.,0.,-1.));
#15260=DIRECTION('',(0.,0.,1.));
#15261=DIRECTION('',(0.,0.,1.));
#15262=DIRECTION('',(0.,1.,0.));
#15263=DIRECTION('',(0.,0.,1.));
#15264=DIRECTION('',(-0.997757773253566,0.066928513445952,0.));
#15265=DIRECTION('',(-0.066928513445952,-0.997757773253566,0.));
#15266=DIRECTION('',(0.,0.,-1.));
#15267=DIRECTION('',(0.997757773253566,0.066928513445952,0.));
#15268=DIRECTION('',(-0.066928513445952,0.997757773253566,0.));
#15269=DIRECTION('',(0.,0.,-1.));
#15270=DIRECTION('',(-0.866025403784438,0.500000000000002,0.));
#15271=DIRECTION('',(-0.500000000000002,-0.866025403784438,0.));
#15272=DIRECTION('',(0.,0.,-1.));
#15273=DIRECTION('',(-0.998989004852543,-0.0449551797207578,0.));
#15274=DIRECTION('',(0.0449551797207578,-0.998989004852543,0.));
#15275=DIRECTION('',(0.,0.,-1.));
#15276=DIRECTION('',(0.,0.,-1.));
#15277=DIRECTION('',(-1.,0.,0.));
#15278=DIRECTION('',(0.,0.,-1.));
#15279=DIRECTION('',(0.998989004852543,-0.0449551797207578,0.));
#15280=DIRECTION('',(0.0449551797207578,0.998989004852543,0.));
#15281=DIRECTION('',(0.,0.,-1.));
#15282=DIRECTION('',(0.866025403784438,0.500000000000002,0.));
#15283=DIRECTION('',(-0.500000000000002,0.866025403784438,0.));
#15284=DIRECTION('',(-0.997757773253566,0.066928513445952,0.));
#15285=DIRECTION('',(-0.066928513445952,-0.997757773253566,0.));
#15286=DIRECTION('',(0.,0.,-1.));
#15287=DIRECTION('',(0.997757773253566,0.066928513445952,0.));
#15288=DIRECTION('',(-0.066928513445952,0.997757773253566,0.));
#15289=DIRECTION('',(0.,0.,-1.));
#15290=DIRECTION('',(-0.866025403784438,0.500000000000002,0.));
#15291=DIRECTION('',(-0.500000000000002,-0.866025403784438,0.));
#15292=DIRECTION('',(0.,0.,-1.));
#15293=DIRECTION('',(-0.998989004852543,-0.0449551797207578,0.));
#15294=DIRECTION('',(0.0449551797207578,-0.998989004852543,0.));
#15295=DIRECTION('',(0.,0.,-1.));
#15296=DIRECTION('',(0.,0.,-1.));
#15297=DIRECTION('',(-1.,0.,0.));
#15298=DIRECTION('',(0.,0.,-1.));
#15299=DIRECTION('',(0.998989004852543,-0.0449551797207578,0.));
#15300=DIRECTION('',(0.0449551797207578,0.998989004852543,0.));
#15301=DIRECTION('',(0.,0.,-1.));
#15302=DIRECTION('',(0.866025403784438,0.500000000000002,0.));
#15303=DIRECTION('',(-0.500000000000002,0.866025403784438,0.));
#15304=DIRECTION('',(-0.997757773253566,0.066928513445952,0.));
#15305=DIRECTION('',(-0.066928513445952,-0.997757773253566,0.));
#15306=DIRECTION('',(0.,0.,-1.));
#15307=DIRECTION('',(0.997757773253566,0.066928513445952,0.));
#15308=DIRECTION('',(-0.066928513445952,0.997757773253566,0.));
#15309=DIRECTION('',(0.,0.,-1.));
#15310=DIRECTION('',(-0.866025403784438,0.500000000000002,0.));
#15311=DIRECTION('',(-0.500000000000002,-0.866025403784438,0.));
#15312=DIRECTION('',(0.,0.,-1.));
#15313=DIRECTION('',(-0.998989004852543,-0.0449551797207581,0.));
#15314=DIRECTION('',(0.0449551797207581,-0.998989004852543,0.));
#15315=DIRECTION('',(0.,0.,-1.));
#15316=DIRECTION('',(0.,0.,-1.));
#15317=DIRECTION('',(-1.,0.,0.));
#15318=DIRECTION('',(0.,0.,-1.));
#15319=DIRECTION('',(0.998989004852543,-0.0449551797207581,0.));
#15320=DIRECTION('',(0.0449551797207581,0.998989004852543,0.));
#15321=DIRECTION('',(0.,0.,-1.));
#15322=DIRECTION('',(0.866025403784438,0.500000000000002,0.));
#15323=DIRECTION('',(-0.500000000000002,0.866025403784438,0.));
#15324=DIRECTION('',(-0.997757773253566,0.066928513445952,0.));
#15325=DIRECTION('',(-0.066928513445952,-0.997757773253566,0.));
#15326=DIRECTION('',(0.,0.,-1.));
#15327=DIRECTION('',(0.997757773253566,0.066928513445952,0.));
#15328=DIRECTION('',(-0.066928513445952,0.997757773253566,0.));
#15329=DIRECTION('',(0.,0.,-1.));
#15330=DIRECTION('',(-0.866025403784438,0.500000000000002,0.));
#15331=DIRECTION('',(-0.500000000000002,-0.866025403784438,0.));
#15332=DIRECTION('',(0.,0.,-1.));
#15333=DIRECTION('',(-0.998989004852543,-0.0449551797207581,0.));
#15334=DIRECTION('',(0.0449551797207581,-0.998989004852543,0.));
#15335=DIRECTION('',(0.,0.,-1.));
#15336=DIRECTION('',(0.,0.,-1.));
#15337=DIRECTION('',(-1.,0.,0.));
#15338=DIRECTION('',(0.,0.,-1.));
#15339=DIRECTION('',(0.998989004852543,-0.0449551797207581,0.));
#15340=DIRECTION('',(0.0449551797207581,0.998989004852543,0.));
#15341=DIRECTION('',(0.,0.,-1.));
#15342=DIRECTION('',(0.866025403784438,0.500000000000002,0.));
#15343=DIRECTION('',(-0.500000000000002,0.866025403784438,0.));
#15344=DIRECTION('',(-0.997757773253566,0.066928513445952,0.));
#15345=DIRECTION('',(-0.066928513445952,-0.997757773253566,0.));
#15346=DIRECTION('',(0.,0.,-1.));
#15347=DIRECTION('',(0.997757773253566,0.0669285134459521,0.));
#15348=DIRECTION('',(-0.0669285134459521,0.997757773253566,0.));
#15349=DIRECTION('',(0.,0.,-1.));
#15350=DIRECTION('',(-0.866025403784438,0.5,0.));
#15351=DIRECTION('',(-0.500000000000001,-0.866025403784438,0.));
#15352=DIRECTION('',(0.,0.,-1.));
#15353=DIRECTION('',(-0.998989004852543,-0.0449551797207579,0.));
#15354=DIRECTION('',(0.0449551797207579,-0.998989004852543,0.));
#15355=DIRECTION('',(0.,0.,-1.));
#15356=DIRECTION('',(0.,0.,-1.));
#15357=DIRECTION('',(-1.,0.,0.));
#15358=DIRECTION('',(0.,0.,-1.));
#15359=DIRECTION('',(0.998989004852543,-0.0449551797207578,0.));
#15360=DIRECTION('',(0.0449551797207578,0.998989004852543,0.));
#15361=DIRECTION('',(0.,0.,-1.));
#15362=DIRECTION('',(0.866025403784438,0.5,0.));
#15363=DIRECTION('',(-0.500000000000001,0.866025403784438,0.));
#15364=DIRECTION('',(-0.997757773253566,0.066928513445952,0.));
#15365=DIRECTION('',(-0.066928513445952,-0.997757773253566,0.));
#15366=DIRECTION('',(0.,0.,-1.));
#15367=DIRECTION('',(0.997757773253566,0.0669285134459521,0.));
#15368=DIRECTION('',(-0.0669285134459521,0.997757773253566,0.));
#15369=DIRECTION('',(0.,0.,-1.));
#15370=DIRECTION('',(-0.866025403784438,0.5,0.));
#15371=DIRECTION('',(-0.500000000000001,-0.866025403784438,0.));
#15372=DIRECTION('',(0.,0.,-1.));
#15373=DIRECTION('',(-0.998989004852543,-0.0449551797207579,0.));
#15374=DIRECTION('',(0.0449551797207579,-0.998989004852543,0.));
#15375=DIRECTION('',(0.,0.,-1.));
#15376=DIRECTION('',(0.,0.,-1.));
#15377=DIRECTION('',(-1.,0.,0.));
#15378=DIRECTION('',(0.,0.,-1.));
#15379=DIRECTION('',(0.998989004852543,-0.0449551797207578,0.));
#15380=DIRECTION('',(0.0449551797207578,0.998989004852543,0.));
#15381=DIRECTION('',(0.,0.,-1.));
#15382=DIRECTION('',(0.866025403784438,0.5,0.));
#15383=DIRECTION('',(-0.500000000000001,0.866025403784438,0.));
#15384=DIRECTION('',(-0.997757773253566,0.066928513445952,0.));
#15385=DIRECTION('',(-0.066928513445952,-0.997757773253566,0.));
#15386=DIRECTION('',(0.,0.,-1.));
#15387=DIRECTION('',(0.997757773253566,0.066928513445952,0.));
#15388=DIRECTION('',(-0.066928513445952,0.997757773253566,0.));
#15389=DIRECTION('',(0.,0.,-1.));
#15390=DIRECTION('',(-0.866025403784438,0.500000000000001,0.));
#15391=DIRECTION('',(-0.500000000000001,-0.866025403784438,0.));
#15392=DIRECTION('',(0.,0.,-1.));
#15393=DIRECTION('',(-0.998989004852543,-0.0449551797207579,0.));
#15394=DIRECTION('',(0.0449551797207579,-0.998989004852543,0.));
#15395=DIRECTION('',(0.,0.,-1.));
#15396=DIRECTION('',(0.,0.,-1.));
#15397=DIRECTION('',(-1.,0.,0.));
#15398=DIRECTION('',(0.,0.,-1.));
#15399=DIRECTION('',(0.998989004852543,-0.0449551797207579,0.));
#15400=DIRECTION('',(0.0449551797207579,0.998989004852543,0.));
#15401=DIRECTION('',(0.,0.,-1.));
#15402=DIRECTION('',(0.866025403784438,0.500000000000001,0.));
#15403=DIRECTION('',(-0.500000000000001,0.866025403784438,0.));
#15404=DIRECTION('',(-0.997757773253566,0.066928513445952,0.));
#15405=DIRECTION('',(-0.066928513445952,-0.997757773253566,0.));
#15406=DIRECTION('',(0.,0.,-1.));
#15407=DIRECTION('',(0.997757773253566,0.066928513445952,0.));
#15408=DIRECTION('',(-0.066928513445952,0.997757773253566,0.));
#15409=DIRECTION('',(0.,0.,-1.));
#15410=DIRECTION('',(-0.866025403784438,0.500000000000001,0.));
#15411=DIRECTION('',(-0.500000000000001,-0.866025403784438,0.));
#15412=DIRECTION('',(0.,0.,-1.));
#15413=DIRECTION('',(-0.998989004852543,-0.0449551797207579,0.));
#15414=DIRECTION('',(0.0449551797207579,-0.998989004852543,0.));
#15415=DIRECTION('',(0.,0.,-1.));
#15416=DIRECTION('',(0.,0.,-1.));
#15417=DIRECTION('',(-1.,0.,0.));
#15418=DIRECTION('',(0.,0.,-1.));
#15419=DIRECTION('',(0.998989004852543,-0.0449551797207579,0.));
#15420=DIRECTION('',(0.0449551797207579,0.998989004852543,0.));
#15421=DIRECTION('',(0.,0.,-1.));
#15422=DIRECTION('',(0.866025403784438,0.500000000000001,0.));
#15423=DIRECTION('',(-0.500000000000001,0.866025403784438,0.));
#15424=DIRECTION('',(-0.997757773253566,0.066928513445952,0.));
#15425=DIRECTION('',(-0.066928513445952,-0.997757773253566,0.));
#15426=DIRECTION('',(0.,0.,-1.));
#15427=DIRECTION('',(0.997757773253566,0.066928513445952,0.));
#15428=DIRECTION('',(-0.066928513445952,0.997757773253566,0.));
#15429=DIRECTION('',(0.,0.,-1.));
#15430=DIRECTION('',(-0.866025403784438,0.500000000000001,0.));
#15431=DIRECTION('',(-0.500000000000001,-0.866025403784438,0.));
#15432=DIRECTION('',(0.,0.,-1.));
#15433=DIRECTION('',(-0.998989004852543,-0.0449551797207579,0.));
#15434=DIRECTION('',(0.0449551797207579,-0.998989004852543,0.));
#15435=DIRECTION('',(0.,0.,-1.));
#15436=DIRECTION('',(0.,0.,-1.));
#15437=DIRECTION('',(-1.,0.,0.));
#15438=DIRECTION('',(0.,0.,-1.));
#15439=DIRECTION('',(0.998989004852543,-0.0449551797207579,0.));
#15440=DIRECTION('',(0.0449551797207579,0.998989004852543,0.));
#15441=DIRECTION('',(0.,0.,-1.));
#15442=DIRECTION('',(0.866025403784438,0.500000000000001,0.));
#15443=DIRECTION('',(-0.500000000000001,0.866025403784438,0.));
#15444=DIRECTION('',(-0.997757773253566,0.066928513445952,0.));
#15445=DIRECTION('',(-0.066928513445952,-0.997757773253566,0.));
#15446=DIRECTION('',(0.,0.,-1.));
#15447=DIRECTION('',(0.997757773253566,0.066928513445952,0.));
#15448=DIRECTION('',(-0.066928513445952,0.997757773253566,0.));
#15449=DIRECTION('',(0.,0.,-1.));
#15450=DIRECTION('',(-0.866025403784438,0.500000000000001,0.));
#15451=DIRECTION('',(-0.500000000000001,-0.866025403784438,0.));
#15452=DIRECTION('',(0.,0.,-1.));
#15453=DIRECTION('',(-0.998989004852543,-0.0449551797207579,0.));
#15454=DIRECTION('',(0.0449551797207579,-0.998989004852543,0.));
#15455=DIRECTION('',(0.,0.,-1.));
#15456=DIRECTION('',(0.,0.,-1.));
#15457=DIRECTION('',(-1.,0.,0.));
#15458=DIRECTION('',(0.,0.,-1.));
#15459=DIRECTION('',(0.998989004852543,-0.0449551797207579,0.));
#15460=DIRECTION('',(0.0449551797207579,0.998989004852543,0.));
#15461=DIRECTION('',(0.,0.,-1.));
#15462=DIRECTION('',(0.866025403784438,0.500000000000001,0.));
#15463=DIRECTION('',(-0.500000000000001,0.866025403784438,0.));
#15464=DIRECTION('',(-0.997757773253566,0.066928513445952,0.));
#15465=DIRECTION('',(-0.066928513445952,-0.997757773253566,0.));
#15466=DIRECTION('',(0.,0.,-1.));
#15467=DIRECTION('',(0.997757773253566,0.066928513445952,0.));
#15468=DIRECTION('',(-0.066928513445952,0.997757773253566,0.));
#15469=DIRECTION('',(0.,0.,-1.));
#15470=DIRECTION('',(-0.866025403784438,0.500000000000002,0.));
#15471=DIRECTION('',(-0.500000000000002,-0.866025403784438,0.));
#15472=DIRECTION('',(0.,0.,-1.));
#15473=DIRECTION('',(-0.998989004852543,-0.0449551797207579,0.));
#15474=DIRECTION('',(0.0449551797207579,-0.998989004852543,0.));
#15475=DIRECTION('',(0.,0.,-1.));
#15476=DIRECTION('',(0.,0.,-1.));
#15477=DIRECTION('',(-1.,0.,0.));
#15478=DIRECTION('',(0.,0.,-1.));
#15479=DIRECTION('',(0.998989004852543,-0.0449551797207579,0.));
#15480=DIRECTION('',(0.0449551797207579,0.998989004852543,0.));
#15481=DIRECTION('',(0.,0.,-1.));
#15482=DIRECTION('',(0.866025403784438,0.500000000000002,0.));
#15483=DIRECTION('',(-0.500000000000002,0.866025403784438,0.));
#15484=DIRECTION('',(-0.997757773253566,0.066928513445952,0.));
#15485=DIRECTION('',(-0.066928513445952,-0.997757773253566,0.));
#15486=DIRECTION('',(0.,0.,-1.));
#15487=DIRECTION('',(0.997757773253566,0.066928513445952,0.));
#15488=DIRECTION('',(-0.066928513445952,0.997757773253566,0.));
#15489=DIRECTION('',(0.,0.,-1.));
#15490=DIRECTION('',(-0.866025403784438,0.500000000000002,0.));
#15491=DIRECTION('',(-0.500000000000002,-0.866025403784438,0.));
#15492=DIRECTION('',(0.,0.,-1.));
#15493=DIRECTION('',(-0.998989004852543,-0.0449551797207579,0.));
#15494=DIRECTION('',(0.0449551797207579,-0.998989004852543,0.));
#15495=DIRECTION('',(0.,0.,-1.));
#15496=DIRECTION('',(0.,0.,-1.));
#15497=DIRECTION('',(-1.,0.,0.));
#15498=DIRECTION('',(0.,0.,-1.));
#15499=DIRECTION('',(0.998989004852543,-0.0449551797207579,0.));
#15500=DIRECTION('',(0.0449551797207579,0.998989004852543,0.));
#15501=DIRECTION('',(0.,0.,-1.));
#15502=DIRECTION('',(0.866025403784438,0.500000000000002,0.));
#15503=DIRECTION('',(-0.500000000000002,0.866025403784438,0.));
#15504=DIRECTION('',(-0.997757773253566,0.066928513445952,0.));
#15505=DIRECTION('',(-0.066928513445952,-0.997757773253566,0.));
#15506=DIRECTION('',(0.,0.,-1.));
#15507=DIRECTION('',(0.997757773253566,0.066928513445952,0.));
#15508=DIRECTION('',(-0.066928513445952,0.997757773253566,0.));
#15509=DIRECTION('',(0.,0.,-1.));
#15510=DIRECTION('',(-0.866025403784438,0.500000000000002,0.));
#15511=DIRECTION('',(-0.500000000000002,-0.866025403784438,0.));
#15512=DIRECTION('',(0.,0.,-1.));
#15513=DIRECTION('',(-0.998989004852543,-0.0449551797207581,0.));
#15514=DIRECTION('',(0.0449551797207581,-0.998989004852543,0.));
#15515=DIRECTION('',(0.,0.,-1.));
#15516=DIRECTION('',(0.,0.,-1.));
#15517=DIRECTION('',(-1.,0.,0.));
#15518=DIRECTION('',(0.,0.,-1.));
#15519=DIRECTION('',(0.998989004852543,-0.0449551797207578,0.));
#15520=DIRECTION('',(0.0449551797207578,0.998989004852543,0.));
#15521=DIRECTION('',(0.,0.,-1.));
#15522=DIRECTION('',(0.866025403784439,0.499999999999999,0.));
#15523=DIRECTION('',(-0.499999999999999,0.866025403784439,0.));
#15524=DIRECTION('',(-0.997757773253566,0.066928513445952,0.));
#15525=DIRECTION('',(-0.066928513445952,-0.997757773253566,0.));
#15526=DIRECTION('',(0.,0.,-1.));
#15527=DIRECTION('',(0.997757773253566,0.066928513445952,0.));
#15528=DIRECTION('',(-0.066928513445952,0.997757773253566,0.));
#15529=DIRECTION('',(0.,0.,-1.));
#15530=DIRECTION('',(-0.866025403784438,0.500000000000002,0.));
#15531=DIRECTION('',(-0.500000000000002,-0.866025403784438,0.));
#15532=DIRECTION('',(0.,0.,-1.));
#15533=DIRECTION('',(-0.998989004852543,-0.0449551797207581,0.));
#15534=DIRECTION('',(0.0449551797207581,-0.998989004852543,0.));
#15535=DIRECTION('',(0.,0.,-1.));
#15536=DIRECTION('',(0.,0.,-1.));
#15537=DIRECTION('',(-1.,0.,0.));
#15538=DIRECTION('',(0.,0.,-1.));
#15539=DIRECTION('',(0.998989004852543,-0.0449551797207578,0.));
#15540=DIRECTION('',(0.0449551797207578,0.998989004852543,0.));
#15541=DIRECTION('',(0.,0.,-1.));
#15542=DIRECTION('',(0.866025403784439,0.499999999999999,0.));
#15543=DIRECTION('',(-0.499999999999999,0.866025403784439,0.));
#15544=DIRECTION('',(-0.997757773253566,0.0669285134459525,0.));
#15545=DIRECTION('',(-0.0669285134459525,-0.997757773253566,0.));
#15546=DIRECTION('',(0.,0.,-1.));
#15547=DIRECTION('',(0.997757773253566,0.0669285134459517,0.));
#15548=DIRECTION('',(-0.0669285134459517,0.997757773253566,0.));
#15549=DIRECTION('',(0.,0.,-1.));
#15550=DIRECTION('',(-0.866025403784439,0.499999999999999,0.));
#15551=DIRECTION('',(-0.499999999999999,-0.866025403784439,0.));
#15552=DIRECTION('',(0.,0.,-1.));
#15553=DIRECTION('',(-0.998989004852543,-0.0449551797207573,0.));
#15554=DIRECTION('',(0.0449551797207573,-0.998989004852543,0.));
#15555=DIRECTION('',(0.,0.,-1.));
#15556=DIRECTION('',(0.,0.,-1.));
#15557=DIRECTION('',(-1.,0.,0.));
#15558=DIRECTION('',(0.,0.,-1.));
#15559=DIRECTION('',(0.998989004852543,-0.0449551797207583,0.));
#15560=DIRECTION('',(0.0449551797207583,0.998989004852543,0.));
#15561=DIRECTION('',(0.,0.,-1.));
#15562=DIRECTION('',(0.866025403784438,0.500000000000002,0.));
#15563=DIRECTION('',(-0.500000000000002,0.866025403784438,0.));
#15564=DIRECTION('',(0.866025403784438,0.500000000000002,0.));
#15565=DIRECTION('',(-0.500000000000002,0.866025403784438,0.));
#15566=DIRECTION('',(0.,0.,-1.));
#15567=DIRECTION('',(0.,0.,-1.));
#15568=DIRECTION('',(0.998989004852543,-0.0449551797207583,0.));
#15569=DIRECTION('',(0.0449551797207583,0.998989004852543,0.));
#15570=DIRECTION('',(0.,0.,-1.));
#15571=DIRECTION('',(0.,0.,-1.));
#15572=DIRECTION('',(-1.,0.,0.));
#15573=DIRECTION('',(0.,0.,-1.));
#15574=DIRECTION('',(-0.998989004852543,-0.0449551797207573,0.));
#15575=DIRECTION('',(0.0449551797207573,-0.998989004852543,0.));
#15576=DIRECTION('',(0.,0.,-1.));
#15577=DIRECTION('',(-0.866025403784439,0.499999999999999,0.));
#15578=DIRECTION('',(-0.499999999999999,-0.866025403784439,0.));
#15579=DIRECTION('',(0.,0.,-1.));
#15580=DIRECTION('',(0.997757773253566,0.0669285134459517,0.));
#15581=DIRECTION('',(-0.0669285134459517,0.997757773253566,0.));
#15582=DIRECTION('',(-0.997757773253566,0.0669285134459525,0.));
#15583=DIRECTION('',(-0.0669285134459525,-0.997757773253566,0.));
#15584=DIRECTION('',(0.,-1.,1.17018410943563E-16));
#15585=DIRECTION('',(0.,-1.17018410943563E-16,-1.));
#15586=DIRECTION('',(0.,0.,1.));
#15587=DIRECTION('',(1.,0.,0.));
#15588=DIRECTION('',(0.,-1.,0.));
#15589=DIRECTION('',(0.,0.,-1.));
#15590=DIRECTION('',(-1.,0.,0.));
#15591=DIRECTION('',(0.,0.,-1.));
#15592=DIRECTION('',(-1.,0.,0.));
#15593=DIRECTION('',(0.,0.,-1.));
#15594=DIRECTION('',(-1.,0.,0.));
#15595=DIRECTION('',(0.,0.,-1.));
#15596=DIRECTION('',(-1.,0.,0.));
#15597=DIRECTION('',(0.,0.,-1.));
#15598=DIRECTION('',(-1.,0.,0.));
#15599=DIRECTION('',(0.,0.,-1.));
#15600=DIRECTION('',(-1.,0.,0.));
#15601=DIRECTION('',(0.,0.,-1.));
#15602=DIRECTION('',(-1.,0.,0.));
#15603=DIRECTION('',(0.,0.,-1.));
#15604=DIRECTION('',(-1.,0.,0.));
#15605=DIRECTION('',(0.,0.,-1.));
#15606=DIRECTION('',(-1.,0.,0.));
#15607=DIRECTION('',(0.,0.,-1.));
#15608=DIRECTION('',(-1.,0.,0.));
#15609=DIRECTION('',(0.,0.,-1.));
#15610=DIRECTION('',(-1.,0.,0.));
#15611=DIRECTION('',(0.,0.,-1.));
#15612=DIRECTION('',(-1.,0.,0.));
#15613=DIRECTION('',(0.,0.,-1.));
#15614=DIRECTION('',(-1.,0.,0.));
#15615=DIRECTION('',(0.,0.,-1.));
#15616=DIRECTION('',(-1.,0.,0.));
#15617=DIRECTION('',(0.,0.,-1.));
#15618=DIRECTION('',(-1.,0.,0.));
#15619=DIRECTION('',(0.,0.,-1.));
#15620=DIRECTION('',(-1.,0.,0.));
#15621=DIRECTION('',(0.,0.,-1.));
#15622=DIRECTION('',(-1.,0.,0.));
#15623=DIRECTION('',(0.,0.,1.));
#15624=DIRECTION('',(-1.,0.,0.));
#15625=DIRECTION('',(0.,0.,-1.));
#15626=DIRECTION('',(-1.,0.,0.));
#15627=DIRECTION('',(0.,0.,-1.));
#15628=DIRECTION('',(-1.,0.,0.));
#15629=DIRECTION('',(0.,0.,-1.));
#15630=DIRECTION('',(-1.,0.,0.));
#15631=DIRECTION('',(0.,0.,-1.));
#15632=DIRECTION('',(-1.,0.,0.));
#15633=DIRECTION('',(0.,0.,-1.));
#15634=DIRECTION('',(-1.,0.,0.));
#15635=DIRECTION('',(0.,0.,-1.));
#15636=DIRECTION('',(-1.,0.,0.));
#15637=DIRECTION('',(0.,0.,-1.));
#15638=DIRECTION('',(-1.,0.,0.));
#15639=DIRECTION('',(0.,0.,-1.));
#15640=DIRECTION('',(-1.,0.,0.));
#15641=DIRECTION('',(0.,0.,-1.));
#15642=DIRECTION('',(-1.,0.,0.));
#15643=DIRECTION('',(0.,0.,-1.));
#15644=DIRECTION('',(-1.,0.,0.));
#15645=DIRECTION('',(0.,0.,-1.));
#15646=DIRECTION('',(-1.,0.,0.));
#15647=DIRECTION('',(0.,0.,-1.));
#15648=DIRECTION('',(-1.,0.,0.));
#15649=DIRECTION('',(0.,0.,-1.));
#15650=DIRECTION('',(-1.,0.,0.));
#15651=DIRECTION('',(0.,0.,-1.));
#15652=DIRECTION('',(-1.,0.,0.));
#15653=DIRECTION('',(0.,0.,-1.));
#15654=DIRECTION('',(-1.,0.,0.));
#15655=DIRECTION('',(0.,0.,-1.));
#15656=DIRECTION('',(-1.,0.,0.));
#15657=DIRECTION('',(0.,0.,1.));
#15658=DIRECTION('',(0.,0.,-1.));
#15659=DIRECTION('',(-1.,0.,0.));
#15660=DIRECTION('',(0.,0.,1.));
#15661=DIRECTION('',(1.,0.,0.));
#15662=DIRECTION('',(0.,0.,-1.));
#15663=DIRECTION('',(-1.,0.,0.));
#15664=DIRECTION('',(0.,0.,1.));
#15665=DIRECTION('',(1.,0.,0.));
#15666=DIRECTION('',(0.,0.,-1.));
#15667=DIRECTION('',(-1.,0.,0.));
#15668=DIRECTION('',(0.,0.,1.));
#15669=DIRECTION('',(1.,0.,0.));
#15670=DIRECTION('',(0.,0.,-1.));
#15671=DIRECTION('',(-1.,0.,0.));
#15672=DIRECTION('',(0.,0.,1.));
#15673=DIRECTION('',(1.,0.,0.));
#15674=DIRECTION('',(0.,0.,-1.));
#15675=DIRECTION('',(-1.,0.,0.));
#15676=DIRECTION('',(0.,0.,1.));
#15677=DIRECTION('',(1.,0.,0.));
#15678=DIRECTION('',(0.,0.,-1.));
#15679=DIRECTION('',(-1.,0.,0.));
#15680=DIRECTION('',(0.,0.,1.));
#15681=DIRECTION('',(1.,0.,0.));
#15682=DIRECTION('',(0.,0.,-1.));
#15683=DIRECTION('',(-1.,0.,0.));
#15684=DIRECTION('',(0.,0.,1.));
#15685=DIRECTION('',(1.,0.,0.));
#15686=DIRECTION('',(0.,0.,-1.));
#15687=DIRECTION('',(-1.,0.,0.));
#15688=DIRECTION('',(0.,0.,1.));
#15689=DIRECTION('',(1.,0.,0.));
#15690=DIRECTION('',(0.,0.,-1.));
#15691=DIRECTION('',(-1.,0.,0.));
#15692=DIRECTION('',(0.,0.,1.));
#15693=DIRECTION('',(1.,0.,0.));
#15694=DIRECTION('',(0.,0.,-1.));
#15695=DIRECTION('',(-1.,0.,0.));
#15696=DIRECTION('',(0.,0.,1.));
#15697=DIRECTION('',(1.,0.,0.));
#15698=DIRECTION('',(0.,0.,-1.));
#15699=DIRECTION('',(-1.,0.,0.));
#15700=DIRECTION('',(0.,0.,1.));
#15701=DIRECTION('',(1.,0.,0.));
#15702=DIRECTION('',(0.,0.,-1.));
#15703=DIRECTION('',(-1.,0.,0.));
#15704=DIRECTION('',(0.,0.,1.));
#15705=DIRECTION('',(1.,0.,0.));
#15706=DIRECTION('',(0.,0.,-1.));
#15707=DIRECTION('',(-1.,0.,0.));
#15708=DIRECTION('',(0.,0.,1.));
#15709=DIRECTION('',(1.,0.,0.));
#15710=DIRECTION('',(0.,0.,-1.));
#15711=DIRECTION('',(-1.,0.,0.));
#15712=DIRECTION('',(0.,0.,1.));
#15713=DIRECTION('',(1.,0.,0.));
#15714=DIRECTION('',(0.,0.,-1.));
#15715=DIRECTION('',(-1.,0.,0.));
#15716=DIRECTION('',(0.,0.,1.));
#15717=DIRECTION('',(1.,0.,0.));
#15718=DIRECTION('',(0.,0.,-1.));
#15719=DIRECTION('',(-1.,0.,0.));
#15720=DIRECTION('',(0.,0.,1.));
#15721=DIRECTION('',(1.,0.,0.));
#15722=DIRECTION('',(0.,-1.,0.));
#15723=DIRECTION('',(0.,0.,-1.));
#15724=DIRECTION('',(-1.,0.,0.));
#15725=DIRECTION('',(0.,0.,-1.));
#15726=DIRECTION('',(1.,0.,0.));
#15727=DIRECTION('',(0.,0.,1.));
#15728=DIRECTION('',(-1.,0.,0.));
#15729=DIRECTION('',(0.,0.,-1.));
#15730=DIRECTION('',(-1.,0.,0.));
#15731=DIRECTION('',(0.,0.,-1.));
#15732=DIRECTION('',(-1.,0.,0.));
#15733=DIRECTION('',(0.,0.,-1.));
#15734=DIRECTION('',(1.,0.,0.));
#15735=DIRECTION('',(0.,0.,1.));
#15736=DIRECTION('',(0.,-1.,0.));
#15737=DIRECTION('',(0.,0.,-1.));
#15738=DIRECTION('',(-1.,0.,0.));
#15739=DIRECTION('',(0.,0.,-1.));
#15740=DIRECTION('',(1.,0.,0.));
#15741=DIRECTION('',(0.,0.,1.));
#15742=DIRECTION('',(-1.,0.,0.));
#15743=DIRECTION('',(0.,0.,-1.));
#15744=DIRECTION('',(-1.,0.,0.));
#15745=DIRECTION('',(0.,0.,-1.));
#15746=DIRECTION('',(-1.,0.,0.));
#15747=DIRECTION('',(0.,0.,-1.));
#15748=DIRECTION('',(1.,0.,0.));
#15749=DIRECTION('',(0.,0.,1.));
#15750=DIRECTION('',(0.,-1.,0.));
#15751=DIRECTION('',(0.,0.,-1.));
#15752=DIRECTION('',(-1.,0.,0.));
#15753=DIRECTION('',(0.,0.,-1.));
#15754=DIRECTION('',(1.,0.,0.));
#15755=DIRECTION('',(0.,0.,1.));
#15756=DIRECTION('',(-1.,0.,0.));
#15757=DIRECTION('',(0.,0.,-1.));
#15758=DIRECTION('',(-1.,0.,0.));
#15759=DIRECTION('',(0.,0.,-1.));
#15760=DIRECTION('',(-1.,0.,0.));
#15761=DIRECTION('',(0.,0.,-1.));
#15762=DIRECTION('',(1.,0.,0.));
#15763=DIRECTION('',(0.,0.,1.));
#15764=DIRECTION('',(0.,-1.,0.));
#15765=DIRECTION('',(0.,0.,-1.));
#15766=DIRECTION('',(-1.,0.,0.));
#15767=DIRECTION('',(0.,0.,-1.));
#15768=DIRECTION('',(1.,0.,0.));
#15769=DIRECTION('',(0.,0.,1.));
#15770=DIRECTION('',(-1.,0.,0.));
#15771=DIRECTION('',(0.,0.,-1.));
#15772=DIRECTION('',(-1.,0.,0.));
#15773=DIRECTION('',(0.,0.,-1.));
#15774=DIRECTION('',(-1.,0.,0.));
#15775=DIRECTION('',(0.,0.,-1.));
#15776=DIRECTION('',(1.,0.,0.));
#15777=DIRECTION('',(0.,0.,1.));
#15778=DIRECTION('',(0.,-1.,0.));
#15779=DIRECTION('',(0.,0.,-1.));
#15780=DIRECTION('',(-1.,0.,0.));
#15781=DIRECTION('',(0.,0.,-1.));
#15782=DIRECTION('',(1.,0.,0.));
#15783=DIRECTION('',(0.,0.,1.));
#15784=DIRECTION('',(-1.,0.,0.));
#15785=DIRECTION('',(0.,0.,-1.));
#15786=DIRECTION('',(-1.,0.,0.));
#15787=DIRECTION('',(0.,0.,-1.));
#15788=DIRECTION('',(-1.,0.,0.));
#15789=DIRECTION('',(0.,0.,-1.));
#15790=DIRECTION('',(1.,0.,0.));
#15791=DIRECTION('',(0.,0.,1.));
#15792=DIRECTION('',(0.,-1.,0.));
#15793=DIRECTION('',(0.,0.,-1.));
#15794=DIRECTION('',(-1.,0.,0.));
#15795=DIRECTION('',(0.,0.,-1.));
#15796=DIRECTION('',(1.,0.,0.));
#15797=DIRECTION('',(0.,0.,1.));
#15798=DIRECTION('',(-1.,0.,0.));
#15799=DIRECTION('',(0.,0.,-1.));
#15800=DIRECTION('',(-1.,0.,0.));
#15801=DIRECTION('',(0.,0.,-1.));
#15802=DIRECTION('',(-1.,0.,0.));
#15803=DIRECTION('',(0.,0.,-1.));
#15804=DIRECTION('',(1.,0.,0.));
#15805=DIRECTION('',(0.,0.,1.));
#15806=DIRECTION('',(0.,-1.,0.));
#15807=DIRECTION('',(0.,0.,-1.));
#15808=DIRECTION('',(-1.,0.,0.));
#15809=DIRECTION('',(0.,0.,-1.));
#15810=DIRECTION('',(1.,0.,0.));
#15811=DIRECTION('',(0.,0.,1.));
#15812=DIRECTION('',(-1.,0.,0.));
#15813=DIRECTION('',(0.,0.,-1.));
#15814=DIRECTION('',(-1.,0.,0.));
#15815=DIRECTION('',(0.,0.,-1.));
#15816=DIRECTION('',(-1.,0.,0.));
#15817=DIRECTION('',(0.,0.,-1.));
#15818=DIRECTION('',(1.,0.,0.));
#15819=DIRECTION('',(0.,0.,1.));
#15820=DIRECTION('',(0.,-1.,0.));
#15821=DIRECTION('',(0.,0.,-1.));
#15822=DIRECTION('',(-1.,0.,0.));
#15823=DIRECTION('',(0.,0.,-1.));
#15824=DIRECTION('',(1.,0.,0.));
#15825=DIRECTION('',(0.,0.,1.));
#15826=DIRECTION('',(-1.,0.,0.));
#15827=DIRECTION('',(0.,0.,-1.));
#15828=DIRECTION('',(-1.,0.,0.));
#15829=DIRECTION('',(0.,0.,-1.));
#15830=DIRECTION('',(-1.,0.,0.));
#15831=DIRECTION('',(0.,0.,-1.));
#15832=DIRECTION('',(1.,0.,0.));
#15833=DIRECTION('',(0.,0.,1.));
#15834=DIRECTION('',(0.,1.,0.));
#15835=DIRECTION('',(0.,0.,1.));
#15836=DIRECTION('',(1.,0.,0.));
#15837=DIRECTION('',(0.,0.,-1.));
#15838=DIRECTION('',(-1.,0.,0.));
#15839=DIRECTION('',(0.,0.,-1.));
#15840=DIRECTION('',(0.,1.,0.));
#15841=DIRECTION('',(0.,0.,1.));
#15842=DIRECTION('',(-1.,0.,0.));
#15843=DIRECTION('',(0.,0.,-1.));
#15844=DIRECTION('',(1.,0.,0.));
#15845=DIRECTION('',(0.,0.,-1.));
#15846=DIRECTION('',(0.,1.,0.));
#15847=DIRECTION('',(0.,0.,1.));
#15848=DIRECTION('',(-1.,0.,0.));
#15849=DIRECTION('',(0.,0.,-1.));
#15850=DIRECTION('',(1.,0.,0.));
#15851=DIRECTION('',(0.,0.,-1.));
#15852=DIRECTION('',(0.,1.,0.));
#15853=DIRECTION('',(0.,0.,1.));
#15854=DIRECTION('',(-1.,0.,0.));
#15855=DIRECTION('',(0.,0.,-1.));
#15856=DIRECTION('',(1.,0.,0.));
#15857=DIRECTION('',(0.,0.,-1.));
#15858=DIRECTION('',(0.,1.,0.));
#15859=DIRECTION('',(0.,0.,1.));
#15860=DIRECTION('',(-1.,0.,0.));
#15861=DIRECTION('',(0.,0.,-1.));
#15862=DIRECTION('',(1.,0.,0.));
#15863=DIRECTION('',(0.,0.,-1.));
#15864=DIRECTION('',(0.,1.,0.));
#15865=DIRECTION('',(0.,0.,1.));
#15866=DIRECTION('',(-1.,0.,0.));
#15867=DIRECTION('',(0.,0.,-1.));
#15868=DIRECTION('',(1.,0.,0.));
#15869=DIRECTION('',(0.,0.,-1.));
#15870=DIRECTION('',(0.,1.,0.));
#15871=DIRECTION('',(0.,0.,1.));
#15872=DIRECTION('',(-1.,0.,0.));
#15873=DIRECTION('',(0.,0.,-1.));
#15874=DIRECTION('',(1.,0.,0.));
#15875=DIRECTION('',(0.,0.,-1.));
#15876=DIRECTION('',(0.,1.,0.));
#15877=DIRECTION('',(0.,0.,1.));
#15878=DIRECTION('',(-1.,0.,0.));
#15879=DIRECTION('',(0.,0.,-1.));
#15880=DIRECTION('',(1.,0.,0.));
#15881=DIRECTION('',(0.,0.,-1.));
#15882=DIRECTION('',(0.,1.,0.));
#15883=DIRECTION('',(0.,0.,1.));
#15884=DIRECTION('',(1.,0.,0.));
#15885=DIRECTION('',(0.,0.,-1.));
#15886=DIRECTION('',(-1.,0.,0.));
#15887=DIRECTION('',(0.,0.,1.));
#15888=DIRECTION('',(0.,1.,0.));
#15889=DIRECTION('',(0.,0.,1.));
#15890=DIRECTION('',(0.,0.,-1.));
#15891=DIRECTION('',(1.,0.,0.));
#15892=DIRECTION('',(0.,0.,-1.));
#15893=DIRECTION('',(-1.,0.,0.));
#15894=DIRECTION('',(0.,1.,0.));
#15895=DIRECTION('',(0.,0.,1.));
#15896=DIRECTION('',(0.,0.,-1.));
#15897=DIRECTION('',(-1.,0.,0.));
#15898=DIRECTION('',(0.,0.,-1.));
#15899=DIRECTION('',(1.,0.,0.));
#15900=DIRECTION('',(0.,1.,0.));
#15901=DIRECTION('',(0.,0.,1.));
#15902=DIRECTION('',(0.,0.,-1.));
#15903=DIRECTION('',(-1.,0.,0.));
#15904=DIRECTION('',(0.,0.,-1.));
#15905=DIRECTION('',(1.,0.,0.));
#15906=DIRECTION('',(0.,1.,0.));
#15907=DIRECTION('',(0.,0.,1.));
#15908=DIRECTION('',(0.,0.,-1.));
#15909=DIRECTION('',(-1.,0.,0.));
#15910=DIRECTION('',(0.,0.,-1.));
#15911=DIRECTION('',(1.,0.,0.));
#15912=DIRECTION('',(0.,1.,0.));
#15913=DIRECTION('',(0.,0.,1.));
#15914=DIRECTION('',(0.,0.,-1.));
#15915=DIRECTION('',(-1.,0.,0.));
#15916=DIRECTION('',(0.,0.,-1.));
#15917=DIRECTION('',(1.,0.,0.));
#15918=DIRECTION('',(0.,1.,0.));
#15919=DIRECTION('',(0.,0.,1.));
#15920=DIRECTION('',(0.,0.,-1.));
#15921=DIRECTION('',(-1.,0.,0.));
#15922=DIRECTION('',(0.,0.,-1.));
#15923=DIRECTION('',(1.,0.,0.));
#15924=DIRECTION('',(0.,1.,0.));
#15925=DIRECTION('',(0.,0.,1.));
#15926=DIRECTION('',(0.,0.,-1.));
#15927=DIRECTION('',(-1.,0.,0.));
#15928=DIRECTION('',(0.,0.,-1.));
#15929=DIRECTION('',(1.,0.,0.));
#15930=DIRECTION('',(0.,1.,0.));
#15931=DIRECTION('',(0.,0.,1.));
#15932=DIRECTION('',(0.,0.,-1.));
#15933=DIRECTION('',(-1.,0.,0.));
#15934=DIRECTION('',(0.,0.,-1.));
#15935=DIRECTION('',(1.,0.,0.));
#15936=DIRECTION('',(0.,1.,0.));
#15937=DIRECTION('',(0.,0.,1.));
#15938=DIRECTION('',(0.,0.,-1.));
#15939=DIRECTION('',(-1.,0.,0.));
#15940=DIRECTION('',(0.,0.,-1.));
#15941=DIRECTION('',(-1.,0.,0.));
#15942=DIRECTION('',(0.,1.,0.));
#15943=DIRECTION('',(0.,0.,1.));
#15944=DIRECTION('',(0.,0.,-1.));
#15945=DIRECTION('',(-1.,0.,0.));
#15946=DIRECTION('',(0.,0.,-1.));
#15947=DIRECTION('',(-1.,0.,0.));
#15948=DIRECTION('',(0.,1.,0.));
#15949=DIRECTION('',(0.,0.,1.));
#15950=DIRECTION('',(0.,0.,-1.));
#15951=DIRECTION('',(-1.,0.,0.));
#15952=DIRECTION('',(0.,0.,-1.));
#15953=DIRECTION('',(-1.,0.,0.));
#15954=DIRECTION('',(0.,1.,0.));
#15955=DIRECTION('',(0.,0.,1.));
#15956=DIRECTION('',(0.,0.,-1.));
#15957=DIRECTION('',(-1.,0.,0.));
#15958=DIRECTION('',(0.,0.,-1.));
#15959=DIRECTION('',(-1.,0.,0.));
#15960=DIRECTION('',(0.,1.,0.));
#15961=DIRECTION('',(0.,0.,1.));
#15962=DIRECTION('',(0.,0.,-1.));
#15963=DIRECTION('',(-1.,0.,0.));
#15964=DIRECTION('',(0.,0.,-1.));
#15965=DIRECTION('',(-1.,0.,0.));
#15966=DIRECTION('',(0.,1.,0.));
#15967=DIRECTION('',(0.,0.,1.));
#15968=DIRECTION('',(0.,0.,-1.));
#15969=DIRECTION('',(-1.,0.,0.));
#15970=DIRECTION('',(0.,0.,-1.));
#15971=DIRECTION('',(-1.,0.,0.));
#15972=DIRECTION('',(0.,1.,0.));
#15973=DIRECTION('',(0.,0.,1.));
#15974=DIRECTION('',(0.,0.,-1.));
#15975=DIRECTION('',(-1.,0.,0.));
#15976=DIRECTION('',(0.,0.,-1.));
#15977=DIRECTION('',(-1.,0.,0.));
#15978=DIRECTION('',(0.,1.,0.));
#15979=DIRECTION('',(0.,0.,1.));
#15980=DIRECTION('',(0.,0.,-1.));
#15981=DIRECTION('',(-1.,0.,0.));
#15982=DIRECTION('',(0.,0.,-1.));
#15983=DIRECTION('',(-1.,0.,0.));
#15984=DIRECTION('',(0.,0.,1.));
#15985=DIRECTION('',(1.,0.,0.));
#15986=DIRECTION('',(0.,-1.,0.));
#15987=DIRECTION('',(0.,1.,0.));
#15988=DIRECTION('',(0.,-1.,0.));
#15989=DIRECTION('',(-1.,0.,0.));
#15990=DIRECTION('',(0.,-1.,0.));
#15991=DIRECTION('',(0.,-1.,0.));
#15992=DIRECTION('',(0.,1.,0.));
#15993=DIRECTION('',(0.,-1.,0.));
#15994=DIRECTION('',(0.,1.,0.));
#15995=DIRECTION('',(0.,-1.,0.));
#15996=DIRECTION('',(0.,1.,0.));
#15997=DIRECTION('',(0.,-1.,0.));
#15998=DIRECTION('',(0.,1.,0.));
#15999=DIRECTION('',(0.,-1.,0.));
#16000=DIRECTION('',(0.,1.,0.));
#16001=DIRECTION('',(0.,-1.,0.));
#16002=DIRECTION('',(0.,1.,0.));
#16003=DIRECTION('',(0.,-1.,0.));
#16004=DIRECTION('',(0.,1.,0.));
#16005=DIRECTION('',(0.,-1.,0.));
#16006=DIRECTION('',(0.,1.,0.));
#16007=DIRECTION('',(0.,-1.,0.));
#16008=DIRECTION('',(0.,1.,0.));
#16009=DIRECTION('',(0.,-1.,0.));
#16010=DIRECTION('',(0.,1.,0.));
#16011=DIRECTION('',(0.,-1.,0.));
#16012=DIRECTION('',(0.,1.,0.));
#16013=DIRECTION('',(0.,-1.,0.));
#16014=DIRECTION('',(0.,1.,0.));
#16015=DIRECTION('',(0.,-1.,0.));
#16016=DIRECTION('',(0.,1.,0.));
#16017=DIRECTION('',(0.,-1.,0.));
#16018=DIRECTION('',(0.,1.,0.));
#16019=DIRECTION('',(0.,-1.,0.));
#16020=DIRECTION('',(0.,1.,0.));
#16021=DIRECTION('',(0.,0.,-1.));
#16022=DIRECTION('',(-1.,0.,0.));
#16023=DIRECTION('',(0.,-1.,0.));
#16024=DIRECTION('',(0.,1.,0.));
#16025=DIRECTION('',(0.,-1.,0.));
#16026=DIRECTION('',(0.,1.,0.));
#16027=DIRECTION('',(0.,-1.,0.));
#16028=DIRECTION('',(0.,1.,0.));
#16029=DIRECTION('',(0.,-1.,0.));
#16030=DIRECTION('',(0.,1.,0.));
#16031=DIRECTION('',(0.,-1.,0.));
#16032=DIRECTION('',(0.,1.,0.));
#16033=DIRECTION('',(0.,-1.,0.));
#16034=DIRECTION('',(0.,1.,0.));
#16035=DIRECTION('',(0.,-1.,0.));
#16036=DIRECTION('',(0.,1.,0.));
#16037=DIRECTION('',(0.,-1.,0.));
#16038=DIRECTION('',(0.,1.,0.));
#16039=DIRECTION('',(0.,-1.,0.));
#16040=DIRECTION('',(0.,1.,0.));
#16041=DIRECTION('',(0.,-1.,0.));
#16042=DIRECTION('',(0.,1.,0.));
#16043=DIRECTION('',(0.,-1.,0.));
#16044=DIRECTION('',(0.,1.,0.));
#16045=DIRECTION('',(0.,-1.,0.));
#16046=DIRECTION('',(0.,1.,0.));
#16047=DIRECTION('',(0.,-1.,0.));
#16048=DIRECTION('',(0.,1.,0.));
#16049=DIRECTION('',(0.,-1.,0.));
#16050=DIRECTION('',(0.,1.,0.));
#16051=DIRECTION('',(0.,-1.,0.));
#16052=DIRECTION('',(0.,1.,0.));
#16053=DIRECTION('',(0.,-1.,0.));
#16054=DIRECTION('',(0.,-1.,0.));
#16055=DIRECTION('',(1.,0.,0.));
#16056=DIRECTION('',(0.,-1.,0.));
#16057=DIRECTION('',(0.,1.,0.));
#16058=DIRECTION('',(0.,0.,-1.));
#16059=DIRECTION('',(-1.,0.,0.));
#16060=DIRECTION('',(0.,-1.,0.));
#16061=DIRECTION('',(0.,1.,0.));
#16062=DIRECTION('',(0.,0.,-1.));
#16063=DIRECTION('',(-1.,0.,0.));
#16064=DIRECTION('',(0.,1.,0.));
#16065=DIRECTION('',(0.,-1.,0.));
#16066=DIRECTION('',(0.,0.,-1.));
#16067=DIRECTION('',(-1.,0.,0.));
#16068=DIRECTION('',(0.,1.,0.));
#16069=DIRECTION('',(0.,-1.,0.));
#16070=DIRECTION('',(0.,0.,-1.));
#16071=DIRECTION('',(-1.,0.,0.));
#16072=DIRECTION('',(0.,1.,0.));
#16073=DIRECTION('',(0.,-1.,0.));
#16074=DIRECTION('',(0.,0.,-1.));
#16075=DIRECTION('',(-1.,0.,0.));
#16076=DIRECTION('',(0.,1.,0.));
#16077=DIRECTION('',(0.,-1.,0.));
#16078=DIRECTION('',(0.,0.,-1.));
#16079=DIRECTION('',(-1.,0.,0.));
#16080=DIRECTION('',(0.,1.,0.));
#16081=DIRECTION('',(0.,-1.,0.));
#16082=DIRECTION('',(0.,0.,-1.));
#16083=DIRECTION('',(-1.,0.,0.));
#16084=DIRECTION('',(0.,1.,0.));
#16085=DIRECTION('',(0.,-1.,0.));
#16086=DIRECTION('',(0.,0.,-1.));
#16087=DIRECTION('',(-1.,0.,0.));
#16088=DIRECTION('',(0.,1.,0.));
#16089=DIRECTION('',(0.,-1.,0.));
#16090=DIRECTION('',(0.,0.,1.));
#16091=DIRECTION('',(1.,0.,0.));
#16092=DIRECTION('',(0.,1.,0.));
#16093=DIRECTION('',(0.,-1.,0.));
#16094=DIRECTION('',(0.,0.,1.));
#16095=DIRECTION('',(1.,0.,0.));
#16096=DIRECTION('',(0.,-1.,0.));
#16097=DIRECTION('',(0.,1.,0.));
#16098=DIRECTION('',(0.,0.,1.));
#16099=DIRECTION('',(1.,0.,0.));
#16100=DIRECTION('',(0.,-1.,0.));
#16101=DIRECTION('',(0.,1.,0.));
#16102=DIRECTION('',(0.,0.,1.));
#16103=DIRECTION('',(1.,0.,0.));
#16104=DIRECTION('',(0.,-1.,0.));
#16105=DIRECTION('',(0.,1.,0.));
#16106=DIRECTION('',(0.,0.,1.));
#16107=DIRECTION('',(1.,0.,0.));
#16108=DIRECTION('',(0.,-1.,0.));
#16109=DIRECTION('',(0.,1.,0.));
#16110=DIRECTION('',(0.,0.,1.));
#16111=DIRECTION('',(1.,0.,0.));
#16112=DIRECTION('',(0.,-1.,0.));
#16113=DIRECTION('',(0.,1.,0.));
#16114=DIRECTION('',(0.,0.,1.));
#16115=DIRECTION('',(1.,0.,0.));
#16116=DIRECTION('',(0.,-1.,0.));
#16117=DIRECTION('',(0.,1.,0.));
#16118=DIRECTION('',(0.,0.,1.));
#16119=DIRECTION('',(1.,0.,0.));
#16120=DIRECTION('',(0.,-1.,0.));
#16121=DIRECTION('',(0.,1.,0.));
#16122=DIRECTION('',(0.,1.,0.));
#16123=DIRECTION('',(0.,0.,1.));
#16124=DIRECTION('',(0.,0.,-1.));
#16125=DIRECTION('',(0.,0.,1.));
#16126=DIRECTION('',(-1.,0.,0.));
#16127=DIRECTION('',(0.,1.,0.));
#16128=DIRECTION('',(0.,0.,1.));
#16129=DIRECTION('',(0.,0.,-1.));
#16130=DIRECTION('',(-1.,0.,0.));
#16131=DIRECTION('',(0.,0.,1.));
#16132=DIRECTION('',(0.,0.,-1.));
#16133=DIRECTION('',(-1.,0.,0.));
#16134=DIRECTION('',(0.,-1.,0.));
#16135=DIRECTION('',(0.,-1.,0.));
#16136=DIRECTION('',(0.,0.,1.));
#16137=DIRECTION('',(1.,0.,0.));
#16138=DIRECTION('',(0.,1.,0.));
#16139=DIRECTION('',(0.,1.,0.));
#16140=DIRECTION('',(1.,0.,0.));
#16141=DIRECTION('',(0.,0.,-1.));
#16142=DIRECTION('',(-1.,0.,0.));
#16143=DIRECTION('',(0.,0.,1.));
#16144=DIRECTION('',(-1.,0.,0.));
#16145=DIRECTION('',(0.,0.,1.));
#16146=DIRECTION('',(1.,0.,0.));
#16147=DIRECTION('',(0.,0.,-1.));
#16148=DIRECTION('',(1.,0.,0.));
#16149=DIRECTION('',(0.,0.,-1.));
#16150=DIRECTION('',(-1.,0.,0.));
#16151=DIRECTION('',(0.,0.,1.));
#16152=DIRECTION('',(-1.,0.,0.));
#16153=DIRECTION('',(0.,0.,1.));
#16154=DIRECTION('',(1.,0.,0.));
#16155=DIRECTION('',(0.,0.,-1.));
#16156=DIRECTION('',(-1.,0.,0.));
#16157=DIRECTION('',(0.,0.,1.));
#16158=DIRECTION('',(1.,0.,0.));
#16159=DIRECTION('',(0.,0.,-1.));
#16160=DIRECTION('',(-1.,0.,0.));
#16161=DIRECTION('',(0.,0.,1.));
#16162=DIRECTION('',(1.,0.,0.));
#16163=DIRECTION('',(0.,0.,-1.));
#16164=DIRECTION('',(-1.,0.,0.));
#16165=DIRECTION('',(0.,0.,1.));
#16166=DIRECTION('',(1.,0.,0.));
#16167=DIRECTION('',(0.,0.,-1.));
#16168=DIRECTION('',(-1.,0.,0.));
#16169=DIRECTION('',(0.,0.,1.));
#16170=DIRECTION('',(1.,0.,0.));
#16171=DIRECTION('',(0.,0.,-1.));
#16172=DIRECTION('',(-1.,0.,0.));
#16173=DIRECTION('',(0.,0.,1.));
#16174=DIRECTION('',(1.,0.,0.));
#16175=DIRECTION('',(0.,0.,-1.));
#16176=DIRECTION('',(-1.,0.,0.));
#16177=DIRECTION('',(0.,0.,1.));
#16178=DIRECTION('',(1.,0.,0.));
#16179=DIRECTION('',(0.,0.,-1.));
#16180=DIRECTION('',(1.,0.,0.));
#16181=DIRECTION('',(0.,0.,-1.));
#16182=DIRECTION('',(-1.,0.,0.));
#16183=DIRECTION('',(0.,0.,1.));
#16184=DIRECTION('',(1.,0.,0.));
#16185=DIRECTION('',(0.,0.,-1.));
#16186=DIRECTION('',(-1.,0.,0.));
#16187=DIRECTION('',(0.,0.,1.));
#16188=DIRECTION('',(1.,0.,0.));
#16189=DIRECTION('',(0.,0.,-1.));
#16190=DIRECTION('',(-1.,0.,0.));
#16191=DIRECTION('',(0.,0.,1.));
#16192=DIRECTION('',(1.,0.,0.));
#16193=DIRECTION('',(0.,0.,-1.));
#16194=DIRECTION('',(-1.,0.,0.));
#16195=DIRECTION('',(0.,0.,1.));
#16196=DIRECTION('',(1.,0.,0.));
#16197=DIRECTION('',(0.,0.,-1.));
#16198=DIRECTION('',(-1.,0.,0.));
#16199=DIRECTION('',(0.,0.,1.));
#16200=DIRECTION('',(1.,0.,0.));
#16201=DIRECTION('',(0.,0.,-1.));
#16202=DIRECTION('',(-1.,0.,0.));
#16203=DIRECTION('',(0.,0.,1.));
#16204=DIRECTION('',(1.,0.,0.));
#16205=DIRECTION('',(0.,0.,-1.));
#16206=DIRECTION('',(-1.,0.,0.));
#16207=DIRECTION('',(0.,0.,1.));
#16208=DIRECTION('',(1.,0.,0.));
#16209=DIRECTION('',(0.,0.,-1.));
#16210=DIRECTION('',(-1.,0.,0.));
#16211=DIRECTION('',(0.,0.,1.));
#16212=DIRECTION('',(1.,0.,0.));
#16213=DIRECTION('',(0.,0.,-1.));
#16214=DIRECTION('',(-1.,0.,0.));
#16215=DIRECTION('',(0.,0.,1.));
#16216=DIRECTION('',(1.,0.,0.));
#16217=DIRECTION('',(0.,0.,-1.));
#16218=DIRECTION('',(-1.,0.,0.));
#16219=DIRECTION('',(0.,0.,1.));
#16220=DIRECTION('',(1.,0.,0.));
#16221=DIRECTION('',(0.,0.,-1.));
#16222=DIRECTION('',(-1.,0.,0.));
#16223=DIRECTION('',(0.,0.,1.));
#16224=DIRECTION('',(1.,0.,0.));
#16225=DIRECTION('',(0.,0.,-1.));
#16226=DIRECTION('',(-1.,0.,0.));
#16227=DIRECTION('',(0.,0.,1.));
#16228=DIRECTION('',(1.,0.,0.));
#16229=DIRECTION('',(0.,0.,-1.));
#16230=DIRECTION('',(-1.,0.,0.));
#16231=DIRECTION('',(0.,0.,1.));
#16232=DIRECTION('',(1.,0.,0.));
#16233=DIRECTION('',(0.,0.,-1.));
#16234=DIRECTION('',(-1.,0.,0.));
#16235=DIRECTION('',(0.,0.,1.));
#16236=DIRECTION('',(1.,0.,0.));
#16237=DIRECTION('',(0.,0.,-1.));
#16238=DIRECTION('',(-1.,0.,0.));
#16239=DIRECTION('',(0.,0.,1.));
#16240=DIRECTION('',(0.,0.,1.));
#16241=DIRECTION('',(1.,0.,0.));
#16242=DIRECTION('',(0.,-1.,0.));
#16243=DIRECTION('',(0.,-1.,0.));
#16244=DIRECTION('',(1.,0.,0.));
#16245=DIRECTION('',(0.,0.,-1.));
#16246=DIRECTION('',(0.,-1.,0.));
#16247=DIRECTION('',(0.,0.,-1.));
#16248=DIRECTION('',(-1.,0.,0.));
#16249=DIRECTION('',(0.,-1.,0.));
#16250=DIRECTION('',(-1.,0.,0.));
#16251=DIRECTION('',(0.,0.,1.));
#16252=DIRECTION('',(0.,0.,1.));
#16253=DIRECTION('',(1.,0.,0.));
#16254=DIRECTION('',(0.,-1.,0.));
#16255=DIRECTION('',(0.,-1.,0.));
#16256=DIRECTION('',(1.,0.,0.));
#16257=DIRECTION('',(0.,0.,-1.));
#16258=DIRECTION('',(0.,-1.,0.));
#16259=DIRECTION('',(0.,0.,-1.));
#16260=DIRECTION('',(-1.,0.,0.));
#16261=DIRECTION('',(0.,-1.,0.));
#16262=DIRECTION('',(-1.,0.,0.));
#16263=DIRECTION('',(0.,0.,1.));
#16264=DIRECTION('',(0.,0.,1.));
#16265=DIRECTION('',(1.,0.,0.));
#16266=DIRECTION('',(0.,-1.,0.));
#16267=DIRECTION('',(0.,-1.,0.));
#16268=DIRECTION('',(1.,0.,0.));
#16269=DIRECTION('',(0.,0.,-1.));
#16270=DIRECTION('',(0.,-1.,0.));
#16271=DIRECTION('',(0.,0.,-1.));
#16272=DIRECTION('',(-1.,0.,0.));
#16273=DIRECTION('',(0.,-1.,0.));
#16274=DIRECTION('',(-1.,0.,0.));
#16275=DIRECTION('',(0.,0.,1.));
#16276=DIRECTION('',(0.,0.,1.));
#16277=DIRECTION('',(1.,0.,0.));
#16278=DIRECTION('',(0.,-1.,0.));
#16279=DIRECTION('',(0.,-1.,0.));
#16280=DIRECTION('',(1.,0.,0.));
#16281=DIRECTION('',(0.,0.,-1.));
#16282=DIRECTION('',(0.,-1.,0.));
#16283=DIRECTION('',(0.,0.,-1.));
#16284=DIRECTION('',(-1.,0.,0.));
#16285=DIRECTION('',(0.,-1.,0.));
#16286=DIRECTION('',(-1.,0.,0.));
#16287=DIRECTION('',(0.,0.,1.));
#16288=DIRECTION('',(0.,0.,1.));
#16289=DIRECTION('',(1.,0.,0.));
#16290=DIRECTION('',(0.,-1.,0.));
#16291=DIRECTION('',(0.,-1.,0.));
#16292=DIRECTION('',(1.,0.,0.));
#16293=DIRECTION('',(0.,0.,-1.));
#16294=DIRECTION('',(0.,-1.,0.));
#16295=DIRECTION('',(0.,0.,-1.));
#16296=DIRECTION('',(-1.,0.,0.));
#16297=DIRECTION('',(0.,-1.,0.));
#16298=DIRECTION('',(-1.,0.,0.));
#16299=DIRECTION('',(0.,0.,1.));
#16300=DIRECTION('',(0.,0.,1.));
#16301=DIRECTION('',(1.,0.,0.));
#16302=DIRECTION('',(0.,-1.,0.));
#16303=DIRECTION('',(0.,-1.,0.));
#16304=DIRECTION('',(1.,0.,0.));
#16305=DIRECTION('',(0.,0.,-1.));
#16306=DIRECTION('',(0.,-1.,0.));
#16307=DIRECTION('',(0.,0.,-1.));
#16308=DIRECTION('',(-1.,0.,0.));
#16309=DIRECTION('',(0.,-1.,0.));
#16310=DIRECTION('',(-1.,0.,0.));
#16311=DIRECTION('',(0.,0.,1.));
#16312=DIRECTION('',(0.,0.,1.));
#16313=DIRECTION('',(1.,0.,0.));
#16314=DIRECTION('',(0.,-1.,0.));
#16315=DIRECTION('',(0.,-1.,0.));
#16316=DIRECTION('',(1.,0.,0.));
#16317=DIRECTION('',(0.,0.,-1.));
#16318=DIRECTION('',(0.,-1.,0.));
#16319=DIRECTION('',(0.,0.,-1.));
#16320=DIRECTION('',(-1.,0.,0.));
#16321=DIRECTION('',(0.,-1.,0.));
#16322=DIRECTION('',(-1.,0.,0.));
#16323=DIRECTION('',(0.,0.,1.));
#16324=DIRECTION('',(0.,0.,1.));
#16325=DIRECTION('',(1.,0.,0.));
#16326=DIRECTION('',(0.,-1.,0.));
#16327=DIRECTION('',(0.,-1.,0.));
#16328=DIRECTION('',(1.,0.,0.));
#16329=DIRECTION('',(0.,0.,-1.));
#16330=DIRECTION('',(0.,-1.,0.));
#16331=DIRECTION('',(0.,0.,-1.));
#16332=DIRECTION('',(-1.,0.,0.));
#16333=DIRECTION('',(0.,-1.,0.));
#16334=DIRECTION('',(-1.,0.,0.));
#16335=DIRECTION('',(0.,0.,1.));
#16336=DIRECTION('',(0.,0.,1.));
#16337=DIRECTION('',(1.,0.,0.));
#16338=DIRECTION('',(0.,-1.,0.));
#16339=DIRECTION('',(0.,-1.,0.));
#16340=DIRECTION('',(1.,0.,0.));
#16341=DIRECTION('',(0.,0.,-1.));
#16342=DIRECTION('',(0.,-1.,0.));
#16343=DIRECTION('',(0.,0.,-1.));
#16344=DIRECTION('',(-1.,0.,0.));
#16345=DIRECTION('',(0.,-1.,0.));
#16346=DIRECTION('',(-1.,0.,0.));
#16347=DIRECTION('',(0.,0.,1.));
#16348=DIRECTION('',(0.,0.,1.));
#16349=DIRECTION('',(1.,0.,0.));
#16350=DIRECTION('',(0.,-1.,0.));
#16351=DIRECTION('',(0.,-1.,0.));
#16352=DIRECTION('',(1.,0.,0.));
#16353=DIRECTION('',(0.,0.,-1.));
#16354=DIRECTION('',(0.,-1.,0.));
#16355=DIRECTION('',(0.,0.,-1.));
#16356=DIRECTION('',(-1.,0.,0.));
#16357=DIRECTION('',(0.,-1.,0.));
#16358=DIRECTION('',(-1.,0.,0.));
#16359=DIRECTION('',(0.,0.,1.));
#16360=DIRECTION('',(0.,0.,1.));
#16361=DIRECTION('',(1.,0.,0.));
#16362=DIRECTION('',(0.,-1.,0.));
#16363=DIRECTION('',(0.,-1.,0.));
#16364=DIRECTION('',(1.,0.,0.));
#16365=DIRECTION('',(0.,0.,-1.));
#16366=DIRECTION('',(0.,-1.,0.));
#16367=DIRECTION('',(0.,0.,-1.));
#16368=DIRECTION('',(-1.,0.,0.));
#16369=DIRECTION('',(0.,-1.,0.));
#16370=DIRECTION('',(-1.,0.,0.));
#16371=DIRECTION('',(0.,0.,1.));
#16372=DIRECTION('',(0.,0.,1.));
#16373=DIRECTION('',(1.,0.,0.));
#16374=DIRECTION('',(0.,-1.,0.));
#16375=DIRECTION('',(0.,-1.,0.));
#16376=DIRECTION('',(1.,0.,0.));
#16377=DIRECTION('',(0.,0.,-1.));
#16378=DIRECTION('',(0.,-1.,0.));
#16379=DIRECTION('',(0.,0.,-1.));
#16380=DIRECTION('',(-1.,0.,0.));
#16381=DIRECTION('',(0.,-1.,0.));
#16382=DIRECTION('',(-1.,0.,0.));
#16383=DIRECTION('',(0.,0.,1.));
#16384=DIRECTION('',(0.,0.,1.));
#16385=DIRECTION('',(1.,0.,0.));
#16386=DIRECTION('',(0.,-1.,0.));
#16387=DIRECTION('',(0.,-1.,0.));
#16388=DIRECTION('',(1.,0.,0.));
#16389=DIRECTION('',(0.,0.,-1.));
#16390=DIRECTION('',(0.,-1.,0.));
#16391=DIRECTION('',(0.,0.,-1.));
#16392=DIRECTION('',(-1.,0.,0.));
#16393=DIRECTION('',(0.,-1.,0.));
#16394=DIRECTION('',(-1.,0.,0.));
#16395=DIRECTION('',(0.,0.,1.));
#16396=DIRECTION('',(0.,0.,1.));
#16397=DIRECTION('',(1.,0.,0.));
#16398=DIRECTION('',(0.,-1.,0.));
#16399=DIRECTION('',(0.,-1.,0.));
#16400=DIRECTION('',(1.,0.,0.));
#16401=DIRECTION('',(0.,0.,-1.));
#16402=DIRECTION('',(0.,-1.,0.));
#16403=DIRECTION('',(0.,0.,-1.));
#16404=DIRECTION('',(-1.,0.,0.));
#16405=DIRECTION('',(0.,-1.,0.));
#16406=DIRECTION('',(-1.,0.,0.));
#16407=DIRECTION('',(0.,0.,1.));
#16408=DIRECTION('',(0.,0.,1.));
#16409=DIRECTION('',(1.,0.,0.));
#16410=DIRECTION('',(0.,-1.,0.));
#16411=DIRECTION('',(0.,-1.,0.));
#16412=DIRECTION('',(1.,0.,0.));
#16413=DIRECTION('',(0.,0.,-1.));
#16414=DIRECTION('',(0.,-1.,0.));
#16415=DIRECTION('',(0.,0.,-1.));
#16416=DIRECTION('',(-1.,0.,0.));
#16417=DIRECTION('',(0.,-1.,0.));
#16418=DIRECTION('',(-1.,0.,0.));
#16419=DIRECTION('',(0.,0.,1.));
#16420=DIRECTION('',(0.,0.,1.));
#16421=DIRECTION('',(1.,0.,0.));
#16422=DIRECTION('',(0.,-1.,0.));
#16423=DIRECTION('',(0.,-1.,0.));
#16424=DIRECTION('',(1.,0.,0.));
#16425=DIRECTION('',(0.,0.,-1.));
#16426=DIRECTION('',(0.,-1.,0.));
#16427=DIRECTION('',(0.,0.,-1.));
#16428=DIRECTION('',(-1.,0.,0.));
#16429=DIRECTION('',(0.,-1.,0.));
#16430=DIRECTION('',(-1.,0.,0.));
#16431=DIRECTION('',(0.,0.,1.));
#16432=DIRECTION('',(0.,0.,1.));
#16433=DIRECTION('',(1.,0.,0.));
#16434=CARTESIAN_POINT('',(0.,0.,0.));
#16435=CARTESIAN_POINT('',(0.,0.,0.));
#16436=CARTESIAN_POINT('',(0.61662,0.,0.07875));
#16437=CARTESIAN_POINT('',(0.61662,0.,0.07875));
#16438=CARTESIAN_POINT('',(0.61662,0.,0.06375));
#16439=CARTESIAN_POINT('',(0.64162,2.13425624505021E-18,0.06375));
#16440=CARTESIAN_POINT('',(0.64162,2.13425624505021E-18,0.06375));
#16441=CARTESIAN_POINT('',(0.64162,0.,0.07875));
#16442=CARTESIAN_POINT('',(0.64162,0.,0.07875));
#16443=CARTESIAN_POINT('',(0.,0.,0.07875));
#16444=CARTESIAN_POINT('',(0.,0.,0.));
#16445=CARTESIAN_POINT('',(0.57618,2.13425624505021E-18,0.07875));
#16446=CARTESIAN_POINT('',(0.57618,2.13425624505021E-18,0.07875));
#16447=CARTESIAN_POINT('',(0.57618,2.13425624505021E-18,0.06375));
#16448=CARTESIAN_POINT('',(0.,0.,0.07875));
#16449=CARTESIAN_POINT('',(0.53788,0.,0.07875));
#16450=CARTESIAN_POINT('',(0.53788,0.,0.07875));
#16451=CARTESIAN_POINT('',(0.53788,0.,0.06375));
#16452=CARTESIAN_POINT('',(0.64162,2.13425624505021E-18,0.06375));
#16453=CARTESIAN_POINT('',(0.,0.,0.));
#16454=CARTESIAN_POINT('',(0.49744,2.13425624505021E-18,0.07875));
#16455=CARTESIAN_POINT('',(0.49744,2.13425624505021E-18,0.07875));
#16456=CARTESIAN_POINT('',(0.49744,2.13425624505021E-18,0.06375));
#16457=CARTESIAN_POINT('',(0.,0.,0.07875));
#16458=CARTESIAN_POINT('',(0.45914,0.,0.07875));
#16459=CARTESIAN_POINT('',(0.45914,0.,0.07875));
#16460=CARTESIAN_POINT('',(0.45914,0.,0.06375));
#16461=CARTESIAN_POINT('',(0.64162,2.13425624505021E-18,0.06375));
#16462=CARTESIAN_POINT('',(0.,0.,0.));
#16463=CARTESIAN_POINT('',(0.4187,2.13425624505021E-18,0.07875));
#16464=CARTESIAN_POINT('',(0.4187,2.13425624505021E-18,0.07875));
#16465=CARTESIAN_POINT('',(0.4187,2.13425624505021E-18,0.06375));
#16466=CARTESIAN_POINT('',(0.,0.,0.07875));
#16467=CARTESIAN_POINT('',(0.3804,0.,0.07875));
#16468=CARTESIAN_POINT('',(0.3804,0.,0.07875));
#16469=CARTESIAN_POINT('',(0.3804,0.,0.06375));
#16470=CARTESIAN_POINT('',(0.64162,2.13425624505021E-18,0.06375));
#16471=CARTESIAN_POINT('',(0.,0.,0.));
#16472=CARTESIAN_POINT('',(0.33996,2.13425624505021E-18,0.07875));
#16473=CARTESIAN_POINT('',(0.33996,2.13425624505021E-18,0.07875));
#16474=CARTESIAN_POINT('',(0.33996,2.13425624505021E-18,0.06375));
#16475=CARTESIAN_POINT('',(0.,0.,0.07875));
#16476=CARTESIAN_POINT('',(0.30166,0.,0.07875));
#16477=CARTESIAN_POINT('',(0.30166,0.,0.07875));
#16478=CARTESIAN_POINT('',(0.30166,0.,0.06375));
#16479=CARTESIAN_POINT('',(0.64162,2.13425624505021E-18,0.06375));
#16480=CARTESIAN_POINT('',(0.,0.,0.));
#16481=CARTESIAN_POINT('',(0.26122,2.13425624505021E-18,0.07875));
#16482=CARTESIAN_POINT('',(0.26122,2.13425624505021E-18,0.07875));
#16483=CARTESIAN_POINT('',(0.26122,2.13425624505021E-18,0.06375));
#16484=CARTESIAN_POINT('',(0.,0.,0.07875));
#16485=CARTESIAN_POINT('',(0.22292,0.,0.07875));
#16486=CARTESIAN_POINT('',(0.22292,0.,0.07875));
#16487=CARTESIAN_POINT('',(0.22292,0.,0.06375));
#16488=CARTESIAN_POINT('',(0.64162,2.13425624505021E-18,0.06375));
#16489=CARTESIAN_POINT('',(0.,0.,0.));
#16490=CARTESIAN_POINT('',(0.18248,2.13425624505021E-18,0.07875));
#16491=CARTESIAN_POINT('',(0.18248,2.13425624505021E-18,0.07875));
#16492=CARTESIAN_POINT('',(0.18248,2.13425624505021E-18,0.06375));
#16493=CARTESIAN_POINT('',(0.,0.,0.07875));
#16494=CARTESIAN_POINT('',(0.14418,0.,0.07875));
#16495=CARTESIAN_POINT('',(0.14418,0.,0.07875));
#16496=CARTESIAN_POINT('',(0.14418,0.,0.06375));
#16497=CARTESIAN_POINT('',(0.64162,2.13425624505021E-18,0.06375));
#16498=CARTESIAN_POINT('',(0.,0.,0.));
#16499=CARTESIAN_POINT('',(0.10374,2.13425624505021E-18,0.07875));
#16500=CARTESIAN_POINT('',(0.10374,2.13425624505021E-18,0.07875));
#16501=CARTESIAN_POINT('',(0.10374,2.13425624505021E-18,0.06375));
#16502=CARTESIAN_POINT('',(0.,0.,0.07875));
#16503=CARTESIAN_POINT('',(0.06544,0.,0.07875));
#16504=CARTESIAN_POINT('',(0.06544,0.,0.07875));
#16505=CARTESIAN_POINT('',(0.06544,0.,0.06375));
#16506=CARTESIAN_POINT('',(0.64162,2.13425624505021E-18,0.06375));
#16507=CARTESIAN_POINT('',(0.,0.,0.));
#16508=CARTESIAN_POINT('',(0.025,2.13425624505021E-18,0.07875));
#16509=CARTESIAN_POINT('',(0.025,2.13425624505021E-18,0.07875));
#16510=CARTESIAN_POINT('',(0.025,2.13425624505021E-18,0.06375));
#16511=CARTESIAN_POINT('',(0.,0.,0.07875));
#16512=CARTESIAN_POINT('',(0.,0.,0.07875));
#16513=CARTESIAN_POINT('',(0.,0.,-0.07875));
#16514=CARTESIAN_POINT('',(0.,2.13425624505021E-18,0.06375));
#16515=CARTESIAN_POINT('',(0.64162,2.13425624505021E-18,0.06375));
#16516=CARTESIAN_POINT('',(0.,0.,0.));
#16517=CARTESIAN_POINT('',(0.61662,0.,0.07875));
#16518=CARTESIAN_POINT('',(0.61662,0.,-0.06375));
#16519=CARTESIAN_POINT('',(0.61662,0.,-0.07875));
#16520=CARTESIAN_POINT('',(0.64162,0.,-0.07875));
#16521=CARTESIAN_POINT('',(0.64162,0.,-0.07875));
#16522=CARTESIAN_POINT('',(0.64162,0.,0.07875));
#16523=CARTESIAN_POINT('',(0.64162,0.,-0.06375));
#16524=CARTESIAN_POINT('',(0.64162,0.,-0.06375));
#16525=CARTESIAN_POINT('',(0.,0.,0.));
#16526=CARTESIAN_POINT('',(0.57618,2.13425624505021E-18,0.07875));
#16527=CARTESIAN_POINT('',(0.57618,2.13425624505021E-18,-0.06375));
#16528=CARTESIAN_POINT('',(0.57618,2.13425624505021E-18,-0.07875));
#16529=CARTESIAN_POINT('',(0.64162,0.,-0.06375));
#16530=CARTESIAN_POINT('',(0.53788,0.,-0.06375));
#16531=CARTESIAN_POINT('',(0.53788,0.,0.07875));
#16532=CARTESIAN_POINT('',(0.53788,0.,-0.07875));
#16533=CARTESIAN_POINT('',(0.64162,0.,-0.07875));
#16534=CARTESIAN_POINT('',(0.,0.,0.));
#16535=CARTESIAN_POINT('',(0.49744,2.13425624505021E-18,0.07875));
#16536=CARTESIAN_POINT('',(0.49744,2.13425624505021E-18,-0.06375));
#16537=CARTESIAN_POINT('',(0.49744,2.13425624505021E-18,-0.07875));
#16538=CARTESIAN_POINT('',(0.64162,0.,-0.06375));
#16539=CARTESIAN_POINT('',(0.45914,0.,-0.06375));
#16540=CARTESIAN_POINT('',(0.45914,0.,0.07875));
#16541=CARTESIAN_POINT('',(0.45914,0.,-0.07875));
#16542=CARTESIAN_POINT('',(0.64162,0.,-0.07875));
#16543=CARTESIAN_POINT('',(0.,0.,0.));
#16544=CARTESIAN_POINT('',(0.4187,2.13425624505021E-18,0.07875));
#16545=CARTESIAN_POINT('',(0.4187,2.13425624505021E-18,-0.06375));
#16546=CARTESIAN_POINT('',(0.4187,2.13425624505021E-18,-0.07875));
#16547=CARTESIAN_POINT('',(0.64162,0.,-0.06375));
#16548=CARTESIAN_POINT('',(0.3804,0.,-0.06375));
#16549=CARTESIAN_POINT('',(0.3804,0.,0.07875));
#16550=CARTESIAN_POINT('',(0.3804,0.,-0.07875));
#16551=CARTESIAN_POINT('',(0.64162,0.,-0.07875));
#16552=CARTESIAN_POINT('',(0.,0.,0.));
#16553=CARTESIAN_POINT('',(0.33996,2.13425624505021E-18,0.07875));
#16554=CARTESIAN_POINT('',(0.33996,2.13425624505021E-18,-0.06375));
#16555=CARTESIAN_POINT('',(0.33996,2.13425624505021E-18,-0.07875));
#16556=CARTESIAN_POINT('',(0.64162,0.,-0.06375));
#16557=CARTESIAN_POINT('',(0.30166,0.,-0.06375));
#16558=CARTESIAN_POINT('',(0.30166,0.,0.07875));
#16559=CARTESIAN_POINT('',(0.30166,0.,-0.07875));
#16560=CARTESIAN_POINT('',(0.64162,0.,-0.07875));
#16561=CARTESIAN_POINT('',(0.,0.,0.));
#16562=CARTESIAN_POINT('',(0.26122,2.13425624505021E-18,0.07875));
#16563=CARTESIAN_POINT('',(0.26122,2.13425624505021E-18,-0.06375));
#16564=CARTESIAN_POINT('',(0.26122,2.13425624505021E-18,-0.07875));
#16565=CARTESIAN_POINT('',(0.64162,0.,-0.06375));
#16566=CARTESIAN_POINT('',(0.22292,0.,-0.06375));
#16567=CARTESIAN_POINT('',(0.22292,0.,0.07875));
#16568=CARTESIAN_POINT('',(0.22292,0.,-0.07875));
#16569=CARTESIAN_POINT('',(0.64162,0.,-0.07875));
#16570=CARTESIAN_POINT('',(0.,0.,0.));
#16571=CARTESIAN_POINT('',(0.18248,2.13425624505021E-18,0.07875));
#16572=CARTESIAN_POINT('',(0.18248,2.13425624505021E-18,-0.06375));
#16573=CARTESIAN_POINT('',(0.18248,2.13425624505021E-18,-0.07875));
#16574=CARTESIAN_POINT('',(0.64162,0.,-0.06375));
#16575=CARTESIAN_POINT('',(0.14418,0.,-0.06375));
#16576=CARTESIAN_POINT('',(0.14418,0.,0.07875));
#16577=CARTESIAN_POINT('',(0.14418,0.,-0.07875));
#16578=CARTESIAN_POINT('',(0.64162,0.,-0.07875));
#16579=CARTESIAN_POINT('',(0.,0.,0.));
#16580=CARTESIAN_POINT('',(0.10374,2.13425624505021E-18,0.07875));
#16581=CARTESIAN_POINT('',(0.10374,2.13425624505021E-18,-0.06375));
#16582=CARTESIAN_POINT('',(0.10374,2.13425624505021E-18,-0.07875));
#16583=CARTESIAN_POINT('',(0.64162,0.,-0.06375));
#16584=CARTESIAN_POINT('',(0.06544,0.,-0.06375));
#16585=CARTESIAN_POINT('',(0.06544,0.,0.07875));
#16586=CARTESIAN_POINT('',(0.06544,0.,-0.07875));
#16587=CARTESIAN_POINT('',(0.64162,0.,-0.07875));
#16588=CARTESIAN_POINT('',(0.,0.,0.));
#16589=CARTESIAN_POINT('',(0.025,2.13425624505021E-18,0.07875));
#16590=CARTESIAN_POINT('',(0.025,2.13425624505021E-18,-0.06375));
#16591=CARTESIAN_POINT('',(0.025,2.13425624505021E-18,-0.07875));
#16592=CARTESIAN_POINT('',(0.64162,0.,-0.06375));
#16593=CARTESIAN_POINT('',(0.,0.,-0.06375));
#16594=CARTESIAN_POINT('',(0.,0.,-0.07875));
#16595=CARTESIAN_POINT('',(0.,0.,-0.07875));
#16596=CARTESIAN_POINT('',(0.64162,0.,-0.07875));
#16597=CARTESIAN_POINT('',(0.64162,0.25,-0.07875));
#16598=CARTESIAN_POINT('',(0.61662,0.,-0.07875));
#16599=CARTESIAN_POINT('',(0.61662,0.015,-0.07875));
#16600=CARTESIAN_POINT('',(0.61662,0.015,-0.07875));
#16601=CARTESIAN_POINT('',(0.57618,0.015,-0.07875));
#16602=CARTESIAN_POINT('',(0.57618,0.015,-0.07875));
#16603=CARTESIAN_POINT('',(0.53788,0.,-0.07875));
#16604=CARTESIAN_POINT('',(0.53788,0.015,-0.07875));
#16605=CARTESIAN_POINT('',(0.53788,0.015,-0.07875));
#16606=CARTESIAN_POINT('',(0.49744,0.015,-0.07875));
#16607=CARTESIAN_POINT('',(0.49744,0.015,-0.07875));
#16608=CARTESIAN_POINT('',(0.45914,0.,-0.07875));
#16609=CARTESIAN_POINT('',(0.45914,0.015,-0.07875));
#16610=CARTESIAN_POINT('',(0.45914,0.015,-0.07875));
#16611=CARTESIAN_POINT('',(0.4187,0.015,-0.07875));
#16612=CARTESIAN_POINT('',(0.4187,0.015,-0.07875));
#16613=CARTESIAN_POINT('',(0.3804,0.,-0.07875));
#16614=CARTESIAN_POINT('',(0.3804,0.015,-0.07875));
#16615=CARTESIAN_POINT('',(0.3804,0.015,-0.07875));
#16616=CARTESIAN_POINT('',(0.33996,0.015,-0.07875));
#16617=CARTESIAN_POINT('',(0.33996,0.015,-0.07875));
#16618=CARTESIAN_POINT('',(0.30166,0.,-0.07875));
#16619=CARTESIAN_POINT('',(0.30166,0.015,-0.07875));
#16620=CARTESIAN_POINT('',(0.30166,0.015,-0.07875));
#16621=CARTESIAN_POINT('',(0.26122,0.015,-0.07875));
#16622=CARTESIAN_POINT('',(0.26122,0.015,-0.07875));
#16623=CARTESIAN_POINT('',(0.22292,0.,-0.07875));
#16624=CARTESIAN_POINT('',(0.22292,0.015,-0.07875));
#16625=CARTESIAN_POINT('',(0.22292,0.015,-0.07875));
#16626=CARTESIAN_POINT('',(0.18248,0.015,-0.07875));
#16627=CARTESIAN_POINT('',(0.18248,0.015,-0.07875));
#16628=CARTESIAN_POINT('',(0.14418,0.,-0.07875));
#16629=CARTESIAN_POINT('',(0.14418,0.015,-0.07875));
#16630=CARTESIAN_POINT('',(0.14418,0.015,-0.07875));
#16631=CARTESIAN_POINT('',(0.10374,0.015,-0.07875));
#16632=CARTESIAN_POINT('',(0.10374,0.015,-0.07875));
#16633=CARTESIAN_POINT('',(0.06544,0.,-0.07875));
#16634=CARTESIAN_POINT('',(0.06544,0.015,-0.07875));
#16635=CARTESIAN_POINT('',(0.06544,0.015,-0.07875));
#16636=CARTESIAN_POINT('',(0.025,0.015,-0.07875));
#16637=CARTESIAN_POINT('',(0.025,0.015,-0.07875));
#16638=CARTESIAN_POINT('',(0.,0.25,-0.07875));
#16639=CARTESIAN_POINT('',(0.,0.25,-0.07875));
#16640=CARTESIAN_POINT('',(0.64162,0.25,-0.07875));
#16641=CARTESIAN_POINT('',(0.64162,0.25,-0.07875));
#16642=CARTESIAN_POINT('',(0.64162,0.25,-0.07875));
#16643=CARTESIAN_POINT('',(0.,0.25,0.07875));
#16644=CARTESIAN_POINT('',(0.61662,0.,0.07875));
#16645=CARTESIAN_POINT('',(0.61662,0.015,0.07875));
#16646=CARTESIAN_POINT('',(0.64162,0.25,0.07875));
#16647=CARTESIAN_POINT('',(0.64162,0.25,0.07875));
#16648=CARTESIAN_POINT('',(0.,0.25,0.07875));
#16649=CARTESIAN_POINT('',(0.,0.25,0.07875));
#16650=CARTESIAN_POINT('',(0.,0.25,0.07875));
#16651=CARTESIAN_POINT('',(0.025,0.015,0.07875));
#16652=CARTESIAN_POINT('',(0.025,0.015,0.07875));
#16653=CARTESIAN_POINT('',(0.06544,0.015,0.07875));
#16654=CARTESIAN_POINT('',(0.06544,0.015,0.07875));
#16655=CARTESIAN_POINT('',(0.06544,0.,0.07875));
#16656=CARTESIAN_POINT('',(0.10374,0.015,0.07875));
#16657=CARTESIAN_POINT('',(0.10374,0.015,0.07875));
#16658=CARTESIAN_POINT('',(0.14418,0.015,0.07875));
#16659=CARTESIAN_POINT('',(0.14418,0.015,0.07875));
#16660=CARTESIAN_POINT('',(0.14418,0.,0.07875));
#16661=CARTESIAN_POINT('',(0.18248,0.015,0.07875));
#16662=CARTESIAN_POINT('',(0.18248,0.015,0.07875));
#16663=CARTESIAN_POINT('',(0.22292,0.015,0.07875));
#16664=CARTESIAN_POINT('',(0.22292,0.015,0.07875));
#16665=CARTESIAN_POINT('',(0.22292,0.,0.07875));
#16666=CARTESIAN_POINT('',(0.26122,0.015,0.07875));
#16667=CARTESIAN_POINT('',(0.26122,0.015,0.07875));
#16668=CARTESIAN_POINT('',(0.30166,0.015,0.07875));
#16669=CARTESIAN_POINT('',(0.30166,0.015,0.07875));
#16670=CARTESIAN_POINT('',(0.30166,0.,0.07875));
#16671=CARTESIAN_POINT('',(0.33996,0.015,0.07875));
#16672=CARTESIAN_POINT('',(0.33996,0.015,0.07875));
#16673=CARTESIAN_POINT('',(0.3804,0.015,0.07875));
#16674=CARTESIAN_POINT('',(0.3804,0.015,0.07875));
#16675=CARTESIAN_POINT('',(0.3804,0.,0.07875));
#16676=CARTESIAN_POINT('',(0.4187,0.015,0.07875));
#16677=CARTESIAN_POINT('',(0.4187,0.015,0.07875));
#16678=CARTESIAN_POINT('',(0.45914,0.015,0.07875));
#16679=CARTESIAN_POINT('',(0.45914,0.015,0.07875));
#16680=CARTESIAN_POINT('',(0.45914,0.,0.07875));
#16681=CARTESIAN_POINT('',(0.49744,0.015,0.07875));
#16682=CARTESIAN_POINT('',(0.49744,0.015,0.07875));
#16683=CARTESIAN_POINT('',(0.53788,0.015,0.07875));
#16684=CARTESIAN_POINT('',(0.53788,0.015,0.07875));
#16685=CARTESIAN_POINT('',(0.53788,0.,0.07875));
#16686=CARTESIAN_POINT('',(0.57618,0.015,0.07875));
#16687=CARTESIAN_POINT('',(0.57618,0.015,0.07875));
#16688=CARTESIAN_POINT('',(0.61662,0.015,0.07875));
#16689=CARTESIAN_POINT('',(0.64162,0.015,0.06375));
#16690=CARTESIAN_POINT('',(0.61662,0.015,0.06375));
#16691=CARTESIAN_POINT('',(0.61662,0.015,0.06375));
#16692=CARTESIAN_POINT('',(0.64162,0.015,0.06375));
#16693=CARTESIAN_POINT('',(0.64162,0.015,0.06375));
#16694=CARTESIAN_POINT('',(0.64162,0.015,0.06375));
#16695=CARTESIAN_POINT('',(0.64162,0.015,0.06375));
#16696=CARTESIAN_POINT('',(0.64162,0.015,0.06375));
#16697=CARTESIAN_POINT('',(0.57618,0.015,0.06375));
#16698=CARTESIAN_POINT('',(0.53788,0.015,0.06375));
#16699=CARTESIAN_POINT('',(0.57618,0.015,0.06375));
#16700=CARTESIAN_POINT('',(0.53788,0.015,0.06375));
#16701=CARTESIAN_POINT('',(0.64162,0.015,0.06375));
#16702=CARTESIAN_POINT('',(0.64162,0.015,0.06375));
#16703=CARTESIAN_POINT('',(0.49744,0.015,0.06375));
#16704=CARTESIAN_POINT('',(0.45914,0.015,0.06375));
#16705=CARTESIAN_POINT('',(0.49744,0.015,0.06375));
#16706=CARTESIAN_POINT('',(0.45914,0.015,0.06375));
#16707=CARTESIAN_POINT('',(0.64162,0.015,0.06375));
#16708=CARTESIAN_POINT('',(0.64162,0.015,0.06375));
#16709=CARTESIAN_POINT('',(0.4187,0.015,0.06375));
#16710=CARTESIAN_POINT('',(0.3804,0.015,0.06375));
#16711=CARTESIAN_POINT('',(0.4187,0.015,0.06375));
#16712=CARTESIAN_POINT('',(0.3804,0.015,0.06375));
#16713=CARTESIAN_POINT('',(0.64162,0.015,0.06375));
#16714=CARTESIAN_POINT('',(0.64162,0.015,0.06375));
#16715=CARTESIAN_POINT('',(0.33996,0.015,0.06375));
#16716=CARTESIAN_POINT('',(0.30166,0.015,0.06375));
#16717=CARTESIAN_POINT('',(0.33996,0.015,0.06375));
#16718=CARTESIAN_POINT('',(0.30166,0.015,0.06375));
#16719=CARTESIAN_POINT('',(0.64162,0.015,0.06375));
#16720=CARTESIAN_POINT('',(0.64162,0.015,0.06375));
#16721=CARTESIAN_POINT('',(0.26122,0.015,0.06375));
#16722=CARTESIAN_POINT('',(0.22292,0.015,0.06375));
#16723=CARTESIAN_POINT('',(0.26122,0.015,0.06375));
#16724=CARTESIAN_POINT('',(0.22292,0.015,0.06375));
#16725=CARTESIAN_POINT('',(0.64162,0.015,0.06375));
#16726=CARTESIAN_POINT('',(0.64162,0.015,0.06375));
#16727=CARTESIAN_POINT('',(0.18248,0.015,0.06375));
#16728=CARTESIAN_POINT('',(0.14418,0.015,0.06375));
#16729=CARTESIAN_POINT('',(0.18248,0.015,0.06375));
#16730=CARTESIAN_POINT('',(0.14418,0.015,0.06375));
#16731=CARTESIAN_POINT('',(0.64162,0.015,0.06375));
#16732=CARTESIAN_POINT('',(0.64162,0.015,0.06375));
#16733=CARTESIAN_POINT('',(0.10374,0.015,0.06375));
#16734=CARTESIAN_POINT('',(0.06544,0.015,0.06375));
#16735=CARTESIAN_POINT('',(0.10374,0.015,0.06375));
#16736=CARTESIAN_POINT('',(0.06544,0.015,0.06375));
#16737=CARTESIAN_POINT('',(0.64162,0.015,0.06375));
#16738=CARTESIAN_POINT('',(0.64162,0.015,0.06375));
#16739=CARTESIAN_POINT('',(0.025,0.015,0.06375));
#16740=CARTESIAN_POINT('',(0.,0.015,0.06375));
#16741=CARTESIAN_POINT('',(0.025,0.015,0.06375));
#16742=CARTESIAN_POINT('',(0.,0.015,0.06375));
#16743=CARTESIAN_POINT('',(0.64162,0.,-0.06375));
#16744=CARTESIAN_POINT('',(0.64162,0.015,-0.06375));
#16745=CARTESIAN_POINT('',(0.64162,0.015,-0.06375));
#16746=CARTESIAN_POINT('',(0.61662,0.015,-0.06375));
#16747=CARTESIAN_POINT('',(0.61662,0.,-0.06375));
#16748=CARTESIAN_POINT('',(0.64162,0.,-0.06375));
#16749=CARTESIAN_POINT('',(0.64162,0.,-0.06375));
#16750=CARTESIAN_POINT('',(0.57618,0.,-0.06375));
#16751=CARTESIAN_POINT('',(0.57618,0.015,-0.06375));
#16752=CARTESIAN_POINT('',(0.64162,0.015,-0.06375));
#16753=CARTESIAN_POINT('',(0.53788,0.015,-0.06375));
#16754=CARTESIAN_POINT('',(0.53788,0.,-0.06375));
#16755=CARTESIAN_POINT('',(0.64162,0.,-0.06375));
#16756=CARTESIAN_POINT('',(0.49744,0.,-0.06375));
#16757=CARTESIAN_POINT('',(0.49744,0.015,-0.06375));
#16758=CARTESIAN_POINT('',(0.64162,0.015,-0.06375));
#16759=CARTESIAN_POINT('',(0.45914,0.015,-0.06375));
#16760=CARTESIAN_POINT('',(0.45914,0.,-0.06375));
#16761=CARTESIAN_POINT('',(0.64162,0.,-0.06375));
#16762=CARTESIAN_POINT('',(0.4187,0.,-0.06375));
#16763=CARTESIAN_POINT('',(0.4187,0.015,-0.06375));
#16764=CARTESIAN_POINT('',(0.64162,0.015,-0.06375));
#16765=CARTESIAN_POINT('',(0.3804,0.015,-0.06375));
#16766=CARTESIAN_POINT('',(0.3804,0.,-0.06375));
#16767=CARTESIAN_POINT('',(0.64162,0.,-0.06375));
#16768=CARTESIAN_POINT('',(0.33996,0.,-0.06375));
#16769=CARTESIAN_POINT('',(0.33996,0.015,-0.06375));
#16770=CARTESIAN_POINT('',(0.64162,0.015,-0.06375));
#16771=CARTESIAN_POINT('',(0.30166,0.015,-0.06375));
#16772=CARTESIAN_POINT('',(0.30166,0.,-0.06375));
#16773=CARTESIAN_POINT('',(0.64162,0.,-0.06375));
#16774=CARTESIAN_POINT('',(0.26122,0.,-0.06375));
#16775=CARTESIAN_POINT('',(0.26122,0.015,-0.06375));
#16776=CARTESIAN_POINT('',(0.64162,0.015,-0.06375));
#16777=CARTESIAN_POINT('',(0.22292,0.015,-0.06375));
#16778=CARTESIAN_POINT('',(0.22292,0.,-0.06375));
#16779=CARTESIAN_POINT('',(0.64162,0.,-0.06375));
#16780=CARTESIAN_POINT('',(0.18248,0.,-0.06375));
#16781=CARTESIAN_POINT('',(0.18248,0.015,-0.06375));
#16782=CARTESIAN_POINT('',(0.64162,0.015,-0.06375));
#16783=CARTESIAN_POINT('',(0.14418,0.015,-0.06375));
#16784=CARTESIAN_POINT('',(0.14418,0.,-0.06375));
#16785=CARTESIAN_POINT('',(0.64162,0.,-0.06375));
#16786=CARTESIAN_POINT('',(0.10374,0.,-0.06375));
#16787=CARTESIAN_POINT('',(0.10374,0.015,-0.06375));
#16788=CARTESIAN_POINT('',(0.64162,0.015,-0.06375));
#16789=CARTESIAN_POINT('',(0.06544,0.015,-0.06375));
#16790=CARTESIAN_POINT('',(0.06544,0.,-0.06375));
#16791=CARTESIAN_POINT('',(0.64162,0.,-0.06375));
#16792=CARTESIAN_POINT('',(0.025,0.,-0.06375));
#16793=CARTESIAN_POINT('',(0.025,0.015,-0.06375));
#16794=CARTESIAN_POINT('',(0.64162,0.015,-0.06375));
#16795=CARTESIAN_POINT('',(0.,0.015,-0.06375));
#16796=CARTESIAN_POINT('',(0.,0.,-0.06375));
#16797=CARTESIAN_POINT('',(0.,0.25,-0.07875));
#16798=CARTESIAN_POINT('',(0.,0.25,-0.07875));
#16799=CARTESIAN_POINT('',(0.,0.015,-0.06375));
#16800=CARTESIAN_POINT('',(0.64162,0.25,0.07875));
#16801=CARTESIAN_POINT('',(0.64162,0.015,-0.06375));
#16802=CARTESIAN_POINT('',(0.64162,0.25,0.07875));
#16803=CARTESIAN_POINT('',(0.60625,0.25,0.02952));
#16804=CARTESIAN_POINT('',(0.60625,0.045,0.02952));
#16805=CARTESIAN_POINT('',(0.60625,0.045,0.02952));
#16806=CARTESIAN_POINT('',(0.58655,0.045,0.02952));
#16807=CARTESIAN_POINT('',(0.60625,0.25,0.02952));
#16808=CARTESIAN_POINT('',(0.60625,0.25,0.02952));
#16809=CARTESIAN_POINT('',(0.60625,0.25,0.02952));
#16810=CARTESIAN_POINT('',(0.58655,0.25,0.02952));
#16811=CARTESIAN_POINT('',(0.58655,0.25,0.02952));
#16812=CARTESIAN_POINT('',(0.60625,0.25,0.04922));
#16813=CARTESIAN_POINT('',(0.60625,0.045,0.04922));
#16814=CARTESIAN_POINT('',(0.60625,0.045,0.04922));
#16815=CARTESIAN_POINT('',(0.60625,0.25,0.04922));
#16816=CARTESIAN_POINT('',(0.60625,0.25,0.04922));
#16817=CARTESIAN_POINT('',(0.60625,0.25,0.04922));
#16818=CARTESIAN_POINT('',(0.58655,0.25,0.04922));
#16819=CARTESIAN_POINT('',(0.58655,0.045,0.04922));
#16820=CARTESIAN_POINT('',(0.58655,0.045,0.04922));
#16821=CARTESIAN_POINT('',(0.58655,0.25,0.04922));
#16822=CARTESIAN_POINT('',(0.58655,0.25,0.04922));
#16823=CARTESIAN_POINT('',(0.58655,0.25,0.04922));
#16824=CARTESIAN_POINT('',(0.60625,0.25,-0.04922));
#16825=CARTESIAN_POINT('',(0.60625,0.045,-0.04922));
#16826=CARTESIAN_POINT('',(0.60625,0.045,-0.04922));
#16827=CARTESIAN_POINT('',(0.58655,0.045,-0.04922));
#16828=CARTESIAN_POINT('',(0.60625,0.25,-0.04922));
#16829=CARTESIAN_POINT('',(0.60625,0.25,-0.04922));
#16830=CARTESIAN_POINT('',(0.60625,0.25,-0.04922));
#16831=CARTESIAN_POINT('',(0.58655,0.25,-0.04922));
#16832=CARTESIAN_POINT('',(0.58655,0.25,-0.04922));
#16833=CARTESIAN_POINT('',(0.60625,0.25,-0.02952));
#16834=CARTESIAN_POINT('',(0.60625,0.045,-0.02952));
#16835=CARTESIAN_POINT('',(0.60625,0.045,-0.02952));
#16836=CARTESIAN_POINT('',(0.60625,0.25,-0.02952));
#16837=CARTESIAN_POINT('',(0.60625,0.25,-0.02952));
#16838=CARTESIAN_POINT('',(0.60625,0.25,-0.02952));
#16839=CARTESIAN_POINT('',(0.58655,0.25,-0.02952));
#16840=CARTESIAN_POINT('',(0.58655,0.045,-0.02952));
#16841=CARTESIAN_POINT('',(0.58655,0.045,-0.02952));
#16842=CARTESIAN_POINT('',(0.58655,0.25,-0.02952));
#16843=CARTESIAN_POINT('',(0.58655,0.25,-0.02952));
#16844=CARTESIAN_POINT('',(0.58655,0.25,-0.02952));
#16845=CARTESIAN_POINT('',(0.52751,0.25,0.02952));
#16846=CARTESIAN_POINT('',(0.52751,0.045,0.02952));
#16847=CARTESIAN_POINT('',(0.52751,0.045,0.02952));
#16848=CARTESIAN_POINT('',(0.50781,0.045,0.02952));
#16849=CARTESIAN_POINT('',(0.52751,0.25,0.02952));
#16850=CARTESIAN_POINT('',(0.52751,0.25,0.02952));
#16851=CARTESIAN_POINT('',(0.52751,0.25,0.02952));
#16852=CARTESIAN_POINT('',(0.50781,0.25,0.02952));
#16853=CARTESIAN_POINT('',(0.50781,0.25,0.02952));
#16854=CARTESIAN_POINT('',(0.52751,0.25,0.04922));
#16855=CARTESIAN_POINT('',(0.52751,0.045,0.04922));
#16856=CARTESIAN_POINT('',(0.52751,0.045,0.04922));
#16857=CARTESIAN_POINT('',(0.52751,0.25,0.04922));
#16858=CARTESIAN_POINT('',(0.52751,0.25,0.04922));
#16859=CARTESIAN_POINT('',(0.52751,0.25,0.04922));
#16860=CARTESIAN_POINT('',(0.50781,0.25,0.04922));
#16861=CARTESIAN_POINT('',(0.50781,0.045,0.04922));
#16862=CARTESIAN_POINT('',(0.50781,0.045,0.04922));
#16863=CARTESIAN_POINT('',(0.50781,0.25,0.04922));
#16864=CARTESIAN_POINT('',(0.50781,0.25,0.04922));
#16865=CARTESIAN_POINT('',(0.50781,0.25,0.04922));
#16866=CARTESIAN_POINT('',(0.52751,0.25,-0.04922));
#16867=CARTESIAN_POINT('',(0.52751,0.045,-0.04922));
#16868=CARTESIAN_POINT('',(0.52751,0.045,-0.04922));
#16869=CARTESIAN_POINT('',(0.50781,0.045,-0.04922));
#16870=CARTESIAN_POINT('',(0.52751,0.25,-0.04922));
#16871=CARTESIAN_POINT('',(0.52751,0.25,-0.04922));
#16872=CARTESIAN_POINT('',(0.52751,0.25,-0.04922));
#16873=CARTESIAN_POINT('',(0.50781,0.25,-0.04922));
#16874=CARTESIAN_POINT('',(0.50781,0.25,-0.04922));
#16875=CARTESIAN_POINT('',(0.52751,0.25,-0.02952));
#16876=CARTESIAN_POINT('',(0.52751,0.045,-0.02952));
#16877=CARTESIAN_POINT('',(0.52751,0.045,-0.02952));
#16878=CARTESIAN_POINT('',(0.52751,0.25,-0.02952));
#16879=CARTESIAN_POINT('',(0.52751,0.25,-0.02952));
#16880=CARTESIAN_POINT('',(0.52751,0.25,-0.02952));
#16881=CARTESIAN_POINT('',(0.50781,0.25,-0.02952));
#16882=CARTESIAN_POINT('',(0.50781,0.045,-0.02952));
#16883=CARTESIAN_POINT('',(0.50781,0.045,-0.02952));
#16884=CARTESIAN_POINT('',(0.50781,0.25,-0.02952));
#16885=CARTESIAN_POINT('',(0.50781,0.25,-0.02952));
#16886=CARTESIAN_POINT('',(0.50781,0.25,-0.02952));
#16887=CARTESIAN_POINT('',(0.44877,0.25,0.02952));
#16888=CARTESIAN_POINT('',(0.44877,0.045,0.02952));
#16889=CARTESIAN_POINT('',(0.44877,0.045,0.02952));
#16890=CARTESIAN_POINT('',(0.42907,0.045,0.02952));
#16891=CARTESIAN_POINT('',(0.44877,0.25,0.02952));
#16892=CARTESIAN_POINT('',(0.44877,0.25,0.02952));
#16893=CARTESIAN_POINT('',(0.44877,0.25,0.02952));
#16894=CARTESIAN_POINT('',(0.42907,0.25,0.02952));
#16895=CARTESIAN_POINT('',(0.42907,0.25,0.02952));
#16896=CARTESIAN_POINT('',(0.44877,0.25,0.04922));
#16897=CARTESIAN_POINT('',(0.44877,0.045,0.04922));
#16898=CARTESIAN_POINT('',(0.44877,0.045,0.04922));
#16899=CARTESIAN_POINT('',(0.44877,0.25,0.04922));
#16900=CARTESIAN_POINT('',(0.44877,0.25,0.04922));
#16901=CARTESIAN_POINT('',(0.44877,0.25,0.04922));
#16902=CARTESIAN_POINT('',(0.42907,0.25,0.04922));
#16903=CARTESIAN_POINT('',(0.42907,0.045,0.04922));
#16904=CARTESIAN_POINT('',(0.42907,0.045,0.04922));
#16905=CARTESIAN_POINT('',(0.42907,0.25,0.04922));
#16906=CARTESIAN_POINT('',(0.42907,0.25,0.04922));
#16907=CARTESIAN_POINT('',(0.42907,0.25,0.04922));
#16908=CARTESIAN_POINT('',(0.44877,0.25,-0.04922));
#16909=CARTESIAN_POINT('',(0.44877,0.045,-0.04922));
#16910=CARTESIAN_POINT('',(0.44877,0.045,-0.04922));
#16911=CARTESIAN_POINT('',(0.42907,0.045,-0.04922));
#16912=CARTESIAN_POINT('',(0.44877,0.25,-0.04922));
#16913=CARTESIAN_POINT('',(0.44877,0.25,-0.04922));
#16914=CARTESIAN_POINT('',(0.44877,0.25,-0.04922));
#16915=CARTESIAN_POINT('',(0.42907,0.25,-0.04922));
#16916=CARTESIAN_POINT('',(0.42907,0.25,-0.04922));
#16917=CARTESIAN_POINT('',(0.44877,0.25,-0.02952));
#16918=CARTESIAN_POINT('',(0.44877,0.045,-0.02952));
#16919=CARTESIAN_POINT('',(0.44877,0.045,-0.02952));
#16920=CARTESIAN_POINT('',(0.44877,0.25,-0.02952));
#16921=CARTESIAN_POINT('',(0.44877,0.25,-0.02952));
#16922=CARTESIAN_POINT('',(0.44877,0.25,-0.02952));
#16923=CARTESIAN_POINT('',(0.42907,0.25,-0.02952));
#16924=CARTESIAN_POINT('',(0.42907,0.045,-0.02952));
#16925=CARTESIAN_POINT('',(0.42907,0.045,-0.02952));
#16926=CARTESIAN_POINT('',(0.42907,0.25,-0.02952));
#16927=CARTESIAN_POINT('',(0.42907,0.25,-0.02952));
#16928=CARTESIAN_POINT('',(0.42907,0.25,-0.02952));
#16929=CARTESIAN_POINT('',(0.37003,0.25,0.02952));
#16930=CARTESIAN_POINT('',(0.37003,0.045,0.02952));
#16931=CARTESIAN_POINT('',(0.37003,0.045,0.02952));
#16932=CARTESIAN_POINT('',(0.35033,0.045,0.02952));
#16933=CARTESIAN_POINT('',(0.37003,0.25,0.02952));
#16934=CARTESIAN_POINT('',(0.37003,0.25,0.02952));
#16935=CARTESIAN_POINT('',(0.37003,0.25,0.02952));
#16936=CARTESIAN_POINT('',(0.35033,0.25,0.02952));
#16937=CARTESIAN_POINT('',(0.35033,0.25,0.02952));
#16938=CARTESIAN_POINT('',(0.37003,0.25,0.04922));
#16939=CARTESIAN_POINT('',(0.37003,0.045,0.04922));
#16940=CARTESIAN_POINT('',(0.37003,0.045,0.04922));
#16941=CARTESIAN_POINT('',(0.37003,0.25,0.04922));
#16942=CARTESIAN_POINT('',(0.37003,0.25,0.04922));
#16943=CARTESIAN_POINT('',(0.37003,0.25,0.04922));
#16944=CARTESIAN_POINT('',(0.35033,0.25,0.04922));
#16945=CARTESIAN_POINT('',(0.35033,0.045,0.04922));
#16946=CARTESIAN_POINT('',(0.35033,0.045,0.04922));
#16947=CARTESIAN_POINT('',(0.35033,0.25,0.04922));
#16948=CARTESIAN_POINT('',(0.35033,0.25,0.04922));
#16949=CARTESIAN_POINT('',(0.35033,0.25,0.04922));
#16950=CARTESIAN_POINT('',(0.37003,0.25,-0.04922));
#16951=CARTESIAN_POINT('',(0.37003,0.045,-0.04922));
#16952=CARTESIAN_POINT('',(0.37003,0.045,-0.04922));
#16953=CARTESIAN_POINT('',(0.35033,0.045,-0.04922));
#16954=CARTESIAN_POINT('',(0.37003,0.25,-0.04922));
#16955=CARTESIAN_POINT('',(0.37003,0.25,-0.04922));
#16956=CARTESIAN_POINT('',(0.37003,0.25,-0.04922));
#16957=CARTESIAN_POINT('',(0.35033,0.25,-0.04922));
#16958=CARTESIAN_POINT('',(0.35033,0.25,-0.04922));
#16959=CARTESIAN_POINT('',(0.37003,0.25,-0.02952));
#16960=CARTESIAN_POINT('',(0.37003,0.045,-0.02952));
#16961=CARTESIAN_POINT('',(0.37003,0.045,-0.02952));
#16962=CARTESIAN_POINT('',(0.37003,0.25,-0.02952));
#16963=CARTESIAN_POINT('',(0.37003,0.25,-0.02952));
#16964=CARTESIAN_POINT('',(0.37003,0.25,-0.02952));
#16965=CARTESIAN_POINT('',(0.35033,0.25,-0.02952));
#16966=CARTESIAN_POINT('',(0.35033,0.045,-0.02952));
#16967=CARTESIAN_POINT('',(0.35033,0.045,-0.02952));
#16968=CARTESIAN_POINT('',(0.35033,0.25,-0.02952));
#16969=CARTESIAN_POINT('',(0.35033,0.25,-0.02952));
#16970=CARTESIAN_POINT('',(0.35033,0.25,-0.02952));
#16971=CARTESIAN_POINT('',(0.29129,0.25,0.02952));
#16972=CARTESIAN_POINT('',(0.29129,0.045,0.02952));
#16973=CARTESIAN_POINT('',(0.29129,0.045,0.02952));
#16974=CARTESIAN_POINT('',(0.27159,0.045,0.02952));
#16975=CARTESIAN_POINT('',(0.29129,0.25,0.02952));
#16976=CARTESIAN_POINT('',(0.29129,0.25,0.02952));
#16977=CARTESIAN_POINT('',(0.29129,0.25,0.02952));
#16978=CARTESIAN_POINT('',(0.27159,0.25,0.02952));
#16979=CARTESIAN_POINT('',(0.27159,0.25,0.02952));
#16980=CARTESIAN_POINT('',(0.29129,0.25,0.04922));
#16981=CARTESIAN_POINT('',(0.29129,0.045,0.04922));
#16982=CARTESIAN_POINT('',(0.29129,0.045,0.04922));
#16983=CARTESIAN_POINT('',(0.29129,0.25,0.04922));
#16984=CARTESIAN_POINT('',(0.29129,0.25,0.04922));
#16985=CARTESIAN_POINT('',(0.29129,0.25,0.04922));
#16986=CARTESIAN_POINT('',(0.27159,0.25,0.04922));
#16987=CARTESIAN_POINT('',(0.27159,0.045,0.04922));
#16988=CARTESIAN_POINT('',(0.27159,0.045,0.04922));
#16989=CARTESIAN_POINT('',(0.27159,0.25,0.04922));
#16990=CARTESIAN_POINT('',(0.27159,0.25,0.04922));
#16991=CARTESIAN_POINT('',(0.27159,0.25,0.04922));
#16992=CARTESIAN_POINT('',(0.29129,0.25,-0.04922));
#16993=CARTESIAN_POINT('',(0.29129,0.045,-0.04922));
#16994=CARTESIAN_POINT('',(0.29129,0.045,-0.04922));
#16995=CARTESIAN_POINT('',(0.27159,0.045,-0.04922));
#16996=CARTESIAN_POINT('',(0.29129,0.25,-0.04922));
#16997=CARTESIAN_POINT('',(0.29129,0.25,-0.04922));
#16998=CARTESIAN_POINT('',(0.29129,0.25,-0.04922));
#16999=CARTESIAN_POINT('',(0.27159,0.25,-0.04922));
#17000=CARTESIAN_POINT('',(0.27159,0.25,-0.04922));
#17001=CARTESIAN_POINT('',(0.29129,0.25,-0.02952));
#17002=CARTESIAN_POINT('',(0.29129,0.045,-0.02952));
#17003=CARTESIAN_POINT('',(0.29129,0.045,-0.02952));
#17004=CARTESIAN_POINT('',(0.29129,0.25,-0.02952));
#17005=CARTESIAN_POINT('',(0.29129,0.25,-0.02952));
#17006=CARTESIAN_POINT('',(0.29129,0.25,-0.02952));
#17007=CARTESIAN_POINT('',(0.27159,0.25,-0.02952));
#17008=CARTESIAN_POINT('',(0.27159,0.045,-0.02952));
#17009=CARTESIAN_POINT('',(0.27159,0.045,-0.02952));
#17010=CARTESIAN_POINT('',(0.27159,0.25,-0.02952));
#17011=CARTESIAN_POINT('',(0.27159,0.25,-0.02952));
#17012=CARTESIAN_POINT('',(0.27159,0.25,-0.02952));
#17013=CARTESIAN_POINT('',(0.21255,0.25,0.02952));
#17014=CARTESIAN_POINT('',(0.21255,0.045,0.02952));
#17015=CARTESIAN_POINT('',(0.21255,0.045,0.02952));
#17016=CARTESIAN_POINT('',(0.19285,0.045,0.02952));
#17017=CARTESIAN_POINT('',(0.21255,0.25,0.02952));
#17018=CARTESIAN_POINT('',(0.21255,0.25,0.02952));
#17019=CARTESIAN_POINT('',(0.21255,0.25,0.02952));
#17020=CARTESIAN_POINT('',(0.19285,0.25,0.02952));
#17021=CARTESIAN_POINT('',(0.19285,0.25,0.02952));
#17022=CARTESIAN_POINT('',(0.21255,0.25,0.04922));
#17023=CARTESIAN_POINT('',(0.21255,0.045,0.04922));
#17024=CARTESIAN_POINT('',(0.21255,0.045,0.04922));
#17025=CARTESIAN_POINT('',(0.21255,0.25,0.04922));
#17026=CARTESIAN_POINT('',(0.21255,0.25,0.04922));
#17027=CARTESIAN_POINT('',(0.21255,0.25,0.04922));
#17028=CARTESIAN_POINT('',(0.19285,0.25,0.04922));
#17029=CARTESIAN_POINT('',(0.19285,0.045,0.04922));
#17030=CARTESIAN_POINT('',(0.19285,0.045,0.04922));
#17031=CARTESIAN_POINT('',(0.19285,0.25,0.04922));
#17032=CARTESIAN_POINT('',(0.19285,0.25,0.04922));
#17033=CARTESIAN_POINT('',(0.19285,0.25,0.04922));
#17034=CARTESIAN_POINT('',(0.21255,0.25,-0.04922));
#17035=CARTESIAN_POINT('',(0.21255,0.045,-0.04922));
#17036=CARTESIAN_POINT('',(0.21255,0.045,-0.04922));
#17037=CARTESIAN_POINT('',(0.19285,0.045,-0.04922));
#17038=CARTESIAN_POINT('',(0.21255,0.25,-0.04922));
#17039=CARTESIAN_POINT('',(0.21255,0.25,-0.04922));
#17040=CARTESIAN_POINT('',(0.21255,0.25,-0.04922));
#17041=CARTESIAN_POINT('',(0.19285,0.25,-0.04922));
#17042=CARTESIAN_POINT('',(0.19285,0.25,-0.04922));
#17043=CARTESIAN_POINT('',(0.21255,0.25,-0.02952));
#17044=CARTESIAN_POINT('',(0.21255,0.045,-0.02952));
#17045=CARTESIAN_POINT('',(0.21255,0.045,-0.02952));
#17046=CARTESIAN_POINT('',(0.21255,0.25,-0.02952));
#17047=CARTESIAN_POINT('',(0.21255,0.25,-0.02952));
#17048=CARTESIAN_POINT('',(0.21255,0.25,-0.02952));
#17049=CARTESIAN_POINT('',(0.19285,0.25,-0.02952));
#17050=CARTESIAN_POINT('',(0.19285,0.045,-0.02952));
#17051=CARTESIAN_POINT('',(0.19285,0.045,-0.02952));
#17052=CARTESIAN_POINT('',(0.19285,0.25,-0.02952));
#17053=CARTESIAN_POINT('',(0.19285,0.25,-0.02952));
#17054=CARTESIAN_POINT('',(0.19285,0.25,-0.02952));
#17055=CARTESIAN_POINT('',(0.13381,0.25,0.02952));
#17056=CARTESIAN_POINT('',(0.13381,0.045,0.02952));
#17057=CARTESIAN_POINT('',(0.13381,0.045,0.02952));
#17058=CARTESIAN_POINT('',(0.11411,0.045,0.02952));
#17059=CARTESIAN_POINT('',(0.13381,0.25,0.02952));
#17060=CARTESIAN_POINT('',(0.13381,0.25,0.02952));
#17061=CARTESIAN_POINT('',(0.13381,0.25,0.02952));
#17062=CARTESIAN_POINT('',(0.11411,0.25,0.02952));
#17063=CARTESIAN_POINT('',(0.11411,0.25,0.02952));
#17064=CARTESIAN_POINT('',(0.13381,0.25,0.04922));
#17065=CARTESIAN_POINT('',(0.13381,0.045,0.04922));
#17066=CARTESIAN_POINT('',(0.13381,0.045,0.04922));
#17067=CARTESIAN_POINT('',(0.13381,0.25,0.04922));
#17068=CARTESIAN_POINT('',(0.13381,0.25,0.04922));
#17069=CARTESIAN_POINT('',(0.13381,0.25,0.04922));
#17070=CARTESIAN_POINT('',(0.11411,0.25,0.04922));
#17071=CARTESIAN_POINT('',(0.11411,0.045,0.04922));
#17072=CARTESIAN_POINT('',(0.11411,0.045,0.04922));
#17073=CARTESIAN_POINT('',(0.11411,0.25,0.04922));
#17074=CARTESIAN_POINT('',(0.11411,0.25,0.04922));
#17075=CARTESIAN_POINT('',(0.11411,0.25,0.04922));
#17076=CARTESIAN_POINT('',(0.13381,0.25,-0.04922));
#17077=CARTESIAN_POINT('',(0.13381,0.045,-0.04922));
#17078=CARTESIAN_POINT('',(0.13381,0.045,-0.04922));
#17079=CARTESIAN_POINT('',(0.11411,0.045,-0.04922));
#17080=CARTESIAN_POINT('',(0.13381,0.25,-0.04922));
#17081=CARTESIAN_POINT('',(0.13381,0.25,-0.04922));
#17082=CARTESIAN_POINT('',(0.13381,0.25,-0.04922));
#17083=CARTESIAN_POINT('',(0.11411,0.25,-0.04922));
#17084=CARTESIAN_POINT('',(0.11411,0.25,-0.04922));
#17085=CARTESIAN_POINT('',(0.13381,0.25,-0.02952));
#17086=CARTESIAN_POINT('',(0.13381,0.045,-0.02952));
#17087=CARTESIAN_POINT('',(0.13381,0.045,-0.02952));
#17088=CARTESIAN_POINT('',(0.13381,0.25,-0.02952));
#17089=CARTESIAN_POINT('',(0.13381,0.25,-0.02952));
#17090=CARTESIAN_POINT('',(0.13381,0.25,-0.02952));
#17091=CARTESIAN_POINT('',(0.11411,0.25,-0.02952));
#17092=CARTESIAN_POINT('',(0.11411,0.045,-0.02952));
#17093=CARTESIAN_POINT('',(0.11411,0.045,-0.02952));
#17094=CARTESIAN_POINT('',(0.11411,0.25,-0.02952));
#17095=CARTESIAN_POINT('',(0.11411,0.25,-0.02952));
#17096=CARTESIAN_POINT('',(0.11411,0.25,-0.02952));
#17097=CARTESIAN_POINT('',(0.05507,0.25,0.02952));
#17098=CARTESIAN_POINT('',(0.05507,0.045,0.02952));
#17099=CARTESIAN_POINT('',(0.05507,0.045,0.02952));
#17100=CARTESIAN_POINT('',(0.03537,0.045,0.02952));
#17101=CARTESIAN_POINT('',(0.05507,0.25,0.02952));
#17102=CARTESIAN_POINT('',(0.05507,0.25,0.02952));
#17103=CARTESIAN_POINT('',(0.05507,0.25,0.02952));
#17104=CARTESIAN_POINT('',(0.03537,0.25,0.02952));
#17105=CARTESIAN_POINT('',(0.03537,0.25,0.02952));
#17106=CARTESIAN_POINT('',(0.05507,0.25,0.04922));
#17107=CARTESIAN_POINT('',(0.05507,0.045,0.04922));
#17108=CARTESIAN_POINT('',(0.05507,0.045,0.04922));
#17109=CARTESIAN_POINT('',(0.05507,0.25,0.04922));
#17110=CARTESIAN_POINT('',(0.05507,0.25,0.04922));
#17111=CARTESIAN_POINT('',(0.05507,0.25,0.04922));
#17112=CARTESIAN_POINT('',(0.03537,0.25,0.04922));
#17113=CARTESIAN_POINT('',(0.03537,0.045,0.04922));
#17114=CARTESIAN_POINT('',(0.03537,0.045,0.04922));
#17115=CARTESIAN_POINT('',(0.03537,0.25,0.04922));
#17116=CARTESIAN_POINT('',(0.03537,0.25,0.04922));
#17117=CARTESIAN_POINT('',(0.03537,0.25,0.04922));
#17118=CARTESIAN_POINT('',(0.05507,0.25,-0.04922));
#17119=CARTESIAN_POINT('',(0.05507,0.045,-0.04922));
#17120=CARTESIAN_POINT('',(0.05507,0.045,-0.04922));
#17121=CARTESIAN_POINT('',(0.03537,0.045,-0.04922));
#17122=CARTESIAN_POINT('',(0.05507,0.25,-0.04922));
#17123=CARTESIAN_POINT('',(0.05507,0.25,-0.04922));
#17124=CARTESIAN_POINT('',(0.05507,0.25,-0.04922));
#17125=CARTESIAN_POINT('',(0.03537,0.25,-0.04922));
#17126=CARTESIAN_POINT('',(0.03537,0.25,-0.04922));
#17127=CARTESIAN_POINT('',(0.05507,0.25,-0.02952));
#17128=CARTESIAN_POINT('',(0.05507,0.045,-0.02952));
#17129=CARTESIAN_POINT('',(0.05507,0.045,-0.02952));
#17130=CARTESIAN_POINT('',(0.05507,0.25,-0.02952));
#17131=CARTESIAN_POINT('',(0.05507,0.25,-0.02952));
#17132=CARTESIAN_POINT('',(0.05507,0.25,-0.02952));
#17133=CARTESIAN_POINT('',(0.03537,0.25,-0.02952));
#17134=CARTESIAN_POINT('',(0.03537,0.045,-0.02952));
#17135=CARTESIAN_POINT('',(0.03537,0.045,-0.02952));
#17136=CARTESIAN_POINT('',(0.03537,0.25,-0.02952));
#17137=CARTESIAN_POINT('',(0.03537,0.25,-0.02952));
#17138=CARTESIAN_POINT('',(0.03537,0.25,-0.02952));
#17139=CARTESIAN_POINT('',(0.58655,0.25,0.02952));
#17140=CARTESIAN_POINT('',(0.58655,0.045,0.02952));
#17141=CARTESIAN_POINT('',(0.58655,0.25,0.02952));
#17142=CARTESIAN_POINT('',(0.58655,0.25,-0.04922));
#17143=CARTESIAN_POINT('',(0.58655,0.045,-0.04922));
#17144=CARTESIAN_POINT('',(0.58655,0.25,-0.04922));
#17145=CARTESIAN_POINT('',(0.50781,0.25,0.02952));
#17146=CARTESIAN_POINT('',(0.50781,0.045,0.02952));
#17147=CARTESIAN_POINT('',(0.50781,0.25,0.02952));
#17148=CARTESIAN_POINT('',(0.50781,0.25,-0.04922));
#17149=CARTESIAN_POINT('',(0.50781,0.045,-0.04922));
#17150=CARTESIAN_POINT('',(0.50781,0.25,-0.04922));
#17151=CARTESIAN_POINT('',(0.42907,0.25,0.02952));
#17152=CARTESIAN_POINT('',(0.42907,0.045,0.02952));
#17153=CARTESIAN_POINT('',(0.42907,0.25,0.02952));
#17154=CARTESIAN_POINT('',(0.42907,0.25,-0.04922));
#17155=CARTESIAN_POINT('',(0.42907,0.045,-0.04922));
#17156=CARTESIAN_POINT('',(0.42907,0.25,-0.04922));
#17157=CARTESIAN_POINT('',(0.35033,0.25,0.02952));
#17158=CARTESIAN_POINT('',(0.35033,0.045,0.02952));
#17159=CARTESIAN_POINT('',(0.35033,0.25,0.02952));
#17160=CARTESIAN_POINT('',(0.35033,0.25,-0.04922));
#17161=CARTESIAN_POINT('',(0.35033,0.045,-0.04922));
#17162=CARTESIAN_POINT('',(0.35033,0.25,-0.04922));
#17163=CARTESIAN_POINT('',(0.27159,0.25,0.02952));
#17164=CARTESIAN_POINT('',(0.27159,0.045,0.02952));
#17165=CARTESIAN_POINT('',(0.27159,0.25,0.02952));
#17166=CARTESIAN_POINT('',(0.27159,0.25,-0.04922));
#17167=CARTESIAN_POINT('',(0.27159,0.045,-0.04922));
#17168=CARTESIAN_POINT('',(0.27159,0.25,-0.04922));
#17169=CARTESIAN_POINT('',(0.19285,0.25,0.02952));
#17170=CARTESIAN_POINT('',(0.19285,0.045,0.02952));
#17171=CARTESIAN_POINT('',(0.19285,0.25,0.02952));
#17172=CARTESIAN_POINT('',(0.19285,0.25,-0.04922));
#17173=CARTESIAN_POINT('',(0.19285,0.045,-0.04922));
#17174=CARTESIAN_POINT('',(0.19285,0.25,-0.04922));
#17175=CARTESIAN_POINT('',(0.11411,0.25,0.02952));
#17176=CARTESIAN_POINT('',(0.11411,0.045,0.02952));
#17177=CARTESIAN_POINT('',(0.11411,0.25,0.02952));
#17178=CARTESIAN_POINT('',(0.11411,0.25,-0.04922));
#17179=CARTESIAN_POINT('',(0.11411,0.045,-0.04922));
#17180=CARTESIAN_POINT('',(0.11411,0.25,-0.04922));
#17181=CARTESIAN_POINT('',(0.03537,0.25,0.02952));
#17182=CARTESIAN_POINT('',(0.03537,0.045,0.02952));
#17183=CARTESIAN_POINT('',(0.03537,0.25,0.02952));
#17184=CARTESIAN_POINT('',(0.03537,0.25,-0.04922));
#17185=CARTESIAN_POINT('',(0.03537,0.045,-0.04922));
#17186=CARTESIAN_POINT('',(0.03537,0.25,-0.04922));
#17187=CARTESIAN_POINT('',(0.,0.25,0.));
#17188=CARTESIAN_POINT('',(0.,0.045,0.));
#17189=CARTESIAN_POINT('',(0.,0.045,0.));
#17190=CARTESIAN_POINT('',(0.,0.045,0.));
#17191=CARTESIAN_POINT('',(0.,0.045,0.));
#17192=CARTESIAN_POINT('',(0.,0.045,0.));
#17193=CARTESIAN_POINT('',(0.,0.045,0.));
#17194=CARTESIAN_POINT('',(0.,0.045,0.));
#17195=CARTESIAN_POINT('',(0.,0.045,0.));
#17196=CARTESIAN_POINT('',(0.,0.045,0.));
#17197=CARTESIAN_POINT('',(0.,0.045,0.));
#17198=CARTESIAN_POINT('',(0.,0.045,0.));
#17199=CARTESIAN_POINT('',(0.,0.045,0.));
#17200=CARTESIAN_POINT('',(0.,0.045,0.));
#17201=CARTESIAN_POINT('',(0.,0.045,0.));
#17202=CARTESIAN_POINT('',(0.,0.045,0.));
#17203=CARTESIAN_POINT('',(0.,0.045,0.));
#17204=CARTESIAN_POINT('',(0.64162,0.015,-0.06375));
#17205=CARTESIAN_POINT('',(0.06544,0.015,0.07875));
#17206=CARTESIAN_POINT('',(0.10374,0.015,0.07875));
#17207=CARTESIAN_POINT('',(0.14418,0.015,0.07875));
#17208=CARTESIAN_POINT('',(0.18248,0.015,0.07875));
#17209=CARTESIAN_POINT('',(0.22292,0.015,0.07875));
#17210=CARTESIAN_POINT('',(0.26122,0.015,0.07875));
#17211=CARTESIAN_POINT('',(0.30166,0.015,0.07875));
#17212=CARTESIAN_POINT('',(0.33996,0.015,0.07875));
#17213=CARTESIAN_POINT('',(0.3804,0.015,0.07875));
#17214=CARTESIAN_POINT('',(0.4187,0.015,0.07875));
#17215=CARTESIAN_POINT('',(0.45914,0.015,0.07875));
#17216=CARTESIAN_POINT('',(0.49744,0.015,0.07875));
#17217=CARTESIAN_POINT('',(0.53788,0.015,0.07875));
#17218=CARTESIAN_POINT('',(0.57618,0.015,0.07875));
#17219=CARTESIAN_POINT('',(0.61662,0.015,0.07875));
#17220=CARTESIAN_POINT('',(0.61662,0.015,0.07875));
#17221=CARTESIAN_POINT('',(0.57618,0.015,0.07875));
#17222=CARTESIAN_POINT('',(0.53788,0.015,0.07875));
#17223=CARTESIAN_POINT('',(0.49744,0.015,0.07875));
#17224=CARTESIAN_POINT('',(0.45914,0.015,0.07875));
#17225=CARTESIAN_POINT('',(0.4187,0.015,0.07875));
#17226=CARTESIAN_POINT('',(0.3804,0.015,0.07875));
#17227=CARTESIAN_POINT('',(0.33996,0.015,0.07875));
#17228=CARTESIAN_POINT('',(0.30166,0.015,0.07875));
#17229=CARTESIAN_POINT('',(0.26122,0.015,0.07875));
#17230=CARTESIAN_POINT('',(0.22292,0.015,0.07875));
#17231=CARTESIAN_POINT('',(0.18248,0.015,0.07875));
#17232=CARTESIAN_POINT('',(0.14418,0.015,0.07875));
#17233=CARTESIAN_POINT('',(0.10374,0.015,0.07875));
#17234=CARTESIAN_POINT('',(0.06544,0.015,0.07875));
#17235=CARTESIAN_POINT('',(0.025,0.015,0.07875));
#17236=CARTESIAN_POINT('',(0.025,0.015,0.07875));
#17237=CARTESIAN_POINT('',(0.025,0.015,0.07875));
#17238=CARTESIAN_POINT('',(0.06544,0.,0.07875));
#17239=CARTESIAN_POINT('',(0.10374,0.015,0.07875));
#17240=CARTESIAN_POINT('',(0.14418,0.,0.07875));
#17241=CARTESIAN_POINT('',(0.18248,0.015,0.07875));
#17242=CARTESIAN_POINT('',(0.22292,0.,0.07875));
#17243=CARTESIAN_POINT('',(0.26122,0.015,0.07875));
#17244=CARTESIAN_POINT('',(0.30166,0.,0.07875));
#17245=CARTESIAN_POINT('',(0.33996,0.015,0.07875));
#17246=CARTESIAN_POINT('',(0.3804,0.,0.07875));
#17247=CARTESIAN_POINT('',(0.4187,0.015,0.07875));
#17248=CARTESIAN_POINT('',(0.45914,0.,0.07875));
#17249=CARTESIAN_POINT('',(0.49744,0.015,0.07875));
#17250=CARTESIAN_POINT('',(0.53788,0.,0.07875));
#17251=CARTESIAN_POINT('',(0.57618,0.015,0.07875));
#17252=CARTESIAN_POINT('',(0.61662,0.,0.07875));
#17253=CARTESIAN_POINT('',(0.025,0.015,0.07875));
#17254=CARTESIAN_POINT('',(0.06544,0.,0.07875));
#17255=CARTESIAN_POINT('',(0.10374,0.015,0.07875));
#17256=CARTESIAN_POINT('',(0.14418,0.,0.07875));
#17257=CARTESIAN_POINT('',(0.18248,0.015,0.07875));
#17258=CARTESIAN_POINT('',(0.22292,0.,0.07875));
#17259=CARTESIAN_POINT('',(0.26122,0.015,0.07875));
#17260=CARTESIAN_POINT('',(0.30166,0.,0.07875));
#17261=CARTESIAN_POINT('',(0.33996,0.015,0.07875));
#17262=CARTESIAN_POINT('',(0.3804,0.,0.07875));
#17263=CARTESIAN_POINT('',(0.4187,0.015,0.07875));
#17264=CARTESIAN_POINT('',(0.45914,0.,0.07875));
#17265=CARTESIAN_POINT('',(0.49744,0.015,0.07875));
#17266=CARTESIAN_POINT('',(0.53788,0.,0.07875));
#17267=CARTESIAN_POINT('',(0.61662,0.,0.07875));
#17268=CARTESIAN_POINT('',(0.57618,0.015,0.07875));
#17269=CARTESIAN_POINT('',(-0.32081,0.,0.));
#17270=CARTESIAN_POINT('',(0.30996,0.22,-0.07375));
#17271=CARTESIAN_POINT('',(0.30996,0.0269999999999996,-0.07375));
#17272=CARTESIAN_POINT('',(0.30996,0.0269999999999997,-0.07375));
#17273=CARTESIAN_POINT('',(-0.30996,0.0269999999999996,-0.07375));
#17274=CARTESIAN_POINT('',(0.30996,0.22,-0.07375));
#17275=CARTESIAN_POINT('',(0.30996,0.025,-0.07375));
#17276=CARTESIAN_POINT('',(0.30996,0.025,-0.07375));
#17277=CARTESIAN_POINT('',(-0.30996,0.025,-0.07375));
#17278=CARTESIAN_POINT('',(-0.30996,0.22,-0.07375));
#17279=CARTESIAN_POINT('',(-0.30996,0.22,-0.07375));
#17280=CARTESIAN_POINT('',(-0.30996,0.0269999999999996,-0.07375));
#17281=CARTESIAN_POINT('',(-0.30996,0.0269999999999996,0.07375));
#17282=CARTESIAN_POINT('',(-0.30996,0.025,-0.07375));
#17283=CARTESIAN_POINT('',(-0.30996,0.025,0.07375));
#17284=CARTESIAN_POINT('',(-0.30996,0.22,0.07375));
#17285=CARTESIAN_POINT('',(-0.30996,0.22,0.07375));
#17286=CARTESIAN_POINT('',(-0.30996,0.0269999999999996,0.07375));
#17287=CARTESIAN_POINT('',(0.30996,0.0269999999999996,0.07375));
#17288=CARTESIAN_POINT('',(-0.30996,0.025,0.07375));
#17289=CARTESIAN_POINT('',(0.30996,0.025,0.07375));
#17290=CARTESIAN_POINT('',(0.30996,0.22,0.07375));
#17291=CARTESIAN_POINT('',(0.30996,0.22,0.07375));
#17292=CARTESIAN_POINT('',(0.30996,0.0269999999999996,0.07375));
#17293=CARTESIAN_POINT('',(0.30996,0.025,0.07375));
#17294=CARTESIAN_POINT('',(0.28544,-0.213,0.04922));
#17295=CARTESIAN_POINT('',(0.28544,-0.213,0.04922));
#17296=CARTESIAN_POINT('',(0.28544,-0.203,0.04922));
#17297=CARTESIAN_POINT('',(0.28544,0.025,0.04922));
#17298=CARTESIAN_POINT('',(0.28544,-0.203,0.1575));
#17299=CARTESIAN_POINT('',(0.28544,-0.203,0.02952));
#17300=CARTESIAN_POINT('',(0.28544,-0.213,0.02952));
#17301=CARTESIAN_POINT('',(0.28544,0.025,0.02952));
#17302=CARTESIAN_POINT('',(0.28544,0.025,0.04922));
#17303=CARTESIAN_POINT('',(0.28544,-0.213,-0.02952));
#17304=CARTESIAN_POINT('',(0.28544,-0.213,-0.02952));
#17305=CARTESIAN_POINT('',(0.28544,-0.203,-0.02952));
#17306=CARTESIAN_POINT('',(0.28544,0.025,-0.02952));
#17307=CARTESIAN_POINT('',(0.28544,-0.203,0.1575));
#17308=CARTESIAN_POINT('',(0.28544,-0.203,-0.04922));
#17309=CARTESIAN_POINT('',(0.28544,-0.213,-0.04922));
#17310=CARTESIAN_POINT('',(0.28544,0.025,-0.04922));
#17311=CARTESIAN_POINT('',(0.28544,0.025,-0.02952));
#17312=CARTESIAN_POINT('',(0.2067,-0.213,0.04922));
#17313=CARTESIAN_POINT('',(0.2067,-0.213,0.04922));
#17314=CARTESIAN_POINT('',(0.2067,-0.203,0.04922));
#17315=CARTESIAN_POINT('',(0.2067,0.025,0.04922));
#17316=CARTESIAN_POINT('',(0.2067,-0.203,0.1575));
#17317=CARTESIAN_POINT('',(0.2067,-0.203,0.02952));
#17318=CARTESIAN_POINT('',(0.2067,-0.213,0.02952));
#17319=CARTESIAN_POINT('',(0.2067,0.025,0.02952));
#17320=CARTESIAN_POINT('',(0.2067,0.025,0.04922));
#17321=CARTESIAN_POINT('',(0.2067,-0.213,-0.02952));
#17322=CARTESIAN_POINT('',(0.2067,-0.213,-0.02952));
#17323=CARTESIAN_POINT('',(0.2067,-0.203,-0.02952));
#17324=CARTESIAN_POINT('',(0.2067,0.025,-0.02952));
#17325=CARTESIAN_POINT('',(0.2067,-0.203,0.1575));
#17326=CARTESIAN_POINT('',(0.2067,-0.203,-0.04922));
#17327=CARTESIAN_POINT('',(0.2067,-0.213,-0.04922));
#17328=CARTESIAN_POINT('',(0.2067,0.025,-0.04922));
#17329=CARTESIAN_POINT('',(0.2067,0.025,-0.02952));
#17330=CARTESIAN_POINT('',(0.12796,-0.213,0.04922));
#17331=CARTESIAN_POINT('',(0.12796,-0.213,0.04922));
#17332=CARTESIAN_POINT('',(0.12796,-0.203,0.04922));
#17333=CARTESIAN_POINT('',(0.12796,0.025,0.04922));
#17334=CARTESIAN_POINT('',(0.12796,-0.203,0.1575));
#17335=CARTESIAN_POINT('',(0.12796,-0.203,0.02952));
#17336=CARTESIAN_POINT('',(0.12796,-0.213,0.02952));
#17337=CARTESIAN_POINT('',(0.12796,0.025,0.02952));
#17338=CARTESIAN_POINT('',(0.12796,0.025,0.04922));
#17339=CARTESIAN_POINT('',(0.12796,-0.213,-0.02952));
#17340=CARTESIAN_POINT('',(0.12796,-0.213,-0.02952));
#17341=CARTESIAN_POINT('',(0.12796,-0.203,-0.02952));
#17342=CARTESIAN_POINT('',(0.12796,0.025,-0.02952));
#17343=CARTESIAN_POINT('',(0.12796,-0.203,0.1575));
#17344=CARTESIAN_POINT('',(0.12796,-0.203,-0.04922));
#17345=CARTESIAN_POINT('',(0.12796,-0.213,-0.04922));
#17346=CARTESIAN_POINT('',(0.12796,0.025,-0.04922));
#17347=CARTESIAN_POINT('',(0.12796,0.025,-0.02952));
#17348=CARTESIAN_POINT('',(0.04922,-0.213,0.04922));
#17349=CARTESIAN_POINT('',(0.04922,-0.213,0.04922));
#17350=CARTESIAN_POINT('',(0.04922,-0.203,0.04922));
#17351=CARTESIAN_POINT('',(0.04922,0.025,0.04922));
#17352=CARTESIAN_POINT('',(0.04922,-0.203,0.1575));
#17353=CARTESIAN_POINT('',(0.04922,-0.203,0.02952));
#17354=CARTESIAN_POINT('',(0.04922,-0.213,0.02952));
#17355=CARTESIAN_POINT('',(0.04922,0.025,0.02952));
#17356=CARTESIAN_POINT('',(0.04922,0.025,0.04922));
#17357=CARTESIAN_POINT('',(0.04922,-0.213,-0.02952));
#17358=CARTESIAN_POINT('',(0.04922,-0.213,-0.02952));
#17359=CARTESIAN_POINT('',(0.04922,-0.203,-0.02952));
#17360=CARTESIAN_POINT('',(0.04922,0.025,-0.02952));
#17361=CARTESIAN_POINT('',(0.04922,-0.203,0.1575));
#17362=CARTESIAN_POINT('',(0.04922,-0.203,-0.04922));
#17363=CARTESIAN_POINT('',(0.04922,-0.213,-0.04922));
#17364=CARTESIAN_POINT('',(0.04922,0.025,-0.04922));
#17365=CARTESIAN_POINT('',(0.04922,0.025,-0.02952));
#17366=CARTESIAN_POINT('',(-0.02952,-0.213,0.04922));
#17367=CARTESIAN_POINT('',(-0.02952,-0.213,0.04922));
#17368=CARTESIAN_POINT('',(-0.02952,-0.203,0.04922));
#17369=CARTESIAN_POINT('',(-0.02952,0.025,0.04922));
#17370=CARTESIAN_POINT('',(-0.02952,-0.203,0.1575));
#17371=CARTESIAN_POINT('',(-0.02952,-0.203,0.02952));
#17372=CARTESIAN_POINT('',(-0.02952,-0.213,0.02952));
#17373=CARTESIAN_POINT('',(-0.02952,0.025,0.02952));
#17374=CARTESIAN_POINT('',(-0.02952,0.025,0.04922));
#17375=CARTESIAN_POINT('',(-0.02952,-0.213,-0.02952));
#17376=CARTESIAN_POINT('',(-0.02952,-0.213,-0.02952));
#17377=CARTESIAN_POINT('',(-0.02952,-0.203,-0.02952));
#17378=CARTESIAN_POINT('',(-0.02952,0.025,-0.02952));
#17379=CARTESIAN_POINT('',(-0.02952,-0.203,0.1575));
#17380=CARTESIAN_POINT('',(-0.02952,-0.203,-0.04922));
#17381=CARTESIAN_POINT('',(-0.02952,-0.213,-0.04922));
#17382=CARTESIAN_POINT('',(-0.02952,0.025,-0.04922));
#17383=CARTESIAN_POINT('',(-0.02952,0.025,-0.02952));
#17384=CARTESIAN_POINT('',(-0.10826,-0.213,0.04922));
#17385=CARTESIAN_POINT('',(-0.10826,-0.213,0.04922));
#17386=CARTESIAN_POINT('',(-0.10826,-0.203,0.04922));
#17387=CARTESIAN_POINT('',(-0.10826,0.025,0.04922));
#17388=CARTESIAN_POINT('',(-0.10826,-0.203,0.1575));
#17389=CARTESIAN_POINT('',(-0.10826,-0.203,0.02952));
#17390=CARTESIAN_POINT('',(-0.10826,-0.213,0.02952));
#17391=CARTESIAN_POINT('',(-0.10826,0.025,0.02952));
#17392=CARTESIAN_POINT('',(-0.10826,0.025,0.04922));
#17393=CARTESIAN_POINT('',(-0.10826,-0.213,-0.02952));
#17394=CARTESIAN_POINT('',(-0.10826,-0.213,-0.02952));
#17395=CARTESIAN_POINT('',(-0.10826,-0.203,-0.02952));
#17396=CARTESIAN_POINT('',(-0.10826,0.025,-0.02952));
#17397=CARTESIAN_POINT('',(-0.10826,-0.203,0.1575));
#17398=CARTESIAN_POINT('',(-0.10826,-0.203,-0.04922));
#17399=CARTESIAN_POINT('',(-0.10826,-0.213,-0.04922));
#17400=CARTESIAN_POINT('',(-0.10826,0.025,-0.04922));
#17401=CARTESIAN_POINT('',(-0.10826,0.025,-0.02952));
#17402=CARTESIAN_POINT('',(-0.187,-0.213,0.04922));
#17403=CARTESIAN_POINT('',(-0.187,-0.213,0.04922));
#17404=CARTESIAN_POINT('',(-0.187,-0.203,0.04922));
#17405=CARTESIAN_POINT('',(-0.187,0.025,0.04922));
#17406=CARTESIAN_POINT('',(-0.187,-0.203,0.1575));
#17407=CARTESIAN_POINT('',(-0.187,-0.203,0.02952));
#17408=CARTESIAN_POINT('',(-0.187,-0.213,0.02952));
#17409=CARTESIAN_POINT('',(-0.187,0.025,0.02952));
#17410=CARTESIAN_POINT('',(-0.187,0.025,0.04922));
#17411=CARTESIAN_POINT('',(-0.187,-0.213,-0.02952));
#17412=CARTESIAN_POINT('',(-0.187,-0.213,-0.02952));
#17413=CARTESIAN_POINT('',(-0.187,-0.203,-0.02952));
#17414=CARTESIAN_POINT('',(-0.187,0.025,-0.02952));
#17415=CARTESIAN_POINT('',(-0.187,-0.203,0.1575));
#17416=CARTESIAN_POINT('',(-0.187,-0.203,-0.04922));
#17417=CARTESIAN_POINT('',(-0.187,-0.213,-0.04922));
#17418=CARTESIAN_POINT('',(-0.187,0.025,-0.04922));
#17419=CARTESIAN_POINT('',(-0.187,0.025,-0.02952));
#17420=CARTESIAN_POINT('',(-0.26574,-0.213,0.04922));
#17421=CARTESIAN_POINT('',(-0.26574,-0.213,0.04922));
#17422=CARTESIAN_POINT('',(-0.26574,-0.203,0.04922));
#17423=CARTESIAN_POINT('',(-0.26574,0.025,0.04922));
#17424=CARTESIAN_POINT('',(-0.26574,-0.203,0.1575));
#17425=CARTESIAN_POINT('',(-0.26574,-0.203,0.02952));
#17426=CARTESIAN_POINT('',(-0.26574,-0.213,0.02952));
#17427=CARTESIAN_POINT('',(-0.26574,0.025,0.02952));
#17428=CARTESIAN_POINT('',(-0.26574,0.025,0.04922));
#17429=CARTESIAN_POINT('',(-0.26574,-0.213,-0.02952));
#17430=CARTESIAN_POINT('',(-0.26574,-0.213,-0.02952));
#17431=CARTESIAN_POINT('',(-0.26574,-0.203,-0.02952));
#17432=CARTESIAN_POINT('',(-0.26574,0.025,-0.02952));
#17433=CARTESIAN_POINT('',(-0.26574,-0.203,0.1575));
#17434=CARTESIAN_POINT('',(-0.26574,-0.203,-0.04922));
#17435=CARTESIAN_POINT('',(-0.26574,-0.213,-0.04922));
#17436=CARTESIAN_POINT('',(-0.26574,0.025,-0.04922));
#17437=CARTESIAN_POINT('',(-0.26574,0.025,-0.02952));
#17438=CARTESIAN_POINT('',(0.26574,-0.213,0.02952));
#17439=CARTESIAN_POINT('',(0.26574,-0.213,0.02952));
#17440=CARTESIAN_POINT('',(0.26574,-0.203,0.02952));
#17441=CARTESIAN_POINT('',(0.26574,0.025,0.02952));
#17442=CARTESIAN_POINT('',(0.26574,-0.203,0.1575));
#17443=CARTESIAN_POINT('',(0.26574,-0.203,0.04922));
#17444=CARTESIAN_POINT('',(0.26574,-0.213,0.04922));
#17445=CARTESIAN_POINT('',(0.26574,0.025,0.04922));
#17446=CARTESIAN_POINT('',(0.26574,0.025,0.02952));
#17447=CARTESIAN_POINT('',(0.26574,-0.213,-0.04922));
#17448=CARTESIAN_POINT('',(0.26574,-0.213,-0.04922));
#17449=CARTESIAN_POINT('',(0.26574,-0.203,-0.04922));
#17450=CARTESIAN_POINT('',(0.26574,0.025,-0.04922));
#17451=CARTESIAN_POINT('',(0.26574,-0.203,0.1575));
#17452=CARTESIAN_POINT('',(0.26574,-0.203,-0.02952));
#17453=CARTESIAN_POINT('',(0.26574,-0.213,-0.02952));
#17454=CARTESIAN_POINT('',(0.26574,0.025,-0.02952));
#17455=CARTESIAN_POINT('',(0.26574,0.025,-0.04922));
#17456=CARTESIAN_POINT('',(0.187,-0.213,0.02952));
#17457=CARTESIAN_POINT('',(0.187,-0.213,0.02952));
#17458=CARTESIAN_POINT('',(0.187,-0.203,0.02952));
#17459=CARTESIAN_POINT('',(0.187,0.025,0.02952));
#17460=CARTESIAN_POINT('',(0.187,-0.203,0.1575));
#17461=CARTESIAN_POINT('',(0.187,-0.203,0.04922));
#17462=CARTESIAN_POINT('',(0.187,-0.213,0.04922));
#17463=CARTESIAN_POINT('',(0.187,0.025,0.04922));
#17464=CARTESIAN_POINT('',(0.187,0.025,0.02952));
#17465=CARTESIAN_POINT('',(0.187,-0.213,-0.04922));
#17466=CARTESIAN_POINT('',(0.187,-0.213,-0.04922));
#17467=CARTESIAN_POINT('',(0.187,-0.203,-0.04922));
#17468=CARTESIAN_POINT('',(0.187,0.025,-0.04922));
#17469=CARTESIAN_POINT('',(0.187,-0.203,0.1575));
#17470=CARTESIAN_POINT('',(0.187,-0.203,-0.02952));
#17471=CARTESIAN_POINT('',(0.187,-0.213,-0.02952));
#17472=CARTESIAN_POINT('',(0.187,0.025,-0.02952));
#17473=CARTESIAN_POINT('',(0.187,0.025,-0.04922));
#17474=CARTESIAN_POINT('',(0.10826,-0.213,0.02952));
#17475=CARTESIAN_POINT('',(0.10826,-0.213,0.02952));
#17476=CARTESIAN_POINT('',(0.10826,-0.203,0.02952));
#17477=CARTESIAN_POINT('',(0.10826,0.025,0.02952));
#17478=CARTESIAN_POINT('',(0.10826,-0.203,0.1575));
#17479=CARTESIAN_POINT('',(0.10826,-0.203,0.04922));
#17480=CARTESIAN_POINT('',(0.10826,-0.213,0.04922));
#17481=CARTESIAN_POINT('',(0.10826,0.025,0.04922));
#17482=CARTESIAN_POINT('',(0.10826,0.025,0.02952));
#17483=CARTESIAN_POINT('',(0.10826,-0.213,-0.04922));
#17484=CARTESIAN_POINT('',(0.10826,-0.213,-0.04922));
#17485=CARTESIAN_POINT('',(0.10826,-0.203,-0.04922));
#17486=CARTESIAN_POINT('',(0.10826,0.025,-0.04922));
#17487=CARTESIAN_POINT('',(0.10826,-0.203,0.1575));
#17488=CARTESIAN_POINT('',(0.10826,-0.203,-0.02952));
#17489=CARTESIAN_POINT('',(0.10826,-0.213,-0.02952));
#17490=CARTESIAN_POINT('',(0.10826,0.025,-0.02952));
#17491=CARTESIAN_POINT('',(0.10826,0.025,-0.04922));
#17492=CARTESIAN_POINT('',(0.02952,-0.213,0.02952));
#17493=CARTESIAN_POINT('',(0.02952,-0.213,0.02952));
#17494=CARTESIAN_POINT('',(0.02952,-0.203,0.02952));
#17495=CARTESIAN_POINT('',(0.02952,0.025,0.02952));
#17496=CARTESIAN_POINT('',(0.02952,-0.203,0.1575));
#17497=CARTESIAN_POINT('',(0.02952,-0.203,0.04922));
#17498=CARTESIAN_POINT('',(0.02952,-0.213,0.04922));
#17499=CARTESIAN_POINT('',(0.02952,0.025,0.04922));
#17500=CARTESIAN_POINT('',(0.02952,0.025,0.02952));
#17501=CARTESIAN_POINT('',(0.02952,-0.213,-0.04922));
#17502=CARTESIAN_POINT('',(0.02952,-0.213,-0.04922));
#17503=CARTESIAN_POINT('',(0.02952,-0.203,-0.04922));
#17504=CARTESIAN_POINT('',(0.02952,0.025,-0.04922));
#17505=CARTESIAN_POINT('',(0.02952,-0.203,0.1575));
#17506=CARTESIAN_POINT('',(0.02952,-0.203,-0.02952));
#17507=CARTESIAN_POINT('',(0.02952,-0.213,-0.02952));
#17508=CARTESIAN_POINT('',(0.02952,0.025,-0.02952));
#17509=CARTESIAN_POINT('',(0.02952,0.025,-0.04922));
#17510=CARTESIAN_POINT('',(-0.04922,-0.213,0.02952));
#17511=CARTESIAN_POINT('',(-0.04922,-0.213,0.02952));
#17512=CARTESIAN_POINT('',(-0.04922,-0.203,0.02952));
#17513=CARTESIAN_POINT('',(-0.04922,0.025,0.02952));
#17514=CARTESIAN_POINT('',(-0.04922,-0.203,0.1575));
#17515=CARTESIAN_POINT('',(-0.04922,-0.203,0.04922));
#17516=CARTESIAN_POINT('',(-0.04922,-0.213,0.04922));
#17517=CARTESIAN_POINT('',(-0.04922,0.025,0.04922));
#17518=CARTESIAN_POINT('',(-0.04922,0.025,0.02952));
#17519=CARTESIAN_POINT('',(-0.04922,-0.213,-0.04922));
#17520=CARTESIAN_POINT('',(-0.04922,-0.213,-0.04922));
#17521=CARTESIAN_POINT('',(-0.04922,-0.203,-0.04922));
#17522=CARTESIAN_POINT('',(-0.04922,0.025,-0.04922));
#17523=CARTESIAN_POINT('',(-0.04922,-0.203,0.1575));
#17524=CARTESIAN_POINT('',(-0.04922,-0.203,-0.02952));
#17525=CARTESIAN_POINT('',(-0.04922,-0.213,-0.02952));
#17526=CARTESIAN_POINT('',(-0.04922,0.025,-0.02952));
#17527=CARTESIAN_POINT('',(-0.04922,0.025,-0.04922));
#17528=CARTESIAN_POINT('',(-0.12796,-0.213,0.02952));
#17529=CARTESIAN_POINT('',(-0.12796,-0.213,0.02952));
#17530=CARTESIAN_POINT('',(-0.12796,-0.203,0.02952));
#17531=CARTESIAN_POINT('',(-0.12796,0.025,0.02952));
#17532=CARTESIAN_POINT('',(-0.12796,-0.203,0.1575));
#17533=CARTESIAN_POINT('',(-0.12796,-0.203,0.04922));
#17534=CARTESIAN_POINT('',(-0.12796,-0.213,0.04922));
#17535=CARTESIAN_POINT('',(-0.12796,0.025,0.04922));
#17536=CARTESIAN_POINT('',(-0.12796,0.025,0.02952));
#17537=CARTESIAN_POINT('',(-0.12796,-0.213,-0.04922));
#17538=CARTESIAN_POINT('',(-0.12796,-0.213,-0.04922));
#17539=CARTESIAN_POINT('',(-0.12796,-0.203,-0.04922));
#17540=CARTESIAN_POINT('',(-0.12796,0.025,-0.04922));
#17541=CARTESIAN_POINT('',(-0.12796,-0.203,0.1575));
#17542=CARTESIAN_POINT('',(-0.12796,-0.203,-0.02952));
#17543=CARTESIAN_POINT('',(-0.12796,-0.213,-0.02952));
#17544=CARTESIAN_POINT('',(-0.12796,0.025,-0.02952));
#17545=CARTESIAN_POINT('',(-0.12796,0.025,-0.04922));
#17546=CARTESIAN_POINT('',(-0.2067,-0.213,0.02952));
#17547=CARTESIAN_POINT('',(-0.2067,-0.213,0.02952));
#17548=CARTESIAN_POINT('',(-0.2067,-0.203,0.02952));
#17549=CARTESIAN_POINT('',(-0.2067,0.025,0.02952));
#17550=CARTESIAN_POINT('',(-0.2067,-0.203,0.1575));
#17551=CARTESIAN_POINT('',(-0.2067,-0.203,0.04922));
#17552=CARTESIAN_POINT('',(-0.2067,-0.213,0.04922));
#17553=CARTESIAN_POINT('',(-0.2067,0.025,0.04922));
#17554=CARTESIAN_POINT('',(-0.2067,0.025,0.02952));
#17555=CARTESIAN_POINT('',(-0.2067,-0.213,-0.04922));
#17556=CARTESIAN_POINT('',(-0.2067,-0.213,-0.04922));
#17557=CARTESIAN_POINT('',(-0.2067,-0.203,-0.04922));
#17558=CARTESIAN_POINT('',(-0.2067,0.025,-0.04922));
#17559=CARTESIAN_POINT('',(-0.2067,-0.203,0.1575));
#17560=CARTESIAN_POINT('',(-0.2067,-0.203,-0.02952));
#17561=CARTESIAN_POINT('',(-0.2067,-0.213,-0.02952));
#17562=CARTESIAN_POINT('',(-0.2067,0.025,-0.02952));
#17563=CARTESIAN_POINT('',(-0.2067,0.025,-0.04922));
#17564=CARTESIAN_POINT('',(-0.28544,-0.213,0.02952));
#17565=CARTESIAN_POINT('',(-0.28544,-0.213,0.02952));
#17566=CARTESIAN_POINT('',(-0.28544,-0.203,0.02952));
#17567=CARTESIAN_POINT('',(-0.28544,0.025,0.02952));
#17568=CARTESIAN_POINT('',(-0.28544,-0.203,0.1575));
#17569=CARTESIAN_POINT('',(-0.28544,-0.203,0.04922));
#17570=CARTESIAN_POINT('',(-0.28544,-0.213,0.04922));
#17571=CARTESIAN_POINT('',(-0.28544,0.025,0.04922));
#17572=CARTESIAN_POINT('',(-0.28544,0.025,0.02952));
#17573=CARTESIAN_POINT('',(-0.28544,-0.213,-0.04922));
#17574=CARTESIAN_POINT('',(-0.28544,-0.213,-0.04922));
#17575=CARTESIAN_POINT('',(-0.28544,-0.203,-0.04922));
#17576=CARTESIAN_POINT('',(-0.28544,0.025,-0.04922));
#17577=CARTESIAN_POINT('',(-0.28544,-0.203,0.1575));
#17578=CARTESIAN_POINT('',(-0.28544,-0.203,-0.02952));
#17579=CARTESIAN_POINT('',(-0.28544,-0.213,-0.02952));
#17580=CARTESIAN_POINT('',(-0.28544,0.025,-0.02952));
#17581=CARTESIAN_POINT('',(-0.28544,0.025,-0.04922));
#17582=CARTESIAN_POINT('',(0.,-0.208,0.));
#17583=CARTESIAN_POINT('',(-0.267559851171331,-0.208,0.));
#17584=CARTESIAN_POINT('',(-0.267559851171331,-0.208,0.047400148828669));
#17585=CARTESIAN_POINT('',(-0.267559851171331,-0.208,0.031339851171331));
#17586=CARTESIAN_POINT('',(0.,-0.208,0.047400148828669));
#17587=CARTESIAN_POINT('',(-0.283620148828669,-0.208,0.047400148828669));
#17588=CARTESIAN_POINT('',(-0.283620148828669,-0.208,0.));
#17589=CARTESIAN_POINT('',(-0.283620148828669,-0.208,0.031339851171331));
#17590=CARTESIAN_POINT('',(0.,-0.208,0.031339851171331));
#17591=CARTESIAN_POINT('',(0.,-0.208,0.));
#17592=CARTESIAN_POINT('',(-0.188819851171331,-0.208,0.));
#17593=CARTESIAN_POINT('',(-0.188819851171331,-0.208,-0.031339851171331));
#17594=CARTESIAN_POINT('',(-0.188819851171331,-0.208,-0.047400148828669));
#17595=CARTESIAN_POINT('',(0.,-0.208,-0.031339851171331));
#17596=CARTESIAN_POINT('',(-0.204880148828669,-0.208,-0.031339851171331));
#17597=CARTESIAN_POINT('',(-0.204880148828669,-0.208,0.));
#17598=CARTESIAN_POINT('',(-0.204880148828669,-0.208,-0.047400148828669));
#17599=CARTESIAN_POINT('',(0.,-0.208,-0.047400148828669));
#17600=CARTESIAN_POINT('',(0.,-0.208,0.));
#17601=CARTESIAN_POINT('',(-0.188819851171331,-0.208,0.));
#17602=CARTESIAN_POINT('',(-0.188819851171331,-0.208,0.047400148828669));
#17603=CARTESIAN_POINT('',(-0.188819851171331,-0.208,0.031339851171331));
#17604=CARTESIAN_POINT('',(0.,-0.208,0.047400148828669));
#17605=CARTESIAN_POINT('',(-0.204880148828669,-0.208,0.047400148828669));
#17606=CARTESIAN_POINT('',(-0.204880148828669,-0.208,0.));
#17607=CARTESIAN_POINT('',(-0.204880148828669,-0.208,0.031339851171331));
#17608=CARTESIAN_POINT('',(0.,-0.208,0.031339851171331));
#17609=CARTESIAN_POINT('',(0.,-0.208,0.));
#17610=CARTESIAN_POINT('',(-0.110079851171331,-0.208,0.));
#17611=CARTESIAN_POINT('',(-0.110079851171331,-0.208,-0.031339851171331));
#17612=CARTESIAN_POINT('',(-0.110079851171331,-0.208,-0.047400148828669));
#17613=CARTESIAN_POINT('',(0.,-0.208,-0.031339851171331));
#17614=CARTESIAN_POINT('',(-0.126140148828669,-0.208,-0.031339851171331));
#17615=CARTESIAN_POINT('',(-0.126140148828669,-0.208,0.));
#17616=CARTESIAN_POINT('',(-0.126140148828669,-0.208,-0.047400148828669));
#17617=CARTESIAN_POINT('',(0.,-0.208,-0.047400148828669));
#17618=CARTESIAN_POINT('',(0.,-0.208,0.));
#17619=CARTESIAN_POINT('',(-0.110079851171331,-0.208,0.));
#17620=CARTESIAN_POINT('',(-0.110079851171331,-0.208,0.047400148828669));
#17621=CARTESIAN_POINT('',(-0.110079851171331,-0.208,0.031339851171331));
#17622=CARTESIAN_POINT('',(0.,-0.208,0.047400148828669));
#17623=CARTESIAN_POINT('',(-0.126140148828669,-0.208,0.047400148828669));
#17624=CARTESIAN_POINT('',(-0.126140148828669,-0.208,0.));
#17625=CARTESIAN_POINT('',(-0.126140148828669,-0.208,0.031339851171331));
#17626=CARTESIAN_POINT('',(0.,-0.208,0.031339851171331));
#17627=CARTESIAN_POINT('',(0.,-0.208,0.));
#17628=CARTESIAN_POINT('',(-0.031339851171331,-0.208,0.));
#17629=CARTESIAN_POINT('',(-0.031339851171331,-0.208,-0.031339851171331));
#17630=CARTESIAN_POINT('',(-0.0313398511713309,-0.208,-0.047400148828669));
#17631=CARTESIAN_POINT('',(0.,-0.208,-0.031339851171331));
#17632=CARTESIAN_POINT('',(-0.047400148828669,-0.208,-0.031339851171331));
#17633=CARTESIAN_POINT('',(-0.047400148828669,-0.208,0.));
#17634=CARTESIAN_POINT('',(-0.0474001488286689,-0.208,-0.047400148828669));
#17635=CARTESIAN_POINT('',(0.,-0.208,-0.047400148828669));
#17636=CARTESIAN_POINT('',(0.,-0.208,0.));
#17637=CARTESIAN_POINT('',(-0.031339851171331,-0.208,0.));
#17638=CARTESIAN_POINT('',(-0.031339851171331,-0.208,0.047400148828669));
#17639=CARTESIAN_POINT('',(-0.0313398511713309,-0.208,0.031339851171331));
#17640=CARTESIAN_POINT('',(0.,-0.208,0.047400148828669));
#17641=CARTESIAN_POINT('',(-0.047400148828669,-0.208,0.047400148828669));
#17642=CARTESIAN_POINT('',(-0.047400148828669,-0.208,0.));
#17643=CARTESIAN_POINT('',(-0.0474001488286689,-0.208,0.031339851171331));
#17644=CARTESIAN_POINT('',(0.,-0.208,0.031339851171331));
#17645=CARTESIAN_POINT('',(0.,-0.208,0.));
#17646=CARTESIAN_POINT('',(0.047400148828669,-0.208,0.));
#17647=CARTESIAN_POINT('',(0.047400148828669,-0.208,-0.031339851171331));
#17648=CARTESIAN_POINT('',(0.0474001488286689,-0.208,-0.047400148828669));
#17649=CARTESIAN_POINT('',(0.,-0.208,-0.031339851171331));
#17650=CARTESIAN_POINT('',(0.031339851171331,-0.208,-0.031339851171331));
#17651=CARTESIAN_POINT('',(0.031339851171331,-0.208,0.));
#17652=CARTESIAN_POINT('',(0.031339851171331,-0.208,-0.047400148828669));
#17653=CARTESIAN_POINT('',(0.,-0.208,-0.047400148828669));
#17654=CARTESIAN_POINT('',(0.,-0.208,0.));
#17655=CARTESIAN_POINT('',(0.047400148828669,-0.208,0.));
#17656=CARTESIAN_POINT('',(0.047400148828669,-0.208,0.047400148828669));
#17657=CARTESIAN_POINT('',(0.0474001488286689,-0.208,0.031339851171331));
#17658=CARTESIAN_POINT('',(0.,-0.208,0.047400148828669));
#17659=CARTESIAN_POINT('',(0.031339851171331,-0.208,0.047400148828669));
#17660=CARTESIAN_POINT('',(0.031339851171331,-0.208,0.));
#17661=CARTESIAN_POINT('',(0.031339851171331,-0.208,0.031339851171331));
#17662=CARTESIAN_POINT('',(0.,-0.208,0.031339851171331));
#17663=CARTESIAN_POINT('',(0.,-0.208,0.));
#17664=CARTESIAN_POINT('',(0.126140148828669,-0.208,0.));
#17665=CARTESIAN_POINT('',(0.126140148828669,-0.208,-0.031339851171331));
#17666=CARTESIAN_POINT('',(0.126140148828669,-0.208,-0.047400148828669));
#17667=CARTESIAN_POINT('',(0.,-0.208,-0.031339851171331));
#17668=CARTESIAN_POINT('',(0.110079851171331,-0.208,-0.031339851171331));
#17669=CARTESIAN_POINT('',(0.110079851171331,-0.208,0.));
#17670=CARTESIAN_POINT('',(0.110079851171331,-0.208,-0.047400148828669));
#17671=CARTESIAN_POINT('',(0.,-0.208,-0.047400148828669));
#17672=CARTESIAN_POINT('',(0.,-0.208,0.));
#17673=CARTESIAN_POINT('',(0.126140148828669,-0.208,0.));
#17674=CARTESIAN_POINT('',(0.126140148828669,-0.208,0.047400148828669));
#17675=CARTESIAN_POINT('',(0.126140148828669,-0.208,0.031339851171331));
#17676=CARTESIAN_POINT('',(0.,-0.208,0.047400148828669));
#17677=CARTESIAN_POINT('',(0.110079851171331,-0.208,0.047400148828669));
#17678=CARTESIAN_POINT('',(0.110079851171331,-0.208,0.));
#17679=CARTESIAN_POINT('',(0.110079851171331,-0.208,0.031339851171331));
#17680=CARTESIAN_POINT('',(0.,-0.208,0.031339851171331));
#17681=CARTESIAN_POINT('',(0.,-0.208,0.));
#17682=CARTESIAN_POINT('',(0.204880148828669,-0.208,0.));
#17683=CARTESIAN_POINT('',(0.204880148828669,-0.208,-0.031339851171331));
#17684=CARTESIAN_POINT('',(0.204880148828669,-0.208,-0.047400148828669));
#17685=CARTESIAN_POINT('',(0.,-0.208,-0.031339851171331));
#17686=CARTESIAN_POINT('',(0.188819851171331,-0.208,-0.031339851171331));
#17687=CARTESIAN_POINT('',(0.188819851171331,-0.208,0.));
#17688=CARTESIAN_POINT('',(0.188819851171331,-0.208,-0.047400148828669));
#17689=CARTESIAN_POINT('',(0.,-0.208,-0.047400148828669));
#17690=CARTESIAN_POINT('',(0.,-0.208,0.));
#17691=CARTESIAN_POINT('',(0.204880148828669,-0.208,0.));
#17692=CARTESIAN_POINT('',(0.204880148828669,-0.208,0.047400148828669));
#17693=CARTESIAN_POINT('',(0.204880148828669,-0.208,0.031339851171331));
#17694=CARTESIAN_POINT('',(0.,-0.208,0.047400148828669));
#17695=CARTESIAN_POINT('',(0.188819851171331,-0.208,0.047400148828669));
#17696=CARTESIAN_POINT('',(0.188819851171331,-0.208,0.));
#17697=CARTESIAN_POINT('',(0.188819851171331,-0.208,0.031339851171331));
#17698=CARTESIAN_POINT('',(0.,-0.208,0.031339851171331));
#17699=CARTESIAN_POINT('',(0.,-0.208,0.));
#17700=CARTESIAN_POINT('',(0.283620148828669,-0.208,0.));
#17701=CARTESIAN_POINT('',(0.283620148828669,-0.208,-0.031339851171331));
#17702=CARTESIAN_POINT('',(0.283620148828669,-0.208,-0.047400148828669));
#17703=CARTESIAN_POINT('',(0.,-0.208,-0.031339851171331));
#17704=CARTESIAN_POINT('',(0.267559851171331,-0.208,-0.031339851171331));
#17705=CARTESIAN_POINT('',(0.267559851171331,-0.208,0.));
#17706=CARTESIAN_POINT('',(0.267559851171331,-0.208,-0.047400148828669));
#17707=CARTESIAN_POINT('',(0.,-0.208,-0.047400148828669));
#17708=CARTESIAN_POINT('',(0.,-0.208,0.));
#17709=CARTESIAN_POINT('',(0.283620148828669,-0.208,0.));
#17710=CARTESIAN_POINT('',(0.283620148828669,-0.208,0.047400148828669));
#17711=CARTESIAN_POINT('',(0.283620148828669,-0.208,0.031339851171331));
#17712=CARTESIAN_POINT('',(0.,-0.208,0.047400148828669));
#17713=CARTESIAN_POINT('',(0.267559851171331,-0.208,0.047400148828669));
#17714=CARTESIAN_POINT('',(0.267559851171331,-0.208,0.));
#17715=CARTESIAN_POINT('',(0.267559851171331,-0.208,0.031339851171331));
#17716=CARTESIAN_POINT('',(0.,-0.208,0.031339851171331));
#17717=CARTESIAN_POINT('',(0.,-0.208,0.));
#17718=CARTESIAN_POINT('',(-0.267559851171331,-0.208,0.));
#17719=CARTESIAN_POINT('',(-0.267559851171331,-0.208,-0.031339851171331));
#17720=CARTESIAN_POINT('',(-0.267559851171331,-0.208,-0.047400148828669));
#17721=CARTESIAN_POINT('',(0.,-0.208,-0.031339851171331));
#17722=CARTESIAN_POINT('',(-0.283620148828669,-0.208,-0.031339851171331));
#17723=CARTESIAN_POINT('',(-0.283620148828669,-0.208,0.));
#17724=CARTESIAN_POINT('',(-0.283620148828669,-0.208,-0.047400148828669));
#17725=CARTESIAN_POINT('',(0.,-0.208,-0.047400148828669));
#17726=CARTESIAN_POINT('',(0.64162,-0.230062652581628,-0.03937));
#17727=CARTESIAN_POINT('',(-0.17953331003324,0.0338509340895993,0.0566866899667605));
#17728=CARTESIAN_POINT('',(0.64162,-0.203,-0.02952));
#17729=CARTESIAN_POINT('',(-0.179533310033239,-0.493976239252857,-0.135426689966761));
#17730=CARTESIAN_POINT('',(0.64162,-0.203,-0.04922));
#17731=CARTESIAN_POINT('',(0.64162,-0.203,-0.04922));
#17732=CARTESIAN_POINT('',(-0.170714871394512,0.0580793951243498,-0.144245128605488));
#17733=CARTESIAN_POINT('',(-0.188351748671966,-0.469747778218106,0.0478682513280332));
#17734=CARTESIAN_POINT('',(0.64162,-0.230062652581628,0.03937));
#17735=CARTESIAN_POINT('',(0.313923239093047,-0.124742943758927,0.0777032390930469));
#17736=CARTESIAN_POINT('',(0.64162,-0.203,0.04922));
#17737=CARTESIAN_POINT('',(0.313923239093047,-0.335382361404329,0.0010367609069531));
#17738=CARTESIAN_POINT('',(0.64162,-0.203,0.02952));
#17739=CARTESIAN_POINT('',(0.64162,-0.203,0.02952));
#17740=CARTESIAN_POINT('',(0.322741677731775,-0.100514482724176,-0.0077816777317745));
#17741=CARTESIAN_POINT('',(0.305104800454319,-0.311153900369579,0.0688848004543192));
#17742=CARTESIAN_POINT('',(0.64162,-0.230062652581628,-0.03937));
#17743=CARTESIAN_POINT('',(0.313923239093047,-0.124742943758927,-0.00103676090695314));
#17744=CARTESIAN_POINT('',(0.64162,-0.203,-0.02952));
#17745=CARTESIAN_POINT('',(0.313923239093047,-0.335382361404329,-0.0777032390930469));
#17746=CARTESIAN_POINT('',(0.64162,-0.203,-0.04922));
#17747=CARTESIAN_POINT('',(0.64162,-0.203,-0.04922));
#17748=CARTESIAN_POINT('',(0.322741677731775,-0.100514482724176,-0.0865216777317745));
#17749=CARTESIAN_POINT('',(0.305104800454319,-0.311153900369579,-0.00985519954568082));
#17750=CARTESIAN_POINT('',(0.64162,-0.230062652581628,0.03937));
#17751=CARTESIAN_POINT('',(0.24342944636072,-0.102086675494852,0.08594944636072));
#17752=CARTESIAN_POINT('',(0.64162,-0.203,0.04922));
#17753=CARTESIAN_POINT('',(0.24342944636072,-0.358038629668404,-0.00720944636072022));
#17754=CARTESIAN_POINT('',(0.64162,-0.203,0.02952));
#17755=CARTESIAN_POINT('',(0.64162,-0.203,0.02952));
#17756=CARTESIAN_POINT('',(0.252247884999448,-0.0778582144601016,-0.0160278849994477));
#17757=CARTESIAN_POINT('',(0.234611007721993,-0.333810168633654,0.0771310077219925));
#17758=CARTESIAN_POINT('',(0.64162,-0.230062652581628,-0.03937));
#17759=CARTESIAN_POINT('',(0.24342944636072,-0.102086675494852,0.00720944636072005));
#17760=CARTESIAN_POINT('',(0.64162,-0.203,-0.02952));
#17761=CARTESIAN_POINT('',(0.24342944636072,-0.358038629668404,-0.0859494463607202));
#17762=CARTESIAN_POINT('',(0.64162,-0.203,-0.04922));
#17763=CARTESIAN_POINT('',(0.64162,-0.203,-0.04922));
#17764=CARTESIAN_POINT('',(0.252247884999448,-0.0778582144601016,-0.0947678849994477));
#17765=CARTESIAN_POINT('',(0.234611007721993,-0.333810168633654,-0.00160899227800754));
#17766=CARTESIAN_POINT('',(0.64162,-0.230062652581628,0.03937));
#17767=CARTESIAN_POINT('',(0.172935653628393,-0.0794304072307766,0.0941956536283936));
#17768=CARTESIAN_POINT('',(0.64162,-0.203,0.04922));
#17769=CARTESIAN_POINT('',(0.172935653628394,-0.38069489793248,-0.0154556536283937));
#17770=CARTESIAN_POINT('',(0.64162,-0.203,0.02952));
#17771=CARTESIAN_POINT('',(0.64162,-0.203,0.02952));
#17772=CARTESIAN_POINT('',(0.181754092267121,-0.0552019461960261,-0.0242740922671212));
#17773=CARTESIAN_POINT('',(0.164117214989666,-0.356466436897729,0.085377214989666));
#17774=CARTESIAN_POINT('',(0.64162,-0.230062652581628,-0.03937));
#17775=CARTESIAN_POINT('',(0.172935653628393,-0.0794304072307766,0.0154556536283935));
#17776=CARTESIAN_POINT('',(0.64162,-0.203,-0.02952));
#17777=CARTESIAN_POINT('',(0.172935653628394,-0.38069489793248,-0.0941956536283937));
#17778=CARTESIAN_POINT('',(0.64162,-0.203,-0.04922));
#17779=CARTESIAN_POINT('',(0.64162,-0.203,-0.04922));
#17780=CARTESIAN_POINT('',(0.181754092267121,-0.0552019461960261,-0.103014092267121));
#17781=CARTESIAN_POINT('',(0.164117214989666,-0.356466436897729,0.00663721498966596));
#17782=CARTESIAN_POINT('',(0.64162,-0.230062652581628,0.03937));
#17783=CARTESIAN_POINT('',(0.102441860896067,-0.0567741389667016,0.102441860896067));
#17784=CARTESIAN_POINT('',(0.64162,-0.203,0.04922));
#17785=CARTESIAN_POINT('',(0.102441860896067,-0.403351166196555,-0.0237018608960672));
#17786=CARTESIAN_POINT('',(0.64162,-0.203,0.02952));
#17787=CARTESIAN_POINT('',(0.64162,-0.203,0.02952));
#17788=CARTESIAN_POINT('',(0.111260299534794,-0.0325456779319511,-0.0325202995347945));
#17789=CARTESIAN_POINT('',(0.0936234222573397,-0.379122705161805,0.0936234222573395));
#17790=CARTESIAN_POINT('',(0.64162,-0.230062652581628,-0.03937));
#17791=CARTESIAN_POINT('',(0.102441860896067,-0.0567741389667016,0.0237018608960669));
#17792=CARTESIAN_POINT('',(0.64162,-0.203,-0.02952));
#17793=CARTESIAN_POINT('',(0.102441860896067,-0.403351166196555,-0.102441860896067));
#17794=CARTESIAN_POINT('',(0.64162,-0.203,-0.04922));
#17795=CARTESIAN_POINT('',(0.64162,-0.203,-0.04922));
#17796=CARTESIAN_POINT('',(0.111260299534794,-0.0325456779319511,-0.111260299534794));
#17797=CARTESIAN_POINT('',(0.0936234222573397,-0.379122705161805,0.0148834222573395));
#17798=CARTESIAN_POINT('',(0.64162,-0.230062652581628,0.03937));
#17799=CARTESIAN_POINT('',(0.0319480681637401,-0.0341178707026264,0.11068806816374));
#17800=CARTESIAN_POINT('',(0.64162,-0.203,0.04922));
#17801=CARTESIAN_POINT('',(0.0319480681637409,-0.426007434460631,-0.0319480681637407));
#17802=CARTESIAN_POINT('',(0.64162,-0.203,0.02952));
#17803=CARTESIAN_POINT('',(0.64162,-0.203,0.02952));
#17804=CARTESIAN_POINT('',(0.0407665068024677,-0.0098894096678759,-0.0407665068024679));
#17805=CARTESIAN_POINT('',(0.0231296295250133,-0.40177897342588,0.101869629525013));
#17806=CARTESIAN_POINT('',(0.64162,-0.230062652581628,-0.03937));
#17807=CARTESIAN_POINT('',(0.03194806816374,-0.0341178707026264,0.0319480681637403));
#17808=CARTESIAN_POINT('',(0.64162,-0.203,-0.02952));
#17809=CARTESIAN_POINT('',(0.031948068163741,-0.426007434460631,-0.110688068163741));
#17810=CARTESIAN_POINT('',(0.64162,-0.203,-0.04922));
#17811=CARTESIAN_POINT('',(0.64162,-0.203,-0.04922));
#17812=CARTESIAN_POINT('',(0.0407665068024677,-0.0098894096678759,-0.119506506802468));
#17813=CARTESIAN_POINT('',(0.0231296295250133,-0.40177897342588,0.0231296295250129));
#17814=CARTESIAN_POINT('',(0.64162,-0.230062652581628,0.03937));
#17815=CARTESIAN_POINT('',(-0.0385457245685867,-0.0114616024385512,0.118934275431414));
#17816=CARTESIAN_POINT('',(0.64162,-0.203,0.04922));
#17817=CARTESIAN_POINT('',(-0.0385457245685859,-0.448663702724706,-0.040194275431414));
#17818=CARTESIAN_POINT('',(0.64162,-0.203,0.02952));
#17819=CARTESIAN_POINT('',(0.64162,-0.203,0.02952));
#17820=CARTESIAN_POINT('',(-0.029727285929859,0.0127668585961994,-0.0490127140701413));
#17821=CARTESIAN_POINT('',(-0.0473641632073135,-0.424435241689955,0.110115836792686));
#17822=CARTESIAN_POINT('',(0.64162,-0.230062652581628,-0.03937));
#17823=CARTESIAN_POINT('',(-0.0385457245685867,-0.0114616024385511,0.0401942754314137));
#17824=CARTESIAN_POINT('',(0.64162,-0.203,-0.02952));
#17825=CARTESIAN_POINT('',(-0.038545724568586,-0.448663702724706,-0.118934275431414));
#17826=CARTESIAN_POINT('',(0.64162,-0.203,-0.04922));
#17827=CARTESIAN_POINT('',(0.64162,-0.203,-0.04922));
#17828=CARTESIAN_POINT('',(-0.029727285929859,0.0127668585961994,-0.127752714070141));
#17829=CARTESIAN_POINT('',(-0.0473641632073135,-0.424435241689955,0.0313758367926862));
#17830=CARTESIAN_POINT('',(0.64162,-0.230062652581628,0.03937));
#17831=CARTESIAN_POINT('',(-0.109039517300913,0.011194665825524,0.127180482699087));
#17832=CARTESIAN_POINT('',(0.64162,-0.203,0.04922));
#17833=CARTESIAN_POINT('',(-0.109039517300912,-0.471319970988781,-0.0484404826990876));
#17834=CARTESIAN_POINT('',(0.64162,-0.203,0.02952));
#17835=CARTESIAN_POINT('',(0.64162,-0.203,0.02952));
#17836=CARTESIAN_POINT('',(-0.100221078662185,0.0354231268602746,-0.0572589213378146));
#17837=CARTESIAN_POINT('',(-0.11785795593964,-0.447091509954031,0.11836204406036));
#17838=CARTESIAN_POINT('',(0.64162,-0.230062652581628,-0.03937));
#17839=CARTESIAN_POINT('',(-0.109039517300913,0.0111946658255241,0.048440482699087));
#17840=CARTESIAN_POINT('',(0.64162,-0.203,-0.02952));
#17841=CARTESIAN_POINT('',(-0.109039517300912,-0.471319970988781,-0.127180482699088));
#17842=CARTESIAN_POINT('',(0.64162,-0.203,-0.04922));
#17843=CARTESIAN_POINT('',(0.64162,-0.203,-0.04922));
#17844=CARTESIAN_POINT('',(-0.100221078662185,0.0354231268602746,-0.135998921337815));
#17845=CARTESIAN_POINT('',(-0.11785795593964,-0.447091509954031,0.0396220440603598));
#17846=CARTESIAN_POINT('',(0.64162,-0.230062652581628,0.03937));
#17847=CARTESIAN_POINT('',(-0.17953331003324,0.0338509340895992,0.13542668996676));
#17848=CARTESIAN_POINT('',(0.64162,-0.203,0.04922));
#17849=CARTESIAN_POINT('',(-0.179533310033239,-0.493976239252857,-0.0566866899667611));
#17850=CARTESIAN_POINT('',(0.64162,-0.203,0.02952));
#17851=CARTESIAN_POINT('',(0.64162,-0.203,0.02952));
#17852=CARTESIAN_POINT('',(-0.170714871394512,0.0580793951243498,-0.065505128605488));
#17853=CARTESIAN_POINT('',(-0.188351748671966,-0.469747778218106,0.126608251328033));
#17854=CARTESIAN_POINT('',(0.28544,-0.213,0.02952));
#17855=CARTESIAN_POINT('',(0.28544,0.025,0.02952));
#17856=CARTESIAN_POINT('',(0.26574,-0.213,0.04922));
#17857=CARTESIAN_POINT('',(0.26574,0.025,0.04922));
#17858=CARTESIAN_POINT('',(0.28544,-0.213,-0.04922));
#17859=CARTESIAN_POINT('',(0.28544,0.025,-0.04922));
#17860=CARTESIAN_POINT('',(0.26574,-0.213,-0.02952));
#17861=CARTESIAN_POINT('',(0.26574,0.025,-0.02952));
#17862=CARTESIAN_POINT('',(0.2067,-0.213,0.02952));
#17863=CARTESIAN_POINT('',(0.2067,0.025,0.02952));
#17864=CARTESIAN_POINT('',(0.187,-0.213,0.04922));
#17865=CARTESIAN_POINT('',(0.187,0.025,0.04922));
#17866=CARTESIAN_POINT('',(0.2067,-0.213,-0.04922));
#17867=CARTESIAN_POINT('',(0.2067,0.025,-0.04922));
#17868=CARTESIAN_POINT('',(0.187,-0.213,-0.02952));
#17869=CARTESIAN_POINT('',(0.187,0.025,-0.02952));
#17870=CARTESIAN_POINT('',(0.12796,-0.213,0.02952));
#17871=CARTESIAN_POINT('',(0.12796,0.025,0.02952));
#17872=CARTESIAN_POINT('',(0.10826,-0.213,0.04922));
#17873=CARTESIAN_POINT('',(0.10826,0.025,0.04922));
#17874=CARTESIAN_POINT('',(0.12796,-0.213,-0.04922));
#17875=CARTESIAN_POINT('',(0.12796,0.025,-0.04922));
#17876=CARTESIAN_POINT('',(0.10826,-0.213,-0.02952));
#17877=CARTESIAN_POINT('',(0.10826,0.025,-0.02952));
#17878=CARTESIAN_POINT('',(0.04922,-0.213,0.02952));
#17879=CARTESIAN_POINT('',(0.04922,0.025,0.02952));
#17880=CARTESIAN_POINT('',(0.02952,-0.213,0.04922));
#17881=CARTESIAN_POINT('',(0.02952,0.025,0.04922));
#17882=CARTESIAN_POINT('',(0.04922,-0.213,-0.04922));
#17883=CARTESIAN_POINT('',(0.04922,0.025,-0.04922));
#17884=CARTESIAN_POINT('',(0.02952,-0.213,-0.02952));
#17885=CARTESIAN_POINT('',(0.02952,0.025,-0.02952));
#17886=CARTESIAN_POINT('',(-0.02952,-0.213,0.02952));
#17887=CARTESIAN_POINT('',(-0.02952,0.025,0.02952));
#17888=CARTESIAN_POINT('',(-0.04922,-0.213,0.04922));
#17889=CARTESIAN_POINT('',(-0.04922,0.025,0.04922));
#17890=CARTESIAN_POINT('',(-0.02952,-0.213,-0.04922));
#17891=CARTESIAN_POINT('',(-0.02952,0.025,-0.04922));
#17892=CARTESIAN_POINT('',(-0.04922,-0.213,-0.02952));
#17893=CARTESIAN_POINT('',(-0.04922,0.025,-0.02952));
#17894=CARTESIAN_POINT('',(-0.10826,-0.213,0.02952));
#17895=CARTESIAN_POINT('',(-0.10826,0.025,0.02952));
#17896=CARTESIAN_POINT('',(-0.12796,-0.213,0.04922));
#17897=CARTESIAN_POINT('',(-0.12796,0.025,0.04922));
#17898=CARTESIAN_POINT('',(-0.10826,-0.213,-0.04922));
#17899=CARTESIAN_POINT('',(-0.10826,0.025,-0.04922));
#17900=CARTESIAN_POINT('',(-0.12796,-0.213,-0.02952));
#17901=CARTESIAN_POINT('',(-0.12796,0.025,-0.02952));
#17902=CARTESIAN_POINT('',(-0.187,-0.213,0.02952));
#17903=CARTESIAN_POINT('',(-0.187,0.025,0.02952));
#17904=CARTESIAN_POINT('',(-0.2067,-0.213,0.04922));
#17905=CARTESIAN_POINT('',(-0.2067,0.025,0.04922));
#17906=CARTESIAN_POINT('',(-0.187,-0.213,-0.04922));
#17907=CARTESIAN_POINT('',(-0.187,0.025,-0.04922));
#17908=CARTESIAN_POINT('',(-0.2067,-0.213,-0.02952));
#17909=CARTESIAN_POINT('',(-0.2067,0.025,-0.02952));
#17910=CARTESIAN_POINT('',(-0.26574,-0.213,0.02952));
#17911=CARTESIAN_POINT('',(-0.26574,0.025,0.02952));
#17912=CARTESIAN_POINT('',(-0.28544,-0.213,0.04922));
#17913=CARTESIAN_POINT('',(-0.28544,0.025,0.04922));
#17914=CARTESIAN_POINT('',(-0.26574,-0.213,-0.04922));
#17915=CARTESIAN_POINT('',(-0.26574,0.025,-0.04922));
#17916=CARTESIAN_POINT('',(-0.28544,-0.213,-0.02952));
#17917=CARTESIAN_POINT('',(-0.28544,0.025,-0.02952));
#17918=CARTESIAN_POINT('',(0.,0.025,0.));
#17919=CARTESIAN_POINT('',(-0.27559,-0.230062652581628,0.1575));
#17920=CARTESIAN_POINT('',(-0.26574,-0.203,0.1575));
#17921=CARTESIAN_POINT('',(-0.19685,-0.230062652581628,0.1575));
#17922=CARTESIAN_POINT('',(-0.187,-0.203,0.1575));
#17923=CARTESIAN_POINT('',(-0.19685,-0.230062652581628,0.1575));
#17924=CARTESIAN_POINT('',(-0.187,-0.203,0.1575));
#17925=CARTESIAN_POINT('',(-0.11811,-0.230062652581628,0.1575));
#17926=CARTESIAN_POINT('',(-0.10826,-0.203,0.1575));
#17927=CARTESIAN_POINT('',(-0.11811,-0.230062652581628,0.1575));
#17928=CARTESIAN_POINT('',(-0.10826,-0.203,0.1575));
#17929=CARTESIAN_POINT('',(-0.03937,-0.230062652581628,0.1575));
#17930=CARTESIAN_POINT('',(-0.02952,-0.203,0.1575));
#17931=CARTESIAN_POINT('',(-0.03937,-0.230062652581628,0.1575));
#17932=CARTESIAN_POINT('',(-0.02952,-0.203,0.1575));
#17933=CARTESIAN_POINT('',(0.03937,-0.230062652581628,0.1575));
#17934=CARTESIAN_POINT('',(0.04922,-0.203,0.1575));
#17935=CARTESIAN_POINT('',(0.03937,-0.230062652581628,0.1575));
#17936=CARTESIAN_POINT('',(0.04922,-0.203,0.1575));
#17937=CARTESIAN_POINT('',(0.11811,-0.230062652581628,0.1575));
#17938=CARTESIAN_POINT('',(0.12796,-0.203,0.1575));
#17939=CARTESIAN_POINT('',(0.11811,-0.230062652581628,0.1575));
#17940=CARTESIAN_POINT('',(0.12796,-0.203,0.1575));
#17941=CARTESIAN_POINT('',(0.19685,-0.230062652581628,0.1575));
#17942=CARTESIAN_POINT('',(0.2067,-0.203,0.1575));
#17943=CARTESIAN_POINT('',(0.19685,-0.230062652581628,0.1575));
#17944=CARTESIAN_POINT('',(0.2067,-0.203,0.1575));
#17945=CARTESIAN_POINT('',(0.27559,-0.230062652581628,0.1575));
#17946=CARTESIAN_POINT('',(0.28544,-0.203,0.1575));
#17947=CARTESIAN_POINT('',(0.27559,-0.230062652581628,0.1575));
#17948=CARTESIAN_POINT('',(0.28544,-0.203,0.1575));
#17949=CARTESIAN_POINT('',(-0.27559,-0.230062652581628,0.1575));
#17950=CARTESIAN_POINT('',(-0.26574,-0.203,0.1575));
#17951=CARTESIAN_POINT('',(0.62992,0.0269999999999992,3.21));
#17952=CARTESIAN_POINT('',(0.,0.,0.));
#17953=CARTESIAN_POINT('',(0.30996,0.22,-0.07375));
#17954=CARTESIAN_POINT('',(0.30996,0.0269999999999996,-0.07375));
#17955=CARTESIAN_POINT('',(-0.30996,0.0269999999999996,-0.07375));
#17956=CARTESIAN_POINT('',(0.30996,0.0269999999999996,-0.07375));
#17957=CARTESIAN_POINT('',(-0.30996,0.22,-0.07375));
#17958=CARTESIAN_POINT('',(-0.30996,0.03,-0.07375));
#17959=CARTESIAN_POINT('',(0.30996,0.03,-0.07375));
#17960=CARTESIAN_POINT('',(0.30996,0.03,-0.07375));
#17961=CARTESIAN_POINT('',(0.30996,0.22,-0.07375));
#17962=CARTESIAN_POINT('',(-0.30996,0.22,-0.07375));
#17963=CARTESIAN_POINT('',(-0.30996,0.0269999999999996,-0.07375));
#17964=CARTESIAN_POINT('',(-0.30996,0.0269999999999996,0.07375));
#17965=CARTESIAN_POINT('',(-0.30996,0.22,0.07375));
#17966=CARTESIAN_POINT('',(-0.30996,0.03,0.07375));
#17967=CARTESIAN_POINT('',(-0.30996,0.03,-0.07375));
#17968=CARTESIAN_POINT('',(-0.30996,0.22,0.07375));
#17969=CARTESIAN_POINT('',(-0.30996,0.0269999999999996,0.07375));
#17970=CARTESIAN_POINT('',(0.30996,0.0269999999999996,0.07375));
#17971=CARTESIAN_POINT('',(0.30996,0.22,0.07375));
#17972=CARTESIAN_POINT('',(0.30996,0.03,0.07375));
#17973=CARTESIAN_POINT('',(-0.30996,0.03,0.07375));
#17974=CARTESIAN_POINT('',(0.30996,0.22,0.07375));
#17975=CARTESIAN_POINT('',(0.30996,0.0269999999999996,0.07375));
#17976=CARTESIAN_POINT('',(0.30996,0.03,0.07375));
#17977=CARTESIAN_POINT('',(0.29059,0.22,0.03437));
#17978=CARTESIAN_POINT('',(0.270878456477578,0.221322229043006,0.03437));
#17979=CARTESIAN_POINT('',(0.26909,0.194660254037844,0.03437));
#17980=CARTESIAN_POINT('',(0.26059,0.0679438422127994,0.03437));
#17981=CARTESIAN_POINT('',(0.263492568135665,0.204355290418778,0.03437));
#17982=CARTESIAN_POINT('',(0.27409,0.186,0.03437));
#17983=CARTESIAN_POINT('',(0.275650276803607,0.220672297630915,0.03437));
#17984=CARTESIAN_POINT('',(0.268097582463606,0.0528371638479057,0.03437));
#17985=CARTESIAN_POINT('',(0.27559,0.0524999999999999,0.03437));
#17986=CARTESIAN_POINT('',(0.283082417536394,0.0528371638479057,0.03437));
#17987=CARTESIAN_POINT('',(0.275590352241905,0.219325005723349,0.03437));
#17988=CARTESIAN_POINT('',(0.27709,0.186,0.03437));
#17989=CARTESIAN_POINT('',(0.295187431864335,0.217345671475545,0.03437));
#17990=CARTESIAN_POINT('',(0.28209,0.194660254037844,0.03437));
#17991=CARTESIAN_POINT('',(0.280435926299785,0.219318875706716,0.03437));
#17992=CARTESIAN_POINT('',(0.29059,0.0679438422127996,0.03437));
#17993=CARTESIAN_POINT('',(0.29059,0.22,0.03437));
#17994=CARTESIAN_POINT('',(0.29059,0.03,0.03437));
#17995=CARTESIAN_POINT('',(0.29059,0.03,0.03437));
#17996=CARTESIAN_POINT('',(0.26059,0.03,0.03437));
#17997=CARTESIAN_POINT('',(0.26059,0.22,0.03437));
#17998=CARTESIAN_POINT('',(0.29059,0.22,0.04437));
#17999=CARTESIAN_POINT('',(0.29059,0.0679438422127996,0.04437));
#18000=CARTESIAN_POINT('',(0.29059,0.0679438422127999,0.04437));
#18001=CARTESIAN_POINT('',(0.29059,0.22,0.04437));
#18002=CARTESIAN_POINT('',(0.29059,0.03,0.04437));
#18003=CARTESIAN_POINT('',(0.29059,0.03,0.04437));
#18004=CARTESIAN_POINT('',(0.26059,0.22,0.04437));
#18005=CARTESIAN_POINT('',(0.270744073700215,0.219318875706716,0.04437));
#18006=CARTESIAN_POINT('',(0.26059,0.0679438422127994,0.04437));
#18007=CARTESIAN_POINT('',(0.26909,0.194660254037844,0.04437));
#18008=CARTESIAN_POINT('',(0.26059,0.22,0.04437));
#18009=CARTESIAN_POINT('',(0.26059,0.03,0.04437));
#18010=CARTESIAN_POINT('',(0.26059,0.03,0.04437));
#18011=CARTESIAN_POINT('',(0.280301543522423,0.221322229043006,0.04437));
#18012=CARTESIAN_POINT('',(0.28209,0.194660254037844,0.04437));
#18013=CARTESIAN_POINT('',(0.287687431864335,0.204355290418778,0.04437));
#18014=CARTESIAN_POINT('',(0.27709,0.186,0.04437));
#18015=CARTESIAN_POINT('',(0.275529723196394,0.220672297630915,0.04437));
#18016=CARTESIAN_POINT('',(0.283082417536394,0.0528371638479057,0.04437));
#18017=CARTESIAN_POINT('',(0.27559,0.0524999999999999,0.04437));
#18018=CARTESIAN_POINT('',(0.268097582463606,0.0528371638479057,0.04437));
#18019=CARTESIAN_POINT('',(0.275589647758095,0.219325005723349,0.04437));
#18020=CARTESIAN_POINT('',(0.27409,0.186,0.04437));
#18021=CARTESIAN_POINT('',(0.255992568135665,0.217345671475545,0.04437));
#18022=CARTESIAN_POINT('',(0.29059,0.22,-0.04437));
#18023=CARTESIAN_POINT('',(0.270878456477578,0.221322229043006,-0.04437));
#18024=CARTESIAN_POINT('',(0.26909,0.194660254037844,-0.04437));
#18025=CARTESIAN_POINT('',(0.26059,0.0679438422127994,-0.04437));
#18026=CARTESIAN_POINT('',(0.263492568135665,0.204355290418778,-0.04437));
#18027=CARTESIAN_POINT('',(0.27409,0.186,-0.04437));
#18028=CARTESIAN_POINT('',(0.275650276803607,0.220672297630915,-0.04437));
#18029=CARTESIAN_POINT('',(0.268097582463606,0.0528371638479057,-0.04437));
#18030=CARTESIAN_POINT('',(0.27559,0.0524999999999999,-0.04437));
#18031=CARTESIAN_POINT('',(0.283082417536394,0.0528371638479057,-0.04437));
#18032=CARTESIAN_POINT('',(0.275590352241905,0.219325005723349,-0.04437));
#18033=CARTESIAN_POINT('',(0.27709,0.186,-0.04437));
#18034=CARTESIAN_POINT('',(0.295187431864335,0.217345671475545,-0.04437));
#18035=CARTESIAN_POINT('',(0.28209,0.194660254037844,-0.04437));
#18036=CARTESIAN_POINT('',(0.280435926299785,0.219318875706716,-0.04437));
#18037=CARTESIAN_POINT('',(0.29059,0.0679438422127996,-0.04437));
#18038=CARTESIAN_POINT('',(0.29059,0.22,-0.04437));
#18039=CARTESIAN_POINT('',(0.29059,0.03,-0.04437));
#18040=CARTESIAN_POINT('',(0.29059,0.03,-0.04437));
#18041=CARTESIAN_POINT('',(0.26059,0.03,-0.04437));
#18042=CARTESIAN_POINT('',(0.26059,0.22,-0.04437));
#18043=CARTESIAN_POINT('',(0.29059,0.22,-0.03437));
#18044=CARTESIAN_POINT('',(0.29059,0.0679438422127996,-0.03437));
#18045=CARTESIAN_POINT('',(0.29059,0.0679438422127999,-0.03437));
#18046=CARTESIAN_POINT('',(0.29059,0.22,-0.03437));
#18047=CARTESIAN_POINT('',(0.29059,0.03,-0.03437));
#18048=CARTESIAN_POINT('',(0.29059,0.03,-0.03437));
#18049=CARTESIAN_POINT('',(0.26059,0.22,-0.03437));
#18050=CARTESIAN_POINT('',(0.270744073700215,0.219318875706716,-0.03437));
#18051=CARTESIAN_POINT('',(0.26059,0.0679438422127994,-0.03437));
#18052=CARTESIAN_POINT('',(0.26909,0.194660254037844,-0.03437));
#18053=CARTESIAN_POINT('',(0.26059,0.22,-0.03437));
#18054=CARTESIAN_POINT('',(0.26059,0.03,-0.03437));
#18055=CARTESIAN_POINT('',(0.26059,0.03,-0.03437));
#18056=CARTESIAN_POINT('',(0.280301543522423,0.221322229043006,-0.03437));
#18057=CARTESIAN_POINT('',(0.28209,0.194660254037844,-0.03437));
#18058=CARTESIAN_POINT('',(0.287687431864335,0.204355290418778,-0.03437));
#18059=CARTESIAN_POINT('',(0.27709,0.186,-0.03437));
#18060=CARTESIAN_POINT('',(0.275529723196394,0.220672297630915,-0.03437));
#18061=CARTESIAN_POINT('',(0.283082417536394,0.0528371638479057,-0.03437));
#18062=CARTESIAN_POINT('',(0.27559,0.0524999999999999,-0.03437));
#18063=CARTESIAN_POINT('',(0.268097582463606,0.0528371638479057,-0.03437));
#18064=CARTESIAN_POINT('',(0.275589647758095,0.219325005723349,-0.03437));
#18065=CARTESIAN_POINT('',(0.27409,0.186,-0.03437));
#18066=CARTESIAN_POINT('',(0.255992568135665,0.217345671475545,-0.03437));
#18067=CARTESIAN_POINT('',(0.21185,0.22,0.03437));
#18068=CARTESIAN_POINT('',(0.192138456477577,0.221322229043006,0.03437));
#18069=CARTESIAN_POINT('',(0.19035,0.194660254037844,0.03437));
#18070=CARTESIAN_POINT('',(0.18185,0.067943842212799,0.03437));
#18071=CARTESIAN_POINT('',(0.184752568135665,0.204355290418778,0.03437));
#18072=CARTESIAN_POINT('',(0.19535,0.186,0.03437));
#18073=CARTESIAN_POINT('',(0.196910276803607,0.220672297630915,0.03437));
#18074=CARTESIAN_POINT('',(0.189357582463606,0.0528371638479057,0.03437));
#18075=CARTESIAN_POINT('',(0.19685,0.0524999999999999,0.03437));
#18076=CARTESIAN_POINT('',(0.204342417536394,0.0528371638479057,0.03437));
#18077=CARTESIAN_POINT('',(0.196850352241905,0.219325005723349,0.03437));
#18078=CARTESIAN_POINT('',(0.19835,0.186,0.03437));
#18079=CARTESIAN_POINT('',(0.216447431864336,0.217345671475545,0.03437));
#18080=CARTESIAN_POINT('',(0.20335,0.194660254037844,0.03437));
#18081=CARTESIAN_POINT('',(0.201695926299785,0.219318875706716,0.03437));
#18082=CARTESIAN_POINT('',(0.21185,0.0679438422127995,0.03437));
#18083=CARTESIAN_POINT('',(0.21185,0.22,0.03437));
#18084=CARTESIAN_POINT('',(0.21185,0.03,0.03437));
#18085=CARTESIAN_POINT('',(0.21185,0.03,0.03437));
#18086=CARTESIAN_POINT('',(0.18185,0.03,0.03437));
#18087=CARTESIAN_POINT('',(0.18185,0.22,0.03437));
#18088=CARTESIAN_POINT('',(0.21185,0.22,0.04437));
#18089=CARTESIAN_POINT('',(0.21185,0.0679438422127995,0.04437));
#18090=CARTESIAN_POINT('',(0.21185,0.0679438422127999,0.04437));
#18091=CARTESIAN_POINT('',(0.21185,0.22,0.04437));
#18092=CARTESIAN_POINT('',(0.21185,0.03,0.04437));
#18093=CARTESIAN_POINT('',(0.21185,0.03,0.04437));
#18094=CARTESIAN_POINT('',(0.18185,0.22,0.04437));
#18095=CARTESIAN_POINT('',(0.192004073700215,0.219318875706716,0.04437));
#18096=CARTESIAN_POINT('',(0.18185,0.067943842212799,0.04437));
#18097=CARTESIAN_POINT('',(0.19035,0.194660254037844,0.04437));
#18098=CARTESIAN_POINT('',(0.18185,0.22,0.04437));
#18099=CARTESIAN_POINT('',(0.18185,0.03,0.04437));
#18100=CARTESIAN_POINT('',(0.18185,0.03,0.04437));
#18101=CARTESIAN_POINT('',(0.201561543522423,0.221322229043006,0.04437));
#18102=CARTESIAN_POINT('',(0.20335,0.194660254037844,0.04437));
#18103=CARTESIAN_POINT('',(0.208947431864335,0.204355290418778,0.04437));
#18104=CARTESIAN_POINT('',(0.19835,0.186,0.04437));
#18105=CARTESIAN_POINT('',(0.196789723196393,0.220672297630915,0.04437));
#18106=CARTESIAN_POINT('',(0.204342417536394,0.0528371638479057,0.04437));
#18107=CARTESIAN_POINT('',(0.19685,0.0524999999999999,0.04437));
#18108=CARTESIAN_POINT('',(0.189357582463606,0.0528371638479057,0.04437));
#18109=CARTESIAN_POINT('',(0.196849647758095,0.219325005723349,0.04437));
#18110=CARTESIAN_POINT('',(0.19535,0.186,0.04437));
#18111=CARTESIAN_POINT('',(0.177252568135665,0.217345671475545,0.04437));
#18112=CARTESIAN_POINT('',(0.21185,0.22,-0.04437));
#18113=CARTESIAN_POINT('',(0.192138456477577,0.221322229043006,-0.04437));
#18114=CARTESIAN_POINT('',(0.19035,0.194660254037844,-0.04437));
#18115=CARTESIAN_POINT('',(0.18185,0.067943842212799,-0.04437));
#18116=CARTESIAN_POINT('',(0.184752568135665,0.204355290418778,-0.04437));
#18117=CARTESIAN_POINT('',(0.19535,0.186,-0.04437));
#18118=CARTESIAN_POINT('',(0.196910276803607,0.220672297630915,-0.04437));
#18119=CARTESIAN_POINT('',(0.189357582463606,0.0528371638479057,-0.04437));
#18120=CARTESIAN_POINT('',(0.19685,0.0524999999999999,-0.04437));
#18121=CARTESIAN_POINT('',(0.204342417536394,0.0528371638479057,-0.04437));
#18122=CARTESIAN_POINT('',(0.196850352241905,0.219325005723349,-0.04437));
#18123=CARTESIAN_POINT('',(0.19835,0.186,-0.04437));
#18124=CARTESIAN_POINT('',(0.216447431864336,0.217345671475545,-0.04437));
#18125=CARTESIAN_POINT('',(0.20335,0.194660254037844,-0.04437));
#18126=CARTESIAN_POINT('',(0.201695926299785,0.219318875706716,-0.04437));
#18127=CARTESIAN_POINT('',(0.21185,0.0679438422127995,-0.04437));
#18128=CARTESIAN_POINT('',(0.21185,0.22,-0.04437));
#18129=CARTESIAN_POINT('',(0.21185,0.03,-0.04437));
#18130=CARTESIAN_POINT('',(0.21185,0.03,-0.04437));
#18131=CARTESIAN_POINT('',(0.18185,0.03,-0.04437));
#18132=CARTESIAN_POINT('',(0.18185,0.22,-0.04437));
#18133=CARTESIAN_POINT('',(0.21185,0.22,-0.03437));
#18134=CARTESIAN_POINT('',(0.21185,0.0679438422127995,-0.03437));
#18135=CARTESIAN_POINT('',(0.21185,0.0679438422127999,-0.03437));
#18136=CARTESIAN_POINT('',(0.21185,0.22,-0.03437));
#18137=CARTESIAN_POINT('',(0.21185,0.03,-0.03437));
#18138=CARTESIAN_POINT('',(0.21185,0.03,-0.03437));
#18139=CARTESIAN_POINT('',(0.18185,0.22,-0.03437));
#18140=CARTESIAN_POINT('',(0.192004073700215,0.219318875706716,-0.03437));
#18141=CARTESIAN_POINT('',(0.18185,0.067943842212799,-0.03437));
#18142=CARTESIAN_POINT('',(0.19035,0.194660254037844,-0.03437));
#18143=CARTESIAN_POINT('',(0.18185,0.22,-0.03437));
#18144=CARTESIAN_POINT('',(0.18185,0.03,-0.03437));
#18145=CARTESIAN_POINT('',(0.18185,0.03,-0.03437));
#18146=CARTESIAN_POINT('',(0.201561543522423,0.221322229043006,-0.03437));
#18147=CARTESIAN_POINT('',(0.20335,0.194660254037844,-0.03437));
#18148=CARTESIAN_POINT('',(0.208947431864335,0.204355290418778,-0.03437));
#18149=CARTESIAN_POINT('',(0.19835,0.186,-0.03437));
#18150=CARTESIAN_POINT('',(0.196789723196393,0.220672297630915,-0.03437));
#18151=CARTESIAN_POINT('',(0.204342417536394,0.0528371638479057,-0.03437));
#18152=CARTESIAN_POINT('',(0.19685,0.0524999999999999,-0.03437));
#18153=CARTESIAN_POINT('',(0.189357582463606,0.0528371638479057,-0.03437));
#18154=CARTESIAN_POINT('',(0.196849647758095,0.219325005723349,-0.03437));
#18155=CARTESIAN_POINT('',(0.19535,0.186,-0.03437));
#18156=CARTESIAN_POINT('',(0.177252568135665,0.217345671475545,-0.03437));
#18157=CARTESIAN_POINT('',(0.13311,0.22,0.03437));
#18158=CARTESIAN_POINT('',(0.113398456477577,0.221322229043006,0.03437));
#18159=CARTESIAN_POINT('',(0.11161,0.194660254037844,0.03437));
#18160=CARTESIAN_POINT('',(0.10311,0.0679438422127998,0.03437));
#18161=CARTESIAN_POINT('',(0.106012568135665,0.204355290418778,0.03437));
#18162=CARTESIAN_POINT('',(0.11661,0.186,0.03437));
#18163=CARTESIAN_POINT('',(0.118170276803607,0.220672297630915,0.03437));
#18164=CARTESIAN_POINT('',(0.110617582463606,0.0528371638479057,0.03437));
#18165=CARTESIAN_POINT('',(0.11811,0.0524999999999999,0.03437));
#18166=CARTESIAN_POINT('',(0.125602417536394,0.0528371638479057,0.03437));
#18167=CARTESIAN_POINT('',(0.118110352241905,0.219325005723349,0.03437));
#18168=CARTESIAN_POINT('',(0.11961,0.186,0.03437));
#18169=CARTESIAN_POINT('',(0.137707431864336,0.217345671475545,0.03437));
#18170=CARTESIAN_POINT('',(0.12461,0.194660254037844,0.03437));
#18171=CARTESIAN_POINT('',(0.122955926299785,0.219318875706716,0.03437));
#18172=CARTESIAN_POINT('',(0.13311,0.067943842212799,0.03437));
#18173=CARTESIAN_POINT('',(0.13311,0.22,0.03437));
#18174=CARTESIAN_POINT('',(0.13311,0.03,0.03437));
#18175=CARTESIAN_POINT('',(0.13311,0.03,0.03437));
#18176=CARTESIAN_POINT('',(0.10311,0.03,0.03437));
#18177=CARTESIAN_POINT('',(0.10311,0.22,0.03437));
#18178=CARTESIAN_POINT('',(0.13311,0.22,0.04437));
#18179=CARTESIAN_POINT('',(0.13311,0.067943842212799,0.04437));
#18180=CARTESIAN_POINT('',(0.13311,0.0679438422127989,0.04437));
#18181=CARTESIAN_POINT('',(0.13311,0.22,0.04437));
#18182=CARTESIAN_POINT('',(0.13311,0.03,0.04437));
#18183=CARTESIAN_POINT('',(0.13311,0.03,0.04437));
#18184=CARTESIAN_POINT('',(0.10311,0.22,0.04437));
#18185=CARTESIAN_POINT('',(0.113264073700215,0.219318875706716,0.04437));
#18186=CARTESIAN_POINT('',(0.10311,0.0679438422127998,0.04437));
#18187=CARTESIAN_POINT('',(0.11161,0.194660254037844,0.04437));
#18188=CARTESIAN_POINT('',(0.10311,0.22,0.04437));
#18189=CARTESIAN_POINT('',(0.10311,0.03,0.04437));
#18190=CARTESIAN_POINT('',(0.10311,0.03,0.04437));
#18191=CARTESIAN_POINT('',(0.122821543522423,0.221322229043006,0.04437));
#18192=CARTESIAN_POINT('',(0.12461,0.194660254037844,0.04437));
#18193=CARTESIAN_POINT('',(0.130207431864335,0.204355290418778,0.04437));
#18194=CARTESIAN_POINT('',(0.11961,0.186,0.04437));
#18195=CARTESIAN_POINT('',(0.118049723196393,0.220672297630915,0.04437));
#18196=CARTESIAN_POINT('',(0.125602417536394,0.0528371638479057,0.04437));
#18197=CARTESIAN_POINT('',(0.11811,0.0524999999999999,0.04437));
#18198=CARTESIAN_POINT('',(0.110617582463606,0.0528371638479057,0.04437));
#18199=CARTESIAN_POINT('',(0.118109647758095,0.219325005723349,0.04437));
#18200=CARTESIAN_POINT('',(0.11661,0.186,0.04437));
#18201=CARTESIAN_POINT('',(0.0985125681356645,0.217345671475545,0.04437));
#18202=CARTESIAN_POINT('',(0.13311,0.22,-0.04437));
#18203=CARTESIAN_POINT('',(0.113398456477577,0.221322229043006,-0.04437));
#18204=CARTESIAN_POINT('',(0.11161,0.194660254037844,-0.04437));
#18205=CARTESIAN_POINT('',(0.10311,0.0679438422127998,-0.04437));
#18206=CARTESIAN_POINT('',(0.106012568135665,0.204355290418778,-0.04437));
#18207=CARTESIAN_POINT('',(0.11661,0.186,-0.04437));
#18208=CARTESIAN_POINT('',(0.118170276803607,0.220672297630915,-0.04437));
#18209=CARTESIAN_POINT('',(0.110617582463606,0.0528371638479057,-0.04437));
#18210=CARTESIAN_POINT('',(0.11811,0.0524999999999999,-0.04437));
#18211=CARTESIAN_POINT('',(0.125602417536394,0.0528371638479057,-0.04437));
#18212=CARTESIAN_POINT('',(0.118110352241905,0.219325005723349,-0.04437));
#18213=CARTESIAN_POINT('',(0.11961,0.186,-0.04437));
#18214=CARTESIAN_POINT('',(0.137707431864336,0.217345671475545,-0.04437));
#18215=CARTESIAN_POINT('',(0.12461,0.194660254037844,-0.04437));
#18216=CARTESIAN_POINT('',(0.122955926299785,0.219318875706716,-0.04437));
#18217=CARTESIAN_POINT('',(0.13311,0.067943842212799,-0.04437));
#18218=CARTESIAN_POINT('',(0.13311,0.22,-0.04437));
#18219=CARTESIAN_POINT('',(0.13311,0.03,-0.04437));
#18220=CARTESIAN_POINT('',(0.13311,0.03,-0.04437));
#18221=CARTESIAN_POINT('',(0.10311,0.03,-0.04437));
#18222=CARTESIAN_POINT('',(0.10311,0.22,-0.04437));
#18223=CARTESIAN_POINT('',(0.13311,0.22,-0.03437));
#18224=CARTESIAN_POINT('',(0.13311,0.067943842212799,-0.03437));
#18225=CARTESIAN_POINT('',(0.13311,0.0679438422127989,-0.03437));
#18226=CARTESIAN_POINT('',(0.13311,0.22,-0.03437));
#18227=CARTESIAN_POINT('',(0.13311,0.03,-0.03437));
#18228=CARTESIAN_POINT('',(0.13311,0.03,-0.03437));
#18229=CARTESIAN_POINT('',(0.10311,0.22,-0.03437));
#18230=CARTESIAN_POINT('',(0.113264073700215,0.219318875706716,-0.03437));
#18231=CARTESIAN_POINT('',(0.10311,0.0679438422127998,-0.03437));
#18232=CARTESIAN_POINT('',(0.11161,0.194660254037844,-0.03437));
#18233=CARTESIAN_POINT('',(0.10311,0.22,-0.03437));
#18234=CARTESIAN_POINT('',(0.10311,0.03,-0.03437));
#18235=CARTESIAN_POINT('',(0.10311,0.03,-0.03437));
#18236=CARTESIAN_POINT('',(0.122821543522423,0.221322229043006,-0.03437));
#18237=CARTESIAN_POINT('',(0.12461,0.194660254037844,-0.03437));
#18238=CARTESIAN_POINT('',(0.130207431864335,0.204355290418778,-0.03437));
#18239=CARTESIAN_POINT('',(0.11961,0.186,-0.03437));
#18240=CARTESIAN_POINT('',(0.118049723196393,0.220672297630915,-0.03437));
#18241=CARTESIAN_POINT('',(0.125602417536394,0.0528371638479057,-0.03437));
#18242=CARTESIAN_POINT('',(0.11811,0.0524999999999999,-0.03437));
#18243=CARTESIAN_POINT('',(0.110617582463606,0.0528371638479057,-0.03437));
#18244=CARTESIAN_POINT('',(0.118109647758095,0.219325005723349,-0.03437));
#18245=CARTESIAN_POINT('',(0.11661,0.186,-0.03437));
#18246=CARTESIAN_POINT('',(0.0985125681356645,0.217345671475545,-0.03437));
#18247=CARTESIAN_POINT('',(0.05437,0.22,0.03437));
#18248=CARTESIAN_POINT('',(0.0346584564775775,0.221322229043006,0.03437));
#18249=CARTESIAN_POINT('',(0.03287,0.194660254037844,0.03437));
#18250=CARTESIAN_POINT('',(0.02437,0.0679438422127993,0.03437));
#18251=CARTESIAN_POINT('',(0.0272725681356646,0.204355290418778,0.03437));
#18252=CARTESIAN_POINT('',(0.03787,0.186,0.03437));
#18253=CARTESIAN_POINT('',(0.0394302768036065,0.220672297630915,0.03437));
#18254=CARTESIAN_POINT('',(0.0318775824636059,0.0528371638479057,0.03437));
#18255=CARTESIAN_POINT('',(0.03937,0.0524999999999999,0.03437));
#18256=CARTESIAN_POINT('',(0.0468624175363941,0.0528371638479057,0.03437));
#18257=CARTESIAN_POINT('',(0.0393703522419053,0.219325005723349,0.03437));
#18258=CARTESIAN_POINT('',(0.04087,0.186,0.03437));
#18259=CARTESIAN_POINT('',(0.0589674318643355,0.217345671475545,0.03437));
#18260=CARTESIAN_POINT('',(0.04587,0.194660254037844,0.03437));
#18261=CARTESIAN_POINT('',(0.0442159262997851,0.219318875706716,0.03437));
#18262=CARTESIAN_POINT('',(0.05437,0.0679438422127994,0.03437));
#18263=CARTESIAN_POINT('',(0.05437,0.22,0.03437));
#18264=CARTESIAN_POINT('',(0.05437,0.03,0.03437));
#18265=CARTESIAN_POINT('',(0.05437,0.03,0.03437));
#18266=CARTESIAN_POINT('',(0.02437,0.03,0.03437));
#18267=CARTESIAN_POINT('',(0.02437,0.22,0.03437));
#18268=CARTESIAN_POINT('',(0.05437,0.22,0.04437));
#18269=CARTESIAN_POINT('',(0.05437,0.0679438422127994,0.04437));
#18270=CARTESIAN_POINT('',(0.05437,0.0679438422127995,0.04437));
#18271=CARTESIAN_POINT('',(0.05437,0.22,0.04437));
#18272=CARTESIAN_POINT('',(0.05437,0.03,0.04437));
#18273=CARTESIAN_POINT('',(0.05437,0.03,0.04437));
#18274=CARTESIAN_POINT('',(0.02437,0.22,0.04437));
#18275=CARTESIAN_POINT('',(0.0345240737002149,0.219318875706716,0.04437));
#18276=CARTESIAN_POINT('',(0.02437,0.0679438422127993,0.04437));
#18277=CARTESIAN_POINT('',(0.03287,0.194660254037844,0.04437));
#18278=CARTESIAN_POINT('',(0.02437,0.22,0.04437));
#18279=CARTESIAN_POINT('',(0.02437,0.03,0.04437));
#18280=CARTESIAN_POINT('',(0.02437,0.03,0.04437));
#18281=CARTESIAN_POINT('',(0.0440815435224226,0.221322229043006,0.04437));
#18282=CARTESIAN_POINT('',(0.04587,0.194660254037844,0.04437));
#18283=CARTESIAN_POINT('',(0.0514674318643355,0.204355290418778,0.04437));
#18284=CARTESIAN_POINT('',(0.04087,0.186,0.04437));
#18285=CARTESIAN_POINT('',(0.0393097231963935,0.220672297630915,0.04437));
#18286=CARTESIAN_POINT('',(0.0468624175363941,0.0528371638479057,0.04437));
#18287=CARTESIAN_POINT('',(0.03937,0.0524999999999999,0.04437));
#18288=CARTESIAN_POINT('',(0.0318775824636059,0.0528371638479057,0.04437));
#18289=CARTESIAN_POINT('',(0.0393696477580948,0.219325005723349,0.04437));
#18290=CARTESIAN_POINT('',(0.03787,0.186,0.04437));
#18291=CARTESIAN_POINT('',(0.0197725681356645,0.217345671475545,0.04437));
#18292=CARTESIAN_POINT('',(0.05437,0.22,-0.04437));
#18293=CARTESIAN_POINT('',(0.0346584564775775,0.221322229043006,-0.04437));
#18294=CARTESIAN_POINT('',(0.03287,0.194660254037844,-0.04437));
#18295=CARTESIAN_POINT('',(0.02437,0.0679438422127993,-0.04437));
#18296=CARTESIAN_POINT('',(0.0272725681356646,0.204355290418778,-0.04437));
#18297=CARTESIAN_POINT('',(0.03787,0.186,-0.04437));
#18298=CARTESIAN_POINT('',(0.0394302768036065,0.220672297630915,-0.04437));
#18299=CARTESIAN_POINT('',(0.0318775824636059,0.0528371638479057,-0.04437));
#18300=CARTESIAN_POINT('',(0.03937,0.0524999999999999,-0.04437));
#18301=CARTESIAN_POINT('',(0.0468624175363941,0.0528371638479057,-0.04437));
#18302=CARTESIAN_POINT('',(0.0393703522419053,0.219325005723349,-0.04437));
#18303=CARTESIAN_POINT('',(0.04087,0.186,-0.04437));
#18304=CARTESIAN_POINT('',(0.0589674318643355,0.217345671475545,-0.04437));
#18305=CARTESIAN_POINT('',(0.04587,0.194660254037844,-0.04437));
#18306=CARTESIAN_POINT('',(0.0442159262997851,0.219318875706716,-0.04437));
#18307=CARTESIAN_POINT('',(0.05437,0.0679438422127994,-0.04437));
#18308=CARTESIAN_POINT('',(0.05437,0.22,-0.04437));
#18309=CARTESIAN_POINT('',(0.05437,0.03,-0.04437));
#18310=CARTESIAN_POINT('',(0.05437,0.03,-0.04437));
#18311=CARTESIAN_POINT('',(0.02437,0.03,-0.04437));
#18312=CARTESIAN_POINT('',(0.02437,0.22,-0.04437));
#18313=CARTESIAN_POINT('',(0.05437,0.22,-0.03437));
#18314=CARTESIAN_POINT('',(0.05437,0.0679438422127994,-0.03437));
#18315=CARTESIAN_POINT('',(0.05437,0.0679438422127995,-0.03437));
#18316=CARTESIAN_POINT('',(0.05437,0.22,-0.03437));
#18317=CARTESIAN_POINT('',(0.05437,0.03,-0.03437));
#18318=CARTESIAN_POINT('',(0.05437,0.03,-0.03437));
#18319=CARTESIAN_POINT('',(0.02437,0.22,-0.03437));
#18320=CARTESIAN_POINT('',(0.0345240737002149,0.219318875706716,-0.03437));
#18321=CARTESIAN_POINT('',(0.02437,0.0679438422127993,-0.03437));
#18322=CARTESIAN_POINT('',(0.03287,0.194660254037844,-0.03437));
#18323=CARTESIAN_POINT('',(0.02437,0.22,-0.03437));
#18324=CARTESIAN_POINT('',(0.02437,0.03,-0.03437));
#18325=CARTESIAN_POINT('',(0.02437,0.03,-0.03437));
#18326=CARTESIAN_POINT('',(0.0440815435224226,0.221322229043006,-0.03437));
#18327=CARTESIAN_POINT('',(0.04587,0.194660254037844,-0.03437));
#18328=CARTESIAN_POINT('',(0.0514674318643355,0.204355290418778,-0.03437));
#18329=CARTESIAN_POINT('',(0.04087,0.186,-0.03437));
#18330=CARTESIAN_POINT('',(0.0393097231963935,0.220672297630915,-0.03437));
#18331=CARTESIAN_POINT('',(0.0468624175363941,0.0528371638479057,-0.03437));
#18332=CARTESIAN_POINT('',(0.03937,0.0524999999999999,-0.03437));
#18333=CARTESIAN_POINT('',(0.0318775824636059,0.0528371638479057,-0.03437));
#18334=CARTESIAN_POINT('',(0.0393696477580948,0.219325005723349,-0.03437));
#18335=CARTESIAN_POINT('',(0.03787,0.186,-0.03437));
#18336=CARTESIAN_POINT('',(0.0197725681356645,0.217345671475545,-0.03437));
#18337=CARTESIAN_POINT('',(-0.02437,0.22,0.03437));
#18338=CARTESIAN_POINT('',(-0.0440815435224225,0.221322229043006,0.03437));
#18339=CARTESIAN_POINT('',(-0.04587,0.194660254037844,0.03437));
#18340=CARTESIAN_POINT('',(-0.05437,0.0679438422127993,0.03437));
#18341=CARTESIAN_POINT('',(-0.0514674318643354,0.204355290418778,0.03437));
#18342=CARTESIAN_POINT('',(-0.04087,0.186,0.03437));
#18343=CARTESIAN_POINT('',(-0.0393097231963935,0.220672297630915,0.03437));
#18344=CARTESIAN_POINT('',(-0.0468624175363941,0.0528371638479057,0.03437));
#18345=CARTESIAN_POINT('',(-0.03937,0.0524999999999999,0.03437));
#18346=CARTESIAN_POINT('',(-0.0318775824636059,0.0528371638479057,0.03437));
#18347=CARTESIAN_POINT('',(-0.0393696477580947,0.219325005723349,0.03437));
#18348=CARTESIAN_POINT('',(-0.03787,0.186,0.03437));
#18349=CARTESIAN_POINT('',(-0.0197725681356645,0.217345671475545,0.03437));
#18350=CARTESIAN_POINT('',(-0.03287,0.194660254037844,0.03437));
#18351=CARTESIAN_POINT('',(-0.0345240737002149,0.219318875706716,0.03437));
#18352=CARTESIAN_POINT('',(-0.02437,0.0679438422127993,0.03437));
#18353=CARTESIAN_POINT('',(-0.02437,0.22,0.03437));
#18354=CARTESIAN_POINT('',(-0.02437,0.03,0.03437));
#18355=CARTESIAN_POINT('',(-0.02437,0.03,0.03437));
#18356=CARTESIAN_POINT('',(-0.05437,0.03,0.03437));
#18357=CARTESIAN_POINT('',(-0.05437,0.22,0.03437));
#18358=CARTESIAN_POINT('',(-0.02437,0.22,0.04437));
#18359=CARTESIAN_POINT('',(-0.02437,0.0679438422127993,0.04437));
#18360=CARTESIAN_POINT('',(-0.02437,0.0679438422127993,0.04437));
#18361=CARTESIAN_POINT('',(-0.02437,0.22,0.04437));
#18362=CARTESIAN_POINT('',(-0.02437,0.03,0.04437));
#18363=CARTESIAN_POINT('',(-0.02437,0.03,0.04437));
#18364=CARTESIAN_POINT('',(-0.05437,0.22,0.04437));
#18365=CARTESIAN_POINT('',(-0.0442159262997851,0.219318875706716,0.04437));
#18366=CARTESIAN_POINT('',(-0.05437,0.0679438422127993,0.04437));
#18367=CARTESIAN_POINT('',(-0.04587,0.194660254037844,0.04437));
#18368=CARTESIAN_POINT('',(-0.05437,0.22,0.04437));
#18369=CARTESIAN_POINT('',(-0.05437,0.03,0.04437));
#18370=CARTESIAN_POINT('',(-0.05437,0.03,0.04437));
#18371=CARTESIAN_POINT('',(-0.0346584564775774,0.221322229043006,0.04437));
#18372=CARTESIAN_POINT('',(-0.03287,0.194660254037844,0.04437));
#18373=CARTESIAN_POINT('',(-0.0272725681356645,0.204355290418778,0.04437));
#18374=CARTESIAN_POINT('',(-0.03787,0.186,0.04437));
#18375=CARTESIAN_POINT('',(-0.0394302768036065,0.220672297630915,0.04437));
#18376=CARTESIAN_POINT('',(-0.0318775824636059,0.0528371638479057,0.04437));
#18377=CARTESIAN_POINT('',(-0.03937,0.0524999999999999,0.04437));
#18378=CARTESIAN_POINT('',(-0.0468624175363941,0.0528371638479057,0.04437));
#18379=CARTESIAN_POINT('',(-0.0393703522419052,0.219325005723349,0.04437));
#18380=CARTESIAN_POINT('',(-0.04087,0.186,0.04437));
#18381=CARTESIAN_POINT('',(-0.0589674318643355,0.217345671475545,0.04437));
#18382=CARTESIAN_POINT('',(-0.02437,0.22,-0.04437));
#18383=CARTESIAN_POINT('',(-0.0440815435224225,0.221322229043006,-0.04437));
#18384=CARTESIAN_POINT('',(-0.04587,0.194660254037844,-0.04437));
#18385=CARTESIAN_POINT('',(-0.05437,0.0679438422127993,-0.04437));
#18386=CARTESIAN_POINT('',(-0.0514674318643354,0.204355290418778,-0.04437));
#18387=CARTESIAN_POINT('',(-0.04087,0.186,-0.04437));
#18388=CARTESIAN_POINT('',(-0.0393097231963935,0.220672297630915,-0.04437));
#18389=CARTESIAN_POINT('',(-0.0468624175363941,0.0528371638479057,-0.04437));
#18390=CARTESIAN_POINT('',(-0.03937,0.0524999999999999,-0.04437));
#18391=CARTESIAN_POINT('',(-0.0318775824636059,0.0528371638479057,-0.04437));
#18392=CARTESIAN_POINT('',(-0.0393696477580947,0.219325005723349,-0.04437));
#18393=CARTESIAN_POINT('',(-0.03787,0.186,-0.04437));
#18394=CARTESIAN_POINT('',(-0.0197725681356645,0.217345671475545,-0.04437));
#18395=CARTESIAN_POINT('',(-0.03287,0.194660254037844,-0.04437));
#18396=CARTESIAN_POINT('',(-0.0345240737002149,0.219318875706716,-0.04437));
#18397=CARTESIAN_POINT('',(-0.02437,0.0679438422127993,-0.04437));
#18398=CARTESIAN_POINT('',(-0.02437,0.22,-0.04437));
#18399=CARTESIAN_POINT('',(-0.02437,0.03,-0.04437));
#18400=CARTESIAN_POINT('',(-0.02437,0.03,-0.04437));
#18401=CARTESIAN_POINT('',(-0.05437,0.03,-0.04437));
#18402=CARTESIAN_POINT('',(-0.05437,0.22,-0.04437));
#18403=CARTESIAN_POINT('',(-0.02437,0.22,-0.03437));
#18404=CARTESIAN_POINT('',(-0.02437,0.0679438422127993,-0.03437));
#18405=CARTESIAN_POINT('',(-0.02437,0.0679438422127993,-0.03437));
#18406=CARTESIAN_POINT('',(-0.02437,0.22,-0.03437));
#18407=CARTESIAN_POINT('',(-0.02437,0.03,-0.03437));
#18408=CARTESIAN_POINT('',(-0.02437,0.03,-0.03437));
#18409=CARTESIAN_POINT('',(-0.05437,0.22,-0.03437));
#18410=CARTESIAN_POINT('',(-0.0442159262997851,0.219318875706716,-0.03437));
#18411=CARTESIAN_POINT('',(-0.05437,0.0679438422127993,-0.03437));
#18412=CARTESIAN_POINT('',(-0.04587,0.194660254037844,-0.03437));
#18413=CARTESIAN_POINT('',(-0.05437,0.22,-0.03437));
#18414=CARTESIAN_POINT('',(-0.05437,0.03,-0.03437));
#18415=CARTESIAN_POINT('',(-0.05437,0.03,-0.03437));
#18416=CARTESIAN_POINT('',(-0.0346584564775774,0.221322229043006,-0.03437));
#18417=CARTESIAN_POINT('',(-0.03287,0.194660254037844,-0.03437));
#18418=CARTESIAN_POINT('',(-0.0272725681356645,0.204355290418778,-0.03437));
#18419=CARTESIAN_POINT('',(-0.03787,0.186,-0.03437));
#18420=CARTESIAN_POINT('',(-0.0394302768036065,0.220672297630915,-0.03437));
#18421=CARTESIAN_POINT('',(-0.0318775824636059,0.0528371638479057,-0.03437));
#18422=CARTESIAN_POINT('',(-0.03937,0.0524999999999999,-0.03437));
#18423=CARTESIAN_POINT('',(-0.0468624175363941,0.0528371638479057,-0.03437));
#18424=CARTESIAN_POINT('',(-0.0393703522419052,0.219325005723349,-0.03437));
#18425=CARTESIAN_POINT('',(-0.04087,0.186,-0.03437));
#18426=CARTESIAN_POINT('',(-0.0589674318643355,0.217345671475545,-0.03437));
#18427=CARTESIAN_POINT('',(-0.10311,0.22,0.03437));
#18428=CARTESIAN_POINT('',(-0.122821543522423,0.221322229043006,0.03437));
#18429=CARTESIAN_POINT('',(-0.12461,0.194660254037844,0.03437));
#18430=CARTESIAN_POINT('',(-0.13311,0.0679438422127993,0.03437));
#18431=CARTESIAN_POINT('',(-0.130207431864335,0.204355290418778,0.03437));
#18432=CARTESIAN_POINT('',(-0.11961,0.186,0.03437));
#18433=CARTESIAN_POINT('',(-0.118049723196393,0.220672297630915,0.03437));
#18434=CARTESIAN_POINT('',(-0.125602417536394,0.0528371638479057,0.03437));
#18435=CARTESIAN_POINT('',(-0.11811,0.0524999999999999,0.03437));
#18436=CARTESIAN_POINT('',(-0.110617582463606,0.0528371638479057,0.03437));
#18437=CARTESIAN_POINT('',(-0.118109647758095,0.219325005723349,0.03437));
#18438=CARTESIAN_POINT('',(-0.11661,0.186,0.03437));
#18439=CARTESIAN_POINT('',(-0.0985125681356645,0.217345671475545,0.03437));
#18440=CARTESIAN_POINT('',(-0.11161,0.194660254037844,0.03437));
#18441=CARTESIAN_POINT('',(-0.113264073700215,0.219318875706716,0.03437));
#18442=CARTESIAN_POINT('',(-0.10311,0.0679438422127994,0.03437));
#18443=CARTESIAN_POINT('',(-0.10311,0.22,0.03437));
#18444=CARTESIAN_POINT('',(-0.10311,0.03,0.03437));
#18445=CARTESIAN_POINT('',(-0.10311,0.03,0.03437));
#18446=CARTESIAN_POINT('',(-0.13311,0.03,0.03437));
#18447=CARTESIAN_POINT('',(-0.13311,0.22,0.03437));
#18448=CARTESIAN_POINT('',(-0.10311,0.22,0.04437));
#18449=CARTESIAN_POINT('',(-0.10311,0.0679438422127994,0.04437));
#18450=CARTESIAN_POINT('',(-0.10311,0.0679438422127994,0.04437));
#18451=CARTESIAN_POINT('',(-0.10311,0.22,0.04437));
#18452=CARTESIAN_POINT('',(-0.10311,0.03,0.04437));
#18453=CARTESIAN_POINT('',(-0.10311,0.03,0.04437));
#18454=CARTESIAN_POINT('',(-0.13311,0.22,0.04437));
#18455=CARTESIAN_POINT('',(-0.122955926299785,0.219318875706716,0.04437));
#18456=CARTESIAN_POINT('',(-0.13311,0.0679438422127993,0.04437));
#18457=CARTESIAN_POINT('',(-0.12461,0.194660254037844,0.04437));
#18458=CARTESIAN_POINT('',(-0.13311,0.22,0.04437));
#18459=CARTESIAN_POINT('',(-0.13311,0.03,0.04437));
#18460=CARTESIAN_POINT('',(-0.13311,0.03,0.04437));
#18461=CARTESIAN_POINT('',(-0.113398456477577,0.221322229043006,0.04437));
#18462=CARTESIAN_POINT('',(-0.11161,0.194660254037844,0.04437));
#18463=CARTESIAN_POINT('',(-0.106012568135665,0.204355290418778,0.04437));
#18464=CARTESIAN_POINT('',(-0.11661,0.186,0.04437));
#18465=CARTESIAN_POINT('',(-0.118170276803607,0.220672297630915,0.04437));
#18466=CARTESIAN_POINT('',(-0.110617582463606,0.0528371638479057,0.04437));
#18467=CARTESIAN_POINT('',(-0.11811,0.0524999999999999,0.04437));
#18468=CARTESIAN_POINT('',(-0.125602417536394,0.0528371638479057,0.04437));
#18469=CARTESIAN_POINT('',(-0.118110352241905,0.219325005723349,0.04437));
#18470=CARTESIAN_POINT('',(-0.11961,0.186,0.04437));
#18471=CARTESIAN_POINT('',(-0.137707431864335,0.217345671475545,0.04437));
#18472=CARTESIAN_POINT('',(-0.10311,0.22,-0.04437));
#18473=CARTESIAN_POINT('',(-0.122821543522423,0.221322229043006,-0.04437));
#18474=CARTESIAN_POINT('',(-0.12461,0.194660254037844,-0.04437));
#18475=CARTESIAN_POINT('',(-0.13311,0.0679438422127993,-0.04437));
#18476=CARTESIAN_POINT('',(-0.130207431864335,0.204355290418778,-0.04437));
#18477=CARTESIAN_POINT('',(-0.11961,0.186,-0.04437));
#18478=CARTESIAN_POINT('',(-0.118049723196393,0.220672297630915,-0.04437));
#18479=CARTESIAN_POINT('',(-0.125602417536394,0.0528371638479057,-0.04437));
#18480=CARTESIAN_POINT('',(-0.11811,0.0524999999999999,-0.04437));
#18481=CARTESIAN_POINT('',(-0.110617582463606,0.0528371638479057,-0.04437));
#18482=CARTESIAN_POINT('',(-0.118109647758095,0.219325005723349,-0.04437));
#18483=CARTESIAN_POINT('',(-0.11661,0.186,-0.04437));
#18484=CARTESIAN_POINT('',(-0.0985125681356645,0.217345671475545,-0.04437));
#18485=CARTESIAN_POINT('',(-0.11161,0.194660254037844,-0.04437));
#18486=CARTESIAN_POINT('',(-0.113264073700215,0.219318875706716,-0.04437));
#18487=CARTESIAN_POINT('',(-0.10311,0.0679438422127994,-0.04437));
#18488=CARTESIAN_POINT('',(-0.10311,0.22,-0.04437));
#18489=CARTESIAN_POINT('',(-0.10311,0.03,-0.04437));
#18490=CARTESIAN_POINT('',(-0.10311,0.03,-0.04437));
#18491=CARTESIAN_POINT('',(-0.13311,0.03,-0.04437));
#18492=CARTESIAN_POINT('',(-0.13311,0.22,-0.04437));
#18493=CARTESIAN_POINT('',(-0.10311,0.22,-0.03437));
#18494=CARTESIAN_POINT('',(-0.10311,0.0679438422127994,-0.03437));
#18495=CARTESIAN_POINT('',(-0.10311,0.0679438422127994,-0.03437));
#18496=CARTESIAN_POINT('',(-0.10311,0.22,-0.03437));
#18497=CARTESIAN_POINT('',(-0.10311,0.03,-0.03437));
#18498=CARTESIAN_POINT('',(-0.10311,0.03,-0.03437));
#18499=CARTESIAN_POINT('',(-0.13311,0.22,-0.03437));
#18500=CARTESIAN_POINT('',(-0.122955926299785,0.219318875706716,-0.03437));
#18501=CARTESIAN_POINT('',(-0.13311,0.0679438422127993,-0.03437));
#18502=CARTESIAN_POINT('',(-0.12461,0.194660254037844,-0.03437));
#18503=CARTESIAN_POINT('',(-0.13311,0.22,-0.03437));
#18504=CARTESIAN_POINT('',(-0.13311,0.03,-0.03437));
#18505=CARTESIAN_POINT('',(-0.13311,0.03,-0.03437));
#18506=CARTESIAN_POINT('',(-0.113398456477577,0.221322229043006,-0.03437));
#18507=CARTESIAN_POINT('',(-0.11161,0.194660254037844,-0.03437));
#18508=CARTESIAN_POINT('',(-0.106012568135665,0.204355290418778,-0.03437));
#18509=CARTESIAN_POINT('',(-0.11661,0.186,-0.03437));
#18510=CARTESIAN_POINT('',(-0.118170276803607,0.220672297630915,-0.03437));
#18511=CARTESIAN_POINT('',(-0.110617582463606,0.0528371638479057,-0.03437));
#18512=CARTESIAN_POINT('',(-0.11811,0.0524999999999999,-0.03437));
#18513=CARTESIAN_POINT('',(-0.125602417536394,0.0528371638479057,-0.03437));
#18514=CARTESIAN_POINT('',(-0.118110352241905,0.219325005723349,-0.03437));
#18515=CARTESIAN_POINT('',(-0.11961,0.186,-0.03437));
#18516=CARTESIAN_POINT('',(-0.137707431864335,0.217345671475545,-0.03437));
#18517=CARTESIAN_POINT('',(-0.18185,0.22,0.03437));
#18518=CARTESIAN_POINT('',(-0.201561543522423,0.221322229043006,0.03437));
#18519=CARTESIAN_POINT('',(-0.20335,0.194660254037844,0.03437));
#18520=CARTESIAN_POINT('',(-0.21185,0.067943842212799,0.03437));
#18521=CARTESIAN_POINT('',(-0.208947431864335,0.204355290418778,0.03437));
#18522=CARTESIAN_POINT('',(-0.19835,0.186,0.03437));
#18523=CARTESIAN_POINT('',(-0.196789723196393,0.220672297630915,0.03437));
#18524=CARTESIAN_POINT('',(-0.204342417536394,0.0528371638479057,0.03437));
#18525=CARTESIAN_POINT('',(-0.19685,0.0524999999999999,0.03437));
#18526=CARTESIAN_POINT('',(-0.189357582463606,0.0528371638479057,0.03437));
#18527=CARTESIAN_POINT('',(-0.196849647758095,0.219325005723349,0.03437));
#18528=CARTESIAN_POINT('',(-0.19535,0.186,0.03437));
#18529=CARTESIAN_POINT('',(-0.177252568135664,0.217345671475545,0.03437));
#18530=CARTESIAN_POINT('',(-0.19035,0.194660254037844,0.03437));
#18531=CARTESIAN_POINT('',(-0.192004073700215,0.219318875706716,0.03437));
#18532=CARTESIAN_POINT('',(-0.18185,0.067943842212799,0.03437));
#18533=CARTESIAN_POINT('',(-0.18185,0.22,0.03437));
#18534=CARTESIAN_POINT('',(-0.18185,0.03,0.03437));
#18535=CARTESIAN_POINT('',(-0.18185,0.03,0.03437));
#18536=CARTESIAN_POINT('',(-0.21185,0.03,0.03437));
#18537=CARTESIAN_POINT('',(-0.21185,0.22,0.03437));
#18538=CARTESIAN_POINT('',(-0.18185,0.22,0.04437));
#18539=CARTESIAN_POINT('',(-0.18185,0.067943842212799,0.04437));
#18540=CARTESIAN_POINT('',(-0.18185,0.0679438422127994,0.04437));
#18541=CARTESIAN_POINT('',(-0.18185,0.22,0.04437));
#18542=CARTESIAN_POINT('',(-0.18185,0.03,0.04437));
#18543=CARTESIAN_POINT('',(-0.18185,0.03,0.04437));
#18544=CARTESIAN_POINT('',(-0.21185,0.22,0.04437));
#18545=CARTESIAN_POINT('',(-0.201695926299785,0.219318875706716,0.04437));
#18546=CARTESIAN_POINT('',(-0.21185,0.067943842212799,0.04437));
#18547=CARTESIAN_POINT('',(-0.20335,0.194660254037844,0.04437));
#18548=CARTESIAN_POINT('',(-0.21185,0.22,0.04437));
#18549=CARTESIAN_POINT('',(-0.21185,0.03,0.04437));
#18550=CARTESIAN_POINT('',(-0.21185,0.03,0.04437));
#18551=CARTESIAN_POINT('',(-0.192138456477577,0.221322229043006,0.04437));
#18552=CARTESIAN_POINT('',(-0.19035,0.194660254037844,0.04437));
#18553=CARTESIAN_POINT('',(-0.184752568135665,0.204355290418778,0.04437));
#18554=CARTESIAN_POINT('',(-0.19535,0.186,0.04437));
#18555=CARTESIAN_POINT('',(-0.196910276803607,0.220672297630915,0.04437));
#18556=CARTESIAN_POINT('',(-0.189357582463606,0.0528371638479057,0.04437));
#18557=CARTESIAN_POINT('',(-0.19685,0.0524999999999999,0.04437));
#18558=CARTESIAN_POINT('',(-0.204342417536394,0.0528371638479057,0.04437));
#18559=CARTESIAN_POINT('',(-0.196850352241905,0.219325005723349,0.04437));
#18560=CARTESIAN_POINT('',(-0.19835,0.186,0.04437));
#18561=CARTESIAN_POINT('',(-0.216447431864336,0.217345671475545,0.04437));
#18562=CARTESIAN_POINT('',(-0.18185,0.22,-0.04437));
#18563=CARTESIAN_POINT('',(-0.201561543522423,0.221322229043006,-0.04437));
#18564=CARTESIAN_POINT('',(-0.20335,0.194660254037844,-0.04437));
#18565=CARTESIAN_POINT('',(-0.21185,0.067943842212799,-0.04437));
#18566=CARTESIAN_POINT('',(-0.208947431864335,0.204355290418778,-0.04437));
#18567=CARTESIAN_POINT('',(-0.19835,0.186,-0.04437));
#18568=CARTESIAN_POINT('',(-0.196789723196393,0.220672297630915,-0.04437));
#18569=CARTESIAN_POINT('',(-0.204342417536394,0.0528371638479057,-0.04437));
#18570=CARTESIAN_POINT('',(-0.19685,0.0524999999999999,-0.04437));
#18571=CARTESIAN_POINT('',(-0.189357582463606,0.0528371638479057,-0.04437));
#18572=CARTESIAN_POINT('',(-0.196849647758095,0.219325005723349,-0.04437));
#18573=CARTESIAN_POINT('',(-0.19535,0.186,-0.04437));
#18574=CARTESIAN_POINT('',(-0.177252568135664,0.217345671475545,-0.04437));
#18575=CARTESIAN_POINT('',(-0.19035,0.194660254037844,-0.04437));
#18576=CARTESIAN_POINT('',(-0.192004073700215,0.219318875706716,-0.04437));
#18577=CARTESIAN_POINT('',(-0.18185,0.067943842212799,-0.04437));
#18578=CARTESIAN_POINT('',(-0.18185,0.22,-0.04437));
#18579=CARTESIAN_POINT('',(-0.18185,0.03,-0.04437));
#18580=CARTESIAN_POINT('',(-0.18185,0.03,-0.04437));
#18581=CARTESIAN_POINT('',(-0.21185,0.03,-0.04437));
#18582=CARTESIAN_POINT('',(-0.21185,0.22,-0.04437));
#18583=CARTESIAN_POINT('',(-0.18185,0.22,-0.03437));
#18584=CARTESIAN_POINT('',(-0.18185,0.067943842212799,-0.03437));
#18585=CARTESIAN_POINT('',(-0.18185,0.0679438422127994,-0.03437));
#18586=CARTESIAN_POINT('',(-0.18185,0.22,-0.03437));
#18587=CARTESIAN_POINT('',(-0.18185,0.03,-0.03437));
#18588=CARTESIAN_POINT('',(-0.18185,0.03,-0.03437));
#18589=CARTESIAN_POINT('',(-0.21185,0.22,-0.03437));
#18590=CARTESIAN_POINT('',(-0.201695926299785,0.219318875706716,-0.03437));
#18591=CARTESIAN_POINT('',(-0.21185,0.067943842212799,-0.03437));
#18592=CARTESIAN_POINT('',(-0.20335,0.194660254037844,-0.03437));
#18593=CARTESIAN_POINT('',(-0.21185,0.22,-0.03437));
#18594=CARTESIAN_POINT('',(-0.21185,0.03,-0.03437));
#18595=CARTESIAN_POINT('',(-0.21185,0.03,-0.03437));
#18596=CARTESIAN_POINT('',(-0.192138456477577,0.221322229043006,-0.03437));
#18597=CARTESIAN_POINT('',(-0.19035,0.194660254037844,-0.03437));
#18598=CARTESIAN_POINT('',(-0.184752568135665,0.204355290418778,-0.03437));
#18599=CARTESIAN_POINT('',(-0.19535,0.186,-0.03437));
#18600=CARTESIAN_POINT('',(-0.196910276803607,0.220672297630915,-0.03437));
#18601=CARTESIAN_POINT('',(-0.189357582463606,0.0528371638479057,-0.03437));
#18602=CARTESIAN_POINT('',(-0.19685,0.0524999999999999,-0.03437));
#18603=CARTESIAN_POINT('',(-0.204342417536394,0.0528371638479057,-0.03437));
#18604=CARTESIAN_POINT('',(-0.196850352241905,0.219325005723349,-0.03437));
#18605=CARTESIAN_POINT('',(-0.19835,0.186,-0.03437));
#18606=CARTESIAN_POINT('',(-0.216447431864336,0.217345671475545,-0.03437));
#18607=CARTESIAN_POINT('',(-0.26059,0.22,0.03437));
#18608=CARTESIAN_POINT('',(-0.280301543522423,0.221322229043006,0.03437));
#18609=CARTESIAN_POINT('',(-0.28209,0.194660254037844,0.03437));
#18610=CARTESIAN_POINT('',(-0.29059,0.0679438422127995,0.03437));
#18611=CARTESIAN_POINT('',(-0.287687431864335,0.204355290418778,0.03437));
#18612=CARTESIAN_POINT('',(-0.27709,0.186,0.03437));
#18613=CARTESIAN_POINT('',(-0.275529723196394,0.220672297630915,0.03437));
#18614=CARTESIAN_POINT('',(-0.283082417536394,0.0528371638479057,0.03437));
#18615=CARTESIAN_POINT('',(-0.27559,0.0524999999999999,0.03437));
#18616=CARTESIAN_POINT('',(-0.268097582463606,0.0528371638479057,0.03437));
#18617=CARTESIAN_POINT('',(-0.275589647758095,0.219325005723349,0.03437));
#18618=CARTESIAN_POINT('',(-0.27409,0.186,0.03437));
#18619=CARTESIAN_POINT('',(-0.255992568135665,0.217345671475545,0.03437));
#18620=CARTESIAN_POINT('',(-0.26909,0.194660254037844,0.03437));
#18621=CARTESIAN_POINT('',(-0.270744073700215,0.219318875706716,0.03437));
#18622=CARTESIAN_POINT('',(-0.26059,0.0679438422127995,0.03437));
#18623=CARTESIAN_POINT('',(-0.26059,0.22,0.03437));
#18624=CARTESIAN_POINT('',(-0.26059,0.03,0.03437));
#18625=CARTESIAN_POINT('',(-0.26059,0.03,0.03437));
#18626=CARTESIAN_POINT('',(-0.29059,0.03,0.03437));
#18627=CARTESIAN_POINT('',(-0.29059,0.22,0.03437));
#18628=CARTESIAN_POINT('',(-0.26059,0.22,0.04437));
#18629=CARTESIAN_POINT('',(-0.26059,0.0679438422127995,0.04437));
#18630=CARTESIAN_POINT('',(-0.26059,0.0679438422127999,0.04437));
#18631=CARTESIAN_POINT('',(-0.26059,0.22,0.04437));
#18632=CARTESIAN_POINT('',(-0.26059,0.03,0.04437));
#18633=CARTESIAN_POINT('',(-0.26059,0.03,0.04437));
#18634=CARTESIAN_POINT('',(-0.29059,0.22,0.04437));
#18635=CARTESIAN_POINT('',(-0.280435926299785,0.219318875706716,0.04437));
#18636=CARTESIAN_POINT('',(-0.29059,0.0679438422127995,0.04437));
#18637=CARTESIAN_POINT('',(-0.28209,0.194660254037844,0.04437));
#18638=CARTESIAN_POINT('',(-0.29059,0.22,0.04437));
#18639=CARTESIAN_POINT('',(-0.29059,0.03,0.04437));
#18640=CARTESIAN_POINT('',(-0.29059,0.03,0.04437));
#18641=CARTESIAN_POINT('',(-0.270878456477577,0.221322229043006,0.04437));
#18642=CARTESIAN_POINT('',(-0.26909,0.194660254037844,0.04437));
#18643=CARTESIAN_POINT('',(-0.263492568135665,0.204355290418778,0.04437));
#18644=CARTESIAN_POINT('',(-0.27409,0.186,0.04437));
#18645=CARTESIAN_POINT('',(-0.275650276803606,0.220672297630915,0.04437));
#18646=CARTESIAN_POINT('',(-0.268097582463606,0.0528371638479057,0.04437));
#18647=CARTESIAN_POINT('',(-0.27559,0.0524999999999999,0.04437));
#18648=CARTESIAN_POINT('',(-0.283082417536394,0.0528371638479057,0.04437));
#18649=CARTESIAN_POINT('',(-0.275590352241905,0.219325005723349,0.04437));
#18650=CARTESIAN_POINT('',(-0.27709,0.186,0.04437));
#18651=CARTESIAN_POINT('',(-0.295187431864335,0.217345671475545,0.04437));
#18652=CARTESIAN_POINT('',(-0.26059,0.22,-0.04437));
#18653=CARTESIAN_POINT('',(-0.280301543522423,0.221322229043006,-0.04437));
#18654=CARTESIAN_POINT('',(-0.28209,0.194660254037844,-0.04437));
#18655=CARTESIAN_POINT('',(-0.29059,0.0679438422127995,-0.04437));
#18656=CARTESIAN_POINT('',(-0.287687431864335,0.204355290418778,-0.04437));
#18657=CARTESIAN_POINT('',(-0.27709,0.186,-0.04437));
#18658=CARTESIAN_POINT('',(-0.275529723196394,0.220672297630915,-0.04437));
#18659=CARTESIAN_POINT('',(-0.283082417536394,0.0528371638479057,-0.04437));
#18660=CARTESIAN_POINT('',(-0.27559,0.0524999999999999,-0.04437));
#18661=CARTESIAN_POINT('',(-0.268097582463606,0.0528371638479057,-0.04437));
#18662=CARTESIAN_POINT('',(-0.275589647758095,0.219325005723349,-0.04437));
#18663=CARTESIAN_POINT('',(-0.27409,0.186,-0.04437));
#18664=CARTESIAN_POINT('',(-0.255992568135665,0.217345671475545,-0.04437));
#18665=CARTESIAN_POINT('',(-0.26909,0.194660254037844,-0.04437));
#18666=CARTESIAN_POINT('',(-0.270744073700215,0.219318875706716,-0.04437));
#18667=CARTESIAN_POINT('',(-0.26059,0.0679438422127995,-0.04437));
#18668=CARTESIAN_POINT('',(-0.26059,0.22,-0.04437));
#18669=CARTESIAN_POINT('',(-0.26059,0.03,-0.04437));
#18670=CARTESIAN_POINT('',(-0.26059,0.03,-0.04437));
#18671=CARTESIAN_POINT('',(-0.29059,0.03,-0.04437));
#18672=CARTESIAN_POINT('',(-0.29059,0.22,-0.04437));
#18673=CARTESIAN_POINT('',(-0.26059,0.22,-0.03437));
#18674=CARTESIAN_POINT('',(-0.26059,0.0679438422127995,-0.03437));
#18675=CARTESIAN_POINT('',(-0.26059,0.0679438422127999,-0.03437));
#18676=CARTESIAN_POINT('',(-0.26059,0.22,-0.03437));
#18677=CARTESIAN_POINT('',(-0.26059,0.03,-0.03437));
#18678=CARTESIAN_POINT('',(-0.26059,0.03,-0.03437));
#18679=CARTESIAN_POINT('',(-0.29059,0.22,-0.03437));
#18680=CARTESIAN_POINT('',(-0.280435926299785,0.219318875706716,-0.03437));
#18681=CARTESIAN_POINT('',(-0.29059,0.0679438422127995,-0.03437));
#18682=CARTESIAN_POINT('',(-0.28209,0.194660254037844,-0.03437));
#18683=CARTESIAN_POINT('',(-0.29059,0.22,-0.03437));
#18684=CARTESIAN_POINT('',(-0.29059,0.03,-0.03437));
#18685=CARTESIAN_POINT('',(-0.29059,0.03,-0.03437));
#18686=CARTESIAN_POINT('',(-0.270878456477577,0.221322229043006,-0.03437));
#18687=CARTESIAN_POINT('',(-0.26909,0.194660254037844,-0.03437));
#18688=CARTESIAN_POINT('',(-0.263492568135665,0.204355290418778,-0.03437));
#18689=CARTESIAN_POINT('',(-0.27409,0.186,-0.03437));
#18690=CARTESIAN_POINT('',(-0.275650276803606,0.220672297630915,-0.03437));
#18691=CARTESIAN_POINT('',(-0.268097582463606,0.0528371638479057,-0.03437));
#18692=CARTESIAN_POINT('',(-0.27559,0.0524999999999999,-0.03437));
#18693=CARTESIAN_POINT('',(-0.283082417536394,0.0528371638479057,-0.03437));
#18694=CARTESIAN_POINT('',(-0.275590352241905,0.219325005723349,-0.03437));
#18695=CARTESIAN_POINT('',(-0.27709,0.186,-0.03437));
#18696=CARTESIAN_POINT('',(-0.295187431864335,0.217345671475545,-0.03437));
#18697=CARTESIAN_POINT('',(0.26059,0.22,0.03437));
#18698=CARTESIAN_POINT('',(0.26059,0.0679438422127994,0.03437));
#18699=CARTESIAN_POINT('',(0.26059,0.03,0.03437));
#18700=CARTESIAN_POINT('',(0.26059,0.22,-0.04437));
#18701=CARTESIAN_POINT('',(0.26059,0.0679438422127994,-0.04437));
#18702=CARTESIAN_POINT('',(0.26059,0.03,-0.04437));
#18703=CARTESIAN_POINT('',(0.18185,0.22,0.03437));
#18704=CARTESIAN_POINT('',(0.18185,0.067943842212799,0.03437));
#18705=CARTESIAN_POINT('',(0.18185,0.03,0.03437));
#18706=CARTESIAN_POINT('',(0.18185,0.22,-0.04437));
#18707=CARTESIAN_POINT('',(0.18185,0.067943842212799,-0.04437));
#18708=CARTESIAN_POINT('',(0.18185,0.03,-0.04437));
#18709=CARTESIAN_POINT('',(0.10311,0.22,0.03437));
#18710=CARTESIAN_POINT('',(0.10311,0.0679438422127998,0.03437));
#18711=CARTESIAN_POINT('',(0.10311,0.03,0.03437));
#18712=CARTESIAN_POINT('',(0.10311,0.22,-0.04437));
#18713=CARTESIAN_POINT('',(0.10311,0.0679438422127998,-0.04437));
#18714=CARTESIAN_POINT('',(0.10311,0.03,-0.04437));
#18715=CARTESIAN_POINT('',(0.02437,0.22,0.03437));
#18716=CARTESIAN_POINT('',(0.02437,0.0679438422127993,0.03437));
#18717=CARTESIAN_POINT('',(0.02437,0.03,0.03437));
#18718=CARTESIAN_POINT('',(0.02437,0.22,-0.04437));
#18719=CARTESIAN_POINT('',(0.02437,0.0679438422127993,-0.04437));
#18720=CARTESIAN_POINT('',(0.02437,0.03,-0.04437));
#18721=CARTESIAN_POINT('',(-0.05437,0.22,0.03437));
#18722=CARTESIAN_POINT('',(-0.05437,0.0679438422127993,0.03437));
#18723=CARTESIAN_POINT('',(-0.05437,0.03,0.03437));
#18724=CARTESIAN_POINT('',(-0.05437,0.22,-0.04437));
#18725=CARTESIAN_POINT('',(-0.05437,0.0679438422127993,-0.04437));
#18726=CARTESIAN_POINT('',(-0.05437,0.03,-0.04437));
#18727=CARTESIAN_POINT('',(-0.13311,0.22,0.03437));
#18728=CARTESIAN_POINT('',(-0.13311,0.0679438422127993,0.03437));
#18729=CARTESIAN_POINT('',(-0.13311,0.03,0.03437));
#18730=CARTESIAN_POINT('',(-0.13311,0.22,-0.04437));
#18731=CARTESIAN_POINT('',(-0.13311,0.0679438422127993,-0.04437));
#18732=CARTESIAN_POINT('',(-0.13311,0.03,-0.04437));
#18733=CARTESIAN_POINT('',(-0.21185,0.22,0.03437));
#18734=CARTESIAN_POINT('',(-0.21185,0.067943842212799,0.03437));
#18735=CARTESIAN_POINT('',(-0.21185,0.03,0.03437));
#18736=CARTESIAN_POINT('',(-0.21185,0.22,-0.04437));
#18737=CARTESIAN_POINT('',(-0.21185,0.067943842212799,-0.04437));
#18738=CARTESIAN_POINT('',(-0.21185,0.03,-0.04437));
#18739=CARTESIAN_POINT('',(-0.29059,0.22,0.03437));
#18740=CARTESIAN_POINT('',(-0.29059,0.0679438422127995,0.03437));
#18741=CARTESIAN_POINT('',(-0.29059,0.03,0.03437));
#18742=CARTESIAN_POINT('',(-0.29059,0.22,-0.04437));
#18743=CARTESIAN_POINT('',(-0.29059,0.0679438422127995,-0.04437));
#18744=CARTESIAN_POINT('',(-0.29059,0.03,-0.04437));
#18745=CARTESIAN_POINT('',(0.,0.03,0.));
#18746=CARTESIAN_POINT('',(-0.291625956250008,0.0525,0.1575));
#18747=CARTESIAN_POINT('',(-0.28209,0.194660254037844,0.1575));
#18748=CARTESIAN_POINT('',(-0.26909,0.194660254037844,0.1575));
#18749=CARTESIAN_POINT('',(-0.26909,0.194660254037844,0.1575));
#18750=CARTESIAN_POINT('',(-0.27409,0.186,0.1575));
#18751=CARTESIAN_POINT('',(-0.27409,0.186,0.1575));
#18752=CARTESIAN_POINT('',(-0.268097582463606,0.0528371638479057,0.1575));
#18753=CARTESIAN_POINT('',(-0.268097582463606,0.0528371638479057,0.1575));
#18754=CARTESIAN_POINT('',(-0.27559,0.0524999999999999,0.1575));
#18755=CARTESIAN_POINT('',(-0.283082417536394,0.0528371638479057,0.1575));
#18756=CARTESIAN_POINT('',(-0.27709,0.186,0.1575));
#18757=CARTESIAN_POINT('',(-0.27709,0.186,0.1575));
#18758=CARTESIAN_POINT('',(-0.28209,0.194660254037844,0.1575));
#18759=CARTESIAN_POINT('',(-0.291625956250008,0.0525,0.1575));
#18760=CARTESIAN_POINT('',(-0.28209,0.194660254037844,0.1575));
#18761=CARTESIAN_POINT('',(-0.26909,0.194660254037844,0.1575));
#18762=CARTESIAN_POINT('',(-0.26909,0.194660254037844,0.1575));
#18763=CARTESIAN_POINT('',(-0.27409,0.186,0.1575));
#18764=CARTESIAN_POINT('',(-0.27409,0.186,0.1575));
#18765=CARTESIAN_POINT('',(-0.268097582463606,0.0528371638479057,0.1575));
#18766=CARTESIAN_POINT('',(-0.268097582463606,0.0528371638479057,0.1575));
#18767=CARTESIAN_POINT('',(-0.27559,0.0524999999999999,0.1575));
#18768=CARTESIAN_POINT('',(-0.283082417536394,0.0528371638479057,0.1575));
#18769=CARTESIAN_POINT('',(-0.27709,0.186,0.1575));
#18770=CARTESIAN_POINT('',(-0.27709,0.186,0.1575));
#18771=CARTESIAN_POINT('',(-0.28209,0.194660254037844,0.1575));
#18772=CARTESIAN_POINT('',(-0.212885956250008,0.0525,0.1575));
#18773=CARTESIAN_POINT('',(-0.20335,0.194660254037844,0.1575));
#18774=CARTESIAN_POINT('',(-0.19035,0.194660254037844,0.1575));
#18775=CARTESIAN_POINT('',(-0.19035,0.194660254037844,0.1575));
#18776=CARTESIAN_POINT('',(-0.19535,0.186,0.1575));
#18777=CARTESIAN_POINT('',(-0.19535,0.186,0.1575));
#18778=CARTESIAN_POINT('',(-0.189357582463606,0.0528371638479057,0.1575));
#18779=CARTESIAN_POINT('',(-0.189357582463606,0.0528371638479057,0.1575));
#18780=CARTESIAN_POINT('',(-0.19685,0.0524999999999999,0.1575));
#18781=CARTESIAN_POINT('',(-0.204342417536394,0.0528371638479057,0.1575));
#18782=CARTESIAN_POINT('',(-0.19835,0.186,0.1575));
#18783=CARTESIAN_POINT('',(-0.19835,0.186,0.1575));
#18784=CARTESIAN_POINT('',(-0.20335,0.194660254037844,0.1575));
#18785=CARTESIAN_POINT('',(-0.212885956250008,0.0525,0.1575));
#18786=CARTESIAN_POINT('',(-0.20335,0.194660254037844,0.1575));
#18787=CARTESIAN_POINT('',(-0.19035,0.194660254037844,0.1575));
#18788=CARTESIAN_POINT('',(-0.19035,0.194660254037844,0.1575));
#18789=CARTESIAN_POINT('',(-0.19535,0.186,0.1575));
#18790=CARTESIAN_POINT('',(-0.19535,0.186,0.1575));
#18791=CARTESIAN_POINT('',(-0.189357582463606,0.0528371638479057,0.1575));
#18792=CARTESIAN_POINT('',(-0.189357582463606,0.0528371638479057,0.1575));
#18793=CARTESIAN_POINT('',(-0.19685,0.0524999999999999,0.1575));
#18794=CARTESIAN_POINT('',(-0.204342417536394,0.0528371638479057,0.1575));
#18795=CARTESIAN_POINT('',(-0.19835,0.186,0.1575));
#18796=CARTESIAN_POINT('',(-0.19835,0.186,0.1575));
#18797=CARTESIAN_POINT('',(-0.20335,0.194660254037844,0.1575));
#18798=CARTESIAN_POINT('',(-0.134145956250008,0.0525,0.1575));
#18799=CARTESIAN_POINT('',(-0.12461,0.194660254037844,0.1575));
#18800=CARTESIAN_POINT('',(-0.11161,0.194660254037844,0.1575));
#18801=CARTESIAN_POINT('',(-0.11161,0.194660254037844,0.1575));
#18802=CARTESIAN_POINT('',(-0.11661,0.186,0.1575));
#18803=CARTESIAN_POINT('',(-0.11661,0.186,0.1575));
#18804=CARTESIAN_POINT('',(-0.110617582463606,0.0528371638479057,0.1575));
#18805=CARTESIAN_POINT('',(-0.110617582463606,0.0528371638479057,0.1575));
#18806=CARTESIAN_POINT('',(-0.11811,0.0524999999999999,0.1575));
#18807=CARTESIAN_POINT('',(-0.125602417536394,0.0528371638479057,0.1575));
#18808=CARTESIAN_POINT('',(-0.11961,0.186,0.1575));
#18809=CARTESIAN_POINT('',(-0.11961,0.186,0.1575));
#18810=CARTESIAN_POINT('',(-0.12461,0.194660254037844,0.1575));
#18811=CARTESIAN_POINT('',(-0.134145956250008,0.0525,0.1575));
#18812=CARTESIAN_POINT('',(-0.12461,0.194660254037844,0.1575));
#18813=CARTESIAN_POINT('',(-0.11161,0.194660254037844,0.1575));
#18814=CARTESIAN_POINT('',(-0.11161,0.194660254037844,0.1575));
#18815=CARTESIAN_POINT('',(-0.11661,0.186,0.1575));
#18816=CARTESIAN_POINT('',(-0.11661,0.186,0.1575));
#18817=CARTESIAN_POINT('',(-0.110617582463606,0.0528371638479057,0.1575));
#18818=CARTESIAN_POINT('',(-0.110617582463606,0.0528371638479057,0.1575));
#18819=CARTESIAN_POINT('',(-0.11811,0.0524999999999999,0.1575));
#18820=CARTESIAN_POINT('',(-0.125602417536394,0.0528371638479057,0.1575));
#18821=CARTESIAN_POINT('',(-0.11961,0.186,0.1575));
#18822=CARTESIAN_POINT('',(-0.11961,0.186,0.1575));
#18823=CARTESIAN_POINT('',(-0.12461,0.194660254037844,0.1575));
#18824=CARTESIAN_POINT('',(-0.0554059562500084,0.0525,0.1575));
#18825=CARTESIAN_POINT('',(-0.04587,0.194660254037844,0.1575));
#18826=CARTESIAN_POINT('',(-0.03287,0.194660254037844,0.1575));
#18827=CARTESIAN_POINT('',(-0.03287,0.194660254037844,0.1575));
#18828=CARTESIAN_POINT('',(-0.03787,0.186,0.1575));
#18829=CARTESIAN_POINT('',(-0.03787,0.186,0.1575));
#18830=CARTESIAN_POINT('',(-0.0318775824636059,0.0528371638479057,0.1575));
#18831=CARTESIAN_POINT('',(-0.0318775824636059,0.0528371638479057,0.1575));
#18832=CARTESIAN_POINT('',(-0.03937,0.0524999999999999,0.1575));
#18833=CARTESIAN_POINT('',(-0.0468624175363941,0.0528371638479057,0.1575));
#18834=CARTESIAN_POINT('',(-0.04087,0.186,0.1575));
#18835=CARTESIAN_POINT('',(-0.04087,0.186,0.1575));
#18836=CARTESIAN_POINT('',(-0.04587,0.194660254037844,0.1575));
#18837=CARTESIAN_POINT('',(-0.0554059562500084,0.0525,0.1575));
#18838=CARTESIAN_POINT('',(-0.04587,0.194660254037844,0.1575));
#18839=CARTESIAN_POINT('',(-0.03287,0.194660254037844,0.1575));
#18840=CARTESIAN_POINT('',(-0.03287,0.194660254037844,0.1575));
#18841=CARTESIAN_POINT('',(-0.03787,0.186,0.1575));
#18842=CARTESIAN_POINT('',(-0.03787,0.186,0.1575));
#18843=CARTESIAN_POINT('',(-0.0318775824636059,0.0528371638479057,0.1575));
#18844=CARTESIAN_POINT('',(-0.0318775824636059,0.0528371638479057,0.1575));
#18845=CARTESIAN_POINT('',(-0.03937,0.0524999999999999,0.1575));
#18846=CARTESIAN_POINT('',(-0.0468624175363941,0.0528371638479057,0.1575));
#18847=CARTESIAN_POINT('',(-0.04087,0.186,0.1575));
#18848=CARTESIAN_POINT('',(-0.04087,0.186,0.1575));
#18849=CARTESIAN_POINT('',(-0.04587,0.194660254037844,0.1575));
#18850=CARTESIAN_POINT('',(0.0233340437499916,0.0525,0.1575));
#18851=CARTESIAN_POINT('',(0.03287,0.194660254037844,0.1575));
#18852=CARTESIAN_POINT('',(0.04587,0.194660254037844,0.1575));
#18853=CARTESIAN_POINT('',(0.04587,0.194660254037844,0.1575));
#18854=CARTESIAN_POINT('',(0.04087,0.186,0.1575));
#18855=CARTESIAN_POINT('',(0.04087,0.186,0.1575));
#18856=CARTESIAN_POINT('',(0.0468624175363941,0.0528371638479057,0.1575));
#18857=CARTESIAN_POINT('',(0.0468624175363941,0.0528371638479057,0.1575));
#18858=CARTESIAN_POINT('',(0.03937,0.0524999999999999,0.1575));
#18859=CARTESIAN_POINT('',(0.0318775824636059,0.0528371638479057,0.1575));
#18860=CARTESIAN_POINT('',(0.03787,0.186,0.1575));
#18861=CARTESIAN_POINT('',(0.03787,0.186,0.1575));
#18862=CARTESIAN_POINT('',(0.03287,0.194660254037844,0.1575));
#18863=CARTESIAN_POINT('',(0.0233340437499916,0.0525,0.1575));
#18864=CARTESIAN_POINT('',(0.03287,0.194660254037844,0.1575));
#18865=CARTESIAN_POINT('',(0.04587,0.194660254037844,0.1575));
#18866=CARTESIAN_POINT('',(0.04587,0.194660254037844,0.1575));
#18867=CARTESIAN_POINT('',(0.04087,0.186,0.1575));
#18868=CARTESIAN_POINT('',(0.04087,0.186,0.1575));
#18869=CARTESIAN_POINT('',(0.0468624175363941,0.0528371638479057,0.1575));
#18870=CARTESIAN_POINT('',(0.0468624175363941,0.0528371638479057,0.1575));
#18871=CARTESIAN_POINT('',(0.03937,0.0524999999999999,0.1575));
#18872=CARTESIAN_POINT('',(0.0318775824636059,0.0528371638479057,0.1575));
#18873=CARTESIAN_POINT('',(0.03787,0.186,0.1575));
#18874=CARTESIAN_POINT('',(0.03787,0.186,0.1575));
#18875=CARTESIAN_POINT('',(0.03287,0.194660254037844,0.1575));
#18876=CARTESIAN_POINT('',(0.102074043749992,0.0525,0.1575));
#18877=CARTESIAN_POINT('',(0.11161,0.194660254037844,0.1575));
#18878=CARTESIAN_POINT('',(0.12461,0.194660254037844,0.1575));
#18879=CARTESIAN_POINT('',(0.12461,0.194660254037844,0.1575));
#18880=CARTESIAN_POINT('',(0.11961,0.186,0.1575));
#18881=CARTESIAN_POINT('',(0.11961,0.186,0.1575));
#18882=CARTESIAN_POINT('',(0.125602417536394,0.0528371638479057,0.1575));
#18883=CARTESIAN_POINT('',(0.125602417536394,0.0528371638479057,0.1575));
#18884=CARTESIAN_POINT('',(0.11811,0.0524999999999999,0.1575));
#18885=CARTESIAN_POINT('',(0.110617582463606,0.0528371638479057,0.1575));
#18886=CARTESIAN_POINT('',(0.11661,0.186,0.1575));
#18887=CARTESIAN_POINT('',(0.11661,0.186,0.1575));
#18888=CARTESIAN_POINT('',(0.11161,0.194660254037844,0.1575));
#18889=CARTESIAN_POINT('',(0.102074043749992,0.0525,0.1575));
#18890=CARTESIAN_POINT('',(0.11161,0.194660254037844,0.1575));
#18891=CARTESIAN_POINT('',(0.12461,0.194660254037844,0.1575));
#18892=CARTESIAN_POINT('',(0.12461,0.194660254037844,0.1575));
#18893=CARTESIAN_POINT('',(0.11961,0.186,0.1575));
#18894=CARTESIAN_POINT('',(0.11961,0.186,0.1575));
#18895=CARTESIAN_POINT('',(0.125602417536394,0.0528371638479057,0.1575));
#18896=CARTESIAN_POINT('',(0.125602417536394,0.0528371638479057,0.1575));
#18897=CARTESIAN_POINT('',(0.11811,0.0524999999999999,0.1575));
#18898=CARTESIAN_POINT('',(0.110617582463606,0.0528371638479057,0.1575));
#18899=CARTESIAN_POINT('',(0.11661,0.186,0.1575));
#18900=CARTESIAN_POINT('',(0.11661,0.186,0.1575));
#18901=CARTESIAN_POINT('',(0.11161,0.194660254037844,0.1575));
#18902=CARTESIAN_POINT('',(0.180814043749992,0.0525,0.1575));
#18903=CARTESIAN_POINT('',(0.19035,0.194660254037844,0.1575));
#18904=CARTESIAN_POINT('',(0.20335,0.194660254037844,0.1575));
#18905=CARTESIAN_POINT('',(0.20335,0.194660254037844,0.1575));
#18906=CARTESIAN_POINT('',(0.19835,0.186,0.1575));
#18907=CARTESIAN_POINT('',(0.19835,0.186,0.1575));
#18908=CARTESIAN_POINT('',(0.204342417536394,0.0528371638479057,0.1575));
#18909=CARTESIAN_POINT('',(0.204342417536394,0.0528371638479057,0.1575));
#18910=CARTESIAN_POINT('',(0.19685,0.0524999999999999,0.1575));
#18911=CARTESIAN_POINT('',(0.189357582463606,0.0528371638479057,0.1575));
#18912=CARTESIAN_POINT('',(0.19535,0.186,0.1575));
#18913=CARTESIAN_POINT('',(0.19535,0.186,0.1575));
#18914=CARTESIAN_POINT('',(0.19035,0.194660254037844,0.1575));
#18915=CARTESIAN_POINT('',(0.180814043749992,0.0525,0.1575));
#18916=CARTESIAN_POINT('',(0.19035,0.194660254037844,0.1575));
#18917=CARTESIAN_POINT('',(0.20335,0.194660254037844,0.1575));
#18918=CARTESIAN_POINT('',(0.20335,0.194660254037844,0.1575));
#18919=CARTESIAN_POINT('',(0.19835,0.186,0.1575));
#18920=CARTESIAN_POINT('',(0.19835,0.186,0.1575));
#18921=CARTESIAN_POINT('',(0.204342417536394,0.0528371638479057,0.1575));
#18922=CARTESIAN_POINT('',(0.204342417536394,0.0528371638479057,0.1575));
#18923=CARTESIAN_POINT('',(0.19685,0.0524999999999999,0.1575));
#18924=CARTESIAN_POINT('',(0.189357582463606,0.0528371638479057,0.1575));
#18925=CARTESIAN_POINT('',(0.19535,0.186,0.1575));
#18926=CARTESIAN_POINT('',(0.19535,0.186,0.1575));
#18927=CARTESIAN_POINT('',(0.19035,0.194660254037844,0.1575));
#18928=CARTESIAN_POINT('',(0.259554043749992,0.0525,0.1575));
#18929=CARTESIAN_POINT('',(0.26909,0.194660254037844,0.1575));
#18930=CARTESIAN_POINT('',(0.28209,0.194660254037844,0.1575));
#18931=CARTESIAN_POINT('',(0.28209,0.194660254037844,0.1575));
#18932=CARTESIAN_POINT('',(0.27709,0.186,0.1575));
#18933=CARTESIAN_POINT('',(0.27709,0.186,0.1575));
#18934=CARTESIAN_POINT('',(0.283082417536394,0.0528371638479057,0.1575));
#18935=CARTESIAN_POINT('',(0.283082417536394,0.0528371638479057,0.1575));
#18936=CARTESIAN_POINT('',(0.27559,0.0524999999999999,0.1575));
#18937=CARTESIAN_POINT('',(0.268097582463606,0.0528371638479057,0.1575));
#18938=CARTESIAN_POINT('',(0.27409,0.186,0.1575));
#18939=CARTESIAN_POINT('',(0.27409,0.186,0.1575));
#18940=CARTESIAN_POINT('',(0.26909,0.194660254037844,0.1575));
#18941=CARTESIAN_POINT('',(0.26909,0.194660254037844,0.1575));
#18942=CARTESIAN_POINT('',(0.26909,0.194660254037844,0.1575));
#18943=CARTESIAN_POINT('',(0.27409,0.186,0.1575));
#18944=CARTESIAN_POINT('',(0.27409,0.186,0.1575));
#18945=CARTESIAN_POINT('',(0.268097582463606,0.0528371638479057,0.1575));
#18946=CARTESIAN_POINT('',(0.27559,0.0524999999999999,0.1575));
#18947=CARTESIAN_POINT('',(0.283082417536394,0.0528371638479057,0.1575));
#18948=CARTESIAN_POINT('',(0.283082417536394,0.0528371638479057,0.1575));
#18949=CARTESIAN_POINT('',(0.27709,0.186,0.1575));
#18950=CARTESIAN_POINT('',(0.27709,0.186,0.1575));
#18951=CARTESIAN_POINT('',(0.28209,0.194660254037844,0.1575));
#18952=CARTESIAN_POINT('',(0.28209,0.194660254037844,0.1575));
#18953=CARTESIAN_POINT('',(0.259554043749992,0.0525,0.1575));
#18954=CARTESIAN_POINT('',(0.62992,0.0269999999999992,-3.21));
#18955=CARTESIAN_POINT('',(0.,0.,0.));
#18956=CARTESIAN_POINT('',(0.64162,0.01,-0.06375));
#18957=CARTESIAN_POINT('',(0.64162,0.01,0.06375));
#18958=CARTESIAN_POINT('',(0.64162,0.01,0.06375));
#18959=CARTESIAN_POINT('',(0.61662,0.01,0.06375));
#18960=CARTESIAN_POINT('',(0.61662,0.01,0.07875));
#18961=CARTESIAN_POINT('',(0.61662,0.01,0.07875));
#18962=CARTESIAN_POINT('',(0.61662,0.01,0.07875));
#18963=CARTESIAN_POINT('',(0.57618,0.01,0.07875));
#18964=CARTESIAN_POINT('',(0.57618,0.01,0.07875));
#18965=CARTESIAN_POINT('',(0.57618,0.01,0.06375));
#18966=CARTESIAN_POINT('',(0.64162,0.01,0.06375));
#18967=CARTESIAN_POINT('',(0.53788,0.01,0.06375));
#18968=CARTESIAN_POINT('',(0.53788,0.01,0.07875));
#18969=CARTESIAN_POINT('',(0.53788,0.01,0.07875));
#18970=CARTESIAN_POINT('',(0.53788,0.01,0.07875));
#18971=CARTESIAN_POINT('',(0.49744,0.01,0.07875));
#18972=CARTESIAN_POINT('',(0.49744,0.01,0.07875));
#18973=CARTESIAN_POINT('',(0.49744,0.01,0.06375));
#18974=CARTESIAN_POINT('',(0.64162,0.01,0.06375));
#18975=CARTESIAN_POINT('',(0.45914,0.01,0.06375));
#18976=CARTESIAN_POINT('',(0.45914,0.01,0.07875));
#18977=CARTESIAN_POINT('',(0.45914,0.01,0.07875));
#18978=CARTESIAN_POINT('',(0.45914,0.01,0.07875));
#18979=CARTESIAN_POINT('',(0.4187,0.01,0.07875));
#18980=CARTESIAN_POINT('',(0.4187,0.01,0.07875));
#18981=CARTESIAN_POINT('',(0.4187,0.01,0.06375));
#18982=CARTESIAN_POINT('',(0.64162,0.01,0.06375));
#18983=CARTESIAN_POINT('',(0.3804,0.01,0.06375));
#18984=CARTESIAN_POINT('',(0.3804,0.01,0.07875));
#18985=CARTESIAN_POINT('',(0.3804,0.01,0.07875));
#18986=CARTESIAN_POINT('',(0.3804,0.01,0.07875));
#18987=CARTESIAN_POINT('',(0.33996,0.01,0.07875));
#18988=CARTESIAN_POINT('',(0.33996,0.01,0.07875));
#18989=CARTESIAN_POINT('',(0.33996,0.01,0.06375));
#18990=CARTESIAN_POINT('',(0.64162,0.01,0.06375));
#18991=CARTESIAN_POINT('',(0.30166,0.01,0.06375));
#18992=CARTESIAN_POINT('',(0.30166,0.01,0.07875));
#18993=CARTESIAN_POINT('',(0.30166,0.01,0.07875));
#18994=CARTESIAN_POINT('',(0.30166,0.01,0.07875));
#18995=CARTESIAN_POINT('',(0.26122,0.01,0.07875));
#18996=CARTESIAN_POINT('',(0.26122,0.01,0.07875));
#18997=CARTESIAN_POINT('',(0.26122,0.01,0.06375));
#18998=CARTESIAN_POINT('',(0.64162,0.01,0.06375));
#18999=CARTESIAN_POINT('',(0.22292,0.01,0.06375));
#19000=CARTESIAN_POINT('',(0.22292,0.01,0.07875));
#19001=CARTESIAN_POINT('',(0.22292,0.01,0.07875));
#19002=CARTESIAN_POINT('',(0.22292,0.01,0.07875));
#19003=CARTESIAN_POINT('',(0.18248,0.01,0.07875));
#19004=CARTESIAN_POINT('',(0.18248,0.01,0.07875));
#19005=CARTESIAN_POINT('',(0.18248,0.01,0.06375));
#19006=CARTESIAN_POINT('',(0.64162,0.01,0.06375));
#19007=CARTESIAN_POINT('',(0.14418,0.01,0.06375));
#19008=CARTESIAN_POINT('',(0.14418,0.01,0.07875));
#19009=CARTESIAN_POINT('',(0.14418,0.01,0.07875));
#19010=CARTESIAN_POINT('',(0.14418,0.01,0.07875));
#19011=CARTESIAN_POINT('',(0.10374,0.01,0.07875));
#19012=CARTESIAN_POINT('',(0.10374,0.01,0.07875));
#19013=CARTESIAN_POINT('',(0.10374,0.01,0.06375));
#19014=CARTESIAN_POINT('',(0.64162,0.01,0.06375));
#19015=CARTESIAN_POINT('',(0.06544,0.01,0.06375));
#19016=CARTESIAN_POINT('',(0.06544,0.01,0.07875));
#19017=CARTESIAN_POINT('',(0.06544,0.01,0.07875));
#19018=CARTESIAN_POINT('',(0.06544,0.01,0.07875));
#19019=CARTESIAN_POINT('',(0.025,0.01,0.07875));
#19020=CARTESIAN_POINT('',(0.025,0.01,0.07875));
#19021=CARTESIAN_POINT('',(0.025,0.01,0.06375));
#19022=CARTESIAN_POINT('',(0.64162,0.01,0.06375));
#19023=CARTESIAN_POINT('',(0.,0.01,0.06375));
#19024=CARTESIAN_POINT('',(0.,0.01,-0.06375));
#19025=CARTESIAN_POINT('',(0.,0.01,-0.06375));
#19026=CARTESIAN_POINT('',(0.64162,0.01,-0.06375));
#19027=CARTESIAN_POINT('',(0.025,0.01,-0.06375));
#19028=CARTESIAN_POINT('',(0.025,0.01,0.07875));
#19029=CARTESIAN_POINT('',(0.025,0.01,-0.07875));
#19030=CARTESIAN_POINT('',(0.06544,0.01,-0.07875));
#19031=CARTESIAN_POINT('',(0.06544,0.01,-0.07875));
#19032=CARTESIAN_POINT('',(0.06544,0.01,0.07875));
#19033=CARTESIAN_POINT('',(0.06544,0.01,-0.06375));
#19034=CARTESIAN_POINT('',(0.64162,0.01,-0.06375));
#19035=CARTESIAN_POINT('',(0.10374,0.01,-0.06375));
#19036=CARTESIAN_POINT('',(0.10374,0.01,0.07875));
#19037=CARTESIAN_POINT('',(0.10374,0.01,-0.07875));
#19038=CARTESIAN_POINT('',(0.14418,0.01,-0.07875));
#19039=CARTESIAN_POINT('',(0.14418,0.01,-0.07875));
#19040=CARTESIAN_POINT('',(0.14418,0.01,0.07875));
#19041=CARTESIAN_POINT('',(0.14418,0.01,-0.06375));
#19042=CARTESIAN_POINT('',(0.64162,0.01,-0.06375));
#19043=CARTESIAN_POINT('',(0.18248,0.01,-0.06375));
#19044=CARTESIAN_POINT('',(0.18248,0.01,0.07875));
#19045=CARTESIAN_POINT('',(0.18248,0.01,-0.07875));
#19046=CARTESIAN_POINT('',(0.22292,0.01,-0.07875));
#19047=CARTESIAN_POINT('',(0.22292,0.01,-0.07875));
#19048=CARTESIAN_POINT('',(0.22292,0.01,0.07875));
#19049=CARTESIAN_POINT('',(0.22292,0.01,-0.06375));
#19050=CARTESIAN_POINT('',(0.64162,0.01,-0.06375));
#19051=CARTESIAN_POINT('',(0.26122,0.01,-0.06375));
#19052=CARTESIAN_POINT('',(0.26122,0.01,0.07875));
#19053=CARTESIAN_POINT('',(0.26122,0.01,-0.07875));
#19054=CARTESIAN_POINT('',(0.30166,0.01,-0.07875));
#19055=CARTESIAN_POINT('',(0.30166,0.01,-0.07875));
#19056=CARTESIAN_POINT('',(0.30166,0.01,0.07875));
#19057=CARTESIAN_POINT('',(0.30166,0.01,-0.06375));
#19058=CARTESIAN_POINT('',(0.64162,0.01,-0.06375));
#19059=CARTESIAN_POINT('',(0.33996,0.01,-0.06375));
#19060=CARTESIAN_POINT('',(0.33996,0.01,0.07875));
#19061=CARTESIAN_POINT('',(0.33996,0.01,-0.07875));
#19062=CARTESIAN_POINT('',(0.3804,0.01,-0.07875));
#19063=CARTESIAN_POINT('',(0.3804,0.01,-0.07875));
#19064=CARTESIAN_POINT('',(0.3804,0.01,0.07875));
#19065=CARTESIAN_POINT('',(0.3804,0.01,-0.06375));
#19066=CARTESIAN_POINT('',(0.64162,0.01,-0.06375));
#19067=CARTESIAN_POINT('',(0.4187,0.01,-0.06375));
#19068=CARTESIAN_POINT('',(0.4187,0.01,0.07875));
#19069=CARTESIAN_POINT('',(0.4187,0.01,-0.07875));
#19070=CARTESIAN_POINT('',(0.45914,0.01,-0.07875));
#19071=CARTESIAN_POINT('',(0.45914,0.01,-0.07875));
#19072=CARTESIAN_POINT('',(0.45914,0.01,0.07875));
#19073=CARTESIAN_POINT('',(0.45914,0.01,-0.06375));
#19074=CARTESIAN_POINT('',(0.64162,0.01,-0.06375));
#19075=CARTESIAN_POINT('',(0.49744,0.01,-0.06375));
#19076=CARTESIAN_POINT('',(0.49744,0.01,0.07875));
#19077=CARTESIAN_POINT('',(0.49744,0.01,-0.07875));
#19078=CARTESIAN_POINT('',(0.53788,0.01,-0.07875));
#19079=CARTESIAN_POINT('',(0.53788,0.01,-0.07875));
#19080=CARTESIAN_POINT('',(0.53788,0.01,0.07875));
#19081=CARTESIAN_POINT('',(0.53788,0.01,-0.06375));
#19082=CARTESIAN_POINT('',(0.64162,0.01,-0.06375));
#19083=CARTESIAN_POINT('',(0.57618,0.01,-0.06375));
#19084=CARTESIAN_POINT('',(0.57618,0.01,0.07875));
#19085=CARTESIAN_POINT('',(0.57618,0.01,-0.07875));
#19086=CARTESIAN_POINT('',(0.61662,0.01,-0.07875));
#19087=CARTESIAN_POINT('',(0.61662,0.01,-0.07875));
#19088=CARTESIAN_POINT('',(0.61662,0.01,0.07875));
#19089=CARTESIAN_POINT('',(0.61662,0.01,-0.06375));
#19090=CARTESIAN_POINT('',(0.64162,0.01,-0.06375));
#19091=CARTESIAN_POINT('',(0.64162,0.01,-0.06375));
#19092=CARTESIAN_POINT('',(0.64162,0.01,-0.06375));
#19093=CARTESIAN_POINT('',(0.0550699999999999,0.01,-0.06375));
#19094=CARTESIAN_POINT('',(0.05507,0.01,0.04922));
#19095=CARTESIAN_POINT('',(0.0550699999999999,0.01,0.02952));
#19096=CARTESIAN_POINT('',(0.64162,0.01,0.02952));
#19097=CARTESIAN_POINT('',(0.03537,0.01,0.02952));
#19098=CARTESIAN_POINT('',(0.0353699999999999,0.01,-0.06375));
#19099=CARTESIAN_POINT('',(0.03537,0.01,0.04922));
#19100=CARTESIAN_POINT('',(0.64162,0.01,0.04922));
#19101=CARTESIAN_POINT('',(0.60625,0.01,-0.06375));
#19102=CARTESIAN_POINT('',(0.60625,0.01,-0.02952));
#19103=CARTESIAN_POINT('',(0.60625,0.01,-0.04922));
#19104=CARTESIAN_POINT('',(0.64162,0.01,-0.04922));
#19105=CARTESIAN_POINT('',(0.58655,0.01,-0.04922));
#19106=CARTESIAN_POINT('',(0.58655,0.01,-0.06375));
#19107=CARTESIAN_POINT('',(0.58655,0.01,-0.02952));
#19108=CARTESIAN_POINT('',(0.64162,0.01,-0.02952));
#19109=CARTESIAN_POINT('',(0.60625,0.01,-0.06375));
#19110=CARTESIAN_POINT('',(0.60625,0.01,0.04922));
#19111=CARTESIAN_POINT('',(0.60625,0.01,0.02952));
#19112=CARTESIAN_POINT('',(0.64162,0.01,0.02952));
#19113=CARTESIAN_POINT('',(0.58655,0.01,0.02952));
#19114=CARTESIAN_POINT('',(0.58655,0.01,-0.06375));
#19115=CARTESIAN_POINT('',(0.58655,0.01,0.04922));
#19116=CARTESIAN_POINT('',(0.64162,0.01,0.04922));
#19117=CARTESIAN_POINT('',(0.52751,0.01,-0.06375));
#19118=CARTESIAN_POINT('',(0.52751,0.01,-0.02952));
#19119=CARTESIAN_POINT('',(0.52751,0.01,-0.04922));
#19120=CARTESIAN_POINT('',(0.64162,0.01,-0.04922));
#19121=CARTESIAN_POINT('',(0.50781,0.01,-0.04922));
#19122=CARTESIAN_POINT('',(0.50781,0.01,-0.06375));
#19123=CARTESIAN_POINT('',(0.50781,0.01,-0.02952));
#19124=CARTESIAN_POINT('',(0.64162,0.01,-0.02952));
#19125=CARTESIAN_POINT('',(0.52751,0.01,-0.06375));
#19126=CARTESIAN_POINT('',(0.52751,0.01,0.04922));
#19127=CARTESIAN_POINT('',(0.52751,0.01,0.02952));
#19128=CARTESIAN_POINT('',(0.64162,0.01,0.02952));
#19129=CARTESIAN_POINT('',(0.50781,0.01,0.02952));
#19130=CARTESIAN_POINT('',(0.50781,0.01,-0.06375));
#19131=CARTESIAN_POINT('',(0.50781,0.01,0.04922));
#19132=CARTESIAN_POINT('',(0.64162,0.01,0.04922));
#19133=CARTESIAN_POINT('',(0.44877,0.01,-0.06375));
#19134=CARTESIAN_POINT('',(0.44877,0.01,-0.02952));
#19135=CARTESIAN_POINT('',(0.44877,0.01,-0.04922));
#19136=CARTESIAN_POINT('',(0.64162,0.01,-0.04922));
#19137=CARTESIAN_POINT('',(0.42907,0.01,-0.04922));
#19138=CARTESIAN_POINT('',(0.42907,0.01,-0.06375));
#19139=CARTESIAN_POINT('',(0.42907,0.01,-0.02952));
#19140=CARTESIAN_POINT('',(0.64162,0.01,-0.02952));
#19141=CARTESIAN_POINT('',(0.44877,0.01,-0.06375));
#19142=CARTESIAN_POINT('',(0.44877,0.01,0.04922));
#19143=CARTESIAN_POINT('',(0.44877,0.01,0.02952));
#19144=CARTESIAN_POINT('',(0.64162,0.01,0.02952));
#19145=CARTESIAN_POINT('',(0.42907,0.01,0.02952));
#19146=CARTESIAN_POINT('',(0.42907,0.01,-0.06375));
#19147=CARTESIAN_POINT('',(0.42907,0.01,0.04922));
#19148=CARTESIAN_POINT('',(0.64162,0.01,0.04922));
#19149=CARTESIAN_POINT('',(0.37003,0.01,-0.06375));
#19150=CARTESIAN_POINT('',(0.37003,0.01,-0.02952));
#19151=CARTESIAN_POINT('',(0.37003,0.01,-0.04922));
#19152=CARTESIAN_POINT('',(0.64162,0.01,-0.04922));
#19153=CARTESIAN_POINT('',(0.35033,0.01,-0.04922));
#19154=CARTESIAN_POINT('',(0.35033,0.01,-0.06375));
#19155=CARTESIAN_POINT('',(0.35033,0.01,-0.02952));
#19156=CARTESIAN_POINT('',(0.64162,0.01,-0.02952));
#19157=CARTESIAN_POINT('',(0.37003,0.01,-0.06375));
#19158=CARTESIAN_POINT('',(0.37003,0.01,0.04922));
#19159=CARTESIAN_POINT('',(0.37003,0.01,0.02952));
#19160=CARTESIAN_POINT('',(0.64162,0.01,0.02952));
#19161=CARTESIAN_POINT('',(0.35033,0.01,0.02952));
#19162=CARTESIAN_POINT('',(0.35033,0.01,-0.06375));
#19163=CARTESIAN_POINT('',(0.35033,0.01,0.04922));
#19164=CARTESIAN_POINT('',(0.64162,0.01,0.04922));
#19165=CARTESIAN_POINT('',(0.29129,0.01,-0.06375));
#19166=CARTESIAN_POINT('',(0.29129,0.01,-0.02952));
#19167=CARTESIAN_POINT('',(0.29129,0.01,-0.04922));
#19168=CARTESIAN_POINT('',(0.64162,0.01,-0.04922));
#19169=CARTESIAN_POINT('',(0.27159,0.01,-0.04922));
#19170=CARTESIAN_POINT('',(0.27159,0.01,-0.06375));
#19171=CARTESIAN_POINT('',(0.27159,0.01,-0.02952));
#19172=CARTESIAN_POINT('',(0.64162,0.01,-0.02952));
#19173=CARTESIAN_POINT('',(0.29129,0.01,-0.06375));
#19174=CARTESIAN_POINT('',(0.29129,0.01,0.04922));
#19175=CARTESIAN_POINT('',(0.29129,0.01,0.02952));
#19176=CARTESIAN_POINT('',(0.64162,0.01,0.02952));
#19177=CARTESIAN_POINT('',(0.27159,0.01,0.02952));
#19178=CARTESIAN_POINT('',(0.27159,0.01,-0.06375));
#19179=CARTESIAN_POINT('',(0.27159,0.01,0.04922));
#19180=CARTESIAN_POINT('',(0.64162,0.01,0.04922));
#19181=CARTESIAN_POINT('',(0.21255,0.01,-0.06375));
#19182=CARTESIAN_POINT('',(0.21255,0.01,-0.02952));
#19183=CARTESIAN_POINT('',(0.21255,0.01,-0.04922));
#19184=CARTESIAN_POINT('',(0.64162,0.01,-0.04922));
#19185=CARTESIAN_POINT('',(0.19285,0.01,-0.04922));
#19186=CARTESIAN_POINT('',(0.19285,0.01,-0.06375));
#19187=CARTESIAN_POINT('',(0.19285,0.01,-0.02952));
#19188=CARTESIAN_POINT('',(0.64162,0.01,-0.02952));
#19189=CARTESIAN_POINT('',(0.21255,0.01,-0.06375));
#19190=CARTESIAN_POINT('',(0.21255,0.01,0.04922));
#19191=CARTESIAN_POINT('',(0.21255,0.01,0.02952));
#19192=CARTESIAN_POINT('',(0.64162,0.01,0.02952));
#19193=CARTESIAN_POINT('',(0.19285,0.01,0.02952));
#19194=CARTESIAN_POINT('',(0.19285,0.01,-0.06375));
#19195=CARTESIAN_POINT('',(0.19285,0.01,0.04922));
#19196=CARTESIAN_POINT('',(0.64162,0.01,0.04922));
#19197=CARTESIAN_POINT('',(0.13381,0.01,-0.06375));
#19198=CARTESIAN_POINT('',(0.13381,0.01,-0.02952));
#19199=CARTESIAN_POINT('',(0.13381,0.01,-0.04922));
#19200=CARTESIAN_POINT('',(0.64162,0.01,-0.04922));
#19201=CARTESIAN_POINT('',(0.11411,0.01,-0.04922));
#19202=CARTESIAN_POINT('',(0.11411,0.01,-0.06375));
#19203=CARTESIAN_POINT('',(0.11411,0.01,-0.02952));
#19204=CARTESIAN_POINT('',(0.64162,0.01,-0.02952));
#19205=CARTESIAN_POINT('',(0.13381,0.01,-0.06375));
#19206=CARTESIAN_POINT('',(0.13381,0.01,0.04922));
#19207=CARTESIAN_POINT('',(0.13381,0.01,0.02952));
#19208=CARTESIAN_POINT('',(0.64162,0.01,0.02952));
#19209=CARTESIAN_POINT('',(0.11411,0.01,0.02952));
#19210=CARTESIAN_POINT('',(0.11411,0.01,-0.06375));
#19211=CARTESIAN_POINT('',(0.11411,0.01,0.04922));
#19212=CARTESIAN_POINT('',(0.64162,0.01,0.04922));
#19213=CARTESIAN_POINT('',(0.0550699999999999,0.01,-0.06375));
#19214=CARTESIAN_POINT('',(0.05507,0.01,-0.02952));
#19215=CARTESIAN_POINT('',(0.0550699999999999,0.01,-0.04922));
#19216=CARTESIAN_POINT('',(0.64162,0.01,-0.04922));
#19217=CARTESIAN_POINT('',(0.03537,0.01,-0.04922));
#19218=CARTESIAN_POINT('',(0.0353699999999999,0.01,-0.06375));
#19219=CARTESIAN_POINT('',(0.03537,0.01,-0.02952));
#19220=CARTESIAN_POINT('',(0.64162,0.01,-0.02952));
#19221=CARTESIAN_POINT('',(0.06544,0.059,0.07875));
#19222=CARTESIAN_POINT('',(0.05507,0.059,0.02952));
#19223=CARTESIAN_POINT('',(0.05507,0.059,0.02952));
#19224=CARTESIAN_POINT('',(0.03537,0.059,0.02952));
#19225=CARTESIAN_POINT('',(0.05507,0.059,0.04922));
#19226=CARTESIAN_POINT('',(0.05507,0.059,0.04922));
#19227=CARTESIAN_POINT('',(0.03537,0.059,0.04922));
#19228=CARTESIAN_POINT('',(0.03537,0.059,0.04922));
#19229=CARTESIAN_POINT('',(0.03537,0.059,0.02952));
#19230=CARTESIAN_POINT('',(0.06544,0.059,-0.07875));
#19231=CARTESIAN_POINT('',(0.06544,0.059,-0.07875));
#19232=CARTESIAN_POINT('',(0.025,0.059,-0.07875));
#19233=CARTESIAN_POINT('',(0.025,0.059,0.07875));
#19234=CARTESIAN_POINT('',(0.025,0.059,0.07875));
#19235=CARTESIAN_POINT('',(0.06544,0.059,0.07875));
#19236=CARTESIAN_POINT('',(0.06544,0.059,0.07875));
#19237=CARTESIAN_POINT('',(0.06544,0.059,0.07875));
#19238=CARTESIAN_POINT('',(0.05507,0.059,-0.04922));
#19239=CARTESIAN_POINT('',(0.05507,0.059,-0.04922));
#19240=CARTESIAN_POINT('',(0.03537,0.059,-0.04922));
#19241=CARTESIAN_POINT('',(0.05507,0.059,-0.02952));
#19242=CARTESIAN_POINT('',(0.05507,0.059,-0.02952));
#19243=CARTESIAN_POINT('',(0.03537,0.059,-0.02952));
#19244=CARTESIAN_POINT('',(0.03537,0.059,-0.02952));
#19245=CARTESIAN_POINT('',(0.03537,0.059,-0.04922));
#19246=CARTESIAN_POINT('',(0.61662,0.059,0.07875));
#19247=CARTESIAN_POINT('',(0.60625,0.059,-0.04922));
#19248=CARTESIAN_POINT('',(0.60625,0.059,-0.04922));
#19249=CARTESIAN_POINT('',(0.58655,0.059,-0.04922));
#19250=CARTESIAN_POINT('',(0.60625,0.059,-0.02952));
#19251=CARTESIAN_POINT('',(0.60625,0.059,-0.02952));
#19252=CARTESIAN_POINT('',(0.58655,0.059,-0.02952));
#19253=CARTESIAN_POINT('',(0.58655,0.059,-0.02952));
#19254=CARTESIAN_POINT('',(0.58655,0.059,-0.04922));
#19255=CARTESIAN_POINT('',(0.61662,0.059,-0.07875));
#19256=CARTESIAN_POINT('',(0.61662,0.059,-0.07875));
#19257=CARTESIAN_POINT('',(0.57618,0.059,-0.07875));
#19258=CARTESIAN_POINT('',(0.57618,0.059,0.07875));
#19259=CARTESIAN_POINT('',(0.57618,0.059,0.07875));
#19260=CARTESIAN_POINT('',(0.61662,0.059,0.07875));
#19261=CARTESIAN_POINT('',(0.61662,0.059,0.07875));
#19262=CARTESIAN_POINT('',(0.61662,0.059,0.07875));
#19263=CARTESIAN_POINT('',(0.60625,0.059,0.02952));
#19264=CARTESIAN_POINT('',(0.60625,0.059,0.02952));
#19265=CARTESIAN_POINT('',(0.58655,0.059,0.02952));
#19266=CARTESIAN_POINT('',(0.60625,0.059,0.04922));
#19267=CARTESIAN_POINT('',(0.60625,0.059,0.04922));
#19268=CARTESIAN_POINT('',(0.58655,0.059,0.04922));
#19269=CARTESIAN_POINT('',(0.58655,0.059,0.04922));
#19270=CARTESIAN_POINT('',(0.58655,0.059,0.02952));
#19271=CARTESIAN_POINT('',(0.53788,0.059,0.07875));
#19272=CARTESIAN_POINT('',(0.52751,0.059,-0.04922));
#19273=CARTESIAN_POINT('',(0.52751,0.059,-0.04922));
#19274=CARTESIAN_POINT('',(0.50781,0.059,-0.04922));
#19275=CARTESIAN_POINT('',(0.52751,0.059,-0.02952));
#19276=CARTESIAN_POINT('',(0.52751,0.059,-0.02952));
#19277=CARTESIAN_POINT('',(0.50781,0.059,-0.02952));
#19278=CARTESIAN_POINT('',(0.50781,0.059,-0.02952));
#19279=CARTESIAN_POINT('',(0.50781,0.059,-0.04922));
#19280=CARTESIAN_POINT('',(0.53788,0.059,-0.07875));
#19281=CARTESIAN_POINT('',(0.53788,0.059,-0.07875));
#19282=CARTESIAN_POINT('',(0.49744,0.059,-0.07875));
#19283=CARTESIAN_POINT('',(0.49744,0.059,0.07875));
#19284=CARTESIAN_POINT('',(0.49744,0.059,0.07875));
#19285=CARTESIAN_POINT('',(0.53788,0.059,0.07875));
#19286=CARTESIAN_POINT('',(0.53788,0.059,0.07875));
#19287=CARTESIAN_POINT('',(0.53788,0.059,0.07875));
#19288=CARTESIAN_POINT('',(0.52751,0.059,0.02952));
#19289=CARTESIAN_POINT('',(0.52751,0.059,0.02952));
#19290=CARTESIAN_POINT('',(0.50781,0.059,0.02952));
#19291=CARTESIAN_POINT('',(0.52751,0.059,0.04922));
#19292=CARTESIAN_POINT('',(0.52751,0.059,0.04922));
#19293=CARTESIAN_POINT('',(0.50781,0.059,0.04922));
#19294=CARTESIAN_POINT('',(0.50781,0.059,0.04922));
#19295=CARTESIAN_POINT('',(0.50781,0.059,0.02952));
#19296=CARTESIAN_POINT('',(0.45914,0.059,0.07875));
#19297=CARTESIAN_POINT('',(0.44877,0.059,-0.04922));
#19298=CARTESIAN_POINT('',(0.44877,0.059,-0.04922));
#19299=CARTESIAN_POINT('',(0.42907,0.059,-0.04922));
#19300=CARTESIAN_POINT('',(0.44877,0.059,-0.02952));
#19301=CARTESIAN_POINT('',(0.44877,0.059,-0.02952));
#19302=CARTESIAN_POINT('',(0.42907,0.059,-0.02952));
#19303=CARTESIAN_POINT('',(0.42907,0.059,-0.02952));
#19304=CARTESIAN_POINT('',(0.42907,0.059,-0.04922));
#19305=CARTESIAN_POINT('',(0.45914,0.059,-0.07875));
#19306=CARTESIAN_POINT('',(0.45914,0.059,-0.07875));
#19307=CARTESIAN_POINT('',(0.4187,0.059,-0.07875));
#19308=CARTESIAN_POINT('',(0.4187,0.059,0.07875));
#19309=CARTESIAN_POINT('',(0.4187,0.059,0.07875));
#19310=CARTESIAN_POINT('',(0.45914,0.059,0.07875));
#19311=CARTESIAN_POINT('',(0.45914,0.059,0.07875));
#19312=CARTESIAN_POINT('',(0.45914,0.059,0.07875));
#19313=CARTESIAN_POINT('',(0.44877,0.059,0.02952));
#19314=CARTESIAN_POINT('',(0.44877,0.059,0.02952));
#19315=CARTESIAN_POINT('',(0.42907,0.059,0.02952));
#19316=CARTESIAN_POINT('',(0.44877,0.059,0.04922));
#19317=CARTESIAN_POINT('',(0.44877,0.059,0.04922));
#19318=CARTESIAN_POINT('',(0.42907,0.059,0.04922));
#19319=CARTESIAN_POINT('',(0.42907,0.059,0.04922));
#19320=CARTESIAN_POINT('',(0.42907,0.059,0.02952));
#19321=CARTESIAN_POINT('',(0.3804,0.059,0.07875));
#19322=CARTESIAN_POINT('',(0.37003,0.059,-0.04922));
#19323=CARTESIAN_POINT('',(0.37003,0.059,-0.04922));
#19324=CARTESIAN_POINT('',(0.35033,0.059,-0.04922));
#19325=CARTESIAN_POINT('',(0.37003,0.059,-0.02952));
#19326=CARTESIAN_POINT('',(0.37003,0.059,-0.02952));
#19327=CARTESIAN_POINT('',(0.35033,0.059,-0.02952));
#19328=CARTESIAN_POINT('',(0.35033,0.059,-0.02952));
#19329=CARTESIAN_POINT('',(0.35033,0.059,-0.04922));
#19330=CARTESIAN_POINT('',(0.3804,0.059,-0.07875));
#19331=CARTESIAN_POINT('',(0.3804,0.059,-0.07875));
#19332=CARTESIAN_POINT('',(0.33996,0.059,-0.07875));
#19333=CARTESIAN_POINT('',(0.33996,0.059,0.07875));
#19334=CARTESIAN_POINT('',(0.33996,0.059,0.07875));
#19335=CARTESIAN_POINT('',(0.3804,0.059,0.07875));
#19336=CARTESIAN_POINT('',(0.3804,0.059,0.07875));
#19337=CARTESIAN_POINT('',(0.3804,0.059,0.07875));
#19338=CARTESIAN_POINT('',(0.37003,0.059,0.02952));
#19339=CARTESIAN_POINT('',(0.37003,0.059,0.02952));
#19340=CARTESIAN_POINT('',(0.35033,0.059,0.02952));
#19341=CARTESIAN_POINT('',(0.37003,0.059,0.04922));
#19342=CARTESIAN_POINT('',(0.37003,0.059,0.04922));
#19343=CARTESIAN_POINT('',(0.35033,0.059,0.04922));
#19344=CARTESIAN_POINT('',(0.35033,0.059,0.04922));
#19345=CARTESIAN_POINT('',(0.35033,0.059,0.02952));
#19346=CARTESIAN_POINT('',(0.30166,0.059,0.07875));
#19347=CARTESIAN_POINT('',(0.29129,0.059,-0.04922));
#19348=CARTESIAN_POINT('',(0.29129,0.059,-0.04922));
#19349=CARTESIAN_POINT('',(0.27159,0.059,-0.04922));
#19350=CARTESIAN_POINT('',(0.29129,0.059,-0.02952));
#19351=CARTESIAN_POINT('',(0.29129,0.059,-0.02952));
#19352=CARTESIAN_POINT('',(0.27159,0.059,-0.02952));
#19353=CARTESIAN_POINT('',(0.27159,0.059,-0.02952));
#19354=CARTESIAN_POINT('',(0.27159,0.059,-0.04922));
#19355=CARTESIAN_POINT('',(0.30166,0.059,-0.07875));
#19356=CARTESIAN_POINT('',(0.30166,0.059,-0.07875));
#19357=CARTESIAN_POINT('',(0.26122,0.059,-0.07875));
#19358=CARTESIAN_POINT('',(0.26122,0.059,0.07875));
#19359=CARTESIAN_POINT('',(0.26122,0.059,0.07875));
#19360=CARTESIAN_POINT('',(0.30166,0.059,0.07875));
#19361=CARTESIAN_POINT('',(0.30166,0.059,0.07875));
#19362=CARTESIAN_POINT('',(0.30166,0.059,0.07875));
#19363=CARTESIAN_POINT('',(0.29129,0.059,0.02952));
#19364=CARTESIAN_POINT('',(0.29129,0.059,0.02952));
#19365=CARTESIAN_POINT('',(0.27159,0.059,0.02952));
#19366=CARTESIAN_POINT('',(0.29129,0.059,0.04922));
#19367=CARTESIAN_POINT('',(0.29129,0.059,0.04922));
#19368=CARTESIAN_POINT('',(0.27159,0.059,0.04922));
#19369=CARTESIAN_POINT('',(0.27159,0.059,0.04922));
#19370=CARTESIAN_POINT('',(0.27159,0.059,0.02952));
#19371=CARTESIAN_POINT('',(0.22292,0.059,0.07875));
#19372=CARTESIAN_POINT('',(0.21255,0.059,-0.04922));
#19373=CARTESIAN_POINT('',(0.21255,0.059,-0.04922));
#19374=CARTESIAN_POINT('',(0.19285,0.059,-0.04922));
#19375=CARTESIAN_POINT('',(0.21255,0.059,-0.02952));
#19376=CARTESIAN_POINT('',(0.21255,0.059,-0.02952));
#19377=CARTESIAN_POINT('',(0.19285,0.059,-0.02952));
#19378=CARTESIAN_POINT('',(0.19285,0.059,-0.02952));
#19379=CARTESIAN_POINT('',(0.19285,0.059,-0.04922));
#19380=CARTESIAN_POINT('',(0.22292,0.059,-0.07875));
#19381=CARTESIAN_POINT('',(0.22292,0.059,-0.07875));
#19382=CARTESIAN_POINT('',(0.18248,0.059,-0.07875));
#19383=CARTESIAN_POINT('',(0.18248,0.059,0.07875));
#19384=CARTESIAN_POINT('',(0.18248,0.059,0.07875));
#19385=CARTESIAN_POINT('',(0.22292,0.059,0.07875));
#19386=CARTESIAN_POINT('',(0.22292,0.059,0.07875));
#19387=CARTESIAN_POINT('',(0.22292,0.059,0.07875));
#19388=CARTESIAN_POINT('',(0.21255,0.059,0.02952));
#19389=CARTESIAN_POINT('',(0.21255,0.059,0.02952));
#19390=CARTESIAN_POINT('',(0.19285,0.059,0.02952));
#19391=CARTESIAN_POINT('',(0.21255,0.059,0.04922));
#19392=CARTESIAN_POINT('',(0.21255,0.059,0.04922));
#19393=CARTESIAN_POINT('',(0.19285,0.059,0.04922));
#19394=CARTESIAN_POINT('',(0.19285,0.059,0.04922));
#19395=CARTESIAN_POINT('',(0.19285,0.059,0.02952));
#19396=CARTESIAN_POINT('',(0.14418,0.059,0.07875));
#19397=CARTESIAN_POINT('',(0.13381,0.059,-0.04922));
#19398=CARTESIAN_POINT('',(0.13381,0.059,-0.04922));
#19399=CARTESIAN_POINT('',(0.11411,0.059,-0.04922));
#19400=CARTESIAN_POINT('',(0.13381,0.059,-0.02952));
#19401=CARTESIAN_POINT('',(0.13381,0.059,-0.02952));
#19402=CARTESIAN_POINT('',(0.11411,0.059,-0.02952));
#19403=CARTESIAN_POINT('',(0.11411,0.059,-0.02952));
#19404=CARTESIAN_POINT('',(0.11411,0.059,-0.04922));
#19405=CARTESIAN_POINT('',(0.14418,0.059,-0.07875));
#19406=CARTESIAN_POINT('',(0.14418,0.059,-0.07875));
#19407=CARTESIAN_POINT('',(0.10374,0.059,-0.07875));
#19408=CARTESIAN_POINT('',(0.10374,0.059,0.07875));
#19409=CARTESIAN_POINT('',(0.10374,0.059,0.07875));
#19410=CARTESIAN_POINT('',(0.14418,0.059,0.07875));
#19411=CARTESIAN_POINT('',(0.14418,0.059,0.07875));
#19412=CARTESIAN_POINT('',(0.14418,0.059,0.07875));
#19413=CARTESIAN_POINT('',(0.13381,0.059,0.02952));
#19414=CARTESIAN_POINT('',(0.13381,0.059,0.02952));
#19415=CARTESIAN_POINT('',(0.11411,0.059,0.02952));
#19416=CARTESIAN_POINT('',(0.13381,0.059,0.04922));
#19417=CARTESIAN_POINT('',(0.13381,0.059,0.04922));
#19418=CARTESIAN_POINT('',(0.11411,0.059,0.04922));
#19419=CARTESIAN_POINT('',(0.11411,0.059,0.04922));
#19420=CARTESIAN_POINT('',(0.11411,0.059,0.02952));
#19421=CARTESIAN_POINT('',(0.,0.049,0.));
#19422=CARTESIAN_POINT('',(0.,0.049,0.07875));
#19423=CARTESIAN_POINT('',(0.06544,0.049,0.07875));
#19424=CARTESIAN_POINT('',(0.10374,0.049,0.07875));
#19425=CARTESIAN_POINT('',(0.10374,0.049,0.07875));
#19426=CARTESIAN_POINT('',(0.10374,0.049,-0.07875));
#19427=CARTESIAN_POINT('',(0.64162,0.049,-0.07875));
#19428=CARTESIAN_POINT('',(0.06544,0.049,-0.07875));
#19429=CARTESIAN_POINT('',(0.06544,0.049,0.07875));
#19430=CARTESIAN_POINT('',(0.,0.049,0.));
#19431=CARTESIAN_POINT('',(0.64162,0.049,-0.07875));
#19432=CARTESIAN_POINT('',(0.18248,0.049,-0.07875));
#19433=CARTESIAN_POINT('',(0.14418,0.049,-0.07875));
#19434=CARTESIAN_POINT('',(0.14418,0.049,0.07875));
#19435=CARTESIAN_POINT('',(0.14418,0.049,0.07875));
#19436=CARTESIAN_POINT('',(0.,0.049,0.07875));
#19437=CARTESIAN_POINT('',(0.18248,0.049,0.07875));
#19438=CARTESIAN_POINT('',(0.18248,0.049,0.07875));
#19439=CARTESIAN_POINT('',(0.,0.049,0.));
#19440=CARTESIAN_POINT('',(0.64162,0.049,-0.07875));
#19441=CARTESIAN_POINT('',(0.26122,0.049,-0.07875));
#19442=CARTESIAN_POINT('',(0.22292,0.049,-0.07875));
#19443=CARTESIAN_POINT('',(0.22292,0.049,0.07875));
#19444=CARTESIAN_POINT('',(0.22292,0.049,0.07875));
#19445=CARTESIAN_POINT('',(0.,0.049,0.07875));
#19446=CARTESIAN_POINT('',(0.26122,0.049,0.07875));
#19447=CARTESIAN_POINT('',(0.26122,0.049,0.07875));
#19448=CARTESIAN_POINT('',(0.,0.049,0.));
#19449=CARTESIAN_POINT('',(0.64162,0.049,-0.07875));
#19450=CARTESIAN_POINT('',(0.33996,0.049,-0.07875));
#19451=CARTESIAN_POINT('',(0.30166,0.049,-0.07875));
#19452=CARTESIAN_POINT('',(0.30166,0.049,0.07875));
#19453=CARTESIAN_POINT('',(0.30166,0.049,0.07875));
#19454=CARTESIAN_POINT('',(0.,0.049,0.07875));
#19455=CARTESIAN_POINT('',(0.33996,0.049,0.07875));
#19456=CARTESIAN_POINT('',(0.33996,0.049,0.07875));
#19457=CARTESIAN_POINT('',(0.,0.049,0.));
#19458=CARTESIAN_POINT('',(0.64162,0.049,-0.07875));
#19459=CARTESIAN_POINT('',(0.4187,0.049,-0.07875));
#19460=CARTESIAN_POINT('',(0.3804,0.049,-0.07875));
#19461=CARTESIAN_POINT('',(0.3804,0.049,0.07875));
#19462=CARTESIAN_POINT('',(0.3804,0.049,0.07875));
#19463=CARTESIAN_POINT('',(0.,0.049,0.07875));
#19464=CARTESIAN_POINT('',(0.4187,0.049,0.07875));
#19465=CARTESIAN_POINT('',(0.4187,0.049,0.07875));
#19466=CARTESIAN_POINT('',(0.,0.049,0.));
#19467=CARTESIAN_POINT('',(0.64162,0.049,-0.07875));
#19468=CARTESIAN_POINT('',(0.49744,0.049,-0.07875));
#19469=CARTESIAN_POINT('',(0.45914,0.049,-0.07875));
#19470=CARTESIAN_POINT('',(0.45914,0.049,0.07875));
#19471=CARTESIAN_POINT('',(0.45914,0.049,0.07875));
#19472=CARTESIAN_POINT('',(0.,0.049,0.07875));
#19473=CARTESIAN_POINT('',(0.49744,0.049,0.07875));
#19474=CARTESIAN_POINT('',(0.49744,0.049,0.07875));
#19475=CARTESIAN_POINT('',(0.,0.049,0.));
#19476=CARTESIAN_POINT('',(0.64162,0.049,-0.07875));
#19477=CARTESIAN_POINT('',(0.57618,0.049,-0.07875));
#19478=CARTESIAN_POINT('',(0.53788,0.049,-0.07875));
#19479=CARTESIAN_POINT('',(0.53788,0.049,0.07875));
#19480=CARTESIAN_POINT('',(0.53788,0.049,0.07875));
#19481=CARTESIAN_POINT('',(0.,0.049,0.07875));
#19482=CARTESIAN_POINT('',(0.57618,0.049,0.07875));
#19483=CARTESIAN_POINT('',(0.57618,0.049,0.07875));
#19484=CARTESIAN_POINT('',(0.,0.049,0.));
#19485=CARTESIAN_POINT('',(0.64162,0.049,-0.07875));
#19486=CARTESIAN_POINT('',(0.64162,0.049,-0.07875));
#19487=CARTESIAN_POINT('',(0.61662,0.049,-0.07875));
#19488=CARTESIAN_POINT('',(0.61662,0.049,0.07875));
#19489=CARTESIAN_POINT('',(0.61662,0.049,0.07875));
#19490=CARTESIAN_POINT('',(0.,0.049,0.07875));
#19491=CARTESIAN_POINT('',(0.64162,0.049,0.07875));
#19492=CARTESIAN_POINT('',(0.64162,0.049,0.07875));
#19493=CARTESIAN_POINT('',(0.,0.049,0.));
#19494=CARTESIAN_POINT('',(0.,0.049,0.07875));
#19495=CARTESIAN_POINT('',(0.,0.049,0.07875));
#19496=CARTESIAN_POINT('',(0.025,0.049,0.07875));
#19497=CARTESIAN_POINT('',(0.025,0.049,0.07875));
#19498=CARTESIAN_POINT('',(0.025,0.049,-0.07875));
#19499=CARTESIAN_POINT('',(0.64162,0.049,-0.07875));
#19500=CARTESIAN_POINT('',(0.,0.049,-0.07875));
#19501=CARTESIAN_POINT('',(0.,0.049,-0.07875));
#19502=CARTESIAN_POINT('',(0.,0.,0.));
#19503=CARTESIAN_POINT('',(0.10374,0.,0.07875));
#19504=CARTESIAN_POINT('',(0.10374,0.,0.07875));
#19505=CARTESIAN_POINT('',(0.10374,0.,0.06375));
#19506=CARTESIAN_POINT('',(0.,0.,0.07875));
#19507=CARTESIAN_POINT('',(0.06544,0.,0.07875));
#19508=CARTESIAN_POINT('',(0.06544,0.,0.07875));
#19509=CARTESIAN_POINT('',(0.06544,0.,0.06375));
#19510=CARTESIAN_POINT('',(0.64162,0.,0.06375));
#19511=CARTESIAN_POINT('',(0.,0.,0.));
#19512=CARTESIAN_POINT('',(0.14418,0.,0.07875));
#19513=CARTESIAN_POINT('',(0.14418,0.,0.07875));
#19514=CARTESIAN_POINT('',(0.14418,0.,0.06375));
#19515=CARTESIAN_POINT('',(0.64162,0.,0.06375));
#19516=CARTESIAN_POINT('',(0.18248,0.,0.06375));
#19517=CARTESIAN_POINT('',(0.18248,0.,0.07875));
#19518=CARTESIAN_POINT('',(0.18248,0.,0.07875));
#19519=CARTESIAN_POINT('',(0.,0.,0.07875));
#19520=CARTESIAN_POINT('',(0.,0.,0.));
#19521=CARTESIAN_POINT('',(0.22292,0.,0.07875));
#19522=CARTESIAN_POINT('',(0.22292,0.,0.07875));
#19523=CARTESIAN_POINT('',(0.22292,0.,0.06375));
#19524=CARTESIAN_POINT('',(0.64162,0.,0.06375));
#19525=CARTESIAN_POINT('',(0.26122,0.,0.06375));
#19526=CARTESIAN_POINT('',(0.26122,0.,0.07875));
#19527=CARTESIAN_POINT('',(0.26122,0.,0.07875));
#19528=CARTESIAN_POINT('',(0.,0.,0.07875));
#19529=CARTESIAN_POINT('',(0.,0.,0.));
#19530=CARTESIAN_POINT('',(0.30166,0.,0.07875));
#19531=CARTESIAN_POINT('',(0.30166,0.,0.07875));
#19532=CARTESIAN_POINT('',(0.30166,0.,0.06375));
#19533=CARTESIAN_POINT('',(0.64162,0.,0.06375));
#19534=CARTESIAN_POINT('',(0.33996,0.,0.06375));
#19535=CARTESIAN_POINT('',(0.33996,0.,0.07875));
#19536=CARTESIAN_POINT('',(0.33996,0.,0.07875));
#19537=CARTESIAN_POINT('',(0.,0.,0.07875));
#19538=CARTESIAN_POINT('',(0.,0.,0.));
#19539=CARTESIAN_POINT('',(0.3804,0.,0.07875));
#19540=CARTESIAN_POINT('',(0.3804,0.,0.07875));
#19541=CARTESIAN_POINT('',(0.3804,0.,0.06375));
#19542=CARTESIAN_POINT('',(0.64162,0.,0.06375));
#19543=CARTESIAN_POINT('',(0.4187,0.,0.06375));
#19544=CARTESIAN_POINT('',(0.4187,0.,0.07875));
#19545=CARTESIAN_POINT('',(0.4187,0.,0.07875));
#19546=CARTESIAN_POINT('',(0.,0.,0.07875));
#19547=CARTESIAN_POINT('',(0.,0.,0.));
#19548=CARTESIAN_POINT('',(0.45914,0.,0.07875));
#19549=CARTESIAN_POINT('',(0.45914,0.,0.07875));
#19550=CARTESIAN_POINT('',(0.45914,0.,0.06375));
#19551=CARTESIAN_POINT('',(0.64162,0.,0.06375));
#19552=CARTESIAN_POINT('',(0.49744,0.,0.06375));
#19553=CARTESIAN_POINT('',(0.49744,0.,0.07875));
#19554=CARTESIAN_POINT('',(0.49744,0.,0.07875));
#19555=CARTESIAN_POINT('',(0.,0.,0.07875));
#19556=CARTESIAN_POINT('',(0.,0.,0.));
#19557=CARTESIAN_POINT('',(0.53788,0.,0.07875));
#19558=CARTESIAN_POINT('',(0.53788,0.,0.07875));
#19559=CARTESIAN_POINT('',(0.53788,0.,0.06375));
#19560=CARTESIAN_POINT('',(0.64162,0.,0.06375));
#19561=CARTESIAN_POINT('',(0.57618,0.,0.06375));
#19562=CARTESIAN_POINT('',(0.57618,0.,0.07875));
#19563=CARTESIAN_POINT('',(0.57618,0.,0.07875));
#19564=CARTESIAN_POINT('',(0.,0.,0.07875));
#19565=CARTESIAN_POINT('',(0.,0.,0.));
#19566=CARTESIAN_POINT('',(0.61662,0.,0.07875));
#19567=CARTESIAN_POINT('',(0.61662,0.,0.07875));
#19568=CARTESIAN_POINT('',(0.61662,0.,0.06375));
#19569=CARTESIAN_POINT('',(0.64162,0.,0.06375));
#19570=CARTESIAN_POINT('',(0.64162,0.,0.06375));
#19571=CARTESIAN_POINT('',(0.64162,0.,0.07875));
#19572=CARTESIAN_POINT('',(0.64162,0.,0.07875));
#19573=CARTESIAN_POINT('',(0.,0.,0.07875));
#19574=CARTESIAN_POINT('',(0.,0.,0.));
#19575=CARTESIAN_POINT('',(0.10374,0.,0.07875));
#19576=CARTESIAN_POINT('',(0.10374,0.,-0.06375));
#19577=CARTESIAN_POINT('',(0.10374,0.,-0.07875));
#19578=CARTESIAN_POINT('',(0.64162,0.,-0.06375));
#19579=CARTESIAN_POINT('',(0.06544,0.,-0.06375));
#19580=CARTESIAN_POINT('',(0.06544,0.,0.07875));
#19581=CARTESIAN_POINT('',(0.06544,0.,-0.07875));
#19582=CARTESIAN_POINT('',(0.64162,0.,-0.07875));
#19583=CARTESIAN_POINT('',(0.,0.,0.));
#19584=CARTESIAN_POINT('',(0.14418,0.,0.07875));
#19585=CARTESIAN_POINT('',(0.14418,0.,-0.06375));
#19586=CARTESIAN_POINT('',(0.14418,0.,-0.07875));
#19587=CARTESIAN_POINT('',(0.64162,0.,-0.07875));
#19588=CARTESIAN_POINT('',(0.18248,0.,-0.07875));
#19589=CARTESIAN_POINT('',(0.18248,0.,0.07875));
#19590=CARTESIAN_POINT('',(0.18248,0.,-0.06375));
#19591=CARTESIAN_POINT('',(0.64162,0.,-0.06375));
#19592=CARTESIAN_POINT('',(0.,0.,0.));
#19593=CARTESIAN_POINT('',(0.22292,0.,0.07875));
#19594=CARTESIAN_POINT('',(0.22292,0.,-0.06375));
#19595=CARTESIAN_POINT('',(0.22292,0.,-0.07875));
#19596=CARTESIAN_POINT('',(0.64162,0.,-0.07875));
#19597=CARTESIAN_POINT('',(0.26122,0.,-0.07875));
#19598=CARTESIAN_POINT('',(0.26122,0.,0.07875));
#19599=CARTESIAN_POINT('',(0.26122,0.,-0.06375));
#19600=CARTESIAN_POINT('',(0.64162,0.,-0.06375));
#19601=CARTESIAN_POINT('',(0.,0.,0.));
#19602=CARTESIAN_POINT('',(0.30166,0.,0.07875));
#19603=CARTESIAN_POINT('',(0.30166,0.,-0.06375));
#19604=CARTESIAN_POINT('',(0.30166,0.,-0.07875));
#19605=CARTESIAN_POINT('',(0.64162,0.,-0.07875));
#19606=CARTESIAN_POINT('',(0.33996,0.,-0.07875));
#19607=CARTESIAN_POINT('',(0.33996,0.,0.07875));
#19608=CARTESIAN_POINT('',(0.33996,0.,-0.06375));
#19609=CARTESIAN_POINT('',(0.64162,0.,-0.06375));
#19610=CARTESIAN_POINT('',(0.,0.,0.));
#19611=CARTESIAN_POINT('',(0.3804,0.,0.07875));
#19612=CARTESIAN_POINT('',(0.3804,0.,-0.06375));
#19613=CARTESIAN_POINT('',(0.3804,0.,-0.07875));
#19614=CARTESIAN_POINT('',(0.64162,0.,-0.07875));
#19615=CARTESIAN_POINT('',(0.4187,0.,-0.07875));
#19616=CARTESIAN_POINT('',(0.4187,0.,0.07875));
#19617=CARTESIAN_POINT('',(0.4187,0.,-0.06375));
#19618=CARTESIAN_POINT('',(0.64162,0.,-0.06375));
#19619=CARTESIAN_POINT('',(0.,0.,0.));
#19620=CARTESIAN_POINT('',(0.45914,0.,0.07875));
#19621=CARTESIAN_POINT('',(0.45914,0.,-0.06375));
#19622=CARTESIAN_POINT('',(0.45914,0.,-0.07875));
#19623=CARTESIAN_POINT('',(0.64162,0.,-0.07875));
#19624=CARTESIAN_POINT('',(0.49744,0.,-0.07875));
#19625=CARTESIAN_POINT('',(0.49744,0.,0.07875));
#19626=CARTESIAN_POINT('',(0.49744,0.,-0.06375));
#19627=CARTESIAN_POINT('',(0.64162,0.,-0.06375));
#19628=CARTESIAN_POINT('',(0.,0.,0.));
#19629=CARTESIAN_POINT('',(0.53788,0.,0.07875));
#19630=CARTESIAN_POINT('',(0.53788,0.,-0.06375));
#19631=CARTESIAN_POINT('',(0.53788,0.,-0.07875));
#19632=CARTESIAN_POINT('',(0.64162,0.,-0.07875));
#19633=CARTESIAN_POINT('',(0.57618,0.,-0.07875));
#19634=CARTESIAN_POINT('',(0.57618,0.,0.07875));
#19635=CARTESIAN_POINT('',(0.57618,0.,-0.06375));
#19636=CARTESIAN_POINT('',(0.64162,0.,-0.06375));
#19637=CARTESIAN_POINT('',(0.,0.,0.));
#19638=CARTESIAN_POINT('',(0.61662,0.,0.07875));
#19639=CARTESIAN_POINT('',(0.61662,0.,-0.06375));
#19640=CARTESIAN_POINT('',(0.61662,0.,-0.07875));
#19641=CARTESIAN_POINT('',(0.64162,0.,-0.07875));
#19642=CARTESIAN_POINT('',(0.64162,0.,-0.07875));
#19643=CARTESIAN_POINT('',(0.64162,0.,0.07875));
#19644=CARTESIAN_POINT('',(0.64162,0.,-0.06375));
#19645=CARTESIAN_POINT('',(0.64162,0.,-0.06375));
#19646=CARTESIAN_POINT('',(0.64162,0.049,-0.07875));
#19647=CARTESIAN_POINT('',(0.10374,0.01,-0.07875));
#19648=CARTESIAN_POINT('',(0.06544,0.,-0.07875));
#19649=CARTESIAN_POINT('',(0.025,0.01,-0.07875));
#19650=CARTESIAN_POINT('',(0.025,0.,-0.07875));
#19651=CARTESIAN_POINT('',(0.64162,0.,-0.07875));
#19652=CARTESIAN_POINT('',(0.,0.,-0.07875));
#19653=CARTESIAN_POINT('',(0.,0.049,-0.07875));
#19654=CARTESIAN_POINT('',(0.025,0.059,-0.07875));
#19655=CARTESIAN_POINT('',(0.06544,0.049,-0.07875));
#19656=CARTESIAN_POINT('',(0.10374,0.059,-0.07875));
#19657=CARTESIAN_POINT('',(0.14418,0.049,-0.07875));
#19658=CARTESIAN_POINT('',(0.18248,0.059,-0.07875));
#19659=CARTESIAN_POINT('',(0.22292,0.049,-0.07875));
#19660=CARTESIAN_POINT('',(0.26122,0.059,-0.07875));
#19661=CARTESIAN_POINT('',(0.30166,0.049,-0.07875));
#19662=CARTESIAN_POINT('',(0.33996,0.059,-0.07875));
#19663=CARTESIAN_POINT('',(0.3804,0.049,-0.07875));
#19664=CARTESIAN_POINT('',(0.4187,0.059,-0.07875));
#19665=CARTESIAN_POINT('',(0.45914,0.049,-0.07875));
#19666=CARTESIAN_POINT('',(0.49744,0.059,-0.07875));
#19667=CARTESIAN_POINT('',(0.53788,0.049,-0.07875));
#19668=CARTESIAN_POINT('',(0.57618,0.059,-0.07875));
#19669=CARTESIAN_POINT('',(0.61662,0.049,-0.07875));
#19670=CARTESIAN_POINT('',(0.64162,0.049,-0.07875));
#19671=CARTESIAN_POINT('',(0.61662,0.,-0.07875));
#19672=CARTESIAN_POINT('',(0.57618,0.01,-0.07875));
#19673=CARTESIAN_POINT('',(0.53788,0.,-0.07875));
#19674=CARTESIAN_POINT('',(0.49744,0.01,-0.07875));
#19675=CARTESIAN_POINT('',(0.45914,0.,-0.07875));
#19676=CARTESIAN_POINT('',(0.4187,0.01,-0.07875));
#19677=CARTESIAN_POINT('',(0.3804,0.,-0.07875));
#19678=CARTESIAN_POINT('',(0.33996,0.01,-0.07875));
#19679=CARTESIAN_POINT('',(0.30166,0.,-0.07875));
#19680=CARTESIAN_POINT('',(0.26122,0.01,-0.07875));
#19681=CARTESIAN_POINT('',(0.22292,0.,-0.07875));
#19682=CARTESIAN_POINT('',(0.18248,0.01,-0.07875));
#19683=CARTESIAN_POINT('',(0.14418,0.,-0.07875));
#19684=CARTESIAN_POINT('',(0.,0.049,0.07875));
#19685=CARTESIAN_POINT('',(0.10374,0.01,0.07875));
#19686=CARTESIAN_POINT('',(0.14418,0.,0.07875));
#19687=CARTESIAN_POINT('',(0.18248,0.01,0.07875));
#19688=CARTESIAN_POINT('',(0.22292,0.,0.07875));
#19689=CARTESIAN_POINT('',(0.26122,0.01,0.07875));
#19690=CARTESIAN_POINT('',(0.30166,0.,0.07875));
#19691=CARTESIAN_POINT('',(0.33996,0.01,0.07875));
#19692=CARTESIAN_POINT('',(0.3804,0.,0.07875));
#19693=CARTESIAN_POINT('',(0.4187,0.01,0.07875));
#19694=CARTESIAN_POINT('',(0.45914,0.,0.07875));
#19695=CARTESIAN_POINT('',(0.49744,0.01,0.07875));
#19696=CARTESIAN_POINT('',(0.53788,0.,0.07875));
#19697=CARTESIAN_POINT('',(0.57618,0.01,0.07875));
#19698=CARTESIAN_POINT('',(0.61662,0.,0.07875));
#19699=CARTESIAN_POINT('',(0.64162,0.049,0.07875));
#19700=CARTESIAN_POINT('',(0.61662,0.049,0.07875));
#19701=CARTESIAN_POINT('',(0.57618,0.059,0.07875));
#19702=CARTESIAN_POINT('',(0.53788,0.049,0.07875));
#19703=CARTESIAN_POINT('',(0.49744,0.059,0.07875));
#19704=CARTESIAN_POINT('',(0.45914,0.049,0.07875));
#19705=CARTESIAN_POINT('',(0.4187,0.059,0.07875));
#19706=CARTESIAN_POINT('',(0.3804,0.049,0.07875));
#19707=CARTESIAN_POINT('',(0.33996,0.059,0.07875));
#19708=CARTESIAN_POINT('',(0.30166,0.049,0.07875));
#19709=CARTESIAN_POINT('',(0.26122,0.059,0.07875));
#19710=CARTESIAN_POINT('',(0.22292,0.049,0.07875));
#19711=CARTESIAN_POINT('',(0.18248,0.059,0.07875));
#19712=CARTESIAN_POINT('',(0.14418,0.049,0.07875));
#19713=CARTESIAN_POINT('',(0.10374,0.059,0.07875));
#19714=CARTESIAN_POINT('',(0.06544,0.049,0.07875));
#19715=CARTESIAN_POINT('',(0.025,0.059,0.07875));
#19716=CARTESIAN_POINT('',(0.,0.049,0.07875));
#19717=CARTESIAN_POINT('',(0.,0.,0.07875));
#19718=CARTESIAN_POINT('',(0.,0.,0.07875));
#19719=CARTESIAN_POINT('',(0.025,0.,0.07875));
#19720=CARTESIAN_POINT('',(0.025,0.01,0.07875));
#19721=CARTESIAN_POINT('',(0.06544,0.,0.07875));
#19722=CARTESIAN_POINT('',(0.64162,0.01,0.06375));
#19723=CARTESIAN_POINT('',(0.10374,0.01,0.06375));
#19724=CARTESIAN_POINT('',(0.06544,0.01,0.06375));
#19725=CARTESIAN_POINT('',(0.64162,0.01,0.06375));
#19726=CARTESIAN_POINT('',(0.14418,0.01,0.06375));
#19727=CARTESIAN_POINT('',(0.18248,0.01,0.06375));
#19728=CARTESIAN_POINT('',(0.64162,0.01,0.06375));
#19729=CARTESIAN_POINT('',(0.22292,0.01,0.06375));
#19730=CARTESIAN_POINT('',(0.26122,0.01,0.06375));
#19731=CARTESIAN_POINT('',(0.64162,0.01,0.06375));
#19732=CARTESIAN_POINT('',(0.30166,0.01,0.06375));
#19733=CARTESIAN_POINT('',(0.33996,0.01,0.06375));
#19734=CARTESIAN_POINT('',(0.64162,0.01,0.06375));
#19735=CARTESIAN_POINT('',(0.3804,0.01,0.06375));
#19736=CARTESIAN_POINT('',(0.4187,0.01,0.06375));
#19737=CARTESIAN_POINT('',(0.64162,0.01,0.06375));
#19738=CARTESIAN_POINT('',(0.45914,0.01,0.06375));
#19739=CARTESIAN_POINT('',(0.49744,0.01,0.06375));
#19740=CARTESIAN_POINT('',(0.64162,0.01,0.06375));
#19741=CARTESIAN_POINT('',(0.53788,0.01,0.06375));
#19742=CARTESIAN_POINT('',(0.57618,0.01,0.06375));
#19743=CARTESIAN_POINT('',(0.64162,0.01,0.06375));
#19744=CARTESIAN_POINT('',(0.61662,0.01,0.06375));
#19745=CARTESIAN_POINT('',(0.64162,0.01,0.06375));
#19746=CARTESIAN_POINT('',(0.64162,0.,-0.06375));
#19747=CARTESIAN_POINT('',(0.10374,0.,-0.06375));
#19748=CARTESIAN_POINT('',(0.06544,0.,-0.06375));
#19749=CARTESIAN_POINT('',(0.64162,0.,-0.06375));
#19750=CARTESIAN_POINT('',(0.14418,0.,-0.06375));
#19751=CARTESIAN_POINT('',(0.18248,0.,-0.06375));
#19752=CARTESIAN_POINT('',(0.64162,0.,-0.06375));
#19753=CARTESIAN_POINT('',(0.22292,0.,-0.06375));
#19754=CARTESIAN_POINT('',(0.26122,0.,-0.06375));
#19755=CARTESIAN_POINT('',(0.64162,0.,-0.06375));
#19756=CARTESIAN_POINT('',(0.30166,0.,-0.06375));
#19757=CARTESIAN_POINT('',(0.33996,0.,-0.06375));
#19758=CARTESIAN_POINT('',(0.64162,0.,-0.06375));
#19759=CARTESIAN_POINT('',(0.3804,0.,-0.06375));
#19760=CARTESIAN_POINT('',(0.4187,0.,-0.06375));
#19761=CARTESIAN_POINT('',(0.64162,0.,-0.06375));
#19762=CARTESIAN_POINT('',(0.45914,0.,-0.06375));
#19763=CARTESIAN_POINT('',(0.49744,0.,-0.06375));
#19764=CARTESIAN_POINT('',(0.64162,0.,-0.06375));
#19765=CARTESIAN_POINT('',(0.53788,0.,-0.06375));
#19766=CARTESIAN_POINT('',(0.57618,0.,-0.06375));
#19767=CARTESIAN_POINT('',(0.64162,0.,-0.06375));
#19768=CARTESIAN_POINT('',(0.61662,0.,-0.06375));
#19769=CARTESIAN_POINT('',(0.64162,0.,-0.06375));
#19770=CARTESIAN_POINT('',(0.,0.,0.));
#19771=CARTESIAN_POINT('',(0.025,0.,0.07875));
#19772=CARTESIAN_POINT('',(0.025,0.,0.06375));
#19773=CARTESIAN_POINT('',(0.,0.,-0.07875));
#19774=CARTESIAN_POINT('',(0.,0.,0.06375));
#19775=CARTESIAN_POINT('',(0.64162,0.,0.06375));
#19776=CARTESIAN_POINT('',(0.,0.,0.));
#19777=CARTESIAN_POINT('',(0.025,0.,0.07875));
#19778=CARTESIAN_POINT('',(0.025,0.,-0.06375));
#19779=CARTESIAN_POINT('',(0.64162,0.,-0.06375));
#19780=CARTESIAN_POINT('',(0.,0.,-0.06375));
#19781=CARTESIAN_POINT('',(0.,0.,-0.07875));
#19782=CARTESIAN_POINT('',(0.64162,0.01,0.06375));
#19783=CARTESIAN_POINT('',(0.025,0.01,0.06375));
#19784=CARTESIAN_POINT('',(0.,0.01,0.06375));
#19785=CARTESIAN_POINT('',(0.64162,0.,-0.06375));
#19786=CARTESIAN_POINT('',(0.025,0.,-0.06375));
#19787=CARTESIAN_POINT('',(0.,0.,-0.06375));
#19788=CARTESIAN_POINT('',(0.,0.049,-0.07875));
#19789=CARTESIAN_POINT('',(0.64162,0.049,0.07875));
#19790=CARTESIAN_POINT('',(0.06544,0.,0.07875));
#19791=CARTESIAN_POINT('',(0.025,0.01,0.07875));
#19792=CARTESIAN_POINT('',(0.025,0.01,0.07875));
#19793=CARTESIAN_POINT('',(0.06544,0.,0.07875));
#19794=CARTESIAN_POINT('',(0.61662,0.,0.07875));
#19795=CARTESIAN_POINT('',(0.57618,0.01,0.07875));
#19796=CARTESIAN_POINT('',(0.53788,0.,0.07875));
#19797=CARTESIAN_POINT('',(0.49744,0.01,0.07875));
#19798=CARTESIAN_POINT('',(0.45914,0.,0.07875));
#19799=CARTESIAN_POINT('',(0.4187,0.01,0.07875));
#19800=CARTESIAN_POINT('',(0.3804,0.,0.07875));
#19801=CARTESIAN_POINT('',(0.33996,0.01,0.07875));
#19802=CARTESIAN_POINT('',(0.30166,0.,0.07875));
#19803=CARTESIAN_POINT('',(0.26122,0.01,0.07875));
#19804=CARTESIAN_POINT('',(0.22292,0.,0.07875));
#19805=CARTESIAN_POINT('',(0.18248,0.01,0.07875));
#19806=CARTESIAN_POINT('',(0.14418,0.,0.07875));
#19807=CARTESIAN_POINT('',(0.10374,0.01,0.07875));
#19808=CARTESIAN_POINT('',(0.57618,0.01,0.07875));
#19809=CARTESIAN_POINT('',(0.61662,0.,0.07875));
#19810=CARTESIAN_POINT('',(0.49744,0.01,0.07875));
#19811=CARTESIAN_POINT('',(0.53788,0.,0.07875));
#19812=CARTESIAN_POINT('',(0.4187,0.01,0.07875));
#19813=CARTESIAN_POINT('',(0.45914,0.,0.07875));
#19814=CARTESIAN_POINT('',(0.33996,0.01,0.07875));
#19815=CARTESIAN_POINT('',(0.3804,0.,0.07875));
#19816=CARTESIAN_POINT('',(0.26122,0.01,0.07875));
#19817=CARTESIAN_POINT('',(0.30166,0.,0.07875));
#19818=CARTESIAN_POINT('',(0.18248,0.01,0.07875));
#19819=CARTESIAN_POINT('',(0.22292,0.,0.07875));
#19820=CARTESIAN_POINT('',(0.10374,0.01,0.07875));
#19821=CARTESIAN_POINT('',(0.14418,0.,0.07875));
#19822=CARTESIAN_POINT('',(0.025,0.059,0.07875));
#19823=CARTESIAN_POINT('',(0.06544,0.049,0.07875));
#19824=CARTESIAN_POINT('',(0.57618,0.059,0.07875));
#19825=CARTESIAN_POINT('',(0.61662,0.049,0.07875));
#19826=CARTESIAN_POINT('',(0.49744,0.059,0.07875));
#19827=CARTESIAN_POINT('',(0.53788,0.049,0.07875));
#19828=CARTESIAN_POINT('',(0.4187,0.059,0.07875));
#19829=CARTESIAN_POINT('',(0.45914,0.049,0.07875));
#19830=CARTESIAN_POINT('',(0.33996,0.059,0.07875));
#19831=CARTESIAN_POINT('',(0.3804,0.049,0.07875));
#19832=CARTESIAN_POINT('',(0.26122,0.059,0.07875));
#19833=CARTESIAN_POINT('',(0.30166,0.049,0.07875));
#19834=CARTESIAN_POINT('',(0.18248,0.059,0.07875));
#19835=CARTESIAN_POINT('',(0.22292,0.049,0.07875));
#19836=CARTESIAN_POINT('',(0.10374,0.059,0.07875));
#19837=CARTESIAN_POINT('',(0.14418,0.049,0.07875));
#19838=CARTESIAN_POINT('',(0.05507,0.059,0.02952));
#19839=CARTESIAN_POINT('',(0.05507,0.059,0.02952));
#19840=CARTESIAN_POINT('',(0.03537,0.059,0.02952));
#19841=CARTESIAN_POINT('',(0.03537,0.059,0.02952));
#19842=CARTESIAN_POINT('',(0.03537,0.059,0.04922));
#19843=CARTESIAN_POINT('',(0.03537,0.059,0.04922));
#19844=CARTESIAN_POINT('',(0.05507,0.059,0.04922));
#19845=CARTESIAN_POINT('',(0.05507,0.059,0.04922));
#19846=CARTESIAN_POINT('',(0.13381,0.059,-0.04922));
#19847=CARTESIAN_POINT('',(0.13381,0.059,-0.04922));
#19848=CARTESIAN_POINT('',(0.11411,0.059,-0.04922));
#19849=CARTESIAN_POINT('',(0.11411,0.059,-0.04922));
#19850=CARTESIAN_POINT('',(0.11411,0.059,-0.02952));
#19851=CARTESIAN_POINT('',(0.11411,0.059,-0.02952));
#19852=CARTESIAN_POINT('',(0.13381,0.059,-0.02952));
#19853=CARTESIAN_POINT('',(0.13381,0.059,-0.02952));
#19854=CARTESIAN_POINT('',(0.13381,0.059,0.02952));
#19855=CARTESIAN_POINT('',(0.13381,0.059,0.02952));
#19856=CARTESIAN_POINT('',(0.11411,0.059,0.02952));
#19857=CARTESIAN_POINT('',(0.11411,0.059,0.02952));
#19858=CARTESIAN_POINT('',(0.11411,0.059,0.04922));
#19859=CARTESIAN_POINT('',(0.11411,0.059,0.04922));
#19860=CARTESIAN_POINT('',(0.13381,0.059,0.04922));
#19861=CARTESIAN_POINT('',(0.13381,0.059,0.04922));
#19862=CARTESIAN_POINT('',(0.21255,0.059,-0.04922));
#19863=CARTESIAN_POINT('',(0.21255,0.059,-0.04922));
#19864=CARTESIAN_POINT('',(0.19285,0.059,-0.04922));
#19865=CARTESIAN_POINT('',(0.19285,0.059,-0.04922));
#19866=CARTESIAN_POINT('',(0.19285,0.059,-0.02952));
#19867=CARTESIAN_POINT('',(0.19285,0.059,-0.02952));
#19868=CARTESIAN_POINT('',(0.21255,0.059,-0.02952));
#19869=CARTESIAN_POINT('',(0.21255,0.059,-0.02952));
#19870=CARTESIAN_POINT('',(0.21255,0.059,0.02952));
#19871=CARTESIAN_POINT('',(0.21255,0.059,0.02952));
#19872=CARTESIAN_POINT('',(0.19285,0.059,0.02952));
#19873=CARTESIAN_POINT('',(0.19285,0.059,0.02952));
#19874=CARTESIAN_POINT('',(0.19285,0.059,0.04922));
#19875=CARTESIAN_POINT('',(0.19285,0.059,0.04922));
#19876=CARTESIAN_POINT('',(0.21255,0.059,0.04922));
#19877=CARTESIAN_POINT('',(0.21255,0.059,0.04922));
#19878=CARTESIAN_POINT('',(0.29129,0.059,-0.04922));
#19879=CARTESIAN_POINT('',(0.29129,0.059,-0.04922));
#19880=CARTESIAN_POINT('',(0.27159,0.059,-0.04922));
#19881=CARTESIAN_POINT('',(0.27159,0.059,-0.04922));
#19882=CARTESIAN_POINT('',(0.27159,0.059,-0.02952));
#19883=CARTESIAN_POINT('',(0.27159,0.059,-0.02952));
#19884=CARTESIAN_POINT('',(0.29129,0.059,-0.02952));
#19885=CARTESIAN_POINT('',(0.29129,0.059,-0.02952));
#19886=CARTESIAN_POINT('',(0.29129,0.059,0.02952));
#19887=CARTESIAN_POINT('',(0.29129,0.059,0.02952));
#19888=CARTESIAN_POINT('',(0.27159,0.059,0.02952));
#19889=CARTESIAN_POINT('',(0.27159,0.059,0.02952));
#19890=CARTESIAN_POINT('',(0.27159,0.059,0.04922));
#19891=CARTESIAN_POINT('',(0.27159,0.059,0.04922));
#19892=CARTESIAN_POINT('',(0.29129,0.059,0.04922));
#19893=CARTESIAN_POINT('',(0.29129,0.059,0.04922));
#19894=CARTESIAN_POINT('',(0.37003,0.059,-0.04922));
#19895=CARTESIAN_POINT('',(0.37003,0.059,-0.04922));
#19896=CARTESIAN_POINT('',(0.35033,0.059,-0.04922));
#19897=CARTESIAN_POINT('',(0.35033,0.059,-0.04922));
#19898=CARTESIAN_POINT('',(0.35033,0.059,-0.02952));
#19899=CARTESIAN_POINT('',(0.35033,0.059,-0.02952));
#19900=CARTESIAN_POINT('',(0.37003,0.059,-0.02952));
#19901=CARTESIAN_POINT('',(0.37003,0.059,-0.02952));
#19902=CARTESIAN_POINT('',(0.37003,0.059,0.02952));
#19903=CARTESIAN_POINT('',(0.37003,0.059,0.02952));
#19904=CARTESIAN_POINT('',(0.35033,0.059,0.02952));
#19905=CARTESIAN_POINT('',(0.35033,0.059,0.02952));
#19906=CARTESIAN_POINT('',(0.35033,0.059,0.04922));
#19907=CARTESIAN_POINT('',(0.35033,0.059,0.04922));
#19908=CARTESIAN_POINT('',(0.37003,0.059,0.04922));
#19909=CARTESIAN_POINT('',(0.37003,0.059,0.04922));
#19910=CARTESIAN_POINT('',(0.44877,0.059,-0.04922));
#19911=CARTESIAN_POINT('',(0.44877,0.059,-0.04922));
#19912=CARTESIAN_POINT('',(0.42907,0.059,-0.04922));
#19913=CARTESIAN_POINT('',(0.42907,0.059,-0.04922));
#19914=CARTESIAN_POINT('',(0.42907,0.059,-0.02952));
#19915=CARTESIAN_POINT('',(0.42907,0.059,-0.02952));
#19916=CARTESIAN_POINT('',(0.44877,0.059,-0.02952));
#19917=CARTESIAN_POINT('',(0.44877,0.059,-0.02952));
#19918=CARTESIAN_POINT('',(0.44877,0.059,0.02952));
#19919=CARTESIAN_POINT('',(0.44877,0.059,0.02952));
#19920=CARTESIAN_POINT('',(0.42907,0.059,0.02952));
#19921=CARTESIAN_POINT('',(0.42907,0.059,0.02952));
#19922=CARTESIAN_POINT('',(0.42907,0.059,0.04922));
#19923=CARTESIAN_POINT('',(0.42907,0.059,0.04922));
#19924=CARTESIAN_POINT('',(0.44877,0.059,0.04922));
#19925=CARTESIAN_POINT('',(0.44877,0.059,0.04922));
#19926=CARTESIAN_POINT('',(0.52751,0.059,-0.04922));
#19927=CARTESIAN_POINT('',(0.52751,0.059,-0.04922));
#19928=CARTESIAN_POINT('',(0.50781,0.059,-0.04922));
#19929=CARTESIAN_POINT('',(0.50781,0.059,-0.04922));
#19930=CARTESIAN_POINT('',(0.50781,0.059,-0.02952));
#19931=CARTESIAN_POINT('',(0.50781,0.059,-0.02952));
#19932=CARTESIAN_POINT('',(0.52751,0.059,-0.02952));
#19933=CARTESIAN_POINT('',(0.52751,0.059,-0.02952));
#19934=CARTESIAN_POINT('',(0.52751,0.059,0.02952));
#19935=CARTESIAN_POINT('',(0.52751,0.059,0.02952));
#19936=CARTESIAN_POINT('',(0.50781,0.059,0.02952));
#19937=CARTESIAN_POINT('',(0.50781,0.059,0.02952));
#19938=CARTESIAN_POINT('',(0.50781,0.059,0.04922));
#19939=CARTESIAN_POINT('',(0.50781,0.059,0.04922));
#19940=CARTESIAN_POINT('',(0.52751,0.059,0.04922));
#19941=CARTESIAN_POINT('',(0.52751,0.059,0.04922));
#19942=CARTESIAN_POINT('',(0.60625,0.059,-0.04922));
#19943=CARTESIAN_POINT('',(0.60625,0.059,-0.04922));
#19944=CARTESIAN_POINT('',(0.58655,0.059,-0.04922));
#19945=CARTESIAN_POINT('',(0.58655,0.059,-0.04922));
#19946=CARTESIAN_POINT('',(0.58655,0.059,-0.02952));
#19947=CARTESIAN_POINT('',(0.58655,0.059,-0.02952));
#19948=CARTESIAN_POINT('',(0.60625,0.059,-0.02952));
#19949=CARTESIAN_POINT('',(0.60625,0.059,-0.02952));
#19950=CARTESIAN_POINT('',(0.60625,0.059,0.02952));
#19951=CARTESIAN_POINT('',(0.60625,0.059,0.02952));
#19952=CARTESIAN_POINT('',(0.58655,0.059,0.02952));
#19953=CARTESIAN_POINT('',(0.58655,0.059,0.02952));
#19954=CARTESIAN_POINT('',(0.58655,0.059,0.04922));
#19955=CARTESIAN_POINT('',(0.58655,0.059,0.04922));
#19956=CARTESIAN_POINT('',(0.60625,0.059,0.04922));
#19957=CARTESIAN_POINT('',(0.60625,0.059,0.04922));
#19958=CARTESIAN_POINT('',(0.05507,0.059,-0.04922));
#19959=CARTESIAN_POINT('',(0.05507,0.059,-0.04922));
#19960=CARTESIAN_POINT('',(0.03537,0.059,-0.04922));
#19961=CARTESIAN_POINT('',(0.03537,0.059,-0.04922));
#19962=CARTESIAN_POINT('',(0.03537,0.059,-0.02952));
#19963=CARTESIAN_POINT('',(0.03537,0.059,-0.02952));
#19964=CARTESIAN_POINT('',(0.05507,0.059,-0.02952));
#19965=CARTESIAN_POINT('',(0.05507,0.059,-0.02952));
#19966=CARTESIAN_POINT('',(-0.32081,-0.1,0.));
#19967=MECHANICAL_DESIGN_GEOMETRIC_PRESENTATION_REPRESENTATION('',(#12607,
#12608,#12609,#12610),#19968);
#19968=(
GEOMETRIC_REPRESENTATION_CONTEXT(3)
GLOBAL_UNCERTAINTY_ASSIGNED_CONTEXT((#19973))
GLOBAL_UNIT_ASSIGNED_CONTEXT((#19980,#19979,#19978))
REPRESENTATION_CONTEXT('ESQT-108-03-F-D-350','TOP_LEVEL_ASSEMBLY_PART')
);
#19969=(
GEOMETRIC_REPRESENTATION_CONTEXT(3)
GLOBAL_UNCERTAINTY_ASSIGNED_CONTEXT((#19974))
GLOBAL_UNIT_ASSIGNED_CONTEXT((#19980,#19979,#19978))
REPRESENTATION_CONTEXT('ESQT-108-03-F-D-350_S','COMPONENT_PART')
);
#19970=(
GEOMETRIC_REPRESENTATION_CONTEXT(3)
GLOBAL_UNCERTAINTY_ASSIGNED_CONTEXT((#19975))
GLOBAL_UNIT_ASSIGNED_CONTEXT((#19980,#19979,#19978))
REPRESENTATION_CONTEXT('ESQT-108-03-F-D-350_P','COMPONENT_PART')
);
#19971=(
GEOMETRIC_REPRESENTATION_CONTEXT(3)
GLOBAL_UNCERTAINTY_ASSIGNED_CONTEXT((#19976))
GLOBAL_UNIT_ASSIGNED_CONTEXT((#19980,#19979,#19978))
REPRESENTATION_CONTEXT('ESQT-108-03-F-D-3502_P','COMPONENT_PART')
);
#19972=(
GEOMETRIC_REPRESENTATION_CONTEXT(3)
GLOBAL_UNCERTAINTY_ASSIGNED_CONTEXT((#19977))
GLOBAL_UNIT_ASSIGNED_CONTEXT((#19980,#19979,#19978))
REPRESENTATION_CONTEXT('ESQT-108-03-F-D-350_BS','COMPONENT_PART')
);
#19973=UNCERTAINTY_MEASURE_WITH_UNIT(LENGTH_MEASURE(3.93700787401575E-7),
#19980,'DISTANCE_ACCURACY_VALUE','Maximum Tolerance applied to model');
#19974=UNCERTAINTY_MEASURE_WITH_UNIT(LENGTH_MEASURE(3.93700787401575E-7),
#19980,'DISTANCE_ACCURACY_VALUE','Maximum Tolerance applied to model');
#19975=UNCERTAINTY_MEASURE_WITH_UNIT(LENGTH_MEASURE(3.93700787401575E-7),
#19980,'DISTANCE_ACCURACY_VALUE','Maximum Tolerance applied to model');
#19976=UNCERTAINTY_MEASURE_WITH_UNIT(LENGTH_MEASURE(3.93700787401575E-7),
#19980,'DISTANCE_ACCURACY_VALUE','Maximum Tolerance applied to model');
#19977=UNCERTAINTY_MEASURE_WITH_UNIT(LENGTH_MEASURE(3.93700787401575E-7),
#19980,'DISTANCE_ACCURACY_VALUE','Maximum Tolerance applied to model');
#19978=(
NAMED_UNIT(*)
SI_UNIT($,.STERADIAN.)
SOLID_ANGLE_UNIT()
);
#19979=(
NAMED_UNIT(*)
PLANE_ANGLE_UNIT()
SI_UNIT($,.RADIAN.)
);
#19980=(
CONVERSION_BASED_UNIT('INCH',#19982)
LENGTH_UNIT()
NAMED_UNIT(#19981)
);
#19981=DIMENSIONAL_EXPONENTS(1.,0.,0.,0.,0.,0.,0.);
#19982=LENGTH_MEASURE_WITH_UNIT(LENGTH_MEASURE(25.4),#19983);
#19983=(
LENGTH_UNIT()
NAMED_UNIT(*)
SI_UNIT(.MILLI.,.METRE.)
);
#19984=PRODUCT_DEFINITION_SHAPE('','',#19993);
#19985=PRODUCT_DEFINITION_SHAPE('','',#19994);
#19986=PRODUCT_DEFINITION_SHAPE(' ','NAUO PRDDFN',#63);
#19987=PRODUCT_DEFINITION_SHAPE('','',#19995);
#19988=PRODUCT_DEFINITION_SHAPE(' ','NAUO PRDDFN',#64);
#19989=PRODUCT_DEFINITION_SHAPE('','',#19996);
#19990=PRODUCT_DEFINITION_SHAPE(' ','NAUO PRDDFN',#65);
#19991=PRODUCT_DEFINITION_SHAPE('','',#19997);
#19992=PRODUCT_DEFINITION_SHAPE(' ','NAUO PRDDFN',#66);
#19993=PRODUCT_DEFINITION('','',#20003,#19998);
#19994=PRODUCT_DEFINITION('','',#20004,#19999);
#19995=PRODUCT_DEFINITION('','',#20005,#20000);
#19996=PRODUCT_DEFINITION('','',#20006,#20001);
#19997=PRODUCT_DEFINITION('','',#20007,#20002);
#19998=PRODUCT_DEFINITION_CONTEXT('',#20029,'design');
#19999=PRODUCT_DEFINITION_CONTEXT('',#20029,'design');
#20000=PRODUCT_DEFINITION_CONTEXT('',#20029,'design');
#20001=PRODUCT_DEFINITION_CONTEXT('',#20029,'design');
#20002=PRODUCT_DEFINITION_CONTEXT('',#20029,'design');
#20003=PRODUCT_DEFINITION_FORMATION_WITH_SPECIFIED_SOURCE('','',#20013,
 .NOT_KNOWN.);
#20004=PRODUCT_DEFINITION_FORMATION_WITH_SPECIFIED_SOURCE('','',#20014,
 .NOT_KNOWN.);
#20005=PRODUCT_DEFINITION_FORMATION_WITH_SPECIFIED_SOURCE('','',#20015,
 .NOT_KNOWN.);
#20006=PRODUCT_DEFINITION_FORMATION_WITH_SPECIFIED_SOURCE('','',#20016,
 .NOT_KNOWN.);
#20007=PRODUCT_DEFINITION_FORMATION_WITH_SPECIFIED_SOURCE('','',#20017,
 .NOT_KNOWN.);
#20008=PRODUCT_RELATED_PRODUCT_CATEGORY('','',(#20013));
#20009=PRODUCT_RELATED_PRODUCT_CATEGORY('','',(#20014));
#20010=PRODUCT_RELATED_PRODUCT_CATEGORY('','',(#20015));
#20011=PRODUCT_RELATED_PRODUCT_CATEGORY('','',(#20016));
#20012=PRODUCT_RELATED_PRODUCT_CATEGORY('','',(#20017));
#20013=PRODUCT('ESQT-108-03-F-D-350','ESQT-108-03-F-D-350',
'ESQT-108-03-F-D-350',(#20023));
#20014=PRODUCT('ESQT-108-03-F-D-350_S','ESQT-108-03-F-D-350_S',
'ESQT-108-03-F-D-350_S',(#20024));
#20015=PRODUCT('ESQT-108-03-F-D-350_P','ESQT-108-03-F-D-350_P',
'ESQT-108-03-F-D-350_P',(#20025));
#20016=PRODUCT('ESQT-108-03-F-D-3502_P','ESQT-108-03-F-D-3502_P',
'ESQT-108-03-F-D-3502_P',(#20026));
#20017=PRODUCT('ESQT-108-03-F-D-350_BS','ESQT-108-03-F-D-350_BS',
'ESQT-108-03-F-D-350_BS',(#20027));
#20018=PRODUCT_CATEGORY('','');
#20019=PRODUCT_CATEGORY('','');
#20020=PRODUCT_CATEGORY('','');
#20021=PRODUCT_CATEGORY('','');
#20022=PRODUCT_CATEGORY('','');
#20023=PRODUCT_CONTEXT('',#20029,'mechanical');
#20024=PRODUCT_CONTEXT('',#20029,'mechanical');
#20025=PRODUCT_CONTEXT('',#20029,'mechanical');
#20026=PRODUCT_CONTEXT('',#20029,'mechanical');
#20027=PRODUCT_CONTEXT('',#20029,'mechanical');
#20028=APPLICATION_PROTOCOL_DEFINITION('international standard',
'ap242_managed_model_based_3d_engineering',2011,#20029);
#20029=APPLICATION_CONTEXT('managed model based 3d engineering');
ENDSEC;
END-ISO-10303-21;
