ISO-10303-21;
HEADER;
FILE_DESCRIPTION (( 'STEP AP214' ),
    '1' );
FILE_NAME ('IGC033S10S1XTMA1.STEP',
    '2025-06-05T08:51:48',
    ( '' ),
    ( '' ),
    'SwSTEP 2.0',
    'SolidWorks 2020',
    '' );
FILE_SCHEMA (( 'AUTOMOTIVE_DESIGN' ));
ENDSEC;

DATA;
#1 = VECTOR ( 'NONE', #4135, 1000.000000000000000 ) ;
#2 = CARTESIAN_POINT ( 'NONE',  ( 1.198999999999999844, 0.1499999999999999944, -2.448999999999999844 ) ) ;
#3 = CARTESIAN_POINT ( 'NONE',  ( -1.500999999999998114, 0.1499999999999999944, 0.9500000000000473621 ) ) ;
#4 = ORIENTED_EDGE ( 'NONE', *, *, #147, .T. ) ;
#5 = EDGE_LOOP ( 'NONE', ( #3412, #3960, #2240, #1607 ) ) ;
#6 = ORIENTED_EDGE ( 'NONE', *, *, #1513, .F. ) ;
#7 =( NAMED_UNIT ( * ) PLANE_ANGLE_UNIT ( ) SI_UNIT ( $, .RADIAN. ) );
#8 = ORIENTED_EDGE ( 'NONE', *, *, #176, .F. ) ;
#9 = ADVANCED_FACE ( 'NONE', ( #2063 ), #1393, .F. ) ;
#10 = CARTESIAN_POINT ( 'NONE',  ( 0.7749999999999999112, 0.9320000000000000506, -2.500000000000000000 ) ) ;
#11 = ORIENTED_EDGE ( 'NONE', *, *, #2801, .F. ) ;
#12 = DIRECTION ( 'NONE',  ( 0.000000000000000000, -0.000000000000000000, -1.000000000000000000 ) ) ;
#13 =( LENGTH_UNIT ( ) NAMED_UNIT ( * ) SI_UNIT ( .MILLI., .METRE. ) );
#14 = ORIENTED_EDGE ( 'NONE', *, *, #2979, .T. ) ;
#15 = VECTOR ( 'NONE', #2682, 1000.000000000000000 ) ;
#16 = EDGE_CURVE ( 'NONE', #2373, #373, #2106, .T. ) ;
#17 = MECHANICAL_DESIGN_GEOMETRIC_PRESENTATION_REPRESENTATION (  '', ( #3565 ), #353 ) ;
#18 = ORIENTED_EDGE ( 'NONE', *, *, #913, .T. ) ;
#19 = CARTESIAN_POINT ( 'NONE',  ( 0.7749999999999999112, 0.1499999999999999944, -2.149000000000000021 ) ) ;
#20 = DIRECTION ( 'NONE',  ( 1.000000000000000000, 0.000000000000000000, 0.000000000000000000 ) ) ;
#21 = EDGE_CURVE ( 'NONE', #2663, #786, #1107, .T. ) ;
#22 = EDGE_LOOP ( 'NONE', ( #1584, #3229, #2915, #4202 ) ) ;
#23 = DIRECTION ( 'NONE',  ( 1.000000000000000000, -0.000000000000000000, -2.168404344971009499E-14 ) ) ;
#24 = EDGE_LOOP ( 'NONE', ( #3399, #1285, #3230, #178 ) ) ;
#25 = DIRECTION ( 'NONE',  ( 0.000000000000000000, 0.000000000000000000, 1.000000000000000000 ) ) ;
#26 = ORIENTED_EDGE ( 'NONE', *, *, #1076, .T. ) ;
#27 = UNCERTAINTY_MEASURE_WITH_UNIT (LENGTH_MEASURE( 1.000000000000000082E-05 ), #124, 'distance_accuracy_value', 'NONE');
#28 = ORIENTED_EDGE ( 'NONE', *, *, #3277, .T. ) ;
#29 = SURFACE_SIDE_STYLE ('',( #1680 ) ) ;
#30 = ORIENTED_EDGE ( 'NONE', *, *, #1076, .F. ) ;
#31 = VECTOR ( 'NONE', #2033, 1000.000000000000000 ) ;
#32 = DIRECTION ( 'NONE',  ( 1.000000000000000000, 0.000000000000000000, 0.000000000000000000 ) ) ;
#33 = ORIENTED_EDGE ( 'NONE', *, *, #424, .T. ) ;
#34 = EDGE_CURVE ( 'NONE', #4080, #3077, #1411, .T. ) ;
#35 = STYLED_ITEM ( 'NONE', ( #1117 ), #2550 ) ;
#36 = CARTESIAN_POINT ( 'NONE',  ( -0.5490000000000008207, -0.05000000000000000278, 2.325000000000000178 ) ) ;
#37 = DIRECTION ( 'NONE',  ( 0.000000000000000000, -1.000000000000000000, 0.000000000000000000 ) ) ;
#38 = EDGE_LOOP ( 'NONE', ( #410, #598, #3571, #1021 ) ) ;
#39 = ORIENTED_EDGE ( 'NONE', *, *, #1895, .T. ) ;
#40 = ADVANCED_FACE ( 'NONE', ( #418 ), #3408, .T. ) ;
#41 = LINE ( 'NONE', #355, #3908 ) ;
#42 = CARTESIAN_POINT ( 'NONE',  ( 1.308000000000000496, 0.9819999999999999840, 2.167999999999999705 ) ) ;
#43 = ORIENTED_EDGE ( 'NONE', *, *, #1025, .F. ) ;
#44 = CARTESIAN_POINT ( 'NONE',  ( 1.098999999999999977, 0.1499999999999999944, 2.449000000000000288 ) ) ;
#45 = SURFACE_SIDE_STYLE ('',( #3203 ) ) ;
#46 = ORIENTED_EDGE ( 'NONE', *, *, #842, .F. ) ;
#47 = DIRECTION ( 'NONE',  ( 0.000000000000000000, -1.000000000000000000, 0.000000000000000000 ) ) ;
#48 = VECTOR ( 'NONE', #730, 1000.000000000000000 ) ;
#49 = FACE_OUTER_BOUND ( 'NONE', #3039, .T. ) ;
#50 = EDGE_CURVE ( 'NONE', #585, #1064, #3857, .T. ) ;
#51 = ADVANCED_FACE ( 'NONE', ( #2683 ), #3661, .T. ) ;
#52 = CARTESIAN_POINT ( 'NONE',  ( 1.499999999999999778, 0.000000000000000000, 1.199999999999994627 ) ) ;
#53 = ORIENTED_EDGE ( 'NONE', *, *, #2995, .F. ) ;
#54 = AXIS2_PLACEMENT_3D ( 'NONE', #2307, #2540, #1281 ) ;
#55 = CARTESIAN_POINT ( 'NONE',  ( 1.308000000000000496, 0.9320000000000000506, 2.167999999999999705 ) ) ;
#56 = CARTESIAN_POINT ( 'NONE',  ( -0.2260000000000002840, -0.05000000000000000278, -2.501000000000006551 ) ) ;
#57 = ORIENTED_EDGE ( 'NONE', *, *, #3568, .F. ) ;
#58 = VECTOR ( 'NONE', #3496, 1000.000000000000000 ) ;
#59 = PLANE ( 'NONE',  #1474 ) ;
#60 = AXIS2_PLACEMENT_3D ( 'NONE', #271, #2913, #291 ) ;
#61 = ORIENTED_EDGE ( 'NONE', *, *, #2727, .T. ) ;
#62 = DIRECTION ( 'NONE',  ( -2.168404344971103026E-13, 0.000000000000000000, -1.000000000000000000 ) ) ;
#63 = DIRECTION ( 'NONE',  ( -0.000000000000000000, 1.000000000000000000, 0.000000000000000000 ) ) ;
#64 = ORIENTED_EDGE ( 'NONE', *, *, #259, .F. ) ;
#65 = VECTOR ( 'NONE', #1168, 1000.000000000000000 ) ;
#66 = VERTEX_POINT ( 'NONE', #897 ) ;
#67 = CARTESIAN_POINT ( 'NONE',  ( -0.1250000000000000833, 0.1499999999999999944, 2.449000000000001176 ) ) ;
#68 = DIRECTION ( 'NONE',  ( 0.000000000000000000, -1.000000000000000000, 0.000000000000000000 ) ) ;
#69 = EDGE_LOOP ( 'NONE', ( #2435, #1252, #2666, #425 ) ) ;
#70 = LINE ( 'NONE', #1350, #3993 ) ;
#71 = PLANE ( 'NONE',  #3774 ) ;
#72 = VECTOR ( 'NONE', #459, 1000.000000000000000 ) ;
#73 = ORIENTED_EDGE ( 'NONE', *, *, #1738, .T. ) ;
#74 = SURFACE_SIDE_STYLE ('',( #3373 ) ) ;
#75 = LINE ( 'NONE', #3060, #2669 ) ;
#76 = DIRECTION ( 'NONE',  ( 0.000000000000000000, 0.000000000000000000, -1.000000000000000000 ) ) ;
#77 = ORIENTED_EDGE ( 'NONE', *, *, #3334, .T. ) ;
#78 = CARTESIAN_POINT ( 'NONE',  ( -1.500000000000000222, 0.000000000000000000, 2.500000000000000000 ) ) ;
#79 = DIRECTION ( 'NONE',  ( 0.000000000000000000, -1.000000000000000000, 0.000000000000000000 ) ) ;
#80 = VERTEX_POINT ( 'NONE', #561 ) ;
#81 = ADVANCED_FACE ( 'NONE', ( #229 ), #915, .F. ) ;
#82 = CARTESIAN_POINT ( 'NONE',  ( -1.500000000000000222, 0.000000000000000000, 0.9500000000000582423 ) ) ;
#83 = ORIENTED_EDGE ( 'NONE', *, *, #3769, .F. ) ;
#84 = DIRECTION ( 'NONE',  ( 0.000000000000000000, -1.000000000000000000, 0.000000000000000000 ) ) ;
#85 = DIRECTION ( 'NONE',  ( -0.000000000000000000, 1.000000000000000000, 0.000000000000000000 ) ) ;
#86 = VECTOR ( 'NONE', #3948, 1000.000000000000000 ) ;
#87 = ORIENTED_EDGE ( 'NONE', *, *, #1202, .F. ) ;
#88 = DIRECTION ( 'NONE',  ( 0.000000000000000000, -1.000000000000000000, 0.000000000000000000 ) ) ;
#89 = CARTESIAN_POINT ( 'NONE',  ( -0.1000000000000002831, 0.000000000000000000, -2.325000000000000178 ) ) ;
#90 = ORIENTED_EDGE ( 'NONE', *, *, #2489, .F. ) ;
#91 = DIRECTION ( 'NONE',  ( 0.000000000000000000, -0.000000000000000000, -1.000000000000000000 ) ) ;
#92 = VECTOR ( 'NONE', #750, 1000.000000000000000 ) ;
#93 = ORIENTED_EDGE ( 'NONE', *, *, #3225, .F. ) ;
#94 = VECTOR ( 'NONE', #2741, 1000.000000000000000 ) ;
#95 = LINE ( 'NONE', #381, #3882 ) ;
#96 = EDGE_CURVE ( 'NONE', #1230, #3934, #210, .T. ) ;
#97 = FACE_OUTER_BOUND ( 'NONE', #1615, .T. ) ;
#98 = ORIENTED_EDGE ( 'NONE', *, *, #3780, .F. ) ;
#99 = LINE ( 'NONE', #3654, #3017 ) ;
#100 = ORIENTED_EDGE ( 'NONE', *, *, #1020, .T. ) ;
#101 = FILL_AREA_STYLE_COLOUR ( '', #526 ) ;
#102 = VECTOR ( 'NONE', #1700, 1000.000000000000000 ) ;
#103 = LINE ( 'NONE', #1660, #2067 ) ;
#104 = CARTESIAN_POINT ( 'NONE',  ( -1.500000000000000222, 0.9320000000000000506, 1.199999999999989519 ) ) ;
#105 = SURFACE_STYLE_FILL_AREA ( #3365 ) ;
#106 = SURFACE_SIDE_STYLE ('',( #4021 ) ) ;
#107 = CARTESIAN_POINT ( 'NONE',  ( -1.501000000000000112, 0.1499999999999999944, -2.324999999999999734 ) ) ;
#108 = AXIS2_PLACEMENT_3D ( 'NONE', #2862, #3228, #971 ) ;
#109 = EDGE_LOOP ( 'NONE', ( #3189, #1846 ) ) ;
#110 = DIRECTION ( 'NONE',  ( 0.000000000000000000, 1.000000000000000000, -0.000000000000000000 ) ) ;
#111 = EDGE_LOOP ( 'NONE', ( #3159, #2612, #3856, #2268 ) ) ;
#112 = VECTOR ( 'NONE', #3151, 1000.000000000000000 ) ;
#113 = DIRECTION ( 'NONE',  ( 0.000000000000000000, 1.000000000000000000, 0.000000000000000000 ) ) ;
#114 = CARTESIAN_POINT ( 'NONE',  ( 0.6749999999999999334, 0.1499999999999999944, 2.449000000000001176 ) ) ;
#115 = DIRECTION ( 'NONE',  ( -0.000000000000000000, 1.000000000000000000, -0.000000000000000000 ) ) ;
#116 = ADVANCED_FACE ( 'NONE', ( #854 ), #1850, .T. ) ;
#117 = CARTESIAN_POINT ( 'NONE',  ( -1.076000000000000290, -0.000000000000000000, 0.000000000000000000 ) ) ;
#118 = EDGE_CURVE ( 'NONE', #2332, #3797, #247, .T. ) ;
#119 = DIRECTION ( 'NONE',  ( 0.000000000000000000, -1.000000000000000000, 0.000000000000000000 ) ) ;
#120 = ORIENTED_EDGE ( 'NONE', *, *, #1877, .T. ) ;
#121 = MECHANICAL_DESIGN_GEOMETRIC_PRESENTATION_REPRESENTATION (  '', ( #3772 ), #2818 ) ;
#122 = VECTOR ( 'NONE', #962, 1000.000000000000000 ) ;
#123 = VECTOR ( 'NONE', #2859, 1000.000000000000000 ) ;
#124 =( LENGTH_UNIT ( ) NAMED_UNIT ( * ) SI_UNIT ( .MILLI., .METRE. ) );
#125 = VECTOR ( 'NONE', #2518, 1000.000000000000000 ) ;
#126 = CARTESIAN_POINT ( 'NONE',  ( 0.000000000000000000, -0.05000000000000000278, 0.000000000000000000 ) ) ;
#127 = FACE_OUTER_BOUND ( 'NONE', #1632, .T. ) ;
#128 = ORIENTED_EDGE ( 'NONE', *, *, #2841, .F. ) ;
#129 = PRESENTATION_STYLE_ASSIGNMENT (( #2768 ) ) ;
#130 = CARTESIAN_POINT ( 'NONE',  ( 1.499999999999999778, 0.1499999999999999667, -2.324999999999999289 ) ) ;
#131 = ORIENTED_EDGE ( 'NONE', *, *, #2259, .F. ) ;
#132 = EDGE_CURVE ( 'NONE', #3647, #2674, #290, .T. ) ;
#133 = ADVANCED_FACE ( 'NONE', ( #3810 ), #2511, .T. ) ;
#134 = CARTESIAN_POINT ( 'NONE',  ( -1.500999999999997669, -0.05000000000000000278, 2.084999999999999964 ) ) ;
#135 = LINE ( 'NONE', #1419, #3484 ) ;
#136 = FILL_AREA_STYLE ('',( #2052 ) ) ;
#137 = LINE ( 'NONE', #1062, #2127 ) ;
#138 = EDGE_LOOP ( 'NONE', ( #3860, #90, #3494, #172 ) ) ;
#139 = LINE ( 'NONE', #2080, #1610 ) ;
#140 = EDGE_CURVE ( 'NONE', #1503, #2472, #2155, .T. ) ;
#141 = PLANE ( 'NONE',  #1865 ) ;
#142 = FACE_OUTER_BOUND ( 'NONE', #2211, .T. ) ;
#143 = EDGE_CURVE ( 'NONE', #3282, #1207, #2912, .T. ) ;
#144 = DIRECTION ( 'NONE',  ( -0.000000000000000000, 1.000000000000000000, 0.000000000000000000 ) ) ;
#145 = CARTESIAN_POINT ( 'NONE',  ( -1.099000000000000199, 0.1499999999999999944, 2.449000000000000288 ) ) ;
#146 = FACE_OUTER_BOUND ( 'NONE', #1999, .T. ) ;
#147 = EDGE_CURVE ( 'NONE', #2854, #3910, #4090, .T. ) ;
#148 = ORIENTED_EDGE ( 'NONE', *, *, #1543, .F. ) ;
#149 = CARTESIAN_POINT ( 'NONE',  ( 0.0009999999999991027351, -0.05000000000000000278, 2.325000000000000178 ) ) ;
#150 = EDGE_CURVE ( 'NONE', #292, #277, #3827, .T. ) ;
#151 = DIRECTION ( 'NONE',  ( 0.000000000000000000, -1.000000000000000000, 0.000000000000000000 ) ) ;
#152 = CARTESIAN_POINT ( 'NONE',  ( -0.4250000000000000444, 0.1499999999999999944, 2.501000000000000334 ) ) ;
#153 = VECTOR ( 'NONE', #420, 1000.000000000000000 ) ;
#154 = VECTOR ( 'NONE', #3181, 1000.000000000000000 ) ;
#155 = PRESENTATION_STYLE_ASSIGNMENT (( #783 ) ) ;
#156 = CIRCLE ( 'NONE', #3136, 0.1239999999999999714 ) ;
#157 = FILL_AREA_STYLE ('',( #1063 ) ) ;
#158 = VERTEX_POINT ( 'NONE', #3508 ) ;
#159 = ORIENTED_EDGE ( 'NONE', *, *, #2723, .F. ) ;
#160 = FACE_OUTER_BOUND ( 'NONE', #2552, .T. ) ;
#161 = LINE ( 'NONE', #2759, #65 ) ;
#162 = CARTESIAN_POINT ( 'NONE',  ( -0.001000000000000051412, 0.1499999999999999944, 2.449000000000000288 ) ) ;
#163 = DIRECTION ( 'NONE',  ( -0.000000000000000000, -0.000000000000000000, 1.000000000000000000 ) ) ;
#164 = ORIENTED_EDGE ( 'NONE', *, *, #2288, .T. ) ;
#165 = LINE ( 'NONE', #496, #2898 ) ;
#166 = EDGE_CURVE ( 'NONE', #1256, #1704, #1571, .T. ) ;
#167 = DIRECTION ( 'NONE',  ( 0.000000000000000000, 0.000000000000000000, 1.000000000000000000 ) ) ;
#168 = FILL_AREA_STYLE ('',( #3626 ) ) ;
#169 = VERTEX_POINT ( 'NONE', #1150 ) ;
#170 = EDGE_CURVE ( 'NONE', #1642, #1874, #2130, .T. ) ;
#171 = MECHANICAL_DESIGN_GEOMETRIC_PRESENTATION_REPRESENTATION (  '', ( #3682 ), #2873 ) ;
#172 = ORIENTED_EDGE ( 'NONE', *, *, #1383, .T. ) ;
#173 = CARTESIAN_POINT ( 'NONE',  ( -0.6520000000000002460, 0.000000000000000000, -2.324999999999999734 ) ) ;
#174 = EDGE_CURVE ( 'NONE', #2910, #3064, #2549, .T. ) ;
#175 = CARTESIAN_POINT ( 'NONE',  ( 0.6749999999999998224, 0.1499999999999999944, 2.501000000000000334 ) ) ;
#176 = EDGE_CURVE ( 'NONE', #4036, #589, #2869, .T. ) ;
#177 = DIRECTION ( 'NONE',  ( 0.000000000000000000, -1.000000000000000000, 0.000000000000000000 ) ) ;
#178 = ORIENTED_EDGE ( 'NONE', *, *, #2420, .T. ) ;
#179 = ORIENTED_EDGE ( 'NONE', *, *, #3976, .F. ) ;
#180 = DIRECTION ( 'NONE',  ( 0.000000000000000000, 0.000000000000000000, 1.000000000000000000 ) ) ;
#181 = EDGE_LOOP ( 'NONE', ( #3305, #131, #650, #1314, #1858, #221 ) ) ;
#182 = CARTESIAN_POINT ( 'NONE',  ( -1.307999999999999607, 0.9819999999999999840, -2.168000000000000593 ) ) ;
#183 = UNCERTAINTY_MEASURE_WITH_UNIT (LENGTH_MEASURE( 1.000000000000000082E-05 ), #2030, 'distance_accuracy_value', 'NONE');
#184 = CARTESIAN_POINT ( 'NONE',  ( 1.499999999999999778, 0.000000000000000000, 2.500000000000000000 ) ) ;
#185 = DIRECTION ( 'NONE',  ( 2.085004177856462770E-15, -0.000000000000000000, 1.000000000000000000 ) ) ;
#186 = ORIENTED_EDGE ( 'NONE', *, *, #1975, .F. ) ;
#187 = VECTOR ( 'NONE', #4145, 1000.000000000000000 ) ;
#188 = LINE ( 'NONE', #2089, #4129 ) ;
#189 = DIRECTION ( 'NONE',  ( -0.000000000000000000, 1.000000000000000000, -0.000000000000000000 ) ) ;
#190 = CARTESIAN_POINT ( 'NONE',  ( 1.500999999999988566, -0.05000000000000000278, 0.1250000000000608402 ) ) ;
#191 = VERTEX_POINT ( 'NONE', #2640 ) ;
#192 = ORIENTED_EDGE ( 'NONE', *, *, #2387, .F. ) ;
#193 = FACE_OUTER_BOUND ( 'NONE', #379, .T. ) ;
#194 = AXIS2_PLACEMENT_3D ( 'NONE', #3677, #3641, #774 ) ;
#195 = PLANE ( 'NONE',  #1737 ) ;
#196 = DIRECTION ( 'NONE',  ( -0.000000000000000000, 1.000000000000000000, 0.000000000000000000 ) ) ;
#197 = CARTESIAN_POINT ( 'NONE',  ( 1.308000000000000496, 0.9819999999999999840, 2.167999999999999705 ) ) ;
#198 = VERTEX_POINT ( 'NONE', #1708 ) ;
#199 = VECTOR ( 'NONE', #119, 1000.000000000000000 ) ;
#200 = EDGE_LOOP ( 'NONE', ( #2317, #2626, #625, #2161 ) ) ;
#201 = DIRECTION ( 'NONE',  ( 0.000000000000000000, -0.000000000000000000, -1.000000000000000000 ) ) ;
#202 = EDGE_CURVE ( 'NONE', #391, #2908, #1978, .T. ) ;
#203 = EDGE_CURVE ( 'NONE', #2854, #1010, #1685, .T. ) ;
#204 = ORIENTED_EDGE ( 'NONE', *, *, #4099, .F. ) ;
#205 = CARTESIAN_POINT ( 'NONE',  ( -0.6500000000000002442, 0.000000000000000000, -2.324999999999999734 ) ) ;
#206 = EDGE_CURVE ( 'NONE', #468, #724, #409, .T. ) ;
#207 = CYLINDRICAL_SURFACE ( 'NONE', #1790, 0.1239999999999999714 ) ;
#208 = DIRECTION ( 'NONE',  ( -0.000000000000000000, 1.000000000000000000, -0.000000000000000000 ) ) ;
#209 = EDGE_CURVE ( 'NONE', #641, #2038, #1049, .T. ) ;
#210 = LINE ( 'NONE', #1511, #1690 ) ;
#211 = CARTESIAN_POINT ( 'NONE',  ( -1.500000000000000222, 0.1499999999999999667, 1.199999999999999956 ) ) ;
#212 = LINE ( 'NONE', #4002, #1090 ) ;
#213 = LINE ( 'NONE', #838, #3811 ) ;
#214 = VERTEX_POINT ( 'NONE', #3363 ) ;
#215 = ORIENTED_EDGE ( 'NONE', *, *, #2011, .F. ) ;
#216 = SURFACE_STYLE_FILL_AREA ( #1859 ) ;
#217 = LINE ( 'NONE', #3499, #1403 ) ;
#218 = AXIS2_PLACEMENT_3D ( 'NONE', #1402, #1137, #823 ) ;
#219 = DIRECTION ( 'NONE',  ( 0.000000000000000000, 0.000000000000000000, 1.000000000000000000 ) ) ;
#220 = VERTEX_POINT ( 'NONE', #370 ) ;
#221 = ORIENTED_EDGE ( 'NONE', *, *, #3413, .F. ) ;
#222 = CARTESIAN_POINT ( 'NONE',  ( -0.1250000000000000555, 0.000000000000000000, 2.449000000000001176 ) ) ;
#223 = AXIS2_PLACEMENT_3D ( 'NONE', #3196, #921, #1255 ) ;
#224 = VECTOR ( 'NONE', #2149, 1000.000000000000000 ) ;
#225 = ORIENTED_EDGE ( 'NONE', *, *, #4171, .F. ) ;
#226 = PLANE ( 'NONE',  #4193 ) ;
#227 = LINE ( 'NONE', #4131, #1115 ) ;
#228 = DIRECTION ( 'NONE',  ( 0.000000000000000000, -1.000000000000000000, 0.000000000000000000 ) ) ;
#229 = FACE_OUTER_BOUND ( 'NONE', #2645, .T. ) ;
#230 = EDGE_CURVE ( 'NONE', #3530, #2851, #2339, .T. ) ;
#231 = CARTESIAN_POINT ( 'NONE',  ( -0.7760000000000003562, -0.05000000000000000278, -2.501000000000006551 ) ) ;
#232 = CARTESIAN_POINT ( 'NONE',  ( 1.499999999999999778, 0.9320000000000000506, 2.325000000000031264 ) ) ;
#233 = LINE ( 'NONE', #3095, #3870 ) ;
#234 = ORIENTED_EDGE ( 'NONE', *, *, #2732, .T. ) ;
#235 = ORIENTED_EDGE ( 'NONE', *, *, #2529, .T. ) ;
#236 = CARTESIAN_POINT ( 'NONE',  ( -1.500999999999997669, 0.1499999999999999944, 2.084999999999999964 ) ) ;
#237 = DIRECTION ( 'NONE',  ( -0.000000000000000000, -0.000000000000000000, -1.000000000000000000 ) ) ;
#238 = AXIS2_PLACEMENT_3D ( 'NONE', #3019, #406, #2010 ) ;
#239 = DIRECTION ( 'NONE',  ( 0.000000000000000000, 0.000000000000000000, -1.000000000000000000 ) ) ;
#240 = DIRECTION ( 'NONE',  ( -1.000000000000000000, 0.000000000000000000, -1.141265444721606782E-14 ) ) ;
#241 = VECTOR ( 'NONE', #4103, 1000.000000000000000 ) ;
#242 = VERTEX_POINT ( 'NONE', #1727 ) ;
#243 = EDGE_CURVE ( 'NONE', #292, #1157, #2318, .T. ) ;
#244 = ORIENTED_EDGE ( 'NONE', *, *, #1268, .T. ) ;
#245 = DIRECTION ( 'NONE',  ( 0.000000000000000000, -1.000000000000000000, 0.000000000000000000 ) ) ;
#246 = CARTESIAN_POINT ( 'NONE',  ( 1.500999999999999224, 0.1499999999999999944, 2.325000000000000178 ) ) ;
#247 = LINE ( 'NONE', #2490, #1 ) ;
#248 = VECTOR ( 'NONE', #415, 1000.000000000000000 ) ;
#249 = PLANE ( 'NONE',  #3709 ) ;
#250 = CARTESIAN_POINT ( 'NONE',  ( 1.074999999999999956, 0.000000000000000000, -2.448999999999999844 ) ) ;
#251 = LINE ( 'NONE', #4096, #2653 ) ;
#252 = EDGE_CURVE ( 'NONE', #3771, #867, #2681, .T. ) ;
#253 = EDGE_LOOP ( 'NONE', ( #1828, #3249, #1357, #93 ) ) ;
#254 = CIRCLE ( 'NONE', #2007, 0.1239999999999999714 ) ;
#255 = ORIENTED_EDGE ( 'NONE', *, *, #1369, .T. ) ;
#256 = VECTOR ( 'NONE', #4203, 1000.000000000000000 ) ;
#257 = CARTESIAN_POINT ( 'NONE',  ( -1.500000000000000222, 0.1499999999999999944, -2.324999999999999734 ) ) ;
#258 = CIRCLE ( 'NONE', #2963, 0.1239999999999999714 ) ;
#259 = EDGE_CURVE ( 'NONE', #1548, #2886, #1085, .T. ) ;
#260 = CARTESIAN_POINT ( 'NONE',  ( 1.500999999999977463, -0.05000000000000000278, 1.199999999999999956 ) ) ;
#261 = EDGE_CURVE ( 'NONE', #1370, #2876, #3327, .T. ) ;
#262 = DIRECTION ( 'NONE',  ( 0.000000000000000000, 0.000000000000000000, 1.000000000000000000 ) ) ;
#263 = LINE ( 'NONE', #1821, #1921 ) ;
#264 = ORIENTED_EDGE ( 'NONE', *, *, #2660, .F. ) ;
#265 = AXIS2_PLACEMENT_3D ( 'NONE', #3640, #2703, #3011 ) ;
#266 = DIRECTION ( 'NONE',  ( 7.204001146083087785E-16, 0.000000000000000000, 1.000000000000000000 ) ) ;
#267 = MECHANICAL_DESIGN_GEOMETRIC_PRESENTATION_REPRESENTATION (  '', ( #3376 ), #1542 ) ;
#268 = VERTEX_POINT ( 'NONE', #3980 ) ;
#269 = CARTESIAN_POINT ( 'NONE',  ( 1.075000000000010170, 0.000000000000000000, -4.482758982391997922E-15 ) ) ;
#270 = CARTESIAN_POINT ( 'NONE',  ( -0.4250000000000000444, 0.1499999999999999944, 2.501000000000000334 ) ) ;
#271 = CARTESIAN_POINT ( 'NONE',  ( 0.000000000000000000, 0.000000000000000000, 0.000000000000000000 ) ) ;
#272 = DIRECTION ( 'NONE',  ( -0.000000000000000000, 1.000000000000000000, -0.000000000000000000 ) ) ;
#273 = ORIENTED_EDGE ( 'NONE', *, *, #2765, .F. ) ;
#274 = PLANE ( 'NONE',  #2719 ) ;
#275 = EDGE_CURVE ( 'NONE', #965, #3851, #103, .T. ) ;
#276 = DIRECTION ( 'NONE',  ( 0.000000000000000000, 0.000000000000000000, -1.000000000000000000 ) ) ;
#277 = VERTEX_POINT ( 'NONE', #1067 ) ;
#278 = ORIENTED_EDGE ( 'NONE', *, *, #3569, .F. ) ;
#279 = LINE ( 'NONE', #334, #996 ) ;
#280 = CARTESIAN_POINT ( 'NONE',  ( -0.4250000000000000444, -0.05000000000000000278, 2.449000000000001176 ) ) ;
#281 = ADVANCED_FACE ( 'NONE', ( #3029 ), #2960, .T. ) ;
#282 = LINE ( 'NONE', #1564, #2547 ) ;
#283 = DIRECTION ( 'NONE',  ( -1.000000000000000000, 0.000000000000000000, -7.223199017225271389E-15 ) ) ;
#284 = VERTEX_POINT ( 'NONE', #2376 ) ;
#285 = FILL_AREA_STYLE_COLOUR ( '', #872 ) ;
#286 = ORIENTED_EDGE ( 'NONE', *, *, #424, .F. ) ;
#287 = VECTOR ( 'NONE', #276, 1000.000000000000000 ) ;
#288 = LINE ( 'NONE', #2631, #617 ) ;
#289 = CIRCLE ( 'NONE', #350, 0.1239999999999999714 ) ;
#290 = LINE ( 'NONE', #270, #2364 ) ;
#291 = DIRECTION ( 'NONE',  ( 0.000000000000000000, -0.000000000000000000, -1.000000000000000000 ) ) ;
#292 = VERTEX_POINT ( 'NONE', #689 ) ;
#293 =( NAMED_UNIT ( * ) SI_UNIT ( $, .STERADIAN. ) SOLID_ANGLE_UNIT ( ) );
#294 = ORIENTED_EDGE ( 'NONE', *, *, #4144, .F. ) ;
#295 = EDGE_CURVE ( 'NONE', #2038, #3474, #1320, .T. ) ;
#296 = ORIENTED_EDGE ( 'NONE', *, *, #3886, .F. ) ;
#297 = CARTESIAN_POINT ( 'NONE',  ( -1.500000000000000222, 0.000000000000000000, 2.500000000000000000 ) ) ;
#298 = ORIENTED_EDGE ( 'NONE', *, *, #411, .T. ) ;
#299 = DIRECTION ( 'NONE',  ( 1.000000000000000000, 0.000000000000000000, -0.000000000000000000 ) ) ;
#300 = DIRECTION ( 'NONE',  ( 0.000000000000000000, -1.000000000000000000, 0.000000000000000000 ) ) ;
#301 = ADVANCED_FACE ( 'NONE', ( #433 ), #1409, .F. ) ;
#302 = DIRECTION ( 'NONE',  ( 0.000000000000000000, -0.000000000000000000, 1.000000000000000000 ) ) ;
#303 = ORIENTED_EDGE ( 'NONE', *, *, #1441, .T. ) ;
#304 = VECTOR ( 'NONE', #3044, 1000.000000000000000 ) ;
#305 = ORIENTED_EDGE ( 'NONE', *, *, #630, .F. ) ;
#306 = DIRECTION ( 'NONE',  ( 1.000000000000000000, 0.000000000000000000, 0.000000000000000000 ) ) ;
#307 = LINE ( 'NONE', #3845, #504 ) ;
#308 = AXIS2_PLACEMENT_3D ( 'NONE', #3807, #3608, #579 ) ;
#309 = ADVANCED_FACE ( 'NONE', ( #3051 ), #141, .T. ) ;
#310 = SURFACE_STYLE_USAGE ( .BOTH. , #3256 ) ;
#311 = ORIENTED_EDGE ( 'NONE', *, *, #202, .F. ) ;
#312 = ORIENTED_EDGE ( 'NONE', *, *, #4051, .T. ) ;
#313 = ORIENTED_EDGE ( 'NONE', *, *, #2814, .T. ) ;
#314 = DIRECTION ( 'NONE',  ( 0.000000000000000000, -0.000000000000000000, 1.000000000000000000 ) ) ;
#315 = ORIENTED_EDGE ( 'NONE', *, *, #382, .F. ) ;
#316 = LINE ( 'NONE', #2945, #2479 ) ;
#317 = COLOUR_RGB ( '',0.2509803921568627416, 0.2509803921568627416, 0.2509803921568627416 ) ;
#318 = DIRECTION ( 'NONE',  ( -1.000000000000000000, 0.000000000000000000, 7.204001146083087785E-16 ) ) ;
#319 = ORIENTED_EDGE ( 'NONE', *, *, #2680, .F. ) ;
#320 = EDGE_LOOP ( 'NONE', ( #1916, #273, #3007, #2300, #46, #980 ) ) ;
#321 = EDGE_CURVE ( 'NONE', #2459, #3296, #2813, .T. ) ;
#322 = ORIENTED_EDGE ( 'NONE', *, *, #842, .T. ) ;
#323 = PLANE ( 'NONE',  #1449 ) ;
#324 = EDGE_CURVE ( 'NONE', #3676, #3829, #2204, .T. ) ;
#325 = EDGE_CURVE ( 'NONE', #1503, #1774, #538, .T. ) ;
#326 = EDGE_CURVE ( 'NONE', #961, #1024, #3405, .T. ) ;
#327 = FILL_AREA_STYLE_COLOUR ( '', #1941 ) ;
#328 = ORIENTED_EDGE ( 'NONE', *, *, #766, .T. ) ;
#329 = SURFACE_STYLE_USAGE ( .BOTH. , #981 ) ;
#330 = LINE ( 'NONE', #348, #958 ) ;
#331 = ORIENTED_EDGE ( 'NONE', *, *, #820, .F. ) ;
#332 = AXIS2_PLACEMENT_3D ( 'NONE', #2401, #3705, #2091 ) ;
#333 = EDGE_LOOP ( 'NONE', ( #1295, #1093, #2633, #1279 ) ) ;
#334 = CARTESIAN_POINT ( 'NONE',  ( -1.500000000000000222, 0.9320000000000000506, 2.325000000000000178 ) ) ;
#335 = LINE ( 'NONE', #1618, #1908 ) ;
#336 = ORIENTED_EDGE ( 'NONE', *, *, #3652, .F. ) ;
#337 = CARTESIAN_POINT ( 'NONE',  ( 0.000000000000000000, 0.1499999999999999944, 0.000000000000000000 ) ) ;
#338 = CARTESIAN_POINT ( 'NONE',  ( 0.02399999999999947314, 0.000000000000000000, -2.448999999999999844 ) ) ;
#339 = CARTESIAN_POINT ( 'NONE',  ( -0.4250000000000000444, -0.05000000000000000278, 2.501000000000000334 ) ) ;
#340 = ORIENTED_EDGE ( 'NONE', *, *, #261, .T. ) ;
#341 = ORIENTED_EDGE ( 'NONE', *, *, #3464, .F. ) ;
#342 = DIRECTION ( 'NONE',  ( 0.000000000000000000, -1.000000000000000000, 0.000000000000000000 ) ) ;
#343 = CARTESIAN_POINT ( 'NONE',  ( 0.0009999999999999972019, 0.1499999999999999944, 2.449000000000000288 ) ) ;
#344 = ORIENTED_EDGE ( 'NONE', *, *, #4092, .F. ) ;
#345 = EDGE_CURVE ( 'NONE', #2450, #3197, #1831, .T. ) ;
#346 = LINE ( 'NONE', #2849, #2082 ) ;
#347 = EDGE_LOOP ( 'NONE', ( #1186, #3182, #3714, #1133, #3918, #1216, #2504, #3700, #2679, #421, #1691, #3833, #1781, #1428, #73, #3140, #3613, #376, #3372, #705 ) ) ;
#348 = CARTESIAN_POINT ( 'NONE',  ( -0.4250000000000000444, 0.1499999999999999944, 2.449000000000001176 ) ) ;
#349 = ORIENTED_EDGE ( 'NONE', *, *, #50, .F. ) ;
#350 = AXIS2_PLACEMENT_3D ( 'NONE', #2665, #2685, #1372 ) ;
#351 = MECHANICAL_DESIGN_GEOMETRIC_PRESENTATION_REPRESENTATION (  '', ( #3134 ), #3942 ) ;
#352 = EDGE_CURVE ( 'NONE', #3292, #1548, #3423, .T. ) ;
#353 =( GEOMETRIC_REPRESENTATION_CONTEXT ( 3 ) GLOBAL_UNCERTAINTY_ASSIGNED_CONTEXT ( ( #871 ) ) GLOBAL_UNIT_ASSIGNED_CONTEXT ( ( #1931, #3258, #2852 ) ) REPRESENTATION_CONTEXT ( 'NONE', 'WORKASPACE' ) );
#354 = VERTEX_POINT ( 'NONE', #3743 ) ;
#355 = CARTESIAN_POINT ( 'NONE',  ( 0.000000000000000000, 0.000000000000000000, 2.325000000000000178 ) ) ;
#356 = LINE ( 'NONE', #2090, #554 ) ;
#357 = ORIENTED_EDGE ( 'NONE', *, *, #1772, .F. ) ;
#358 = SURFACE_STYLE_USAGE ( .BOTH. , #45 ) ;
#359 = VERTEX_POINT ( 'NONE', #2762 ) ;
#360 = CARTESIAN_POINT ( 'NONE',  ( -1.500999999999939050, 0.1499999999999999944, -0.9499999999999124700 ) ) ;
#361 = CARTESIAN_POINT ( 'NONE',  ( -1.500000000000000222, 0.000000000000000000, 2.500000000000000000 ) ) ;
#362 = UNCERTAINTY_MEASURE_WITH_UNIT (LENGTH_MEASURE( 1.000000000000000082E-05 ), #3546, 'distance_accuracy_value', 'NONE');
#363 = ORIENTED_EDGE ( 'NONE', *, *, #1307, .T. ) ;
#364 = CARTESIAN_POINT ( 'NONE',  ( -1.076000000000000290, 0.000000000000000000, -2.500000000000000000 ) ) ;
#365 =( LENGTH_UNIT ( ) NAMED_UNIT ( * ) SI_UNIT ( .MILLI., .METRE. ) );
#366 = EDGE_LOOP ( 'NONE', ( #1465, #3625, #128, #234 ) ) ;
#367 = PRESENTATION_LAYER_ASSIGNMENT (  '', '', ( #3682 ) ) ;
#368 = DIRECTION ( 'NONE',  ( 0.000000000000000000, 1.000000000000000000, 0.000000000000000000 ) ) ;
#369 = EDGE_LOOP ( 'NONE', ( #4015, #3736, #732, #3085 ) ) ;
#370 = CARTESIAN_POINT ( 'NONE',  ( -1.099000000000001087, -0.05000000000000000278, 2.325000000000000178 ) ) ;
#371 = LINE ( 'NONE', #1345, #2926 ) ;
#372 = ORIENTED_EDGE ( 'NONE', *, *, #2632, .F. ) ;
#373 = VERTEX_POINT ( 'NONE', #4088 ) ;
#374 = CARTESIAN_POINT ( 'NONE',  ( -4.160562633921798546E-15, 0.000000000000000000, 1.199999999999994627 ) ) ;
#375 = EDGE_CURVE ( 'NONE', #1792, #1768, #4065, .T. ) ;
#376 = ORIENTED_EDGE ( 'NONE', *, *, #1151, .F. ) ;
#377 = FACE_OUTER_BOUND ( 'NONE', #2791, .T. ) ;
#378 = LINE ( 'NONE', #1035, #2686 ) ;
#379 = EDGE_LOOP ( 'NONE', ( #2836, #1310, #2481, #3299 ) ) ;
#380 = CARTESIAN_POINT ( 'NONE',  ( 1.499999999999999778, 0.000000000000000000, 2.500000000000000000 ) ) ;
#381 = CARTESIAN_POINT ( 'NONE',  ( 0.6749999999999999334, -0.05000000000000000278, 2.449000000000001176 ) ) ;
#382 = EDGE_CURVE ( 'NONE', #901, #845, #227, .T. ) ;
#383 = DIRECTION ( 'NONE',  ( -0.000000000000000000, 1.000000000000000000, 0.000000000000000000 ) ) ;
#384 = ORIENTED_EDGE ( 'NONE', *, *, #452, .T. ) ;
#385 =( GEOMETRIC_REPRESENTATION_CONTEXT ( 3 ) GLOBAL_UNCERTAINTY_ASSIGNED_CONTEXT ( ( #1783 ) ) GLOBAL_UNIT_ASSIGNED_CONTEXT ( ( #969, #3923, #1017 ) ) REPRESENTATION_CONTEXT ( 'NONE', 'WORKASPACE' ) );
#386 =( NAMED_UNIT ( * ) SI_UNIT ( $, .STERADIAN. ) SOLID_ANGLE_UNIT ( ) );
#387 = DIRECTION ( 'NONE',  ( -0.000000000000000000, -1.000000000000000000, -0.000000000000000000 ) ) ;
#388 = ORIENTED_EDGE ( 'NONE', *, *, #132, .T. ) ;
#389 =( GEOMETRIC_REPRESENTATION_CONTEXT ( 3 ) GLOBAL_UNCERTAINTY_ASSIGNED_CONTEXT ( ( #1147 ) ) GLOBAL_UNIT_ASSIGNED_CONTEXT ( ( #3752, #569, #3160 ) ) REPRESENTATION_CONTEXT ( 'NONE', 'WORKASPACE' ) );
#390 = CIRCLE ( 'NONE', #1601, 0.1239999999999999714 ) ;
#391 = VERTEX_POINT ( 'NONE', #1211 ) ;
#392 = DIRECTION ( 'NONE',  ( 0.000000000000000000, 0.000000000000000000, 1.000000000000000000 ) ) ;
#393 = CARTESIAN_POINT ( 'NONE',  ( -1.500999999999999668, -0.05000000000000000278, -2.024999999999999911 ) ) ;
#394 = VECTOR ( 'NONE', #2058, 1000.000000000000000 ) ;
#395 = ORIENTED_EDGE ( 'NONE', *, *, #3205, .T. ) ;
#396 = DIRECTION ( 'NONE',  ( -1.000000000000000000, 0.000000000000000000, 0.000000000000000000 ) ) ;
#397 = CARTESIAN_POINT ( 'NONE',  ( 1.308000000000000496, 0.9320000000000000506, -2.168000000000000593 ) ) ;
#398 = COLOUR_RGB ( '',0.2509803921568627416, 0.2509803921568627416, 0.2509803921568627416 ) ;
#399 = EDGE_CURVE ( 'NONE', #1024, #1434, #2463, .T. ) ;
#400 = ORIENTED_EDGE ( 'NONE', *, *, #1923, .T. ) ;
#401 = PLANE ( 'NONE',  #3049 ) ;
#402 = DIRECTION ( 'NONE',  ( 0.000000000000000000, -1.000000000000000000, 0.000000000000000000 ) ) ;
#403 = VECTOR ( 'NONE', #2381, 1000.000000000000000 ) ;
#404 = ORIENTED_EDGE ( 'NONE', *, *, #3028, .T. ) ;
#405 = DIRECTION ( 'NONE',  ( 0.000000000000000000, -1.000000000000000000, 0.000000000000000000 ) ) ;
#406 = DIRECTION ( 'NONE',  ( -0.000000000000000000, 1.000000000000000000, -0.000000000000000000 ) ) ;
#407 = COLOUR_RGB ( '',0.2509803921568627416, 0.2509803921568627416, 0.2509803921568627416 ) ;
#408 = DIRECTION ( 'NONE',  ( 1.000000000000000000, 0.000000000000000000, -0.000000000000000000 ) ) ;
#409 = CIRCLE ( 'NONE', #985, 0.1239999999999999714 ) ;
#410 = ORIENTED_EDGE ( 'NONE', *, *, #1307, .F. ) ;
#411 = EDGE_CURVE ( 'NONE', #4180, #3817, #813, .T. ) ;
#412 = DIRECTION ( 'NONE',  ( -0.000000000000000000, 1.000000000000000000, -0.000000000000000000 ) ) ;
#413 = ORIENTED_EDGE ( 'NONE', *, *, #1975, .T. ) ;
#414 = CARTESIAN_POINT ( 'NONE',  ( 1.308000000000000496, 0.9819999999999999840, 2.167999999999999705 ) ) ;
#415 = DIRECTION ( 'NONE',  ( 0.000000000000000000, -1.000000000000000000, 0.000000000000000000 ) ) ;
#416 = DIRECTION ( 'NONE',  ( 1.000000000000000000, 0.000000000000000000, 0.000000000000000000 ) ) ;
#417 = MECHANICAL_DESIGN_GEOMETRIC_PRESENTATION_REPRESENTATION (  '', ( #2783 ), #2037 ) ;
#418 = FACE_OUTER_BOUND ( 'NONE', #111, .T. ) ;
#419 = DIRECTION ( 'NONE',  ( 0.000000000000000000, -1.000000000000000000, 0.000000000000000000 ) ) ;
#420 = DIRECTION ( 'NONE',  ( -1.000000000000000000, 0.000000000000000000, -3.467135528268181101E-15 ) ) ;
#421 = ORIENTED_EDGE ( 'NONE', *, *, #3587, .T. ) ;
#422 = LINE ( 'NONE', #754, #1951 ) ;
#423 = AXIS2_PLACEMENT_3D ( 'NONE', #1297, #3514, #2571 ) ;
#424 = EDGE_CURVE ( 'NONE', #1888, #4160, #2104, .T. ) ;
#425 = ORIENTED_EDGE ( 'NONE', *, *, #1166, .T. ) ;
#426 = CARTESIAN_POINT ( 'NONE',  ( -1.500000000000000222, 0.1499999999999999667, -1.199999999999864286 ) ) ;
#427 = CARTESIAN_POINT ( 'NONE',  ( -0.4250000000000000444, 0.1499999999999999944, 2.449000000000001176 ) ) ;
#428 = LINE ( 'NONE', #3061, #3864 ) ;
#429 = DIRECTION ( 'NONE',  ( 1.000000000000000000, 0.000000000000000000, 0.000000000000000000 ) ) ;
#430 = CARTESIAN_POINT ( 'NONE',  ( 1.499999999999999778, 0.000000000000000000, 2.500000000000000000 ) ) ;
#431 = EDGE_LOOP ( 'NONE', ( #1934, #740, #3729, #3609, #1662, #4034 ) ) ;
#432 = VECTOR ( 'NONE', #3041, 1000.000000000000000 ) ;
#433 = FACE_OUTER_BOUND ( 'NONE', #1550, .T. ) ;
#434 = FACE_OUTER_BOUND ( 'NONE', #366, .T. ) ;
#435 = DIRECTION ( 'NONE',  ( -0.000000000000000000, 1.000000000000000000, -0.000000000000000000 ) ) ;
#436 = PLANE ( 'NONE',  #868 ) ;
#437 = MECHANICAL_DESIGN_GEOMETRIC_PRESENTATION_REPRESENTATION (  '', ( #35 ), #776 ) ;
#438 = DIRECTION ( 'NONE',  ( 1.000000000000000000, -0.000000000000000000, 0.000000000000000000 ) ) ;
#439 = EDGE_LOOP ( 'NONE', ( #3268, #11, #2738, #767 ) ) ;
#440 = CARTESIAN_POINT ( 'NONE',  ( -5.041540102057862190E-13, -0.000000000000000000, -2.325000000000021938 ) ) ;
#441 = LINE ( 'NONE', #3631, #4101 ) ;
#442 = CARTESIAN_POINT ( 'NONE',  ( 1.499999999999999778, 0.1499999999999999667, 2.325000000000000178 ) ) ;
#443 = AXIS2_PLACEMENT_3D ( 'NONE', #453, #2699, #1746 ) ;
#444 = LINE ( 'NONE', #465, #304 ) ;
#445 = DIRECTION ( 'NONE',  ( 0.000000000000000000, 0.000000000000000000, 1.000000000000000000 ) ) ;
#446 = EDGE_CURVE ( 'NONE', #3419, #2943, #1532, .T. ) ;
#447 = VERTEX_POINT ( 'NONE', #3765 ) ;
#448 = DIRECTION ( 'NONE',  ( -0.000000000000000000, -0.000000000000000000, 1.000000000000000000 ) ) ;
#449 = AXIS2_PLACEMENT_3D ( 'NONE', #1556, #3850, #2874 ) ;
#450 = VECTOR ( 'NONE', #1523, 1000.000000000000000 ) ;
#451 = LINE ( 'NONE', #727, #3989 ) ;
#452 = EDGE_CURVE ( 'NONE', #3129, #2459, #850, .T. ) ;
#453 = CARTESIAN_POINT ( 'NONE',  ( 1.198999999999999844, 0.1499999999999999944, -2.448999999999999844 ) ) ;
#454 = PLANE ( 'NONE',  #3338 ) ;
#455 = EDGE_CURVE ( 'NONE', #3922, #945, #2128, .T. ) ;
#456 = SURFACE_STYLE_USAGE ( .BOTH. , #3032 ) ;
#457 = LINE ( 'NONE', #3599, #2693 ) ;
#458 = DIRECTION ( 'NONE',  ( -1.000000000000000000, 0.000000000000000000, -0.000000000000000000 ) ) ;
#459 = DIRECTION ( 'NONE',  ( 9.938519914450449949E-15, 0.000000000000000000, -1.000000000000000000 ) ) ;
#460 = COLOUR_RGB ( '',0.2509803921568627416, 0.2509803921568627416, 0.2509803921568627416 ) ;
#461 = ORIENTED_EDGE ( 'NONE', *, *, #3225, .T. ) ;
#462 = PRESENTATION_STYLE_ASSIGNMENT (( #2997 ) ) ;
#463 = LINE ( 'NONE', #1757, #3287 ) ;
#464 = VECTOR ( 'NONE', #1359, 1000.000000000000000 ) ;
#465 = CARTESIAN_POINT ( 'NONE',  ( -1.500999999999931944, 0.1499999999999999944, 0.1250000000000387190 ) ) ;
#466 = PLANE ( 'NONE',  #3885 ) ;
#467 = ORIENTED_EDGE ( 'NONE', *, *, #4033, .T. ) ;
#468 = VERTEX_POINT ( 'NONE', #3110 ) ;
#469 = CARTESIAN_POINT ( 'NONE',  ( 0.3239999999999996771, -0.05000000000000000278, -2.149000000000000021 ) ) ;
#470 = ADVANCED_FACE ( 'NONE', ( #2825 ), #207, .T. ) ;
#471 = CARTESIAN_POINT ( 'NONE',  ( -0.6750000000000001554, 0.1499999999999999667, 2.500000000000000000 ) ) ;
#472 = UNCERTAINTY_MEASURE_WITH_UNIT (LENGTH_MEASURE( 1.000000000000000082E-05 ), #870, 'distance_accuracy_value', 'NONE');
#473 = ADVANCED_FACE ( 'NONE', ( #3132 ), #1125, .F. ) ;
#474 = DIRECTION ( 'NONE',  ( -0.000000000000000000, 0.000000000000000000, 1.000000000000000000 ) ) ;
#475 = DIRECTION ( 'NONE',  ( 1.000000000000000000, 0.000000000000000000, 0.000000000000000000 ) ) ;
#476 = DIRECTION ( 'NONE',  ( -1.000000000000000000, 0.000000000000000000, 0.000000000000000000 ) ) ;
#477 = DIRECTION ( 'NONE',  ( -0.000000000000000000, -0.000000000000000000, 1.000000000000000000 ) ) ;
#478 =( NAMED_UNIT ( * ) PLANE_ANGLE_UNIT ( ) SI_UNIT ( $, .RADIAN. ) );
#479 = CARTESIAN_POINT ( 'NONE',  ( -0.6750000000000001554, 0.1499999999999999944, 2.501000000000000334 ) ) ;
#480 = ADVANCED_FACE ( 'NONE', ( #2487 ), #2171, .T. ) ;
#481 = ORIENTED_EDGE ( 'NONE', *, *, #118, .T. ) ;
#482 = ORIENTED_EDGE ( 'NONE', *, *, #2197, .F. ) ;
#483 = CARTESIAN_POINT ( 'NONE',  ( -0.6520000000000002460, -0.05000000000000000278, -2.324999999999999734 ) ) ;
#484 = DIRECTION ( 'NONE',  ( -7.367662997569912943E-15, 0.000000000000000000, 1.000000000000000000 ) ) ;
#485 = VECTOR ( 'NONE', #163, 1000.000000000000000 ) ;
#486 = LINE ( 'NONE', #1776, #1918 ) ;
#487 = LINE ( 'NONE', #3478, #4104 ) ;
#488 = VERTEX_POINT ( 'NONE', #184 ) ;
#489 = ORIENTED_EDGE ( 'NONE', *, *, #1544, .F. ) ;
#490 = DIRECTION ( 'NONE',  ( 1.000000000000000000, 0.000000000000000000, 0.000000000000000000 ) ) ;
#491 = ORIENTED_EDGE ( 'NONE', *, *, #912, .T. ) ;
#492 = FACE_OUTER_BOUND ( 'NONE', #3848, .T. ) ;
#493 = CARTESIAN_POINT ( 'NONE',  ( 1.500999999999999668, -0.05000000000000000278, -2.024999999999999911 ) ) ;
#494 = CARTESIAN_POINT ( 'NONE',  ( -1.200000000000000400, 0.1499999999999999944, -2.324999999999999734 ) ) ;
#495 = DIRECTION ( 'NONE',  ( -1.000000000000000000, 0.000000000000000000, 1.445602896647339706E-15 ) ) ;
#496 = CARTESIAN_POINT ( 'NONE',  ( -1.500000000000000222, 0.9320000000000000506, 2.500000000000000000 ) ) ;
#497 = CARTESIAN_POINT ( 'NONE',  ( 1.499999999999999778, 0.1499999999999999667, 2.084999999999999964 ) ) ;
#498 = ORIENTED_EDGE ( 'NONE', *, *, #565, .T. ) ;
#499 = VECTOR ( 'NONE', #2733, 1000.000000000000000 ) ;
#500 = ORIENTED_EDGE ( 'NONE', *, *, #3692, .F. ) ;
#501 = FACE_OUTER_BOUND ( 'NONE', #2506, .T. ) ;
#502 = EDGE_CURVE ( 'NONE', #1642, #1957, #1848, .T. ) ;
#503 = PLANE ( 'NONE',  #218 ) ;
#504 = VECTOR ( 'NONE', #2651, 1000.000000000000000 ) ;
#505 = DIRECTION ( 'NONE',  ( 1.000000000000000000, 0.000000000000000000, -4.170008355713446977E-15 ) ) ;
#506 = LINE ( 'NONE', #2776, #3216 ) ;
#507 = VERTEX_POINT ( 'NONE', #3070 ) ;
#508 = EDGE_CURVE ( 'NONE', #1605, #2332, #3763, .T. ) ;
#509 = ORIENTED_EDGE ( 'NONE', *, *, #1830, .F. ) ;
#510 = DIRECTION ( 'NONE',  ( 0.000000000000000000, 0.000000000000000000, 1.000000000000000000 ) ) ;
#511 = ORIENTED_EDGE ( 'NONE', *, *, #375, .T. ) ;
#512 = FACE_OUTER_BOUND ( 'NONE', #3903, .T. ) ;
#513 = CARTESIAN_POINT ( 'NONE',  ( 1.500999999999999668, 0.1499999999999999944, -2.024999999999999911 ) ) ;
#514 = LINE ( 'NONE', #2488, #3946 ) ;
#515 = VECTOR ( 'NONE', #1203, 1000.000000000000000 ) ;
#516 = AXIS2_PLACEMENT_3D ( 'NONE', #2603, #1922, #3269 ) ;
#517 = CARTESIAN_POINT ( 'NONE',  ( 0.7749999999999996891, 0.000000000000000000, -2.149000000000000021 ) ) ;
#518 = DIRECTION ( 'NONE',  ( 0.000000000000000000, 1.000000000000000000, 0.000000000000000000 ) ) ;
#519 =( NAMED_UNIT ( * ) PLANE_ANGLE_UNIT ( ) SI_UNIT ( $, .RADIAN. ) );
#520 = ORIENTED_EDGE ( 'NONE', *, *, #3591, .F. ) ;
#521 = ORIENTED_EDGE ( 'NONE', *, *, #3644, .T. ) ;
#522 = EDGE_CURVE ( 'NONE', #1565, #1235, #1231, .T. ) ;
#523 = SURFACE_STYLE_USAGE ( .BOTH. , #2748 ) ;
#524 = VECTOR ( 'NONE', #1172, 1000.000000000000000 ) ;
#525 = LINE ( 'NONE', #3162, #852 ) ;
#526 = COLOUR_RGB ( '',0.2509803921568627416, 0.2509803921568627416, 0.2509803921568627416 ) ;
#527 = PLANE ( 'NONE',  #2150 ) ;
#528 = CARTESIAN_POINT ( 'NONE',  ( 1.499999999999999778, 0.000000000000000000, 2.084999999999999964 ) ) ;
#529 = ORIENTED_EDGE ( 'NONE', *, *, #3893, .F. ) ;
#530 = CIRCLE ( 'NONE', #2162, 0.1239999999999999714 ) ;
#531 = ORIENTED_EDGE ( 'NONE', *, *, #1292, .F. ) ;
#532 = DIRECTION ( 'NONE',  ( -2.085004177856462770E-15, 0.000000000000000000, -1.000000000000000000 ) ) ;
#533 = UNCERTAINTY_MEASURE_WITH_UNIT (LENGTH_MEASURE( 1.000000000000000082E-05 ), #1809, 'distance_accuracy_value', 'NONE');
#534 = VECTOR ( 'NONE', #4128, 1000.000000000000000 ) ;
#535 = ORIENTED_EDGE ( 'NONE', *, *, #729, .F. ) ;
#536 = DIRECTION ( 'NONE',  ( 0.000000000000000000, -1.000000000000000000, 0.000000000000000000 ) ) ;
#537 = MECHANICAL_DESIGN_GEOMETRIC_PRESENTATION_REPRESENTATION (  '', ( #4139 ), #3053 ) ;
#538 = LINE ( 'NONE', #2784, #2610 ) ;
#539 = LINE ( 'NONE', #3744, #94 ) ;
#540 = AXIS2_PLACEMENT_3D ( 'NONE', #3193, #2191, #1232 ) ;
#541 = DIRECTION ( 'NONE',  ( 0.000000000000000000, -0.000000000000000000, -1.000000000000000000 ) ) ;
#542 = CARTESIAN_POINT ( 'NONE',  ( 0.4250000000000000444, 0.000000000000000000, 2.500000000000000000 ) ) ;
#543 = CARTESIAN_POINT ( 'NONE',  ( -0.1000000000000002831, -0.05000000000000000278, -2.448999999999999844 ) ) ;
#544 = CARTESIAN_POINT ( 'NONE',  ( -1.500999999999997669, 0.1499999999999999944, 2.084999999999999964 ) ) ;
#545 = EDGE_LOOP ( 'NONE', ( #305, #1183, #1422, #4032 ) ) ;
#546 = ORIENTED_EDGE ( 'NONE', *, *, #3830, .T. ) ;
#547 = FACE_OUTER_BOUND ( 'NONE', #2824, .T. ) ;
#548 = ADVANCED_FACE ( 'NONE', ( #1551 ), #3826, .T. ) ;
#549 = CARTESIAN_POINT ( 'NONE',  ( 0.4249999999999999889, 0.000000000000000000, 0.000000000000000000 ) ) ;
#550 = CARTESIAN_POINT ( 'NONE',  ( 0.9750000000000003109, 0.1499999999999999944, 2.501000000000000334 ) ) ;
#551 = DIRECTION ( 'NONE',  ( 0.000000000000000000, 0.000000000000000000, -1.000000000000000000 ) ) ;
#552 = ORIENTED_EDGE ( 'NONE', *, *, #1877, .F. ) ;
#553 = CARTESIAN_POINT ( 'NONE',  ( 1.098999999999999977, 0.1499999999999999944, 2.449000000000000288 ) ) ;
#554 = VECTOR ( 'NONE', #3368, 1000.000000000000000 ) ;
#555 = AXIS2_PLACEMENT_3D ( 'NONE', #1106, #2397, #3698 ) ;
#556 = VECTOR ( 'NONE', #4058, 1000.000000000000000 ) ;
#557 = EDGE_LOOP ( 'NONE', ( #3719, #3861, #667, #1668, #278, #481 ) ) ;
#558 = EDGE_CURVE ( 'NONE', #778, #2018, #2509, .T. ) ;
#559 = DIRECTION ( 'NONE',  ( 1.000000000000000000, 0.000000000000000000, 0.000000000000000000 ) ) ;
#560 = CARTESIAN_POINT ( 'NONE',  ( 0.7749999999999999112, 0.000000000000000000, -2.500000000000000000 ) ) ;
#561 = CARTESIAN_POINT ( 'NONE',  ( -1.500999999999999668, 0.1499999999999999944, -2.024999999999999911 ) ) ;
#562 = DIRECTION ( 'NONE',  ( 1.000000000000000000, 0.000000000000000000, 3.467135528268181101E-15 ) ) ;
#563 = CARTESIAN_POINT ( 'NONE',  ( 1.098999999999999977, 0.1499999999999999944, 2.449000000000000288 ) ) ;
#564 = EDGE_CURVE ( 'NONE', #4182, #214, #3486, .T. ) ;
#565 = EDGE_CURVE ( 'NONE', #3934, #2169, #307, .T. ) ;
#566 = CARTESIAN_POINT ( 'NONE',  ( 0.9749999999999998668, 0.1499999999999999944, 2.449000000000001176 ) ) ;
#567 = EDGE_LOOP ( 'NONE', ( #3575, #1612, #3223, #3597 ) ) ;
#568 = ORIENTED_EDGE ( 'NONE', *, *, #4062, .T. ) ;
#569 =( NAMED_UNIT ( * ) PLANE_ANGLE_UNIT ( ) SI_UNIT ( $, .RADIAN. ) );
#570 = CARTESIAN_POINT ( 'NONE',  ( -1.500000000000000222, 0.1499999999999999667, 2.084999999999999964 ) ) ;
#571 = AXIS2_PLACEMENT_3D ( 'NONE', #1886, #3188, #2604 ) ;
#572 = LINE ( 'NONE', #1885, #3100 ) ;
#573 = DIRECTION ( 'NONE',  ( 1.000000000000000000, 0.000000000000000000, 0.000000000000000000 ) ) ;
#574 = AXIS2_PLACEMENT_3D ( 'NONE', #1206, #2097, #3397 ) ;
#575 = ORIENTED_EDGE ( 'NONE', *, *, #1699, .T. ) ;
#576 = DIRECTION ( 'NONE',  ( 0.000000000000000000, -1.000000000000000000, 0.000000000000000000 ) ) ;
#577 = ORIENTED_EDGE ( 'NONE', *, *, #2942, .F. ) ;
#578 = EDGE_CURVE ( 'NONE', #3525, #3105, #1585, .T. ) ;
#579 = DIRECTION ( 'NONE',  ( 0.000000000000000000, 0.000000000000000000, -1.000000000000000000 ) ) ;
#580 = LINE ( 'NONE', #3174, #1228 ) ;
#581 = CARTESIAN_POINT ( 'NONE',  ( -1.200000000000000400, -0.05000000000000000278, -2.448999999999999844 ) ) ;
#582 = VECTOR ( 'NONE', #2422, 1000.000000000000000 ) ;
#583 = ADVANCED_FACE ( 'NONE', ( #2530 ), #1868, .T. ) ;
#584 = DIRECTION ( 'NONE',  ( -1.000000000000000000, -0.000000000000000000, -1.141265444721606940E-14 ) ) ;
#585 = VERTEX_POINT ( 'NONE', #895 ) ;
#586 = EDGE_CURVE ( 'NONE', #2009, #3236, #3023, .T. ) ;
#587 = DIRECTION ( 'NONE',  ( 0.000000000000000000, -0.000000000000000000, -1.000000000000000000 ) ) ;
#588 = EDGE_LOOP ( 'NONE', ( #2532, #1693, #1248, #298 ) ) ;
#589 = VERTEX_POINT ( 'NONE', #1355 ) ;
#590 = CARTESIAN_POINT ( 'NONE',  ( -0.1000000000000002831, -0.05000000000000000278, -2.325000000000000178 ) ) ;
#591 = VECTOR ( 'NONE', #1596, 1000.000000000000000 ) ;
#592 = LINE ( 'NONE', #280, #1932 ) ;
#593 = DIRECTION ( 'NONE',  ( 1.000000000000000000, 0.000000000000000000, -4.336808689941441678E-13 ) ) ;
#594 = CIRCLE ( 'NONE', #2969, 0.1239999999999999714 ) ;
#595 = PLANE ( 'NONE',  #3545 ) ;
#596 = ORIENTED_EDGE ( 'NONE', *, *, #2632, .T. ) ;
#597 = DIRECTION ( 'NONE',  ( 0.000000000000000000, 0.000000000000000000, 1.000000000000000000 ) ) ;
#598 = ORIENTED_EDGE ( 'NONE', *, *, #4059, .T. ) ;
#599 = VECTOR ( 'NONE', #2158, 1000.000000000000000 ) ;
#600 = EDGE_CURVE ( 'NONE', #2121, #3391, #2548, .T. ) ;
#601 =( GEOMETRIC_REPRESENTATION_CONTEXT ( 3 ) GLOBAL_UNCERTAINTY_ASSIGNED_CONTEXT ( ( #183 ) ) GLOBAL_UNIT_ASSIGNED_CONTEXT ( ( #2030, #519, #4117 ) ) REPRESENTATION_CONTEXT ( 'NONE', 'WORKASPACE' ) );
#602 = LINE ( 'NONE', #3927, #3088 ) ;
#603 =( NAMED_UNIT ( * ) SI_UNIT ( $, .STERADIAN. ) SOLID_ANGLE_UNIT ( ) );
#604 = LINE ( 'NONE', #4136, #3791 ) ;
#605 = ORIENTED_EDGE ( 'NONE', *, *, #2059, .F. ) ;
#606 = DIRECTION ( 'NONE',  ( -1.000000000000000000, -0.000000000000000000, -0.000000000000000000 ) ) ;
#607 = AXIS2_PLACEMENT_3D ( 'NONE', #2807, #3745, #3175 ) ;
#608 = ORIENTED_EDGE ( 'NONE', *, *, #2660, .T. ) ;
#609 = EDGE_CURVE ( 'NONE', #3495, #2373, #602, .T. ) ;
#610 = ORIENTED_EDGE ( 'NONE', *, *, #1827, .F. ) ;
#611 = CARTESIAN_POINT ( 'NONE',  ( -0.9750000000000000888, -0.05000000000000000278, 2.500000000000000000 ) ) ;
#612 = EDGE_CURVE ( 'NONE', #3581, #2353, #1993, .T. ) ;
#613 = ORIENTED_EDGE ( 'NONE', *, *, #2087, .T. ) ;
#614 = DIRECTION ( 'NONE',  ( 0.000000000000000000, 0.000000000000000000, 1.000000000000000000 ) ) ;
#615 = CARTESIAN_POINT ( 'NONE',  ( -1.500000000000000222, -0.05000000000000000278, 2.325000000000000178 ) ) ;
#616 = ORIENTED_EDGE ( 'NONE', *, *, #3137, .T. ) ;
#617 = VECTOR ( 'NONE', #3632, 1000.000000000000000 ) ;
#618 = EDGE_CURVE ( 'NONE', #1375, #2927, #1911, .T. ) ;
#619 = VERTEX_POINT ( 'NONE', #52 ) ;
#620 = CARTESIAN_POINT ( 'NONE',  ( 0.000000000000000000, 0.9320000000000000506, 0.000000000000000000 ) ) ;
#621 = AXIS2_PLACEMENT_3D ( 'NONE', #3639, #2001, #796 ) ;
#622 = DIRECTION ( 'NONE',  ( 1.000000000000000000, -0.000000000000000000, -2.168404344971009499E-14 ) ) ;
#623 = VECTOR ( 'NONE', #185, 1000.000000000000000 ) ;
#624 =( LENGTH_UNIT ( ) NAMED_UNIT ( * ) SI_UNIT ( .MILLI., .METRE. ) );
#625 = ORIENTED_EDGE ( 'NONE', *, *, #565, .F. ) ;
#626 = LINE ( 'NONE', #648, #1330 ) ;
#627 = ORIENTED_EDGE ( 'NONE', *, *, #3583, .T. ) ;
#628 = EDGE_LOOP ( 'NONE', ( #2992, #3728, #3866, #1384, #2593, #3016 ) ) ;
#629 = LINE ( 'NONE', #1560, #792 ) ;
#630 = EDGE_CURVE ( 'NONE', #4055, #3787, #2309, .T. ) ;
#631 = ORIENTED_EDGE ( 'NONE', *, *, #4059, .F. ) ;
#632 = DIRECTION ( 'NONE',  ( -0.000000000000000000, 0.000000000000000000, 1.000000000000000000 ) ) ;
#633 = EDGE_CURVE ( 'NONE', #3622, #292, #1250, .T. ) ;
#634 = SURFACE_STYLE_USAGE ( .BOTH. , #994 ) ;
#635 = DIRECTION ( 'NONE',  ( 0.000000000000000000, -1.000000000000000000, 0.000000000000000000 ) ) ;
#636 = ADVANCED_FACE ( 'NONE', ( #1335 ), #2331, .T. ) ;
#637 = ORIENTED_EDGE ( 'NONE', *, *, #1488, .F. ) ;
#638 = ORIENTED_EDGE ( 'NONE', *, *, #3769, .T. ) ;
#639 = VECTOR ( 'NONE', #3004, 1000.000000000000000 ) ;
#640 = EDGE_CURVE ( 'NONE', #3236, #1302, #288, .T. ) ;
#641 = VERTEX_POINT ( 'NONE', #723 ) ;
#642 = CARTESIAN_POINT ( 'NONE',  ( -0.1250000000000001110, -0.05000000000000000278, 2.501000000000000334 ) ) ;
#643 = VECTOR ( 'NONE', #2287, 1000.000000000000000 ) ;
#644 = EDGE_CURVE ( 'NONE', #1732, #2151, #2012, .T. ) ;
#645 = AXIS2_PLACEMENT_3D ( 'NONE', #2230, #1570, #3173 ) ;
#646 =( NAMED_UNIT ( * ) PLANE_ANGLE_UNIT ( ) SI_UNIT ( $, .RADIAN. ) );
#647 = ORIENTED_EDGE ( 'NONE', *, *, #694, .T. ) ;
#648 = CARTESIAN_POINT ( 'NONE',  ( -0.6750000000000001554, 0.1499999999999999944, 2.449000000000001176 ) ) ;
#649 = CARTESIAN_POINT ( 'NONE',  ( -0.1020000000000002016, -0.05000000000000000278, -2.324999999999999734 ) ) ;
#650 = ORIENTED_EDGE ( 'NONE', *, *, #2134, .F. ) ;
#651 = ORIENTED_EDGE ( 'NONE', *, *, #508, .F. ) ;
#652 = LINE ( 'NONE', #1278, #1194 ) ;
#653 = VERTEX_POINT ( 'NONE', #1696 ) ;
#654 = COLOUR_RGB ( '',0.2509803921568627416, 0.2509803921568627416, 0.2509803921568627416 ) ;
#655 = CARTESIAN_POINT ( 'NONE',  ( -1.500000000000000222, 0.1499999999999999667, 2.500000000000000000 ) ) ;
#656 = VECTOR ( 'NONE', #3627, 1000.000000000000000 ) ;
#657 = VECTOR ( 'NONE', #761, 1000.000000000000000 ) ;
#658 = CARTESIAN_POINT ( 'NONE',  ( -0.6520000000000002460, 0.1499999999999999944, -2.448999999999999844 ) ) ;
#659 = PLANE ( 'NONE',  #2394 ) ;
#660 = VECTOR ( 'NONE', #88, 1000.000000000000000 ) ;
#661 = ORIENTED_EDGE ( 'NONE', *, *, #1950, .F. ) ;
#662 = ORIENTED_EDGE ( 'NONE', *, *, #950, .F. ) ;
#663 = AXIS2_PLACEMENT_3D ( 'NONE', #2743, #4093, #1514 ) ;
#664 = EDGE_LOOP ( 'NONE', ( #2378, #482, #3199, #2024 ) ) ;
#665 = ADVANCED_FACE ( 'NONE', ( #97 ), #1720, .T. ) ;
#666 = DIRECTION ( 'NONE',  ( -0.000000000000000000, 1.000000000000000000, -0.000000000000000000 ) ) ;
#667 = ORIENTED_EDGE ( 'NONE', *, *, #3154, .T. ) ;
#668 = MECHANICAL_DESIGN_GEOMETRIC_PRESENTATION_REPRESENTATION (  '', ( #2497 ), #4133 ) ;
#669 = FILL_AREA_STYLE_COLOUR ( '', #3906 ) ;
#670 = SURFACE_STYLE_USAGE ( .BOTH. , #2896 ) ;
#671 = ORIENTED_EDGE ( 'NONE', *, *, #1512, .T. ) ;
#672 = VECTOR ( 'NONE', #3941, 1000.000000000000000 ) ;
#673 = VERTEX_POINT ( 'NONE', #442 ) ;
#674 = DIRECTION ( 'NONE',  ( -1.000000000000000000, -0.000000000000000000, -3.467135528268181101E-15 ) ) ;
#675 = CARTESIAN_POINT ( 'NONE',  ( -1.500000000000000222, -0.05000000000000000278, -2.324999999999999734 ) ) ;
#676 = ORIENTED_EDGE ( 'NONE', *, *, #2264, .F. ) ;
#677 = PLANE ( 'NONE',  #2907 ) ;
#678 = CARTESIAN_POINT ( 'NONE',  ( -0.9750000000000001998, -0.05000000000000000278, 2.449000000000001176 ) ) ;
#679 = ORIENTED_EDGE ( 'NONE', *, *, #4124, .T. ) ;
#680 = ADVANCED_FACE ( 'NONE', ( #4052 ), #503, .T. ) ;
#681 = DIRECTION ( 'NONE',  ( -6.938893903908552086E-15, 0.000000000000000000, 1.000000000000000000 ) ) ;
#682 = DIRECTION ( 'NONE',  ( -0.000000000000000000, -0.000000000000000000, 1.000000000000000000 ) ) ;
#683 = ORIENTED_EDGE ( 'NONE', *, *, #2723, .T. ) ;
#684 = CARTESIAN_POINT ( 'NONE',  ( 0.6749999999999998224, 0.1499999999999999944, 2.501000000000000334 ) ) ;
#685 = DIRECTION ( 'NONE',  ( -0.000000000000000000, 1.000000000000000000, -0.000000000000000000 ) ) ;
#686 = ORIENTED_EDGE ( 'NONE', *, *, #3646, .T. ) ;
#687 = ADVANCED_FACE ( 'NONE', ( #1736 ), #2073, .T. ) ;
#688 = ORIENTED_EDGE ( 'NONE', *, *, #166, .T. ) ;
#689 = CARTESIAN_POINT ( 'NONE',  ( -1.307999999999999607, 0.9819999999999999840, -2.168000000000000593 ) ) ;
#690 = DIRECTION ( 'NONE',  ( 0.000000000000000000, 0.000000000000000000, 1.000000000000000000 ) ) ;
#691 = ORIENTED_EDGE ( 'NONE', *, *, #1356, .T. ) ;
#692 = AXIS2_PLACEMENT_3D ( 'NONE', #2172, #208, #1170 ) ;
#693 = EDGE_LOOP ( 'NONE', ( #1559, #841, #819, #637, #810, #3025, #804, #2320 ) ) ;
#694 = EDGE_CURVE ( 'NONE', #619, #3292, #428, .T. ) ;
#695 = CARTESIAN_POINT ( 'NONE',  ( -0.9750000000000001998, 0.1499999999999999944, 2.501000000000000334 ) ) ;
#696 = LINE ( 'NONE', #2026, #2519 ) ;
#697 = ADVANCED_FACE ( 'NONE', ( #3668 ), #3731, .T. ) ;
#698 = ORIENTED_EDGE ( 'NONE', *, *, #2474, .F. ) ;
#699 = CARTESIAN_POINT ( 'NONE',  ( -1.500999999999939050, 0.1499999999999999944, -0.9499999999999124700 ) ) ;
#700 = CARTESIAN_POINT ( 'NONE',  ( 1.499999999999999778, 0.000000000000000000, 2.325000000000015721 ) ) ;
#701 = VERTEX_POINT ( 'NONE', #2117 ) ;
#702 = CARTESIAN_POINT ( 'NONE',  ( -1.500000000000000222, 0.1499999999999999667, 0.1250000000000608402 ) ) ;
#703 = DIRECTION ( 'NONE',  ( 0.000000000000000000, -1.000000000000000000, 0.000000000000000000 ) ) ;
#704 = DIRECTION ( 'NONE',  ( 1.000000000000000000, 0.000000000000000000, 7.223199017225271389E-15 ) ) ;
#705 = ORIENTED_EDGE ( 'NONE', *, *, #2542, .T. ) ;
#706 = CARTESIAN_POINT ( 'NONE',  ( -1.500000000000000222, 0.1499999999999999667, -2.500000000000000000 ) ) ;
#707 = CARTESIAN_POINT ( 'NONE',  ( -0.7760000000000002451, -0.05000000000000000278, -2.448999999999999844 ) ) ;
#708 = ORIENTED_EDGE ( 'NONE', *, *, #2870, .T. ) ;
#709 = EDGE_CURVE ( 'NONE', #169, #2456, #3336, .T. ) ;
#710 = FILL_AREA_STYLE ('',( #101 ) ) ;
#711 = EDGE_LOOP ( 'NONE', ( #3289, #3209, #3802, #3547, #3760, #2758 ) ) ;
#712 = DIRECTION ( 'NONE',  ( 1.000000000000000000, 0.000000000000000000, 7.223199017225271389E-15 ) ) ;
#713 = CARTESIAN_POINT ( 'NONE',  ( 1.499999999999999778, 0.1499999999999999667, -1.199999999999864286 ) ) ;
#714 = ORIENTED_EDGE ( 'NONE', *, *, #763, .F. ) ;
#715 = PLANE ( 'NONE',  #1810 ) ;
#716 = LINE ( 'NONE', #1644, #3537 ) ;
#717 = VERTEX_POINT ( 'NONE', #3414 ) ;
#718 = SURFACE_STYLE_FILL_AREA ( #168 ) ;
#719 = EDGE_CURVE ( 'NONE', #3391, #1972, #1796, .T. ) ;
#720 = ORIENTED_EDGE ( 'NONE', *, *, #3156, .F. ) ;
#721 = CARTESIAN_POINT ( 'NONE',  ( -0.6750000000000001554, -0.000000000000000000, 0.000000000000000000 ) ) ;
#722 = CARTESIAN_POINT ( 'NONE',  ( -1.307999999999999607, 0.9819999999999999840, 2.167999999999999705 ) ) ;
#723 = CARTESIAN_POINT ( 'NONE',  ( -0.7760000000000003562, 0.000000000000000000, -2.500000000000000000 ) ) ;
#724 = VERTEX_POINT ( 'NONE', #4028 ) ;
#725 = CIRCLE ( 'NONE', #516, 0.1239999999999999714 ) ;
#726 = ORIENTED_EDGE ( 'NONE', *, *, #3976, .T. ) ;
#727 = CARTESIAN_POINT ( 'NONE',  ( -1.500000000000000222, 0.1499999999999999667, 2.500000000000000000 ) ) ;
#728 = AXIS2_PLACEMENT_3D ( 'NONE', #3306, #1195, #3113 ) ;
#729 = EDGE_CURVE ( 'NONE', #3562, #2893, #3021, .T. ) ;
#730 = DIRECTION ( 'NONE',  ( -1.540059904098698105E-16, 0.000000000000000000, 1.000000000000000000 ) ) ;
#731 = LINE ( 'NONE', #1410, #1291 ) ;
#732 = ORIENTED_EDGE ( 'NONE', *, *, #3715, .F. ) ;
#733 = PRESENTATION_STYLE_ASSIGNMENT (( #3662 ) ) ;
#734 = LINE ( 'NONE', #1395, #1710 ) ;
#735 = COLOUR_RGB ( '',0.2509803921568627416, 0.2509803921568627416, 0.2509803921568627416 ) ;
#736 = VERTEX_POINT ( 'NONE', #3710 ) ;
#737 = EDGE_CURVE ( 'NONE', #2256, #1656, #3394, .T. ) ;
#738 = CARTESIAN_POINT ( 'NONE',  ( -1.500999999999999668, -0.05000000000000000278, -2.024999999999999911 ) ) ;
#739 = AXIS2_PLACEMENT_3D ( 'NONE', #847, #3440, #532 ) ;
#740 = ORIENTED_EDGE ( 'NONE', *, *, #983, .T. ) ;
#741 = PLANE ( 'NONE',  #3366 ) ;
#742 = FACE_OUTER_BOUND ( 'NONE', #2278, .T. ) ;
#743 = CARTESIAN_POINT ( 'NONE',  ( -0.5260000000000003562, 0.000000000000000000, -2.448999999999999844 ) ) ;
#744 = AXIS2_PLACEMENT_3D ( 'NONE', #1534, #2828, #541 ) ;
#745 = CARTESIAN_POINT ( 'NONE',  ( -0.1249999999999988065, -0.000000000000000000, -6.515638055802360742E-17 ) ) ;
#746 = LINE ( 'NONE', #1442, #199 ) ;
#747 = VERTEX_POINT ( 'NONE', #743 ) ;
#748 = CARTESIAN_POINT ( 'NONE',  ( 0.7749999999999999112, -0.05000000000000000278, -2.149000000000000021 ) ) ;
#749 = DIRECTION ( 'NONE',  ( -1.000000000000000000, -0.000000000000000000, -0.000000000000000000 ) ) ;
#750 = DIRECTION ( 'NONE',  ( -1.000000000000000000, -0.000000000000000000, -0.000000000000000000 ) ) ;
#751 = FILL_AREA_STYLE ('',( #2043 ) ) ;
#752 = CARTESIAN_POINT ( 'NONE',  ( -1.500000000000000222, 0.000000000000000000, 2.500000000000000000 ) ) ;
#753 = CARTESIAN_POINT ( 'NONE',  ( 1.500999999999999224, 0.1499999999999999944, 2.325000000000000178 ) ) ;
#754 = CARTESIAN_POINT ( 'NONE',  ( -0.9750000000000001998, 0.1499999999999999944, 2.449000000000001176 ) ) ;
#755 = VECTOR ( 'NONE', #1728, 1000.000000000000000 ) ;
#756 = ORIENTED_EDGE ( 'NONE', *, *, #1074, .T. ) ;
#757 = VECTOR ( 'NONE', #490, 1000.000000000000000 ) ;
#758 = DIRECTION ( 'NONE',  ( 0.000000000000000000, 0.000000000000000000, -1.000000000000000000 ) ) ;
#759 = EDGE_CURVE ( 'NONE', #2115, #1664, #1154, .T. ) ;
#760 = DIRECTION ( 'NONE',  ( 0.000000000000000000, -1.000000000000000000, 0.000000000000000000 ) ) ;
#761 = DIRECTION ( 'NONE',  ( 0.000000000000000000, -1.000000000000000000, 0.000000000000000000 ) ) ;
#762 = EDGE_CURVE ( 'NONE', #214, #2262, #3992, .T. ) ;
#763 = EDGE_CURVE ( 'NONE', #2674, #585, #592, .T. ) ;
#764 = CARTESIAN_POINT ( 'NONE',  ( 0.8989999999999997993, -0.05000000000000000278, -2.024999999999999911 ) ) ;
#765 = FACE_OUTER_BOUND ( 'NONE', #2525, .T. ) ;
#766 = EDGE_CURVE ( 'NONE', #641, #2390, #217, .T. ) ;
#767 = ORIENTED_EDGE ( 'NONE', *, *, #943, .F. ) ;
#768 = FACE_OUTER_BOUND ( 'NONE', #2594, .T. ) ;
#769 = DIRECTION ( 'NONE',  ( 1.000000000000000000, -0.000000000000000000, 0.000000000000000000 ) ) ;
#770 = AXIS2_PLACEMENT_3D ( 'NONE', #620, #1587, #3564 ) ;
#771 = DIRECTION ( 'NONE',  ( 0.000000000000000000, 0.000000000000000000, -1.000000000000000000 ) ) ;
#772 = DIRECTION ( 'NONE',  ( 0.000000000000000000, -1.000000000000000000, 0.000000000000000000 ) ) ;
#773 = ORIENTED_EDGE ( 'NONE', *, *, #4091, .F. ) ;
#774 = DIRECTION ( 'NONE',  ( -1.000000000000000000, 0.000000000000000000, -0.000000000000000000 ) ) ;
#775 =( LENGTH_UNIT ( ) NAMED_UNIT ( * ) SI_UNIT ( .MILLI., .METRE. ) );
#776 =( GEOMETRIC_REPRESENTATION_CONTEXT ( 3 ) GLOBAL_UNCERTAINTY_ASSIGNED_CONTEXT ( ( #3404 ) ) GLOBAL_UNIT_ASSIGNED_CONTEXT ( ( #3416, #3713, #907 ) ) REPRESENTATION_CONTEXT ( 'NONE', 'WORKASPACE' ) );
#777 = CARTESIAN_POINT ( 'NONE',  ( -1.500999999999954371, 0.1499999999999999944, 1.199999999999989519 ) ) ;
#778 = VERTEX_POINT ( 'NONE', #570 ) ;
#779 = CARTESIAN_POINT ( 'NONE',  ( 0.9580000000000005178, 0.9819999999999999840, -1.992999999999999883 ) ) ;
#780 = LINE ( 'NONE', #1018, #31 ) ;
#781 = ADVANCED_FACE ( 'NONE', ( #3521 ), #2475, .T. ) ;
#782 = VECTOR ( 'NONE', #3721, 1000.000000000000000 ) ;
#783 = SURFACE_STYLE_USAGE ( .BOTH. , #2675 ) ;
#784 = DIRECTION ( 'NONE',  ( 0.000000000000000000, 0.000000000000000000, -1.000000000000000000 ) ) ;
#785 = EDGE_CURVE ( 'NONE', #1579, #3851, #3476, .T. ) ;
#786 = VERTEX_POINT ( 'NONE', #1860 ) ;
#787 = EDGE_LOOP ( 'NONE', ( #1753, #1586, #1980, #3358 ) ) ;
#788 = DIRECTION ( 'NONE',  ( -0.000000000000000000, 1.000000000000000000, -0.000000000000000000 ) ) ;
#789 = AXIS2_PLACEMENT_3D ( 'NONE', #2670, #1717, #3059 ) ;
#790 = PRESENTATION_LAYER_ASSIGNMENT (  '', '', ( #2820 ) ) ;
#791 = DIRECTION ( 'NONE',  ( -0.000000000000000000, 1.000000000000000000, 0.000000000000000000 ) ) ;
#793 = EDGE_CURVE ( 'NONE', #2262, #2115, #525, .T. ) ;
#792 = VECTOR ( 'NONE', #987, 1000.000000000000000 ) ;
#794 = EDGE_CURVE ( 'NONE', #3503, #3873, #927, .T. ) ;
#795 = DIRECTION ( 'NONE',  ( 1.000000000000000000, 0.000000000000000000, 1.849138948409693432E-14 ) ) ;
#796 = DIRECTION ( 'NONE',  ( 0.000000000000000000, 0.000000000000000000, -1.000000000000000000 ) ) ;
#797 = FILL_AREA_STYLE_COLOUR ( '', #876 ) ;
#798 = STYLED_ITEM ( 'NONE', ( #733 ), #3746 ) ;
#799 = LINE ( 'NONE', #2767, #1001 ) ;
#800 = FACE_OUTER_BOUND ( 'NONE', #3219, .T. ) ;
#801 = LINE ( 'NONE', #3985, #2021 ) ;
#802 = VECTOR ( 'NONE', #2081, 1000.000000000000000 ) ;
#803 = EDGE_LOOP ( 'NONE', ( #627, #1946, #3750, #4127 ) ) ;
#804 = ORIENTED_EDGE ( 'NONE', *, *, #4033, .F. ) ;
#805 = DIRECTION ( 'NONE',  ( 0.000000000000000000, 0.000000000000000000, -1.000000000000000000 ) ) ;
#806 = FILL_AREA_STYLE_COLOUR ( '', #1857 ) ;
#807 = ORIENTED_EDGE ( 'NONE', *, *, #3649, .F. ) ;
#808 = ORIENTED_EDGE ( 'NONE', *, *, #3154, .F. ) ;
#809 = PLANE ( 'NONE',  #2375 ) ;
#810 = ORIENTED_EDGE ( 'NONE', *, *, #3483, .F. ) ;
#811 = LINE ( 'NONE', #2439, #3650 ) ;
#812 = UNCERTAINTY_MEASURE_WITH_UNIT (LENGTH_MEASURE( 1.000000000000000082E-05 ), #365, 'distance_accuracy_value', 'NONE');
#813 = LINE ( 'NONE', #3789, #1663 ) ;
#814 = DIRECTION ( 'NONE',  ( -0.000000000000000000, 1.000000000000000000, 0.000000000000000000 ) ) ;
#815 = CARTESIAN_POINT ( 'NONE',  ( -0.6750000000000001554, -0.05000000000000000278, 2.449000000000001176 ) ) ;
#816 = CYLINDRICAL_SURFACE ( 'NONE', #3342, 0.1239999999999999714 ) ;
#817 = DIRECTION ( 'NONE',  ( 0.000000000000000000, -1.000000000000000000, 0.000000000000000000 ) ) ;
#818 = ORIENTED_EDGE ( 'NONE', *, *, #1127, .T. ) ;
#819 = ORIENTED_EDGE ( 'NONE', *, *, #2387, .T. ) ;
#820 = EDGE_CURVE ( 'NONE', #3520, #3543, #2794, .T. ) ;
#821 = CARTESIAN_POINT ( 'NONE',  ( -1.500999999999998114, 0.1499999999999999944, 0.9500000000000473621 ) ) ;
#822 = AXIS2_PLACEMENT_3D ( 'NONE', #1661, #63, #1367 ) ;
#823 = DIRECTION ( 'NONE',  ( 0.000000000000000000, -0.000000000000000000, -1.000000000000000000 ) ) ;
#824 = VECTOR ( 'NONE', #1072, 1000.000000000000000 ) ;
#825 = FACE_OUTER_BOUND ( 'NONE', #2959, .T. ) ;
#826 = SURFACE_SIDE_STYLE ('',( #2144 ) ) ;
#827 = ORIENTED_EDGE ( 'NONE', *, *, #3620, .T. ) ;
#828 = VERTEX_POINT ( 'NONE', #260 ) ;
#829 = CARTESIAN_POINT ( 'NONE',  ( -1.076000000000000290, 0.1499999999999999944, -2.448999999999999844 ) ) ;
#830 = ORIENTED_EDGE ( 'NONE', *, *, #4062, .F. ) ;
#831 = LINE ( 'NONE', #4110, #3847 ) ;
#832 = CARTESIAN_POINT ( 'NONE',  ( 0.5509999999999989351, 0.1499999999999999944, 2.325000000000000178 ) ) ;
#833 = CARTESIAN_POINT ( 'NONE',  ( -1.500000000000000222, 0.000000000000000000, 0.1250000000000387190 ) ) ;
#834 = ADVANCED_FACE ( 'NONE', ( #1480 ), #3800, .T. ) ;
#835 = CARTESIAN_POINT ( 'NONE',  ( 1.499999999999999778, 0.9320000000000000506, 2.084999999999999964 ) ) ;
#836 = CARTESIAN_POINT ( 'NONE',  ( -0.6750000000000001554, 0.9320000000000000506, 2.500000000000000000 ) ) ;
#837 = FACE_OUTER_BOUND ( 'NONE', #253, .T. ) ;
#838 = CARTESIAN_POINT ( 'NONE',  ( 0.02399999999999971600, 0.1499999999999999944, -2.448999999999999844 ) ) ;
#839 = ORIENTED_EDGE ( 'NONE', *, *, #2062, .T. ) ;
#840 = AXIS2_PLACEMENT_3D ( 'NONE', #4146, #2562, #25 ) ;
#841 = ORIENTED_EDGE ( 'NONE', *, *, #259, .T. ) ;
#842 = EDGE_CURVE ( 'NONE', #2622, #3987, #4143, .T. ) ;
#843 = PLANE ( 'NONE',  #3300 ) ;
#844 = DIRECTION ( 'NONE',  ( -0.000000000000000000, -1.000000000000000000, -0.000000000000000000 ) ) ;
#845 = VERTEX_POINT ( 'NONE', #4163 ) ;
#846 = ORIENTED_EDGE ( 'NONE', *, *, #502, .F. ) ;
#847 = CARTESIAN_POINT ( 'NONE',  ( -0.7760000000000002451, 0.1499999999999999944, -2.448999999999999844 ) ) ;
#848 = ORIENTED_EDGE ( 'NONE', *, *, #2574, .T. ) ;
#849 = CARTESIAN_POINT ( 'NONE',  ( 1.198999999999999844, 0.1499999999999999944, -2.324999999999999734 ) ) ;
#850 = LINE ( 'NONE', #1148, #3968 ) ;
#851 = DIRECTION ( 'NONE',  ( 0.000000000000000000, -1.000000000000000000, 0.000000000000000000 ) ) ;
#852 = VECTOR ( 'NONE', #2500, 1000.000000000000000 ) ;
#853 = ADVANCED_FACE ( 'NONE', ( #2539 ), #1241, .T. ) ;
#854 = FACE_OUTER_BOUND ( 'NONE', #2200, .T. ) ;
#855 = VECTOR ( 'NONE', #2347, 1000.000000000000000 ) ;
#856 = LINE ( 'NONE', #3792, #1066 ) ;
#857 = EDGE_CURVE ( 'NONE', #3581, #2151, #2774, .T. ) ;
#858 = CARTESIAN_POINT ( 'NONE',  ( -1.500999999999939050, -0.05000000000000000278, -0.9499999999999124700 ) ) ;
#859 = DIRECTION ( 'NONE',  ( -0.000000000000000000, -0.000000000000000000, 1.000000000000000000 ) ) ;
#860 = ORIENTED_EDGE ( 'NONE', *, *, #375, .F. ) ;
#861 = ORIENTED_EDGE ( 'NONE', *, *, #1512, .F. ) ;
#862 = DIRECTION ( 'NONE',  ( -9.938519914450449949E-15, 0.000000000000000000, 1.000000000000000000 ) ) ;
#863 = CIRCLE ( 'NONE', #663, 0.1749999999999998224 ) ;
#864 =( NAMED_UNIT ( * ) PLANE_ANGLE_UNIT ( ) SI_UNIT ( $, .RADIAN. ) );
#865 = CARTESIAN_POINT ( 'NONE',  ( -1.200000000000000400, 0.000000000000000000, -2.448999999999999844 ) ) ;
#866 = DIRECTION ( 'NONE',  ( 0.000000000000000000, 0.000000000000000000, -1.000000000000000000 ) ) ;
#867 = VERTEX_POINT ( 'NONE', #1223 ) ;
#868 = AXIS2_PLACEMENT_3D ( 'NONE', #3035, #4044, #2705 ) ;
#869 = ORIENTED_EDGE ( 'NONE', *, *, #586, .F. ) ;
#870 =( LENGTH_UNIT ( ) NAMED_UNIT ( * ) SI_UNIT ( .MILLI., .METRE. ) );
#871 = UNCERTAINTY_MEASURE_WITH_UNIT (LENGTH_MEASURE( 1.000000000000000082E-05 ), #1931, 'distance_accuracy_value', 'NONE');
#872 = COLOUR_RGB ( '',0.2509803921568627416, 0.2509803921568627416, 0.2509803921568627416 ) ;
#873 = ORIENTED_EDGE ( 'NONE', *, *, #1884, .T. ) ;
#874 = ADVANCED_FACE ( 'NONE', ( #1903 ), #195, .F. ) ;
#875 = CARTESIAN_POINT ( 'NONE',  ( 0.1999999999999996503, 0.1499999999999999944, -2.024999999999999911 ) ) ;
#876 = COLOUR_RGB ( '',0.2509803921568627416, 0.2509803921568627416, 0.2509803921568627416 ) ;
#877 = CARTESIAN_POINT ( 'NONE',  ( 1.500999999999999668, 0.1499999999999999944, -2.324999999999999734 ) ) ;
#878 = CARTESIAN_POINT ( 'NONE',  ( 0.02399999999999971600, 0.9320000000000000506, -2.500000000000000000 ) ) ;
#879 = PLANE ( 'NONE',  #2156 ) ;
#880 = CARTESIAN_POINT ( 'NONE',  ( -0.4250000000000000444, 0.1499999999999999944, 2.501000000000000334 ) ) ;
#881 = ORIENTED_EDGE ( 'NONE', *, *, #2814, .F. ) ;
#882 = ORIENTED_EDGE ( 'NONE', *, *, #3755, .T. ) ;
#883 = EDGE_CURVE ( 'NONE', #1548, #3787, #4183, .T. ) ;
#884 = DIRECTION ( 'NONE',  ( -1.000000000000000000, 0.000000000000000000, 0.000000000000000000 ) ) ;
#885 = FILL_AREA_STYLE_COLOUR ( '', #317 ) ;
#886 = EDGE_CURVE ( 'NONE', #3197, #3419, #1328, .T. ) ;
#887 = DIRECTION ( 'NONE',  ( 0.000000000000000000, 0.000000000000000000, 1.000000000000000000 ) ) ;
#888 = ORIENTED_EDGE ( 'NONE', *, *, #3799, .F. ) ;
#889 = STYLED_ITEM ( 'NONE', ( #129 ), #2180 ) ;
#890 = VECTOR ( 'NONE', #2428, 1000.000000000000000 ) ;
#891 = EDGE_CURVE ( 'NONE', #1773, #965, #2903, .T. ) ;
#892 = VECTOR ( 'NONE', #3572, 1000.000000000000000 ) ;
#893 = VERTEX_POINT ( 'NONE', #678 ) ;
#894 = EDGE_CURVE ( 'NONE', #1476, #1874, #378, .T. ) ;
#895 = CARTESIAN_POINT ( 'NONE',  ( -0.4250000000000000444, -0.05000000000000000278, 2.449000000000001176 ) ) ;
#896 = CARTESIAN_POINT ( 'NONE',  ( 1.499999999999999778, 0.9320000000000000506, -1.199999999999809219 ) ) ;
#897 = CARTESIAN_POINT ( 'NONE',  ( -1.500000000000000222, 0.000000000000000000, -0.1249999999998934186 ) ) ;
#898 = DIRECTION ( 'NONE',  ( 0.000000000000000000, -0.000000000000000000, -1.000000000000000000 ) ) ;
#899 = ORIENTED_EDGE ( 'NONE', *, *, #2113, .T. ) ;
#900 = LINE ( 'NONE', #190, #4083 ) ;
#901 = VERTEX_POINT ( 'NONE', #2600 ) ;
#902 = EDGE_LOOP ( 'NONE', ( #1132, #2205, #830, #2929 ) ) ;
#903 = LINE ( 'NONE', #2138, #1530 ) ;
#904 =( NAMED_UNIT ( * ) SI_UNIT ( $, .STERADIAN. ) SOLID_ANGLE_UNIT ( ) );
#905 = VECTOR ( 'NONE', #3610, 1000.000000000000000 ) ;
#906 = CARTESIAN_POINT ( 'NONE',  ( -1.076000000000000290, 0.000000000000000000, -2.448999999999999844 ) ) ;
#907 =( NAMED_UNIT ( * ) SI_UNIT ( $, .STERADIAN. ) SOLID_ANGLE_UNIT ( ) );
#908 = EDGE_CURVE ( 'NONE', #986, #1898, #316, .T. ) ;
#909 = ORIENTED_EDGE ( 'NONE', *, *, #1563, .F. ) ;
#910 = DIRECTION ( 'NONE',  ( -0.000000000000000000, 1.000000000000000000, 0.000000000000000000 ) ) ;
#911 = ORIENTED_EDGE ( 'NONE', *, *, #3337, .F. ) ;
#912 = EDGE_CURVE ( 'NONE', #3952, #1337, #3242, .T. ) ;
#913 = EDGE_CURVE ( 'NONE', #4080, #3296, #2921, .T. ) ;
#914 = DIRECTION ( 'NONE',  ( -1.000000000000000000, 0.000000000000000000, 0.000000000000000000 ) ) ;
#915 = CYLINDRICAL_SURFACE ( 'NONE', #607, 0.1239999999999999714 ) ;
#916 = ADVANCED_FACE ( 'NONE', ( #1939 ), #71, .T. ) ;
#917 =( NAMED_UNIT ( * ) SI_UNIT ( $, .STERADIAN. ) SOLID_ANGLE_UNIT ( ) );
#918 = DIRECTION ( 'NONE',  ( 0.000000000000000000, -1.000000000000000000, 0.000000000000000000 ) ) ;
#919 = ORIENTED_EDGE ( 'NONE', *, *, #609, .F. ) ;
#920 = FACE_OUTER_BOUND ( 'NONE', #1486, .T. ) ;
#921 = DIRECTION ( 'NONE',  ( -1.000000000000000000, 0.000000000000000000, 0.000000000000000000 ) ) ;
#922 = ORIENTED_EDGE ( 'NONE', *, *, #2261, .F. ) ;
#923 = AXIS2_PLACEMENT_3D ( 'NONE', #3163, #505, #3756 ) ;
#924 = ORIENTED_EDGE ( 'NONE', *, *, #2977, .F. ) ;
#925 = DIRECTION ( 'NONE',  ( 0.000000000000000000, -1.000000000000000000, 0.000000000000000000 ) ) ;
#926 = VECTOR ( 'NONE', #925, 1000.000000000000000 ) ;
#927 = LINE ( 'NONE', #2182, #3233 ) ;
#928 = AXIS2_PLACEMENT_3D ( 'NONE', #1214, #3865, #960 ) ;
#929 = DIRECTION ( 'NONE',  ( 7.223199017225271389E-15, 0.000000000000000000, -1.000000000000000000 ) ) ;
#930 = ORIENTED_EDGE ( 'NONE', *, *, #600, .T. ) ;
#931 = ORIENTED_EDGE ( 'NONE', *, *, #2259, .T. ) ;
#932 = VECTOR ( 'NONE', #1741, 1000.000000000000000 ) ;
#933 = VECTOR ( 'NONE', #576, 1000.000000000000000 ) ;
#934 = DIRECTION ( 'NONE',  ( 0.000000000000000000, 0.000000000000000000, -1.000000000000000000 ) ) ;
#935 = DIRECTION ( 'NONE',  ( -1.000000000000000000, -0.000000000000000000, -7.367662997569912943E-15 ) ) ;
#936 = FACE_OUTER_BOUND ( 'NONE', #3940, .T. ) ;
#937 = ORIENTED_EDGE ( 'NONE', *, *, #143, .T. ) ;
#938 = VECTOR ( 'NONE', #476, 1000.000000000000000 ) ;
#939 = CARTESIAN_POINT ( 'NONE',  ( 0.000000000000000000, 0.1499999999999999944, 0.000000000000000000 ) ) ;
#940 = VECTOR ( 'NONE', #3488, 1000.000000000000000 ) ;
#941 = DIRECTION ( 'NONE',  ( 0.000000000000000000, -1.000000000000000000, 0.000000000000000000 ) ) ;
#942 = ORIENTED_EDGE ( 'NONE', *, *, #618, .T. ) ;
#943 = EDGE_CURVE ( 'NONE', #3573, #3562, #1920, .T. ) ;
#944 = EDGE_CURVE ( 'NONE', #701, #2876, #1620, .T. ) ;
#945 = VERTEX_POINT ( 'NONE', #3874 ) ;
#946 = DIRECTION ( 'NONE',  ( -1.445602896647339706E-15, 0.000000000000000000, -1.000000000000000000 ) ) ;
#947 = EDGE_CURVE ( 'NONE', #953, #1605, #3943, .T. ) ;
#948 = ORIENTED_EDGE ( 'NONE', *, *, #2112, .F. ) ;
#949 =( NAMED_UNIT ( * ) SI_UNIT ( $, .STERADIAN. ) SOLID_ANGLE_UNIT ( ) );
#950 = EDGE_CURVE ( 'NONE', #359, #2262, #1598, .T. ) ;
#951 = CARTESIAN_POINT ( 'NONE',  ( 0.000000000000000000, 0.000000000000000000, 0.000000000000000000 ) ) ;
#952 = CARTESIAN_POINT ( 'NONE',  ( 0.1250000000000000000, 0.1499999999999999944, 2.449000000000001176 ) ) ;
#953 = VERTEX_POINT ( 'NONE', #700 ) ;
#954 = ORIENTED_EDGE ( 'NONE', *, *, #3207, .F. ) ;
#955 = PRESENTATION_LAYER_ASSIGNMENT (  '', '', ( #2783 ) ) ;
#956 = EDGE_LOOP ( 'NONE', ( #3279, #3604, #18, #3166 ) ) ;
#957 = CARTESIAN_POINT ( 'NONE',  ( 1.500999999999977463, 0.1499999999999999944, 0.9500000000000690115 ) ) ;
#958 = VECTOR ( 'NONE', #2592, 1000.000000000000000 ) ;
#959 = VECTOR ( 'NONE', #2468, 1000.000000000000000 ) ;
#960 = DIRECTION ( 'NONE',  ( 0.000000000000000000, -0.000000000000000000, -1.000000000000000000 ) ) ;
#961 = VERTEX_POINT ( 'NONE', #3291 ) ;
#962 = DIRECTION ( 'NONE',  ( 6.938893903908552086E-15, 0.000000000000000000, -1.000000000000000000 ) ) ;
#963 = FILL_AREA_STYLE_COLOUR ( '', #1633 ) ;
#964 = ORIENTED_EDGE ( 'NONE', *, *, #34, .T. ) ;
#965 = VERTEX_POINT ( 'NONE', #1261 ) ;
#966 = CARTESIAN_POINT ( 'NONE',  ( -0.1250000000000001110, 0.1499999999999999944, 2.501000000000000334 ) ) ;
#967 = ORIENTED_EDGE ( 'NONE', *, *, #1141, .T. ) ;
#968 = FACE_OUTER_BOUND ( 'NONE', #320, .T. ) ;
#969 =( LENGTH_UNIT ( ) NAMED_UNIT ( * ) SI_UNIT ( .MILLI., .METRE. ) );
#970 = CARTESIAN_POINT ( 'NONE',  ( 0.000000000000000000, 0.000000000000000000, 0.000000000000000000 ) ) ;
#971 = DIRECTION ( 'NONE',  ( -1.000000000000000000, 0.000000000000000000, 0.000000000000000000 ) ) ;
#972 = ADVANCED_FACE ( 'NONE', ( #968 ), #1987, .T. ) ;
#973 = ORIENTED_EDGE ( 'NONE', *, *, #618, .F. ) ;
#974 = ORIENTED_EDGE ( 'NONE', *, *, #2833, .F. ) ;
#975 = VECTOR ( 'NONE', #342, 1000.000000000000000 ) ;
#976 = ORIENTED_EDGE ( 'NONE', *, *, #3337, .T. ) ;
#977 = AXIS2_PLACEMENT_3D ( 'NONE', #3688, #3378, #2982 ) ;
#978 = ORIENTED_EDGE ( 'NONE', *, *, #2008, .T. ) ;
#979 = SURFACE_STYLE_FILL_AREA ( #1589 ) ;
#980 = ORIENTED_EDGE ( 'NONE', *, *, #3997, .F. ) ;
#981 = SURFACE_SIDE_STYLE ('',( #1296 ) ) ;
#982 = FACE_OUTER_BOUND ( 'NONE', #3840, .T. ) ;
#983 = EDGE_CURVE ( 'NONE', #4119, #2284, #626, .T. ) ;
#984 = ORIENTED_EDGE ( 'NONE', *, *, #947, .F. ) ;
#985 = AXIS2_PLACEMENT_3D ( 'NONE', #2060, #3935, #1366 ) ;
#986 = VERTEX_POINT ( 'NONE', #1913 ) ;
#987 = DIRECTION ( 'NONE',  ( 0.000000000000000000, 1.000000000000000000, 0.000000000000000000 ) ) ;
#988 = CARTESIAN_POINT ( 'NONE',  ( -0.4250000000000000444, -0.000000000000000000, 0.000000000000000000 ) ) ;
#989 = ORIENTED_EDGE ( 'NONE', *, *, #759, .T. ) ;
#990 = SURFACE_SIDE_STYLE ('',( #2282 ) ) ;
#991 = CARTESIAN_POINT ( 'NONE',  ( 1.500999999999999668, -0.05000000000000000278, -2.024999999999999911 ) ) ;
#992 = ORIENTED_EDGE ( 'NONE', *, *, #719, .T. ) ;
#993 = VECTOR ( 'NONE', #2615, 1000.000000000000000 ) ;
#994 = SURFACE_SIDE_STYLE ('',( #1623 ) ) ;
#995 = CARTESIAN_POINT ( 'NONE',  ( 0.8989999999999997993, -0.000000000000000000, -2.024999999999999467 ) ) ;
#996 = VECTOR ( 'NONE', #1617, 1000.000000000000000 ) ;
#997 = ADVANCED_FACE ( 'NONE', ( #3237 ), #1254, .T. ) ;
#998 = VERTEX_POINT ( 'NONE', #1272 ) ;
#999 =( LENGTH_UNIT ( ) NAMED_UNIT ( * ) SI_UNIT ( .MILLI., .METRE. ) );
#1000 = CARTESIAN_POINT ( 'NONE',  ( 0.9750000000000003109, 0.1499999999999999944, 2.501000000000000334 ) ) ;
#1001 = VECTOR ( 'NONE', #1152, 1000.000000000000000 ) ;
#1002 = ORIENTED_EDGE ( 'NONE', *, *, #4029, .F. ) ;
#1003 = ADVANCED_FACE ( 'NONE', ( #920 ), #3831, .F. ) ;
#1004 = EDGE_CURVE ( 'NONE', #3118, #1773, #3549, .T. ) ;
#1005 = DIRECTION ( 'NONE',  ( 0.000000000000000000, -1.000000000000000000, 0.000000000000000000 ) ) ;
#1006 = ORIENTED_EDGE ( 'NONE', *, *, #1222, .T. ) ;
#1007 = CIRCLE ( 'NONE', #3382, 0.1239999999999999714 ) ;
#1008 = DIRECTION ( 'NONE',  ( 0.000000000000000000, 0.000000000000000000, -1.000000000000000000 ) ) ;
#1009 = CARTESIAN_POINT ( 'NONE',  ( -0.6520000000000002460, -0.05000000000000000278, -2.324999999999999734 ) ) ;
#1010 = VERTEX_POINT ( 'NONE', #3887 ) ;
#1011 = ORIENTED_EDGE ( 'NONE', *, *, #1204, .F. ) ;
#1012 = CARTESIAN_POINT ( 'NONE',  ( 0.6750000000000000444, 0.9320000000000000506, 2.500000000000000000 ) ) ;
#1013 = DIRECTION ( 'NONE',  ( 1.000000000000000000, -0.000000000000000000, -0.000000000000000000 ) ) ;
#1014 = EDGE_LOOP ( 'NONE', ( #286, #2897, #511, #2413 ) ) ;
#1015 = CARTESIAN_POINT ( 'NONE',  ( -1.500000000000000222, 0.1499999999999999667, 2.500000000000000000 ) ) ;
#1016 = EDGE_LOOP ( 'NONE', ( #3421, #341, #3617, #3896 ) ) ;
#1017 =( NAMED_UNIT ( * ) SI_UNIT ( $, .STERADIAN. ) SOLID_ANGLE_UNIT ( ) );
#1018 = CARTESIAN_POINT ( 'NONE',  ( 1.499999999999999778, -0.05000000000000000278, -2.324999999999999734 ) ) ;
#1019 = CARTESIAN_POINT ( 'NONE',  ( -1.500000000000000222, 0.1499999999999999667, 2.500000000000000000 ) ) ;
#1020 = EDGE_CURVE ( 'NONE', #1656, #507, #3513, .T. ) ;
#1021 = ORIENTED_EDGE ( 'NONE', *, *, #3121, .F. ) ;
#1022 = DIRECTION ( 'NONE',  ( -0.000000000000000000, -0.000000000000000000, 1.000000000000000000 ) ) ;
#1023 = CARTESIAN_POINT ( 'NONE',  ( 0.0009999999999999972019, 0.000000000000000000, 2.449000000000000288 ) ) ;
#1024 = VERTEX_POINT ( 'NONE', #3867 ) ;
#1025 = EDGE_CURVE ( 'NONE', #786, #901, #4177, .T. ) ;
#1026 = ORIENTED_EDGE ( 'NONE', *, *, #352, .T. ) ;
#1027 = DIRECTION ( 'NONE',  ( -0.000000000000000000, 1.000000000000000000, -0.000000000000000000 ) ) ;
#1028 = CARTESIAN_POINT ( 'NONE',  ( 0.5490000000000008207, -0.05000000000000000278, 2.325000000000000178 ) ) ;
#1029 = VECTOR ( 'NONE', #3091, 1000.000000000000000 ) ;
#1030 = ORIENTED_EDGE ( 'NONE', *, *, #3413, .T. ) ;
#1031 = FACE_OUTER_BOUND ( 'NONE', #3955, .T. ) ;
#1032 = CARTESIAN_POINT ( 'NONE',  ( -1.500000000000000222, 0.1499999999999999667, 2.325000000000000178 ) ) ;
#1033 = ORIENTED_EDGE ( 'NONE', *, *, #1309, .T. ) ;
#1034 = DIRECTION ( 'NONE',  ( 1.000000000000000000, -0.000000000000000000, -0.000000000000000000 ) ) ;
#1035 = CARTESIAN_POINT ( 'NONE',  ( 1.499999999999999778, 0.9320000000000000506, 0.1250000000000608402 ) ) ;
#1036 = ORIENTED_EDGE ( 'NONE', *, *, #4187, .T. ) ;
#1037 = LINE ( 'NONE', #4005, #3434 ) ;
#1038 =( NAMED_UNIT ( * ) PLANE_ANGLE_UNIT ( ) SI_UNIT ( $, .RADIAN. ) );
#1039 = CARTESIAN_POINT ( 'NONE',  ( 1.499999999999999778, 0.000000000000000000, 2.500000000000000000 ) ) ;
#1040 = CARTESIAN_POINT ( 'NONE',  ( -6.862039066364428756E-15, -0.000000000000000000, 0.9500000000000582423 ) ) ;
#1041 = EDGE_LOOP ( 'NONE', ( #500, #2755, #2802, #2235 ) ) ;
#1042 = CARTESIAN_POINT ( 'NONE',  ( 0.3239999999999996771, 0.1499999999999999944, -2.149000000000000021 ) ) ;
#1043 = ADVANCED_FACE ( 'NONE', ( #2249 ), #274, .T. ) ;
#1044 = CARTESIAN_POINT ( 'NONE',  ( 1.499999999999999778, 0.9320000000000000506, 2.500000000000000000 ) ) ;
#1045 = ORIENTED_EDGE ( 'NONE', *, *, #3592, .F. ) ;
#1046 = AXIS2_PLACEMENT_3D ( 'NONE', #1991, #3294, #2973 ) ;
#1047 = CARTESIAN_POINT ( 'NONE',  ( -1.500000000000000222, 0.000000000000000000, 2.500000000000000000 ) ) ;
#1048 = EDGE_CURVE ( 'NONE', #998, #2324, #1236, .T. ) ;
#1049 = LINE ( 'NONE', #2661, #3361 ) ;
#1050 = CARTESIAN_POINT ( 'NONE',  ( 1.500999999999999224, 0.1499999999999999944, 2.084999999999999964 ) ) ;
#1051 = VECTOR ( 'NONE', #1765, 1000.000000000000000 ) ;
#1052 = DIRECTION ( 'NONE',  ( 0.000000000000000000, 0.000000000000000000, 1.000000000000000000 ) ) ;
#1053 = FACE_OUTER_BOUND ( 'NONE', #347, .T. ) ;
#1054 = LINE ( 'NONE', #42, #1567 ) ;
#1055 = ORIENTED_EDGE ( 'NONE', *, *, #325, .T. ) ;
#1056 = SURFACE_STYLE_USAGE ( .BOTH. , #3310 ) ;
#1057 = EDGE_LOOP ( 'NONE', ( #1399, #509, #2297, #2232, #2602, #1319 ) ) ;
#1058 = DIRECTION ( 'NONE',  ( -2.085004177856462770E-15, 0.000000000000000000, -1.000000000000000000 ) ) ;
#1059 = EDGE_CURVE ( 'NONE', #2055, #277, #1638, .T. ) ;
#1060 = EDGE_LOOP ( 'NONE', ( #3975, #964, #848, #3643 ) ) ;
#1061 = VECTOR ( 'NONE', #1672, 1000.000000000000000 ) ;
#1062 = CARTESIAN_POINT ( 'NONE',  ( -0.9750000000000000888, -0.000000000000000000, 0.000000000000000000 ) ) ;
#1063 = FILL_AREA_STYLE_COLOUR ( '', #735 ) ;
#1064 = VERTEX_POINT ( 'NONE', #36 ) ;
#1065 = CARTESIAN_POINT ( 'NONE',  ( -1.500000000000000222, 0.9320000000000000506, 2.084999999999999964 ) ) ;
#1066 = VECTOR ( 'NONE', #2808, 1000.000000000000000 ) ;
#1067 = CARTESIAN_POINT ( 'NONE',  ( -1.307999999999999607, 0.9320000000000000506, -2.168000000000000593 ) ) ;
#1068 = DIRECTION ( 'NONE',  ( 0.000000000000000000, -1.000000000000000000, 0.000000000000000000 ) ) ;
#1069 = EDGE_CURVE ( 'NONE', #2943, #4036, #2928, .T. ) ;
#1070 = EDGE_LOOP ( 'NONE', ( #1954, #1220, #2551, #64 ) ) ;
#1071 = LINE ( 'NONE', #1429, #660 ) ;
#1072 = DIRECTION ( 'NONE',  ( -0.000000000000000000, -0.000000000000000000, 1.000000000000000000 ) ) ;
#1073 = STYLED_ITEM ( 'NONE', ( #1970 ), #2255 ) ;
#1074 = EDGE_CURVE ( 'NONE', #3105, #3505, #2298, .T. ) ;
#1075 = PLANE ( 'NONE',  #2164 ) ;
#1076 = EDGE_CURVE ( 'NONE', #3158, #3771, #2534, .T. ) ;
#1077 =( GEOMETRIC_REPRESENTATION_CONTEXT ( 3 ) GLOBAL_UNCERTAINTY_ASSIGNED_CONTEXT ( ( #472 ) ) GLOBAL_UNIT_ASSIGNED_CONTEXT ( ( #870, #3146, #3579 ) ) REPRESENTATION_CONTEXT ( 'NONE', 'WORKASPACE' ) );
#1078 = ORIENTED_EDGE ( 'NONE', *, *, #3265, .T. ) ;
#1079 = LINE ( 'NONE', #1733, #4042 ) ;
#1080 = ADVANCED_FACE ( 'NONE', ( #3717 ), #2800, .F. ) ;
#1081 = LINE ( 'NONE', #114, #1104 ) ;
#1082 = CARTESIAN_POINT ( 'NONE',  ( -0.2260000000000002840, 0.1499999999999999944, -2.501000000000006551 ) ) ;
#1083 = ORIENTED_EDGE ( 'NONE', *, *, #947, .T. ) ;
#1084 = CARTESIAN_POINT ( 'NONE',  ( -0.9750000000000001998, 0.1499999999999999944, 2.501000000000000334 ) ) ;
#1085 = LINE ( 'NONE', #1426, #4038 ) ;
#1086 = CARTESIAN_POINT ( 'NONE',  ( 0.7749999999999999112, 0.1499999999999999667, -2.500000000000000000 ) ) ;
#1087 = ORIENTED_EDGE ( 'NONE', *, *, #1788, .T. ) ;
#1088 = CARTESIAN_POINT ( 'NONE',  ( 0.000000000000000000, 0.000000000000000000, 2.325000000000000178 ) ) ;
#1089 = CARTESIAN_POINT ( 'NONE',  ( -0.6750000000000001554, 0.000000000000000000, 2.500000000000000000 ) ) ;
#1090 = VECTOR ( 'NONE', #3389, 1000.000000000000000 ) ;
#1091 = CARTESIAN_POINT ( 'NONE',  ( 0.000000000000000000, 0.9819999999999999840, 0.000000000000000000 ) ) ;
#1092 = AXIS2_PLACEMENT_3D ( 'NONE', #2535, #941, #2234 ) ;
#1093 = ORIENTED_EDGE ( 'NONE', *, *, #1895, .F. ) ;
#1094 = VECTOR ( 'NONE', #3066, 1000.000000000000000 ) ;
#1095 = EDGE_CURVE ( 'NONE', #2438, #3493, #3813, .T. ) ;
#1096 = LINE ( 'NONE', #2069, #2688 ) ;
#1097 = DIRECTION ( 'NONE',  ( -1.000000000000000000, -0.000000000000000000, -0.000000000000000000 ) ) ;
#1098 =( NAMED_UNIT ( * ) SI_UNIT ( $, .STERADIAN. ) SOLID_ANGLE_UNIT ( ) );
#1099 = ADVANCED_FACE ( 'NONE', ( #160 ), #809, .F. ) ;
#1100 = ORIENTED_EDGE ( 'NONE', *, *, #2087, .F. ) ;
#1101 = VERTEX_POINT ( 'NONE', #3086 ) ;
#1102 = CARTESIAN_POINT ( 'NONE',  ( -1.500000000000000222, 0.000000000000000000, 2.500000000000000000 ) ) ;
#1103 = CARTESIAN_POINT ( 'NONE',  ( 1.500999999999999668, 0.1499999999999999944, -1.199999999999809219 ) ) ;
#1104 = VECTOR ( 'NONE', #760, 1000.000000000000000 ) ;
#1105 = CARTESIAN_POINT ( 'NONE',  ( 0.0009999999999999972019, -0.05000000000000000278, 2.449000000000000288 ) ) ;
#1106 = CARTESIAN_POINT ( 'NONE',  ( -1.500999999999931944, 0.1499999999999999944, 0.1250000000000387190 ) ) ;
#1107 = LINE ( 'NONE', #2398, #1611 ) ;
#1108 = DIRECTION ( 'NONE',  ( 1.000000000000000000, -0.000000000000000000, -0.000000000000000000 ) ) ;
#1109 = LINE ( 'NONE', #1413, #3582 ) ;
#1110 = AXIS2_PLACEMENT_3D ( 'NONE', #3459, #1162, #3143 ) ;
#1111 = DIRECTION ( 'NONE',  ( -1.000000000000000000, -0.000000000000000000, -3.467135528268181101E-15 ) ) ;
#1112 = ORIENTED_EDGE ( 'NONE', *, *, #1362, .T. ) ;
#1113 = CARTESIAN_POINT ( 'NONE',  ( 1.500999999999999224, -0.05000000000000000278, 2.325000000000000178 ) ) ;
#1114 = CARTESIAN_POINT ( 'NONE',  ( -0.1250000000000001110, 0.1499999999999999944, 2.501000000000000334 ) ) ;
#1115 = VECTOR ( 'NONE', #795, 1000.000000000000000 ) ;
#1116 =( LENGTH_UNIT ( ) NAMED_UNIT ( * ) SI_UNIT ( .MILLI., .METRE. ) );
#1117 = PRESENTATION_STYLE_ASSIGNMENT (( #3437 ) ) ;
#1118 = EDGE_LOOP ( 'NONE', ( #225, #2964, #1814, #1762, #2554, #3046 ) ) ;
#1119 = ORIENTED_EDGE ( 'NONE', *, *, #206, .T. ) ;
#1120 = LINE ( 'NONE', #1185, #224 ) ;
#1121 = ADVANCED_FACE ( 'NONE', ( #1462 ), #3106, .T. ) ;
#1122 = VECTOR ( 'NONE', #3818, 1000.000000000000000 ) ;
#1123 = ORIENTED_EDGE ( 'NONE', *, *, #150, .T. ) ;
#1124 = FACE_OUTER_BOUND ( 'NONE', #22, .T. ) ;
#1125 = CYLINDRICAL_SURFACE ( 'NONE', #1927, 0.1239999999999999714 ) ;
#1126 = FACE_OUTER_BOUND ( 'NONE', #588, .T. ) ;
#1127 = EDGE_CURVE ( 'NONE', #3995, #2416, #156, .T. ) ;
#1128 = LINE ( 'NONE', #2157, #3441 ) ;
#1129 = DIRECTION ( 'NONE',  ( 0.000000000000000000, 0.000000000000000000, -1.000000000000000000 ) ) ;
#1130 = CARTESIAN_POINT ( 'NONE',  ( 1.308000000000000496, 0.9320000000000000506, 2.167999999999999705 ) ) ;
#1131 =( GEOMETRIC_REPRESENTATION_CONTEXT ( 3 ) GLOBAL_UNCERTAINTY_ASSIGNED_CONTEXT ( ( #2606 ) ) GLOBAL_UNIT_ASSIGNED_CONTEXT ( ( #1965, #1038, #1602 ) ) REPRESENTATION_CONTEXT ( 'NONE', 'WORKASPACE' ) );
#1132 = ORIENTED_EDGE ( 'NONE', *, *, #1588, .T. ) ;
#1133 = ORIENTED_EDGE ( 'NONE', *, *, #3804, .T. ) ;
#1134 = PRESENTATION_LAYER_ASSIGNMENT (  '', '', ( #2497 ) ) ;
#1135 = PRESENTATION_STYLE_ASSIGNMENT (( #523 ) ) ;
#1136 = VECTOR ( 'NONE', #2526, 1000.000000000000000 ) ;
#1137 = DIRECTION ( 'NONE',  ( 0.000000000000000000, -1.000000000000000000, 0.000000000000000000 ) ) ;
#1138 = CARTESIAN_POINT ( 'NONE',  ( -1.500000000000000222, 0.1499999999999999667, 2.500000000000000000 ) ) ;
#1139 = CARTESIAN_POINT ( 'NONE',  ( 0.3239999999999997327, 0.1499999999999999944, -2.500000000000000000 ) ) ;
#1140 = ORIENTED_EDGE ( 'NONE', *, *, #1645, .F. ) ;
#1141 = EDGE_CURVE ( 'NONE', #3158, #2324, #1120, .T. ) ;
#1142 = VECTOR ( 'NONE', #771, 1000.000000000000000 ) ;
#1143 = EDGE_LOOP ( 'NONE', ( #2689, #395, #384, #2914, #2832, #1863 ) ) ;
#1144 = DIRECTION ( 'NONE',  ( -1.000000000000000000, -0.000000000000000000, -0.000000000000000000 ) ) ;
#1145 = ORIENTED_EDGE ( 'NONE', *, *, #793, .F. ) ;
#1146 = DIRECTION ( 'NONE',  ( -1.000000000000000000, 0.000000000000000000, -0.000000000000000000 ) ) ;
#1147 = UNCERTAINTY_MEASURE_WITH_UNIT (LENGTH_MEASURE( 1.000000000000000082E-05 ), #3752, 'distance_accuracy_value', 'NONE');
#1148 = CARTESIAN_POINT ( 'NONE',  ( 0.1249999999999999722, 0.1499999999999999944, 2.449000000000001176 ) ) ;
#1149 = PLANE ( 'NONE',  #3006 ) ;
#1150 = CARTESIAN_POINT ( 'NONE',  ( -0.7760000000000003562, 0.1499999999999999944, -2.501000000000006551 ) ) ;
#1151 = EDGE_CURVE ( 'NONE', #3257, #488, #2737, .T. ) ;
#1152 = DIRECTION ( 'NONE',  ( -1.000000000000000000, 0.000000000000000000, 0.000000000000000000 ) ) ;
#1153 = PRODUCT_DEFINITION_FORMATION_WITH_SPECIFIED_SOURCE ( 'ANY', '', #1561, .NOT_KNOWN. ) ;
#1154 = CIRCLE ( 'NONE', #3528, 0.1239999999999999714 ) ;
#1155 = CARTESIAN_POINT ( 'NONE',  ( 0.02399999999999947314, 0.1499999999999999944, -2.448999999999999844 ) ) ;
#1156 = ORIENTED_EDGE ( 'NONE', *, *, #2027, .T. ) ;
#1157 = VERTEX_POINT ( 'NONE', #1446 ) ;
#1158 = CARTESIAN_POINT ( 'NONE',  ( -0.5509999999999991571, -0.05000000000000000278, 2.325000000000000178 ) ) ;
#1159 = SURFACE_SIDE_STYLE ('',( #4100 ) ) ;
#1160 = VECTOR ( 'NONE', #2464, 1000.000000000000000 ) ;
#1161 = DIRECTION ( 'NONE',  ( -0.000000000000000000, 1.000000000000000000, -0.000000000000000000 ) ) ;
#1162 = DIRECTION ( 'NONE',  ( -0.000000000000000000, 1.000000000000000000, -0.000000000000000000 ) ) ;
#1163 = ORIENTED_EDGE ( 'NONE', *, *, #2707, .F. ) ;
#1164 = ORIENTED_EDGE ( 'NONE', *, *, #3780, .T. ) ;
#1165 = LINE ( 'NONE', #1102, #1817 ) ;
#1166 = EDGE_CURVE ( 'NONE', #2747, #169, #2123, .T. ) ;
#1167 = ORIENTED_EDGE ( 'NONE', *, *, #2447, .F. ) ;
#1168 = DIRECTION ( 'NONE',  ( 1.000000000000000000, 0.000000000000000000, 1.394077410324475646E-14 ) ) ;
#1169 = CARTESIAN_POINT ( 'NONE',  ( 0.5490000000000008207, 0.1499999999999999944, 2.325000000000000178 ) ) ;
#1170 = DIRECTION ( 'NONE',  ( 0.000000000000000000, 0.000000000000000000, -1.000000000000000000 ) ) ;
#1171 = CARTESIAN_POINT ( 'NONE',  ( -1.307999999999999607, 0.9819999999999999840, -2.168000000000000593 ) ) ;
#1172 = DIRECTION ( 'NONE',  ( -1.000000000000000000, -0.000000000000000000, -0.000000000000000000 ) ) ;
#1173 = LINE ( 'NONE', #2426, #959 ) ;
#1174 = AXIS2_PLACEMENT_3D ( 'NONE', #3354, #4006, #1058 ) ;
#1175 = CARTESIAN_POINT ( 'NONE',  ( 1.499999999999999778, 0.1499999999999999667, 2.500000000000000000 ) ) ;
#1176 = ORIENTED_EDGE ( 'NONE', *, *, #3024, .F. ) ;
#1177 = AXIS2_PLACEMENT_3D ( 'NONE', #3782, #2817, #1182 ) ;
#1178 = ORIENTED_EDGE ( 'NONE', *, *, #912, .F. ) ;
#1179 = LINE ( 'NONE', #236, #2823 ) ;
#1180 = AXIS2_PLACEMENT_3D ( 'NONE', #2952, #2868, #76 ) ;
#1181 = CARTESIAN_POINT ( 'NONE',  ( 1.098999999999999977, -0.05000000000000000278, 2.449000000000000288 ) ) ;
#1182 = DIRECTION ( 'NONE',  ( 0.000000000000000000, 0.000000000000000000, 1.000000000000000000 ) ) ;
#1183 = ORIENTED_EDGE ( 'NONE', *, *, #1229, .F. ) ;
#1184 = ORIENTED_EDGE ( 'NONE', *, *, #1950, .T. ) ;
#1185 = CARTESIAN_POINT ( 'NONE',  ( 0.02399999999999982356, 0.1499999999999999944, -2.501000000000000334 ) ) ;
#1186 = ORIENTED_EDGE ( 'NONE', *, *, #2866, .T. ) ;
#1187 = DIRECTION ( 'NONE',  ( -1.000000000000000000, 0.000000000000000000, 0.000000000000000000 ) ) ;
#1188 = VECTOR ( 'NONE', #4102, 1000.000000000000000 ) ;
#1189 = DIRECTION ( 'NONE',  ( 0.000000000000000000, 0.000000000000000000, -1.000000000000000000 ) ) ;
#1190 = LINE ( 'NONE', #3446, #1971 ) ;
#1191 = VECTOR ( 'NONE', #1648, 1000.000000000000000 ) ;
#1192 =( GEOMETRIC_REPRESENTATION_CONTEXT ( 3 ) GLOBAL_UNCERTAINTY_ASSIGNED_CONTEXT ( ( #1505 ) ) GLOBAL_UNIT_ASSIGNED_CONTEXT ( ( #2141, #864, #904 ) ) REPRESENTATION_CONTEXT ( 'NONE', 'WORKASPACE' ) );
#1193 = DIRECTION ( 'NONE',  ( -1.000000000000000000, 0.000000000000000000, -1.849138948409693747E-14 ) ) ;
#1194 = VECTOR ( 'NONE', #4162, 1000.000000000000000 ) ;
#1195 = DIRECTION ( 'NONE',  ( 0.000000000000000000, -1.000000000000000000, 0.000000000000000000 ) ) ;
#1196 = DIRECTION ( 'NONE',  ( 0.000000000000000000, 0.000000000000000000, -1.000000000000000000 ) ) ;
#1197 = EDGE_CURVE ( 'NONE', #1664, #3578, #1743, .T. ) ;
#1198 = DIRECTION ( 'NONE',  ( 1.000000000000000000, 0.000000000000000000, 7.223199017225271389E-15 ) ) ;
#1199 = ORIENTED_EDGE ( 'NONE', *, *, #2034, .T. ) ;
#1200 = ORIENTED_EDGE ( 'NONE', *, *, #794, .F. ) ;
#1201 = CARTESIAN_POINT ( 'NONE',  ( -0.4250000000000000444, 0.1499999999999999667, 2.500000000000000000 ) ) ;
#1202 = EDGE_CURVE ( 'NONE', #2237, #2586, #4082, .T. ) ;
#1203 = DIRECTION ( 'NONE',  ( 0.000000000000000000, 0.000000000000000000, 1.000000000000000000 ) ) ;
#1204 = EDGE_CURVE ( 'NONE', #1064, #3411, #139, .T. ) ;
#1205 = PLANE ( 'NONE',  #2206 ) ;
#1206 = CARTESIAN_POINT ( 'NONE',  ( 0.5509999999999999343, -0.05000000000000000278, 2.449000000000000288 ) ) ;
#1207 = VERTEX_POINT ( 'NONE', #2437 ) ;
#1208 = CARTESIAN_POINT ( 'NONE',  ( 1.499999999999999778, 0.000000000000000000, -0.9499999999998953726 ) ) ;
#1209 = COLOUR_RGB ( '',0.2509803921568627416, 0.2509803921568627416, 0.2509803921568627416 ) ;
#1210 = VERTEX_POINT ( 'NONE', #222 ) ;
#1211 = CARTESIAN_POINT ( 'NONE',  ( -1.076000000000000290, 0.1499999999999999944, -2.500000000000000000 ) ) ;
#1212 = CARTESIAN_POINT ( 'NONE',  ( -1.500999999999997669, -0.05000000000000000278, 2.084999999999999964 ) ) ;
#1213 = SURFACE_STYLE_USAGE ( .BOTH. , #1833 ) ;
#1214 = CARTESIAN_POINT ( 'NONE',  ( 0.000000000000000000, 0.000000000000000000, 0.000000000000000000 ) ) ;
#1215 = CARTESIAN_POINT ( 'NONE',  ( 0.7749999999999999112, -0.05000000000000000278, -2.501000000000000334 ) ) ;
#1216 = ORIENTED_EDGE ( 'NONE', *, *, #4072, .T. ) ;
#1217 = DIRECTION ( 'NONE',  ( 0.000000000000000000, -1.000000000000000000, 0.000000000000000000 ) ) ;
#1218 = ORIENTED_EDGE ( 'NONE', *, *, #2419, .T. ) ;
#1219 = ADVANCED_FACE ( 'NONE', ( #768 ), #1763, .T. ) ;
#1220 = ORIENTED_EDGE ( 'NONE', *, *, #1441, .F. ) ;
#1221 = LINE ( 'NONE', #1541, #1122 ) ;
#1222 = EDGE_CURVE ( 'NONE', #961, #589, #3047, .T. ) ;
#1223 = CARTESIAN_POINT ( 'NONE',  ( 0.3239999999999997327, -0.05000000000000000278, -2.501000000000006551 ) ) ;
#1224 = DIRECTION ( 'NONE',  ( 5.212510444641937897E-16, 0.000000000000000000, -1.000000000000000000 ) ) ;
#1225 = FACE_OUTER_BOUND ( 'NONE', #333, .T. ) ;
#1226 = ORIENTED_EDGE ( 'NONE', *, *, #886, .F. ) ;
#1227 = CARTESIAN_POINT ( 'NONE',  ( 0.02399999999999971600, 0.000000000000000000, -2.500000000000000000 ) ) ;
#1228 = VECTOR ( 'NONE', #3624, 1000.000000000000000 ) ;
#1229 = EDGE_CURVE ( 'NONE', #1856, #4055, #1165, .T. ) ;
#1230 = VERTEX_POINT ( 'NONE', #2716 ) ;
#1231 = LINE ( 'NONE', #3507, #3629 ) ;
#1232 = DIRECTION ( 'NONE',  ( -1.000000000000000000, 0.000000000000000000, 2.168404344971009499E-14 ) ) ;
#1233 = FILL_AREA_STYLE ('',( #3214 ) ) ;
#1234 = DIRECTION ( 'NONE',  ( 0.000000000000000000, 0.000000000000000000, 1.000000000000000000 ) ) ;
#1235 = VERTEX_POINT ( 'NONE', #3381 ) ;
#1236 = LINE ( 'NONE', #2591, #892 ) ;
#1237 = PRESENTATION_STYLE_ASSIGNMENT (( #670 ) ) ;
#1238 = ORIENTED_EDGE ( 'NONE', *, *, #1599, .T. ) ;
#1239 = ORIENTED_EDGE ( 'NONE', *, *, #1705, .T. ) ;
#1240 = LINE ( 'NONE', #3835, #926 ) ;
#1241 = PLANE ( 'NONE',  #3776 ) ;
#1242 = VECTOR ( 'NONE', #3634, 1000.000000000000000 ) ;
#1243 = DIRECTION ( 'NONE',  ( -0.000000000000000000, 1.000000000000000000, 0.000000000000000000 ) ) ;
#1244 = CARTESIAN_POINT ( 'NONE',  ( -1.500000000000000222, 0.9320000000000000506, 0.1250000000000387190 ) ) ;
#1245 = ORIENTED_EDGE ( 'NONE', *, *, #3464, .T. ) ;
#1246 = CARTESIAN_POINT ( 'NONE',  ( -1.500999999999931944, -0.05000000000000000278, 0.1250000000000387190 ) ) ;
#1247 = VECTOR ( 'NONE', #1807, 1000.000000000000000 ) ;
#1248 = ORIENTED_EDGE ( 'NONE', *, *, #1276, .T. ) ;
#1249 = ADVANCED_FACE ( 'NONE', ( #4016 ), #2458, .T. ) ;
#1250 = LINE ( 'NONE', #2207, #2577 ) ;
#1251 = DIRECTION ( 'NONE',  ( 1.000000000000000000, -0.000000000000000000, -0.000000000000000000 ) ) ;
#1252 = ORIENTED_EDGE ( 'NONE', *, *, #3921, .F. ) ;
#1253 = EDGE_CURVE ( 'NONE', #867, #3676, #3127, .T. ) ;
#1254 = PLANE ( 'NONE',  #449 ) ;
#1255 = DIRECTION ( 'NONE',  ( 0.000000000000000000, 0.000000000000000000, 1.000000000000000000 ) ) ;
#1256 = VERTEX_POINT ( 'NONE', #1208 ) ;
#1257 = MECHANICAL_DESIGN_GEOMETRIC_PRESENTATION_REPRESENTATION (  '', ( #3701 ), #385 ) ;
#1258 = ORIENTED_EDGE ( 'NONE', *, *, #3137, .F. ) ;
#1259 = LINE ( 'NONE', #2596, #1535 ) ;
#1260 = ORIENTED_EDGE ( 'NONE', *, *, #3779, .F. ) ;
#1261 = CARTESIAN_POINT ( 'NONE',  ( 0.4250000000000000444, 0.1499999999999999667, 2.500000000000000000 ) ) ;
#1262 = DIRECTION ( 'NONE',  ( 1.000000000000000000, 0.000000000000000000, 0.000000000000000000 ) ) ;
#1263 = VECTOR ( 'NONE', #2362, 1000.000000000000000 ) ;
#1264 = LINE ( 'NONE', #615, #643 ) ;
#1265 = ORIENTED_EDGE ( 'NONE', *, *, #21, .T. ) ;
#1266 = VECTOR ( 'NONE', #3953, 1000.000000000000000 ) ;
#1267 = ORIENTED_EDGE ( 'NONE', *, *, #2833, .T. ) ;
#1268 = EDGE_CURVE ( 'NONE', #2373, #4182, #4148, .T. ) ;
#1269 = VECTOR ( 'NONE', #2968, 1000.000000000000000 ) ;
#1270 = CARTESIAN_POINT ( 'NONE',  ( -0.1020000000000002016, 0.1499999999999999944, -2.448999999999999844 ) ) ;
#1271 = EDGE_LOOP ( 'NONE', ( #807, #683, #899, #3097 ) ) ;
#1272 = CARTESIAN_POINT ( 'NONE',  ( 0.02399999999999947314, -0.05000000000000000278, -2.448999999999999844 ) ) ;
#1273 = VECTOR ( 'NONE', #935, 1000.000000000000000 ) ;
#1274 = FACE_OUTER_BOUND ( 'NONE', #181, .T. ) ;
#1275 = ORIENTED_EDGE ( 'NONE', *, *, #2034, .F. ) ;
#1276 = EDGE_CURVE ( 'NONE', #2902, #4180, #3841, .T. ) ;
#1277 = ORIENTED_EDGE ( 'NONE', *, *, #633, .T. ) ;
#1278 = CARTESIAN_POINT ( 'NONE',  ( 0.1249999999999998890, 0.9320000000000000506, 2.500000000000000000 ) ) ;
#1279 = ORIENTED_EDGE ( 'NONE', *, *, #4051, .F. ) ;
#1280 = CARTESIAN_POINT ( 'NONE',  ( -1.500000000000000222, 0.9320000000000000506, -2.500000000000000000 ) ) ;
#1281 = DIRECTION ( 'NONE',  ( 0.000000000000000000, 0.000000000000000000, -1.000000000000000000 ) ) ;
#1282 =( LENGTH_UNIT ( ) NAMED_UNIT ( * ) SI_UNIT ( .MILLI., .METRE. ) );
#1283 = CARTESIAN_POINT ( 'NONE',  ( 0.9750000000000003109, -0.05000000000000000278, 2.501000000000000334 ) ) ;
#1284 = ORIENTED_EDGE ( 'NONE', *, *, #785, .T. ) ;
#1285 = ORIENTED_EDGE ( 'NONE', *, *, #150, .F. ) ;
#1286 = VECTOR ( 'NONE', #1378, 1000.000000000000000 ) ;
#1287 = EDGE_LOOP ( 'NONE', ( #1200, #1679, #2528, #1298 ) ) ;
#1288 = LINE ( 'NONE', #1608, #3417 ) ;
#1289 = ADVANCED_FACE ( 'NONE', ( #1647 ), #2845, .T. ) ;
#1290 = ORIENTED_EDGE ( 'NONE', *, *, #1581, .T. ) ;
#1291 = VECTOR ( 'NONE', #3303, 1000.000000000000000 ) ;
#1292 = EDGE_CURVE ( 'NONE', #3238, #2169, #1326, .T. ) ;
#1293 = AXIS2_PLACEMENT_3D ( 'NONE', #1317, #3911, #1008 ) ;
#1294 = DIRECTION ( 'NONE',  ( 0.000000000000000000, -1.000000000000000000, 0.000000000000000000 ) ) ;
#1295 = ORIENTED_EDGE ( 'NONE', *, *, #2931, .F. ) ;
#1296 = SURFACE_STYLE_FILL_AREA ( #3532 ) ;
#1297 = CARTESIAN_POINT ( 'NONE',  ( 0.7749999999999999112, 0.1499999999999999944, -2.149000000000000021 ) ) ;
#1298 = ORIENTED_EDGE ( 'NONE', *, *, #2778, .F. ) ;
#1299 = EDGE_LOOP ( 'NONE', ( #596, #3191, #2436, #2922, #992, #4200, #1304, #3690, #2168, #3871, #3535, #4195, #691, #2516, #3635, #3915, #2996, #2657, #1929, #3534, #2496, #2746, #3220, #2430, #1397, #1502, #686, #461 ) ) ;
#1300 = LINE ( 'NONE', #297, #2751 ) ;
#1301 = DIRECTION ( 'NONE',  ( -1.000000000000000000, -0.000000000000000000, -0.000000000000000000 ) ) ;
#1302 = VERTEX_POINT ( 'NONE', #1227 ) ;
#1303 = CARTESIAN_POINT ( 'NONE',  ( 1.499999999999999778, 0.9320000000000000506, 0.9500000000000690115 ) ) ;
#1304 = ORIENTED_EDGE ( 'NONE', *, *, #2139, .T. ) ;
#1305 = PLANE ( 'NONE',  #3839 ) ;
#1306 = FACE_OUTER_BOUND ( 'NONE', #2569, .T. ) ;
#1307 = EDGE_CURVE ( 'NONE', #3952, #2663, #3190, .T. ) ;
#1308 = VECTOR ( 'NONE', #306, 1000.000000000000000 ) ;
#1309 = EDGE_CURVE ( 'NONE', #2747, #2880, #2864, .T. ) ;
#1310 = ORIENTED_EDGE ( 'NONE', *, *, #908, .F. ) ;
#1311 = FACE_OUTER_BOUND ( 'NONE', #1914, .T. ) ;
#1312 = AXIS2_PLACEMENT_3D ( 'NONE', #3, #929, #283 ) ;
#1313 = PLANE ( 'NONE',  #3447 ) ;
#1314 = ORIENTED_EDGE ( 'NONE', *, *, #295, .F. ) ;
#1315 = DIRECTION ( 'NONE',  ( -1.000000000000000000, 0.000000000000000000, 0.000000000000000000 ) ) ;
#1316 = ORIENTED_EDGE ( 'NONE', *, *, #2650, .F. ) ;
#1317 = CARTESIAN_POINT ( 'NONE',  ( 0.8989999999999997993, -0.05000000000000000278, -2.149000000000000021 ) ) ;
#1318 = DIRECTION ( 'NONE',  ( 0.000000000000000000, 0.000000000000000000, -1.000000000000000000 ) ) ;
#1319 = ORIENTED_EDGE ( 'NONE', *, *, #3825, .F. ) ;
#1320 = CIRCLE ( 'NONE', #4114, 0.1239999999999999714 ) ;
#1321 = ORIENTED_EDGE ( 'NONE', *, *, #1048, .T. ) ;
#1322 = DIRECTION ( 'NONE',  ( 0.000000000000000000, -1.000000000000000000, 0.000000000000000000 ) ) ;
#1323 = DIRECTION ( 'NONE',  ( 1.000000000000000000, 0.000000000000000000, 0.000000000000000000 ) ) ;
#1324 = ADVANCED_FACE ( 'NONE', ( #3803 ), #4168, .T. ) ;
#1325 = ORIENTED_EDGE ( 'NONE', *, *, #2142, .T. ) ;
#1326 = LINE ( 'NONE', #1015, #4199 ) ;
#1327 = VECTOR ( 'NONE', #4125, 1000.000000000000000 ) ;
#1328 = LINE ( 'NONE', #991, #2821 ) ;
#1329 = EDGE_LOOP ( 'NONE', ( #1936, #2867, #3442, #1779, #2587, #39 ) ) ;
#1330 = VECTOR ( 'NONE', #1574, 1000.000000000000000 ) ;
#1331 = DIRECTION ( 'NONE',  ( 0.000000000000000000, 0.000000000000000000, -1.000000000000000000 ) ) ;
#1332 = PLANE ( 'NONE',  #1046 ) ;
#1333 = VECTOR ( 'NONE', #3221, 1000.000000000000000 ) ;
#1334 = ADVANCED_FACE ( 'NONE', ( #1864 ), #677, .T. ) ;
#1335 = FACE_OUTER_BOUND ( 'NONE', #2668, .T. ) ;
#1336 = EDGE_CURVE ( 'NONE', #1774, #717, #2304, .T. ) ;
#1337 = VERTEX_POINT ( 'NONE', #3290 ) ;
#1338 = LINE ( 'NONE', #706, #1242 ) ;
#1339 = DIRECTION ( 'NONE',  ( 0.000000000000000000, -1.000000000000000000, 0.000000000000000000 ) ) ;
#1340 = AXIS2_PLACEMENT_3D ( 'NONE', #3067, #791, #3788 ) ;
#1341 = ORIENTED_EDGE ( 'NONE', *, *, #2411, .F. ) ;
#1342 = DIRECTION ( 'NONE',  ( 0.000000000000000000, 1.000000000000000000, 0.000000000000000000 ) ) ;
#1343 = ORIENTED_EDGE ( 'NONE', *, *, #886, .T. ) ;
#1344 = DIRECTION ( 'NONE',  ( -0.000000000000000000, 1.000000000000000000, -0.000000000000000000 ) ) ;
#1345 = CARTESIAN_POINT ( 'NONE',  ( 0.5490000000000008207, -0.05000000000000000278, 2.325000000000000178 ) ) ;
#1346 = EDGE_LOOP ( 'NONE', ( #331, #1625, #3816, #4081 ) ) ;
#1347 = CARTESIAN_POINT ( 'NONE',  ( 1.098999999999999977, 0.1499999999999999944, 2.449000000000000288 ) ) ;
#1348 = DIRECTION ( 'NONE',  ( -0.000000000000000000, -1.000000000000000000, -0.000000000000000000 ) ) ;
#1349 = ORIENTED_EDGE ( 'NONE', *, *, #325, .F. ) ;
#1350 = CARTESIAN_POINT ( 'NONE',  ( 0.4249999999999999889, -0.05000000000000000278, 2.449000000000001176 ) ) ;
#1351 = CARTESIAN_POINT ( 'NONE',  ( 0.0009999999999991027351, 0.1499999999999999944, 2.325000000000000178 ) ) ;
#1352 = ADVANCED_FACE ( 'NONE', ( #377 ), #2186, .T. ) ;
#1353 = ORIENTED_EDGE ( 'NONE', *, *, #140, .T. ) ;
#1354 = DIRECTION ( 'NONE',  ( 0.000000000000000000, 0.000000000000000000, -1.000000000000000000 ) ) ;
#1355 = CARTESIAN_POINT ( 'NONE',  ( 0.7749999999999999112, -0.05000000000000000278, -2.501000000000000334 ) ) ;
#1356 = EDGE_CURVE ( 'NONE', #1101, #1565, #70, .T. ) ;
#1357 = ORIENTED_EDGE ( 'NONE', *, *, #2508, .T. ) ;
#1358 = FACE_OUTER_BOUND ( 'NONE', #431, .T. ) ;
#1359 = DIRECTION ( 'NONE',  ( 0.000000000000000000, -1.000000000000000000, 0.000000000000000000 ) ) ;
#1360 = AXIS2_PLACEMENT_3D ( 'NONE', #970, #1990, #1942 ) ;
#1361 = ORIENTED_EDGE ( 'NONE', *, *, #3386, .T. ) ;
#1362 = EDGE_CURVE ( 'NONE', #4001, #945, #3481, .T. ) ;
#1363 = LINE ( 'NONE', #3345, #1678 ) ;
#1364 = ORIENTED_EDGE ( 'NONE', *, *, #2574, .F. ) ;
#1365 = VECTOR ( 'NONE', #3815, 1000.000000000000000 ) ;
#1366 = DIRECTION ( 'NONE',  ( 0.000000000000000000, 0.000000000000000000, -1.000000000000000000 ) ) ;
#1367 = DIRECTION ( 'NONE',  ( 0.000000000000000000, -0.000000000000000000, 1.000000000000000000 ) ) ;
#1368 = VECTOR ( 'NONE', #2045, 1000.000000000000000 ) ;
#1369 = EDGE_CURVE ( 'NONE', #1801, #3681, #1692, .T. ) ;
#1370 = VERTEX_POINT ( 'NONE', #130 ) ;
#1371 = DIRECTION ( 'NONE',  ( 0.000000000000000000, -1.000000000000000000, 0.000000000000000000 ) ) ;
#1372 = DIRECTION ( 'NONE',  ( 0.000000000000000000, 0.000000000000000000, -1.000000000000000000 ) ) ;
#1373 = ORIENTED_EDGE ( 'NONE', *, *, #2107, .T. ) ;
#1374 = CYLINDRICAL_SURFACE ( 'NONE', #332, 0.1239999999999999714 ) ;
#1375 = VERTEX_POINT ( 'NONE', #1751 ) ;
#1376 = CARTESIAN_POINT ( 'NONE',  ( 1.499999999999999778, 0.1499999999999999667, 1.199999999999999956 ) ) ;
#1377 = DIRECTION ( 'NONE',  ( -1.474514954580679830E-14, -0.000000000000000000, 1.000000000000000000 ) ) ;
#1378 = DIRECTION ( 'NONE',  ( -1.000000000000000000, -0.000000000000000000, 3.122502256609556715E-11 ) ) ;
#1379 = ORIENTED_EDGE ( 'NONE', *, *, #2294, .T. ) ;
#1380 = DIRECTION ( 'NONE',  ( -1.000000000000000000, -0.000000000000000000, -0.000000000000000000 ) ) ;
#1381 = PLANE ( 'NONE',  #3512 ) ;
#1382 =( GEOMETRIC_REPRESENTATION_CONTEXT ( 3 ) GLOBAL_UNCERTAINTY_ASSIGNED_CONTEXT ( ( #3695 ) ) GLOBAL_UNIT_ASSIGNED_CONTEXT ( ( #1116, #2713, #2752 ) ) REPRESENTATION_CONTEXT ( 'NONE', 'WORKASPACE' ) );
#1383 = EDGE_CURVE ( 'NONE', #2872, #3401, #2993, .T. ) ;
#1384 = ORIENTED_EDGE ( 'NONE', *, *, #1253, .F. ) ;
#1385 = VECTOR ( 'NONE', #2582, 1000.000000000000000 ) ;
#1386 = SURFACE_SIDE_STYLE ('',( #3909 ) ) ;
#1387 = EDGE_CURVE ( 'NONE', #2754, #893, #422, .T. ) ;
#1388 = EDGE_CURVE ( 'NONE', #198, #354, #4023, .T. ) ;
#1389 = DIRECTION ( 'NONE',  ( 0.000000000000000000, -1.000000000000000000, 0.000000000000000000 ) ) ;
#1390 = CARTESIAN_POINT ( 'NONE',  ( 0.1249999999999998890, 0.1499999999999999667, 2.500000000000000000 ) ) ;
#1391 = AXIS2_PLACEMENT_3D ( 'NONE', #3465, #474, #559 ) ;
#1392 = EDGE_CURVE ( 'NONE', #1370, #2450, #1414, .T. ) ;
#1393 = CYLINDRICAL_SURFACE ( 'NONE', #3996, 0.1749999999999998224 ) ;
#1394 = CARTESIAN_POINT ( 'NONE',  ( -1.501000000000000112, -0.05000000000000000278, -2.324999999999999734 ) ) ;
#1395 = CARTESIAN_POINT ( 'NONE',  ( -1.500000000000000222, 0.9320000000000000506, -2.324999999999999289 ) ) ;
#1396 = EDGE_CURVE ( 'NONE', #747, #2416, #3055, .T. ) ;
#1397 = ORIENTED_EDGE ( 'NONE', *, *, #2557, .T. ) ;
#1398 = CARTESIAN_POINT ( 'NONE',  ( -1.500999999999998114, -0.05000000000000000278, 0.9500000000000473621 ) ) ;
#1399 = ORIENTED_EDGE ( 'NONE', *, *, #2979, .F. ) ;
#1400 = DIRECTION ( 'NONE',  ( 0.000000000000000000, -1.000000000000000000, 0.000000000000000000 ) ) ;
#1401 = DIRECTION ( 'NONE',  ( 1.000000000000000000, 0.000000000000000000, 0.000000000000000000 ) ) ;
#1402 = CARTESIAN_POINT ( 'NONE',  ( 0.000000000000000000, 0.000000000000000000, 0.000000000000000000 ) ) ;
#1403 = VECTOR ( 'NONE', #3836, 1000.000000000000000 ) ;
#1404 = VECTOR ( 'NONE', #3648, 1000.000000000000000 ) ;
#1405 = PLANE ( 'NONE',  #923 ) ;
#1406 = SURFACE_STYLE_FILL_AREA ( #157 ) ;
#1407 = ORIENTED_EDGE ( 'NONE', *, *, #612, .F. ) ;
#1408 = SURFACE_STYLE_USAGE ( .BOTH. , #1386 ) ;
#1409 = PLANE ( 'NONE',  #443 ) ;
#1410 = CARTESIAN_POINT ( 'NONE',  ( -1.500000000000000222, 0.1499999999999999667, 2.500000000000000000 ) ) ;
#1411 = LINE ( 'NONE', #1786, #938 ) ;
#1412 =( LENGTH_UNIT ( ) NAMED_UNIT ( * ) SI_UNIT ( .MILLI., .METRE. ) );
#1413 = CARTESIAN_POINT ( 'NONE',  ( -0.9750000000000001998, -0.05000000000000000278, 2.501000000000000334 ) ) ;
#1414 = LINE ( 'NONE', #3015, #2358 ) ;
#1415 = ADVANCED_FACE ( 'NONE', ( #4003, #146 ), #1075, .F. ) ;
#1416 = STYLED_ITEM ( 'NONE', ( #1889 ), #1334 ) ;
#1417 = VERTEX_POINT ( 'NONE', #1398 ) ;
#1418 = LINE ( 'NONE', #2709, #1404 ) ;
#1419 = CARTESIAN_POINT ( 'NONE',  ( -1.500000000000000222, 0.000000000000000000, -2.500000000000000000 ) ) ;
#1420 = DIRECTION ( 'NONE',  ( 0.000000000000000000, 0.000000000000000000, -1.000000000000000000 ) ) ;
#1421 = LINE ( 'NONE', #430, #2764 ) ;
#1422 = ORIENTED_EDGE ( 'NONE', *, *, #2855, .F. ) ;
#1423 = CARTESIAN_POINT ( 'NONE',  ( -0.1020000000000002016, -0.05000000000000000278, -2.324999999999999734 ) ) ;
#1424 = ADVANCED_FACE ( 'NONE', ( #1432 ), #3350, .F. ) ;
#1425 = DIRECTION ( 'NONE',  ( -0.000000000000000000, -0.000000000000000000, 1.000000000000000000 ) ) ;
#1426 = CARTESIAN_POINT ( 'NONE',  ( -1.500999999999998114, 0.1499999999999999944, 0.9500000000000473621 ) ) ;
#1427 = CARTESIAN_POINT ( 'NONE',  ( 0.4249999999999999889, 0.1499999999999999944, 2.449000000000001176 ) ) ;
#1428 = ORIENTED_EDGE ( 'NONE', *, *, #3621, .T. ) ;
#1429 = CARTESIAN_POINT ( 'NONE',  ( -0.7760000000000002451, 0.1499999999999999944, -2.448999999999999844 ) ) ;
#1430 =( NAMED_UNIT ( * ) SI_UNIT ( $, .STERADIAN. ) SOLID_ANGLE_UNIT ( ) );
#1431 =( GEOMETRIC_REPRESENTATION_CONTEXT ( 3 ) GLOBAL_UNCERTAINTY_ASSIGNED_CONTEXT ( ( #2421 ) ) GLOBAL_UNIT_ASSIGNED_CONTEXT ( ( #775, #478, #1430 ) ) REPRESENTATION_CONTEXT ( 'NONE', 'WORKASPACE' ) );
#1432 = FACE_OUTER_BOUND ( 'NONE', #4109, .T. ) ;
#1433 = CIRCLE ( 'NONE', #3003, 0.1239999999999999714 ) ;
#1434 = VERTEX_POINT ( 'NONE', #2725 ) ;
#1435 = AXIS2_PLACEMENT_3D ( 'NONE', #4107, #3420, #201 ) ;
#1436 = CARTESIAN_POINT ( 'NONE',  ( -1.500000000000000222, 0.9320000000000000506, -0.1249999999999142353 ) ) ;
#1437 = CARTESIAN_POINT ( 'NONE',  ( 0.3239999999999996771, 0.000000000000000000, -2.149000000000000021 ) ) ;
#1438 = ADVANCED_FACE ( 'NONE', ( #1731 ), #401, .T. ) ;
#1439 = CARTESIAN_POINT ( 'NONE',  ( -0.7760000000000003562, 0.1499999999999999944, -2.501000000000006551 ) ) ;
#1440 = DIRECTION ( 'NONE',  ( -2.085004177856775159E-15, 0.000000000000000000, 1.000000000000000000 ) ) ;
#1441 = EDGE_CURVE ( 'NONE', #2049, #3292, #801, .T. ) ;
#1442 = CARTESIAN_POINT ( 'NONE',  ( -0.5490000000000008207, 0.1499999999999999944, 2.325000000000000178 ) ) ;
#1443 = ORIENTED_EDGE ( 'NONE', *, *, #3830, .F. ) ;
#1444 = ADVANCED_FACE ( 'NONE', ( #3331 ), #1374, .T. ) ;
#1445 = ORIENTED_EDGE ( 'NONE', *, *, #820, .T. ) ;
#1446 = CARTESIAN_POINT ( 'NONE',  ( -1.307999999999999607, 0.9819999999999999840, 2.167999999999999705 ) ) ;
#1447 = CARTESIAN_POINT ( 'NONE',  ( 0.9749999999999999778, 0.1499999999999999667, 2.500000000000000000 ) ) ;
#1448 = UNCERTAINTY_MEASURE_WITH_UNIT (LENGTH_MEASURE( 1.000000000000000082E-05 ), #3951, 'distance_accuracy_value', 'NONE');
#1449 = AXIS2_PLACEMENT_3D ( 'NONE', #684, #3589, #1968 ) ;
#1450 = CARTESIAN_POINT ( 'NONE',  ( 1.098999999999999977, 0.000000000000000000, 2.449000000000000288 ) ) ;
#1451 = DIRECTION ( 'NONE',  ( -1.000000000000000000, -0.000000000000000000, -0.000000000000000000 ) ) ;
#1452 = VERTEX_POINT ( 'NONE', #2667 ) ;
#1453 = LINE ( 'NONE', #3425, #2350 ) ;
#1454 = DIRECTION ( 'NONE',  ( 0.000000000000000000, 0.000000000000000000, -1.000000000000000000 ) ) ;
#1455 = LINE ( 'NONE', #566, #3272 ) ;
#1456 = ORIENTED_EDGE ( 'NONE', *, *, #950, .T. ) ;
#1457 = EDGE_LOOP ( 'NONE', ( #1593, #2289, #179, #3460, #1006, #8 ) ) ;
#1458 = CARTESIAN_POINT ( 'NONE',  ( 0.9580000000000005178, 0.9819999999999999840, -1.643000000000000460 ) ) ;
#1459 = CARTESIAN_POINT ( 'NONE',  ( -1.099000000000001087, 0.1499999999999999944, 2.325000000000000178 ) ) ;
#1460 = EDGE_LOOP ( 'NONE', ( #3588, #1445, #1489, #3261, #2590, #498, #911, #2336 ) ) ;
#1461 = ORIENTED_EDGE ( 'NONE', *, *, #3986, .T. ) ;
#1462 = FACE_OUTER_BOUND ( 'NONE', #3762, .T. ) ;
#1464 = EDGE_CURVE ( 'NONE', #2284, #1452, #3390, .T. ) ;
#1463 = AXIS2_PLACEMENT_3D ( 'NONE', #3187, #4078, #262 ) ;
#1465 = ORIENTED_EDGE ( 'NONE', *, *, #502, .T. ) ;
#1466 = FACE_OUTER_BOUND ( 'NONE', #1118, .T. ) ;
#1467 = VECTOR ( 'NONE', #419, 1000.000000000000000 ) ;
#1468 = DIRECTION ( 'NONE',  ( 1.000000000000000000, 0.000000000000000000, 1.394077410324475646E-14 ) ) ;
#1469 = LINE ( 'NONE', #3790, #2245 ) ;
#1470 = ORIENTED_EDGE ( 'NONE', *, *, #1599, .F. ) ;
#1471 = AXIS2_PLACEMENT_3D ( 'NONE', #1270, #2209, #1553 ) ;
#1472 = CARTESIAN_POINT ( 'NONE',  ( -1.500000000000000222, 0.000000000000000000, -2.500000000000000000 ) ) ;
#1473 = CARTESIAN_POINT ( 'NONE',  ( -1.500000000000000222, 0.1499999999999999667, -0.1249999999999142353 ) ) ;
#1474 = AXIS2_PLACEMENT_3D ( 'NONE', #1976, #769, #3278 ) ;
#1475 = ORIENTED_EDGE ( 'NONE', *, *, #2101, .T. ) ;
#1476 = VERTEX_POINT ( 'NONE', #2344 ) ;
#1477 = VECTOR ( 'NONE', #1681, 1000.000000000000000 ) ;
#1478 = DIRECTION ( 'NONE',  ( -1.000000000000000000, 0.000000000000000000, -0.000000000000000000 ) ) ;
#1479 = ADVANCED_FACE ( 'NONE', ( #1771 ), #3075, .T. ) ;
#1480 = FACE_OUTER_BOUND ( 'NONE', #3879, .T. ) ;
#1481 = CARTESIAN_POINT ( 'NONE',  ( 0.5490000000000000435, -0.05000000000000000278, 2.449000000000000288 ) ) ;
#1482 = DIRECTION ( 'NONE',  ( 0.000000000000000000, 0.000000000000000000, 1.000000000000000000 ) ) ;
#1483 = PRESENTATION_LAYER_ASSIGNMENT (  '', '', ( #3324 ) ) ;
#1484 = EDGE_LOOP ( 'NONE', ( #2647, #2068, #827, #1838 ) ) ;
#1485 = AXIS2_PLACEMENT_3D ( 'NONE', #3153, #4154, #1193 ) ;
#1486 = EDGE_LOOP ( 'NONE', ( #861, #2545, #1683, #2403 ) ) ;
#1487 = CARTESIAN_POINT ( 'NONE',  ( 1.499999999999999778, 0.9320000000000000506, 2.500000000000000000 ) ) ;
#1488 = EDGE_CURVE ( 'NONE', #1417, #284, #2745, .T. ) ;
#1489 = ORIENTED_EDGE ( 'NONE', *, *, #2841, .T. ) ;
#1490 = CARTESIAN_POINT ( 'NONE',  ( 0.02399999999999971600, 0.1499999999999999944, -2.448999999999999844 ) ) ;
#1491 = CARTESIAN_POINT ( 'NONE',  ( 1.499999999999999778, 0.1499999999999999667, 2.500000000000000000 ) ) ;
#1492 = FACE_OUTER_BOUND ( 'NONE', #2708, .T. ) ;
#1493 = DIRECTION ( 'NONE',  ( -0.000000000000000000, 1.000000000000000000, -0.000000000000000000 ) ) ;
#1494 = DIRECTION ( 'NONE',  ( -0.000000000000000000, 0.000000000000000000, 1.000000000000000000 ) ) ;
#1495 = FILL_AREA_STYLE_COLOUR ( '', #2924 ) ;
#1496 = ORIENTED_EDGE ( 'NONE', *, *, #3551, .F. ) ;
#1497 = ORIENTED_EDGE ( 'NONE', *, *, #3031, .T. ) ;
#1498 = VECTOR ( 'NONE', #817, 1000.000000000000000 ) ;
#1499 = DIRECTION ( 'NONE',  ( 1.000000000000000000, 0.000000000000000000, 1.540059904098698105E-16 ) ) ;
#1500 = LINE ( 'NONE', #550, #2889 ) ;
#1501 = CARTESIAN_POINT ( 'NONE',  ( 0.1249999999999999722, -0.05000000000000000278, 2.449000000000001176 ) ) ;
#1502 = ORIENTED_EDGE ( 'NONE', *, *, #2197, .T. ) ;
#1503 = VERTEX_POINT ( 'NONE', #497 ) ;
#1504 = DIRECTION ( 'NONE',  ( 1.000000000000000000, -0.000000000000000000, -2.168404344971009499E-14 ) ) ;
#1505 = UNCERTAINTY_MEASURE_WITH_UNIT (LENGTH_MEASURE( 1.000000000000000082E-05 ), #2141, 'distance_accuracy_value', 'NONE');
#1506 = ORIENTED_EDGE ( 'NONE', *, *, #644, .T. ) ;
#1507 = CARTESIAN_POINT ( 'NONE',  ( 0.5490000000000008207, 0.1499999999999999944, 2.325000000000000178 ) ) ;
#1508 = ADVANCED_FACE ( 'NONE', ( #1855 ), #2790, .F. ) ;
#1509 = DIRECTION ( 'NONE',  ( 0.000000000000000000, -1.000000000000000000, 0.000000000000000000 ) ) ;
#1510 = CARTESIAN_POINT ( 'NONE',  ( 1.500999999999988566, -0.05000000000000000278, 0.1250000000000608402 ) ) ;
#1511 = CARTESIAN_POINT ( 'NONE',  ( -1.500999999999931944, 0.1499999999999999944, 0.1250000000000387190 ) ) ;
#1512 = EDGE_CURVE ( 'NONE', #1793, #4084, #2494, .T. ) ;
#1513 = EDGE_CURVE ( 'NONE', #2301, #3495, #251, .T. ) ;
#1514 = DIRECTION ( 'NONE',  ( 0.000000000000000000, 0.000000000000000000, 1.000000000000000000 ) ) ;
#1515 = FACE_OUTER_BOUND ( 'NONE', #956, .T. ) ;
#1516 = CIRCLE ( 'NONE', #2803, 0.1239999999999999714 ) ;
#1517 = EDGE_CURVE ( 'NONE', #3817, #1957, #900, .T. ) ;
#1518 = LINE ( 'NONE', #880, #154 ) ;
#1519 = ORIENTED_EDGE ( 'NONE', *, *, #1025, .T. ) ;
#1520 = CIRCLE ( 'NONE', #574, 0.1239999999999999714 ) ;
#1521 = ORIENTED_EDGE ( 'NONE', *, *, #1059, .F. ) ;
#1522 = DIRECTION ( 'NONE',  ( 1.000000000000000000, 0.000000000000000000, 0.000000000000000000 ) ) ;
#1523 = DIRECTION ( 'NONE',  ( 1.000000000000000000, 0.000000000000000000, 1.394077410324475646E-14 ) ) ;
#1524 = LINE ( 'NONE', #2816, #1327 ) ;
#1525 = DIRECTION ( 'NONE',  ( 2.085004177856462770E-15, -0.000000000000000000, 1.000000000000000000 ) ) ;
#1526 = EDGE_LOOP ( 'NONE', ( #4188, #3598, #2779, #3392 ) ) ;
#1527 = VECTOR ( 'NONE', #3659, 1000.000000000000000 ) ;
#1528 = ORIENTED_EDGE ( 'NONE', *, *, #3334, .F. ) ;
#1529 =( NAMED_UNIT ( * ) SI_UNIT ( $, .STERADIAN. ) SOLID_ANGLE_UNIT ( ) );
#1530 = VECTOR ( 'NONE', #3431, 1000.000000000000000 ) ;
#1531 = EDGE_CURVE ( 'NONE', #3520, #1874, #2810, .T. ) ;
#1532 = LINE ( 'NONE', #493, #3222 ) ;
#1533 = CARTESIAN_POINT ( 'NONE',  ( -1.500000000000000222, 0.000000000000000000, -2.024999999999999467 ) ) ;
#1534 = CARTESIAN_POINT ( 'NONE',  ( 0.000000000000000000, 0.000000000000000000, 0.000000000000000000 ) ) ;
#1535 = VECTOR ( 'NONE', #4201, 1000.000000000000000 ) ;
#1536 = DIRECTION ( 'NONE',  ( 0.000000000000000000, -1.000000000000000000, 0.000000000000000000 ) ) ;
#1537 = EDGE_CURVE ( 'NONE', #4073, #2256, #1455, .T. ) ;
#1538 = CARTESIAN_POINT ( 'NONE',  ( -1.500999999999998114, -0.05000000000000000278, 0.9500000000000473621 ) ) ;
#1539 = ORIENTED_EDGE ( 'NONE', *, *, #1826, .T. ) ;
#1540 = ORIENTED_EDGE ( 'NONE', *, *, #1387, .T. ) ;
#1541 = CARTESIAN_POINT ( 'NONE',  ( -1.500000000000000222, 0.000000000000000000, -2.500000000000000000 ) ) ;
#1542 =( GEOMETRIC_REPRESENTATION_CONTEXT ( 3 ) GLOBAL_UNCERTAINTY_ASSIGNED_CONTEXT ( ( #3250 ) ) GLOBAL_UNIT_ASSIGNED_CONTEXT ( ( #624, #4194, #2192 ) ) REPRESENTATION_CONTEXT ( 'NONE', 'WORKASPACE' ) );
#1543 = EDGE_CURVE ( 'NONE', #4057, #3158, #213, .T. ) ;
#1544 = EDGE_CURVE ( 'NONE', #354, #1898, #3749, .T. ) ;
#1545 = FILL_AREA_STYLE ('',( #885 ) ) ;
#1546 = CARTESIAN_POINT ( 'NONE',  ( 0.7749999999999999112, 0.000000000000000000, 0.000000000000000000 ) ) ;
#1547 = DIRECTION ( 'NONE',  ( -1.752070710736980829E-13, 0.000000000000000000, -1.000000000000000000 ) ) ;
#1548 = VERTEX_POINT ( 'NONE', #3795 ) ;
#1549 = DIRECTION ( 'NONE',  ( -0.000000000000000000, 1.000000000000000000, 0.000000000000000000 ) ) ;
#1550 = EDGE_LOOP ( 'NONE', ( #3463, #2771, #4198, #909 ) ) ;
#1551 = FACE_OUTER_BOUND ( 'NONE', #4179, .T. ) ;
#1552 =( NAMED_UNIT ( * ) PLANE_ANGLE_UNIT ( ) SI_UNIT ( $, .RADIAN. ) );
#1553 = DIRECTION ( 'NONE',  ( 0.000000000000000000, 0.000000000000000000, -1.000000000000000000 ) ) ;
#1554 = SURFACE_STYLE_FILL_AREA ( #2609 ) ;
#1555 = ORIENTED_EDGE ( 'NONE', *, *, #21, .F. ) ;
#1556 = CARTESIAN_POINT ( 'NONE',  ( -1.500999999999999668, 0.1499999999999999944, -2.024999999999999911 ) ) ;
#1557 = FACE_OUTER_BOUND ( 'NONE', #1346, .T. ) ;
#1558 = ORIENTED_EDGE ( 'NONE', *, *, #96, .T. ) ;
#1559 = ORIENTED_EDGE ( 'NONE', *, *, #883, .F. ) ;
#1560 = CARTESIAN_POINT ( 'NONE',  ( -0.9750000000000000888, 0.9320000000000000506, 2.500000000000000000 ) ) ;
#1561 = PRODUCT ( 'IGC033S10S1XTMA1', 'IGC033S10S1XTMA1', '', ( #3227 ) ) ;
#1562 = DIRECTION ( 'NONE',  ( 0.000000000000000000, 0.000000000000000000, -1.000000000000000000 ) ) ;
#1563 = EDGE_CURVE ( 'NONE', #2450, #3922, #233, .T. ) ;
#1564 = CARTESIAN_POINT ( 'NONE',  ( -0.6500000000000002442, 0.1499999999999999944, -2.324999999999999734 ) ) ;
#1565 = VERTEX_POINT ( 'NONE', #2515 ) ;
#1566 = DIRECTION ( 'NONE',  ( 0.000000000000000000, 0.000000000000000000, 1.000000000000000000 ) ) ;
#1567 = VECTOR ( 'NONE', #1348, 1000.000000000000000 ) ;
#1568 = ORIENTED_EDGE ( 'NONE', *, *, #3592, .T. ) ;
#1569 = EDGE_CURVE ( 'NONE', #1235, #2459, #1837, .T. ) ;
#1570 = DIRECTION ( 'NONE',  ( 1.394077410324475646E-14, 0.000000000000000000, -1.000000000000000000 ) ) ;
#1571 = LINE ( 'NONE', #2466, #2028 ) ;
#1572 = LINE ( 'NONE', #10, #2415 ) ;
#1573 = EDGE_LOOP ( 'NONE', ( #2327, #2203, #33, #1167 ) ) ;
#1574 = DIRECTION ( 'NONE',  ( 0.000000000000000000, 0.000000000000000000, 1.000000000000000000 ) ) ;
#1575 = CARTESIAN_POINT ( 'NONE',  ( 1.500999999999988566, 0.1499999999999999944, 0.1250000000000608402 ) ) ;
#1576 = ORIENTED_EDGE ( 'NONE', *, *, #1851, .F. ) ;
#1577 = ORIENTED_EDGE ( 'NONE', *, *, #3616, .F. ) ;
#1578 = CARTESIAN_POINT ( 'NONE',  ( -0.4250000000000000444, 0.1499999999999999944, 2.501000000000000334 ) ) ;
#1579 = VERTEX_POINT ( 'NONE', #2159 ) ;
#1580 = CIRCLE ( 'NONE', #238, 0.1239999999999999714 ) ;
#1581 = EDGE_CURVE ( 'NONE', #3562, #3647, #1518, .T. ) ;
#1582 = CARTESIAN_POINT ( 'NONE',  ( -1.200000000000000400, -0.05000000000000000278, -2.324999999999999734 ) ) ;
#1583 = CARTESIAN_POINT ( 'NONE',  ( 0.9580000000000005178, 0.9719999999999999751, -1.818000000000000060 ) ) ;
#1584 = ORIENTED_EDGE ( 'NONE', *, *, #399, .T. ) ;
#1585 = CIRCLE ( 'NONE', #2469, 0.1749999999999998224 ) ;
#1586 = ORIENTED_EDGE ( 'NONE', *, *, #2355, .T. ) ;
#1587 = DIRECTION ( 'NONE',  ( 0.000000000000000000, -1.000000000000000000, 0.000000000000000000 ) ) ;
#1588 = EDGE_CURVE ( 'NONE', #2927, #2055, #4045, .T. ) ;
#1589 = FILL_AREA_STYLE ('',( #327 ) ) ;
#1590 = ORIENTED_EDGE ( 'NONE', *, *, #230, .F. ) ;
#1591 = DIRECTION ( 'NONE',  ( 0.000000000000000000, -0.000000000000000000, -1.000000000000000000 ) ) ;
#1592 = CARTESIAN_POINT ( 'NONE',  ( 1.500999999999999668, 0.1499999999999999944, -0.9499999999998782751 ) ) ;
#1593 = ORIENTED_EDGE ( 'NONE', *, *, #3620, .F. ) ;
#1594 = CIRCLE ( 'NONE', #2749, 0.1239999999999999714 ) ;
#1595 = ORIENTED_EDGE ( 'NONE', *, *, #1659, .T. ) ;
#1596 = DIRECTION ( 'NONE',  ( 0.000000000000000000, -1.000000000000000000, 0.000000000000000000 ) ) ;
#1597 = VERTEX_POINT ( 'NONE', #2770 ) ;
#1598 = LINE ( 'NONE', #3603, #3704 ) ;
#1599 = EDGE_CURVE ( 'NONE', #3236, #998, #3727, .T. ) ;
#1600 = FACE_OUTER_BOUND ( 'NONE', #5, .T. ) ;
#1601 = AXIS2_PLACEMENT_3D ( 'NONE', #2568, #666, #2512 ) ;
#1602 =( NAMED_UNIT ( * ) SI_UNIT ( $, .STERADIAN. ) SOLID_ANGLE_UNIT ( ) );
#1603 = DIRECTION ( 'NONE',  ( 1.042502088928387579E-15, 0.000000000000000000, 1.000000000000000000 ) ) ;
#1604 = EDGE_CURVE ( 'NONE', #2754, #242, #1433, .T. ) ;
#1605 = VERTEX_POINT ( 'NONE', #1933 ) ;
#1606 = MECHANICAL_DESIGN_GEOMETRIC_PRESENTATION_REPRESENTATION (  '', ( #3109 ), #3314 ) ;
#1607 = ORIENTED_EDGE ( 'NONE', *, *, #2048, .F. ) ;
#1608 = CARTESIAN_POINT ( 'NONE',  ( 1.500999999999999668, -0.05000000000000000278, -0.9499999999998782751 ) ) ;
#1609 = PRESENTATION_LAYER_ASSIGNMENT (  '', '', ( #1073 ) ) ;
#1610 = VECTOR ( 'NONE', #1144, 1000.000000000000000 ) ;
#1611 = VECTOR ( 'NONE', #3387, 1000.000000000000000 ) ;
#1612 = ORIENTED_EDGE ( 'NONE', *, *, #2027, .F. ) ;
#1613 = PLANE ( 'NONE',  #223 ) ;
#1614 = ORIENTED_EDGE ( 'NONE', *, *, #2078, .T. ) ;
#1615 = EDGE_LOOP ( 'NONE', ( #3944, #2429, #264, #3561, #2792, #2856, #846, #2185 ) ) ;
#1616 = ADVANCED_FACE ( 'NONE', ( #3533 ), #1613, .T. ) ;
#1617 = DIRECTION ( 'NONE',  ( 0.000000000000000000, -1.000000000000000000, 0.000000000000000000 ) ) ;
#1618 = CARTESIAN_POINT ( 'NONE',  ( 0.000000000000000000, 0.000000000000000000, -2.324999999999999734 ) ) ;
#1619 = ORIENTED_EDGE ( 'NONE', *, *, #1336, .F. ) ;
#1620 = LINE ( 'NONE', #3920, #4120 ) ;
#1621 = PRESENTATION_LAYER_ASSIGNMENT (  '', '', ( #2760 ) ) ;
#1622 = FILL_AREA_STYLE_COLOUR ( '', #654 ) ;
#1623 = SURFACE_STYLE_FILL_AREA ( #3899 ) ;
#1624 = DIRECTION ( 'NONE',  ( 0.000000000000000000, 1.000000000000000000, 0.000000000000000000 ) ) ;
#1625 = ORIENTED_EDGE ( 'NONE', *, *, #1531, .T. ) ;
#1626 = UNCERTAINTY_MEASURE_WITH_UNIT (LENGTH_MEASURE( 1.000000000000000082E-05 ), #1282, 'distance_accuracy_value', 'NONE');
#1627 = VERTEX_POINT ( 'NONE', #3832 ) ;
#1628 = LINE ( 'NONE', #78, #1308 ) ;
#1630 = ADVANCED_FACE ( 'NONE', ( #1274 ), #2853, .T. ) ;
#1629 = CYLINDRICAL_SURFACE ( 'NONE', #1948, 0.1239999999999999714 ) ;
#1631 = MECHANICAL_DESIGN_GEOMETRIC_PRESENTATION_REPRESENTATION (  '', ( #889 ), #1431 ) ;
#1632 = EDGE_LOOP ( 'NONE', ( #1258, #1899, #1496, #529 ) ) ;
#1633 = COLOUR_RGB ( '',0.2509803921568627416, 0.2509803921568627416, 0.2509803921568627416 ) ;
#1634 = PRESENTATION_LAYER_ASSIGNMENT (  '', '', ( #3565 ) ) ;
#1635 = EDGE_CURVE ( 'NONE', #1972, #2696, #1840, .T. ) ;
#1636 = PRESENTATION_STYLE_ASSIGNMENT (( #310 ) ) ;
#1637 = ORIENTED_EDGE ( 'NONE', *, *, #1705, .F. ) ;
#1638 = LINE ( 'NONE', #2935, #3472 ) ;
#1639 = CARTESIAN_POINT ( 'NONE',  ( -1.500000000000000222, 0.000000000000000000, -2.500000000000000000 ) ) ;
#1640 = VERTEX_POINT ( 'NONE', #1639 ) ;
#1641 = ADVANCED_FACE ( 'NONE', ( #2214 ), #4178, .T. ) ;
#1642 = VERTEX_POINT ( 'NONE', #1575 ) ;
#1643 = CARTESIAN_POINT ( 'NONE',  ( 1.500999999999992340, 0.1499999999999999944, -0.1249999999998723937 ) ) ;
#1644 = CARTESIAN_POINT ( 'NONE',  ( 0.1250000000000000555, 0.1499999999999999944, 2.501000000000000334 ) ) ;
#1645 = EDGE_CURVE ( 'NONE', #1793, #1704, #3912, .T. ) ;
#1646 = ORIENTED_EDGE ( 'NONE', *, *, #2384, .T. ) ;
#1647 = FACE_OUTER_BOUND ( 'NONE', #439, .T. ) ;
#1648 = DIRECTION ( 'NONE',  ( -1.000000000000000000, 0.000000000000000000, -7.786788670221035577E-14 ) ) ;
#1649 = ORIENTED_EDGE ( 'NONE', *, *, #1069, .T. ) ;
#1650 = CARTESIAN_POINT ( 'NONE',  ( 1.499999999999999778, 0.9320000000000000506, 2.500000000000000000 ) ) ;
#1651 = CARTESIAN_POINT ( 'NONE',  ( 0.000000000000000000, -0.000000000000000000, 2.084999999999999964 ) ) ;
#1652 = DIRECTION ( 'NONE',  ( 0.000000000000000000, 0.000000000000000000, 1.000000000000000000 ) ) ;
#1653 = ORIENTED_EDGE ( 'NONE', *, *, #203, .T. ) ;
#1654 = CARTESIAN_POINT ( 'NONE',  ( -1.500999999999999668, 0.1499999999999999944, -2.024999999999999911 ) ) ;
#1655 = CARTESIAN_POINT ( 'NONE',  ( 0.000000000000000000, 0.000000000000000000, 0.000000000000000000 ) ) ;
#1656 = VERTEX_POINT ( 'NONE', #3218 ) ;
#1657 = DIRECTION ( 'NONE',  ( 0.000000000000000000, 0.000000000000000000, -1.000000000000000000 ) ) ;
#1658 = ORIENTED_EDGE ( 'NONE', *, *, #3156, .T. ) ;
#1659 = EDGE_CURVE ( 'NONE', #3928, #2558, #4197, .T. ) ;
#1660 = CARTESIAN_POINT ( 'NONE',  ( 0.4250000000000000444, 0.9320000000000000506, 2.500000000000000000 ) ) ;
#1661 = CARTESIAN_POINT ( 'NONE',  ( 0.000000000000000000, 0.1499999999999999944, 0.000000000000000000 ) ) ;
#1662 = ORIENTED_EDGE ( 'NONE', *, *, #2113, .F. ) ;
#1663 = VECTOR ( 'NONE', #1468, 1000.000000000000000 ) ;
#1664 = VERTEX_POINT ( 'NONE', #649 ) ;
#1665 = EDGE_CURVE ( 'NONE', #468, #585, #330, .T. ) ;
#1666 = DIRECTION ( 'NONE',  ( 0.000000000000000000, 0.000000000000000000, 1.000000000000000000 ) ) ;
#1667 = LINE ( 'NONE', #3600, #824 ) ;
#1668 = ORIENTED_EDGE ( 'NONE', *, *, #2139, .F. ) ;
#1669 = CARTESIAN_POINT ( 'NONE',  ( 1.500999999999999668, 0.1499999999999999944, -2.024999999999999911 ) ) ;
#1670 = DIRECTION ( 'NONE',  ( 0.000000000000000000, -1.000000000000000000, 0.000000000000000000 ) ) ;
#1671 = EDGE_LOOP ( 'NONE', ( #1804, #2572, #3566, #1199 ) ) ;
#1672 = DIRECTION ( 'NONE',  ( 1.000000000000000000, 0.000000000000000000, -2.168404344971103026E-13 ) ) ;
#1673 = FILL_AREA_STYLE_COLOUR ( '', #3509 ) ;
#1674 = LINE ( 'NONE', #3925, #3352 ) ;
#1675 = VECTOR ( 'NONE', #674, 1000.000000000000000 ) ;
#1676 = ADVANCED_FACE ( 'NONE', ( #982 ), #2275, .F. ) ;
#1677 = CARTESIAN_POINT ( 'NONE',  ( -0.2260000000000002840, 0.1499999999999999944, -2.501000000000006551 ) ) ;
#1678 = VECTOR ( 'NONE', #3298, 1000.000000000000000 ) ;
#1679 = ORIENTED_EDGE ( 'NONE', *, *, #3172, .F. ) ;
#1680 = SURFACE_STYLE_FILL_AREA ( #2311 ) ;
#1681 = DIRECTION ( 'NONE',  ( 2.085004177856723489E-15, 0.000000000000000000, -1.000000000000000000 ) ) ;
#1682 = ORIENTED_EDGE ( 'NONE', *, *, #3644, .F. ) ;
#1683 = ORIENTED_EDGE ( 'NONE', *, *, #3931, .F. ) ;
#1684 = VECTOR ( 'NONE', #3919, 1000.000000000000000 ) ;
#1685 = LINE ( 'NONE', #3280, #4067 ) ;
#1686 = CARTESIAN_POINT ( 'NONE',  ( 1.500999999999999224, 0.1499999999999999944, 2.325000000000000178 ) ) ;
#1687 = EDGE_LOOP ( 'NONE', ( #4024, #159, #1443, #2137, #3273, #87 ) ) ;
#1688 = DIRECTION ( 'NONE',  ( -0.000000000000000000, -0.000000000000000000, 1.000000000000000000 ) ) ;
#1689 = DIRECTION ( 'NONE',  ( 0.000000000000000000, 0.000000000000000000, -1.000000000000000000 ) ) ;
#1690 = VECTOR ( 'NONE', #4113, 1000.000000000000000 ) ;
#1691 = ORIENTED_EDGE ( 'NONE', *, *, #891, .T. ) ;
#1692 = LINE ( 'NONE', #738, #403 ) ;
#1693 = ORIENTED_EDGE ( 'NONE', *, *, #4012, .T. ) ;
#1694 = FACE_OUTER_BOUND ( 'NONE', #1057, .T. ) ;
#1695 = CARTESIAN_POINT ( 'NONE',  ( 0.9749999999999998668, -0.05000000000000000278, 2.449000000000001176 ) ) ;
#1696 = CARTESIAN_POINT ( 'NONE',  ( -0.1250000000000001110, 0.000000000000000000, 2.500000000000000000 ) ) ;
#1697 = EDGE_CURVE ( 'NONE', #3493, #3995, #2616, .T. ) ;
#1698 = ORIENTED_EDGE ( 'NONE', *, *, #1356, .F. ) ;
#1699 = EDGE_CURVE ( 'NONE', #1207, #2880, #3596, .T. ) ;
#1700 = DIRECTION ( 'NONE',  ( -0.000000000000000000, -0.000000000000000000, 1.000000000000000000 ) ) ;
#1701 = PRESENTATION_STYLE_ASSIGNMENT (( #2076 ) ) ;
#1702 = VECTOR ( 'NONE', #408, 1000.000000000000000 ) ;
#1703 = ADVANCED_FACE ( 'NONE', ( #1557 ), #4159, .F. ) ;
#1704 = VERTEX_POINT ( 'NONE', #3660 ) ;
#1705 = EDGE_CURVE ( 'NONE', #3910, #3581, #2061, .T. ) ;
#1706 = LINE ( 'NONE', #1725, #4050 ) ;
#1707 = AXIS2_PLACEMENT_3D ( 'NONE', #2042, #85, #3364 ) ;
#1708 = CARTESIAN_POINT ( 'NONE',  ( -1.501000000000000112, 0.1499999999999999944, 2.325000000000000178 ) ) ;
#1709 = CARTESIAN_POINT ( 'NONE',  ( -1.500000000000000222, 0.000000000000000000, -2.500000000000000000 ) ) ;
#1710 = VECTOR ( 'NONE', #2919, 1000.000000000000000 ) ;
#1711 = ORIENTED_EDGE ( 'NONE', *, *, #3931, .T. ) ;
#1712 = LINE ( 'NONE', #3367, #1467 ) ;
#1713 = DIRECTION ( 'NONE',  ( 0.000000000000000000, -1.000000000000000000, 0.000000000000000000 ) ) ;
#1714 = ORIENTED_EDGE ( 'NONE', *, *, #3145, .F. ) ;
#1715 = DIRECTION ( 'NONE',  ( 0.000000000000000000, -1.000000000000000000, 0.000000000000000000 ) ) ;
#1716 = ORIENTED_EDGE ( 'NONE', *, *, #3739, .T. ) ;
#1717 = DIRECTION ( 'NONE',  ( 0.000000000000000000, -1.000000000000000000, 0.000000000000000000 ) ) ;
#1718 = CARTESIAN_POINT ( 'NONE',  ( -0.9750000000000000888, 0.000000000000000000, 2.500000000000000000 ) ) ;
#1719 = ADVANCED_FACE ( 'NONE', ( #3030 ), #3281, .F. ) ;
#1720 = PLANE ( 'NONE',  #2239 ) ;
#1721 = FACE_OUTER_BOUND ( 'NONE', #711, .T. ) ;
#1722 = CARTESIAN_POINT ( 'NONE',  ( -0.5260000000000003562, -0.05000000000000000278, -2.448999999999999844 ) ) ;
#1723 = EDGE_LOOP ( 'NONE', ( #1595, #1964, #2514, #1716 ) ) ;
#1724 = CIRCLE ( 'NONE', #1177, 0.1749999999999998224 ) ;
#1725 = CARTESIAN_POINT ( 'NONE',  ( -1.500999999999931944, -0.05000000000000000278, 0.1250000000000387190 ) ) ;
#1726 = ADVANCED_FACE ( 'NONE', ( #127 ), #3959, .T. ) ;
#1727 = CARTESIAN_POINT ( 'NONE',  ( -1.099000000000000199, 0.000000000000000000, 2.325000000000000178 ) ) ;
#1728 = DIRECTION ( 'NONE',  ( 0.000000000000000000, -1.000000000000000000, 0.000000000000000000 ) ) ;
#1729 = ORIENTED_EDGE ( 'NONE', *, *, #2083, .F. ) ;
#1730 = SURFACE_SIDE_STYLE ('',( #3703 ) ) ;
#1731 = FACE_OUTER_BOUND ( 'NONE', #3967, .T. ) ;
#1732 = VERTEX_POINT ( 'NONE', #1086 ) ;
#1733 = CARTESIAN_POINT ( 'NONE',  ( -1.500999999999937273, 0.1499999999999999944, -1.199999999999864730 ) ) ;
#1734 = DIRECTION ( 'NONE',  ( -0.000000000000000000, 1.000000000000000000, -0.000000000000000000 ) ) ;
#1735 =( GEOMETRIC_REPRESENTATION_CONTEXT ( 3 ) GLOBAL_UNCERTAINTY_ASSIGNED_CONTEXT ( ( #2483 ) ) GLOBAL_UNIT_ASSIGNED_CONTEXT ( ( #2326, #2559, #949 ) ) REPRESENTATION_CONTEXT ( 'NONE', 'WORKASPACE' ) );
#1736 = FACE_OUTER_BOUND ( 'NONE', #1958, .T. ) ;
#1737 = AXIS2_PLACEMENT_3D ( 'NONE', #1280, #3558, #299 ) ;
#1738 = EDGE_CURVE ( 'NONE', #507, #4073, #731, .T. ) ;
#1739 = VECTOR ( 'NONE', #1322, 1000.000000000000000 ) ;
#1740 = CARTESIAN_POINT ( 'NONE',  ( 0.6749999999999999334, 0.1499999999999999944, 2.449000000000001176 ) ) ;
#1741 = DIRECTION ( 'NONE',  ( 1.000000000000000000, 0.000000000000000000, 1.849138948409693747E-14 ) ) ;
#1742 = ORIENTED_EDGE ( 'NONE', *, *, #2546, .F. ) ;
#1743 = LINE ( 'NONE', #1423, #1094 ) ;
#1744 = DIRECTION ( 'NONE',  ( -0.000000000000000000, 0.000000000000000000, 1.000000000000000000 ) ) ;
#1745 = STYLED_ITEM ( 'NONE', ( #2892 ), #3964 ) ;
#1746 = DIRECTION ( 'NONE',  ( 0.000000000000000000, -0.000000000000000000, -1.000000000000000000 ) ) ;
#1747 = PLANE ( 'NONE',  #2040 ) ;
#1748 = ADVANCED_FACE ( 'NONE', ( #2641 ), #454, .T. ) ;
#1749 = CARTESIAN_POINT ( 'NONE',  ( 0.3239999999999996771, -0.05000000000000000278, -2.149000000000000021 ) ) ;
#1750 = LINE ( 'NONE', #858, #4196 ) ;
#1751 = CARTESIAN_POINT ( 'NONE',  ( -1.307999999999999607, 0.9320000000000000506, 2.167999999999999705 ) ) ;
#1752 = MECHANICAL_DESIGN_GEOMETRIC_PRESENTATION_REPRESENTATION (  '', ( #2427 ), #601 ) ;
#1753 = ORIENTED_EDGE ( 'NONE', *, *, #578, .F. ) ;
#1754 = ADVANCED_FACE ( 'NONE', ( #3347 ), #2023, .T. ) ;
#1755 = ADVANCED_FACE ( 'NONE', ( #434 ), #1747, .T. ) ;
#1756 = FACE_OUTER_BOUND ( 'NONE', #1271, .T. ) ;
#1757 = CARTESIAN_POINT ( 'NONE',  ( -9.209578746966059381E-16, 0.000000000000000000, 0.1250000000000497657 ) ) ;
#1758 = DIRECTION ( 'NONE',  ( -1.141265444721606782E-14, 0.000000000000000000, 1.000000000000000000 ) ) ;
#1759 = LINE ( 'NONE', #2096, #3754 ) ;
#1760 = SURFACE_SIDE_STYLE ('',( #1406 ) ) ;
#1761 = ORIENTED_EDGE ( 'NONE', *, *, #1268, .F. ) ;
#1762 = ORIENTED_EDGE ( 'NONE', *, *, #1392, .T. ) ;
#1763 = PLANE ( 'NONE',  #2563 ) ;
#1764 = CARTESIAN_POINT ( 'NONE',  ( 1.499999999999999778, 0.1499999999999999944, -2.324999999999999734 ) ) ;
#1765 = DIRECTION ( 'NONE',  ( 0.000000000000000000, -1.000000000000000000, 0.000000000000000000 ) ) ;
#1766 = CARTESIAN_POINT ( 'NONE',  ( -1.500000000000000222, 0.000000000000000000, -2.324999999999999289 ) ) ;
#1767 = ADVANCED_FACE ( 'NONE', ( #3936 ), #3328, .T. ) ;
#1768 = VERTEX_POINT ( 'NONE', #1028 ) ;
#1769 = CARTESIAN_POINT ( 'NONE',  ( 1.499999999999999778, 0.000000000000000000, 0.9500000000000690115 ) ) ;
#1770 = CIRCLE ( 'NONE', #692, 0.1239999999999999714 ) ;
#1771 = FACE_OUTER_BOUND ( 'NONE', #3241, .T. ) ;
#1772 = EDGE_CURVE ( 'NONE', #3873, #268, #2961, .T. ) ;
#1773 = VERTEX_POINT ( 'NONE', #1390 ) ;
#1774 = VERTEX_POINT ( 'NONE', #1050 ) ;
#1775 = EDGE_CURVE ( 'NONE', #2353, #3260, #3981, .T. ) ;
#1776 = CARTESIAN_POINT ( 'NONE',  ( -1.500000000000000222, 0.1499999999999999667, 2.500000000000000000 ) ) ;
#1777 = FACE_OUTER_BOUND ( 'NONE', #109, .T. ) ;
#1778 = ORIENTED_EDGE ( 'NONE', *, *, #2950, .F. ) ;
#1779 = ORIENTED_EDGE ( 'NONE', *, *, #3426, .F. ) ;
#1780 = CARTESIAN_POINT ( 'NONE',  ( -0.6520000000000002460, -0.05000000000000000278, -2.448999999999999844 ) ) ;
#1781 = ORIENTED_EDGE ( 'NONE', *, *, #3997, .T. ) ;
#1782 = PLANE ( 'NONE',  #1340 ) ;
#1783 = UNCERTAINTY_MEASURE_WITH_UNIT (LENGTH_MEASURE( 1.000000000000000082E-05 ), #969, 'distance_accuracy_value', 'NONE');
#1784 = CARTESIAN_POINT ( 'NONE',  ( 0.7749999999999999112, 0.1499999999999999944, -2.501000000000000334 ) ) ;
#1785 = CARTESIAN_POINT ( 'NONE',  ( 1.499999999999999778, 0.1499999999999999667, 0.1250000000000608402 ) ) ;
#1786 = CARTESIAN_POINT ( 'NONE',  ( 0.000000000000000000, 0.000000000000000000, 2.325000000000000178 ) ) ;
#1787 = CARTESIAN_POINT ( 'NONE',  ( 0.1999999999999996503, -0.05000000000000000278, -2.024999999999999911 ) ) ;
#1788 = EDGE_CURVE ( 'NONE', #1434, #3260, #3619, .T. ) ;
#1789 = DIRECTION ( 'NONE',  ( -1.000000000000000000, -0.000000000000000000, -0.000000000000000000 ) ) ;
#1790 = AXIS2_PLACEMENT_3D ( 'NONE', #2153, #1509, #3445 ) ;
#1791 = DIRECTION ( 'NONE',  ( -1.474514954580679830E-14, -0.000000000000000000, 1.000000000000000000 ) ) ;
#1792 = VERTEX_POINT ( 'NONE', #4000 ) ;
#1793 = VERTEX_POINT ( 'NONE', #713 ) ;
#1794 = DIRECTION ( 'NONE',  ( 0.000000000000000000, -0.000000000000000000, -1.000000000000000000 ) ) ;
#1795 = ADVANCED_FACE ( 'NONE', ( #142 ), #4019, .T. ) ;
#1796 = LINE ( 'NONE', #3101, #1286 ) ;
#1797 = EDGE_CURVE ( 'NONE', #4160, #1768, #371, .T. ) ;
#1798 = CARTESIAN_POINT ( 'NONE',  ( -0.0009999999999992102880, 0.000000000000000000, 2.325000000000000178 ) ) ;
#1799 = CARTESIAN_POINT ( 'NONE',  ( -0.2260000000000001730, 0.1499999999999999944, -2.448999999999999844 ) ) ;
#1800 = ORIENTED_EDGE ( 'NONE', *, *, #1127, .F. ) ;
#1801 = VERTEX_POINT ( 'NONE', #393 ) ;
#1802 = CARTESIAN_POINT ( 'NONE',  ( 0.7749999999999999112, 0.1499999999999999944, -2.501000000000000334 ) ) ;
#1803 = AXIS2_PLACEMENT_3D ( 'NONE', #658, #47, #1331 ) ;
#1804 = ORIENTED_EDGE ( 'NONE', *, *, #2501, .T. ) ;
#1805 = CARTESIAN_POINT ( 'NONE',  ( 1.499999999999951594, 0.1499999999999999944, 2.325000000000031264 ) ) ;
#1806 = EDGE_CURVE ( 'NONE', #2893, #2674, #2826, .T. ) ;
#1807 = DIRECTION ( 'NONE',  ( -1.000000000000000000, 0.000000000000000000, 7.204001146083088771E-16 ) ) ;
#1808 = DIRECTION ( 'NONE',  ( 0.000000000000000000, -0.000000000000000000, -1.000000000000000000 ) ) ;
#1809 =( LENGTH_UNIT ( ) NAMED_UNIT ( * ) SI_UNIT ( .MILLI., .METRE. ) );
#1810 = AXIS2_PLACEMENT_3D ( 'NONE', #1347, #144, #1666 ) ;
#1811 = CARTESIAN_POINT ( 'NONE',  ( -1.307999999999999607, 0.9819999999999999840, 2.167999999999999705 ) ) ;
#1812 = AXIS2_PLACEMENT_3D ( 'NONE', #1764, #4085, #2417 ) ;
#1813 = ORIENTED_EDGE ( 'NONE', *, *, #2391, .T. ) ;
#1814 = ORIENTED_EDGE ( 'NONE', *, *, #261, .F. ) ;
#1815 =( GEOMETRIC_REPRESENTATION_CONTEXT ( 3 ) GLOBAL_UNCERTAINTY_ASSIGNED_CONTEXT ( ( #812 ) ) GLOBAL_UNIT_ASSIGNED_CONTEXT ( ( #365, #2292, #3178 ) ) REPRESENTATION_CONTEXT ( 'NONE', 'WORKASPACE' ) );
#1816 = DIRECTION ( 'NONE',  ( 0.000000000000000000, -0.000000000000000000, -1.000000000000000000 ) ) ;
#1817 = VECTOR ( 'NONE', #448, 1000.000000000000000 ) ;
#1818 = CARTESIAN_POINT ( 'NONE',  ( 0.3239999999999996771, 0.1499999999999999944, -2.149000000000000021 ) ) ;
#1819 = ADVANCED_FACE ( 'NONE', ( #1492 ), #1149, .T. ) ;
#1820 = FACE_OUTER_BOUND ( 'NONE', #3083, .T. ) ;
#1821 = CARTESIAN_POINT ( 'NONE',  ( -1.500000000000000222, 0.9320000000000000506, 2.500000000000000000 ) ) ;
#1822 = VERTEX_POINT ( 'NONE', #560 ) ;
#1823 = VECTOR ( 'NONE', #1251, 1000.000000000000000 ) ;
#1824 = ORIENTED_EDGE ( 'NONE', *, *, #1588, .F. ) ;
#1825 = DIRECTION ( 'NONE',  ( -1.000000000000000000, 0.000000000000000000, 2.168404344971009499E-14 ) ) ;
#1826 = EDGE_CURVE ( 'NONE', #447, #1565, #4112, .T. ) ;
#1827 = EDGE_CURVE ( 'NONE', #965, #447, #514, .T. ) ;
#1828 = ORIENTED_EDGE ( 'NONE', *, *, #1387, .F. ) ;
#1829 = CARTESIAN_POINT ( 'NONE',  ( -0.5260000000000002451, 0.1499999999999999944, -2.501000000000000334 ) ) ;
#1830 = EDGE_CURVE ( 'NONE', #3077, #1210, #1770, .T. ) ;
#1831 = LINE ( 'NONE', #877, #3694 ) ;
#1832 = PLANE ( 'NONE',  #3403 ) ;
#1833 = SURFACE_SIDE_STYLE ('',( #3468 ) ) ;
#1834 = DIRECTION ( 'NONE',  ( 0.000000000000000000, -1.000000000000000000, 0.000000000000000000 ) ) ;
#1835 = CARTESIAN_POINT ( 'NONE',  ( -1.500000000000000222, 0.000000000000000000, 2.084999999999999964 ) ) ;
#1836 = VECTOR ( 'NONE', #704, 1000.000000000000000 ) ;
#1837 = LINE ( 'NONE', #3157, #1365 ) ;
#1838 = ORIENTED_EDGE ( 'NONE', *, *, #1069, .F. ) ;
#1839 = ORIENTED_EDGE ( 'NONE', *, *, #2778, .T. ) ;
#1840 = CIRCLE ( 'NONE', #2374, 0.1239999999999999714 ) ;
#1841 = VECTOR ( 'NONE', #1875, 1000.000000000000000 ) ;
#1842 = CARTESIAN_POINT ( 'NONE',  ( -0.1250000000000000833, 0.1499999999999999944, 2.449000000000001176 ) ) ;
#1843 = DIRECTION ( 'NONE',  ( -0.000000000000000000, 1.000000000000000000, -0.000000000000000000 ) ) ;
#1844 = ORIENTED_EDGE ( 'NONE', *, *, #3362, .F. ) ;
#1845 = CARTESIAN_POINT ( 'NONE',  ( -1.076000000000000290, 0.1499999999999999944, -2.501000000000006551 ) ) ;
#1846 = ORIENTED_EDGE ( 'NONE', *, *, #578, .T. ) ;
#1847 = EDGE_CURVE ( 'NONE', #191, #3282, #3466, .T. ) ;
#1848 = LINE ( 'NONE', #3384, #1051 ) ;
#1849 = CARTESIAN_POINT ( 'NONE',  ( 0.000000000000000000, -0.05000000000000000278, 0.000000000000000000 ) ) ;
#1850 = PLANE ( 'NONE',  #1485 ) ;
#1851 = EDGE_CURVE ( 'NONE', #1732, #961, #539, .T. ) ;
#1852 = CARTESIAN_POINT ( 'NONE',  ( -0.5260000000000003562, 0.1499999999999999944, -2.448999999999999844 ) ) ;
#1853 = CARTESIAN_POINT ( 'NONE',  ( 0.9749999999999999778, 0.000000000000000000, 2.449000000000001176 ) ) ;
#1854 = VECTOR ( 'NONE', #2388, 1000.000000000000000 ) ;
#1855 = FACE_OUTER_BOUND ( 'NONE', #200, .T. ) ;
#1856 = VERTEX_POINT ( 'NONE', #833 ) ;
#1857 = COLOUR_RGB ( '',0.2509803921568627416, 0.2509803921568627416, 0.2509803921568627416 ) ;
#1858 = ORIENTED_EDGE ( 'NONE', *, *, #209, .F. ) ;
#1859 = FILL_AREA_STYLE ('',( #4142 ) ) ;
#1860 = CARTESIAN_POINT ( 'NONE',  ( -1.500999999999939050, -0.05000000000000000278, -0.9499999999999124700 ) ) ;
#1861 = LINE ( 'NONE', #2842, #3033 ) ;
#1862 = CARTESIAN_POINT ( 'NONE',  ( 1.198999999999999844, 0.000000000000000000, -2.448999999999999844 ) ) ;
#1863 = ORIENTED_EDGE ( 'NONE', *, *, #1004, .T. ) ;
#1864 = FACE_OUTER_BOUND ( 'NONE', #3526, .T. ) ;
#1865 = AXIS2_PLACEMENT_3D ( 'NONE', #2720, #62, #4018 ) ;
#1866 = ORIENTED_EDGE ( 'NONE', *, *, #2527, .T. ) ;
#1867 = AXIS2_PLACEMENT_3D ( 'NONE', #3204, #632, #1262 ) ;
#1868 = PLANE ( 'NONE',  #645 ) ;
#1869 = DIRECTION ( 'NONE',  ( 0.000000000000000000, -1.000000000000000000, 0.000000000000000000 ) ) ;
#1870 = AXIS2_PLACEMENT_3D ( 'NONE', #939, #2570, #12 ) ;
#1871 = CARTESIAN_POINT ( 'NONE',  ( 1.499999999999999778, 0.9320000000000000506, -2.500000000000000000 ) ) ;
#1872 = VECTOR ( 'NONE', #2900, 1000.000000000000000 ) ;
#1873 = DIRECTION ( 'NONE',  ( 0.000000000000000000, -1.000000000000000000, 0.000000000000000000 ) ) ;
#1874 = VERTEX_POINT ( 'NONE', #1785 ) ;
#1875 = DIRECTION ( 'NONE',  ( -0.000000000000000000, 1.000000000000000000, -0.000000000000000000 ) ) ;
#1876 = CARTESIAN_POINT ( 'NONE',  ( 0.000000000000000000, 0.1499999999999999944, 0.000000000000000000 ) ) ;
#1877 = EDGE_CURVE ( 'NONE', #4182, #359, #2105, .T. ) ;
#1878 = ORIENTED_EDGE ( 'NONE', *, *, #2118, .F. ) ;
#1879 =( GEOMETRIC_REPRESENTATION_CONTEXT ( 3 ) GLOBAL_UNCERTAINTY_ASSIGNED_CONTEXT ( ( #362 ) ) GLOBAL_UNIT_ASSIGNED_CONTEXT ( ( #3546, #646, #917 ) ) REPRESENTATION_CONTEXT ( 'NONE', 'WORKASPACE' ) );
#1880 = VERTEX_POINT ( 'NONE', #4132 ) ;
#1881 = CARTESIAN_POINT ( 'NONE',  ( 1.074999999999999956, 0.1499999999999999944, -2.448999999999999844 ) ) ;
#1882 = AXIS2_PLACEMENT_3D ( 'NONE', #3720, #3741, #1146 ) ;
#1883 = DIRECTION ( 'NONE',  ( 1.540059904098698105E-16, 0.000000000000000000, -1.000000000000000000 ) ) ;
#1884 = EDGE_CURVE ( 'NONE', #1774, #2121, #4089, .T. ) ;
#1885 = CARTESIAN_POINT ( 'NONE',  ( 0.1249999999999974604, -0.000000000000000000, -1.303127611160457850E-16 ) ) ;
#1886 = CARTESIAN_POINT ( 'NONE',  ( -0.5490000000000000435, 0.1499999999999999944, 2.449000000000000288 ) ) ;
#1887 = MECHANICAL_DESIGN_GEOMETRIC_PRESENTATION_REPRESENTATION (  '', ( #1416 ), #1077 ) ;
#1888 = VERTEX_POINT ( 'NONE', #3766 ) ;
#1889 = PRESENTATION_STYLE_ASSIGNMENT (( #2822 ) ) ;
#1890 = ORIENTED_EDGE ( 'NONE', *, *, #1697, .T. ) ;
#1891 = DIRECTION ( 'NONE',  ( -1.000000000000000000, -0.000000000000000000, -0.000000000000000000 ) ) ;
#1892 = DIRECTION ( 'NONE',  ( 0.000000000000000000, -1.000000000000000000, 0.000000000000000000 ) ) ;
#1893 = CARTESIAN_POINT ( 'NONE',  ( -0.6500000000000002442, 0.000000000000000000, -2.448999999999999844 ) ) ;
#1894 = VERTEX_POINT ( 'NONE', #1533 ) ;
#1895 = EDGE_CURVE ( 'NONE', #169, #2390, #3722, .T. ) ;
#1896 = CARTESIAN_POINT ( 'NONE',  ( 0.3239999999999997327, 0.1499999999999999944, -2.501000000000006551 ) ) ;
#1897 =( NAMED_UNIT ( * ) PLANE_ANGLE_UNIT ( ) SI_UNIT ( $, .RADIAN. ) );
#1898 = VERTEX_POINT ( 'NONE', #1212 ) ;
#1899 = ORIENTED_EDGE ( 'NONE', *, *, #174, .F. ) ;
#1900 = DIRECTION ( 'NONE',  ( 1.084202172485360546E-13, -0.000000000000000000, -1.000000000000000000 ) ) ;
#1901 = AXIS2_PLACEMENT_3D ( 'NONE', #2432, #1758, #2730 ) ;
#1902 = ORIENTED_EDGE ( 'NONE', *, *, #1336, .T. ) ;
#1903 = FACE_OUTER_BOUND ( 'NONE', #2543, .T. ) ;
#1904 = FACE_OUTER_BOUND ( 'NONE', #2114, .T. ) ;
#1905 = CARTESIAN_POINT ( 'NONE',  ( 1.500999999999999668, -0.05000000000000000278, -0.9499999999998782751 ) ) ;
#1906 = AXIS2_PLACEMENT_3D ( 'NONE', #1956, #37, #1318 ) ;
#1907 = ORIENTED_EDGE ( 'NONE', *, *, #2507, .F. ) ;
#1908 = VECTOR ( 'NONE', #20, 1000.000000000000000 ) ;
#1909 = ORIENTED_EDGE ( 'NONE', *, *, #2731, .F. ) ;
#1910 = LINE ( 'NONE', #1654, #975 ) ;
#1911 = LINE ( 'NONE', #3212, #86 ) ;
#1912 = ORIENTED_EDGE ( 'NONE', *, *, #446, .T. ) ;
#1913 = CARTESIAN_POINT ( 'NONE',  ( -1.501000000000000112, -0.05000000000000000278, 2.325000000000000178 ) ) ;
#1914 = EDGE_LOOP ( 'NONE', ( #1866, #1653, #1164, #1325 ) ) ;
#1915 = ADVANCED_FACE ( 'NONE', ( #1126 ), #1832, .T. ) ;
#1916 = ORIENTED_EDGE ( 'NONE', *, *, #785, .F. ) ;
#1917 = CARTESIAN_POINT ( 'NONE',  ( -1.500999999999999668, 0.1499999999999999944, -2.024999999999999911 ) ) ;
#1918 = VECTOR ( 'NONE', #2015, 1000.000000000000000 ) ;
#1919 = VERTEX_POINT ( 'NONE', #2423 ) ;
#1920 = LINE ( 'NONE', #2580, #656 ) ;
#1921 = VECTOR ( 'NONE', #844, 1000.000000000000000 ) ;
#1922 = DIRECTION ( 'NONE',  ( -0.000000000000000000, 1.000000000000000000, -0.000000000000000000 ) ) ;
#1923 = EDGE_CURVE ( 'NONE', #2886, #2049, #3808, .T. ) ;
#1924 = DIRECTION ( 'NONE',  ( 1.000000000000000000, 0.000000000000000000, 0.000000000000000000 ) ) ;
#1925 = ORIENTED_EDGE ( 'NONE', *, *, #1020, .F. ) ;
#1926 = EDGE_LOOP ( 'NONE', ( #4161, #1461, #1036, #3330 ) ) ;
#1927 = AXIS2_PLACEMENT_3D ( 'NONE', #162, #4111, #1189 ) ;
#1928 = ORIENTED_EDGE ( 'NONE', *, *, #3393, .T. ) ;
#1929 = ORIENTED_EDGE ( 'NONE', *, *, #3343, .T. ) ;
#1930 = PRESENTATION_LAYER_ASSIGNMENT (  '', '', ( #3772 ) ) ;
#1931 =( LENGTH_UNIT ( ) NAMED_UNIT ( * ) SI_UNIT ( .MILLI., .METRE. ) );
#1932 = VECTOR ( 'NONE', #237, 1000.000000000000000 ) ;
#1933 = CARTESIAN_POINT ( 'NONE',  ( 1.099000000000000865, 0.000000000000000000, 2.325000000000000178 ) ) ;
#1934 = ORIENTED_EDGE ( 'NONE', *, *, #3804, .F. ) ;
#1935 = COLOUR_RGB ( '',0.2509803921568627416, 0.2509803921568627416, 0.2509803921568627416 ) ;
#1936 = ORIENTED_EDGE ( 'NONE', *, *, #766, .F. ) ;
#1937 = LINE ( 'NONE', #1917, #3706 ) ;
#1938 = EDGE_LOOP ( 'NONE', ( #2244, #322, #61, #1909, #3805, #100 ) ) ;
#1939 = FACE_OUTER_BOUND ( 'NONE', #1070, .T. ) ;
#1940 = PLANE ( 'NONE',  #3637 ) ;
#1941 = COLOUR_RGB ( '',0.2509803921568627416, 0.2509803921568627416, 0.2509803921568627416 ) ;
#1942 = DIRECTION ( 'NONE',  ( 1.000000000000000000, 0.000000000000000000, 0.000000000000000000 ) ) ;
#1943 = DIRECTION ( 'NONE',  ( 0.000000000000000000, -1.000000000000000000, 0.000000000000000000 ) ) ;
#1944 = ORIENTED_EDGE ( 'NONE', *, *, #644, .F. ) ;
#1945 = EDGE_CURVE ( 'NONE', #4073, #3797, #1469, .T. ) ;
#1946 = ORIENTED_EDGE ( 'NONE', *, *, #2489, .T. ) ;
#1947 = CARTESIAN_POINT ( 'NONE',  ( 1.198999999999999844, -0.05000000000000000278, -2.324999999999999734 ) ) ;
#1948 = AXIS2_PLACEMENT_3D ( 'NONE', #563, #4116, #1196 ) ;
#1949 = VERTEX_POINT ( 'NONE', #2154 ) ;
#1950 = EDGE_CURVE ( 'NONE', #1967, #191, #1190, .T. ) ;
#1951 = VECTOR ( 'NONE', #2047, 1000.000000000000000 ) ;
#1952 = EDGE_CURVE ( 'NONE', #4057, #1302, #3133, .T. ) ;
#1953 = FACE_OUTER_BOUND ( 'NONE', #1526, .T. ) ;
#1954 = ORIENTED_EDGE ( 'NONE', *, *, #352, .F. ) ;
#1955 = PRESENTATION_STYLE_ASSIGNMENT (( #329 ) ) ;
#1956 = CARTESIAN_POINT ( 'NONE',  ( 0.5490000000000000435, 0.1499999999999999944, 2.449000000000000288 ) ) ;
#1957 = VERTEX_POINT ( 'NONE', #1510 ) ;
#1958 = EDGE_LOOP ( 'NONE', ( #2077, #235, #1178, #363, #1265, #3276, #3480, #1711 ) ) ;
#1959 = LINE ( 'NONE', #3263, #3567 ) ;
#1960 = CARTESIAN_POINT ( 'NONE',  ( -0.9750000000000001998, 0.1499999999999999667, 2.500000000000000000 ) ) ;
#1961 = ORIENTED_EDGE ( 'NONE', *, *, #4007, .F. ) ;
#1962 = CARTESIAN_POINT ( 'NONE',  ( -0.5260000000000003562, 0.1499999999999999944, -2.448999999999999844 ) ) ;
#1963 = DIRECTION ( 'NONE',  ( 9.938519914450449949E-15, 0.000000000000000000, -1.000000000000000000 ) ) ;
#1964 = ORIENTED_EDGE ( 'NONE', *, *, #2870, .F. ) ;
#1965 =( LENGTH_UNIT ( ) NAMED_UNIT ( * ) SI_UNIT ( .MILLI., .METRE. ) );
#1966 = DIRECTION ( 'NONE',  ( 0.000000000000000000, 0.000000000000000000, 1.000000000000000000 ) ) ;
#1967 = VERTEX_POINT ( 'NONE', #1766 ) ;
#1968 = DIRECTION ( 'NONE',  ( 1.000000000000000000, 0.000000000000000000, 0.000000000000000000 ) ) ;
#1969 = EDGE_CURVE ( 'NONE', #2301, #2148, #3071, .T. ) ;
#1970 = PRESENTATION_STYLE_ASSIGNMENT (( #3450 ) ) ;
#1971 = VECTOR ( 'NONE', #475, 1000.000000000000000 ) ;
#1972 = VERTEX_POINT ( 'NONE', #2763 ) ;
#1973 = VECTOR ( 'NONE', #1217, 1000.000000000000000 ) ;
#1974 = AXIS2_PLACEMENT_3D ( 'NONE', #4035, #2482, #1825 ) ;
#1975 = EDGE_CURVE ( 'NONE', #1793, #1919, #3487, .T. ) ;
#1976 = CARTESIAN_POINT ( 'NONE',  ( -1.500000000000000222, 0.9320000000000000506, 2.500000000000000000 ) ) ;
#1977 = VERTEX_POINT ( 'NONE', #2190 ) ;
#1978 = LINE ( 'NONE', #3009, #3523 ) ;
#1979 = CARTESIAN_POINT ( 'NONE',  ( -1.076000000000000290, -0.05000000000000000278, -2.448999999999999844 ) ) ;
#1980 = ORIENTED_EDGE ( 'NONE', *, *, #2474, .T. ) ;
#1981 = EDGE_CURVE ( 'NONE', #2851, #3676, #580, .T. ) ;
#1982 = VERTEX_POINT ( 'NONE', #3939 ) ;
#1983 = DIRECTION ( 'NONE',  ( -1.000000000000000000, -0.000000000000000000, -0.000000000000000000 ) ) ;
#1984 = LINE ( 'NONE', #3286, #3068 ) ;
#1985 = ORIENTED_EDGE ( 'NONE', *, *, #1276, .F. ) ;
#1986 = DIRECTION ( 'NONE',  ( 0.000000000000000000, -0.000000000000000000, -1.000000000000000000 ) ) ;
#1987 = PLANE ( 'NONE',  #2272 ) ;
#1988 = ORIENTED_EDGE ( 'NONE', *, *, #1563, .T. ) ;
#1989 = SURFACE_SIDE_STYLE ('',( #2923 ) ) ;
#1990 = DIRECTION ( 'NONE',  ( 0.000000000000000000, 0.000000000000000000, 1.000000000000000000 ) ) ;
#1991 = CARTESIAN_POINT ( 'NONE',  ( 1.099000000000000865, 0.1499999999999999944, 2.325000000000000178 ) ) ;
#1992 = COLOUR_RGB ( '',0.7921568627450980005, 0.8196078431372548767, 0.9333333333333333481 ) ;
#1993 = LINE ( 'NONE', #269, #2879 ) ;
#1994 = ORIENTED_EDGE ( 'NONE', *, *, #1197, .F. ) ;
#1995 = CARTESIAN_POINT ( 'NONE',  ( -1.500000000000000222, 0.000000000000000000, -1.199999999999836975 ) ) ;
#1996 = CARTESIAN_POINT ( 'NONE',  ( -0.5260000000000002451, 0.1499999999999999944, -2.500000000000000000 ) ) ;
#1997 = ORIENTED_EDGE ( 'NONE', *, *, #4124, .F. ) ;
#1998 = FACE_OUTER_BOUND ( 'NONE', #2178, .T. ) ;
#1999 = EDGE_LOOP ( 'NONE', ( #568, #1277, #4157, #1267 ) ) ;
#2000 = CARTESIAN_POINT ( 'NONE',  ( 0.1999999999999996503, -0.05000000000000000278, -2.149000000000000021 ) ) ;
#2001 = DIRECTION ( 'NONE',  ( 0.000000000000000000, -1.000000000000000000, 0.000000000000000000 ) ) ;
#2002 = ORIENTED_EDGE ( 'NONE', *, *, #446, .F. ) ;
#2003 = CARTESIAN_POINT ( 'NONE',  ( 0.8989999999999997993, 0.000000000000000000, -2.149000000000000021 ) ) ;
#2004 = PLANE ( 'NONE',  #2858 ) ;
#2005 = ORIENTED_EDGE ( 'NONE', *, *, #2295, .T. ) ;
#2006 = CARTESIAN_POINT ( 'NONE',  ( -1.501000000000000112, 0.1499999999999999944, 2.325000000000000178 ) ) ;
#2007 = AXIS2_PLACEMENT_3D ( 'NONE', #865, #2165, #239 ) ;
#2008 = EDGE_CURVE ( 'NONE', #619, #268, #2322, .T. ) ;
#2009 = VERTEX_POINT ( 'NONE', #89 ) ;
#2010 = DIRECTION ( 'NONE',  ( 0.000000000000000000, 0.000000000000000000, -1.000000000000000000 ) ) ;
#2011 = EDGE_CURVE ( 'NONE', #158, #2927, #1054, .T. ) ;
#2012 = LINE ( 'NONE', #3318, #1702 ) ;
#2013 = PRESENTATION_LAYER_ASSIGNMENT (  '', '', ( #3376 ) ) ;
#2014 = ORIENTED_EDGE ( 'NONE', *, *, #3180, .F. ) ;
#2015 = DIRECTION ( 'NONE',  ( 1.000000000000000000, 0.000000000000000000, 0.000000000000000000 ) ) ;
#2016 = LINE ( 'NONE', #3341, #2221 ) ;
#2017 = VECTOR ( 'NONE', #368, 1000.000000000000000 ) ;
#2018 = VERTEX_POINT ( 'NONE', #1032 ) ;
#2019 = VECTOR ( 'NONE', #3929, 1000.000000000000000 ) ;
#2020 =( NAMED_UNIT ( * ) PLANE_ANGLE_UNIT ( ) SI_UNIT ( $, .RADIAN. ) );
#2021 = VECTOR ( 'NONE', #1111, 1000.000000000000000 ) ;
#2022 = CARTESIAN_POINT ( 'NONE',  ( -1.307999999999999607, 0.9819999999999999840, 2.167999999999999705 ) ) ;
#2023 = PLANE ( 'NONE',  #822 ) ;
#2024 = ORIENTED_EDGE ( 'NONE', *, *, #3715, .T. ) ;
#2025 =( NAMED_UNIT ( * ) PLANE_ANGLE_UNIT ( ) SI_UNIT ( $, .RADIAN. ) );
#2026 = CARTESIAN_POINT ( 'NONE',  ( -1.501000000000000112, 0.1499999999999999944, 2.325000000000000178 ) ) ;
#2027 = EDGE_CURVE ( 'NONE', #1337, #66, #1667, .T. ) ;
#2028 = VECTOR ( 'NONE', #4068, 1000.000000000000000 ) ;
#2029 = EDGE_LOOP ( 'NONE', ( #4060, #2424, #1045, #3889, #2659, #3515 ) ) ;
#2030 =( LENGTH_UNIT ( ) NAMED_UNIT ( * ) SI_UNIT ( .MILLI., .METRE. ) );
#2031 = ORIENTED_EDGE ( 'NONE', *, *, #2295, .F. ) ;
#2032 = CARTESIAN_POINT ( 'NONE',  ( 0.000000000000000000, 0.000000000000000000, 0.000000000000000000 ) ) ;
#2033 = DIRECTION ( 'NONE',  ( 1.000000000000000000, -0.000000000000000000, -0.000000000000000000 ) ) ;
#2034 = EDGE_CURVE ( 'NONE', #447, #3118, #716, .T. ) ;
#2035 = CARTESIAN_POINT ( 'NONE',  ( -1.500000000000000222, 0.000000000000000000, 2.500000000000000000 ) ) ;
#2036 = DIRECTION ( 'NONE',  ( 0.000000000000000000, 0.000000000000000000, -1.000000000000000000 ) ) ;
#2037 =( GEOMETRIC_REPRESENTATION_CONTEXT ( 3 ) GLOBAL_UNCERTAINTY_ASSIGNED_CONTEXT ( ( #4108 ) ) GLOBAL_UNIT_ASSIGNED_CONTEXT ( ( #3375, #2673, #1098 ) ) REPRESENTATION_CONTEXT ( 'NONE', 'WORKASPACE' ) );
#2038 = VERTEX_POINT ( 'NONE', #2597 ) ;
#2039 = CARTESIAN_POINT ( 'NONE',  ( 0.000000000000000000, -0.000000000000000000, -2.024999999999999911 ) ) ;
#2040 = AXIS2_PLACEMENT_3D ( 'NONE', #2721, #2662, #3010 ) ;
#2041 = DIRECTION ( 'NONE',  ( 0.000000000000000000, -1.000000000000000000, 0.000000000000000000 ) ) ;
#2042 = CARTESIAN_POINT ( 'NONE',  ( -1.200000000000000400, 0.1499999999999999944, -2.448999999999999844 ) ) ;
#2043 = FILL_AREA_STYLE_COLOUR ( '', #407 ) ;
#2044 = FACE_OUTER_BOUND ( 'NONE', #369, .T. ) ;
#2045 = DIRECTION ( 'NONE',  ( -0.000000000000000000, -0.000000000000000000, 1.000000000000000000 ) ) ;
#2046 = ADVANCED_FACE ( 'NONE', ( #3917 ), #2004, .T. ) ;
#2047 = DIRECTION ( 'NONE',  ( 0.000000000000000000, -1.000000000000000000, 0.000000000000000000 ) ) ;
#2048 = EDGE_CURVE ( 'NONE', #3260, #2877, #289, .T. ) ;
#2049 = VERTEX_POINT ( 'NONE', #3892 ) ;
#2050 = CARTESIAN_POINT ( 'NONE',  ( -1.500000000000000222, 0.9320000000000000506, 2.500000000000000000 ) ) ;
#2051 = FACE_OUTER_BOUND ( 'NONE', #2967, .T. ) ;
#2052 = FILL_AREA_STYLE_COLOUR ( '', #3732 ) ;
#2053 = LINE ( 'NONE', #3687, #2330 ) ;
#2054 = VECTOR ( 'NONE', #1943, 1000.000000000000000 ) ;
#2055 = VERTEX_POINT ( 'NONE', #397 ) ;
#2056 = DIRECTION ( 'NONE',  ( -1.000000000000000000, 0.000000000000000000, -0.000000000000000000 ) ) ;
#2057 = CIRCLE ( 'NONE', #1110, 0.1239999999999999714 ) ;
#2058 = DIRECTION ( 'NONE',  ( 0.000000000000000000, 1.000000000000000000, 0.000000000000000000 ) ) ;
#2059 = EDGE_CURVE ( 'NONE', #2148, #1982, #2656, .T. ) ;
#2060 = CARTESIAN_POINT ( 'NONE',  ( -0.5490000000000000435, 0.000000000000000000, 2.449000000000000288 ) ) ;
#2061 = LINE ( 'NONE', #1709, #92 ) ;
#2062 = EDGE_CURVE ( 'NONE', #1967, #3064, #734, .T. ) ;
#2063 = FACE_OUTER_BOUND ( 'NONE', #2544, .T. ) ;
#2064 = LINE ( 'NONE', #3961, #2216 ) ;
#2065 = DIRECTION ( 'NONE',  ( -1.000000000000000000, -0.000000000000000000, -1.141265444721606940E-14 ) ) ;
#2066 = CARTESIAN_POINT ( 'NONE',  ( -0.5260000000000003562, 0.1499999999999999944, -2.448999999999999844 ) ) ;
#2067 = VECTOR ( 'NONE', #2041, 1000.000000000000000 ) ;
#2068 = ORIENTED_EDGE ( 'NONE', *, *, #3652, .T. ) ;
#2069 = CARTESIAN_POINT ( 'NONE',  ( 1.099000000000000865, 0.1499999999999999944, 2.325000000000000178 ) ) ;
#2070 = CYLINDRICAL_SURFACE ( 'NONE', #4025, 0.1239999999999999714 ) ;
#2071 = VECTOR ( 'NONE', #318, 1000.000000000000000 ) ;
#2072 = VECTOR ( 'NONE', #1670, 1000.000000000000000 ) ;
#2073 = PLANE ( 'NONE',  #1901 ) ;
#2074 = VECTOR ( 'NONE', #1900, 1000.000000000000000 ) ;
#2075 = DIRECTION ( 'NONE',  ( 1.000000000000000000, -0.000000000000000000, -2.168404344971009499E-14 ) ) ;
#2076 = SURFACE_STYLE_USAGE ( .BOTH. , #1760 ) ;
#2077 = ORIENTED_EDGE ( 'NONE', *, *, #166, .F. ) ;
#2078 = EDGE_CURVE ( 'NONE', #2586, #468, #3962, .T. ) ;
#2079 = ORIENTED_EDGE ( 'NONE', *, *, #3616, .T. ) ;
#2080 = CARTESIAN_POINT ( 'NONE',  ( -0.5509999999999991571, -0.05000000000000000278, 2.325000000000000178 ) ) ;
#2081 = DIRECTION ( 'NONE',  ( -1.000000000000000000, -0.000000000000000000, 3.122502256609556715E-11 ) ) ;
#2082 = VECTOR ( 'NONE', #584, 1000.000000000000000 ) ;
#2083 = EDGE_CURVE ( 'NONE', #3474, #3493, #2940, .T. ) ;
#2084 = UNCERTAINTY_MEASURE_WITH_UNIT (LENGTH_MEASURE( 1.000000000000000082E-05 ), #1412, 'distance_accuracy_value', 'NONE');
#2085 = DIRECTION ( 'NONE',  ( 0.000000000000000000, -1.000000000000000000, 0.000000000000000000 ) ) ;
#2086 = CARTESIAN_POINT ( 'NONE',  ( -0.4250000000000000444, -0.05000000000000000278, 2.501000000000000334 ) ) ;
#2087 = EDGE_CURVE ( 'NONE', #3681, #3282, #2621, .T. ) ;
#2088 = CARTESIAN_POINT ( 'NONE',  ( -0.5260000000000002451, 0.9320000000000000506, -2.500000000000000000 ) ) ;
#2089 = CARTESIAN_POINT ( 'NONE',  ( -1.500000000000000222, 0.000000000000000000, 2.500000000000000000 ) ) ;
#2090 = CARTESIAN_POINT ( 'NONE',  ( 0.9749999999999998668, -0.05000000000000000278, 2.449000000000001176 ) ) ;
#2091 = DIRECTION ( 'NONE',  ( 0.000000000000000000, 0.000000000000000000, -1.000000000000000000 ) ) ;
#2092 = ORIENTED_EDGE ( 'NONE', *, *, #143, .F. ) ;
#2093 = ORIENTED_EDGE ( 'NONE', *, *, #3779, .T. ) ;
#2094 =( NAMED_UNIT ( * ) PLANE_ANGLE_UNIT ( ) SI_UNIT ( $, .RADIAN. ) );
#2095 = DIRECTION ( 'NONE',  ( 1.000000000000000000, 0.000000000000000000, 7.367662997569912943E-15 ) ) ;
#2096 = CARTESIAN_POINT ( 'NONE',  ( 1.499999999999999778, 0.000000000000000000, 2.500000000000000000 ) ) ;
#2097 = DIRECTION ( 'NONE',  ( -0.000000000000000000, 1.000000000000000000, -0.000000000000000000 ) ) ;
#2098 = ORIENTED_EDGE ( 'NONE', *, *, #1635, .F. ) ;
#2099 = ORIENTED_EDGE ( 'NONE', *, *, #16, .T. ) ;
#2100 = CARTESIAN_POINT ( 'NONE',  ( -0.7760000000000003562, 0.1499999999999999944, -2.501000000000006551 ) ) ;
#2101 = EDGE_CURVE ( 'NONE', #198, #986, #696, .T. ) ;
#2102 = ORIENTED_EDGE ( 'NONE', *, *, #2707, .T. ) ;
#2103 = DIRECTION ( 'NONE',  ( 0.000000000000000000, -1.000000000000000000, 0.000000000000000000 ) ) ;
#2104 = LINE ( 'NONE', #832, #112 ) ;
#2105 = LINE ( 'NONE', #3406, #1029 ) ;
#2106 = LINE ( 'NONE', #2088, #3452 ) ;
#2107 = EDGE_CURVE ( 'NONE', #2863, #3332, #1984, .T. ) ;
#2108 = VECTOR ( 'NONE', #2299, 1000.000000000000000 ) ;
#2109 = DIRECTION ( 'NONE',  ( -0.000000000000000000, -1.000000000000000000, -0.000000000000000000 ) ) ;
#2110 = CARTESIAN_POINT ( 'NONE',  ( -0.1250000000000000833, -0.05000000000000000278, 2.449000000000001176 ) ) ;
#2111 = VECTOR ( 'NONE', #228, 1000.000000000000000 ) ;
#2112 = EDGE_CURVE ( 'NONE', #2910, #3681, #2966, .T. ) ;
#2113 = EDGE_CURVE ( 'NONE', #2276, #3796, #3984, .T. ) ;
#2114 = EDGE_LOOP ( 'NONE', ( #4074, #43, #1555, #3907 ) ) ;
#2115 = VERTEX_POINT ( 'NONE', #3264 ) ;
#2116 = CARTESIAN_POINT ( 'NONE',  ( 1.499999999999999778, 0.1499999999999999667, -0.1249999999999142353 ) ) ;
#2117 = CARTESIAN_POINT ( 'NONE',  ( 1.198999999999999844, 0.000000000000000000, -2.324999999999999734 ) ) ;
#2118 = EDGE_CURVE ( 'NONE', #268, #2310, #3663, .T. ) ;
#2119 = CARTESIAN_POINT ( 'NONE',  ( -1.500999999999998114, 0.1499999999999999944, 0.9500000000000473621 ) ) ;
#2120 = CARTESIAN_POINT ( 'NONE',  ( 0.1250000000000000555, 0.1499999999999999944, 2.501000000000000334 ) ) ;
#2121 = VERTEX_POINT ( 'NONE', #753 ) ;
#2122 = VERTEX_POINT ( 'NONE', #1960 ) ;
#2123 = LINE ( 'NONE', #2100, #556 ) ;
#2124 = EDGE_LOOP ( 'NONE', ( #296, #698 ) ) ;
#2125 = VECTOR ( 'NONE', #1401, 1000.000000000000000 ) ;
#2126 = DIRECTION ( 'NONE',  ( -2.085004177856723489E-15, 0.000000000000000000, 1.000000000000000000 ) ) ;
#2127 = VECTOR ( 'NONE', #1420, 1000.000000000000000 ) ;
#2128 = LINE ( 'NONE', #513, #1247 ) ;
#2129 = CARTESIAN_POINT ( 'NONE',  ( -0.7760000000000002451, 0.1499999999999999944, -2.448999999999999844 ) ) ;
#2130 = LINE ( 'NONE', #3448, #1273 ) ;
#2131 = FACE_OUTER_BOUND ( 'NONE', #1671, .T. ) ;
#2132 = FACE_OUTER_BOUND ( 'NONE', #4004, .T. ) ;
#2133 = AXIS2_PLACEMENT_3D ( 'NONE', #1450, #2740, #934 ) ;
#2134 = EDGE_CURVE ( 'NONE', #3474, #4137, #335, .T. ) ;
#2135 = CARTESIAN_POINT ( 'NONE',  ( -1.500999999999937273, 0.1499999999999999944, -1.199999999999864730 ) ) ;
#2136 = ORIENTED_EDGE ( 'NONE', *, *, #2815, .F. ) ;
#2137 = ORIENTED_EDGE ( 'NONE', *, *, #206, .F. ) ;
#2138 = CARTESIAN_POINT ( 'NONE',  ( -0.7760000000000002451, -0.05000000000000000278, -2.448999999999999844 ) ) ;
#2139 = EDGE_CURVE ( 'NONE', #2696, #2599, #356, .T. ) ;
#2140 = ADVANCED_FACE ( 'NONE', ( #837 ), #816, .F. ) ;
#2141 =( LENGTH_UNIT ( ) NAMED_UNIT ( * ) SI_UNIT ( .MILLI., .METRE. ) );
#2142 = EDGE_CURVE ( 'NONE', #3323, #3257, #212, .T. ) ;
#2143 = CARTESIAN_POINT ( 'NONE',  ( 0.1250000000000000555, 0.1499999999999999944, 2.501000000000000334 ) ) ;
#2144 = SURFACE_STYLE_FILL_AREA ( #4126 ) ;
#2145 = ORIENTED_EDGE ( 'NONE', *, *, #3649, .T. ) ;
#2146 = EDGE_CURVE ( 'NONE', #2122, #4119, #1173, .T. ) ;
#2147 = VECTOR ( 'NONE', #2241, 1000.000000000000000 ) ;
#2148 = VERTEX_POINT ( 'NONE', #3094 ) ;
#2149 = DIRECTION ( 'NONE',  ( 0.000000000000000000, -1.000000000000000000, 0.000000000000000000 ) ) ;
#2150 = AXIS2_PLACEMENT_3D ( 'NONE', #1842, #3142, #1224 ) ;
#2151 = VERTEX_POINT ( 'NONE', #3054 ) ;
#2152 = CARTESIAN_POINT ( 'NONE',  ( -1.500999999999987011, -0.05000000000000000278, -0.1249999999999142353 ) ) ;
#2153 = CARTESIAN_POINT ( 'NONE',  ( 0.8989999999999997993, 0.1499999999999999944, -2.149000000000000021 ) ) ;
#2154 = CARTESIAN_POINT ( 'NONE',  ( 0.6749999999999998224, -0.05000000000000000278, 2.501000000000000334 ) ) ;
#2155 = LINE ( 'NONE', #835, #940 ) ;
#2156 = AXIS2_PLACEMENT_3D ( 'NONE', #2174, #3470, #562 ) ;
#2157 = CARTESIAN_POINT ( 'NONE',  ( -0.9750000000000001998, 0.1499999999999999944, 2.501000000000000334 ) ) ;
#2158 = DIRECTION ( 'NONE',  ( 0.000000000000000000, -1.000000000000000000, 0.000000000000000000 ) ) ;
#2159 = CARTESIAN_POINT ( 'NONE',  ( 0.4250000000000000444, 0.000000000000000000, 2.449000000000001176 ) ) ;
#2160 = ORIENTED_EDGE ( 'NONE', *, *, #737, .T. ) ;
#2161 = ORIENTED_EDGE ( 'NONE', *, *, #96, .F. ) ;
#2162 = AXIS2_PLACEMENT_3D ( 'NONE', #543, #272, #1234 ) ;
#2163 = CARTESIAN_POINT ( 'NONE',  ( 0.000000000000000000, 0.000000000000000000, 0.000000000000000000 ) ) ;
#2164 = AXIS2_PLACEMENT_3D ( 'NONE', #1091, #2706, #91 ) ;
#2165 = DIRECTION ( 'NONE',  ( -0.000000000000000000, 1.000000000000000000, -0.000000000000000000 ) ) ;
#2166 = LINE ( 'NONE', #2120, #3485 ) ;
#2167 = VERTEX_POINT ( 'NONE', #2110 ) ;
#2168 = ORIENTED_EDGE ( 'NONE', *, *, #2731, .T. ) ;
#2169 = VERTEX_POINT ( 'NONE', #1473 ) ;
#2170 = CARTESIAN_POINT ( 'NONE',  ( -0.1000000000000002831, 0.1499999999999999944, -2.325000000000000178 ) ) ;
#2171 = PLANE ( 'NONE',  #1391 ) ;
#2172 = CARTESIAN_POINT ( 'NONE',  ( -0.001000000000000051412, 0.000000000000000000, 2.449000000000000288 ) ) ;
#2173 = MECHANICAL_DESIGN_GEOMETRIC_PRESENTATION_REPRESENTATION (  '', ( #2760 ), #3395 ) ;
#2174 = CARTESIAN_POINT ( 'NONE',  ( -1.500999999999954371, 0.1499999999999999944, 1.199999999999989519 ) ) ;
#2175 = LINE ( 'NONE', #2193, #3991 ) ;
#2176 = APPLICATION_CONTEXT ( 'automotive_design' ) ;
#2177 = ORIENTED_EDGE ( 'NONE', *, *, #1952, .F. ) ;
#2178 = EDGE_LOOP ( 'NONE', ( #2736, #3239, #3890, #2797, #3656, #3965, #3628, #2215, #98, #3554, #4147, #839, #616, #1568, #3284, #1373, #631, #491, #1156, #976, #531, #608, #3708, #467 ) ) ;
#2179 = CARTESIAN_POINT ( 'NONE',  ( 1.500999999999999668, -0.05000000000000000278, -2.024999999999999911 ) ) ;
#2180 = ADVANCED_FACE ( 'NONE', ( #3678 ), #3074, .F. ) ;
#2181 = VECTOR ( 'NONE', #1451, 1000.000000000000000 ) ;
#2182 = CARTESIAN_POINT ( 'NONE',  ( -1.500000000000000222, 0.1499999999999999667, 2.500000000000000000 ) ) ;
#2183 = CARTESIAN_POINT ( 'NONE',  ( 1.499999999999999778, 0.000000000000000000, -0.1249999999998934186 ) ) ;
#2184 = CARTESIAN_POINT ( 'NONE',  ( 1.500999999999999668, 0.1499999999999999944, -2.324999999999999734 ) ) ;
#2185 = ORIENTED_EDGE ( 'NONE', *, *, #170, .T. ) ;
#2186 = PLANE ( 'NONE',  #2769 ) ;
#2187 = EDGE_LOOP ( 'NONE', ( #1364, #3208, #638, #1907 ) ) ;
#2188 = EDGE_CURVE ( 'NONE', #2558, #786, #1750, .T. ) ;
#2189 = CARTESIAN_POINT ( 'NONE',  ( 0.9580000000000005178, 0.9719999999999999751, -1.818000000000000060 ) ) ;
#2190 = CARTESIAN_POINT ( 'NONE',  ( 0.1999999999999996503, 0.000000000000000000, -2.024999999999999911 ) ) ;
#2191 = DIRECTION ( 'NONE',  ( -2.168404344971009499E-14, 0.000000000000000000, -1.000000000000000000 ) ) ;
#2192 =( NAMED_UNIT ( * ) SI_UNIT ( $, .STERADIAN. ) SOLID_ANGLE_UNIT ( ) );
#2193 = CARTESIAN_POINT ( 'NONE',  ( 0.6749999999999998224, -0.05000000000000000278, 2.501000000000000334 ) ) ;
#2194 = ORIENTED_EDGE ( 'NONE', *, *, #16, .F. ) ;
#2195 = EDGE_CURVE ( 'NONE', #3296, #3398, #4070, .T. ) ;
#2196 = COLOUR_RGB ( '',0.2509803921568627416, 0.2509803921568627416, 0.2509803921568627416 ) ;
#2197 = EDGE_CURVE ( 'NONE', #1452, #2884, #1109, .T. ) ;
#2198 = DIRECTION ( 'NONE',  ( 0.000000000000000000, -1.000000000000000000, 0.000000000000000000 ) ) ;
#2199 = ORIENTED_EDGE ( 'NONE', *, *, #1806, .F. ) ;
#2200 = EDGE_LOOP ( 'NONE', ( #186, #671, #2617, #315, #319, #2217, #3740, #1218 ) ) ;
#2201 = DIRECTION ( 'NONE',  ( 0.000000000000000000, 0.000000000000000000, -1.000000000000000000 ) ) ;
#2202 = LINE ( 'NONE', #2454, #3979 ) ;
#2203 = ORIENTED_EDGE ( 'NONE', *, *, #3932, .T. ) ;
#2204 = CIRCLE ( 'NONE', #2956, 0.1239999999999999714 ) ;
#2205 = ORIENTED_EDGE ( 'NONE', *, *, #2420, .F. ) ;
#2206 = AXIS2_PLACEMENT_3D ( 'NONE', #1181, #196, #887 ) ;
#2207 = CARTESIAN_POINT ( 'NONE',  ( -1.307999999999999607, 0.9819999999999999840, -2.168000000000000593 ) ) ;
#2208 = DIRECTION ( 'NONE',  ( -0.000000000000000000, -1.000000000000000000, -0.000000000000000000 ) ) ;
#2209 = DIRECTION ( 'NONE',  ( 0.000000000000000000, -1.000000000000000000, 0.000000000000000000 ) ) ;
#2210 = DIRECTION ( 'NONE',  ( 0.000000000000000000, 0.000000000000000000, -1.000000000000000000 ) ) ;
#2211 = EDGE_LOOP ( 'NONE', ( #1379, #1985, #3439, #1558 ) ) ;
#2212 = CARTESIAN_POINT ( 'NONE',  ( 0.1250000000000000000, 0.1499999999999999944, 2.449000000000001176 ) ) ;
#2213 = ADVANCED_FACE ( 'NONE', ( #2132 ), #3748, .T. ) ;
#2214 = FACE_OUTER_BOUND ( 'NONE', #1457, .T. ) ;
#2215 = ORIENTED_EDGE ( 'NONE', *, *, #2542, .F. ) ;
#2216 = VECTOR ( 'NONE', #1688, 1000.000000000000000 ) ;
#2217 = ORIENTED_EDGE ( 'NONE', *, *, #3339, .T. ) ;
#2218 = LINE ( 'NONE', #2857, #1333 ) ;
#2219 = VECTOR ( 'NONE', #2356, 1000.000000000000000 ) ;
#2220 = DIRECTION ( 'NONE',  ( -1.000000000000000000, 0.000000000000000000, 1.752070710736980829E-13 ) ) ;
#2221 = VECTOR ( 'NONE', #79, 1000.000000000000000 ) ;
#2222 = DIRECTION ( 'NONE',  ( 0.000000000000000000, 0.000000000000000000, 1.000000000000000000 ) ) ;
#2223 = DIRECTION ( 'NONE',  ( -0.000000000000000000, 0.000000000000000000, 1.000000000000000000 ) ) ;
#2224 = VECTOR ( 'NONE', #1198, 1000.000000000000000 ) ;
#2225 = EDGE_LOOP ( 'NONE', ( #3430, #922, #808, #2160 ) ) ;
#2226 = ORIENTED_EDGE ( 'NONE', *, *, #640, .F. ) ;
#2227 = CARTESIAN_POINT ( 'NONE',  ( 1.499999999999999778, 0.9320000000000000506, -0.1249999999998726019 ) ) ;
#2228 = VECTOR ( 'NONE', #2848, 1000.000000000000000 ) ;
#2229 = EDGE_CURVE ( 'NONE', #3105, #3525, #3112, .T. ) ;
#2230 = CARTESIAN_POINT ( 'NONE',  ( -1.500999999999987011, 0.1499999999999999944, -0.1249999999999142353 ) ) ;
#2231 = FACE_OUTER_BOUND ( 'NONE', #1687, .T. ) ;
#2232 = ORIENTED_EDGE ( 'NONE', *, *, #2406, .F. ) ;
#2233 = CARTESIAN_POINT ( 'NONE',  ( 0.6749999999999999334, 0.1499999999999999944, 2.449000000000001176 ) ) ;
#2234 = DIRECTION ( 'NONE',  ( 0.000000000000000000, -0.000000000000000000, -1.000000000000000000 ) ) ;
#2235 = ORIENTED_EDGE ( 'NONE', *, *, #1095, .F. ) ;
#2236 = ADVANCED_FACE ( 'NONE', ( #3114 ), #436, .T. ) ;
#2237 = VERTEX_POINT ( 'NONE', #1089 ) ;
#2238 = CARTESIAN_POINT ( 'NONE',  ( -1.500999999999954371, -0.05000000000000000278, 1.199999999999989519 ) ) ;
#2239 = AXIS2_PLACEMENT_3D ( 'NONE', #2386, #484, #2095 ) ;
#2240 = ORIENTED_EDGE ( 'NONE', *, *, #4171, .T. ) ;
#2241 = DIRECTION ( 'NONE',  ( 1.000000000000000000, 0.000000000000000000, 0.000000000000000000 ) ) ;
#2242 = DIRECTION ( 'NONE',  ( -1.000000000000000000, 0.000000000000000000, 1.042502088928387579E-15 ) ) ;
#2243 = PRESENTATION_LAYER_ASSIGNMENT (  '', '', ( #3134 ) ) ;
#2244 = ORIENTED_EDGE ( 'NONE', *, *, #3621, .F. ) ;
#2245 = VECTOR ( 'NONE', #851, 1000.000000000000000 ) ;
#2246 = ORIENTED_EDGE ( 'NONE', *, *, #382, .T. ) ;
#2247 = CARTESIAN_POINT ( 'NONE',  ( -1.500999999999931944, 0.1499999999999999944, 0.1250000000000387190 ) ) ;
#2248 = ORIENTED_EDGE ( 'NONE', *, *, #1738, .F. ) ;
#2249 = FACE_OUTER_BOUND ( 'NONE', #3202, .T. ) ;
#2250 = CARTESIAN_POINT ( 'NONE',  ( 1.098999999999999977, -0.05000000000000000278, 2.449000000000000288 ) ) ;
#2251 = ORIENTED_EDGE ( 'NONE', *, *, #2315, .F. ) ;
#2252 = ORIENTED_EDGE ( 'NONE', *, *, #586, .T. ) ;
#2253 = LINE ( 'NONE', #2238, #1675 ) ;
#2254 = VECTOR ( 'NONE', #2348, 1000.000000000000000 ) ;
#2255 = ADVANCED_FACE ( 'NONE', ( #800 ), #1313, .T. ) ;
#2256 = VERTEX_POINT ( 'NONE', #1000 ) ;
#2257 = DIRECTION ( 'NONE',  ( 0.000000000000000000, -1.000000000000000000, 0.000000000000000000 ) ) ;
#2258 = VECTOR ( 'NONE', #1525, 1000.000000000000000 ) ;
#2259 = EDGE_CURVE ( 'NONE', #4137, #747, #2354, .T. ) ;
#2260 = PLANE ( 'NONE',  #108 ) ;
#2261 = EDGE_CURVE ( 'NONE', #2599, #1949, #2175, .T. ) ;
#2262 = VERTEX_POINT ( 'NONE', #56 ) ;
#2263 = ORIENTED_EDGE ( 'NONE', *, *, #1847, .T. ) ;
#2264 = EDGE_CURVE ( 'NONE', #1579, #1101, #604, .T. ) ;
#2265 = ORIENTED_EDGE ( 'NONE', *, *, #2891, .T. ) ;
#2266 = SURFACE_STYLE_USAGE ( .BOTH. , #29 ) ;
#2267 = VECTOR ( 'NONE', #84, 1000.000000000000000 ) ;
#2268 = ORIENTED_EDGE ( 'NONE', *, *, #3551, .T. ) ;
#2269 = SURFACE_STYLE_USAGE ( .BOTH. , #3491 ) ;
#2270 = ORIENTED_EDGE ( 'NONE', *, *, #2527, .F. ) ;
#2271 = VECTOR ( 'NONE', #2523, 1000.000000000000000 ) ;
#2272 = AXIS2_PLACEMENT_3D ( 'NONE', #3312, #402, #2994 ) ;
#2273 = CARTESIAN_POINT ( 'NONE',  ( -1.500999999999939050, -0.05000000000000000278, -0.9499999999999124700 ) ) ;
#2274 = MECHANICAL_DESIGN_GEOMETRIC_PRESENTATION_REPRESENTATION (  '', ( #3036 ), #1192 ) ;
#2275 = CYLINDRICAL_SURFACE ( 'NONE', #1906, 0.1239999999999999714 ) ;
#2276 = VERTEX_POINT ( 'NONE', #2513 ) ;
#2277 = STYLED_ITEM ( 'NONE', ( #1135 ), #3462 ) ;
#2278 = EDGE_LOOP ( 'NONE', ( #942, #215, #974, #3949 ) ) ;
#2279 = DIRECTION ( 'NONE',  ( -0.000000000000000000, -0.000000000000000000, 1.000000000000000000 ) ) ;
#2280 = CARTESIAN_POINT ( 'NONE',  ( -1.500000000000000222, 0.000000000000000000, 2.500000000000000000 ) ) ;
#2281 = ORIENTED_EDGE ( 'NONE', *, *, #3028, .F. ) ;
#2282 = SURFACE_STYLE_FILL_AREA ( #3785 ) ;
#2283 = FILL_AREA_STYLE ('',( #3267 ) ) ;
#2284 = VERTEX_POINT ( 'NONE', #3492 ) ;
#2285 = PLANE ( 'NONE',  #3904 ) ;
#2286 = PRESENTATION_LAYER_ASSIGNMENT (  '', '', ( #1745 ) ) ;
#2287 = DIRECTION ( 'NONE',  ( -1.000000000000000000, 0.000000000000000000, 0.000000000000000000 ) ) ;
#2288 = EDGE_CURVE ( 'NONE', #589, #1434, #2635, .T. ) ;
#2289 = ORIENTED_EDGE ( 'NONE', *, *, #3098, .T. ) ;
#2290 = DIRECTION ( 'NONE',  ( 0.000000000000000000, -1.000000000000000000, 0.000000000000000000 ) ) ;
#2291 = VECTOR ( 'NONE', #3022, 1000.000000000000000 ) ;
#2292 =( NAMED_UNIT ( * ) PLANE_ANGLE_UNIT ( ) SI_UNIT ( $, .RADIAN. ) );
#2293 = ORIENTED_EDGE ( 'NONE', *, *, #1253, .T. ) ;
#2294 = EDGE_CURVE ( 'NONE', #3934, #4180, #3812, .T. ) ;
#2295 = EDGE_CURVE ( 'NONE', #3578, #998, #530, .T. ) ;
#2296 = CARTESIAN_POINT ( 'NONE',  ( 1.499999999999999778, 0.000000000000000000, -2.024999999999999467 ) ) ;
#2297 = ORIENTED_EDGE ( 'NONE', *, *, #34, .F. ) ;
#2298 = LINE ( 'NONE', #3595, #1841 ) ;
#2299 = DIRECTION ( 'NONE',  ( 1.000000000000000000, 0.000000000000000000, 0.000000000000000000 ) ) ;
#2300 = ORIENTED_EDGE ( 'NONE', *, *, #3932, .F. ) ;
#2301 = VERTEX_POINT ( 'NONE', #2850 ) ;
#2302 = CARTESIAN_POINT ( 'NONE',  ( -0.1020000000000002016, 0.000000000000000000, -2.448999999999999844 ) ) ;
#2303 = ORIENTED_EDGE ( 'NONE', *, *, #737, .F. ) ;
#2304 = LINE ( 'NONE', #3602, #3794 ) ;
#2305 = DIRECTION ( 'NONE',  ( 0.000000000000000000, -0.000000000000000000, 1.000000000000000000 ) ) ;
#2306 = ORIENTED_EDGE ( 'NONE', *, *, #4144, .T. ) ;
#2307 = CARTESIAN_POINT ( 'NONE',  ( -1.099000000000000199, -0.05000000000000000278, 2.449000000000000288 ) ) ;
#2308 = CARTESIAN_POINT ( 'NONE',  ( 1.500999999999988566, 0.1499999999999999944, 0.1250000000000608402 ) ) ;
#2309 = LINE ( 'NONE', #1040, #1836 ) ;
#2310 = VERTEX_POINT ( 'NONE', #1835 ) ;
#2311 = FILL_AREA_STYLE ('',( #2634 ) ) ;
#2312 = DIRECTION ( 'NONE',  ( -0.000000000000000000, 1.000000000000000000, -0.000000000000000000 ) ) ;
#2313 = VECTOR ( 'NONE', #3642, 1000.000000000000000 ) ;
#2314 = ORIENTED_EDGE ( 'NONE', *, *, #203, .F. ) ;
#2315 = EDGE_CURVE ( 'NONE', #953, #673, #3194, .T. ) ;
#2316 = LINE ( 'NONE', #1065, #2017 ) ;
#2317 = ORIENTED_EDGE ( 'NONE', *, *, #2890, .F. ) ;
#2318 = LINE ( 'NONE', #2022, #1527 ) ;
#2319 = DIRECTION ( 'NONE',  ( -1.000000000000000000, -0.000000000000000000, -0.000000000000000000 ) ) ;
#2320 = ORIENTED_EDGE ( 'NONE', *, *, #630, .T. ) ;
#2321 = CYLINDRICAL_SURFACE ( 'NONE', #728, 0.1239999999999999714 ) ;
#2322 = LINE ( 'NONE', #374, #153 ) ;
#2323 = ADVANCED_FACE ( 'NONE', ( #1515 ), #3828, .F. ) ;
#2324 = VERTEX_POINT ( 'NONE', #2831 ) ;
#2325 = CARTESIAN_POINT ( 'NONE',  ( -1.307999999999999607, 0.9819999999999999840, 2.167999999999999705 ) ) ;
#2326 =( LENGTH_UNIT ( ) NAMED_UNIT ( * ) SI_UNIT ( .MILLI., .METRE. ) );
#2327 = ORIENTED_EDGE ( 'NONE', *, *, #2727, .F. ) ;
#2328 = CARTESIAN_POINT ( 'NONE',  ( -0.0009999999999992102880, -0.05000000000000000278, 2.325000000000000178 ) ) ;
#2329 = DIRECTION ( 'NONE',  ( 2.085004177856775553E-15, -0.000000000000000000, -1.000000000000000000 ) ) ;
#2330 = VECTOR ( 'NONE', #2075, 1000.000000000000000 ) ;
#2331 = PLANE ( 'NONE',  #4077 ) ;
#2332 = VERTEX_POINT ( 'NONE', #1853 ) ;
#2333 = FACE_OUTER_BOUND ( 'NONE', #1938, .T. ) ;
#2334 = FACE_OUTER_BOUND ( 'NONE', #1723, .T. ) ;
#2335 = VECTOR ( 'NONE', #622, 1000.000000000000000 ) ;
#2336 = ORIENTED_EDGE ( 'NONE', *, *, #4151, .T. ) ;
#2337 = ADVANCED_FACE ( 'NONE', ( #2809 ), #1629, .F. ) ;
#2338 = LINE ( 'NONE', #2039, #2757 ) ;
#2339 = LINE ( 'NONE', #2987, #48 ) ;
#2340 = DIRECTION ( 'NONE',  ( 1.000000000000000000, 0.000000000000000000, -0.000000000000000000 ) ) ;
#2341 = DIRECTION ( 'NONE',  ( 0.000000000000000000, -1.000000000000000000, 0.000000000000000000 ) ) ;
#2342 = DIRECTION ( 'NONE',  ( 0.000000000000000000, 0.000000000000000000, -1.000000000000000000 ) ) ;
#2343 = ORIENTED_EDGE ( 'NONE', *, *, #1969, .T. ) ;
#2344 = CARTESIAN_POINT ( 'NONE',  ( 1.499999999999999778, 0.000000000000000000, 0.1250000000000499878 ) ) ;
#2345 = VECTOR ( 'NONE', #3040, 1000.000000000000000 ) ;
#2346 = ORIENTED_EDGE ( 'NONE', *, *, #3426, .T. ) ;
#2347 = DIRECTION ( 'NONE',  ( 1.000000000000000000, 0.000000000000000000, 0.000000000000000000 ) ) ;
#2348 = DIRECTION ( 'NONE',  ( -0.000000000000000000, -0.000000000000000000, -1.000000000000000000 ) ) ;
#2349 = DIRECTION ( 'NONE',  ( -0.000000000000000000, 0.000000000000000000, 1.000000000000000000 ) ) ;
#2350 = VECTOR ( 'NONE', #1536, 1000.000000000000000 ) ;
#2351 = LINE ( 'NONE', #117, #639 ) ;
#2352 = PRESENTATION_LAYER_ASSIGNMENT (  '', '', ( #3109 ) ) ;
#2353 = VERTEX_POINT ( 'NONE', #250 ) ;
#2354 = CIRCLE ( 'NONE', #2560, 0.1239999999999999714 ) ;
#2355 = EDGE_CURVE ( 'NONE', #3525, #3379, #2493, .T. ) ;
#2356 = DIRECTION ( 'NONE',  ( 0.000000000000000000, 0.000000000000000000, -1.000000000000000000 ) ) ;
#2357 = ADVANCED_FACE ( 'NONE', ( #765 ), #1381, .F. ) ;
#2358 = VECTOR ( 'NONE', #1034, 1000.000000000000000 ) ;
#2359 = DIRECTION ( 'NONE',  ( 0.000000000000000000, -1.000000000000000000, 0.000000000000000000 ) ) ;
#2360 = DIRECTION ( 'NONE',  ( 0.000000000000000000, -0.000000000000000000, -1.000000000000000000 ) ) ;
#2361 = CARTESIAN_POINT ( 'NONE',  ( -1.500999999999999668, 0.1499999999999999944, -2.024999999999999911 ) ) ;
#2362 = DIRECTION ( 'NONE',  ( -1.000000000000000000, -0.000000000000000000, -0.000000000000000000 ) ) ;
#2363 = CARTESIAN_POINT ( 'NONE',  ( -0.6750000000000001554, 0.1499999999999999944, 2.449000000000001176 ) ) ;
#2364 = VECTOR ( 'NONE', #1892, 1000.000000000000000 ) ;
#2365 = PRESENTATION_STYLE_ASSIGNMENT (( #1056 ) ) ;
#2366 = VERTEX_POINT ( 'NONE', #3974 ) ;
#2367 = DIRECTION ( 'NONE',  ( 0.000000000000000000, -1.000000000000000000, 0.000000000000000000 ) ) ;
#2368 = CARTESIAN_POINT ( 'NONE',  ( -0.9750000000000000888, -0.000000000000000000, 2.449000000000001176 ) ) ;
#2369 = DIRECTION ( 'NONE',  ( 0.000000000000000000, -1.000000000000000000, 0.000000000000000000 ) ) ;
#2370 = LINE ( 'NONE', #1042, #1854 ) ;
#2371 = EDGE_CURVE ( 'NONE', #3087, #1256, #1421, .T. ) ;
#2372 =( NAMED_UNIT ( * ) PLANE_ANGLE_UNIT ( ) SI_UNIT ( $, .RADIAN. ) );
#2373 = VERTEX_POINT ( 'NONE', #1996 ) ;
#2374 = AXIS2_PLACEMENT_3D ( 'NONE', #2250, #2875, #3888 ) ;
#2375 = AXIS2_PLACEMENT_3D ( 'NONE', #3761, #2414, #2393 ) ;
#2376 = CARTESIAN_POINT ( 'NONE',  ( 1.500999999999977463, -0.05000000000000000278, 0.9500000000000690115 ) ) ;
#2377 = CARTESIAN_POINT ( 'NONE',  ( 1.074999999999999956, -0.05000000000000000278, -2.448999999999999844 ) ) ;
#2378 = ORIENTED_EDGE ( 'NONE', *, *, #3902, .T. ) ;
#2379 = DIRECTION ( 'NONE',  ( 0.000000000000000000, 0.000000000000000000, -1.000000000000000000 ) ) ;
#2380 = EDGE_CURVE ( 'NONE', #2416, #359, #3671, .T. ) ;
#2381 = DIRECTION ( 'NONE',  ( -1.445602896647339706E-15, 0.000000000000000000, -1.000000000000000000 ) ) ;
#2382 = ORIENTED_EDGE ( 'NONE', *, *, #2419, .F. ) ;
#2383 = FILL_AREA_STYLE_COLOUR ( '', #1935 ) ;
#2384 = EDGE_CURVE ( 'NONE', #2472, #619, #2677, .T. ) ;
#2385 = FACE_OUTER_BOUND ( 'NONE', #2404, .T. ) ;
#2386 = CARTESIAN_POINT ( 'NONE',  ( -1.500999999999931944, 0.1499999999999999944, 0.1250000000000387190 ) ) ;
#2387 = EDGE_CURVE ( 'NONE', #2886, #284, #3994, .T. ) ;
#2388 = DIRECTION ( 'NONE',  ( -1.540059904098698105E-16, -0.000000000000000000, 1.000000000000000000 ) ) ;
#2389 = DIRECTION ( 'NONE',  ( -1.000000000000000000, 0.000000000000000000, 0.000000000000000000 ) ) ;
#2390 = VERTEX_POINT ( 'NONE', #3655 ) ;
#2391 = EDGE_CURVE ( 'NONE', #724, #1064, #746, .T. ) ;
#2392 = ORIENTED_EDGE ( 'NONE', *, *, #762, .T. ) ;
#2393 = DIRECTION ( 'NONE',  ( 0.000000000000000000, -0.000000000000000000, -1.000000000000000000 ) ) ;
#2394 = AXIS2_PLACEMENT_3D ( 'NONE', #3501, #2223, #1924 ) ;
#2395 = FACE_OUTER_BOUND ( 'NONE', #24, .T. ) ;
#2396 = DIRECTION ( 'NONE',  ( 0.000000000000000000, -0.000000000000000000, -1.000000000000000000 ) ) ;
#2397 = DIRECTION ( 'NONE',  ( -1.000000000000000000, 0.000000000000000000, 2.203098814490959257E-13 ) ) ;
#2398 = CARTESIAN_POINT ( 'NONE',  ( -1.500999999999939050, 0.1499999999999999944, -0.9499999999999124700 ) ) ;
#2399 = PLANE ( 'NONE',  #3574 ) ;
#2400 = CARTESIAN_POINT ( 'NONE',  ( 0.9580000000000005178, 0.9719999999999999751, -1.818000000000000060 ) ) ;
#2401 = CARTESIAN_POINT ( 'NONE',  ( 0.1999999999999996503, 0.1499999999999999944, -2.149000000000000021 ) ) ;
#2402 = VECTOR ( 'NONE', #2441, 1000.000000000000000 ) ;
#2403 = ORIENTED_EDGE ( 'NONE', *, *, #3739, .F. ) ;
#2404 = EDGE_LOOP ( 'NONE', ( #954, #931, #2639, #1800 ) ) ;
#2405 = AXIS2_PLACEMENT_3D ( 'NONE', #2, #2690, #758 ) ;
#2406 = EDGE_CURVE ( 'NONE', #3129, #4080, #1007, .T. ) ;
#2407 = DIRECTION ( 'NONE',  ( 0.000000000000000000, -1.000000000000000000, 0.000000000000000000 ) ) ;
#2408 = AXIS2_PLACEMENT_3D ( 'NONE', #257, #2201, #1478 ) ;
#2409 = DIRECTION ( 'NONE',  ( 0.000000000000000000, 0.000000000000000000, 1.000000000000000000 ) ) ;
#2410 = DIRECTION ( 'NONE',  ( 0.000000000000000000, 0.000000000000000000, -1.000000000000000000 ) ) ;
#2411 = EDGE_CURVE ( 'NONE', #3573, #653, #2016, .T. ) ;
#2412 = ORIENTED_EDGE ( 'NONE', *, *, #345, .F. ) ;
#2413 = ORIENTED_EDGE ( 'NONE', *, *, #1797, .F. ) ;
#2414 = DIRECTION ( 'NONE',  ( 0.000000000000000000, -1.000000000000000000, 0.000000000000000000 ) ) ;
#2415 = VECTOR ( 'NONE', #1294, 1000.000000000000000 ) ;
#2416 = VERTEX_POINT ( 'NONE', #2695 ) ;
#2417 = DIRECTION ( 'NONE',  ( -1.000000000000000000, 0.000000000000000000, -0.000000000000000000 ) ) ;
#2418 = VECTOR ( 'NONE', #3693, 1000.000000000000000 ) ;
#2419 = EDGE_CURVE ( 'NONE', #2863, #1919, #2734, .T. ) ;
#2420 = EDGE_CURVE ( 'NONE', #3622, #2055, #3322, .T. ) ;
#2421 = UNCERTAINTY_MEASURE_WITH_UNIT (LENGTH_MEASURE( 1.000000000000000082E-05 ), #775, 'distance_accuracy_value', 'NONE');
#2422 = DIRECTION ( 'NONE',  ( 0.000000000000000000, -1.000000000000000000, 0.000000000000000000 ) ) ;
#2423 = CARTESIAN_POINT ( 'NONE',  ( 1.499999999999999778, 0.000000000000000000, -1.199999999999836975 ) ) ;
#2424 = ORIENTED_EDGE ( 'NONE', *, *, #4014, .T. ) ;
#2425 = CARTESIAN_POINT ( 'NONE',  ( 0.9749999999999886535, 0.000000000000000000, 2.500000000000000000 ) ) ;
#2426 = CARTESIAN_POINT ( 'NONE',  ( -1.500000000000000222, 0.1499999999999999667, 2.500000000000000000 ) ) ;
#2427 = STYLED_ITEM ( 'NONE', ( #2365 ), #1479 ) ;
#2428 = DIRECTION ( 'NONE',  ( 0.000000000000000000, 0.000000000000000000, -1.000000000000000000 ) ) ;
#2429 = ORIENTED_EDGE ( 'NONE', *, *, #2855, .T. ) ;
#2430 = ORIENTED_EDGE ( 'NONE', *, *, #3235, .T. ) ;
#2431 = DIRECTION ( 'NONE',  ( -1.000000000000000000, 0.000000000000000000, -9.938519914450449949E-15 ) ) ;
#2432 = CARTESIAN_POINT ( 'NONE',  ( -1.500999999999939050, 0.1499999999999999944, -0.9499999999999124700 ) ) ;
#2433 = DIRECTION ( 'NONE',  ( -4.336808689941441678E-13, 0.000000000000000000, -1.000000000000000000 ) ) ;
#2434 = DIRECTION ( 'NONE',  ( -1.000000000000000000, 0.000000000000000000, 0.000000000000000000 ) ) ;
#2435 = ORIENTED_EDGE ( 'NONE', *, *, #709, .T. ) ;
#2436 = ORIENTED_EDGE ( 'NONE', *, *, #3301, .T. ) ;
#2437 = CARTESIAN_POINT ( 'NONE',  ( -1.076000000000000290, -0.05000000000000000278, -2.448999999999999844 ) ) ;
#2438 = VERTEX_POINT ( 'NONE', #707 ) ;
#2439 = CARTESIAN_POINT ( 'NONE',  ( 1.500999999999977463, -0.05000000000000000278, 1.199999999999999956 ) ) ;
#2440 = AXIS2_PLACEMENT_3D ( 'NONE', #152, #2349, #3080 ) ;
#2441 = DIRECTION ( 'NONE',  ( 1.000000000000000000, 0.000000000000000000, 0.000000000000000000 ) ) ;
#2442 = DIRECTION ( 'NONE',  ( 0.000000000000000000, 0.000000000000000000, 1.000000000000000000 ) ) ;
#2443 = ADVANCED_FACE ( 'NONE', ( #3045 ), #4013, .T. ) ;
#2444 = ADVANCED_FACE ( 'NONE', ( #2334 ), #466, .T. ) ;
#2445 = DIRECTION ( 'NONE',  ( 0.000000000000000000, -1.000000000000000000, 0.000000000000000000 ) ) ;
#2446 = VECTOR ( 'NONE', #2644, 1000.000000000000000 ) ;
#2447 = EDGE_CURVE ( 'NONE', #2607, #4160, #1520, .T. ) ;
#2448 = DIRECTION ( 'NONE',  ( 0.000000000000000000, 0.000000000000000000, -1.000000000000000000 ) ) ;
#2449 = VERTEX_POINT ( 'NONE', #1139 ) ;
#2450 = VERTEX_POINT ( 'NONE', #2184 ) ;
#2451 = ADVANCED_FACE ( 'NONE', ( #3103 ), #2753, .F. ) ;
#2452 = CARTESIAN_POINT ( 'NONE',  ( 0.3239999999999996216, 0.9320000000000000506, -2.500000000000000000 ) ) ;
#2453 = PRESENTATION_STYLE_ASSIGNMENT (( #2521 ) ) ;
#2454 = CARTESIAN_POINT ( 'NONE',  ( -1.076000000000000290, 0.1499999999999999944, -2.448999999999999844 ) ) ;
#2455 = CARTESIAN_POINT ( 'NONE',  ( 1.499999999999999778, 0.9320000000000000506, 2.500000000000000000 ) ) ;
#2456 = VERTEX_POINT ( 'NONE', #3734 ) ;
#2457 = ORIENTED_EDGE ( 'NONE', *, *, #2815, .T. ) ;
#2458 = PLANE ( 'NONE',  #739 ) ;
#2459 = VERTEX_POINT ( 'NONE', #1501 ) ;
#2460 = STYLED_ITEM ( 'NONE', ( #155 ), #2974 ) ;
#2461 = PLANE ( 'NONE',  #3711 ) ;
#2462 = AXIS2_PLACEMENT_3D ( 'NONE', #1583, #1624, #302 ) ;
#2463 = LINE ( 'NONE', #4040, #3498 ) ;
#2464 = DIRECTION ( 'NONE',  ( -0.000000000000000000, -0.000000000000000000, 1.000000000000000000 ) ) ;
#2465 = EDGE_CURVE ( 'NONE', #2353, #701, #3548, .T. ) ;
#2466 = CARTESIAN_POINT ( 'NONE',  ( 1.499999999999999778, 0.9320000000000000506, -0.9499999999998780531 ) ) ;
#2467 = LINE ( 'NONE', #836, #2491 ) ;
#2468 = DIRECTION ( 'NONE',  ( 1.000000000000000000, 0.000000000000000000, 0.000000000000000000 ) ) ;
#2469 = AXIS2_PLACEMENT_3D ( 'NONE', #2189, #2976, #1652 ) ;
#2470 = DIRECTION ( 'NONE',  ( 0.000000000000000000, -0.000000000000000000, -1.000000000000000000 ) ) ;
#2471 = ORIENTED_EDGE ( 'NONE', *, *, #3343, .F. ) ;
#2472 = VERTEX_POINT ( 'NONE', #528 ) ;
#2473 = PLANE ( 'NONE',  #3038 ) ;
#2474 = EDGE_CURVE ( 'NONE', #3379, #3505, #1724, .T. ) ;
#2475 = PLANE ( 'NONE',  #2480 ) ;
#2476 = DIRECTION ( 'NONE',  ( 0.000000000000000000, -1.000000000000000000, 0.000000000000000000 ) ) ;
#2477 = LINE ( 'NONE', #2455, #2601 ) ;
#2478 = ORIENTED_EDGE ( 'NONE', *, *, #719, .F. ) ;
#2479 = VECTOR ( 'NONE', #1963, 1000.000000000000000 ) ;
#2480 = AXIS2_PLACEMENT_3D ( 'NONE', #1818, #1499, #1883 ) ;
#2481 = ORIENTED_EDGE ( 'NONE', *, *, #2101, .F. ) ;
#2482 = DIRECTION ( 'NONE',  ( -2.168404344971009499E-14, 0.000000000000000000, -1.000000000000000000 ) ) ;
#2483 = UNCERTAINTY_MEASURE_WITH_UNIT (LENGTH_MEASURE( 1.000000000000000082E-05 ), #2326, 'distance_accuracy_value', 'NONE');
#2484 = VECTOR ( 'NONE', #2990, 1000.000000000000000 ) ;
#2485 = ORIENTED_EDGE ( 'NONE', *, *, #2380, .F. ) ;
#2486 = CARTESIAN_POINT ( 'NONE',  ( 0.5509999999999989351, -0.05000000000000000278, 2.325000000000000178 ) ) ;
#2487 = FACE_OUTER_BOUND ( 'NONE', #664, .T. ) ;
#2488 = CARTESIAN_POINT ( 'NONE',  ( 0.4249999999999999889, 0.1499999999999999944, 2.449000000000001176 ) ) ;
#2489 = EDGE_CURVE ( 'NONE', #1627, #1417, #506, .T. ) ;
#2490 = CARTESIAN_POINT ( 'NONE',  ( 0.9749999999989156230, 0.000000000000000000, -4.228388472688203003E-13 ) ) ;
#2491 = VECTOR ( 'NONE', #2445, 1000.000000000000000 ) ;
#2492 = FACE_OUTER_BOUND ( 'NONE', #2715, .T. ) ;
#2493 = LINE ( 'NONE', #3793, #2697 ) ;
#2494 = LINE ( 'NONE', #2135, #3198 ) ;
#2495 = ORIENTED_EDGE ( 'NONE', *, *, #2062, .F. ) ;
#2496 = ORIENTED_EDGE ( 'NONE', *, *, #763, .T. ) ;
#2497 = STYLED_ITEM ( 'NONE', ( #1701 ), #2357 ) ;
#2498 = CARTESIAN_POINT ( 'NONE',  ( -1.501000000000000112, 0.1499999999999999944, 2.325000000000000178 ) ) ;
#2499 = AXIS2_PLACEMENT_3D ( 'NONE', #2325, #438, #3680 ) ;
#2500 = DIRECTION ( 'NONE',  ( 2.085004177856462770E-15, -0.000000000000000000, 1.000000000000000000 ) ) ;
#2501 = EDGE_CURVE ( 'NONE', #3118, #1235, #2166, .T. ) ;
#2502 = CARTESIAN_POINT ( 'NONE',  ( 0.9749999999999998668, 0.1499999999999999944, 2.500000000000000000 ) ) ;
#2503 = CARTESIAN_POINT ( 'NONE',  ( -0.9750000000000000888, 0.1499999999999999944, 2.500000000000000000 ) ) ;
#2504 = ORIENTED_EDGE ( 'NONE', *, *, #3027, .T. ) ;
#2505 = DIRECTION ( 'NONE',  ( 0.000000000000000000, -1.000000000000000000, 0.000000000000000000 ) ) ;
#2506 = EDGE_LOOP ( 'NONE', ( #3351, #1614, #3438, #714, #3454, #3266 ) ) ;
#2507 = EDGE_CURVE ( 'NONE', #3398, #2167, #2057, .T. ) ;
#2508 = EDGE_CURVE ( 'NONE', #242, #220, #2796, .T. ) ;
#2509 = LINE ( 'NONE', #1019, #4173 ) ;
#2510 = DIRECTION ( 'NONE',  ( 0.000000000000000000, -1.000000000000000000, 0.000000000000000000 ) ) ;
#2511 = PLANE ( 'NONE',  #540 ) ;
#2512 = DIRECTION ( 'NONE',  ( 0.000000000000000000, 0.000000000000000000, -1.000000000000000000 ) ) ;
#2513 = CARTESIAN_POINT ( 'NONE',  ( -0.6750000000000000444, 0.000000000000000000, 2.449000000000001176 ) ) ;
#2514 = ORIENTED_EDGE ( 'NONE', *, *, #3699, .F. ) ;
#2515 = CARTESIAN_POINT ( 'NONE',  ( 0.4249999999999999889, -0.05000000000000000278, 2.501000000000000334 ) ) ;
#2516 = ORIENTED_EDGE ( 'NONE', *, *, #522, .T. ) ;
#2517 = ORIENTED_EDGE ( 'NONE', *, *, #202, .T. ) ;
#2518 = DIRECTION ( 'NONE',  ( 0.000000000000000000, -1.000000000000000000, 0.000000000000000000 ) ) ;
#2519 = VECTOR ( 'NONE', #1713, 1000.000000000000000 ) ;
#2520 = VECTOR ( 'NONE', #1504, 1000.000000000000000 ) ;
#2521 = SURFACE_STYLE_USAGE ( .BOTH. , #1159 ) ;
#2522 = EDGE_CURVE ( 'NONE', #4047, #2122, #3164, .T. ) ;
#2523 = DIRECTION ( 'NONE',  ( 0.000000000000000000, 0.000000000000000000, -1.000000000000000000 ) ) ;
#2524 = CARTESIAN_POINT ( 'NONE',  ( -1.500999999999939050, 0.1499999999999999944, -0.9499999999999124700 ) ) ;
#2525 = EDGE_LOOP ( 'NONE', ( #1646, #647, #1026, #3542, #28, #3552, #3183, #2265, #3982, #688, #1140, #413, #679, #1112, #53, #340, #313, #3065, #2270, #2937, #3344, #3104, #4149, #1353 ) ) ;
#2526 = DIRECTION ( 'NONE',  ( -1.000000000000000000, -0.000000000000000000, -1.141265444721606940E-14 ) ) ;
#2527 = EDGE_CURVE ( 'NONE', #3257, #2854, #2477, .T. ) ;
#2528 = ORIENTED_EDGE ( 'NONE', *, *, #1383, .F. ) ;
#2529 = EDGE_CURVE ( 'NONE', #1256, #1337, #487, .T. ) ;
#2530 = FACE_OUTER_BOUND ( 'NONE', #1460, .T. ) ;
#2531 = DIRECTION ( 'NONE',  ( 0.000000000000000000, 1.000000000000000000, 0.000000000000000000 ) ) ;
#2532 = ORIENTED_EDGE ( 'NONE', *, *, #1517, .T. ) ;
#2533 = PRESENTATION_LAYER_ASSIGNMENT (  '', '', ( #2460 ) ) ;
#2534 = LINE ( 'NONE', #1896, #2520 ) ;
#2535 = CARTESIAN_POINT ( 'NONE',  ( 0.000000000000000000, 0.000000000000000000, 0.000000000000000000 ) ) ;
#2536 = EDGE_LOOP ( 'NONE', ( #3594, #3672, #2194, #244, #120, #2485 ) ) ;
#2537 = ORIENTED_EDGE ( 'NONE', *, *, #564, .F. ) ;
#2538 = CARTESIAN_POINT ( 'NONE',  ( -0.1250000000000001110, 0.1499999999999999667, 2.500000000000000000 ) ) ;
#2539 = FACE_OUTER_BOUND ( 'NONE', #138, .T. ) ;
#2540 = DIRECTION ( 'NONE',  ( -0.000000000000000000, 1.000000000000000000, -0.000000000000000000 ) ) ;
#2541 = LINE ( 'NONE', #2883, #1385 ) ;
#2542 = EDGE_CURVE ( 'NONE', #3323, #2652, #263, .T. ) ;
#2543 = EDGE_LOOP ( 'NONE', ( #1239, #3751, #1944, #726, #2457, #4048, #2565, #2962, #882, #3418, #2971, #2099, #1030, #328, #3139, #2517, #2093, #1961, #2314, #4 ) ) ;
#2544 = EDGE_LOOP ( 'NONE', ( #2588, #3511, #756, #3716 ) ) ;
#2545 = ORIENTED_EDGE ( 'NONE', *, *, #1645, .T. ) ;
#2546 = EDGE_CURVE ( 'NONE', #214, #3495, #4031, .T. ) ;
#2547 = VECTOR ( 'NONE', #2561, 1000.000000000000000 ) ;
#2548 = LINE ( 'NONE', #2847, #2678 ) ;
#2549 = LINE ( 'NONE', #3846, #1823 ) ;
#2550 = ADVANCED_FACE ( 'NONE', ( #1777 ), #3757, .T. ) ;
#2551 = ORIENTED_EDGE ( 'NONE', *, *, #1923, .F. ) ;
#2552 = EDGE_LOOP ( 'NONE', ( #1576, #1506, #3308, #2846 ) ) ;
#2553 = MECHANICAL_DESIGN_GEOMETRIC_PRESENTATION_REPRESENTATION (  '', ( #798 ), #4192 ) ;
#2554 = ORIENTED_EDGE ( 'NONE', *, *, #345, .T. ) ;
#2555 = CARTESIAN_POINT ( 'NONE',  ( 1.074999999999999734, 0.000000000000000000, -2.500000000000000000 ) ) ;
#2556 = VECTOR ( 'NONE', #1187, 1000.000000000000000 ) ;
#2557 = EDGE_CURVE ( 'NONE', #3796, #1452, #3585, .T. ) ;
#2558 = VERTEX_POINT ( 'NONE', #1905 ) ;
#2559 =( NAMED_UNIT ( * ) PLANE_ANGLE_UNIT ( ) SI_UNIT ( $, .RADIAN. ) );
#2560 = AXIS2_PLACEMENT_3D ( 'NONE', #1893, #685, #3510 ) ;
#2561 = DIRECTION ( 'NONE',  ( 0.000000000000000000, -1.000000000000000000, 0.000000000000000000 ) ) ;
#2562 = DIRECTION ( 'NONE',  ( -0.000000000000000000, 1.000000000000000000, 0.000000000000000000 ) ) ;
#2563 = AXIS2_PLACEMENT_3D ( 'NONE', #829, #2056, #2780 ) ;
#2564 = ORIENTED_EDGE ( 'NONE', *, *, #3901, .T. ) ;
#2565 = ORIENTED_EDGE ( 'NONE', *, *, #4099, .T. ) ;
#2566 = CARTESIAN_POINT ( 'NONE',  ( -1.500999999999954371, 0.1499999999999999944, 1.199999999999989519 ) ) ;
#2567 = ADVANCED_FACE ( 'NONE', ( #1225 ), #2843, .T. ) ;
#2568 = CARTESIAN_POINT ( 'NONE',  ( 0.5509999999999999343, 0.000000000000000000, 2.449000000000000288 ) ) ;
#2569 = EDGE_LOOP ( 'NONE', ( #4106, #1119, #1813, #349 ) ) ;
#2570 = DIRECTION ( 'NONE',  ( 0.000000000000000000, -1.000000000000000000, 0.000000000000000000 ) ) ;
#2571 = DIRECTION ( 'NONE',  ( -0.000000000000000000, 0.000000000000000000, 1.000000000000000000 ) ) ;
#2572 = ORIENTED_EDGE ( 'NONE', *, *, #522, .F. ) ;
#2573 = EDGE_CURVE ( 'NONE', #1982, #1664, #2541, .T. ) ;
#2574 = EDGE_CURVE ( 'NONE', #3077, #3398, #3838, .T. ) ;
#2575 = ORIENTED_EDGE ( 'NONE', *, *, #2048, .T. ) ;
#2576 = DIRECTION ( 'NONE',  ( 2.085004177856723489E-15, 0.000000000000000000, -1.000000000000000000 ) ) ;
#2577 = VECTOR ( 'NONE', #1891, 1000.000000000000000 ) ;
#2578 = ADVANCED_FACE ( 'NONE', ( #3206 ), #2925, .T. ) ;
#2579 = ORIENTED_EDGE ( 'NONE', *, *, #3531, .F. ) ;
#2580 = CARTESIAN_POINT ( 'NONE',  ( -0.1250000000000000833, 0.1499999999999999944, 2.449000000000001176 ) ) ;
#2581 = DIRECTION ( 'NONE',  ( -1.000000000000000000, 0.000000000000000000, -6.938893903908552086E-15 ) ) ;
#2582 = DIRECTION ( 'NONE',  ( 0.000000000000000000, -1.000000000000000000, 0.000000000000000000 ) ) ;
#2583 = AXIS2_PLACEMENT_3D ( 'NONE', #1686, #416, #3675 ) ;
#2584 = ORIENTED_EDGE ( 'NONE', *, *, #2188, .T. ) ;
#2585 = VECTOR ( 'NONE', #2756, 1000.000000000000000 ) ;
#2586 = VERTEX_POINT ( 'NONE', #3524 ) ;
#2587 = ORIENTED_EDGE ( 'NONE', *, *, #709, .F. ) ;
#2588 = ORIENTED_EDGE ( 'NONE', *, *, #2355, .F. ) ;
#2589 = CARTESIAN_POINT ( 'NONE',  ( 0.1999999999999996503, 0.000000000000000000, -2.149000000000000021 ) ) ;
#2590 = ORIENTED_EDGE ( 'NONE', *, *, #2294, .F. ) ;
#2591 = CARTESIAN_POINT ( 'NONE',  ( 0.02399999999999971600, -0.05000000000000000278, -2.448999999999999844 ) ) ;
#2592 = DIRECTION ( 'NONE',  ( 0.000000000000000000, -1.000000000000000000, 0.000000000000000000 ) ) ;
#2593 = ORIENTED_EDGE ( 'NONE', *, *, #252, .F. ) ;
#2594 = EDGE_LOOP ( 'NONE', ( #720, #1497, #311, #312, #1033, #3380 ) ) ;
#2595 = ADVANCED_FACE ( 'NONE', ( #3271 ), #659, .T. ) ;
#2596 = CARTESIAN_POINT ( 'NONE',  ( 0.9749999999999998668, 0.1499999999999999944, 2.449000000000001176 ) ) ;
#2597 = CARTESIAN_POINT ( 'NONE',  ( -0.7760000000000002451, 0.000000000000000000, -2.448999999999999844 ) ) ;
#2598 = VECTOR ( 'NONE', #1377, 1000.000000000000000 ) ;
#2599 = VERTEX_POINT ( 'NONE', #1283 ) ;
#2600 = CARTESIAN_POINT ( 'NONE',  ( -1.500999999999937273, -0.05000000000000000278, -1.199999999999864730 ) ) ;
#2601 = VECTOR ( 'NONE', #866, 1000.000000000000000 ) ;
#2602 = ORIENTED_EDGE ( 'NONE', *, *, #3205, .F. ) ;
#2603 = CARTESIAN_POINT ( 'NONE',  ( -0.5510000000000000453, -0.05000000000000000278, 2.449000000000000288 ) ) ;
#2604 = DIRECTION ( 'NONE',  ( 0.000000000000000000, 0.000000000000000000, -1.000000000000000000 ) ) ;
#2605 = ADVANCED_FACE ( 'NONE', ( #4185 ), #2260, .T. ) ;
#2606 = UNCERTAINTY_MEASURE_WITH_UNIT (LENGTH_MEASURE( 1.000000000000000082E-05 ), #1965, 'distance_accuracy_value', 'NONE');
#2607 = VERTEX_POINT ( 'NONE', #3876 ) ;
#2608 = PLANE ( 'NONE',  #3963 ) ;
#2609 = FILL_AREA_STYLE ('',( #4156 ) ) ;
#2610 = VECTOR ( 'NONE', #3090, 1000.000000000000000 ) ;
#2611 = ORIENTED_EDGE ( 'NONE', *, *, #2866, .F. ) ;
#2612 = ORIENTED_EDGE ( 'NONE', *, *, #1369, .F. ) ;
#2613 = AXIS2_PLACEMENT_3D ( 'NONE', #2793, #884, #2838 ) ;
#2614 = COLOUR_RGB ( '',0.2509803921568627416, 0.2509803921568627416, 0.2509803921568627416 ) ;
#2615 = DIRECTION ( 'NONE',  ( -1.042502088928387777E-15, -0.000000000000000000, -1.000000000000000000 ) ) ;
#2616 = LINE ( 'NONE', #1009, #2108 ) ;
#2617 = ORIENTED_EDGE ( 'NONE', *, *, #3699, .T. ) ;
#2618 = PRESENTATION_LAYER_ASSIGNMENT (  '', '', ( #2277 ) ) ;
#2619 = ORIENTED_EDGE ( 'NONE', *, *, #729, .T. ) ;
#2620 = DIRECTION ( 'NONE',  ( -1.000000000000000000, 0.000000000000000000, 0.000000000000000000 ) ) ;
#2621 = LINE ( 'NONE', #675, #2718 ) ;
#2622 = VERTEX_POINT ( 'NONE', #3560 ) ;
#2623 = DIRECTION ( 'NONE',  ( 0.000000000000000000, -1.000000000000000000, 0.000000000000000000 ) ) ;
#2624 = VECTOR ( 'NONE', #1371, 1000.000000000000000 ) ;
#2625 = DIRECTION ( 'NONE',  ( 1.000000000000000000, 0.000000000000000000, 0.000000000000000000 ) ) ;
#2626 = ORIENTED_EDGE ( 'NONE', *, *, #1292, .T. ) ;
#2627 = CARTESIAN_POINT ( 'NONE',  ( -1.458810232081824727E-15, -0.000000000000000000, -2.024999999999999023 ) ) ;
#2628 = AXIS2_PLACEMENT_3D ( 'NONE', #1490, #4061, #2126 ) ;
#2629 =( NAMED_UNIT ( * ) PLANE_ANGLE_UNIT ( ) SI_UNIT ( $, .RADIAN. ) );
#2630 = LINE ( 'NONE', #427, #2254 ) ;
#2631 = CARTESIAN_POINT ( 'NONE',  ( 0.02399999999999460898, 0.000000000000000000, 5.004010026855012685E-17 ) ) ;
#2632 = EDGE_CURVE ( 'NONE', #220, #986, #1264, .T. ) ;
#2633 = ORIENTED_EDGE ( 'NONE', *, *, #1166, .F. ) ;
#2634 = FILL_AREA_STYLE_COLOUR ( '', #2196 ) ;
#2635 = LINE ( 'NONE', #1215, #2019 ) ;
#2636 = VERTEX_POINT ( 'NONE', #995 ) ;
#2637 = ADVANCED_FACE ( 'NONE', ( #3859 ), #595, .T. ) ;
#2638 = CARTESIAN_POINT ( 'NONE',  ( 0.6749999999999999334, 0.000000000000000000, 2.449000000000001176 ) ) ;
#2639 = ORIENTED_EDGE ( 'NONE', *, *, #1396, .T. ) ;
#2640 = CARTESIAN_POINT ( 'NONE',  ( -1.200000000000000400, 0.000000000000000000, -2.324999999999999734 ) ) ;
#2641 = FACE_OUTER_BOUND ( 'NONE', #3126, .T. ) ;
#2642 = ORIENTED_EDGE ( 'NONE', *, *, #3265, .F. ) ;
#2643 = DIRECTION ( 'NONE',  ( 0.000000000000000000, -1.000000000000000000, 0.000000000000000000 ) ) ;
#2644 = DIRECTION ( 'NONE',  ( 0.000000000000000000, -1.000000000000000000, 0.000000000000000000 ) ) ;
#2645 = EDGE_LOOP ( 'NONE', ( #2938, #4167, #1658, #2092 ) ) ;
#2646 = DIRECTION ( 'NONE',  ( 0.000000000000000000, -1.000000000000000000, 0.000000000000000000 ) ) ;
#2647 = ORIENTED_EDGE ( 'NONE', *, *, #3901, .F. ) ;
#2648 =( NAMED_UNIT ( * ) SI_UNIT ( $, .STERADIAN. ) SOLID_ANGLE_UNIT ( ) );
#2649 = DIRECTION ( 'NONE',  ( 1.000000000000000000, 0.000000000000000000, 0.000000000000000000 ) ) ;
#2650 = EDGE_CURVE ( 'NONE', #717, #3391, #3541, .T. ) ;
#2651 = DIRECTION ( 'NONE',  ( 1.000000000000000000, 0.000000000000000000, 1.394077410324475646E-14 ) ) ;
#2652 = VERTEX_POINT ( 'NONE', #361 ) ;
#2653 = VECTOR ( 'NONE', #3138, 1000.000000000000000 ) ;
#2654 = DIRECTION ( 'NONE',  ( 1.000000000000000000, 0.000000000000000000, -0.000000000000000000 ) ) ;
#2655 = CARTESIAN_POINT ( 'NONE',  ( 1.500999999999977463, 0.1499999999999999944, 0.9500000000000690115 ) ) ;
#2656 = CIRCLE ( 'NONE', #3201, 0.1239999999999999714 ) ;
#2657 = ORIENTED_EDGE ( 'NONE', *, *, #2507, .T. ) ;
#2658 = CARTESIAN_POINT ( 'NONE',  ( 0.02399999999999982009, 0.1499999999999999944, -2.500000000000000000 ) ) ;
#2659 = ORIENTED_EDGE ( 'NONE', *, *, #2861, .T. ) ;
#2660 = EDGE_CURVE ( 'NONE', #3238, #1856, #2906, .T. ) ;
#2661 = CARTESIAN_POINT ( 'NONE',  ( -0.7759999999999951381, -0.000000000000000000, 1.617963242016604944E-15 ) ) ;
#2662 = DIRECTION ( 'NONE',  ( 1.000000000000000000, 0.000000000000000000, 1.474514954580679514E-14 ) ) ;
#2663 = VERTEX_POINT ( 'NONE', #2524 ) ;
#2664 = LINE ( 'NONE', #695, #1263 ) ;
#2665 = CARTESIAN_POINT ( 'NONE',  ( 1.198999999999999844, -0.05000000000000000278, -2.448999999999999844 ) ) ;
#2666 = ORIENTED_EDGE ( 'NONE', *, *, #1309, .F. ) ;
#2667 = CARTESIAN_POINT ( 'NONE',  ( -0.6750000000000001554, -0.05000000000000000278, 2.501000000000000334 ) ) ;
#2668 = EDGE_LOOP ( 'NONE', ( #204, #1778, #30, #148 ) ) ;
#2669 = VECTOR ( 'NONE', #151, 1000.000000000000000 ) ;
#2670 = CARTESIAN_POINT ( 'NONE',  ( -0.5510000000000000453, 0.1499999999999999944, 2.449000000000000288 ) ) ;
#2671 = CARTESIAN_POINT ( 'NONE',  ( -1.500999999999954371, 0.1499999999999999944, 1.199999999999989519 ) ) ;
#2672 = PRESENTATION_LAYER_ASSIGNMENT (  '', '', ( #35 ) ) ;
#2673 =( NAMED_UNIT ( * ) PLANE_ANGLE_UNIT ( ) SI_UNIT ( $, .RADIAN. ) );
#2674 = VERTEX_POINT ( 'NONE', #339 ) ;
#2675 = SURFACE_SIDE_STYLE ('',( #4010 ) ) ;
#2676 = ADVANCED_FACE ( 'NONE', ( #1306 ), #3820, .F. ) ;
#2677 = LINE ( 'NONE', #2714, #2291 ) ;
#2678 = VECTOR ( 'NONE', #3295, 1000.000000000000000 ) ;
#2679 = ORIENTED_EDGE ( 'NONE', *, *, #3825, .T. ) ;
#2680 = EDGE_CURVE ( 'NONE', #2366, #901, #441, .T. ) ;
#2681 = LINE ( 'NONE', #3958, #2267 ) ;
#2682 = DIRECTION ( 'NONE',  ( 4.170008355713446977E-15, -0.000000000000000000, 1.000000000000000000 ) ) ;
#2683 = FACE_OUTER_BOUND ( 'NONE', #3821, .T. ) ;
#2684 = CARTESIAN_POINT ( 'NONE',  ( 1.500999999999999668, 0.1499999999999999944, -1.199999999999809219 ) ) ;
#2685 = DIRECTION ( 'NONE',  ( -0.000000000000000000, 1.000000000000000000, -0.000000000000000000 ) ) ;
#2686 = VECTOR ( 'NONE', #3580, 1000.000000000000000 ) ;
#2687 = DIRECTION ( 'NONE',  ( 0.000000000000000000, -0.000000000000000000, -1.000000000000000000 ) ) ;
#2688 = VECTOR ( 'NONE', #2367, 1000.000000000000000 ) ;
#2689 = ORIENTED_EDGE ( 'NONE', *, *, #3587, .F. ) ;
#2690 = DIRECTION ( 'NONE',  ( 0.000000000000000000, -1.000000000000000000, 0.000000000000000000 ) ) ;
#2691 = CARTESIAN_POINT ( 'NONE',  ( 0.5490000000000000435, 0.000000000000000000, 2.449000000000000288 ) ) ;
#2692 = DIRECTION ( 'NONE',  ( 0.000000000000000000, 0.000000000000000000, 1.000000000000000000 ) ) ;
#2693 = VECTOR ( 'NONE', #1983, 1000.000000000000000 ) ;
#2694 = FILL_AREA_STYLE ('',( #3340 ) ) ;
#2695 = CARTESIAN_POINT ( 'NONE',  ( -0.5260000000000003562, -0.05000000000000000278, -2.448999999999999844 ) ) ;
#2696 = VERTEX_POINT ( 'NONE', #1695 ) ;
#2697 = VECTOR ( 'NONE', #412, 1000.000000000000000 ) ;
#2698 = VECTOR ( 'NONE', #2646, 1000.000000000000000 ) ;
#2699 = DIRECTION ( 'NONE',  ( 0.000000000000000000, -1.000000000000000000, 0.000000000000000000 ) ) ;
#2700 = DIRECTION ( 'NONE',  ( -0.000000000000000000, 0.000000000000000000, -1.000000000000000000 ) ) ;
#2701 = ADVANCED_FACE ( 'NONE', ( #742 ), #2999, .F. ) ;
#2702 = CLOSED_SHELL ( 'NONE', ( #2180, #2255, #1334, #1479, #1043, #1630, #3462, #3244, #51, #3956, #3407, #972, #3964, #2865, #2357, #874, #4027, #3746, #680, #2451, #4164, #1424, #2701, #1415, #4087, #1324, #3723, #1289, #2236, #3084, #2595, #1616, #2888, #3433, #3149, #2637, #1748, #2951, #3079, #2839, #2443, #2140, #480, #3316, #3283, #2676, #697, #473, #2046, #2323, #3852, #1676, #4191, #1719, #2894, #2337, #1767, #3479, #3122, #1003, #1080, #116, #687, #2444, #3255, #281, #1703, #1508, #583, #665, #1755, #1795, #1915, #636, #1819, #2567, #1726, #40, #997, #1444, #781, #133, #4134, #3777, #309, #3954, #2798, #1121, #3843, #2827, #2213, #3262, #1249, #2605, #1219, #81, #3490, #3211, #301, #1099, #834, #4150, #3288, #3057, #4095, #1641, #470, #1352, #1438, #916, #1754, #3926, #2578, #548, #853, #3522, #9, #2550 ) ) ;
#2703 = DIRECTION ( 'NONE',  ( -0.000000000000000000, 1.000000000000000000, -0.000000000000000000 ) ) ;
#2704 = PLANE ( 'NONE',  #194 ) ;
#2705 = DIRECTION ( 'NONE',  ( 0.000000000000000000, 0.000000000000000000, 1.000000000000000000 ) ) ;
#2706 = DIRECTION ( 'NONE',  ( 0.000000000000000000, -1.000000000000000000, 0.000000000000000000 ) ) ;
#2707 = EDGE_CURVE ( 'NONE', #2310, #2472, #3990, .T. ) ;
#2708 = EDGE_LOOP ( 'NONE', ( #919, #1742, #2537, #1761 ) ) ;
#2709 = CARTESIAN_POINT ( 'NONE',  ( 1.499999999999999778, 0.1499999999999999667, 2.500000000000000000 ) ) ;
#2710 = EDGE_CURVE ( 'NONE', #2877, #3197, #780, .T. ) ;
#2711 = DIRECTION ( 'NONE',  ( -1.000000000000000000, 0.000000000000000000, -0.000000000000000000 ) ) ;
#2712 = DIRECTION ( 'NONE',  ( 0.000000000000000000, 1.000000000000000000, 0.000000000000000000 ) ) ;
#2713 =( NAMED_UNIT ( * ) PLANE_ANGLE_UNIT ( ) SI_UNIT ( $, .RADIAN. ) );
#2714 = CARTESIAN_POINT ( 'NONE',  ( 1.499999999999999778, 0.000000000000000000, 2.500000000000000000 ) ) ;
#2715 = EDGE_LOOP ( 'NONE', ( #2835, #978, #357, #1839, #1361, #3254, #1682, #303 ) ) ;
#2716 = CARTESIAN_POINT ( 'NONE',  ( -1.500999999999931944, 0.1499999999999999944, 0.1250000000000387190 ) ) ;
#2717 = PLANE ( 'NONE',  #2628 ) ;
#2718 = VECTOR ( 'NONE', #1013, 1000.000000000000000 ) ;
#2719 = AXIS2_PLACEMENT_3D ( 'NONE', #4158, #3217, #1591 ) ;
#2720 = CARTESIAN_POINT ( 'NONE',  ( -0.1020000000000002016, 0.1499999999999999944, -2.324999999999999734 ) ) ;
#2721 = CARTESIAN_POINT ( 'NONE',  ( 1.500999999999988566, 0.1499999999999999944, 0.1250000000000608402 ) ) ;
#2722 = FILL_AREA_STYLE_COLOUR ( '', #460 ) ;
#2723 = EDGE_CURVE ( 'NONE', #3014, #2276, #1580, .T. ) ;
#2724 = CARTESIAN_POINT ( 'NONE',  ( -0.0009999999999992111553, -0.05000000000000000278, 2.325000000000000178 ) ) ;
#2725 = CARTESIAN_POINT ( 'NONE',  ( 1.074999999999999734, -0.05000000000000000278, -2.501000000000000334 ) ) ;
#2726 = ORIENTED_EDGE ( 'NONE', *, *, #1362, .F. ) ;
#2727 = EDGE_CURVE ( 'NONE', #3987, #2607, #1081, .T. ) ;
#2728 = DIRECTION ( 'NONE',  ( 1.000000000000000000, 0.000000000000000000, 1.849138948409693432E-14 ) ) ;
#2729 = CARTESIAN_POINT ( 'NONE',  ( 1.499999999999999778, 0.9320000000000000506, -2.500000000000000000 ) ) ;
#2730 = DIRECTION ( 'NONE',  ( 1.000000000000000000, 0.000000000000000000, 1.141265444721606782E-14 ) ) ;
#2731 = EDGE_CURVE ( 'NONE', #1949, #2607, #95, .T. ) ;
#2732 = EDGE_CURVE ( 'NONE', #3543, #1642, #3315, .T. ) ;
#2733 = DIRECTION ( 'NONE',  ( -5.212510444641937897E-16, 0.000000000000000000, 1.000000000000000000 ) ) ;
#2734 = LINE ( 'NONE', #3357, #932 ) ;
#2735 = ORIENTED_EDGE ( 'NONE', *, *, #3902, .F. ) ;
#2736 = ORIENTED_EDGE ( 'NONE', *, *, #794, .T. ) ;
#2737 = LINE ( 'NONE', #1487, #2585 ) ;
#2738 = ORIENTED_EDGE ( 'NONE', *, *, #1581, .F. ) ;
#2739 = PLANE ( 'NONE',  #1812 ) ;
#2740 = DIRECTION ( 'NONE',  ( -0.000000000000000000, 1.000000000000000000, -0.000000000000000000 ) ) ;
#2741 = DIRECTION ( 'NONE',  ( 0.000000000000000000, 0.000000000000000000, -1.000000000000000000 ) ) ;
#2742 =( NAMED_UNIT ( * ) PLANE_ANGLE_UNIT ( ) SI_UNIT ( $, .RADIAN. ) );
#2743 = CARTESIAN_POINT ( 'NONE',  ( 0.9580000000000005178, 0.9819999999999999840, -1.818000000000000060 ) ) ;
#2744 = CARTESIAN_POINT ( 'NONE',  ( 0.9580000000000005178, 0.9719999999999999751, -1.818000000000000060 ) ) ;
#2745 = LINE ( 'NONE', #1538, #2224 ) ;
#2746 = ORIENTED_EDGE ( 'NONE', *, *, #50, .T. ) ;
#2747 = VERTEX_POINT ( 'NONE', #3684 ) ;
#2748 = SURFACE_SIDE_STYLE ('',( #216 ) ) ;
#2749 = AXIS2_PLACEMENT_3D ( 'NONE', #1481, #1161, #219 ) ;
#2750 = PRESENTATION_STYLE_ASSIGNMENT (( #3653 ) ) ;
#2751 = VECTOR ( 'NONE', #2279, 1000.000000000000000 ) ;
#2752 =( NAMED_UNIT ( * ) SI_UNIT ( $, .STERADIAN. ) SOLID_ANGLE_UNIT ( ) );
#2753 = PLANE ( 'NONE',  #2946 ) ;
#2754 = VERTEX_POINT ( 'NONE', #2368 ) ;
#2755 = ORIENTED_EDGE ( 'NONE', *, *, #295, .T. ) ;
#2756 = DIRECTION ( 'NONE',  ( -0.000000000000000000, -1.000000000000000000, -0.000000000000000000 ) ) ;
#2757 = VECTOR ( 'NONE', #1315, 1000.000000000000000 ) ;
#2758 = ORIENTED_EDGE ( 'NONE', *, *, #3614, .T. ) ;
#2759 = CARTESIAN_POINT ( 'NONE',  ( 1.742596762904107357E-15, 0.000000000000000000, -0.1249999999998933214 ) ) ;
#2760 = STYLED_ITEM ( 'NONE', ( #3924 ), #3519 ) ;
#2761 = UNCERTAINTY_MEASURE_WITH_UNIT (LENGTH_MEASURE( 1.000000000000000082E-05 ), #3333, 'distance_accuracy_value', 'NONE');
#2762 = CARTESIAN_POINT ( 'NONE',  ( -0.5260000000000002451, -0.05000000000000000278, -2.501000000000000334 ) ) ;
#2763 = CARTESIAN_POINT ( 'NONE',  ( 1.099000000000000865, -0.05000000000000000278, 2.325000000000000178 ) ) ;
#2764 = VECTOR ( 'NONE', #784, 1000.000000000000000 ) ;
#2765 = EDGE_CURVE ( 'NONE', #1792, #1579, #1516, .T. ) ;
#2766 =( LENGTH_UNIT ( ) NAMED_UNIT ( * ) SI_UNIT ( .MILLI., .METRE. ) );
#2767 = CARTESIAN_POINT ( 'NONE',  ( 0.000000000000000000, 0.000000000000000000, 2.325000000000000178 ) ) ;
#2768 = SURFACE_STYLE_USAGE ( .BOTH. , #1730 ) ;
#2769 = AXIS2_PLACEMENT_3D ( 'NONE', #1669, #266, #3168 ) ;
#2770 = CARTESIAN_POINT ( 'NONE',  ( 0.1250000000000001110, 0.000000000000000000, 2.500000000000000000 ) ) ;
#2771 = ORIENTED_EDGE ( 'NONE', *, *, #2995, .T. ) ;
#2772 = ORIENTED_EDGE ( 'NONE', *, *, #324, .T. ) ;
#2773 = CARTESIAN_POINT ( 'NONE',  ( -0.2260000000000002840, 0.1499999999999999944, -2.500000000000000000 ) ) ;
#2774 = LINE ( 'NONE', #3141, #3432 ) ;
#2775 = FACE_OUTER_BOUND ( 'NONE', #557, .T. ) ;
#2776 = CARTESIAN_POINT ( 'NONE',  ( -1.500999999999954371, -0.05000000000000000278, 1.199999999999989519 ) ) ;
#2777 = ORIENTED_EDGE ( 'NONE', *, *, #944, .F. ) ;
#2778 = EDGE_CURVE ( 'NONE', #3873, #2872, #3607, .T. ) ;
#2779 = ORIENTED_EDGE ( 'NONE', *, *, #2573, .T. ) ;
#2780 = DIRECTION ( 'NONE',  ( -0.000000000000000000, 0.000000000000000000, 1.000000000000000000 ) ) ;
#2781 = EDGE_LOOP ( 'NONE', ( #4098, #77, #4118, #1994 ) ) ;
#2782 = LINE ( 'NONE', #1805, #802 ) ;
#2783 = STYLED_ITEM ( 'NONE', ( #2750 ), #680 ) ;
#2784 = CARTESIAN_POINT ( 'NONE',  ( -1.500999999999997669, 0.1499999999999999944, 2.084999999999999964 ) ) ;
#2785 = DIRECTION ( 'NONE',  ( 0.000000000000000000, 0.000000000000000000, 1.000000000000000000 ) ) ;
#2786 = DIRECTION ( 'NONE',  ( 0.000000000000000000, 0.000000000000000000, 1.000000000000000000 ) ) ;
#2787 = VECTOR ( 'NONE', #690, 1000.000000000000000 ) ;
#2788 = DIRECTION ( 'NONE',  ( -2.085004177856723489E-15, 0.000000000000000000, 1.000000000000000000 ) ) ;
#2789 = VECTOR ( 'NONE', #2342, 1000.000000000000000 ) ;
#2790 = PLANE ( 'NONE',  #3516 ) ;
#2791 = EDGE_LOOP ( 'NONE', ( #2726, #1078, #2564, #2002, #3147, #3215 ) ) ;
#2792 = ORIENTED_EDGE ( 'NONE', *, *, #3001, .T. ) ;
#2793 = CARTESIAN_POINT ( 'NONE',  ( -0.4250000000000000444, 0.1499999999999999944, 2.449000000000001176 ) ) ;
#2794 = LINE ( 'NONE', #3186, #450 ) ;
#2795 = DIRECTION ( 'NONE',  ( 0.000000000000000000, -1.000000000000000000, 0.000000000000000000 ) ) ;
#2796 = LINE ( 'NONE', #1459, #3685 ) ;
#2797 = ORIENTED_EDGE ( 'NONE', *, *, #4029, .T. ) ;
#2798 = ADVANCED_FACE ( 'NONE', ( #2051 ), #3335, .T. ) ;
#2799 = ORIENTED_EDGE ( 'NONE', *, *, #176, .T. ) ;
#2800 = PLANE ( 'NONE',  #1435 ) ;
#2801 = EDGE_CURVE ( 'NONE', #3647, #3482, #2630, .T. ) ;
#2802 = ORIENTED_EDGE ( 'NONE', *, *, #2083, .T. ) ;
#2803 = AXIS2_PLACEMENT_3D ( 'NONE', #2691, #1734, #3667 ) ;
#2804 = PLANE ( 'NONE',  #1882 ) ;
#2805 = DIRECTION ( 'NONE',  ( 0.000000000000000000, -1.000000000000000000, 0.000000000000000000 ) ) ;
#2806 = DIRECTION ( 'NONE',  ( 2.085004177856462770E-15, 0.000000000000000000, 1.000000000000000000 ) ) ;
#2807 = CARTESIAN_POINT ( 'NONE',  ( -1.200000000000000400, 0.1499999999999999944, -2.448999999999999844 ) ) ;
#2808 = DIRECTION ( 'NONE',  ( 0.000000000000000000, -1.000000000000000000, 0.000000000000000000 ) ) ;
#2809 = FACE_OUTER_BOUND ( 'NONE', #4141, .T. ) ;
#2810 = LINE ( 'NONE', #1175, #3469 ) ;
#2811 = ORIENTED_EDGE ( 'NONE', *, *, #3056, .F. ) ;
#2812 = VERTEX_POINT ( 'NONE', #1718 ) ;
#2813 = CIRCLE ( 'NONE', #3898, 0.1239999999999999714 ) ;
#2814 = EDGE_CURVE ( 'NONE', #2876, #3910, #3651, .T. ) ;
#2815 = EDGE_CURVE ( 'NONE', #1822, #3530, #135, .T. ) ;
#2816 = CARTESIAN_POINT ( 'NONE',  ( -1.500000000000000222, 0.1499999999999999944, 2.325000000000000178 ) ) ;
#2817 = DIRECTION ( 'NONE',  ( 0.000000000000000000, 1.000000000000000000, 0.000000000000000000 ) ) ;
#2818 =( GEOMETRIC_REPRESENTATION_CONTEXT ( 3 ) GLOBAL_UNCERTAINTY_ASSIGNED_CONTEXT ( ( #2761 ) ) GLOBAL_UNIT_ASSIGNED_CONTEXT ( ( #3333, #2094, #2648 ) ) REPRESENTATION_CONTEXT ( 'NONE', 'WORKASPACE' ) );
#2819 = ORIENTED_EDGE ( 'NONE', *, *, #2380, .T. ) ;
#2820 = STYLED_ITEM ( 'NONE', ( #3539 ), #972 ) ;
#2821 = VECTOR ( 'NONE', #3224, 1000.000000000000000 ) ;
#2822 = SURFACE_STYLE_USAGE ( .BOTH. , #990 ) ;
#2823 = VECTOR ( 'NONE', #1522, 1000.000000000000000 ) ;
#2824 = EDGE_LOOP ( 'NONE', ( #2495, #1184, #2263, #1100, #948, #3664 ) ) ;
#2825 = FACE_OUTER_BOUND ( 'NONE', #1484, .T. ) ;
#2826 = LINE ( 'NONE', #2086, #2181 ) ;
#2827 = ADVANCED_FACE ( 'NONE', ( #2385 ), #2070, .F. ) ;
#2828 = DIRECTION ( 'NONE',  ( 0.000000000000000000, -1.000000000000000000, 0.000000000000000000 ) ) ;
#2829 = VECTOR ( 'NONE', #4069, 1000.000000000000000 ) ;
#2830 = CARTESIAN_POINT ( 'NONE',  ( 0.1250000000000000555, 0.1499999999999999944, 2.501000000000000334 ) ) ;
#2831 = CARTESIAN_POINT ( 'NONE',  ( 0.02399999999999982356, -0.05000000000000000278, -2.501000000000000334 ) ) ;
#2832 = ORIENTED_EDGE ( 'NONE', *, *, #2501, .F. ) ;
#2833 = EDGE_CURVE ( 'NONE', #1157, #158, #1674, .T. ) ;
#2834 = DIRECTION ( 'NONE',  ( 0.000000000000000000, 0.000000000000000000, 1.000000000000000000 ) ) ;
#2835 = ORIENTED_EDGE ( 'NONE', *, *, #694, .F. ) ;
#2836 = ORIENTED_EDGE ( 'NONE', *, *, #1544, .T. ) ;
#2837 = VECTOR ( 'NONE', #2531, 1000.000000000000000 ) ;
#2838 = DIRECTION ( 'NONE',  ( 0.000000000000000000, 0.000000000000000000, 1.000000000000000000 ) ) ;
#2839 = ADVANCED_FACE ( 'NONE', ( #49 ), #1332, .T. ) ;
#2840 = CARTESIAN_POINT ( 'NONE',  ( 1.500999999999999668, 0.1499999999999999944, -2.024999999999999911 ) ) ;
#2841 = EDGE_CURVE ( 'NONE', #3543, #3817, #75, .T. ) ;
#2842 = CARTESIAN_POINT ( 'NONE',  ( -1.500999999999939050, 0.1499999999999999944, -0.9499999999999124700 ) ) ;
#2843 = PLANE ( 'NONE',  #840 ) ;
#2844 = ORIENTED_EDGE ( 'NONE', *, *, #140, .F. ) ;
#2845 = PLANE ( 'NONE',  #3451 ) ;
#2846 = ORIENTED_EDGE ( 'NONE', *, *, #326, .F. ) ;
#2847 = CARTESIAN_POINT ( 'NONE',  ( 1.500999999999999224, 0.1499999999999999944, 2.325000000000000178 ) ) ;
#2848 = DIRECTION ( 'NONE',  ( -0.000000000000000000, -1.000000000000000000, -0.000000000000000000 ) ) ;
#2849 = CARTESIAN_POINT ( 'NONE',  ( -1.500999999999939050, 0.1499999999999999944, -0.9499999999999124700 ) ) ;
#2850 = CARTESIAN_POINT ( 'NONE',  ( -0.2260000000000002840, 0.000000000000000000, -2.500000000000000000 ) ) ;
#2851 = VERTEX_POINT ( 'NONE', #1437 ) ;
#2852 =( NAMED_UNIT ( * ) SI_UNIT ( $, .STERADIAN. ) SOLID_ANGLE_UNIT ( ) );
#2853 = PLANE ( 'NONE',  #1092 ) ;
#2854 = VERTEX_POINT ( 'NONE', #2729 ) ;
#2855 = EDGE_CURVE ( 'NONE', #1476, #1856, #463, .T. ) ;
#2856 = ORIENTED_EDGE ( 'NONE', *, *, #4012, .F. ) ;
#2857 = CARTESIAN_POINT ( 'NONE',  ( -1.500000000000000222, 0.000000000000000000, 2.500000000000000000 ) ) ;
#2858 = AXIS2_PLACEMENT_3D ( 'NONE', #3577, #3307, #1323 ) ;
#2859 = DIRECTION ( 'NONE',  ( 2.085004177856775159E-15, 0.000000000000000000, -1.000000000000000000 ) ) ;
#2860 = FACE_OUTER_BOUND ( 'NONE', #4130, .T. ) ;
#2861 = EDGE_CURVE ( 'NONE', #80, #1801, #1910, .T. ) ;
#2862 = CARTESIAN_POINT ( 'NONE',  ( -0.7760000000000003562, 0.1499999999999999944, -2.501000000000006551 ) ) ;
#2863 = VERTEX_POINT ( 'NONE', #1995 ) ;
#2864 = LINE ( 'NONE', #1845, #933 ) ;
#2865 = ADVANCED_FACE ( 'NONE', ( #1311, #3210 ), #2980, .F. ) ;
#2866 = EDGE_CURVE ( 'NONE', #2652, #2812, #1628, .T. ) ;
#2867 = ORIENTED_EDGE ( 'NONE', *, *, #209, .T. ) ;
#2868 = DIRECTION ( 'NONE',  ( -0.000000000000000000, 1.000000000000000000, -0.000000000000000000 ) ) ;
#2869 = LINE ( 'NONE', #4174, #1142 ) ;
#2870 = EDGE_CURVE ( 'NONE', #845, #2558, #1288, .T. ) ;
#2871 = PLANE ( 'NONE',  #928 ) ;
#2872 = VERTEX_POINT ( 'NONE', #2566 ) ;
#2873 =( GEOMETRIC_REPRESENTATION_CONTEXT ( 3 ) GLOBAL_UNCERTAINTY_ASSIGNED_CONTEXT ( ( #4039 ) ) GLOBAL_UNIT_ASSIGNED_CONTEXT ( ( #999, #7, #386 ) ) REPRESENTATION_CONTEXT ( 'NONE', 'WORKASPACE' ) );
#2874 = DIRECTION ( 'NONE',  ( 1.000000000000000000, 0.000000000000000000, 0.000000000000000000 ) ) ;
#2875 = DIRECTION ( 'NONE',  ( -0.000000000000000000, 1.000000000000000000, -0.000000000000000000 ) ) ;
#2876 = VERTEX_POINT ( 'NONE', #4190 ) ;
#2877 = VERTEX_POINT ( 'NONE', #1947 ) ;
#2878 = LINE ( 'NONE', #4181, #3304 ) ;
#2879 = VECTOR ( 'NONE', #4152, 1000.000000000000000 ) ;
#2880 = VERTEX_POINT ( 'NONE', #2911 ) ;
#2881 = DIRECTION ( 'NONE',  ( -0.000000000000000000, 1.000000000000000000, 0.000000000000000000 ) ) ;
#2882 = PLANE ( 'NONE',  #1867 ) ;
#2883 = CARTESIAN_POINT ( 'NONE',  ( -0.1020000000000002016, 0.1499999999999999944, -2.324999999999999734 ) ) ;
#2884 = VERTEX_POINT ( 'NONE', #2930 ) ;
#2885 = ORIENTED_EDGE ( 'NONE', *, *, #600, .F. ) ;
#2886 = VERTEX_POINT ( 'NONE', #957 ) ;
#2887 = AXIS2_PLACEMENT_3D ( 'NONE', #2840, #3435, #1562 ) ;
#2888 = ADVANCED_FACE ( 'NONE', ( #1358 ), #2608, .T. ) ;
#2889 = VECTOR ( 'NONE', #2476, 1000.000000000000000 ) ;
#2890 = EDGE_CURVE ( 'NONE', #3238, #1230, #3905, .T. ) ;
#2891 = EDGE_CURVE ( 'NONE', #3520, #3087, #3544, .T. ) ;
#2892 = PRESENTATION_STYLE_ASSIGNMENT (( #2269 ) ) ;
#2893 = VERTEX_POINT ( 'NONE', #642 ) ;
#2894 = ADVANCED_FACE ( 'NONE', ( #3232 ), #323, .T. ) ;
#2895 = DIRECTION ( 'NONE',  ( 2.085004177856775553E-15, -0.000000000000000000, -1.000000000000000000 ) ) ;
#2896 = SURFACE_SIDE_STYLE ('',( #3259 ) ) ;
#2897 = ORIENTED_EDGE ( 'NONE', *, *, #3696, .T. ) ;
#2898 = VECTOR ( 'NONE', #477, 1000.000000000000000 ) ;
#2899 = ORIENTED_EDGE ( 'NONE', *, *, #2942, .T. ) ;
#2900 = DIRECTION ( 'NONE',  ( 4.170008355713446977E-15, -0.000000000000000000, 1.000000000000000000 ) ) ;
#2901 = VECTOR ( 'NONE', #1342, 1000.000000000000000 ) ;
#2902 = VERTEX_POINT ( 'NONE', #3274 ) ;
#2903 = LINE ( 'NONE', #655, #2147 ) ;
#2904 = VECTOR ( 'NONE', #3726, 1000.000000000000000 ) ;
#2905 = CYLINDRICAL_SURFACE ( 'NONE', #2405, 0.1239999999999999714 ) ;
#2906 = LINE ( 'NONE', #1244, #2054 ) ;
#2907 = AXIS2_PLACEMENT_3D ( 'NONE', #2944, #2623, #1986 ) ;
#2908 = VERTEX_POINT ( 'NONE', #364 ) ;
#2909 = PRODUCT_DEFINITION_CONTEXT ( 'detailed design', #3556, 'design' ) ;
#2910 = VERTEX_POINT ( 'NONE', #2954 ) ;
#2911 = CARTESIAN_POINT ( 'NONE',  ( -1.076000000000000290, -0.05000000000000000278, -2.501000000000006551 ) ) ;
#2912 = CIRCLE ( 'NONE', #2984, 0.1239999999999999714 ) ;
#2913 = DIRECTION ( 'NONE',  ( 0.000000000000000000, -1.000000000000000000, 0.000000000000000000 ) ) ;
#2914 = ORIENTED_EDGE ( 'NONE', *, *, #1569, .F. ) ;
#2915 = ORIENTED_EDGE ( 'NONE', *, *, #1222, .F. ) ;
#2916 = PRODUCT_DEFINITION ( 'UNKNOWN', '', #1153, #2909 ) ;
#2917 = EDGE_LOOP ( 'NONE', ( #2579, #2899, #1540, #3002, #2735, #2934 ) ) ;
#2918 = LINE ( 'NONE', #3891, #591 ) ;
#2919 = DIRECTION ( 'NONE',  ( 0.000000000000000000, 1.000000000000000000, 0.000000000000000000 ) ) ;
#2920 = ORIENTED_EDGE ( 'NONE', *, *, #2008, .F. ) ;
#2921 = LINE ( 'NONE', #1351, #256 ) ;
#2922 = ORIENTED_EDGE ( 'NONE', *, *, #2650, .T. ) ;
#2923 = SURFACE_STYLE_FILL_AREA ( #3897 ) ;
#2924 = COLOUR_RGB ( '',0.2509803921568627416, 0.2509803921568627416, 0.2509803921568627416 ) ;
#2925 = PLANE ( 'NONE',  #1312 ) ;
#2926 = VECTOR ( 'NONE', #2319, 1000.000000000000000 ) ;
#2927 = VERTEX_POINT ( 'NONE', #55 ) ;
#2928 = CIRCLE ( 'NONE', #1293, 0.1239999999999999714 ) ;
#2929 = ORIENTED_EDGE ( 'NONE', *, *, #2011, .T. ) ;
#2930 = CARTESIAN_POINT ( 'NONE',  ( -0.9750000000000001998, -0.05000000000000000278, 2.501000000000000334 ) ) ;
#2931 = EDGE_CURVE ( 'NONE', #2390, #391, #1338, .T. ) ;
#2932 = ORIENTED_EDGE ( 'NONE', *, *, #3185, .T. ) ;
#2933 = CARTESIAN_POINT ( 'NONE',  ( -0.2260000000000001730, 0.1499999999999999944, -2.448999999999999844 ) ) ;
#2934 = ORIENTED_EDGE ( 'NONE', *, *, #2522, .T. ) ;
#2935 = CARTESIAN_POINT ( 'NONE',  ( -1.307999999999999607, 0.9320000000000000506, -2.168000000000000593 ) ) ;
#2936 = FILL_AREA_STYLE ('',( #963 ) ) ;
#2937 = ORIENTED_EDGE ( 'NONE', *, *, #1151, .T. ) ;
#2938 = ORIENTED_EDGE ( 'NONE', *, *, #1847, .F. ) ;
#2939 = LINE ( 'NONE', #1881, #1872 ) ;
#2940 = LINE ( 'NONE', #3329, #2313 ) ;
#2941 = VECTOR ( 'NONE', #682, 1000.000000000000000 ) ;
#2942 = EDGE_CURVE ( 'NONE', #2812, #2754, #137, .T. ) ;
#2943 = VERTEX_POINT ( 'NONE', #764 ) ;
#2944 = CARTESIAN_POINT ( 'NONE',  ( 0.000000000000000000, 0.000000000000000000, 0.000000000000000000 ) ) ;
#2945 = CARTESIAN_POINT ( 'NONE',  ( -1.501000000000000112, -0.05000000000000000278, 2.325000000000000178 ) ) ;
#2946 = AXIS2_PLACEMENT_3D ( 'NONE', #197, #2434, #1482 ) ;
#2947 = ORIENTED_EDGE ( 'NONE', *, *, #1141, .F. ) ;
#2948 = FACE_OUTER_BOUND ( 'NONE', #1041, .T. ) ;
#2949 = CARTESIAN_POINT ( 'NONE',  ( -0.6500000000000002442, 0.1499999999999999944, -2.448999999999999844 ) ) ;
#2950 = EDGE_CURVE ( 'NONE', #3771, #2449, #2370, .T. ) ;
#2951 = ADVANCED_FACE ( 'NONE', ( #2333 ), #3062, .T. ) ;
#2952 = CARTESIAN_POINT ( 'NONE',  ( -0.1000000000000002831, 0.000000000000000000, -2.448999999999999844 ) ) ;
#2953 = ORIENTED_EDGE ( 'NONE', *, *, #252, .T. ) ;
#2954 = CARTESIAN_POINT ( 'NONE',  ( -1.501000000000000112, 0.1499999999999999944, -2.324999999999999734 ) ) ;
#2955 = DIRECTION ( 'NONE',  ( -1.000000000000000000, -0.000000000000000000, -0.000000000000000000 ) ) ;
#2956 = AXIS2_PLACEMENT_3D ( 'NONE', #2000, #3302, #392 ) ;
#2957 = ORIENTED_EDGE ( 'NONE', *, *, #1095, .T. ) ;
#2958 = CARTESIAN_POINT ( 'NONE',  ( -0.4250000000000000444, 0.9320000000000000506, 2.500000000000000000 ) ) ;
#2959 = EDGE_LOOP ( 'NONE', ( #1341, #3894, #2619, #2471, #83, #14 ) ) ;
#2960 = PLANE ( 'NONE',  #3161 ) ;
#2961 = LINE ( 'NONE', #104, #755 ) ;
#2962 = ORIENTED_EDGE ( 'NONE', *, *, #1952, .T. ) ;
#2963 = AXIS2_PLACEMENT_3D ( 'NONE', #2003, #2341, #2379 ) ;
#2964 = ORIENTED_EDGE ( 'NONE', *, *, #944, .T. ) ;
#2965 = FILL_AREA_STYLE ('',( #2722 ) ) ;
#2966 = LINE ( 'NONE', #107, #4086 ) ;
#2967 = EDGE_LOOP ( 'NONE', ( #6, #2343, #3453, #1145, #3248, #3823 ) ) ;
#2968 = DIRECTION ( 'NONE',  ( 2.085004177856723489E-15, 0.000000000000000000, -1.000000000000000000 ) ) ;
#2969 = AXIS2_PLACEMENT_3D ( 'NONE', #2589, #3570, #3026 ) ;
#2970 = CARTESIAN_POINT ( 'NONE',  ( -1.810428365826324429E-13, 0.000000000000000000, 2.324999999999914913 ) ) ;
#2971 = ORIENTED_EDGE ( 'NONE', *, *, #609, .T. ) ;
#2972 = CARTESIAN_POINT ( 'NONE',  ( -0.1250000000000000833, -0.05000000000000000278, 2.449000000000001176 ) ) ;
#2973 = DIRECTION ( 'NONE',  ( 1.000000000000000000, 0.000000000000000000, 7.786788670221035577E-14 ) ) ;
#2974 = MANIFOLD_SOLID_BREP ( 'Cut-Extrude1', #2702 ) ;
#2975 = AXIS2_PLACEMENT_3D ( 'NONE', #2400, #189, #167 ) ;
#2976 = DIRECTION ( 'NONE',  ( 0.000000000000000000, 1.000000000000000000, 0.000000000000000000 ) ) ;
#2977 = EDGE_CURVE ( 'NONE', #2324, #867, #2053, .T. ) ;
#2978 = ORIENTED_EDGE ( 'NONE', *, *, #2264, .T. ) ;
#2979 = EDGE_CURVE ( 'NONE', #1210, #653, #3396, .T. ) ;
#2980 = PLANE ( 'NONE',  #770 ) ;
#2981 = AXIS2_PLACEMENT_3D ( 'NONE', #3473, #3428, #2470 ) ;
#2982 = DIRECTION ( 'NONE',  ( -1.000000000000000000, 0.000000000000000000, -0.000000000000000000 ) ) ;
#2983 = ORIENTED_EDGE ( 'NONE', *, *, #891, .F. ) ;
#2984 = AXIS2_PLACEMENT_3D ( 'NONE', #581, #1493, #2786 ) ;
#2985 = LINE ( 'NONE', #3326, #394 ) ;
#2986 = ORIENTED_EDGE ( 'NONE', *, *, #2977, .T. ) ;
#2987 = CARTESIAN_POINT ( 'NONE',  ( 0.3239999999999993441, 0.000000000000000000, 4.989794089279771966E-17 ) ) ;
#2988 = CARTESIAN_POINT ( 'NONE',  ( 0.000000000000000000, 0.1499999999999999944, 0.000000000000000000 ) ) ;
#2989 = ORIENTED_EDGE ( 'NONE', *, *, #2465, .F. ) ;
#2990 = DIRECTION ( 'NONE',  ( -0.000000000000000000, -0.000000000000000000, 1.000000000000000000 ) ) ;
#2991 = DIRECTION ( 'NONE',  ( -0.000000000000000000, 1.000000000000000000, -0.000000000000000000 ) ) ;
#2992 = ORIENTED_EDGE ( 'NONE', *, *, #3457, .F. ) ;
#2993 = LINE ( 'NONE', #777, #672 ) ;
#2994 = DIRECTION ( 'NONE',  ( 0.000000000000000000, -0.000000000000000000, -1.000000000000000000 ) ) ;
#2995 = EDGE_CURVE ( 'NONE', #1370, #945, #3356, .T. ) ;
#2996 = ORIENTED_EDGE ( 'NONE', *, *, #2195, .T. ) ;
#2997 = SURFACE_STYLE_USAGE ( .BOTH. , #74 ) ;
#2998 = VECTOR ( 'NONE', #2407, 1000.000000000000000 ) ;
#2999 = PLANE ( 'NONE',  #3213 ) ;
#3000 = DIRECTION ( 'NONE',  ( -1.000000000000000000, -0.000000000000000000, -0.000000000000000000 ) ) ;
#3001 = EDGE_CURVE ( 'NONE', #1230, #2902, #444, .T. ) ;
#3002 = ORIENTED_EDGE ( 'NONE', *, *, #3646, .F. ) ;
#3003 = AXIS2_PLACEMENT_3D ( 'NONE', #3410, #4071, #2448 ) ;
#3004 = DIRECTION ( 'NONE',  ( 0.000000000000000000, 0.000000000000000000, -1.000000000000000000 ) ) ;
#3005 =( NAMED_UNIT ( * ) SI_UNIT ( $, .STERADIAN. ) SOLID_ANGLE_UNIT ( ) );
#3006 = AXIS2_PLACEMENT_3D ( 'NONE', #3111, #814, #2785 ) ;
#3007 = ORIENTED_EDGE ( 'NONE', *, *, #3696, .F. ) ;
#3008 = LINE ( 'NONE', #2933, #4053 ) ;
#3009 = CARTESIAN_POINT ( 'NONE',  ( -1.076000000000000290, 0.9320000000000000506, -2.500000000000000000 ) ) ;
#3010 = DIRECTION ( 'NONE',  ( 1.474514954580679514E-14, 0.000000000000000000, -1.000000000000000000 ) ) ;
#3011 = DIRECTION ( 'NONE',  ( 0.000000000000000000, 0.000000000000000000, 1.000000000000000000 ) ) ;
#3012 = LINE ( 'NONE', #2684, #2624 ) ;
#3013 = DIRECTION ( 'NONE',  ( 0.000000000000000000, 1.000000000000000000, 0.000000000000000000 ) ) ;
#3014 = VERTEX_POINT ( 'NONE', #3712 ) ;
#3015 = CARTESIAN_POINT ( 'NONE',  ( 1.499999999999999778, 0.1499999999999999944, -2.324999999999999734 ) ) ;
#3016 = ORIENTED_EDGE ( 'NONE', *, *, #2950, .T. ) ;
#3017 = VECTOR ( 'NONE', #1380, 1000.000000000000000 ) ;
#3018 = LINE ( 'NONE', #1436, #4186 ) ;
#3019 = CARTESIAN_POINT ( 'NONE',  ( -0.5510000000000000453, 0.000000000000000000, 2.449000000000000288 ) ) ;
#3020 = AXIS2_PLACEMENT_3D ( 'NONE', #1862, #1843, #551 ) ;
#3021 = LINE ( 'NONE', #1114, #2998 ) ;
#3022 = DIRECTION ( 'NONE',  ( 0.000000000000000000, 0.000000000000000000, -1.000000000000000000 ) ) ;
#3023 = CIRCLE ( 'NONE', #1180, 0.1239999999999999714 ) ;
#3024 = EDGE_CURVE ( 'NONE', #488, #953, #1759, .T. ) ;
#3025 = ORIENTED_EDGE ( 'NONE', *, *, #3172, .T. ) ;
#3026 = DIRECTION ( 'NONE',  ( 0.000000000000000000, 0.000000000000000000, -1.000000000000000000 ) ) ;
#3027 = EDGE_CURVE ( 'NONE', #3482, #3573, #486, .T. ) ;
#3028 = EDGE_CURVE ( 'NONE', #277, #1375, #3081, .T. ) ;
#3029 = FACE_OUTER_BOUND ( 'NONE', #3735, .T. ) ;
#3030 = FACE_OUTER_BOUND ( 'NONE', #1573, .T. ) ;
#3031 = EDGE_CURVE ( 'NONE', #3096, #2908, #2351, .T. ) ;
#3032 = SURFACE_SIDE_STYLE ('',( #105 ) ) ;
#3033 = VECTOR ( 'NONE', #3124, 1000.000000000000000 ) ;
#3034 =( NAMED_UNIT ( * ) SI_UNIT ( $, .STERADIAN. ) SOLID_ANGLE_UNIT ( ) );
#3035 = CARTESIAN_POINT ( 'NONE',  ( 1.098999999999999977, 0.1499999999999999944, 2.449000000000000288 ) ) ;
#3036 = STYLED_ITEM ( 'NONE', ( #2453 ), #874 ) ;
#3037 = DIRECTION ( 'NONE',  ( 0.000000000000000000, -1.000000000000000000, 0.000000000000000000 ) ) ;
#3038 = AXIS2_PLACEMENT_3D ( 'NONE', #2163, #4121, #1816 ) ;
#3039 = EDGE_LOOP ( 'NONE', ( #2251, #1083, #1928, #2478, #2885, #2306 ) ) ;
#3040 = DIRECTION ( 'NONE',  ( -5.212510444641938884E-16, 0.000000000000000000, 1.000000000000000000 ) ) ;
#3041 = DIRECTION ( 'NONE',  ( 0.000000000000000000, 0.000000000000000000, -1.000000000000000000 ) ) ;
#3042 = CARTESIAN_POINT ( 'NONE',  ( -0.1020000000000002016, -0.05000000000000000278, -2.448999999999999844 ) ) ;
#3043 = VECTOR ( 'NONE', #1108, 1000.000000000000000 ) ;
#3044 = DIRECTION ( 'NONE',  ( 0.000000000000000000, -1.000000000000000000, 0.000000000000000000 ) ) ;
#3045 = FACE_OUTER_BOUND ( 'NONE', #3517, .T. ) ;
#3046 = ORIENTED_EDGE ( 'NONE', *, *, #2710, .F. ) ;
#3047 = LINE ( 'NONE', #1802, #3718 ) ;
#3048 = DIRECTION ( 'NONE',  ( 1.000000000000000000, 0.000000000000000000, 0.000000000000000000 ) ) ;
#3049 = AXIS2_PLACEMENT_3D ( 'NONE', #3370, #3037, #2687 ) ;
#3050 = EDGE_CURVE ( 'NONE', #3829, #1801, #99, .T. ) ;
#3051 = FACE_OUTER_BOUND ( 'NONE', #2781, .T. ) ;
#3052 = CARTESIAN_POINT ( 'NONE',  ( 1.074999999999999956, 0.1499999999999999944, -2.448999999999999844 ) ) ;
#3053 =( GEOMETRIC_REPRESENTATION_CONTEXT ( 3 ) GLOBAL_UNCERTAINTY_ASSIGNED_CONTEXT ( ( #3128 ) ) GLOBAL_UNIT_ASSIGNED_CONTEXT ( ( #2766, #2742, #3724 ) ) REPRESENTATION_CONTEXT ( 'NONE', 'WORKASPACE' ) );
#3054 = CARTESIAN_POINT ( 'NONE',  ( 1.074999999999999734, 0.1499999999999999944, -2.500000000000000000 ) ) ;
#3055 = LINE ( 'NONE', #2066, #3115 ) ;
#3056 = EDGE_CURVE ( 'NONE', #3797, #488, #3973, .T. ) ;
#3057 = ADVANCED_FACE ( 'NONE', ( #1721 ), #1405, .T. ) ;
#3058 = ORIENTED_EDGE ( 'NONE', *, *, #508, .T. ) ;
#3059 = DIRECTION ( 'NONE',  ( 0.000000000000000000, 0.000000000000000000, -1.000000000000000000 ) ) ;
#3060 = CARTESIAN_POINT ( 'NONE',  ( 1.500999999999992340, 0.1499999999999999944, -0.1249999999998723937 ) ) ;
#3061 = CARTESIAN_POINT ( 'NONE',  ( 1.499999999999999778, 0.9320000000000000506, 1.199999999999999956 ) ) ;
#3062 = PLANE ( 'NONE',  #3824 ) ;
#3063 = CARTESIAN_POINT ( 'NONE',  ( 1.500999999999999668, 0.1499999999999999944, -0.9499999999998782751 ) ) ;
#3064 = VERTEX_POINT ( 'NONE', #3819 ) ;
#3065 = ORIENTED_EDGE ( 'NONE', *, *, #147, .F. ) ;
#3066 = DIRECTION ( 'NONE',  ( 1.000000000000000000, 0.000000000000000000, -2.168404344971103026E-13 ) ) ;
#3067 = CARTESIAN_POINT ( 'NONE',  ( 1.098999999999999977, 0.1499999999999999944, 2.449000000000000288 ) ) ;
#3068 = VECTOR ( 'NONE', #3013, 1000.000000000000000 ) ;
#3069 = UNCERTAINTY_MEASURE_WITH_UNIT (LENGTH_MEASURE( 1.000000000000000082E-05 ), #13, 'distance_accuracy_value', 'NONE');
#3070 = CARTESIAN_POINT ( 'NONE',  ( 0.6749999999999996003, 0.1499999999999999667, 2.500000000000000000 ) ) ;
#3071 = LINE ( 'NONE', #4041, #3606 ) ;
#3072 = PRESENTATION_STYLE_ASSIGNMENT (( #456 ) ) ;
#3073 = CARTESIAN_POINT ( 'NONE',  ( -1.500999999999999668, 0.1499999999999999944, -2.024999999999999911 ) ) ;
#3074 = CYLINDRICAL_SURFACE ( 'NONE', #2975, 0.1749999999999998224 ) ;
#3075 = PLANE ( 'NONE',  #2981 ) ;
#3076 = ORIENTED_EDGE ( 'NONE', *, *, #2384, .F. ) ;
#3077 = VERTEX_POINT ( 'NONE', #1798 ) ;
#3078 = CARTESIAN_POINT ( 'NONE',  ( -1.500000000000000222, 0.1499999999999999667, 0.9500000000000473621 ) ) ;
#3079 = ADVANCED_FACE ( 'NONE', ( #2775 ), #843, .T. ) ;
#3080 = DIRECTION ( 'NONE',  ( 1.000000000000000000, 0.000000000000000000, 0.000000000000000000 ) ) ;
#3081 = LINE ( 'NONE', #3320, #102 ) ;
#3082 = MECHANICAL_DESIGN_GEOMETRIC_PRESENTATION_REPRESENTATION (  '', ( #2460 ), #1382 ) ;
#3083 = EDGE_LOOP ( 'NONE', ( #2248, #1925, #2303, #3854 ) ) ;
#3084 = ADVANCED_FACE ( 'NONE', ( #1820 ), #3415, .T. ) ;
#3085 = ORIENTED_EDGE ( 'NONE', *, *, #983, .F. ) ;
#3086 = CARTESIAN_POINT ( 'NONE',  ( 0.4249999999999999889, -0.05000000000000000278, 2.449000000000001176 ) ) ;
#3087 = VERTEX_POINT ( 'NONE', #2183 ) ;
#3088 = VECTOR ( 'NONE', #914, 1000.000000000000000 ) ;
#3089 = LINE ( 'NONE', #3383, #2556 ) ;
#3090 = DIRECTION ( 'NONE',  ( 1.000000000000000000, 0.000000000000000000, 0.000000000000000000 ) ) ;
#3091 = DIRECTION ( 'NONE',  ( 0.000000000000000000, -1.000000000000000000, 0.000000000000000000 ) ) ;
#3092 = DIRECTION ( 'NONE',  ( 1.445602896647339706E-15, 0.000000000000000000, 1.000000000000000000 ) ) ;
#3093 = LINE ( 'NONE', #1811, #3311 ) ;
#3094 = CARTESIAN_POINT ( 'NONE',  ( -0.2260000000000001730, 0.000000000000000000, -2.448999999999999844 ) ) ;
#3095 = CARTESIAN_POINT ( 'NONE',  ( 1.500999999999999668, 0.1499999999999999944, -2.024999999999999911 ) ) ;
#3096 = VERTEX_POINT ( 'NONE', #906 ) ;
#3097 = ORIENTED_EDGE ( 'NONE', *, *, #3235, .F. ) ;
#3098 = EDGE_CURVE ( 'NONE', #3869, #1822, #3801, .T. ) ;
#3099 = LINE ( 'NONE', #2452, #4046 ) ;
#3100 = VECTOR ( 'NONE', #4054, 1000.000000000000000 ) ;
#3101 = CARTESIAN_POINT ( 'NONE',  ( 1.499999999999951594, -0.05000000000000000278, 2.325000000000031264 ) ) ;
#3102 = CARTESIAN_POINT ( 'NONE',  ( 0.1250000000000000000, -0.000000000000000000, 2.449000000000001176 ) ) ;
#3103 = FACE_OUTER_BOUND ( 'NONE', #902, .T. ) ;
#3104 = ORIENTED_EDGE ( 'NONE', *, *, #2315, .T. ) ;
#3105 = VERTEX_POINT ( 'NONE', #3458 ) ;
#3106 = PLANE ( 'NONE',  #1974 ) ;
#3107 = EDGE_LOOP ( 'NONE', ( #1824, #973, #2281, #1521 ) ) ;
#3108 = LINE ( 'NONE', #2170, #3444 ) ;
#3109 = STYLED_ITEM ( 'NONE', ( #3933 ), #4027 ) ;
#3110 = CARTESIAN_POINT ( 'NONE',  ( -0.4250000000000000444, -0.000000000000000000, 2.449000000000001176 ) ) ;
#3111 = CARTESIAN_POINT ( 'NONE',  ( -1.200000000000000400, 0.1499999999999999944, -2.448999999999999844 ) ) ;
#3112 = CIRCLE ( 'NONE', #3317, 0.1749999999999998224 ) ;
#3113 = DIRECTION ( 'NONE',  ( 0.000000000000000000, 0.000000000000000000, -1.000000000000000000 ) ) ;
#3114 = FACE_OUTER_BOUND ( 'NONE', #3784, .T. ) ;
#3115 = VECTOR ( 'NONE', #1715, 1000.000000000000000 ) ;
#3116 = DIRECTION ( 'NONE',  ( 1.000000000000000000, 0.000000000000000000, 1.849138948409693432E-14 ) ) ;
#3117 = EDGE_LOOP ( 'NONE', ( #3231, #2932, #1475, #372, #3707, #2079 ) ) ;
#3118 = VERTEX_POINT ( 'NONE', #2143 ) ;
#3119 = FACE_OUTER_BOUND ( 'NONE', #567, .T. ) ;
#3120 = VECTOR ( 'NONE', #2208, 1000.000000000000000 ) ;
#3121 = EDGE_CURVE ( 'NONE', #2663, #2366, #1861, .T. ) ;
#3122 = ADVANCED_FACE ( 'NONE', ( #3500 ), #1205, .F. ) ;
#3123 = DIRECTION ( 'NONE',  ( 1.752070710736980829E-13, 0.000000000000000000, 1.000000000000000000 ) ) ;
#3124 = DIRECTION ( 'NONE',  ( 6.938893903908552086E-15, 0.000000000000000000, -1.000000000000000000 ) ) ;
#3125 = ORIENTED_EDGE ( 'NONE', *, *, #2134, .T. ) ;
#3126 = EDGE_LOOP ( 'NONE', ( #3297, #3877, #1539, #1698, #676, #1284 ) ) ;
#3127 = LINE ( 'NONE', #469, #1684 ) ;
#3128 = UNCERTAINTY_MEASURE_WITH_UNIT (LENGTH_MEASURE( 1.000000000000000082E-05 ), #2766, 'distance_accuracy_value', 'NONE');
#3129 = VERTEX_POINT ( 'NONE', #3102 ) ;
#3130 = FACE_OUTER_BOUND ( 'NONE', #1014, .T. ) ;
#3131 = VECTOR ( 'NONE', #2369, 1000.000000000000000 ) ;
#3132 = FACE_OUTER_BOUND ( 'NONE', #2187, .T. ) ;
#3133 = LINE ( 'NONE', #878, #2111 ) ;
#3134 = STYLED_ITEM ( 'NONE', ( #1237 ), #1630 ) ;
#3135 = CARTESIAN_POINT ( 'NONE',  ( 1.499999999999999778, 0.000000000000000000, -2.500000000000000000 ) ) ;
#3136 = AXIS2_PLACEMENT_3D ( 'NONE', #3691, #3737, #510 ) ;
#3137 = EDGE_CURVE ( 'NONE', #3064, #736, #3436, .T. ) ;
#3138 = DIRECTION ( 'NONE',  ( -0.000000000000000000, 1.000000000000000000, 0.000000000000000000 ) ) ;
#3139 = ORIENTED_EDGE ( 'NONE', *, *, #2931, .T. ) ;
#3140 = ORIENTED_EDGE ( 'NONE', *, *, #1945, .T. ) ;
#3141 = CARTESIAN_POINT ( 'NONE',  ( 1.074999999999999734, 0.9320000000000000506, -2.500000000000000000 ) ) ;
#3142 = DIRECTION ( 'NONE',  ( 1.000000000000000000, 0.000000000000000000, 5.212510444641937897E-16 ) ) ;
#3143 = DIRECTION ( 'NONE',  ( 0.000000000000000000, 0.000000000000000000, 1.000000000000000000 ) ) ;
#3144 = ORIENTED_EDGE ( 'NONE', *, *, #3986, .F. ) ;
#3145 = EDGE_CURVE ( 'NONE', #1768, #1101, #1594, .T. ) ;
#3146 =( NAMED_UNIT ( * ) PLANE_ANGLE_UNIT ( ) SI_UNIT ( $, .RADIAN. ) );
#3147 = ORIENTED_EDGE ( 'NONE', *, *, #3670, .F. ) ;
#3148 = VECTOR ( 'NONE', #2290, 1000.000000000000000 ) ;
#3149 = ADVANCED_FACE ( 'NONE', ( #825 ), #527, .T. ) ;
#3150 = VECTOR ( 'NONE', #1966, 1000.000000000000000 ) ;
#3151 = DIRECTION ( 'NONE',  ( 0.000000000000000000, -1.000000000000000000, 0.000000000000000000 ) ) ;
#3152 = DIRECTION ( 'NONE',  ( 0.000000000000000000, -1.000000000000000000, 0.000000000000000000 ) ) ;
#3153 = CARTESIAN_POINT ( 'NONE',  ( -1.500999999999937273, 0.1499999999999999944, -1.199999999999864730 ) ) ;
#3154 = EDGE_CURVE ( 'NONE', #2256, #2599, #1500, .T. ) ;
#3155 = CARTESIAN_POINT ( 'NONE',  ( 1.500999999999999668, 0.1499999999999999944, -0.9499999999998782751 ) ) ;
#3156 = EDGE_CURVE ( 'NONE', #3096, #1207, #2202, .T. ) ;
#3157 = CARTESIAN_POINT ( 'NONE',  ( 0.1250000000000000000, -0.05000000000000000278, 2.449000000000001176 ) ) ;
#3158 = VERTEX_POINT ( 'NONE', #3733 ) ;
#3159 = ORIENTED_EDGE ( 'NONE', *, *, #2112, .T. ) ;
#3160 =( NAMED_UNIT ( * ) SI_UNIT ( $, .STERADIAN. ) SOLID_ANGLE_UNIT ( ) );
#3161 = AXIS2_PLACEMENT_3D ( 'NONE', #126, #2359, #2396 ) ;
#3162 = CARTESIAN_POINT ( 'NONE',  ( -0.2260000000000001730, -0.05000000000000000278, -2.448999999999999844 ) ) ;
#3163 = CARTESIAN_POINT ( 'NONE',  ( 1.074999999999999956, 0.1499999999999999944, -2.448999999999999844 ) ) ;
#3164 = LINE ( 'NONE', #2503, #241 ) ;
#3165 = VECTOR ( 'NONE', #3858, 1000.000000000000000 ) ;
#3166 = ORIENTED_EDGE ( 'NONE', *, *, #321, .F. ) ;
#3167 = MECHANICAL_DESIGN_GEOMETRIC_PRESENTATION_REPRESENTATION (  '', ( #2820 ), #1735 ) ;
#3168 = DIRECTION ( 'NONE',  ( 1.000000000000000000, 0.000000000000000000, -7.204001146083087785E-16 ) ) ;
#3169 = MECHANICAL_DESIGN_GEOMETRIC_PRESENTATION_REPRESENTATION (  '', ( #2277 ), #389 ) ;
#3170 = ORIENTED_EDGE ( 'NONE', *, *, #118, .F. ) ;
#3171 = COLOUR_RGB ( '',0.2509803921568627416, 0.2509803921568627416, 0.2509803921568627416 ) ;
#3172 = EDGE_CURVE ( 'NONE', #3401, #3503, #3781, .T. ) ;
#3173 = DIRECTION ( 'NONE',  ( -1.000000000000000000, 0.000000000000000000, -1.394077410324475646E-14 ) ) ;
#3174 = CARTESIAN_POINT ( 'NONE',  ( 0.3239999999999996771, 0.1499999999999999944, -2.149000000000000021 ) ) ;
#3175 = DIRECTION ( 'NONE',  ( 0.000000000000000000, 0.000000000000000000, -1.000000000000000000 ) ) ;
#3176 = VECTOR ( 'NONE', #536, 1000.000000000000000 ) ;
#3177 = CARTESIAN_POINT ( 'NONE',  ( -1.500000000000000222, 0.1499999999999999667, -0.9499999999998784972 ) ) ;
#3178 =( NAMED_UNIT ( * ) SI_UNIT ( $, .STERADIAN. ) SOLID_ANGLE_UNIT ( ) );
#3179 = ORIENTED_EDGE ( 'NONE', *, *, #3755, .F. ) ;
#3180 = EDGE_CURVE ( 'NONE', #191, #3096, #254, .T. ) ;
#3181 = DIRECTION ( 'NONE',  ( -1.000000000000000000, -0.000000000000000000, -0.000000000000000000 ) ) ;
#3182 = ORIENTED_EDGE ( 'NONE', *, *, #3531, .T. ) ;
#3183 = ORIENTED_EDGE ( 'NONE', *, *, #1531, .F. ) ;
#3184 = CARTESIAN_POINT ( 'NONE',  ( 1.308000000000000496, 0.9819999999999999840, -2.168000000000000593 ) ) ;
#3185 = EDGE_CURVE ( 'NONE', #2018, #198, #1524, .T. ) ;
#3186 = CARTESIAN_POINT ( 'NONE',  ( -1.500999999999987011, 0.1499999999999999944, -0.1249999999999142353 ) ) ;
#3187 = CARTESIAN_POINT ( 'NONE',  ( 1.098999999999999977, 0.1499999999999999944, 2.449000000000000288 ) ) ;
#3188 = DIRECTION ( 'NONE',  ( 0.000000000000000000, -1.000000000000000000, 0.000000000000000000 ) ) ;
#3189 = ORIENTED_EDGE ( 'NONE', *, *, #2229, .T. ) ;
#3190 = LINE ( 'NONE', #699, #1136 ) ;
#3191 = ORIENTED_EDGE ( 'NONE', *, *, #908, .T. ) ;
#3192 = CARTESIAN_POINT ( 'NONE',  ( -1.200000000000000400, 0.1499999999999999944, -2.448999999999999844 ) ) ;
#3193 = CARTESIAN_POINT ( 'NONE',  ( 0.3239999999999997327, 0.1499999999999999944, -2.501000000000006551 ) ) ;
#3194 = LINE ( 'NONE', #232, #2837 ) ;
#3195 = ORIENTED_EDGE ( 'NONE', *, *, #3921, .T. ) ;
#3196 = CARTESIAN_POINT ( 'NONE',  ( -0.9750000000000000888, 0.1499999999999999944, 2.449000000000001176 ) ) ;
#3197 = VERTEX_POINT ( 'NONE', #3477 ) ;
#3198 = VECTOR ( 'NONE', #3116, 1000.000000000000000 ) ;
#3199 = ORIENTED_EDGE ( 'NONE', *, *, #1464, .F. ) ;
#3200 = PLANE ( 'NONE',  #3371 ) ;
#3201 = AXIS2_PLACEMENT_3D ( 'NONE', #2302, #2991, #1689 ) ;
#3202 = EDGE_LOOP ( 'NONE', ( #2226, #869, #1528, #605, #4105, #3179 ) ) ;
#3203 = SURFACE_STYLE_FILL_AREA ( #2283 ) ;
#3204 = CARTESIAN_POINT ( 'NONE',  ( -0.5509999999999991571, 0.1499999999999999944, 2.325000000000000178 ) ) ;
#3205 = EDGE_CURVE ( 'NONE', #1597, #3129, #572, .T. ) ;
#3206 = FACE_OUTER_BOUND ( 'NONE', #693, .T. ) ;
#3207 = EDGE_CURVE ( 'NONE', #4137, #3995, #282, .T. ) ;
#3208 = ORIENTED_EDGE ( 'NONE', *, *, #1830, .T. ) ;
#3209 = ORIENTED_EDGE ( 'NONE', *, *, #612, .T. ) ;
#3210 = FACE_BOUND ( 'NONE', #3107, .T. ) ;
#3211 = ADVANCED_FACE ( 'NONE', ( #3226 ), #1305, .F. ) ;
#3212 = CARTESIAN_POINT ( 'NONE',  ( -1.307999999999999607, 0.9320000000000000506, 2.167999999999999705 ) ) ;
#3213 = AXIS2_PLACEMENT_3D ( 'NONE', #722, #3374, #2711 ) ;
#3214 = FILL_AREA_STYLE_COLOUR ( '', #3171 ) ;
#3215 = ORIENTED_EDGE ( 'NONE', *, *, #455, .T. ) ;
#3216 = VECTOR ( 'NONE', #1547, 1000.000000000000000 ) ;
#3217 = DIRECTION ( 'NONE',  ( 0.000000000000000000, -1.000000000000000000, 0.000000000000000000 ) ) ;
#3218 = CARTESIAN_POINT ( 'NONE',  ( 0.6749999999999998224, 0.1499999999999999944, 2.501000000000000334 ) ) ;
#3219 = EDGE_LOOP ( 'NONE', ( #2920, #3076, #1163, #1878 ) ) ;
#3220 = ORIENTED_EDGE ( 'NONE', *, *, #1204, .T. ) ;
#3221 = DIRECTION ( 'NONE',  ( -0.000000000000000000, -0.000000000000000000, 1.000000000000000000 ) ) ;
#3222 = VECTOR ( 'NONE', #3697, 1000.000000000000000 ) ;
#3223 = ORIENTED_EDGE ( 'NONE', *, *, #2529, .F. ) ;
#3224 = DIRECTION ( 'NONE',  ( -0.000000000000000000, -0.000000000000000000, 1.000000000000000000 ) ) ;
#3225 = EDGE_CURVE ( 'NONE', #893, #220, #3778, .T. ) ;
#3226 = FACE_OUTER_BOUND ( 'NONE', #3881, .T. ) ;
#3227 = PRODUCT_CONTEXT ( 'NONE', #2176, 'mechanical' ) ;
#3228 = DIRECTION ( 'NONE',  ( -0.000000000000000000, 0.000000000000000000, -1.000000000000000000 ) ) ;
#3229 = ORIENTED_EDGE ( 'NONE', *, *, #2288, .F. ) ;
#3230 = ORIENTED_EDGE ( 'NONE', *, *, #633, .F. ) ;
#3231 = ORIENTED_EDGE ( 'NONE', *, *, #3553, .F. ) ;
#3232 = FACE_OUTER_BOUND ( 'NONE', #2225, .T. ) ;
#3233 = VECTOR ( 'NONE', #614, 1000.000000000000000 ) ;
#3235 = EDGE_CURVE ( 'NONE', #3411, #3796, #725, .T. ) ;
#3234 = VECTOR ( 'NONE', #3665, 1000.000000000000000 ) ;
#3236 = VERTEX_POINT ( 'NONE', #338 ) ;
#3237 = FACE_OUTER_BOUND ( 'NONE', #2029, .T. ) ;
#3238 = VERTEX_POINT ( 'NONE', #702 ) ;
#3239 = ORIENTED_EDGE ( 'NONE', *, *, #1772, .T. ) ;
#3240 = CARTESIAN_POINT ( 'NONE',  ( 0.3239999999999996216, 0.000000000000000000, -2.500000000000000000 ) ) ;
#3241 = EDGE_LOOP ( 'NONE', ( #3689, #336, #2642, #1997, #2382, #520, #4169, #3144, #1590, #2136 ) ) ;
#3242 = LINE ( 'NONE', #3895, #2072 ) ;
#3243 = MECHANICAL_DESIGN_GEOMETRIC_PRESENTATION_REPRESENTATION (  '', ( #1073 ), #1815 ) ;
#3244 = ADVANCED_FACE ( 'NONE', ( #3875 ), #2285, .T. ) ;
#3245 = LINE ( 'NONE', #380, #3165 ) ;
#3246 = CARTESIAN_POINT ( 'NONE',  ( -0.0009999999999992102880, 0.1499999999999999944, 2.325000000000000178 ) ) ;
#3247 = AXIS2_PLACEMENT_3D ( 'NONE', #553, #910, #597 ) ;
#3248 = ORIENTED_EDGE ( 'NONE', *, *, #762, .F. ) ;
#3249 = ORIENTED_EDGE ( 'NONE', *, *, #1604, .T. ) ;
#3250 = UNCERTAINTY_MEASURE_WITH_UNIT (LENGTH_MEASURE( 1.000000000000000082E-05 ), #624, 'distance_accuracy_value', 'NONE');
#3251 = PRESENTATION_LAYER_ASSIGNMENT (  '', '', ( #4139 ) ) ;
#3252 = ORIENTED_EDGE ( 'NONE', *, *, #564, .T. ) ;
#3253 = DIRECTION ( 'NONE',  ( -1.000000000000000000, 0.000000000000000000, -7.367662997569912943E-15 ) ) ;
#3254 = ORIENTED_EDGE ( 'NONE', *, *, #3583, .F. ) ;
#3255 = ADVANCED_FACE ( 'NONE', ( #1904 ), #1940, .T. ) ;
#3256 = SURFACE_SIDE_STYLE ('',( #4175 ) ) ;
#3257 = VERTEX_POINT ( 'NONE', #1650 ) ;
#3258 =( NAMED_UNIT ( * ) PLANE_ANGLE_UNIT ( ) SI_UNIT ( $, .RADIAN. ) );
#3259 = SURFACE_STYLE_FILL_AREA ( #2936 ) ;
#3260 = VERTEX_POINT ( 'NONE', #3559 ) ;
#3261 = ORIENTED_EDGE ( 'NONE', *, *, #411, .F. ) ;
#3262 = ADVANCED_FACE ( 'NONE', ( #2948 ), #4165, .F. ) ;
#3263 = CARTESIAN_POINT ( 'NONE',  ( -0.5260000000000054632, -0.000000000000000000, -1.096712197552647813E-15 ) ) ;
#3264 = CARTESIAN_POINT ( 'NONE',  ( -0.2260000000000001730, -0.05000000000000000278, -2.448999999999999844 ) ) ;
#3265 = EDGE_CURVE ( 'NONE', #4001, #2636, #3584, .T. ) ;
#3266 = ORIENTED_EDGE ( 'NONE', *, *, #2801, .T. ) ;
#3267 = FILL_AREA_STYLE_COLOUR ( '', #2614 ) ;
#3268 = ORIENTED_EDGE ( 'NONE', *, *, #3027, .F. ) ;
#3269 = DIRECTION ( 'NONE',  ( 0.000000000000000000, 0.000000000000000000, 1.000000000000000000 ) ) ;
#3270 = APPLICATION_PROTOCOL_DEFINITION ( 'draft international standard', 'automotive_design', 1998, #3556 ) ;
#3271 = FACE_OUTER_BOUND ( 'NONE', #3117, .T. ) ;
#3272 = VECTOR ( 'NONE', #2834, 1000.000000000000000 ) ;
#3273 = ORIENTED_EDGE ( 'NONE', *, *, #2078, .F. ) ;
#3274 = CARTESIAN_POINT ( 'NONE',  ( -1.500999999999931944, -0.05000000000000000278, 0.1250000000000387190 ) ) ;
#3275 = SURFACE_SIDE_STYLE ('',( #1554 ) ) ;
#3276 = ORIENTED_EDGE ( 'NONE', *, *, #2188, .F. ) ;
#3277 = EDGE_CURVE ( 'NONE', #3787, #1476, #3245, .T. ) ;
#3278 = DIRECTION ( 'NONE',  ( 0.000000000000000000, 0.000000000000000000, -1.000000000000000000 ) ) ;
#3279 = ORIENTED_EDGE ( 'NONE', *, *, #452, .F. ) ;
#3280 = CARTESIAN_POINT ( 'NONE',  ( -1.500000000000000222, 0.9320000000000000506, -2.500000000000000000 ) ) ;
#3281 = CYLINDRICAL_SURFACE ( 'NONE', #621, 0.1239999999999999714 ) ;
#3282 = VERTEX_POINT ( 'NONE', #1582 ) ;
#3283 = ADVANCED_FACE ( 'NONE', ( #2860 ), #2882, .T. ) ;
#3284 = ORIENTED_EDGE ( 'NONE', *, *, #3591, .T. ) ;
#3285 = LINE ( 'NONE', #67, #3645 ) ;
#3286 = CARTESIAN_POINT ( 'NONE',  ( -1.500000000000000222, 0.9320000000000000506, -1.199999999999864730 ) ) ;
#3287 = VECTOR ( 'NONE', #3253, 1000.000000000000000 ) ;
#3288 = ADVANCED_FACE ( 'NONE', ( #1600 ), #2905, .F. ) ;
#3289 = ORIENTED_EDGE ( 'NONE', *, *, #857, .F. ) ;
#3290 = CARTESIAN_POINT ( 'NONE',  ( -1.500000000000000222, 0.000000000000000000, -0.9499999999999124700 ) ) ;
#3291 = CARTESIAN_POINT ( 'NONE',  ( 0.7749999999999999112, 0.1499999999999999944, -2.501000000000000334 ) ) ;
#3292 = VERTEX_POINT ( 'NONE', #1376 ) ;
#3293 = APPLICATION_PROTOCOL_DEFINITION ( 'draft international standard', 'automotive_design', 1998, #2176 ) ;
#3294 = DIRECTION ( 'NONE',  ( -7.786788670221035577E-14, 0.000000000000000000, 1.000000000000000000 ) ) ;
#3295 = DIRECTION ( 'NONE',  ( 0.000000000000000000, -1.000000000000000000, 0.000000000000000000 ) ) ;
#3296 = VERTEX_POINT ( 'NONE', #149 ) ;
#3297 = ORIENTED_EDGE ( 'NONE', *, *, #275, .F. ) ;
#3298 = DIRECTION ( 'NONE',  ( -0.000000000000000000, -1.000000000000000000, -0.000000000000000000 ) ) ;
#3299 = ORIENTED_EDGE ( 'NONE', *, *, #1388, .T. ) ;
#3300 = AXIS2_PLACEMENT_3D ( 'NONE', #2502, #593, #2433 ) ;
#3301 = EDGE_CURVE ( 'NONE', #1898, #717, #3353, .T. ) ;
#3302 = DIRECTION ( 'NONE',  ( 0.000000000000000000, -1.000000000000000000, 0.000000000000000000 ) ) ;
#3303 = DIRECTION ( 'NONE',  ( 1.000000000000000000, 0.000000000000000000, 0.000000000000000000 ) ) ;
#3304 = VECTOR ( 'NONE', #3855, 1000.000000000000000 ) ;
#3305 = ORIENTED_EDGE ( 'NONE', *, *, #3611, .F. ) ;
#3306 = CARTESIAN_POINT ( 'NONE',  ( -0.1000000000000002831, 0.1499999999999999944, -2.448999999999999844 ) ) ;
#3307 = DIRECTION ( 'NONE',  ( -0.000000000000000000, 0.000000000000000000, 1.000000000000000000 ) ) ;
#3308 = ORIENTED_EDGE ( 'NONE', *, *, #3614, .F. ) ;
#3309 = EDGE_CURVE ( 'NONE', #2276, #2237, #3988, .T. ) ;
#3310 = SURFACE_SIDE_STYLE ('',( #718 ) ) ;
#3311 = VECTOR ( 'NONE', #2109, 1000.000000000000000 ) ;
#3312 = CARTESIAN_POINT ( 'NONE',  ( 0.000000000000000000, 0.000000000000000000, 0.000000000000000000 ) ) ;
#3313 = EDGE_LOOP ( 'NONE', ( #388, #2199, #535, #1290 ) ) ;
#3314 =( GEOMETRIC_REPRESENTATION_CONTEXT ( 3 ) GLOBAL_UNCERTAINTY_ASSIGNED_CONTEXT ( ( #27 ) ) GLOBAL_UNIT_ASSIGNED_CONTEXT ( ( #124, #2020, #3998 ) ) REPRESENTATION_CONTEXT ( 'NONE', 'WORKASPACE' ) );
#3315 = LINE ( 'NONE', #2308, #2598 ) ;
#3316 = ADVANCED_FACE ( 'NONE', ( #1756 ), #3630, .F. ) ;
#3317 = AXIS2_PLACEMENT_3D ( 'NONE', #2744, #518, #3349 ) ;
#3318 = CARTESIAN_POINT ( 'NONE',  ( -1.500000000000000222, 0.1499999999999999667, -2.500000000000000000 ) ) ;
#3319 = ORIENTED_EDGE ( 'NONE', *, *, #3031, .F. ) ;
#3320 = CARTESIAN_POINT ( 'NONE',  ( -1.307999999999999607, 0.9320000000000000506, 2.167999999999999705 ) ) ;
#3321 = PRESENTATION_LAYER_ASSIGNMENT (  '', '', ( #1416 ) ) ;
#3322 = LINE ( 'NONE', #3612, #3355 ) ;
#3323 = VERTEX_POINT ( 'NONE', #2050 ) ;
#3324 = STYLED_ITEM ( 'NONE', ( #3767 ), #51 ) ;
#3325 =( GEOMETRIC_REPRESENTATION_CONTEXT ( 3 ) GLOBAL_UNCERTAINTY_ASSIGNED_CONTEXT ( ( #533 ) ) GLOBAL_UNIT_ASSIGNED_CONTEXT ( ( #1809, #1552, #603 ) ) REPRESENTATION_CONTEXT ( 'NONE', 'WORKASPACE' ) );
#3326 = CARTESIAN_POINT ( 'NONE',  ( -1.500000000000000222, 0.9320000000000000506, 0.9500000000000473621 ) ) ;
#3327 = LINE ( 'NONE', #3999, #248 ) ;
#3328 = PLANE ( 'NONE',  #2583 ) ;
#3329 = CARTESIAN_POINT ( 'NONE',  ( -0.6520000000000002460, 0.1499999999999999944, -2.324999999999999734 ) ) ;
#3330 = ORIENTED_EDGE ( 'NONE', *, *, #324, .F. ) ;
#3331 = FACE_OUTER_BOUND ( 'NONE', #1926, .T. ) ;
#3332 = VERTEX_POINT ( 'NONE', #426 ) ;
#3333 =( LENGTH_UNIT ( ) NAMED_UNIT ( * ) SI_UNIT ( .MILLI., .METRE. ) );
#3334 = EDGE_CURVE ( 'NONE', #1982, #2009, #3945, .T. ) ;
#3335 = PLANE ( 'NONE',  #1174 ) ;
#3336 = LINE ( 'NONE', #1439, #3131 ) ;
#3337 = EDGE_CURVE ( 'NONE', #66, #2169, #3018, .T. ) ;
#3338 = AXIS2_PLACEMENT_3D ( 'NONE', #1427, #2340, #2700 ) ;
#3339 = EDGE_CURVE ( 'NONE', #2366, #3332, #1079, .T. ) ;
#3340 = FILL_AREA_STYLE_COLOUR ( '', #1992 ) ;
#3341 = CARTESIAN_POINT ( 'NONE',  ( -0.1250000000000001110, 0.9320000000000000506, 2.500000000000000000 ) ) ;
#3342 = AXIS2_PLACEMENT_3D ( 'NONE', #145, #3427, #1129 ) ;
#3343 = EDGE_CURVE ( 'NONE', #2167, #2893, #4026, .T. ) ;
#3344 = ORIENTED_EDGE ( 'NONE', *, *, #3024, .T. ) ;
#3345 = CARTESIAN_POINT ( 'NONE',  ( -1.500000000000000222, 0.9320000000000000506, -2.500000000000000000 ) ) ;
#3346 = CARTESIAN_POINT ( 'NONE',  ( -0.6520000000000002460, 0.000000000000000000, -2.448999999999999844 ) ) ;
#3347 = FACE_OUTER_BOUND ( 'NONE', #1287, .T. ) ;
#3348 = CARTESIAN_POINT ( 'NONE',  ( 0.9580000000000005178, 0.9719999999999999751, -1.818000000000000060 ) ) ;
#3349 = DIRECTION ( 'NONE',  ( 0.000000000000000000, 0.000000000000000000, 1.000000000000000000 ) ) ;
#3350 = PLANE ( 'NONE',  #2499 ) ;
#3351 = ORIENTED_EDGE ( 'NONE', *, *, #4072, .F. ) ;
#3352 = VECTOR ( 'NONE', #2649, 1000.000000000000000 ) ;
#3353 = LINE ( 'NONE', #134, #855 ) ;
#3354 = CARTESIAN_POINT ( 'NONE',  ( -0.2260000000000001730, 0.1499999999999999944, -2.448999999999999844 ) ) ;
#3355 = VECTOR ( 'NONE', #387, 1000.000000000000000 ) ;
#3356 = LINE ( 'NONE', #3377, #3957 ) ;
#3357 = CARTESIAN_POINT ( 'NONE',  ( 2.218966738091331278E-14, 0.000000000000000000, -1.199999999999836975 ) ) ;
#3358 = ORIENTED_EDGE ( 'NONE', *, *, #1074, .F. ) ;
#3359 = DIRECTION ( 'NONE',  ( 0.000000000000000000, -1.000000000000000000, 0.000000000000000000 ) ) ;
#3360 = CARTESIAN_POINT ( 'NONE',  ( -1.076000000000000290, 0.1499999999999999944, -2.448999999999999844 ) ) ;
#3361 = VECTOR ( 'NONE', #3638, 1000.000000000000000 ) ;
#3362 = EDGE_CURVE ( 'NONE', #673, #1503, #1418, .T. ) ;
#3363 = CARTESIAN_POINT ( 'NONE',  ( -0.2260000000000002840, 0.1499999999999999944, -2.501000000000006551 ) ) ;
#3364 = DIRECTION ( 'NONE',  ( 0.000000000000000000, 0.000000000000000000, 1.000000000000000000 ) ) ;
#3365 = FILL_AREA_STYLE ('',( #797 ) ) ;
#3366 = AXIS2_PLACEMENT_3D ( 'NONE', #2032, #1400, #1794 ) ;
#3367 = CARTESIAN_POINT ( 'NONE',  ( 1.500999999999999668, 0.1499999999999999944, -2.024999999999999911 ) ) ;
#3368 = DIRECTION ( 'NONE',  ( 0.000000000000000000, 0.000000000000000000, 1.000000000000000000 ) ) ;
#3369 = VECTOR ( 'NONE', #2895, 1000.000000000000000 ) ;
#3370 = CARTESIAN_POINT ( 'NONE',  ( 1.198999999999999844, -0.05000000000000000278, -2.448999999999999844 ) ) ;
#3371 = AXIS2_PLACEMENT_3D ( 'NONE', #3536, #3576, #314 ) ;
#3372 = ORIENTED_EDGE ( 'NONE', *, *, #2142, .F. ) ;
#3373 = SURFACE_STYLE_FILL_AREA ( #3683 ) ;
#3374 = DIRECTION ( 'NONE',  ( 0.000000000000000000, 0.000000000000000000, -1.000000000000000000 ) ) ;
#3375 =( LENGTH_UNIT ( ) NAMED_UNIT ( * ) SI_UNIT ( .MILLI., .METRE. ) );
#3376 = STYLED_ITEM ( 'NONE', ( #1636 ), #3956 ) ;
#3377 = CARTESIAN_POINT ( 'NONE',  ( 1.499999999999999778, 0.1499999999999999667, 2.500000000000000000 ) ) ;
#3378 = DIRECTION ( 'NONE',  ( 0.000000000000000000, 0.000000000000000000, -1.000000000000000000 ) ) ;
#3379 = VERTEX_POINT ( 'NONE', #779 ) ;
#3380 = ORIENTED_EDGE ( 'NONE', *, *, #1699, .F. ) ;
#3381 = CARTESIAN_POINT ( 'NONE',  ( 0.1250000000000000555, -0.05000000000000000278, 2.501000000000000334 ) ) ;
#3382 = AXIS2_PLACEMENT_3D ( 'NONE', #1023, #2312, #2036 ) ;
#3383 = CARTESIAN_POINT ( 'NONE',  ( -1.500000000000000222, 0.1499999999999999667, -2.500000000000000000 ) ) ;
#3384 = CARTESIAN_POINT ( 'NONE',  ( 1.500999999999988566, 0.1499999999999999944, 0.1250000000000608402 ) ) ;
#3385 = CARTESIAN_POINT ( 'NONE',  ( 1.500999999999977463, 0.1499999999999999944, 1.199999999999999956 ) ) ;
#3386 = EDGE_CURVE ( 'NONE', #2872, #1627, #1037, .T. ) ;
#3387 = DIRECTION ( 'NONE',  ( 0.000000000000000000, -1.000000000000000000, 0.000000000000000000 ) ) ;
#3388 = DIRECTION ( 'NONE',  ( 1.000000000000000000, 0.000000000000000000, 0.000000000000000000 ) ) ;
#3389 = DIRECTION ( 'NONE',  ( 1.000000000000000000, 0.000000000000000000, 0.000000000000000000 ) ) ;
#3390 = LINE ( 'NONE', #479, #2698 ) ;
#3391 = VERTEX_POINT ( 'NONE', #1113 ) ;
#3392 = ORIENTED_EDGE ( 'NONE', *, *, #759, .F. ) ;
#3393 = EDGE_CURVE ( 'NONE', #1605, #1972, #1096, .T. ) ;
#3394 = LINE ( 'NONE', #175, #3666 ) ;
#3395 =( GEOMETRIC_REPRESENTATION_CONTEXT ( 3 ) GLOBAL_UNCERTAINTY_ASSIGNED_CONTEXT ( ( #1626 ) ) GLOBAL_UNIT_ASSIGNED_CONTEXT ( ( #1282, #2629, #1529 ) ) REPRESENTATION_CONTEXT ( 'NONE', 'WORKASPACE' ) );
#3396 = LINE ( 'NONE', #745, #499 ) ;
#3397 = DIRECTION ( 'NONE',  ( 0.000000000000000000, 0.000000000000000000, 1.000000000000000000 ) ) ;
#3398 = VERTEX_POINT ( 'NONE', #2328 ) ;
#3399 = ORIENTED_EDGE ( 'NONE', *, *, #1059, .T. ) ;
#3400 = CARTESIAN_POINT ( 'NONE',  ( -1.500000000000000222, 0.000000000000000000, 2.500000000000000000 ) ) ;
#3401 = VERTEX_POINT ( 'NONE', #3969 ) ;
#3402 = DIRECTION ( 'NONE',  ( 1.000000000000000000, 0.000000000000000000, -0.000000000000000000 ) ) ;
#3403 = AXIS2_PLACEMENT_3D ( 'NONE', #1849, #2510, #1808 ) ;
#3404 = UNCERTAINTY_MEASURE_WITH_UNIT (LENGTH_MEASURE( 1.000000000000000082E-05 ), #3416, 'distance_accuracy_value', 'NONE');
#3405 = LINE ( 'NONE', #1784, #2402 ) ;
#3406 = CARTESIAN_POINT ( 'NONE',  ( -0.5260000000000002451, 0.1499999999999999944, -2.501000000000000334 ) ) ;
#3407 = ADVANCED_FACE ( 'NONE', ( #1694 ), #741, .T. ) ;
#3408 = PLANE ( 'NONE',  #4064 ) ;
#3409 = DIRECTION ( 'NONE',  ( 1.000000000000000000, 0.000000000000000000, 0.000000000000000000 ) ) ;
#3410 = CARTESIAN_POINT ( 'NONE',  ( -1.099000000000000199, 0.000000000000000000, 2.449000000000000288 ) ) ;
#3411 = VERTEX_POINT ( 'NONE', #1158 ) ;
#3412 = ORIENTED_EDGE ( 'NONE', *, *, #1775, .F. ) ;
#3413 = EDGE_CURVE ( 'NONE', #373, #641, #1221, .T. ) ;
#3414 = CARTESIAN_POINT ( 'NONE',  ( 1.500999999999999224, -0.05000000000000000278, 2.084999999999999964 ) ) ;
#3415 = PLANE ( 'NONE',  #1463 ) ;
#3416 =( LENGTH_UNIT ( ) NAMED_UNIT ( * ) SI_UNIT ( .MILLI., .METRE. ) );
#3417 = VECTOR ( 'NONE', #1022, 1000.000000000000000 ) ;
#3418 = ORIENTED_EDGE ( 'NONE', *, *, #1513, .T. ) ;
#3419 = VERTEX_POINT ( 'NONE', #2179 ) ;
#3420 = DIRECTION ( 'NONE',  ( 0.000000000000000000, -1.000000000000000000, 0.000000000000000000 ) ) ;
#3421 = ORIENTED_EDGE ( 'NONE', *, *, #558, .F. ) ;
#3422 = CARTESIAN_POINT ( 'NONE',  ( 0.0009999999999999972019, 0.000000000000000000, 2.325000000000000178 ) ) ;
#3423 = LINE ( 'NONE', #1491, #782 ) ;
#3424 = DIRECTION ( 'NONE',  ( 0.000000000000000000, -1.000000000000000000, 0.000000000000000000 ) ) ;
#3425 = CARTESIAN_POINT ( 'NONE',  ( 0.6749999999999998224, 0.1499999999999999944, 2.501000000000000334 ) ) ;
#3426 = EDGE_CURVE ( 'NONE', #2456, #2438, #903, .T. ) ;
#3427 = DIRECTION ( 'NONE',  ( 0.000000000000000000, -1.000000000000000000, 0.000000000000000000 ) ) ;
#3428 = DIRECTION ( 'NONE',  ( 0.000000000000000000, -1.000000000000000000, 0.000000000000000000 ) ) ;
#3429 = ORIENTED_EDGE ( 'NONE', *, *, #3050, .T. ) ;
#3430 = ORIENTED_EDGE ( 'NONE', *, *, #3863, .T. ) ;
#3431 = DIRECTION ( 'NONE',  ( 2.085004177856462770E-15, -0.000000000000000000, 1.000000000000000000 ) ) ;
#3432 = VECTOR ( 'NONE', #4076, 1000.000000000000000 ) ;
#3433 = ADVANCED_FACE ( 'NONE', ( #501 ), #3730, .T. ) ;
#3434 = VECTOR ( 'NONE', #405, 1000.000000000000000 ) ;
#3435 = DIRECTION ( 'NONE',  ( 1.000000000000000000, 0.000000000000000000, 0.000000000000000000 ) ) ;
#3436 = LINE ( 'NONE', #1138, #187 ) ;
#3437 = SURFACE_STYLE_USAGE ( .BOTH. , #826 ) ;
#3438 = ORIENTED_EDGE ( 'NONE', *, *, #1665, .T. ) ;
#3439 = ORIENTED_EDGE ( 'NONE', *, *, #3001, .F. ) ;
#3440 = DIRECTION ( 'NONE',  ( 1.000000000000000000, 0.000000000000000000, -2.085004177856462770E-15 ) ) ;
#3441 = VECTOR ( 'NONE', #1834, 1000.000000000000000 ) ;
#3442 = ORIENTED_EDGE ( 'NONE', *, *, #3692, .T. ) ;
#3443 = LINE ( 'NONE', #875, #3176 ) ;
#3444 = VECTOR ( 'NONE', #2103, 1000.000000000000000 ) ;
#3445 = DIRECTION ( 'NONE',  ( 0.000000000000000000, 0.000000000000000000, -1.000000000000000000 ) ) ;
#3446 = CARTESIAN_POINT ( 'NONE',  ( 0.000000000000000000, 0.000000000000000000, -2.324999999999999734 ) ) ;
#3447 = AXIS2_PLACEMENT_3D ( 'NONE', #1655, #1873, #898 ) ;
#3448 = CARTESIAN_POINT ( 'NONE',  ( -1.500999999999931944, 0.1499999999999999944, 0.1250000000000387190 ) ) ;
#3449 = DIRECTION ( 'NONE',  ( -1.000000000000000000, 0.000000000000000000, -2.085004177856723489E-15 ) ) ;
#3450 = SURFACE_STYLE_USAGE ( .BOTH. , #3275 ) ;
#3451 = AXIS2_PLACEMENT_3D ( 'NONE', #44, #1549, #1566 ) ;
#3452 = VECTOR ( 'NONE', #4020, 1000.000000000000000 ) ;
#3453 = ORIENTED_EDGE ( 'NONE', *, *, #4063, .T. ) ;
#3454 = ORIENTED_EDGE ( 'NONE', *, *, #132, .F. ) ;
#3455 = LINE ( 'NONE', #821, #125 ) ;
#3456 = CARTESIAN_POINT ( 'NONE',  ( 0.6750000000000050404, 0.000000000000000000, 1.407377820053333704E-15 ) ) ;
#3457 = EDGE_CURVE ( 'NONE', #3530, #2449, #3099, .T. ) ;
#3458 = CARTESIAN_POINT ( 'NONE',  ( 0.9580000000000005178, 0.9719999999999999751, -1.643000000000000460 ) ) ;
#3459 = CARTESIAN_POINT ( 'NONE',  ( -0.001000000000000051412, -0.05000000000000000278, 2.449000000000000288 ) ) ;
#3460 = ORIENTED_EDGE ( 'NONE', *, *, #1851, .T. ) ;
#3461 = DIRECTION ( 'NONE',  ( 0.000000000000000000, 0.000000000000000000, 1.000000000000000000 ) ) ;
#3462 = ADVANCED_FACE ( 'NONE', ( #3119 ), #2473, .T. ) ;
#3463 = ORIENTED_EDGE ( 'NONE', *, *, #1392, .F. ) ;
#3464 = EDGE_CURVE ( 'NONE', #354, #778, #1179, .T. ) ;
#3465 = CARTESIAN_POINT ( 'NONE',  ( -0.9750000000000001998, 0.1499999999999999944, 2.501000000000000334 ) ) ;
#3466 = LINE ( 'NONE', #494, #3742 ) ;
#3467 = PRESENTATION_LAYER_ASSIGNMENT (  '', '', ( #889 ) ) ;
#3468 = SURFACE_STYLE_FILL_AREA ( #751 ) ;
#3469 = VECTOR ( 'NONE', #3770, 1000.000000000000000 ) ;
#3470 = DIRECTION ( 'NONE',  ( -3.467135528268181101E-15, 0.000000000000000000, 1.000000000000000000 ) ) ;
#3471 = CARTESIAN_POINT ( 'NONE',  ( -1.500999999999987011, 0.1499999999999999944, -0.1249999999999142353 ) ) ;
#3472 = VECTOR ( 'NONE', #606, 1000.000000000000000 ) ;
#3473 = CARTESIAN_POINT ( 'NONE',  ( 0.000000000000000000, 0.000000000000000000, 0.000000000000000000 ) ) ;
#3474 = VERTEX_POINT ( 'NONE', #173 ) ;
#3475 = ORIENTED_EDGE ( 'NONE', *, *, #3393, .F. ) ;
#3476 = LINE ( 'NONE', #549, #515 ) ;
#3477 = CARTESIAN_POINT ( 'NONE',  ( 1.500999999999999668, -0.05000000000000000278, -2.324999999999999734 ) ) ;
#3478 = CARTESIAN_POINT ( 'NONE',  ( 1.084202172485407089E-14, -0.000000000000000000, -0.9499999999998953726 ) ) ;
#3479 = ADVANCED_FACE ( 'NONE', ( #193 ), #3775, .T. ) ;
#3480 = ORIENTED_EDGE ( 'NONE', *, *, #1659, .F. ) ;
#3481 = LINE ( 'NONE', #3966, #3853 ) ;
#3482 = VERTEX_POINT ( 'NONE', #1201 ) ;
#3483 = EDGE_CURVE ( 'NONE', #3401, #1417, #3455, .T. ) ;
#3484 = VECTOR ( 'NONE', #1097, 1000.000000000000000 ) ;
#3485 = VECTOR ( 'NONE', #4079, 1000.000000000000000 ) ;
#3486 = LINE ( 'NONE', #1677, #2335 ) ;
#3487 = LINE ( 'NONE', #896, #4153 ) ;
#3488 = DIRECTION ( 'NONE',  ( 0.000000000000000000, -1.000000000000000000, 0.000000000000000000 ) ) ;
#3489 = PRODUCT_RELATED_PRODUCT_CATEGORY ( 'part', '', ( #1561 ) ) ;
#3490 = ADVANCED_FACE ( 'NONE', ( #547 ), #3798, .T. ) ;
#3491 = SURFACE_SIDE_STYLE ('',( #979 ) ) ;
#3492 = CARTESIAN_POINT ( 'NONE',  ( -0.6750000000000001554, 0.1499999999999999944, 2.501000000000000334 ) ) ;
#3493 = VERTEX_POINT ( 'NONE', #483 ) ;
#3494 = ORIENTED_EDGE ( 'NONE', *, *, #3386, .F. ) ;
#3495 = VERTEX_POINT ( 'NONE', #2773 ) ;
#3496 = DIRECTION ( 'NONE',  ( 0.000000000000000000, 1.000000000000000000, 0.000000000000000000 ) ) ;
#3497 = PRODUCT_DEFINITION_SHAPE ( 'NONE', 'NONE',  #2916 ) ;
#3498 = VECTOR ( 'NONE', #245, 1000.000000000000000 ) ;
#3499 = CARTESIAN_POINT ( 'NONE',  ( -0.7760000000000003562, 0.9320000000000000506, -2.500000000000000000 ) ) ;
#3500 = FACE_OUTER_BOUND ( 'NONE', #1299, .T. ) ;
#3501 = CARTESIAN_POINT ( 'NONE',  ( -1.500000000000000222, 0.1499999999999999944, 2.325000000000000178 ) ) ;
#3502 = VECTOR ( 'NONE', #429, 1000.000000000000000 ) ;
#3503 = VERTEX_POINT ( 'NONE', #3078 ) ;
#3504 = AXIS2_PLACEMENT_3D ( 'NONE', #2498, #2431, #862 ) ;
#3505 = VERTEX_POINT ( 'NONE', #1458 ) ;
#3506 = VECTOR ( 'NONE', #32, 1000.000000000000000 ) ;
#3507 = CARTESIAN_POINT ( 'NONE',  ( 0.1250000000000000555, -0.05000000000000000278, 2.501000000000000334 ) ) ;
#3508 = CARTESIAN_POINT ( 'NONE',  ( 1.308000000000000496, 0.9819999999999999840, 2.167999999999999705 ) ) ;
#3509 = COLOUR_RGB ( '',0.7921568627450980005, 0.8196078431372548767, 0.9333333333333333481 ) ;
#3510 = DIRECTION ( 'NONE',  ( 0.000000000000000000, 0.000000000000000000, -1.000000000000000000 ) ) ;
#3511 = ORIENTED_EDGE ( 'NONE', *, *, #2229, .F. ) ;
#3512 = AXIS2_PLACEMENT_3D ( 'NONE', #1044, #2389, #445 ) ;
#3513 = LINE ( 'NONE', #2233, #3369 ) ;
#3514 = DIRECTION ( 'NONE',  ( -1.000000000000000000, 0.000000000000000000, -0.000000000000000000 ) ) ;
#3515 = ORIENTED_EDGE ( 'NONE', *, *, #3050, .F. ) ;
#3516 = AXIS2_PLACEMENT_3D ( 'NONE', #1876, #2198, #587 ) ;
#3517 = EDGE_LOOP ( 'NONE', ( #2844, #1055, #1902, #4189, #489, #1245, #1002, #2102 ) ) ;
#3518 = LINE ( 'NONE', #611, #2074 ) ;
#3519 = ADVANCED_BREP_SHAPE_REPRESENTATION ( 'IGC033S10S1XTMA1', ( #2974, #1360 ), #1131 ) ;
#3520 = VERTEX_POINT ( 'NONE', #2116 ) ;
#3521 = FACE_OUTER_BOUND ( 'NONE', #628, .T. ) ;
#3522 = ADVANCED_FACE ( 'NONE', ( #4075 ), #3200, .F. ) ;
#3523 = VECTOR ( 'NONE', #1389, 1000.000000000000000 ) ;
#3524 = CARTESIAN_POINT ( 'NONE',  ( -0.4250000000000000444, 0.000000000000000000, 2.500000000000000000 ) ) ;
#3525 = VERTEX_POINT ( 'NONE', #3872 ) ;
#3526 = EDGE_LOOP ( 'NONE', ( #2777, #2989, #1407, #1637, #881 ) ) ;
#3527 = DIRECTION ( 'NONE',  ( 0.000000000000000000, 0.000000000000000000, 1.000000000000000000 ) ) ;
#3528 = AXIS2_PLACEMENT_3D ( 'NONE', #3042, #115, #2692 ) ;
#3529 = PLANE ( 'NONE',  #60 ) ;
#3530 = VERTEX_POINT ( 'NONE', #3240 ) ;
#3531 = EDGE_CURVE ( 'NONE', #2812, #2122, #629, .T. ) ;
#3532 = FILL_AREA_STYLE ('',( #669 ) ) ;
#3533 = FACE_OUTER_BOUND ( 'NONE', #2917, .T. ) ;
#3534 = ORIENTED_EDGE ( 'NONE', *, *, #1806, .T. ) ;
#3535 = ORIENTED_EDGE ( 'NONE', *, *, #1797, .T. ) ;
#3536 = CARTESIAN_POINT ( 'NONE',  ( 0.000000000000000000, -0.05000000000000000278, 0.000000000000000000 ) ) ;
#3537 = VECTOR ( 'NONE', #1301, 1000.000000000000000 ) ;
#3538 = ORIENTED_EDGE ( 'NONE', *, *, #2391, .F. ) ;
#3539 = PRESENTATION_STYLE_ASSIGNMENT (( #358 ) ) ;
#3540 = SURFACE_STYLE_USAGE ( .BOTH. , #1989 ) ;
#3541 = LINE ( 'NONE', #4166, #2941 ) ;
#3542 = ORIENTED_EDGE ( 'NONE', *, *, #883, .T. ) ;
#3543 = VERTEX_POINT ( 'NONE', #1643 ) ;
#3544 = LINE ( 'NONE', #2227, #3148 ) ;
#3545 = AXIS2_PLACEMENT_3D ( 'NONE', #952, #2242, #1603 ) ;
#3546 =( LENGTH_UNIT ( ) NAMED_UNIT ( * ) SI_UNIT ( .MILLI., .METRE. ) );
#3547 = ORIENTED_EDGE ( 'NONE', *, *, #1788, .F. ) ;
#3548 = CIRCLE ( 'NONE', #3020, 0.1239999999999999714 ) ;
#3549 = LINE ( 'NONE', #2212, #993 ) ;
#3550 = CARTESIAN_POINT ( 'NONE',  ( 1.499999999999999778, 0.1499999999999999667, 2.500000000000000000 ) ) ;
#3551 = EDGE_CURVE ( 'NONE', #80, #2910, #1937, .T. ) ;
#3552 = ORIENTED_EDGE ( 'NONE', *, *, #894, .T. ) ;
#3553 = EDGE_CURVE ( 'NONE', #2018, #1880, #279, .T. ) ;
#3554 = ORIENTED_EDGE ( 'NONE', *, *, #4007, .T. ) ;
#3555 = LINE ( 'NONE', #19, #1739 ) ;
#3556 = APPLICATION_CONTEXT ( 'automotive_design' ) ;
#3557 = ORIENTED_EDGE ( 'NONE', *, *, #3670, .T. ) ;
#3558 = DIRECTION ( 'NONE',  ( 0.000000000000000000, 0.000000000000000000, 1.000000000000000000 ) ) ;
#3559 = CARTESIAN_POINT ( 'NONE',  ( 1.074999999999999956, -0.05000000000000000278, -2.448999999999999844 ) ) ;
#3560 = CARTESIAN_POINT ( 'NONE',  ( 0.6749999999999996003, 0.000000000000000000, 2.500000000000000000 ) ) ;
#3561 = ORIENTED_EDGE ( 'NONE', *, *, #2890, .T. ) ;
#3562 = VERTEX_POINT ( 'NONE', #966 ) ;
#3563 = PRESENTATION_LAYER_ASSIGNMENT (  '', '', ( #3701 ) ) ;
#3564 = DIRECTION ( 'NONE',  ( 0.000000000000000000, -0.000000000000000000, -1.000000000000000000 ) ) ;
#3565 = STYLED_ITEM ( 'NONE', ( #1955 ), #1043 ) ;
#3566 = ORIENTED_EDGE ( 'NONE', *, *, #1826, .F. ) ;
#3567 = VECTOR ( 'NONE', #2576, 1000.000000000000000 ) ;
#3568 = EDGE_CURVE ( 'NONE', #1880, #2652, #2218, .T. ) ;
#3569 = EDGE_CURVE ( 'NONE', #2332, #2696, #1259, .T. ) ;
#3570 = DIRECTION ( 'NONE',  ( 0.000000000000000000, -1.000000000000000000, 0.000000000000000000 ) ) ;
#3571 = ORIENTED_EDGE ( 'NONE', *, *, #3339, .F. ) ;
#3572 = DIRECTION ( 'NONE',  ( 2.085004177856723489E-15, 0.000000000000000000, -1.000000000000000000 ) ) ;
#3573 = VERTEX_POINT ( 'NONE', #2538 ) ;
#3574 = AXIS2_PLACEMENT_3D ( 'NONE', #1852, #3449, #2788 ) ;
#3575 = ORIENTED_EDGE ( 'NONE', *, *, #4151, .F. ) ;
#3576 = DIRECTION ( 'NONE',  ( -0.000000000000000000, 1.000000000000000000, 0.000000000000000000 ) ) ;
#3577 = CARTESIAN_POINT ( 'NONE',  ( -0.0009999999999992111553, 0.1499999999999999944, 2.325000000000000178 ) ) ;
#3578 = VERTEX_POINT ( 'NONE', #590 ) ;
#3579 =( NAMED_UNIT ( * ) SI_UNIT ( $, .STERADIAN. ) SOLID_ANGLE_UNIT ( ) );
#3580 = DIRECTION ( 'NONE',  ( 0.000000000000000000, 1.000000000000000000, 0.000000000000000000 ) ) ;
#3581 = VERTEX_POINT ( 'NONE', #2555 ) ;
#3582 = VECTOR ( 'NONE', #1789, 1000.000000000000000 ) ;
#3583 = EDGE_CURVE ( 'NONE', #828, #1627, #2253, .T. ) ;
#3584 = LINE ( 'NONE', #2627, #2071 ) ;
#3585 = LINE ( 'NONE', #3900, #3150 ) ;
#3586 = PRESENTATION_LAYER_ASSIGNMENT (  '', '', ( #2427 ) ) ;
#3587 = EDGE_CURVE ( 'NONE', #1597, #1773, #652, .T. ) ;
#3588 = ORIENTED_EDGE ( 'NONE', *, *, #2891, .F. ) ;
#3589 = DIRECTION ( 'NONE',  ( -0.000000000000000000, 0.000000000000000000, 1.000000000000000000 ) ) ;
#3590 = ORIENTED_EDGE ( 'NONE', *, *, #243, .F. ) ;
#3591 = EDGE_CURVE ( 'NONE', #1894, #2863, #1300, .T. ) ;
#3592 = EDGE_CURVE ( 'NONE', #736, #1894, #2918, .T. ) ;
#3593 = LINE ( 'NONE', #1047, #3506 ) ;
#3594 = ORIENTED_EDGE ( 'NONE', *, *, #1396, .F. ) ;
#3595 = CARTESIAN_POINT ( 'NONE',  ( 0.9580000000000005178, 0.9719999999999999751, -1.643000000000000460 ) ) ;
#3596 = LINE ( 'NONE', #1979, #287 ) ;
#3597 = ORIENTED_EDGE ( 'NONE', *, *, #2371, .F. ) ;
#3598 = ORIENTED_EDGE ( 'NONE', *, *, #2059, .T. ) ;
#3599 = CARTESIAN_POINT ( 'NONE',  ( -1.500000000000000222, 0.000000000000000000, -2.500000000000000000 ) ) ;
#3600 = CARTESIAN_POINT ( 'NONE',  ( -1.500000000000000222, 0.000000000000000000, 2.500000000000000000 ) ) ;
#3601 = ORIENTED_EDGE ( 'NONE', *, *, #3569, .T. ) ;
#3602 = CARTESIAN_POINT ( 'NONE',  ( 1.500999999999999224, 0.1499999999999999944, 2.084999999999999964 ) ) ;
#3603 = CARTESIAN_POINT ( 'NONE',  ( -0.2260000000000002840, -0.05000000000000000278, -2.501000000000006551 ) ) ;
#3604 = ORIENTED_EDGE ( 'NONE', *, *, #2406, .T. ) ;
#3605 = CARTESIAN_POINT ( 'NONE',  ( -1.200000000000000400, -0.05000000000000000278, -2.448999999999999844 ) ) ;
#3606 = VECTOR ( 'NONE', #2806, 1000.000000000000000 ) ;
#3607 = LINE ( 'NONE', #2671, #4170 ) ;
#3608 = DIRECTION ( 'NONE',  ( 1.000000000000000000, 0.000000000000000000, 0.000000000000000000 ) ) ;
#3609 = ORIENTED_EDGE ( 'NONE', *, *, #2557, .F. ) ;
#3610 = DIRECTION ( 'NONE',  ( -1.000000000000000000, -0.000000000000000000, -7.367662997569912943E-15 ) ) ;
#3611 = EDGE_CURVE ( 'NONE', #747, #373, #1959, .T. ) ;
#3612 = CARTESIAN_POINT ( 'NONE',  ( 1.308000000000000496, 0.9819999999999999840, -2.168000000000000593 ) ) ;
#3613 = ORIENTED_EDGE ( 'NONE', *, *, #3056, .T. ) ;
#3614 = EDGE_CURVE ( 'NONE', #1024, #2151, #2939, .T. ) ;
#3615 = CARTESIAN_POINT ( 'NONE',  ( -0.6500000000000002442, -0.05000000000000000278, -2.324999999999999734 ) ) ;
#3616 = EDGE_CURVE ( 'NONE', #242, #1880, #41, .T. ) ;
#3617 = ORIENTED_EDGE ( 'NONE', *, *, #1388, .F. ) ;
#3618 = DIRECTION ( 'NONE',  ( 0.000000000000000000, 0.000000000000000000, 1.000000000000000000 ) ) ;
#3619 = LINE ( 'NONE', #2377, #15 ) ;
#3620 = EDGE_CURVE ( 'NONE', #3869, #4036, #3555, .T. ) ;
#3621 = EDGE_CURVE ( 'NONE', #2622, #507, #3916, .T. ) ;
#3622 = VERTEX_POINT ( 'NONE', #3184 ) ;
#3623 = LINE ( 'NONE', #1088, #3786 ) ;
#3624 = DIRECTION ( 'NONE',  ( 0.000000000000000000, -1.000000000000000000, 0.000000000000000000 ) ) ;
#3625 = ORIENTED_EDGE ( 'NONE', *, *, #1517, .F. ) ;
#3626 = FILL_AREA_STYLE_COLOUR ( '', #1209 ) ;
#3627 = DIRECTION ( 'NONE',  ( -5.212510444641938884E-16, 0.000000000000000000, 1.000000000000000000 ) ) ;
#3628 = ORIENTED_EDGE ( 'NONE', *, *, #3568, .T. ) ;
#3629 = VECTOR ( 'NONE', #3000, 1000.000000000000000 ) ;
#3630 = CYLINDRICAL_SURFACE ( 'NONE', #789, 0.1239999999999999714 ) ;
#3631 = CARTESIAN_POINT ( 'NONE',  ( -1.500999999999937273, 0.1499999999999999944, -1.199999999999864730 ) ) ;
#3632 = DIRECTION ( 'NONE',  ( 2.085004177856723489E-15, 0.000000000000000000, -1.000000000000000000 ) ) ;
#3633 = EDGE_LOOP ( 'NONE', ( #930, #1316, #1619, #873 ) ) ;
#3634 = DIRECTION ( 'NONE',  ( -1.000000000000000000, 0.000000000000000000, 0.000000000000000000 ) ) ;
#3635 = ORIENTED_EDGE ( 'NONE', *, *, #1569, .T. ) ;
#3636 = DIRECTION ( 'NONE',  ( -1.000000000000000000, -0.000000000000000000, -7.367662997569912943E-15 ) ) ;
#3637 = AXIS2_PLACEMENT_3D ( 'NONE', #360, #2581, #681 ) ;
#3638 = DIRECTION ( 'NONE',  ( 2.085004177856462770E-15, 0.000000000000000000, 1.000000000000000000 ) ) ;
#3639 = CARTESIAN_POINT ( 'NONE',  ( 0.5509999999999999343, 0.1499999999999999944, 2.449000000000000288 ) ) ;
#3640 = CARTESIAN_POINT ( 'NONE',  ( -0.5490000000000000435, -0.05000000000000000278, 2.449000000000000288 ) ) ;
#3641 = DIRECTION ( 'NONE',  ( 0.000000000000000000, 0.000000000000000000, -1.000000000000000000 ) ) ;
#3642 = DIRECTION ( 'NONE',  ( 0.000000000000000000, -1.000000000000000000, 0.000000000000000000 ) ) ;
#3643 = ORIENTED_EDGE ( 'NONE', *, *, #2195, .F. ) ;
#3644 = EDGE_CURVE ( 'NONE', #2049, #828, #1240, .T. ) ;
#3645 = VECTOR ( 'NONE', #2643, 1000.000000000000000 ) ;
#3646 = EDGE_CURVE ( 'NONE', #2884, #893, #3518, .T. ) ;
#3647 = VERTEX_POINT ( 'NONE', #1578 ) ;
#3648 = DIRECTION ( 'NONE',  ( 0.000000000000000000, -0.000000000000000000, -1.000000000000000000 ) ) ;
#3649 = EDGE_CURVE ( 'NONE', #3014, #3411, #2878, .T. ) ;
#3650 = VECTOR ( 'NONE', #1425, 1000.000000000000000 ) ;
#3651 = LINE ( 'NONE', #1039, #432 ) ;
#3652 = EDGE_CURVE ( 'NONE', #2636, #3869, #258, .T. ) ;
#3653 = SURFACE_STYLE_USAGE ( .BOTH. , #4008 ) ;
#3654 = CARTESIAN_POINT ( 'NONE',  ( -1.500999999999999668, -0.05000000000000000278, -2.024999999999999911 ) ) ;
#3655 = CARTESIAN_POINT ( 'NONE',  ( -0.7760000000000003562, 0.1499999999999999944, -2.500000000000000000 ) ) ;
#3656 = ORIENTED_EDGE ( 'NONE', *, *, #558, .T. ) ;
#3657 = MECHANICAL_DESIGN_GEOMETRIC_PRESENTATION_REPRESENTATION (  '', ( #3324 ), #3325 ) ;
#3658 = LINE ( 'NONE', #2958, #2901 ) ;
#3659 = DIRECTION ( 'NONE',  ( -0.000000000000000000, -0.000000000000000000, 1.000000000000000000 ) ) ;
#3660 = CARTESIAN_POINT ( 'NONE',  ( 1.499999999999999778, 0.1499999999999999667, -0.9499999999998784972 ) ) ;
#3661 = PLANE ( 'NONE',  #744 ) ;
#3662 = SURFACE_STYLE_USAGE ( .BOTH. , #106 ) ;
#3663 = LINE ( 'NONE', #2280, #1368 ) ;
#3664 = ORIENTED_EDGE ( 'NONE', *, *, #174, .T. ) ;
#3665 = DIRECTION ( 'NONE',  ( 0.000000000000000000, 0.000000000000000000, 1.000000000000000000 ) ) ;
#3666 = VECTOR ( 'NONE', #3971, 1000.000000000000000 ) ;
#3667 = DIRECTION ( 'NONE',  ( 0.000000000000000000, 0.000000000000000000, -1.000000000000000000 ) ) ;
#3668 = FACE_OUTER_BOUND ( 'NONE', #3313, .T. ) ;
#3669 = VECTOR ( 'NONE', #772, 1000.000000000000000 ) ;
#3670 = EDGE_CURVE ( 'NONE', #3922, #3419, #1712, .T. ) ;
#3671 = LINE ( 'NONE', #1722, #1477 ) ;
#3672 = ORIENTED_EDGE ( 'NONE', *, *, #3611, .T. ) ;
#3673 = LINE ( 'NONE', #3360, #1266 ) ;
#3674 = DIRECTION ( 'NONE',  ( 0.000000000000000000, 0.000000000000000000, -1.000000000000000000 ) ) ;
#3675 = DIRECTION ( 'NONE',  ( 0.000000000000000000, 0.000000000000000000, -1.000000000000000000 ) ) ;
#3676 = VERTEX_POINT ( 'NONE', #1749 ) ;
#3677 = CARTESIAN_POINT ( 'NONE',  ( -1.500000000000000222, 0.9320000000000000506, 2.500000000000000000 ) ) ;
#3678 = FACE_OUTER_BOUND ( 'NONE', #787, .T. ) ;
#3679 = EDGE_CURVE ( 'NONE', #1640, #1967, #3983, .T. ) ;
#3680 = DIRECTION ( 'NONE',  ( 0.000000000000000000, 0.000000000000000000, -1.000000000000000000 ) ) ;
#3681 = VERTEX_POINT ( 'NONE', #1394 ) ;
#3682 = STYLED_ITEM ( 'NONE', ( #3862 ), #2865 ) ;
#3683 = FILL_AREA_STYLE ('',( #2383 ) ) ;
#3684 = CARTESIAN_POINT ( 'NONE',  ( -1.076000000000000290, 0.1499999999999999944, -2.501000000000006551 ) ) ;
#3685 = VECTOR ( 'NONE', #177, 1000.000000000000000 ) ;
#3686 = SURFACE_STYLE_FILL_AREA ( #136 ) ;
#3687 = CARTESIAN_POINT ( 'NONE',  ( 0.3239999999999997327, -0.05000000000000000278, -2.501000000000006551 ) ) ;
#3688 = CARTESIAN_POINT ( 'NONE',  ( -1.500999999999997669, 0.1499999999999999944, 2.084999999999999964 ) ) ;
#3689 = ORIENTED_EDGE ( 'NONE', *, *, #3098, .F. ) ;
#3690 = ORIENTED_EDGE ( 'NONE', *, *, #2261, .T. ) ;
#3691 = CARTESIAN_POINT ( 'NONE',  ( -0.6500000000000002442, -0.05000000000000000278, -2.448999999999999844 ) ) ;
#3692 = EDGE_CURVE ( 'NONE', #2038, #2438, #1071, .T. ) ;
#3693 = DIRECTION ( 'NONE',  ( 0.000000000000000000, -1.000000000000000000, 0.000000000000000000 ) ) ;
#3694 = VECTOR ( 'NONE', #2805, 1000.000000000000000 ) ;
#3695 = UNCERTAINTY_MEASURE_WITH_UNIT (LENGTH_MEASURE( 1.000000000000000082E-05 ), #1116, 'distance_accuracy_value', 'NONE');
#3696 = EDGE_CURVE ( 'NONE', #1888, #1792, #3623, .T. ) ;
#3697 = DIRECTION ( 'NONE',  ( -1.000000000000000000, 0.000000000000000000, 7.204001146083088771E-16 ) ) ;
#3698 = DIRECTION ( 'NONE',  ( 2.203098814490959257E-13, 0.000000000000000000, 1.000000000000000000 ) ) ;
#3699 = EDGE_CURVE ( 'NONE', #4084, #845, #3012, .T. ) ;
#3700 = ORIENTED_EDGE ( 'NONE', *, *, #2411, .T. ) ;
#3701 = STYLED_ITEM ( 'NONE', ( #3837 ), #3244 ) ;
#3702 = LINE ( 'NONE', #1472, #2829 ) ;
#3703 = SURFACE_STYLE_FILL_AREA ( #4022 ) ;
#3704 = VECTOR ( 'NONE', #23, 1000.000000000000000 ) ;
#3705 = DIRECTION ( 'NONE',  ( 0.000000000000000000, -1.000000000000000000, 0.000000000000000000 ) ) ;
#3706 = VECTOR ( 'NONE', #946, 1000.000000000000000 ) ;
#3707 = ORIENTED_EDGE ( 'NONE', *, *, #2508, .F. ) ;
#3708 = ORIENTED_EDGE ( 'NONE', *, *, #1229, .T. ) ;
#3709 = AXIS2_PLACEMENT_3D ( 'NONE', #2830, #1494, #3388 ) ;
#3710 = CARTESIAN_POINT ( 'NONE',  ( -1.500000000000000222, 0.1499999999999999667, -2.024999999999999467 ) ) ;
#3711 = AXIS2_PLACEMENT_3D ( 'NONE', #182, #4037, #3402 ) ;
#3712 = CARTESIAN_POINT ( 'NONE',  ( -0.5509999999999991571, 0.000000000000000000, 2.325000000000000178 ) ) ;
#3713 =( NAMED_UNIT ( * ) PLANE_ANGLE_UNIT ( ) SI_UNIT ( $, .RADIAN. ) );
#3714 = ORIENTED_EDGE ( 'NONE', *, *, #2146, .T. ) ;
#3715 = EDGE_CURVE ( 'NONE', #2284, #4047, #2664, .T. ) ;
#3716 = ORIENTED_EDGE ( 'NONE', *, *, #3886, .T. ) ;
#3717 = FACE_OUTER_BOUND ( 'NONE', #38, .T. ) ;
#3718 = VECTOR ( 'NONE', #3359, 1000.000000000000000 ) ;
#3719 = ORIENTED_EDGE ( 'NONE', *, *, #1945, .F. ) ;
#3720 = CARTESIAN_POINT ( 'NONE',  ( 0.7749999999999999112, 0.1499999999999999944, -2.501000000000000334 ) ) ;
#3721 = DIRECTION ( 'NONE',  ( 0.000000000000000000, 0.000000000000000000, -1.000000000000000000 ) ) ;
#3722 = LINE ( 'NONE', #2129, #623 ) ;
#3723 = ADVANCED_FACE ( 'NONE', ( #2044 ), #715, .T. ) ;
#3724 =( NAMED_UNIT ( * ) SI_UNIT ( $, .STERADIAN. ) SOLID_ANGLE_UNIT ( ) );
#3725 = LINE ( 'NONE', #231, #3043 ) ;
#3726 = DIRECTION ( 'NONE',  ( -1.000000000000000000, -0.000000000000000000, -0.000000000000000000 ) ) ;
#3727 = LINE ( 'NONE', #1155, #1498 ) ;
#3728 = ORIENTED_EDGE ( 'NONE', *, *, #230, .T. ) ;
#3729 = ORIENTED_EDGE ( 'NONE', *, *, #1464, .T. ) ;
#3730 = PLANE ( 'NONE',  #2613 ) ;
#3731 = PLANE ( 'NONE',  #2440 ) ;
#3732 = COLOUR_RGB ( '',0.2509803921568627416, 0.2509803921568627416, 0.2509803921568627416 ) ;
#3733 = CARTESIAN_POINT ( 'NONE',  ( 0.02399999999999982356, 0.1499999999999999944, -2.501000000000000334 ) ) ;
#3734 = CARTESIAN_POINT ( 'NONE',  ( -0.7760000000000003562, -0.05000000000000000278, -2.501000000000006551 ) ) ;
#3735 = EDGE_LOOP ( 'NONE', ( #708, #2584, #1519, #2246 ) ) ;
#3736 = ORIENTED_EDGE ( 'NONE', *, *, #2522, .F. ) ;
#3737 = DIRECTION ( 'NONE',  ( -0.000000000000000000, 1.000000000000000000, -0.000000000000000000 ) ) ;
#3738 = VECTOR ( 'NONE', #3868, 1000.000000000000000 ) ;
#3739 = EDGE_CURVE ( 'NONE', #4084, #3928, #2064, .T. ) ;
#3740 = ORIENTED_EDGE ( 'NONE', *, *, #2107, .F. ) ;
#3741 = DIRECTION ( 'NONE',  ( 0.000000000000000000, 0.000000000000000000, -1.000000000000000000 ) ) ;
#3742 = VECTOR ( 'NONE', #3424, 1000.000000000000000 ) ;
#3743 = CARTESIAN_POINT ( 'NONE',  ( -1.500999999999997669, 0.1499999999999999944, 2.084999999999999964 ) ) ;
#3744 = CARTESIAN_POINT ( 'NONE',  ( 0.7749999999999999112, 0.1499999999999999944, -2.149000000000000021 ) ) ;
#3745 = DIRECTION ( 'NONE',  ( 0.000000000000000000, -1.000000000000000000, 0.000000000000000000 ) ) ;
#3746 = ADVANCED_FACE ( 'NONE', ( #1053 ), #2704, .F. ) ;
#3747 = FACE_OUTER_BOUND ( 'NONE', #2536, .T. ) ;
#3748 = PLANE ( 'NONE',  #3849 ) ;
#3749 = LINE ( 'NONE', #544, #1973 ) ;
#3750 = ORIENTED_EDGE ( 'NONE', *, *, #1488, .T. ) ;
#3751 = ORIENTED_EDGE ( 'NONE', *, *, #857, .T. ) ;
#3752 =( LENGTH_UNIT ( ) NAMED_UNIT ( * ) SI_UNIT ( .MILLI., .METRE. ) );
#3753 = CARTESIAN_POINT ( 'NONE',  ( -1.500999999999954371, 0.1499999999999999944, 1.199999999999989519 ) ) ;
#3754 = VECTOR ( 'NONE', #805, 1000.000000000000000 ) ;
#3755 = EDGE_CURVE ( 'NONE', #1302, #2301, #457, .T. ) ;
#3756 = DIRECTION ( 'NONE',  ( -4.170008355713446977E-15, 0.000000000000000000, -1.000000000000000000 ) ) ;
#3757 = PLANE ( 'NONE',  #2462 ) ;
#3758 = VECTOR ( 'NONE', #635, 1000.000000000000000 ) ;
#3759 = EDGE_LOOP ( 'NONE', ( #2953, #924, #2947, #26 ) ) ;
#3760 = ORIENTED_EDGE ( 'NONE', *, *, #399, .F. ) ;
#3761 = CARTESIAN_POINT ( 'NONE',  ( 1.198999999999999844, 0.1499999999999999944, -2.448999999999999844 ) ) ;
#3762 = EDGE_LOOP ( 'NONE', ( #2392, #662, #552, #3252 ) ) ;
#3763 = CIRCLE ( 'NONE', #2133, 0.1239999999999999714 ) ;
#3764 = LINE ( 'NONE', #849, #2418 ) ;
#3765 = CARTESIAN_POINT ( 'NONE',  ( 0.4249999999999999889, 0.1499999999999999944, 2.501000000000000334 ) ) ;
#3766 = CARTESIAN_POINT ( 'NONE',  ( 0.5509999999999999343, 0.000000000000000000, 2.325000000000000178 ) ) ;
#3767 = PRESENTATION_STYLE_ASSIGNMENT (( #1213 ) ) ;
#3768 = CARTESIAN_POINT ( 'NONE',  ( 1.500999999999992340, -0.05000000000000000278, -0.1249999999998723937 ) ) ;
#3769 = EDGE_CURVE ( 'NONE', #1210, #2167, #3285, .T. ) ;
#3770 = DIRECTION ( 'NONE',  ( 0.000000000000000000, 0.000000000000000000, 1.000000000000000000 ) ) ;
#3771 = VERTEX_POINT ( 'NONE', #3938 ) ;
#3772 = STYLED_ITEM ( 'NONE', ( #462 ), #3407 ) ;
#3773 = ORIENTED_EDGE ( 'NONE', *, *, #1604, .F. ) ;
#3774 = AXIS2_PLACEMENT_3D ( 'NONE', #337, #2881, #2305 ) ;
#3775 = PLANE ( 'NONE',  #3504 ) ;
#3776 = AXIS2_PLACEMENT_3D ( 'NONE', #3753, #2220, #3123 ) ;
#3777 = ADVANCED_FACE ( 'NONE', ( #1031 ), #2321, .F. ) ;
#3778 = CIRCLE ( 'NONE', #54, 0.1239999999999999714 ) ;
#3779 = EDGE_CURVE ( 'NONE', #2908, #1640, #3702, .T. ) ;
#3780 = EDGE_CURVE ( 'NONE', #1010, #3323, #165, .T. ) ;
#3781 = LINE ( 'NONE', #2119, #1188 ) ;
#3782 = CARTESIAN_POINT ( 'NONE',  ( 0.9580000000000005178, 0.9819999999999999840, -1.818000000000000060 ) ) ;
#3783 = ORIENTED_EDGE ( 'NONE', *, *, #1543, .T. ) ;
#3784 = EDGE_LOOP ( 'NONE', ( #2983, #3814, #1275, #610 ) ) ;
#3785 = FILL_AREA_STYLE ('',( #285 ) ) ;
#3786 = VECTOR ( 'NONE', #396, 1000.000000000000000 ) ;
#3787 = VERTEX_POINT ( 'NONE', #1769 ) ;
#3788 = DIRECTION ( 'NONE',  ( 0.000000000000000000, 0.000000000000000000, 1.000000000000000000 ) ) ;
#3789 = CARTESIAN_POINT ( 'NONE',  ( -1.500999999999987011, -0.05000000000000000278, -0.1249999999999142353 ) ) ;
#3790 = CARTESIAN_POINT ( 'NONE',  ( 0.9749999999999999778, 0.9320000000000000506, 2.500000000000000000 ) ) ;
#3791 = VECTOR ( 'NONE', #1339, 1000.000000000000000 ) ;
#3792 = CARTESIAN_POINT ( 'NONE',  ( 0.8989999999999997993, 0.1499999999999999944, -2.024999999999999911 ) ) ;
#3793 = CARTESIAN_POINT ( 'NONE',  ( 0.9580000000000005178, 0.9719999999999999751, -1.992999999999999883 ) ) ;
#3794 = VECTOR ( 'NONE', #2505, 1000.000000000000000 ) ;
#3795 = CARTESIAN_POINT ( 'NONE',  ( 1.499999999999999778, 0.1499999999999999667, 0.9500000000000473621 ) ) ;
#3796 = VERTEX_POINT ( 'NONE', #815 ) ;
#3797 = VERTEX_POINT ( 'NONE', #2425 ) ;
#3798 = PLANE ( 'NONE',  #2408 ) ;
#3799 = EDGE_CURVE ( 'NONE', #1157, #1375, #3093, .T. ) ;
#3800 = PLANE ( 'NONE',  #2887 ) ;
#3801 = LINE ( 'NONE', #1546, #2271 ) ;
#3802 = ORIENTED_EDGE ( 'NONE', *, *, #1775, .T. ) ;
#3803 = FACE_OUTER_BOUND ( 'NONE', #1016, .T. ) ;
#3804 = EDGE_CURVE ( 'NONE', #4119, #2237, #2467, .T. ) ;
#3805 = ORIENTED_EDGE ( 'NONE', *, *, #3863, .F. ) ;
#3806 = SHAPE_DEFINITION_REPRESENTATION ( #3497, #3519 ) ;
#3807 = CARTESIAN_POINT ( 'NONE',  ( 1.500999999999977463, 0.1499999999999999944, 1.199999999999999956 ) ) ;
#3808 = LINE ( 'NONE', #3385, #1160 ) ;
#3809 = VECTOR ( 'NONE', #3152, 1000.000000000000000 ) ;
#3810 = FACE_OUTER_BOUND ( 'NONE', #3759, .T. ) ;
#3811 = VECTOR ( 'NONE', #4138, 1000.000000000000000 ) ;
#3812 = LINE ( 'NONE', #3471, #599 ) ;
#3813 = CIRCLE ( 'NONE', #4011, 0.1239999999999999714 ) ;
#3814 = ORIENTED_EDGE ( 'NONE', *, *, #1004, .F. ) ;
#3815 = DIRECTION ( 'NONE',  ( -1.042502088928387777E-15, -0.000000000000000000, -1.000000000000000000 ) ) ;
#3816 = ORIENTED_EDGE ( 'NONE', *, *, #170, .F. ) ;
#3817 = VERTEX_POINT ( 'NONE', #3768 ) ;
#3818 = DIRECTION ( 'NONE',  ( -1.000000000000000000, -0.000000000000000000, -0.000000000000000000 ) ) ;
#3819 = CARTESIAN_POINT ( 'NONE',  ( -1.500000000000000222, 0.1499999999999999944, -2.324999999999999734 ) ) ;
#3820 = CYLINDRICAL_SURFACE ( 'NONE', #571, 0.1239999999999999714 ) ;
#3821 = EDGE_LOOP ( 'NONE', ( #1577, #3773, #577, #2611, #57 ) ) ;
#3822 = DIRECTION ( 'NONE',  ( 0.000000000000000000, 0.000000000000000000, -1.000000000000000000 ) ) ;
#3823 = ORIENTED_EDGE ( 'NONE', *, *, #2546, .T. ) ;
#3824 = AXIS2_PLACEMENT_3D ( 'NONE', #1740, #4030, #1440 ) ;
#3825 = EDGE_CURVE ( 'NONE', #653, #1597, #188, .T. ) ;
#3826 = PLANE ( 'NONE',  #308 ) ;
#3827 = LINE ( 'NONE', #1171, #3120 ) ;
#3828 = CYLINDRICAL_SURFACE ( 'NONE', #4056, 0.1239999999999999714 ) ;
#3829 = VERTEX_POINT ( 'NONE', #1787 ) ;
#3830 = EDGE_CURVE ( 'NONE', #724, #3014, #799, .T. ) ;
#3831 = PLANE ( 'NONE',  #1870 ) ;
#3832 = CARTESIAN_POINT ( 'NONE',  ( -1.500999999999954371, -0.05000000000000000278, 1.199999999999989519 ) ) ;
#3833 = ORIENTED_EDGE ( 'NONE', *, *, #275, .T. ) ;
#3834 = ORIENTED_EDGE ( 'NONE', *, *, #1884, .F. ) ;
#3835 = CARTESIAN_POINT ( 'NONE',  ( 1.500999999999977463, 0.1499999999999999944, 1.199999999999999956 ) ) ;
#3836 = DIRECTION ( 'NONE',  ( -0.000000000000000000, 1.000000000000000000, 0.000000000000000000 ) ) ;
#3837 = PRESENTATION_STYLE_ASSIGNMENT (( #3540 ) ) ;
#3838 = LINE ( 'NONE', #3246, #3758 ) ;
#3839 = AXIS2_PLACEMENT_3D ( 'NONE', #3605, #1243, #2222 ) ;
#3840 = EDGE_LOOP ( 'NONE', ( #860, #3972, #2978, #1714 ) ) ;
#3841 = LINE ( 'NONE', #1246, #534 ) ;
#3842 = ORIENTED_EDGE ( 'NONE', *, *, #793, .T. ) ;
#3843 = ADVANCED_FACE ( 'NONE', ( #3747 ), #2399, .T. ) ;
#3844 = PRESENTATION_LAYER_ASSIGNMENT (  '', '', ( #798 ) ) ;
#3845 = CARTESIAN_POINT ( 'NONE',  ( -1.500999999999987011, 0.1499999999999999944, -0.1249999999999142353 ) ) ;
#3846 = CARTESIAN_POINT ( 'NONE',  ( -1.500000000000000222, 0.1499999999999999944, -2.324999999999999734 ) ) ;
#3847 = VECTOR ( 'NONE', #4017, 1000.000000000000000 ) ;
#3848 = EDGE_LOOP ( 'NONE', ( #1844, #294, #3834, #1349 ) ) ;
#3849 = AXIS2_PLACEMENT_3D ( 'NONE', #4094, #1454, #458 ) ;
#3850 = DIRECTION ( 'NONE',  ( -0.000000000000000000, 0.000000000000000000, 1.000000000000000000 ) ) ;
#3851 = VERTEX_POINT ( 'NONE', #542 ) ;
#3852 = ADVANCED_FACE ( 'NONE', ( #2131 ), #249, .T. ) ;
#3853 = VECTOR ( 'NONE', #110, 1000.000000000000000 ) ;
#3854 = ORIENTED_EDGE ( 'NONE', *, *, #1537, .F. ) ;
#3855 = DIRECTION ( 'NONE',  ( 0.000000000000000000, -1.000000000000000000, 0.000000000000000000 ) ) ;
#3856 = ORIENTED_EDGE ( 'NONE', *, *, #2861, .F. ) ;
#3857 = CIRCLE ( 'NONE', #265, 0.1239999999999999714 ) ;
#3858 = DIRECTION ( 'NONE',  ( 0.000000000000000000, 0.000000000000000000, -1.000000000000000000 ) ) ;
#3859 = FACE_OUTER_BOUND ( 'NONE', #1143, .T. ) ;
#3860 = ORIENTED_EDGE ( 'NONE', *, *, #3483, .T. ) ;
#3861 = ORIENTED_EDGE ( 'NONE', *, *, #1537, .T. ) ;
#3862 = PRESENTATION_STYLE_ASSIGNMENT (( #2266 ) ) ;
#3863 = EDGE_CURVE ( 'NONE', #1656, #1949, #1453, .T. ) ;
#3864 = VECTOR ( 'NONE', #2712, 1000.000000000000000 ) ;
#3865 = DIRECTION ( 'NONE',  ( 0.000000000000000000, -1.000000000000000000, 0.000000000000000000 ) ) ;
#3866 = ORIENTED_EDGE ( 'NONE', *, *, #1981, .T. ) ;
#3867 = CARTESIAN_POINT ( 'NONE',  ( 1.074999999999999734, 0.1499999999999999944, -2.501000000000000334 ) ) ;
#3868 = DIRECTION ( 'NONE',  ( 0.000000000000000000, -1.000000000000000000, 0.000000000000000000 ) ) ;
#3869 = VERTEX_POINT ( 'NONE', #517 ) ;
#3870 = VECTOR ( 'NONE', #859, 1000.000000000000000 ) ;
#3871 = ORIENTED_EDGE ( 'NONE', *, *, #2447, .T. ) ;
#3872 = CARTESIAN_POINT ( 'NONE',  ( 0.9580000000000005178, 0.9719999999999999751, -1.992999999999999883 ) ) ;
#3873 = VERTEX_POINT ( 'NONE', #211 ) ;
#3874 = CARTESIAN_POINT ( 'NONE',  ( 1.499999999999999778, 0.1499999999999999667, -2.024999999999999467 ) ) ;
#3875 = FACE_OUTER_BOUND ( 'NONE', #4176, .T. ) ;
#3876 = CARTESIAN_POINT ( 'NONE',  ( 0.6749999999999999334, -0.05000000000000000278, 2.449000000000001176 ) ) ;
#3877 = ORIENTED_EDGE ( 'NONE', *, *, #1827, .T. ) ;
#3878 = ORIENTED_EDGE ( 'NONE', *, *, #1197, .T. ) ;
#3879 = EDGE_LOOP ( 'NONE', ( #3557, #1226, #2412, #1988 ) ) ;
#3880 = CARTESIAN_POINT ( 'NONE',  ( -0.6750000000000001554, 0.1499999999999999944, 2.449000000000001176 ) ) ;
#3881 = EDGE_LOOP ( 'NONE', ( #255, #613, #937, #575, #3195, #2346, #2957, #1890, #818, #2819, #1456, #3842, #989, #3878, #2005, #1321, #2986, #2293, #2772, #3429 ) ) ;
#3882 = VECTOR ( 'NONE', #2329, 1000.000000000000000 ) ;
#3883 = CYLINDRICAL_SURFACE ( 'NONE', #1471, 0.1239999999999999714 ) ;
#3884 = ORIENTED_EDGE ( 'NONE', *, *, #1697, .F. ) ;
#3885 = AXIS2_PLACEMENT_3D ( 'NONE', #3063, #573, #2410 ) ;
#3886 = EDGE_CURVE ( 'NONE', #3505, #3379, #863, .T. ) ;
#3887 = CARTESIAN_POINT ( 'NONE',  ( -1.500000000000000222, 0.9320000000000000506, -2.500000000000000000 ) ) ;
#3888 = DIRECTION ( 'NONE',  ( 0.000000000000000000, 0.000000000000000000, 1.000000000000000000 ) ) ;
#3889 = ORIENTED_EDGE ( 'NONE', *, *, #3893, .T. ) ;
#3890 = ORIENTED_EDGE ( 'NONE', *, *, #2118, .T. ) ;
#3891 = CARTESIAN_POINT ( 'NONE',  ( -1.500000000000000222, 0.9320000000000000506, -2.024999999999999467 ) ) ;
#3892 = CARTESIAN_POINT ( 'NONE',  ( 1.500999999999977463, 0.1499999999999999944, 1.199999999999999956 ) ) ;
#3893 = EDGE_CURVE ( 'NONE', #736, #80, #4043, .T. ) ;
#3894 = ORIENTED_EDGE ( 'NONE', *, *, #943, .T. ) ;
#3895 = CARTESIAN_POINT ( 'NONE',  ( -1.500000000000000222, 0.9320000000000000506, -0.9499999999999122480 ) ) ;
#3896 = ORIENTED_EDGE ( 'NONE', *, *, #3185, .F. ) ;
#3897 = FILL_AREA_STYLE ('',( #1622 ) ) ;
#3898 = AXIS2_PLACEMENT_3D ( 'NONE', #1105, #1344, #3618 ) ;
#3899 = FILL_AREA_STYLE ('',( #1673 ) ) ;
#3900 = CARTESIAN_POINT ( 'NONE',  ( -0.6750000000000001554, -0.05000000000000000278, 2.449000000000001176 ) ) ;
#3901 = EDGE_CURVE ( 'NONE', #2636, #2943, #856, .T. ) ;
#3902 = EDGE_CURVE ( 'NONE', #4047, #2884, #1128, .T. ) ;
#3903 = EDGE_LOOP ( 'NONE', ( #1470, #3937, #2177, #3783, #967, #4140 ) ) ;
#3904 = AXIS2_PLACEMENT_3D ( 'NONE', #951, #300, #4184 ) ;
#3905 = LINE ( 'NONE', #2247, #905 ) ;
#3906 = COLOUR_RGB ( '',0.2509803921568627416, 0.2509803921568627416, 0.2509803921568627416 ) ;
#3907 = ORIENTED_EDGE ( 'NONE', *, *, #3121, .T. ) ;
#3908 = VECTOR ( 'NONE', #2620, 1000.000000000000000 ) ;
#3909 = SURFACE_STYLE_FILL_AREA ( #710 ) ;
#3910 = VERTEX_POINT ( 'NONE', #3135 ) ;
#3911 = DIRECTION ( 'NONE',  ( 0.000000000000000000, -1.000000000000000000, 0.000000000000000000 ) ) ;
#3912 = LINE ( 'NONE', #3550, #2787 ) ;
#3913 = ORIENTED_EDGE ( 'NONE', *, *, #2710, .T. ) ;
#3914 = MECHANICAL_DESIGN_GEOMETRIC_PRESENTATION_REPRESENTATION (  '', ( #1745 ), #1879 ) ;
#3915 = ORIENTED_EDGE ( 'NONE', *, *, #321, .T. ) ;
#3916 = LINE ( 'NONE', #1012, #58 ) ;
#3917 = FACE_OUTER_BOUND ( 'NONE', #1060, .T. ) ;
#3918 = ORIENTED_EDGE ( 'NONE', *, *, #1202, .T. ) ;
#3919 = DIRECTION ( 'NONE',  ( -1.540059904098698105E-16, -0.000000000000000000, 1.000000000000000000 ) ) ;
#3920 = CARTESIAN_POINT ( 'NONE',  ( 0.000000000000000000, 0.000000000000000000, -2.324999999999999734 ) ) ;
#3921 = EDGE_CURVE ( 'NONE', #2880, #2456, #3725, .T. ) ;
#3922 = VERTEX_POINT ( 'NONE', #4115 ) ;
#3923 =( NAMED_UNIT ( * ) PLANE_ANGLE_UNIT ( ) SI_UNIT ( $, .RADIAN. ) );
#3924 = PRESENTATION_STYLE_ASSIGNMENT (( #634 ) ) ;
#3925 = CARTESIAN_POINT ( 'NONE',  ( -1.307999999999999607, 0.9819999999999999840, 2.167999999999999705 ) ) ;
#3926 = ADVANCED_FACE ( 'NONE', ( #2492 ), #879, .T. ) ;
#3927 = CARTESIAN_POINT ( 'NONE',  ( -1.500000000000000222, 0.1499999999999999667, -2.500000000000000000 ) ) ;
#3928 = VERTEX_POINT ( 'NONE', #3155 ) ;
#3929 = DIRECTION ( 'NONE',  ( 1.000000000000000000, 0.000000000000000000, 0.000000000000000000 ) ) ;
#3930 = ORIENTED_EDGE ( 'NONE', *, *, #3207, .T. ) ;
#3931 = EDGE_CURVE ( 'NONE', #3928, #1704, #346, .T. ) ;
#3932 = EDGE_CURVE ( 'NONE', #3987, #1888, #390, .T. ) ;
#3933 = PRESENTATION_STYLE_ASSIGNMENT (( #1408 ) ) ;
#3934 = VERTEX_POINT ( 'NONE', #4155 ) ;
#3935 = DIRECTION ( 'NONE',  ( -0.000000000000000000, 1.000000000000000000, -0.000000000000000000 ) ) ;
#3936 = FACE_OUTER_BOUND ( 'NONE', #3633, .T. ) ;
#3937 = ORIENTED_EDGE ( 'NONE', *, *, #640, .T. ) ;
#3938 = CARTESIAN_POINT ( 'NONE',  ( 0.3239999999999997327, 0.1499999999999999944, -2.501000000000006551 ) ) ;
#3939 = CARTESIAN_POINT ( 'NONE',  ( -0.1020000000000002016, 0.000000000000000000, -2.324999999999999734 ) ) ;
#3940 = EDGE_LOOP ( 'NONE', ( #3170, #651, #984, #1176, #2811 ) ) ;
#3941 = DIRECTION ( 'NONE',  ( -1.752070710736980829E-13, 0.000000000000000000, -1.000000000000000000 ) ) ;
#3942 =( GEOMETRIC_REPRESENTATION_CONTEXT ( 3 ) GLOBAL_UNCERTAINTY_ASSIGNED_CONTEXT ( ( #3069 ) ) GLOBAL_UNIT_ASSIGNED_CONTEXT ( ( #13, #1897, #293 ) ) REPRESENTATION_CONTEXT ( 'NONE', 'WORKASPACE' ) );
#3943 = LINE ( 'NONE', #2970, #1191 ) ;
#3944 = ORIENTED_EDGE ( 'NONE', *, *, #894, .F. ) ;
#3945 = LINE ( 'NONE', #440, #1061 ) ;
#3946 = VECTOR ( 'NONE', #2442, 1000.000000000000000 ) ;
#3947 = DIRECTION ( 'NONE',  ( 0.000000000000000000, -1.000000000000000000, 0.000000000000000000 ) ) ;
#3948 = DIRECTION ( 'NONE',  ( 1.000000000000000000, 0.000000000000000000, 0.000000000000000000 ) ) ;
#3949 = ORIENTED_EDGE ( 'NONE', *, *, #3799, .T. ) ;
#3950 = DIRECTION ( 'NONE',  ( -0.000000000000000000, 0.000000000000000000, -1.000000000000000000 ) ) ;
#3951 =( LENGTH_UNIT ( ) NAMED_UNIT ( * ) SI_UNIT ( .MILLI., .METRE. ) );
#3952 = VERTEX_POINT ( 'NONE', #3177 ) ;
#3953 = DIRECTION ( 'NONE',  ( 0.000000000000000000, 0.000000000000000000, -1.000000000000000000 ) ) ;
#3954 = ADVANCED_FACE ( 'NONE', ( #1953 ), #3883, .F. ) ;
#3955 = EDGE_LOOP ( 'NONE', ( #344, #2252, #1238, #2031 ) ) ;
#3956 = ADVANCED_FACE ( 'NONE', ( #2231 ), #2871, .T. ) ;
#3957 = VECTOR ( 'NONE', #2409, 1000.000000000000000 ) ;
#3958 = CARTESIAN_POINT ( 'NONE',  ( 0.3239999999999997327, 0.1499999999999999944, -2.501000000000006551 ) ) ;
#3959 = PLANE ( 'NONE',  #1707 ) ;
#3960 = ORIENTED_EDGE ( 'NONE', *, *, #2465, .T. ) ;
#3961 = CARTESIAN_POINT ( 'NONE',  ( 1.500999999999999668, 0.1499999999999999944, -0.9499999999998782751 ) ) ;
#3962 = LINE ( 'NONE', #988, #2789 ) ;
#3963 = AXIS2_PLACEMENT_3D ( 'NONE', #3880, #2654, #3950 ) ;
#3964 = ADVANCED_FACE ( 'NONE', ( #936 ), #3529, .T. ) ;
#3965 = ORIENTED_EDGE ( 'NONE', *, *, #3553, .T. ) ;
#3966 = CARTESIAN_POINT ( 'NONE',  ( 1.499999999999999778, 0.9320000000000000506, -2.024999999999999467 ) ) ;
#3967 = EDGE_LOOP ( 'NONE', ( #1343, #1912, #1649, #2799, #164, #1087, #2575, #3913 ) ) ;
#3968 = VECTOR ( 'NONE', #2085, 1000.000000000000000 ) ;
#3969 = CARTESIAN_POINT ( 'NONE',  ( -1.500999999999998114, 0.1499999999999999944, 0.9500000000000473621 ) ) ;
#3970 = DIRECTION ( 'NONE',  ( -1.000000000000000000, -0.000000000000000000, -3.467135528268181101E-15 ) ) ;
#3971 = DIRECTION ( 'NONE',  ( -1.000000000000000000, -0.000000000000000000, -0.000000000000000000 ) ) ;
#3972 = ORIENTED_EDGE ( 'NONE', *, *, #2765, .T. ) ;
#3973 = LINE ( 'NONE', #2035, #3502 ) ;
#3974 = CARTESIAN_POINT ( 'NONE',  ( -1.500999999999937273, 0.1499999999999999944, -1.199999999999864730 ) ) ;
#3975 = ORIENTED_EDGE ( 'NONE', *, *, #913, .F. ) ;
#3976 = EDGE_CURVE ( 'NONE', #1732, #1822, #1572, .T. ) ;
#3977 = PRESENTATION_LAYER_ASSIGNMENT (  '', '', ( #3036 ) ) ;
#3978 = LINE ( 'NONE', #414, #2219 ) ;
#3979 = VECTOR ( 'NONE', #2795, 1000.000000000000000 ) ;
#3980 = CARTESIAN_POINT ( 'NONE',  ( -1.500000000000000222, 0.000000000000000000, 1.199999999999994627 ) ) ;
#3981 = LINE ( 'NONE', #3052, #3669 ) ;
#3982 = ORIENTED_EDGE ( 'NONE', *, *, #2371, .T. ) ;
#3983 = LINE ( 'NONE', #752, #2484 ) ;
#3984 = LINE ( 'NONE', #2363, #2446 ) ;
#3985 = CARTESIAN_POINT ( 'NONE',  ( -1.500999999999954371, 0.1499999999999999944, 1.199999999999989519 ) ) ;
#3986 = EDGE_CURVE ( 'NONE', #2851, #1977, #594, .T. ) ;
#3987 = VERTEX_POINT ( 'NONE', #2638 ) ;
#3988 = LINE ( 'NONE', #721, #3234 ) ;
#3989 = VECTOR ( 'NONE', #1657, 1000.000000000000000 ) ;
#3990 = LINE ( 'NONE', #1651, #2125 ) ;
#3991 = VECTOR ( 'NONE', #2955, 1000.000000000000000 ) ;
#3992 = LINE ( 'NONE', #1082, #657 ) ;
#3993 = VECTOR ( 'NONE', #3461, 1000.000000000000000 ) ;
#3994 = LINE ( 'NONE', #2655, #464 ) ;
#3995 = VERTEX_POINT ( 'NONE', #3615 ) ;
#3996 = AXIS2_PLACEMENT_3D ( 'NONE', #3348, #435, #1052 ) ;
#3997 = EDGE_CURVE ( 'NONE', #3851, #2622, #3593, .T. ) ;
#3998 =( NAMED_UNIT ( * ) SI_UNIT ( $, .STERADIAN. ) SOLID_ANGLE_UNIT ( ) );
#3999 = CARTESIAN_POINT ( 'NONE',  ( 1.499999999999999778, 0.9320000000000000506, -2.324999999999999289 ) ) ;
#4000 = CARTESIAN_POINT ( 'NONE',  ( 0.5490000000000008207, 0.000000000000000000, 2.325000000000000178 ) ) ;
#4001 = VERTEX_POINT ( 'NONE', #2296 ) ;
#4002 = CARTESIAN_POINT ( 'NONE',  ( -1.500000000000000222, 0.9320000000000000506, 2.500000000000000000 ) ) ;
#4003 = FACE_BOUND ( 'NONE', #2124, .T. ) ;
#4004 = EDGE_LOOP ( 'NONE', ( #1729, #3125, #3930, #3884 ) ) ;
#4005 = CARTESIAN_POINT ( 'NONE',  ( -1.500999999999954371, 0.1499999999999999944, 1.199999999999989519 ) ) ;
#4006 = DIRECTION ( 'NONE',  ( 1.000000000000000000, 0.000000000000000000, -2.085004177856462770E-15 ) ) ;
#4007 = EDGE_CURVE ( 'NONE', #1010, #1640, #1363, .T. ) ;
#4008 = SURFACE_SIDE_STYLE ('',( #3686 ) ) ;
#4009 = AXIS2_PLACEMENT_3D ( 'NONE', #2988, #1068, #2360 ) ;
#4010 = SURFACE_STYLE_FILL_AREA ( #2694 ) ;
#4011 = AXIS2_PLACEMENT_3D ( 'NONE', #1780, #788, #180 ) ;
#4012 = EDGE_CURVE ( 'NONE', #1957, #2902, #1706, .T. ) ;
#4013 = PLANE ( 'NONE',  #977 ) ;
#4014 = EDGE_CURVE ( 'NONE', #1977, #1894, #2338, .T. ) ;
#4015 = ORIENTED_EDGE ( 'NONE', *, *, #2146, .F. ) ;
#4016 = FACE_OUTER_BOUND ( 'NONE', #1329, .T. ) ;
#4017 = DIRECTION ( 'NONE',  ( 0.000000000000000000, 0.000000000000000000, -1.000000000000000000 ) ) ;
#4018 = DIRECTION ( 'NONE',  ( -1.000000000000000000, 0.000000000000000000, 2.168404344971103026E-13 ) ) ;
#4019 = PLANE ( 'NONE',  #555 ) ;
#4020 = DIRECTION ( 'NONE',  ( 0.000000000000000000, -1.000000000000000000, 0.000000000000000000 ) ) ;
#4021 = SURFACE_STYLE_FILL_AREA ( #2965 ) ;
#4022 = FILL_AREA_STYLE ('',( #1495 ) ) ;
#4023 = LINE ( 'NONE', #2006, #72 ) ;
#4024 = ORIENTED_EDGE ( 'NONE', *, *, #3309, .F. ) ;
#4025 = AXIS2_PLACEMENT_3D ( 'NONE', #2949, #703, #1354 ) ;
#4026 = LINE ( 'NONE', #2972, #2345 ) ;
#4027 = ADVANCED_FACE ( 'NONE', ( #1998 ), #59, .F. ) ;
#4028 = CARTESIAN_POINT ( 'NONE',  ( -0.5490000000000000435, 0.000000000000000000, 2.325000000000000178 ) ) ;
#4029 = EDGE_CURVE ( 'NONE', #2310, #778, #2316, .T. ) ;
#4030 = DIRECTION ( 'NONE',  ( -1.000000000000000000, 0.000000000000000000, -2.085004177856775159E-15 ) ) ;
#4031 = LINE ( 'NONE', #1799, #2258 ) ;
#4032 = ORIENTED_EDGE ( 'NONE', *, *, #3277, .F. ) ;
#4033 = EDGE_CURVE ( 'NONE', #4055, #3503, #2985, .T. ) ;
#4034 = ORIENTED_EDGE ( 'NONE', *, *, #3309, .T. ) ;
#4035 = CARTESIAN_POINT ( 'NONE',  ( -0.2260000000000002840, 0.1499999999999999944, -2.501000000000006551 ) ) ;
#4036 = VERTEX_POINT ( 'NONE', #748 ) ;
#4037 = DIRECTION ( 'NONE',  ( 0.000000000000000000, 0.000000000000000000, 1.000000000000000000 ) ) ;
#4038 = VECTOR ( 'NONE', #712, 1000.000000000000000 ) ;
#4039 = UNCERTAINTY_MEASURE_WITH_UNIT (LENGTH_MEASURE( 1.000000000000000082E-05 ), #999, 'distance_accuracy_value', 'NONE');
#4040 = CARTESIAN_POINT ( 'NONE',  ( 1.074999999999999734, 0.1499999999999999944, -2.501000000000000334 ) ) ;
#4041 = CARTESIAN_POINT ( 'NONE',  ( -0.2259999999999950937, -0.000000000000000000, 4.712109441955503616E-16 ) ) ;
#4042 = VECTOR ( 'NONE', #2728, 1000.000000000000000 ) ;
#4043 = LINE ( 'NONE', #3073, #524 ) ;
#4044 = DIRECTION ( 'NONE',  ( -0.000000000000000000, 1.000000000000000000, 0.000000000000000000 ) ) ;
#4045 = LINE ( 'NONE', #1130, #890 ) ;
#4046 = VECTOR ( 'NONE', #4049, 1000.000000000000000 ) ;
#4047 = VERTEX_POINT ( 'NONE', #1084 ) ;
#4048 = ORIENTED_EDGE ( 'NONE', *, *, #3457, .T. ) ;
#4049 = DIRECTION ( 'NONE',  ( 0.000000000000000000, 1.000000000000000000, 0.000000000000000000 ) ) ;
#4050 = VECTOR ( 'NONE', #3636, 1000.000000000000000 ) ;
#4051 = EDGE_CURVE ( 'NONE', #391, #2747, #3673, .T. ) ;
#4052 = FACE_OUTER_BOUND ( 'NONE', #545, .T. ) ;
#4053 = VECTOR ( 'NONE', #1005, 1000.000000000000000 ) ;
#4054 = DIRECTION ( 'NONE',  ( -1.042502088928387579E-15, 0.000000000000000000, -1.000000000000000000 ) ) ;
#4055 = VERTEX_POINT ( 'NONE', #82 ) ;
#4056 = AXIS2_PLACEMENT_3D ( 'NONE', #343, #918, #2210 ) ;
#4057 = VERTEX_POINT ( 'NONE', #2658 ) ;
#4058 = DIRECTION ( 'NONE',  ( 1.000000000000000000, -0.000000000000000000, -0.000000000000000000 ) ) ;
#4059 = EDGE_CURVE ( 'NONE', #3952, #3332, #451, .T. ) ;
#4060 = ORIENTED_EDGE ( 'NONE', *, *, #4187, .F. ) ;
#4061 = DIRECTION ( 'NONE',  ( -1.000000000000000000, 0.000000000000000000, -2.085004177856723489E-15 ) ) ;
#4062 = EDGE_CURVE ( 'NONE', #158, #3622, #3978, .T. ) ;
#4063 = EDGE_CURVE ( 'NONE', #2148, #2115, #3008, .T. ) ;
#4064 = AXIS2_PLACEMENT_3D ( 'NONE', #2361, #495, #3092 ) ;
#4065 = LINE ( 'NONE', #1169, #582 ) ;
#4066 = CARTESIAN_POINT ( 'NONE',  ( 0.4249999999999999889, 0.1499999999999999944, 2.501000000000000334 ) ) ;
#4067 = VECTOR ( 'NONE', #749, 1000.000000000000000 ) ;
#4068 = DIRECTION ( 'NONE',  ( 0.000000000000000000, 1.000000000000000000, 0.000000000000000000 ) ) ;
#4069 = DIRECTION ( 'NONE',  ( -1.000000000000000000, -0.000000000000000000, -0.000000000000000000 ) ) ;
#4070 = LINE ( 'NONE', #2724, #2904 ) ;
#4071 = DIRECTION ( 'NONE',  ( -0.000000000000000000, 1.000000000000000000, -0.000000000000000000 ) ) ;
#4072 = EDGE_CURVE ( 'NONE', #2586, #3482, #3658, .T. ) ;
#4073 = VERTEX_POINT ( 'NONE', #1447 ) ;
#4074 = ORIENTED_EDGE ( 'NONE', *, *, #2680, .T. ) ;
#4075 = FACE_OUTER_BOUND ( 'NONE', #803, .T. ) ;
#4076 = DIRECTION ( 'NONE',  ( -0.000000000000000000, 1.000000000000000000, 0.000000000000000000 ) ) ;
#4077 = AXIS2_PLACEMENT_3D ( 'NONE', #3192, #383, #4172 ) ;
#4078 = DIRECTION ( 'NONE',  ( -0.000000000000000000, 1.000000000000000000, 0.000000000000000000 ) ) ;
#4079 = DIRECTION ( 'NONE',  ( 0.000000000000000000, -1.000000000000000000, 0.000000000000000000 ) ) ;
#4080 = VERTEX_POINT ( 'NONE', #3422 ) ;
#4081 = ORIENTED_EDGE ( 'NONE', *, *, #2732, .F. ) ;
#4082 = LINE ( 'NONE', #3400, #757 ) ;
#4083 = VECTOR ( 'NONE', #1791, 1000.000000000000000 ) ;
#4084 = VERTEX_POINT ( 'NONE', #1103 ) ;
#4085 = DIRECTION ( 'NONE',  ( 0.000000000000000000, 0.000000000000000000, -1.000000000000000000 ) ) ;
#4086 = VECTOR ( 'NONE', #68, 1000.000000000000000 ) ;
#4087 = ADVANCED_FACE ( 'NONE', ( #492 ), #1782, .T. ) ;
#4088 = CARTESIAN_POINT ( 'NONE',  ( -0.5260000000000002451, 0.000000000000000000, -2.500000000000000000 ) ) ;
#4089 = LINE ( 'NONE', #246, #485 ) ;
#4090 = LINE ( 'NONE', #1871, #2228 ) ;
#4091 = EDGE_CURVE ( 'NONE', #284, #828, #811, .T. ) ;
#4092 = EDGE_CURVE ( 'NONE', #2009, #3578, #3108, .T. ) ;
#4093 = DIRECTION ( 'NONE',  ( 0.000000000000000000, 1.000000000000000000, 0.000000000000000000 ) ) ;
#4094 = CARTESIAN_POINT ( 'NONE',  ( -0.6520000000000002460, 0.1499999999999999944, -2.324999999999999734 ) ) ;
#4095 = ADVANCED_FACE ( 'NONE', ( #1124 ), #2804, .T. ) ;
#4096 = CARTESIAN_POINT ( 'NONE',  ( -0.2260000000000002840, 0.9320000000000000506, -2.500000000000000000 ) ) ;
#4097 = ORIENTED_EDGE ( 'NONE', *, *, #3679, .F. ) ;
#4098 = ORIENTED_EDGE ( 'NONE', *, *, #2573, .F. ) ;
#4099 = EDGE_CURVE ( 'NONE', #2449, #4057, #3089, .T. ) ;
#4100 = SURFACE_STYLE_FILL_AREA ( #1545 ) ;
#4101 = VECTOR ( 'NONE', #3947, 1000.000000000000000 ) ;
#4102 = DIRECTION ( 'NONE',  ( 1.000000000000000000, 0.000000000000000000, 7.223199017225271389E-15 ) ) ;
#4103 = DIRECTION ( 'NONE',  ( 1.084202172485360546E-13, -0.000000000000000000, -1.000000000000000000 ) ) ;
#4104 = VECTOR ( 'NONE', #240, 1000.000000000000000 ) ;
#4105 = ORIENTED_EDGE ( 'NONE', *, *, #1969, .F. ) ;
#4106 = ORIENTED_EDGE ( 'NONE', *, *, #1665, .F. ) ;
#4107 = CARTESIAN_POINT ( 'NONE',  ( 0.000000000000000000, 0.1499999999999999944, 0.000000000000000000 ) ) ;
#4108 = UNCERTAINTY_MEASURE_WITH_UNIT (LENGTH_MEASURE( 1.000000000000000082E-05 ), #3375, 'distance_accuracy_value', 'NONE');
#4109 = EDGE_LOOP ( 'NONE', ( #404, #888, #3590, #1123 ) ) ;
#4110 = CARTESIAN_POINT ( 'NONE',  ( 1.499999999999999778, 0.000000000000000000, 2.500000000000000000 ) ) ;
#4111 = DIRECTION ( 'NONE',  ( 0.000000000000000000, -1.000000000000000000, 0.000000000000000000 ) ) ;
#4112 = LINE ( 'NONE', #4066, #3809 ) ;
#4113 = DIRECTION ( 'NONE',  ( -2.203098814490959509E-13, 0.000000000000000000, -1.000000000000000000 ) ) ;
#4114 = AXIS2_PLACEMENT_3D ( 'NONE', #3346, #1027, #3674 ) ;
#4115 = CARTESIAN_POINT ( 'NONE',  ( 1.500999999999999668, 0.1499999999999999944, -2.024999999999999911 ) ) ;
#4116 = DIRECTION ( 'NONE',  ( 0.000000000000000000, -1.000000000000000000, 0.000000000000000000 ) ) ;
#4117 =( NAMED_UNIT ( * ) SI_UNIT ( $, .STERADIAN. ) SOLID_ANGLE_UNIT ( ) );
#4118 = ORIENTED_EDGE ( 'NONE', *, *, #4092, .T. ) ;
#4119 = VERTEX_POINT ( 'NONE', #471 ) ;
#4120 = VECTOR ( 'NONE', #2625, 1000.000000000000000 ) ;
#4121 = DIRECTION ( 'NONE',  ( 0.000000000000000000, -1.000000000000000000, 0.000000000000000000 ) ) ;
#4122 = VECTOR ( 'NONE', #2257, 1000.000000000000000 ) ;
#4124 = EDGE_CURVE ( 'NONE', #1919, #4001, #831, .T. ) ;
#4123 = COLOUR_RGB ( '',0.2509803921568627416, 0.2509803921568627416, 0.2509803921568627416 ) ;
#4125 = DIRECTION ( 'NONE',  ( -1.000000000000000000, 0.000000000000000000, 0.000000000000000000 ) ) ;
#4126 = FILL_AREA_STYLE ('',( #806 ) ) ;
#4127 = ORIENTED_EDGE ( 'NONE', *, *, #4091, .T. ) ;
#4128 = DIRECTION ( 'NONE',  ( -2.203098814490959509E-13, 0.000000000000000000, -1.000000000000000000 ) ) ;
#4129 = VECTOR ( 'NONE', #3409, 1000.000000000000000 ) ;
#4130 = EDGE_LOOP ( 'NONE', ( #3538, #546, #2145, #1011 ) ) ;
#4131 = CARTESIAN_POINT ( 'NONE',  ( -1.500999999999937273, -0.05000000000000000278, -1.199999999999864730 ) ) ;
#4132 = CARTESIAN_POINT ( 'NONE',  ( -1.500000000000000222, 0.000000000000000000, 2.325000000000000178 ) ) ;
#4133 =( GEOMETRIC_REPRESENTATION_CONTEXT ( 3 ) GLOBAL_UNCERTAINTY_ASSIGNED_CONTEXT ( ( #1448 ) ) GLOBAL_UNIT_ASSIGNED_CONTEXT ( ( #3951, #2372, #3005 ) ) REPRESENTATION_CONTEXT ( 'NONE', 'WORKASPACE' ) );
#4134 = ADVANCED_FACE ( 'NONE', ( #512 ), #2717, .T. ) ;
#4135 = DIRECTION ( 'NONE',  ( 4.336808689941441678E-13, 0.000000000000000000, 1.000000000000000000 ) ) ;
#4136 = CARTESIAN_POINT ( 'NONE',  ( 0.4249999999999999889, 0.1499999999999999944, 2.449000000000001176 ) ) ;
#4137 = VERTEX_POINT ( 'NONE', #205 ) ;
#4138 = DIRECTION ( 'NONE',  ( 2.085004177856723489E-15, 0.000000000000000000, -1.000000000000000000 ) ) ;
#4139 = STYLED_ITEM ( 'NONE', ( #3072 ), #9 ) ;
#4140 = ORIENTED_EDGE ( 'NONE', *, *, #1048, .F. ) ;
#4141 = EDGE_LOOP ( 'NONE', ( #3475, #3058, #3601, #2098 ) ) ;
#4142 = FILL_AREA_STYLE_COLOUR ( '', #4123 ) ;
#4143 = LINE ( 'NONE', #3456, #123 ) ;
#4144 = EDGE_CURVE ( 'NONE', #2121, #673, #2782, .T. ) ;
#4145 = DIRECTION ( 'NONE',  ( 0.000000000000000000, 0.000000000000000000, 1.000000000000000000 ) ) ;
#4146 = CARTESIAN_POINT ( 'NONE',  ( -1.200000000000000400, 0.1499999999999999944, -2.448999999999999844 ) ) ;
#4147 = ORIENTED_EDGE ( 'NONE', *, *, #3679, .T. ) ;
#4148 = LINE ( 'NONE', #1962, #1269 ) ;
#4149 = ORIENTED_EDGE ( 'NONE', *, *, #3362, .T. ) ;
#4150 = ADVANCED_FACE ( 'NONE', ( #1466 ), #2739, .T. ) ;
#4151 = EDGE_CURVE ( 'NONE', #66, #3087, #161, .T. ) ;
#4152 = DIRECTION ( 'NONE',  ( 4.170008355713446977E-15, 0.000000000000000000, 1.000000000000000000 ) ) ;
#4153 = VECTOR ( 'NONE', #1869, 1000.000000000000000 ) ;
#4154 = DIRECTION ( 'NONE',  ( 1.849138948409693747E-14, 0.000000000000000000, -1.000000000000000000 ) ) ;
#4155 = CARTESIAN_POINT ( 'NONE',  ( -1.500999999999987011, 0.1499999999999999944, -0.1249999999999142353 ) ) ;
#4156 = FILL_AREA_STYLE_COLOUR ( '', #398 ) ;
#4157 = ORIENTED_EDGE ( 'NONE', *, *, #243, .T. ) ;
#4158 = CARTESIAN_POINT ( 'NONE',  ( 0.000000000000000000, 0.000000000000000000, 0.000000000000000000 ) ) ;
#4159 = PLANE ( 'NONE',  #4009 ) ;
#4160 = VERTEX_POINT ( 'NONE', #2486 ) ;
#4161 = ORIENTED_EDGE ( 'NONE', *, *, #1981, .F. ) ;
#4162 = DIRECTION ( 'NONE',  ( 0.000000000000000000, 1.000000000000000000, 0.000000000000000000 ) ) ;
#4163 = CARTESIAN_POINT ( 'NONE',  ( 1.500999999999999668, -0.05000000000000000278, -1.199999999999809219 ) ) ;
#4164 = ADVANCED_FACE ( 'NONE', ( #2395 ), #2461, .F. ) ;
#4165 = CYLINDRICAL_SURFACE ( 'NONE', #1803, 0.1239999999999999714 ) ;
#4166 = CARTESIAN_POINT ( 'NONE',  ( 1.500999999999999224, -0.05000000000000000278, 2.325000000000000178 ) ) ;
#4167 = ORIENTED_EDGE ( 'NONE', *, *, #3180, .T. ) ;
#4168 = PLANE ( 'NONE',  #3247 ) ;
#4169 = ORIENTED_EDGE ( 'NONE', *, *, #4014, .F. ) ;
#4170 = VECTOR ( 'NONE', #3970, 1000.000000000000000 ) ;
#4171 = EDGE_CURVE ( 'NONE', #701, #2877, #3764, .T. ) ;
#4172 = DIRECTION ( 'NONE',  ( 0.000000000000000000, 0.000000000000000000, 1.000000000000000000 ) ) ;
#4173 = VECTOR ( 'NONE', #3527, 1000.000000000000000 ) ;
#4174 = CARTESIAN_POINT ( 'NONE',  ( 0.7749999999999999112, -0.05000000000000000278, -2.149000000000000021 ) ) ;
#4175 = SURFACE_STYLE_FILL_AREA ( #1233 ) ;
#4176 = EDGE_LOOP ( 'NONE', ( #3319, #2014, #661, #4097, #1260 ) ) ;
#4177 = LINE ( 'NONE', #2273, #122 ) ;
#4178 = PLANE ( 'NONE',  #423 ) ;
#4179 = EDGE_LOOP ( 'NONE', ( #521, #773, #192, #400 ) ) ;
#4180 = VERTEX_POINT ( 'NONE', #2152 ) ;
#4181 = CARTESIAN_POINT ( 'NONE',  ( -0.5509999999999991571, 0.1499999999999999944, 2.325000000000000178 ) ) ;
#4182 = VERTEX_POINT ( 'NONE', #1829 ) ;
#4183 = LINE ( 'NONE', #1303, #4122 ) ;
#4184 = DIRECTION ( 'NONE',  ( 0.000000000000000000, -0.000000000000000000, -1.000000000000000000 ) ) ;
#4185 = FACE_OUTER_BOUND ( 'NONE', #69, .T. ) ;
#4186 = VECTOR ( 'NONE', #113, 1000.000000000000000 ) ;
#4187 = EDGE_CURVE ( 'NONE', #1977, #3829, #3443, .T. ) ;
#4188 = ORIENTED_EDGE ( 'NONE', *, *, #4063, .F. ) ;
#4189 = ORIENTED_EDGE ( 'NONE', *, *, #3301, .F. ) ;
#4190 = CARTESIAN_POINT ( 'NONE',  ( 1.499999999999999778, 0.000000000000000000, -2.324999999999999289 ) ) ;
#4191 = ADVANCED_FACE ( 'NONE', ( #3130 ), #226, .T. ) ;
#4192 =( GEOMETRIC_REPRESENTATION_CONTEXT ( 3 ) GLOBAL_UNCERTAINTY_ASSIGNED_CONTEXT ( ( #2084 ) ) GLOBAL_UNIT_ASSIGNED_CONTEXT ( ( #1412, #2025, #3034 ) ) REPRESENTATION_CONTEXT ( 'NONE', 'WORKASPACE' ) );
#4193 = AXIS2_PLACEMENT_3D ( 'NONE', #1507, #1744, #3048 ) ;
#4194 =( NAMED_UNIT ( * ) PLANE_ANGLE_UNIT ( ) SI_UNIT ( $, .RADIAN. ) );
#4195 = ORIENTED_EDGE ( 'NONE', *, *, #3145, .T. ) ;
#4196 = VECTOR ( 'NONE', #2065, 1000.000000000000000 ) ;
#4197 = LINE ( 'NONE', #1592, #3738 ) ;
#4198 = ORIENTED_EDGE ( 'NONE', *, *, #455, .F. ) ;
#4199 = VECTOR ( 'NONE', #3822, 1000.000000000000000 ) ;
#4200 = ORIENTED_EDGE ( 'NONE', *, *, #1635, .T. ) ;
#4201 = DIRECTION ( 'NONE',  ( 0.000000000000000000, -1.000000000000000000, 0.000000000000000000 ) ) ;
#4202 = ORIENTED_EDGE ( 'NONE', *, *, #326, .T. ) ;
#4203 = DIRECTION ( 'NONE',  ( 0.000000000000000000, -1.000000000000000000, 0.000000000000000000 ) ) ;
ENDSEC;
END-ISO-10303-21;
