ISO-10303-21;
HEADER;
/* Generated by software containing ST-Developer
 * from STEP Tools, Inc. (www.steptools.com) 
 */
/* OPTION: strings as raw bytes, not using required /X/ escapes */

FILE_DESCRIPTION(
/* description */ ('Unknown'),
/* implementation_level */ '2;1');

FILE_NAME(
/* name */ '744393305xxx_5050',
/* time_stamp */ '2023-05-30T11:43:54+02:00',
/* author */ ('Unknown'),
/* organization */ ('Unknown'),
/* preprocessor_version */ 'ST-DEVELOPER v16.7',
/* originating_system */ 'Solid Edge',
/* authorisation */ 'Unknown');

FILE_SCHEMA (('AUTOMOTIVE_DESIGN {1 0 10303 214 3 1 1}'));
ENDSEC;

DATA;
#10=PROPERTY_DEFINITION_REPRESENTATION(#14,#12);
#11=PROPERTY_DEFINITION_REPRESENTATION(#15,#13);
#12=REPRESENTATION('',(#16),#2768);
#13=REPRESENTATION('',(#17),#2768);
#14=PROPERTY_DEFINITION('pmi validation property','',#2773);
#15=PROPERTY_DEFINITION('pmi validation property','',#2773);
#16=VALUE_REPRESENTATION_ITEM('number of annotations',COUNT_MEASURE(0.));
#17=VALUE_REPRESENTATION_ITEM('number of views',COUNT_MEASURE(0.));
#18=SHAPE_REPRESENTATION_RELATIONSHIP('','',#1556,#19);
#19=ADVANCED_BREP_SHAPE_REPRESENTATION('',(#1554),#2768);
#20=CONICAL_SURFACE('',#1623,0.0999999999999998,0.78539816339745);
#21=CONICAL_SURFACE('',#1626,0.0999999999999998,0.78539816339745);
#22=CONICAL_SURFACE('',#1627,0.0999999999999998,0.78539816339745);
#23=CONICAL_SURFACE('',#1630,0.0999999999999998,0.78539816339745);
#24=B_SPLINE_SURFACE_WITH_KNOTS('',3,1,((#2243,#2244),(#2245,#2246),(#2247,
#2248),(#2249,#2250),(#2251,#2252),(#2253,#2254),(#2255,#2256),(#2257,#2258),
(#2259,#2260),(#2261,#2262)),.SURF_OF_LINEAR_EXTRUSION.,.F.,.F.,.F.,(4,
1,1,1,1,1,1,4),(2,2),(0.600674363682918,0.650590068222553,0.700505772762188,
0.800337181841459,0.850252886381094,0.900168590920729,0.950084295460365,
1.),(0.,1.),.UNSPECIFIED.);
#25=B_SPLINE_SURFACE_WITH_KNOTS('',3,1,((#2300,#2301),(#2302,#2303),(#2304,
#2305),(#2306,#2307),(#2308,#2309),(#2310,#2311),(#2312,#2313),(#2314,#2315),
(#2316,#2317),(#2318,#2319),(#2320,#2321)),.SURF_OF_LINEAR_EXTRUSION.,.F.,
 .F.,.F.,(4,1,1,1,1,1,1,1,4),(2,2),(0.0278196157914865,0.0960180982722648,
0.164216580753043,0.232415063233821,0.3006135457146,0.368812028195378,0.437010510676156,
0.505208993156935,0.573407475637713),(0.,1.),.UNSPECIFIED.);
#26=B_SPLINE_SURFACE_WITH_KNOTS('',3,1,((#2358,#2359),(#2360,#2361),(#2362,
#2363),(#2364,#2365),(#2366,#2367),(#2368,#2369),(#2370,#2371),(#2372,#2373),
(#2374,#2375),(#2376,#2377)),.SURF_OF_LINEAR_EXTRUSION.,.T.,.F.,.F.,(1,
1,1,1,1,1,1,1,1,1,1,1,1,1),(2,2),(-0.515844992692942,-0.374106788693487,
-0.152025871456986,0.,0.0856042008269008,0.171208401653802,0.342416803307603,
0.484155007307058,0.625893211306513,0.847974128543014,1.,1.0856042008269,
1.1712084016538,1.3424168033076),(0.,1.),.UNSPECIFIED.);
#27=B_SPLINE_SURFACE_WITH_KNOTS('',3,1,((#2422,#2423),(#2424,#2425),(#2426,
#2427),(#2428,#2429),(#2430,#2431),(#2432,#2433),(#2434,#2435),(#2436,#2437),
(#2438,#2439)),.SURF_OF_LINEAR_EXTRUSION.,.T.,.F.,.F.,(1,1,1,1,1,1,1,1,
1,1,1,1,1),(2,2),(-0.429503750146536,-0.334596986446629,-0.142066393115369,
0.,0.135416564681324,0.352956407267394,0.570496249853464,0.665403013553371,
0.857933606884631,1.,1.13541656468132,1.35295640726739,1.57049624985346),
(0.,1.),.UNSPECIFIED.);
#28=B_SPLINE_SURFACE_WITH_KNOTS('',3,1,((#2483,#2484),(#2485,#2486),(#2487,
#2488),(#2489,#2490),(#2491,#2492),(#2493,#2494),(#2495,#2496)),
 .SURF_OF_LINEAR_EXTRUSION.,.F.,.F.,.F.,(4,1,1,1,4),(2,2),(0.0279667953212523,
0.148543815513413,0.269120835705574,0.389697855897735,0.510274876089896),
(0.,1.),.UNSPECIFIED.);
#29=B_SPLINE_SURFACE_WITH_KNOTS('',3,1,((#2537,#2538),(#2539,#2540),(#2541,
#2542),(#2543,#2544),(#2545,#2546),(#2547,#2548),(#2549,#2550),(#2551,#2552),
(#2553,#2554)),.SURF_OF_LINEAR_EXTRUSION.,.T.,.F.,.F.,(1,1,1,1,1,1,1,1,
1,1,1,1,1),(2,2),(-0.381770046939318,-0.269465147666615,-0.157160248393912,
0.,0.137357435285665,0.377793694173173,0.618229953060682,0.730534852333385,
0.842839751606088,1.,1.13735743528567,1.37779369417317,1.61822995306068),
(0.,1.),.UNSPECIFIED.);
#30=B_SPLINE_SURFACE_WITH_KNOTS('',3,1,((#2621,#2622),(#2623,#2624),(#2625,
#2626),(#2627,#2628),(#2629,#2630)),.SURF_OF_LINEAR_EXTRUSION.,.F.,.F.,
 .F.,(4,1,4),(2,2),(0.818425350250634,0.909212675125317,1.),(0.,1.),
 .UNSPECIFIED.);
#31=B_SPLINE_SURFACE_WITH_KNOTS('',3,1,((#2654,#2655),(#2656,#2657),(#2658,
#2659),(#2660,#2661),(#2662,#2663),(#2664,#2665),(#2666,#2667),(#2668,#2669),
(#2670,#2671),(#2672,#2673),(#2674,#2675),(#2676,#2677),(#2678,#2679)),
 .SURF_OF_LINEAR_EXTRUSION.,.F.,.F.,.F.,(4,1,1,1,1,1,1,1,1,1,4),(2,2),(0.0366666692355124,
0.114910509612929,0.193154349990346,0.271398190367763,0.34964203074518,
0.427885871122597,0.506129711500014,0.584373551877431,0.62349547206614,
0.643056432160494,0.662617392254848),(0.,1.),.UNSPECIFIED.);
#32=B_SPLINE_SURFACE_WITH_KNOTS('',3,1,((#2711,#2712),(#2713,#2714),(#2715,
#2716),(#2717,#2718),(#2719,#2720)),.SURF_OF_LINEAR_EXTRUSION.,.F.,.F.,
 .F.,(4,1,4),(2,2),(0.385755211402587,0.692877605701294,1.),(0.,1.),
 .UNSPECIFIED.);
#33=CYLINDRICAL_SURFACE('',#1583,0.1);
#34=CYLINDRICAL_SURFACE('',#1585,0.1);
#35=CYLINDRICAL_SURFACE('',#1587,0.1);
#36=CYLINDRICAL_SURFACE('',#1589,0.1);
#37=CYLINDRICAL_SURFACE('',#1591,0.2);
#38=CYLINDRICAL_SURFACE('',#1631,0.25);
#39=CYLINDRICAL_SURFACE('',#1632,0.25);
#40=CYLINDRICAL_SURFACE('',#1633,0.25);
#41=CYLINDRICAL_SURFACE('',#1634,0.25);
#42=CIRCLE('',#1559,0.2);
#43=CIRCLE('',#1561,0.1);
#44=CIRCLE('',#1562,0.1);
#45=CIRCLE('',#1563,0.1);
#46=CIRCLE('',#1564,0.1);
#47=CIRCLE('',#1570,0.25);
#48=CIRCLE('',#1571,0.25);
#49=CIRCLE('',#1573,0.25);
#50=CIRCLE('',#1574,0.25);
#51=CIRCLE('',#1577,0.25);
#52=CIRCLE('',#1578,0.25);
#53=CIRCLE('',#1580,0.25);
#54=CIRCLE('',#1581,0.25);
#55=CIRCLE('',#1584,0.1);
#56=CIRCLE('',#1586,0.1);
#57=CIRCLE('',#1588,0.1);
#58=CIRCLE('',#1590,0.1);
#59=CIRCLE('',#1592,0.2);
#60=B_SPLINE_CURVE_WITH_KNOTS('',3,(#1871,#1872,#1873,#1874),
 .UNSPECIFIED.,.F.,.F.,(4,4),(0.658070203189069,0.965092540146466),
 .UNSPECIFIED.);
#61=B_SPLINE_CURVE_WITH_KNOTS('',3,(#1877,#1878,#1879,#1880),
 .UNSPECIFIED.,.F.,.F.,(4,4),(0.965092540146466,1.),.UNSPECIFIED.);
#62=B_SPLINE_CURVE_WITH_KNOTS('',3,(#1882,#1883,#1884,#1885),
 .UNSPECIFIED.,.F.,.F.,(4,4),(0.,0.0279667953212523),.UNSPECIFIED.);
#63=B_SPLINE_CURVE_WITH_KNOTS('',3,(#1887,#1888,#1889,#1890,#1891,#1892,
#1893,#1894,#1895,#1896,#1897,#1898,#1899,#1900,#1901,#1902,#1903,#1904,
#1905,#1906,#1907,#1908,#1909,#1910),.UNSPECIFIED.,.F.,.F.,(4,2,3,2,2,3,
3,2,3,4),(0.0279667953212523,0.103923999937701,0.153806343267908,0.213987617962045,
0.274168892656183,0.332200836111244,0.386197308623579,0.437988480839354,
0.475968673797589,0.510274876089896),.UNSPECIFIED.);
#64=B_SPLINE_CURVE_WITH_KNOTS('',3,(#1912,#1913,#1914,#1915),
 .UNSPECIFIED.,.F.,.F.,(4,4),(0.510274876089896,0.620508959837898),
 .UNSPECIFIED.);
#65=B_SPLINE_CURVE_WITH_KNOTS('',3,(#1917,#1918,#1919,#1920),
 .UNSPECIFIED.,.F.,.F.,(4,4),(0.620508959837898,0.658070203189069),
 .UNSPECIFIED.);
#66=B_SPLINE_CURVE_WITH_KNOTS('',3,(#1921,#1922,#1923,#1924,#1925,#1926,
#1927,#1928,#1929,#1930,#1931,#1932,#1933,#1934,#1935,#1936,#1937,#1938,
#1939,#1940,#1941,#1942,#1943,#1944),.UNSPECIFIED.,.T.,.F.,(4,3,2,2,2,3,
3,2,3,4),(0.,0.142543752296131,0.251322064697474,0.373088832310917,0.494855599924358,
0.593395180651998,0.670398106379681,0.74691501849361,0.868066796007329,
1.),.UNSPECIFIED.);
#67=B_SPLINE_CURVE_WITH_KNOTS('',1,(#1948,#1949),.UNSPECIFIED.,.F.,.F.,
(2,2),(0.771165644171779,0.807566462167689),.UNSPECIFIED.);
#68=B_SPLINE_CURVE_WITH_KNOTS('',1,(#1952,#1953),.UNSPECIFIED.,.F.,.F.,
(2,2),(0.807566462167689,1.),.UNSPECIFIED.);
#69=B_SPLINE_CURVE_WITH_KNOTS('',1,(#1955,#1956),.UNSPECIFIED.,.F.,.F.,
(2,2),(0.,0.307566462167689),.UNSPECIFIED.);
#70=B_SPLINE_CURVE_WITH_KNOTS('',1,(#1958,#1959),.UNSPECIFIED.,.F.,.F.,
(2,2),(0.307566462167689,0.348466257668712),.UNSPECIFIED.);
#71=B_SPLINE_CURVE_WITH_KNOTS('',1,(#1961,#1962),.UNSPECIFIED.,.F.,.F.,
(2,2),(0.348466257668712,0.619631901840491),.UNSPECIFIED.);
#72=B_SPLINE_CURVE_WITH_KNOTS('',1,(#1964,#1965),.UNSPECIFIED.,.F.,.F.,
(2,2),(0.619631901840491,0.771165644171779),.UNSPECIFIED.);
#73=B_SPLINE_CURVE_WITH_KNOTS('',1,(#1966,#1967),.UNSPECIFIED.,.F.,.F.,
(2,2),(0.5,0.622853368560106),.UNSPECIFIED.);
#74=B_SPLINE_CURVE_WITH_KNOTS('',1,(#1970,#1971),.UNSPECIFIED.,.F.,.F.,
(2,2),(0.622853368560106,1.),.UNSPECIFIED.);
#75=B_SPLINE_CURVE_WITH_KNOTS('',1,(#1973,#1974),.UNSPECIFIED.,.F.,.F.,
(2,2),(0.,0.122853368560106),.UNSPECIFIED.);
#76=B_SPLINE_CURVE_WITH_KNOTS('',1,(#1976,#1977),.UNSPECIFIED.,.F.,.F.,
(2,2),(0.122853368560106,0.5),.UNSPECIFIED.);
#77=B_SPLINE_CURVE_WITH_KNOTS('',3,(#1978,#1979,#1980,#1981),
 .UNSPECIFIED.,.F.,.F.,(4,4),(0.573407475637713,0.600674363682918),
 .UNSPECIFIED.);
#78=B_SPLINE_CURVE_WITH_KNOTS('',3,(#1984,#1985,#1986,#1987,#1988,#1989,
#1990,#1991,#1992,#1993,#1994,#1995,#1996,#1997,#1998,#1999,#2000,#2001,
#2002,#2003,#2004,#2005,#2006,#2007,#2008,#2009),.UNSPECIFIED.,.F.,.F.,
(4,2,2,3,3,2,3,3,2,2,4),(0.600674363682918,0.637527729478035,0.674381095273153,
0.716342848406209,0.754340607131244,0.791657282685056,0.839905105623318,
0.877801925404847,0.913103591399003,0.956551795699502,1.),.UNSPECIFIED.);
#79=B_SPLINE_CURVE_WITH_KNOTS('',3,(#2011,#2012,#2013,#2014),
 .UNSPECIFIED.,.F.,.F.,(4,4),(0.,0.0278196157914865),.UNSPECIFIED.);
#80=B_SPLINE_CURVE_WITH_KNOTS('',3,(#2016,#2017,#2018,#2019,#2020,#2021,
#2022,#2023,#2024,#2025,#2026,#2027,#2028,#2029,#2030,#2031,#2032,#2033,
#2034,#2035,#2036,#2037,#2038,#2039,#2040,#2041,#2042,#2043),
 .UNSPECIFIED.,.F.,.F.,(4,3,2,3,3,2,3,3,2,3,4),(0.0278196157914865,0.0877117727317713,
0.143450821419324,0.200964999045972,0.251280157886614,0.305523430998003,
0.364286976868675,0.41463924934934,0.463886036206131,0.52022137571655,0.573407475637713),
 .UNSPECIFIED.);
#81=B_SPLINE_CURVE_WITH_KNOTS('',3,(#2044,#2045,#2046,#2047),
 .UNSPECIFIED.,.F.,.F.,(4,4),(0.662617392254848,0.818425350250634),
 .UNSPECIFIED.);
#82=B_SPLINE_CURVE_WITH_KNOTS('',3,(#2050,#2051,#2052,#2053,#2054,#2055,
#2056,#2057,#2058,#2059,#2060,#2061),.UNSPECIFIED.,.F.,.F.,(4,3,2,3,4),
(0.818425350250634,0.875845525756459,0.924029641321588,0.960167727995434,
1.),.UNSPECIFIED.);
#83=B_SPLINE_CURVE_WITH_KNOTS('',3,(#2063,#2064,#2065,#2066),
 .UNSPECIFIED.,.F.,.F.,(4,4),(0.,0.0366666692355124),.UNSPECIFIED.);
#84=B_SPLINE_CURVE_WITH_KNOTS('',3,(#2068,#2069,#2070,#2071,#2072,#2073,
#2074,#2075,#2076,#2077,#2078,#2079,#2080,#2081,#2082,#2083,#2084,#2085,
#2086,#2087,#2088,#2089,#2090,#2091),.UNSPECIFIED.,.F.,.F.,(4,3,2,3,2,3,
2,3,2,4),(0.0366666692355124,0.0966142944438942,0.160027666044339,0.239918527903169,
0.324751653502897,0.412939761470975,0.491152419167301,0.567293218381605,
0.657098624293766,0.662617392254848),.UNSPECIFIED.);
#85=B_SPLINE_CURVE_WITH_KNOTS('',1,(#2194,#2195),.UNSPECIFIED.,.F.,.F.,
(2,2),(0.807566462167689,1.),.UNSPECIFIED.);
#86=B_SPLINE_CURVE_WITH_KNOTS('',1,(#2199,#2200),.UNSPECIFIED.,.F.,.F.,
(2,2),(0.,0.307566462167689),.UNSPECIFIED.);
#87=B_SPLINE_CURVE_WITH_KNOTS('',1,(#2204,#2205),.UNSPECIFIED.,.F.,.F.,
(2,2),(0.307566462167689,0.348466257668712),.UNSPECIFIED.);
#88=B_SPLINE_CURVE_WITH_KNOTS('',1,(#2209,#2210),.UNSPECIFIED.,.F.,.F.,
(2,2),(0.348466257668712,0.619631901840491),.UNSPECIFIED.);
#89=B_SPLINE_CURVE_WITH_KNOTS('',1,(#2214,#2215),.UNSPECIFIED.,.F.,.F.,
(2,2),(0.619631901840491,0.771165644171779),.UNSPECIFIED.);
#90=B_SPLINE_CURVE_WITH_KNOTS('',1,(#2219,#2220),.UNSPECIFIED.,.F.,.F.,
(2,2),(0.771165644171779,0.807566462167689),.UNSPECIFIED.);
#91=B_SPLINE_CURVE_WITH_KNOTS('',1,(#2225,#2226),.UNSPECIFIED.,.F.,.F.,
(2,2),(0.622853368560106,1.),.UNSPECIFIED.);
#92=B_SPLINE_CURVE_WITH_KNOTS('',1,(#2230,#2231),.UNSPECIFIED.,.F.,.F.,
(2,2),(0.,0.122853368560106),.UNSPECIFIED.);
#93=B_SPLINE_CURVE_WITH_KNOTS('',1,(#2235,#2236),.UNSPECIFIED.,.F.,.F.,
(2,2),(0.122853368560106,0.5),.UNSPECIFIED.);
#94=B_SPLINE_CURVE_WITH_KNOTS('',1,(#2240,#2241),.UNSPECIFIED.,.F.,.F.,
(2,2),(0.5,0.622853368560106),.UNSPECIFIED.);
#95=B_SPLINE_CURVE_WITH_KNOTS('',3,(#2265,#2266,#2267,#2268,#2269,#2270,
#2271,#2272,#2273,#2274,#2275,#2276,#2277,#2278,#2279,#2280,#2281,#2282,
#2283,#2284,#2285,#2286,#2287,#2288,#2289,#2290),.UNSPECIFIED.,.F.,.F.,
(4,2,2,3,3,2,3,3,2,2,4),(0.600674363682918,0.637527729478035,0.674381095273153,
0.716342848406209,0.754340607131244,0.791657282685056,0.839905105623318,
0.877801925404847,0.913103591399003,0.956551795699502,1.),.UNSPECIFIED.);
#96=B_SPLINE_CURVE_WITH_KNOTS('',3,(#2294,#2295,#2296,#2297),
 .UNSPECIFIED.,.F.,.F.,(4,4),(0.,0.0278196157914865),.UNSPECIFIED.);
#97=B_SPLINE_CURVE_WITH_KNOTS('',3,(#2322,#2323,#2324,#2325,#2326,#2327,
#2328,#2329,#2330,#2331,#2332,#2333,#2334,#2335,#2336,#2337,#2338,#2339,
#2340,#2341,#2342,#2343,#2344,#2345,#2346,#2347,#2348,#2349),
 .UNSPECIFIED.,.F.,.F.,(4,3,2,3,3,2,3,3,2,3,4),(0.0278196157914865,0.0877117727317713,
0.143450821419324,0.200964999045972,0.251280157886614,0.305523430998003,
0.364286976868675,0.41463924934934,0.463886036206131,0.52022137571655,0.573407475637713),
 .UNSPECIFIED.);
#98=B_SPLINE_CURVE_WITH_KNOTS('',3,(#2353,#2354,#2355,#2356),
 .UNSPECIFIED.,.F.,.F.,(4,4),(0.573407475637713,0.600674363682918),
 .UNSPECIFIED.);
#99=B_SPLINE_CURVE_WITH_KNOTS('',3,(#2378,#2379,#2380,#2381,#2382,#2383,
#2384,#2385,#2386,#2387,#2388,#2389,#2390,#2391,#2392,#2393,#2394,#2395,
#2396,#2397,#2398),.UNSPECIFIED.,.T.,.F.,(4,2,2,3,2,3,2,3,4),(0.,0.120146246774597,
0.240292493549195,0.360438740323793,0.505180698143267,0.640813022253824,
0.750237810062537,0.859662597871251,1.),.UNSPECIFIED.);
#100=B_SPLINE_CURVE_WITH_KNOTS('',3,(#2400,#2401,#2402,#2403,#2404,#2405,
#2406,#2407,#2408,#2409,#2410,#2411,#2412,#2413,#2414,#2415,#2416,#2417,
#2418,#2419,#2420),.UNSPECIFIED.,.T.,.F.,(4,2,2,3,2,3,2,3,4),(0.,0.120146246774597,
0.240292493549195,0.360438740323793,0.505180698143267,0.640813022253824,
0.750237810062537,0.859662597871251,1.),.UNSPECIFIED.);
#101=B_SPLINE_CURVE_WITH_KNOTS('',3,(#2440,#2441,#2442,#2443,#2444,#2445,
#2446,#2447,#2448,#2449,#2450,#2451,#2452,#2453,#2454,#2455,#2456,#2457,
#2458,#2459,#2460,#2461,#2462,#2463),.UNSPECIFIED.,.T.,.F.,(4,3,2,2,2,3,
3,2,3,4),(0.,0.142543752296131,0.251322064697474,0.373088832310917,0.494855599924358,
0.593395180651998,0.670398106379681,0.74691501849361,0.868066796007329,
1.),.UNSPECIFIED.);
#102=B_SPLINE_CURVE_WITH_KNOTS('',3,(#2470,#2471,#2472,#2473),
 .UNSPECIFIED.,.F.,.F.,(4,4),(0.965092540146466,1.),.UNSPECIFIED.);
#103=B_SPLINE_CURVE_WITH_KNOTS('',3,(#2477,#2478,#2479,#2480),
 .UNSPECIFIED.,.F.,.F.,(4,4),(0.,0.0279667953212523),.UNSPECIFIED.);
#104=B_SPLINE_CURVE_WITH_KNOTS('',3,(#2497,#2498,#2499,#2500,#2501,#2502,
#2503,#2504,#2505,#2506,#2507,#2508,#2509,#2510,#2511,#2512,#2513,#2514,
#2515,#2516,#2517,#2518,#2519,#2520),.UNSPECIFIED.,.F.,.F.,(4,2,3,2,2,3,
3,2,3,4),(0.0279667953212523,0.103923999937701,0.153806343267908,0.213987617962045,
0.274168892656183,0.332200836111244,0.386197308623579,0.437988480839354,
0.475968673797589,0.510274876089896),.UNSPECIFIED.);
#105=B_SPLINE_CURVE_WITH_KNOTS('',3,(#2524,#2525,#2526,#2527),
 .UNSPECIFIED.,.F.,.F.,(4,4),(0.510274876089896,0.620508959837898),
 .UNSPECIFIED.);
#106=B_SPLINE_CURVE_WITH_KNOTS('',3,(#2531,#2532,#2533,#2534),
 .UNSPECIFIED.,.F.,.F.,(4,4),(0.620508959837898,0.658070203189069),
 .UNSPECIFIED.);
#107=B_SPLINE_CURVE_WITH_KNOTS('',3,(#2555,#2556,#2557,#2558,#2559,#2560,
#2561,#2562,#2563,#2564,#2565,#2566,#2567,#2568,#2569,#2570,#2571,#2572,
#2573,#2574,#2575),.UNSPECIFIED.,.T.,.F.,(4,3,2,2,2,3,2,3,4),(0.,0.144586773984911,
0.266172613261843,0.387758452538773,0.509344291815705,0.643539032943577,
0.75099648441421,0.854661319950583,1.),.UNSPECIFIED.);
#108=B_SPLINE_CURVE_WITH_KNOTS('',3,(#2577,#2578,#2579,#2580,#2581,#2582,
#2583,#2584,#2585,#2586,#2587,#2588,#2589,#2590,#2591,#2592,#2593,#2594,
#2595,#2596,#2597),.UNSPECIFIED.,.T.,.F.,(4,3,2,2,2,3,2,3,4),(0.,0.144586773984911,
0.266172613261843,0.387758452538773,0.509344291815705,0.643539032943577,
0.75099648441421,0.854661319950583,1.),.UNSPECIFIED.);
#109=B_SPLINE_CURVE_WITH_KNOTS('',3,(#2600,#2601,#2602,#2603),
 .UNSPECIFIED.,.F.,.F.,(4,4),(0.658070203189069,0.965092540146466),
 .UNSPECIFIED.);
#110=B_SPLINE_CURVE_WITH_KNOTS('',3,(#2607,#2608,#2609,#2610),
 .UNSPECIFIED.,.F.,.F.,(4,4),(0.,0.385755211402587),.UNSPECIFIED.);
#111=B_SPLINE_CURVE_WITH_KNOTS('',3,(#2615,#2616,#2617,#2618),
 .UNSPECIFIED.,.F.,.F.,(4,4),(0.,0.385755211402587),.UNSPECIFIED.);
#112=B_SPLINE_CURVE_WITH_KNOTS('',3,(#2633,#2634,#2635,#2636,#2637,#2638,
#2639,#2640,#2641,#2642,#2643,#2644),.UNSPECIFIED.,.F.,.F.,(4,3,2,3,4),
(0.818425350250634,0.875845525756459,0.924029641321588,0.960167727995434,
1.),.UNSPECIFIED.);
#113=B_SPLINE_CURVE_WITH_KNOTS('',3,(#2648,#2649,#2650,#2651),
 .UNSPECIFIED.,.F.,.F.,(4,4),(0.,0.0366666692355124),.UNSPECIFIED.);
#114=B_SPLINE_CURVE_WITH_KNOTS('',3,(#2680,#2681,#2682,#2683,#2684,#2685,
#2686,#2687,#2688,#2689,#2690,#2691,#2692,#2693,#2694,#2695,#2696,#2697,
#2698,#2699,#2700,#2701,#2702,#2703),.UNSPECIFIED.,.F.,.F.,(4,3,2,3,2,3,
2,3,2,4),(0.0366666692355124,0.0966142944438942,0.160027666044339,0.239918527903169,
0.324751653502897,0.412939761470975,0.491152419167301,0.567293218381605,
0.657098624293766,0.662617392254848),.UNSPECIFIED.);
#115=B_SPLINE_CURVE_WITH_KNOTS('',3,(#2707,#2708,#2709,#2710),
 .UNSPECIFIED.,.F.,.F.,(4,4),(0.662617392254848,0.818425350250634),
 .UNSPECIFIED.);
#116=B_SPLINE_CURVE_WITH_KNOTS('',3,(#2721,#2722,#2723,#2724,#2725,#2726,
#2727,#2728,#2729,#2730,#2731,#2732),.UNSPECIFIED.,.F.,.F.,(4,3,2,3,4),
(0.385755211402587,0.524695654551486,0.691356537017104,0.840474168696866,
1.),.UNSPECIFIED.);
#117=B_SPLINE_CURVE_WITH_KNOTS('',3,(#2733,#2734,#2735,#2736,#2737,#2738,
#2739,#2740,#2741,#2742,#2743,#2744),.UNSPECIFIED.,.F.,.F.,(4,3,2,3,4),
(0.385755211402587,0.524695654551486,0.691356537017104,0.840474168696866,
1.),.UNSPECIFIED.);
#118=ORIENTED_EDGE('',*,*,#410,.T.);
#119=ORIENTED_EDGE('',*,*,#411,.T.);
#120=ORIENTED_EDGE('',*,*,#412,.T.);
#121=ORIENTED_EDGE('',*,*,#413,.T.);
#122=ORIENTED_EDGE('',*,*,#414,.T.);
#123=ORIENTED_EDGE('',*,*,#415,.T.);
#124=ORIENTED_EDGE('',*,*,#416,.T.);
#125=ORIENTED_EDGE('',*,*,#417,.T.);
#126=ORIENTED_EDGE('',*,*,#418,.T.);
#127=ORIENTED_EDGE('',*,*,#419,.T.);
#128=ORIENTED_EDGE('',*,*,#420,.T.);
#129=ORIENTED_EDGE('',*,*,#421,.T.);
#130=ORIENTED_EDGE('',*,*,#422,.T.);
#131=ORIENTED_EDGE('',*,*,#423,.T.);
#132=ORIENTED_EDGE('',*,*,#424,.T.);
#133=ORIENTED_EDGE('',*,*,#425,.T.);
#134=ORIENTED_EDGE('',*,*,#426,.T.);
#135=ORIENTED_EDGE('',*,*,#427,.T.);
#136=ORIENTED_EDGE('',*,*,#428,.T.);
#137=ORIENTED_EDGE('',*,*,#429,.T.);
#138=ORIENTED_EDGE('',*,*,#430,.T.);
#139=ORIENTED_EDGE('',*,*,#431,.T.);
#140=ORIENTED_EDGE('',*,*,#432,.T.);
#141=ORIENTED_EDGE('',*,*,#433,.T.);
#142=ORIENTED_EDGE('',*,*,#434,.T.);
#143=ORIENTED_EDGE('',*,*,#435,.T.);
#144=ORIENTED_EDGE('',*,*,#436,.T.);
#145=ORIENTED_EDGE('',*,*,#437,.T.);
#146=ORIENTED_EDGE('',*,*,#438,.T.);
#147=ORIENTED_EDGE('',*,*,#439,.T.);
#148=ORIENTED_EDGE('',*,*,#440,.F.);
#149=ORIENTED_EDGE('',*,*,#441,.F.);
#150=ORIENTED_EDGE('',*,*,#442,.F.);
#151=ORIENTED_EDGE('',*,*,#443,.F.);
#152=ORIENTED_EDGE('',*,*,#444,.F.);
#153=ORIENTED_EDGE('',*,*,#445,.T.);
#154=ORIENTED_EDGE('',*,*,#446,.F.);
#155=ORIENTED_EDGE('',*,*,#447,.T.);
#156=ORIENTED_EDGE('',*,*,#448,.F.);
#157=ORIENTED_EDGE('',*,*,#449,.T.);
#158=ORIENTED_EDGE('',*,*,#450,.F.);
#159=ORIENTED_EDGE('',*,*,#451,.T.);
#160=ORIENTED_EDGE('',*,*,#452,.F.);
#161=ORIENTED_EDGE('',*,*,#453,.F.);
#162=ORIENTED_EDGE('',*,*,#454,.F.);
#163=ORIENTED_EDGE('',*,*,#455,.F.);
#164=ORIENTED_EDGE('',*,*,#456,.T.);
#165=ORIENTED_EDGE('',*,*,#457,.T.);
#166=ORIENTED_EDGE('',*,*,#458,.T.);
#167=ORIENTED_EDGE('',*,*,#444,.T.);
#168=ORIENTED_EDGE('',*,*,#459,.T.);
#169=ORIENTED_EDGE('',*,*,#460,.T.);
#170=ORIENTED_EDGE('',*,*,#461,.T.);
#171=ORIENTED_EDGE('',*,*,#450,.T.);
#172=ORIENTED_EDGE('',*,*,#462,.T.);
#173=ORIENTED_EDGE('',*,*,#463,.T.);
#174=ORIENTED_EDGE('',*,*,#464,.T.);
#175=ORIENTED_EDGE('',*,*,#448,.T.);
#176=ORIENTED_EDGE('',*,*,#465,.T.);
#177=ORIENTED_EDGE('',*,*,#466,.T.);
#178=ORIENTED_EDGE('',*,*,#467,.T.);
#179=ORIENTED_EDGE('',*,*,#446,.T.);
#180=ORIENTED_EDGE('',*,*,#440,.T.);
#181=ORIENTED_EDGE('',*,*,#468,.T.);
#182=ORIENTED_EDGE('',*,*,#469,.F.);
#183=ORIENTED_EDGE('',*,*,#470,.T.);
#184=ORIENTED_EDGE('',*,*,#471,.F.);
#185=ORIENTED_EDGE('',*,*,#472,.T.);
#186=ORIENTED_EDGE('',*,*,#442,.T.);
#187=ORIENTED_EDGE('',*,*,#473,.T.);
#188=ORIENTED_EDGE('',*,*,#469,.T.);
#189=ORIENTED_EDGE('',*,*,#474,.T.);
#190=ORIENTED_EDGE('',*,*,#471,.T.);
#191=ORIENTED_EDGE('',*,*,#475,.T.);
#192=ORIENTED_EDGE('',*,*,#476,.F.);
#193=ORIENTED_EDGE('',*,*,#477,.T.);
#194=ORIENTED_EDGE('',*,*,#452,.T.);
#195=ORIENTED_EDGE('',*,*,#478,.T.);
#196=ORIENTED_EDGE('',*,*,#454,.T.);
#197=ORIENTED_EDGE('',*,*,#479,.T.);
#198=ORIENTED_EDGE('',*,*,#480,.F.);
#199=ORIENTED_EDGE('',*,*,#481,.T.);
#200=ORIENTED_EDGE('',*,*,#480,.T.);
#201=ORIENTED_EDGE('',*,*,#482,.T.);
#202=ORIENTED_EDGE('',*,*,#476,.T.);
#203=ORIENTED_EDGE('',*,*,#483,.T.);
#204=ORIENTED_EDGE('',*,*,#461,.F.);
#205=ORIENTED_EDGE('',*,*,#484,.T.);
#206=ORIENTED_EDGE('',*,*,#456,.F.);
#207=ORIENTED_EDGE('',*,*,#451,.F.);
#208=ORIENTED_EDGE('',*,*,#464,.F.);
#209=ORIENTED_EDGE('',*,*,#485,.T.);
#210=ORIENTED_EDGE('',*,*,#459,.F.);
#211=ORIENTED_EDGE('',*,*,#449,.F.);
#212=ORIENTED_EDGE('',*,*,#467,.F.);
#213=ORIENTED_EDGE('',*,*,#486,.T.);
#214=ORIENTED_EDGE('',*,*,#462,.F.);
#215=ORIENTED_EDGE('',*,*,#447,.F.);
#216=ORIENTED_EDGE('',*,*,#458,.F.);
#217=ORIENTED_EDGE('',*,*,#487,.T.);
#218=ORIENTED_EDGE('',*,*,#465,.F.);
#219=ORIENTED_EDGE('',*,*,#445,.F.);
#220=ORIENTED_EDGE('',*,*,#488,.T.);
#221=ORIENTED_EDGE('',*,*,#421,.F.);
#222=ORIENTED_EDGE('',*,*,#488,.F.);
#223=ORIENTED_EDGE('',*,*,#423,.F.);
#224=ORIENTED_EDGE('',*,*,#489,.F.);
#225=ORIENTED_EDGE('',*,*,#490,.T.);
#226=ORIENTED_EDGE('',*,*,#491,.T.);
#227=ORIENTED_EDGE('',*,*,#424,.F.);
#228=ORIENTED_EDGE('',*,*,#491,.F.);
#229=ORIENTED_EDGE('',*,*,#492,.T.);
#230=ORIENTED_EDGE('',*,*,#493,.T.);
#231=ORIENTED_EDGE('',*,*,#425,.F.);
#232=ORIENTED_EDGE('',*,*,#493,.F.);
#233=ORIENTED_EDGE('',*,*,#494,.T.);
#234=ORIENTED_EDGE('',*,*,#495,.T.);
#235=ORIENTED_EDGE('',*,*,#426,.F.);
#236=ORIENTED_EDGE('',*,*,#495,.F.);
#237=ORIENTED_EDGE('',*,*,#496,.T.);
#238=ORIENTED_EDGE('',*,*,#497,.T.);
#239=ORIENTED_EDGE('',*,*,#427,.F.);
#240=ORIENTED_EDGE('',*,*,#497,.F.);
#241=ORIENTED_EDGE('',*,*,#498,.T.);
#242=ORIENTED_EDGE('',*,*,#499,.T.);
#243=ORIENTED_EDGE('',*,*,#422,.F.);
#244=ORIENTED_EDGE('',*,*,#499,.F.);
#245=ORIENTED_EDGE('',*,*,#500,.T.);
#246=ORIENTED_EDGE('',*,*,#489,.T.);
#247=ORIENTED_EDGE('',*,*,#490,.F.);
#248=ORIENTED_EDGE('',*,*,#500,.F.);
#249=ORIENTED_EDGE('',*,*,#498,.F.);
#250=ORIENTED_EDGE('',*,*,#496,.F.);
#251=ORIENTED_EDGE('',*,*,#494,.F.);
#252=ORIENTED_EDGE('',*,*,#492,.F.);
#253=ORIENTED_EDGE('',*,*,#429,.F.);
#254=ORIENTED_EDGE('',*,*,#501,.F.);
#255=ORIENTED_EDGE('',*,*,#502,.T.);
#256=ORIENTED_EDGE('',*,*,#503,.T.);
#257=ORIENTED_EDGE('',*,*,#430,.F.);
#258=ORIENTED_EDGE('',*,*,#503,.F.);
#259=ORIENTED_EDGE('',*,*,#504,.T.);
#260=ORIENTED_EDGE('',*,*,#505,.T.);
#261=ORIENTED_EDGE('',*,*,#431,.F.);
#262=ORIENTED_EDGE('',*,*,#505,.F.);
#263=ORIENTED_EDGE('',*,*,#506,.T.);
#264=ORIENTED_EDGE('',*,*,#507,.T.);
#265=ORIENTED_EDGE('',*,*,#428,.F.);
#266=ORIENTED_EDGE('',*,*,#507,.F.);
#267=ORIENTED_EDGE('',*,*,#508,.T.);
#268=ORIENTED_EDGE('',*,*,#501,.T.);
#269=ORIENTED_EDGE('',*,*,#502,.F.);
#270=ORIENTED_EDGE('',*,*,#508,.F.);
#271=ORIENTED_EDGE('',*,*,#506,.F.);
#272=ORIENTED_EDGE('',*,*,#504,.F.);
#273=ORIENTED_EDGE('',*,*,#433,.F.);
#274=ORIENTED_EDGE('',*,*,#509,.F.);
#275=ORIENTED_EDGE('',*,*,#510,.T.);
#276=ORIENTED_EDGE('',*,*,#511,.T.);
#277=ORIENTED_EDGE('',*,*,#434,.F.);
#278=ORIENTED_EDGE('',*,*,#511,.F.);
#279=ORIENTED_EDGE('',*,*,#512,.T.);
#280=ORIENTED_EDGE('',*,*,#513,.T.);
#281=ORIENTED_EDGE('',*,*,#435,.F.);
#282=ORIENTED_EDGE('',*,*,#513,.F.);
#283=ORIENTED_EDGE('',*,*,#514,.T.);
#284=ORIENTED_EDGE('',*,*,#515,.T.);
#285=ORIENTED_EDGE('',*,*,#432,.F.);
#286=ORIENTED_EDGE('',*,*,#515,.F.);
#287=ORIENTED_EDGE('',*,*,#516,.T.);
#288=ORIENTED_EDGE('',*,*,#509,.T.);
#289=ORIENTED_EDGE('',*,*,#510,.F.);
#290=ORIENTED_EDGE('',*,*,#516,.F.);
#291=ORIENTED_EDGE('',*,*,#514,.F.);
#292=ORIENTED_EDGE('',*,*,#512,.F.);
#293=ORIENTED_EDGE('',*,*,#517,.T.);
#294=ORIENTED_EDGE('',*,*,#518,.F.);
#295=ORIENTED_EDGE('',*,*,#519,.T.);
#296=ORIENTED_EDGE('',*,*,#420,.F.);
#297=ORIENTED_EDGE('',*,*,#517,.F.);
#298=ORIENTED_EDGE('',*,*,#519,.F.);
#299=ORIENTED_EDGE('',*,*,#518,.T.);
#300=ORIENTED_EDGE('',*,*,#415,.F.);
#301=ORIENTED_EDGE('',*,*,#520,.F.);
#302=ORIENTED_EDGE('',*,*,#521,.T.);
#303=ORIENTED_EDGE('',*,*,#522,.T.);
#304=ORIENTED_EDGE('',*,*,#416,.F.);
#305=ORIENTED_EDGE('',*,*,#522,.F.);
#306=ORIENTED_EDGE('',*,*,#523,.T.);
#307=ORIENTED_EDGE('',*,*,#524,.T.);
#308=ORIENTED_EDGE('',*,*,#417,.F.);
#309=ORIENTED_EDGE('',*,*,#524,.F.);
#310=ORIENTED_EDGE('',*,*,#525,.T.);
#311=ORIENTED_EDGE('',*,*,#526,.T.);
#312=ORIENTED_EDGE('',*,*,#418,.F.);
#313=ORIENTED_EDGE('',*,*,#526,.F.);
#314=ORIENTED_EDGE('',*,*,#527,.T.);
#315=ORIENTED_EDGE('',*,*,#528,.T.);
#316=ORIENTED_EDGE('',*,*,#419,.F.);
#317=ORIENTED_EDGE('',*,*,#528,.F.);
#318=ORIENTED_EDGE('',*,*,#529,.T.);
#319=ORIENTED_EDGE('',*,*,#530,.T.);
#320=ORIENTED_EDGE('',*,*,#531,.T.);
#321=ORIENTED_EDGE('',*,*,#532,.F.);
#322=ORIENTED_EDGE('',*,*,#414,.F.);
#323=ORIENTED_EDGE('',*,*,#530,.F.);
#324=ORIENTED_EDGE('',*,*,#533,.T.);
#325=ORIENTED_EDGE('',*,*,#520,.T.);
#326=ORIENTED_EDGE('',*,*,#531,.F.);
#327=ORIENTED_EDGE('',*,*,#521,.F.);
#328=ORIENTED_EDGE('',*,*,#533,.F.);
#329=ORIENTED_EDGE('',*,*,#529,.F.);
#330=ORIENTED_EDGE('',*,*,#527,.F.);
#331=ORIENTED_EDGE('',*,*,#525,.F.);
#332=ORIENTED_EDGE('',*,*,#523,.F.);
#333=ORIENTED_EDGE('',*,*,#532,.T.);
#334=ORIENTED_EDGE('',*,*,#534,.F.);
#335=ORIENTED_EDGE('',*,*,#535,.F.);
#336=ORIENTED_EDGE('',*,*,#536,.T.);
#337=ORIENTED_EDGE('',*,*,#537,.T.);
#338=ORIENTED_EDGE('',*,*,#437,.F.);
#339=ORIENTED_EDGE('',*,*,#538,.F.);
#340=ORIENTED_EDGE('',*,*,#539,.T.);
#341=ORIENTED_EDGE('',*,*,#540,.T.);
#342=ORIENTED_EDGE('',*,*,#438,.F.);
#343=ORIENTED_EDGE('',*,*,#540,.F.);
#344=ORIENTED_EDGE('',*,*,#541,.T.);
#345=ORIENTED_EDGE('',*,*,#542,.T.);
#346=ORIENTED_EDGE('',*,*,#439,.F.);
#347=ORIENTED_EDGE('',*,*,#542,.F.);
#348=ORIENTED_EDGE('',*,*,#543,.T.);
#349=ORIENTED_EDGE('',*,*,#544,.T.);
#350=ORIENTED_EDGE('',*,*,#436,.F.);
#351=ORIENTED_EDGE('',*,*,#544,.F.);
#352=ORIENTED_EDGE('',*,*,#545,.T.);
#353=ORIENTED_EDGE('',*,*,#538,.T.);
#354=ORIENTED_EDGE('',*,*,#546,.F.);
#355=ORIENTED_EDGE('',*,*,#537,.F.);
#356=ORIENTED_EDGE('',*,*,#547,.T.);
#357=ORIENTED_EDGE('',*,*,#535,.T.);
#358=ORIENTED_EDGE('',*,*,#539,.F.);
#359=ORIENTED_EDGE('',*,*,#545,.F.);
#360=ORIENTED_EDGE('',*,*,#543,.F.);
#361=ORIENTED_EDGE('',*,*,#541,.F.);
#362=ORIENTED_EDGE('',*,*,#536,.F.);
#363=ORIENTED_EDGE('',*,*,#547,.F.);
#364=ORIENTED_EDGE('',*,*,#546,.T.);
#365=ORIENTED_EDGE('',*,*,#534,.T.);
#366=ORIENTED_EDGE('',*,*,#548,.F.);
#367=ORIENTED_EDGE('',*,*,#486,.F.);
#368=ORIENTED_EDGE('',*,*,#549,.F.);
#369=ORIENTED_EDGE('',*,*,#549,.T.);
#370=ORIENTED_EDGE('',*,*,#466,.F.);
#371=ORIENTED_EDGE('',*,*,#550,.F.);
#372=ORIENTED_EDGE('',*,*,#410,.F.);
#373=ORIENTED_EDGE('',*,*,#548,.T.);
#374=ORIENTED_EDGE('',*,*,#413,.F.);
#375=ORIENTED_EDGE('',*,*,#551,.F.);
#376=ORIENTED_EDGE('',*,*,#463,.F.);
#377=ORIENTED_EDGE('',*,*,#550,.T.);
#378=ORIENTED_EDGE('',*,*,#487,.F.);
#379=ORIENTED_EDGE('',*,*,#552,.F.);
#380=ORIENTED_EDGE('',*,*,#485,.F.);
#381=ORIENTED_EDGE('',*,*,#551,.T.);
#382=ORIENTED_EDGE('',*,*,#553,.F.);
#383=ORIENTED_EDGE('',*,*,#552,.T.);
#384=ORIENTED_EDGE('',*,*,#457,.F.);
#385=ORIENTED_EDGE('',*,*,#554,.F.);
#386=ORIENTED_EDGE('',*,*,#411,.F.);
#387=ORIENTED_EDGE('',*,*,#553,.T.);
#388=ORIENTED_EDGE('',*,*,#412,.F.);
#389=ORIENTED_EDGE('',*,*,#555,.F.);
#390=ORIENTED_EDGE('',*,*,#460,.F.);
#391=ORIENTED_EDGE('',*,*,#554,.T.);
#392=ORIENTED_EDGE('',*,*,#484,.F.);
#393=ORIENTED_EDGE('',*,*,#555,.T.);
#394=ORIENTED_EDGE('',*,*,#478,.F.);
#395=ORIENTED_EDGE('',*,*,#455,.T.);
#396=ORIENTED_EDGE('',*,*,#481,.F.);
#397=ORIENTED_EDGE('',*,*,#483,.F.);
#398=ORIENTED_EDGE('',*,*,#473,.F.);
#399=ORIENTED_EDGE('',*,*,#441,.T.);
#400=ORIENTED_EDGE('',*,*,#470,.F.);
#401=ORIENTED_EDGE('',*,*,#475,.F.);
#402=ORIENTED_EDGE('',*,*,#468,.F.);
#403=ORIENTED_EDGE('',*,*,#443,.T.);
#404=ORIENTED_EDGE('',*,*,#472,.F.);
#405=ORIENTED_EDGE('',*,*,#474,.F.);
#406=ORIENTED_EDGE('',*,*,#479,.F.);
#407=ORIENTED_EDGE('',*,*,#453,.T.);
#408=ORIENTED_EDGE('',*,*,#477,.F.);
#409=ORIENTED_EDGE('',*,*,#482,.F.);
#410=EDGE_CURVE('',#556,#557,#652,.T.);
#411=EDGE_CURVE('',#557,#558,#653,.T.);
#412=EDGE_CURVE('',#558,#559,#654,.T.);
#413=EDGE_CURVE('',#559,#556,#655,.T.);
#414=EDGE_CURVE('',#560,#561,#60,.T.);
#415=EDGE_CURVE('',#561,#562,#61,.T.);
#416=EDGE_CURVE('',#562,#563,#62,.T.);
#417=EDGE_CURVE('',#563,#564,#63,.T.);
#418=EDGE_CURVE('',#564,#565,#64,.T.);
#419=EDGE_CURVE('',#565,#560,#65,.T.);
#420=EDGE_CURVE('',#566,#566,#66,.T.);
#421=EDGE_CURVE('',#567,#567,#42,.T.);
#422=EDGE_CURVE('',#568,#569,#67,.T.);
#423=EDGE_CURVE('',#569,#570,#68,.T.);
#424=EDGE_CURVE('',#570,#571,#69,.T.);
#425=EDGE_CURVE('',#571,#572,#70,.T.);
#426=EDGE_CURVE('',#572,#573,#71,.T.);
#427=EDGE_CURVE('',#573,#568,#72,.T.);
#428=EDGE_CURVE('',#574,#575,#73,.T.);
#429=EDGE_CURVE('',#575,#576,#74,.T.);
#430=EDGE_CURVE('',#576,#577,#75,.T.);
#431=EDGE_CURVE('',#577,#574,#76,.T.);
#432=EDGE_CURVE('',#578,#579,#77,.T.);
#433=EDGE_CURVE('',#579,#580,#78,.T.);
#434=EDGE_CURVE('',#580,#581,#79,.T.);
#435=EDGE_CURVE('',#581,#578,#80,.T.);
#436=EDGE_CURVE('',#582,#583,#81,.T.);
#437=EDGE_CURVE('',#583,#584,#82,.T.);
#438=EDGE_CURVE('',#584,#585,#83,.T.);
#439=EDGE_CURVE('',#585,#582,#84,.T.);
#440=EDGE_CURVE('',#586,#587,#656,.T.);
#441=EDGE_CURVE('',#588,#586,#657,.T.);
#442=EDGE_CURVE('',#589,#588,#658,.T.);
#443=EDGE_CURVE('',#587,#589,#659,.T.);
#444=EDGE_CURVE('',#590,#591,#660,.T.);
#445=EDGE_CURVE('',#590,#592,#43,.F.);
#446=EDGE_CURVE('',#593,#592,#661,.T.);
#447=EDGE_CURVE('',#593,#594,#44,.F.);
#448=EDGE_CURVE('',#595,#594,#662,.T.);
#449=EDGE_CURVE('',#595,#596,#45,.F.);
#450=EDGE_CURVE('',#597,#596,#663,.T.);
#451=EDGE_CURVE('',#597,#591,#46,.F.);
#452=EDGE_CURVE('',#598,#599,#664,.T.);
#453=EDGE_CURVE('',#600,#598,#665,.T.);
#454=EDGE_CURVE('',#601,#600,#666,.T.);
#455=EDGE_CURVE('',#599,#601,#667,.T.);
#456=EDGE_CURVE('',#591,#602,#668,.F.);
#457=EDGE_CURVE('',#602,#603,#669,.T.);
#458=EDGE_CURVE('',#603,#590,#670,.T.);
#459=EDGE_CURVE('',#596,#604,#671,.F.);
#460=EDGE_CURVE('',#604,#605,#672,.T.);
#461=EDGE_CURVE('',#605,#597,#673,.T.);
#462=EDGE_CURVE('',#594,#606,#674,.F.);
#463=EDGE_CURVE('',#606,#607,#675,.T.);
#464=EDGE_CURVE('',#607,#595,#676,.T.);
#465=EDGE_CURVE('',#592,#608,#677,.F.);
#466=EDGE_CURVE('',#608,#609,#678,.T.);
#467=EDGE_CURVE('',#609,#593,#679,.T.);
#468=EDGE_CURVE('',#587,#610,#47,.F.);
#469=EDGE_CURVE('',#611,#610,#680,.T.);
#470=EDGE_CURVE('',#611,#586,#48,.F.);
#471=EDGE_CURVE('',#612,#613,#681,.T.);
#472=EDGE_CURVE('',#612,#589,#49,.F.);
#473=EDGE_CURVE('',#588,#613,#50,.F.);
#474=EDGE_CURVE('',#610,#612,#682,.T.);
#475=EDGE_CURVE('',#613,#611,#683,.T.);
#476=EDGE_CURVE('',#614,#615,#684,.T.);
#477=EDGE_CURVE('',#614,#598,#51,.F.);
#478=EDGE_CURVE('',#599,#615,#52,.F.);
#479=EDGE_CURVE('',#600,#616,#53,.F.);
#480=EDGE_CURVE('',#617,#616,#685,.T.);
#481=EDGE_CURVE('',#617,#601,#54,.F.);
#482=EDGE_CURVE('',#616,#614,#686,.T.);
#483=EDGE_CURVE('',#615,#617,#687,.T.);
#484=EDGE_CURVE('',#605,#602,#55,.F.);
#485=EDGE_CURVE('',#607,#604,#56,.F.);
#486=EDGE_CURVE('',#609,#606,#57,.F.);
#487=EDGE_CURVE('',#603,#608,#58,.F.);
#488=EDGE_CURVE('',#618,#618,#59,.T.);
#489=EDGE_CURVE('',#619,#569,#688,.T.);
#490=EDGE_CURVE('',#619,#620,#85,.T.);
#491=EDGE_CURVE('',#620,#570,#689,.T.);
#492=EDGE_CURVE('',#620,#621,#86,.T.);
#493=EDGE_CURVE('',#621,#571,#690,.T.);
#494=EDGE_CURVE('',#621,#622,#87,.T.);
#495=EDGE_CURVE('',#622,#572,#691,.T.);
#496=EDGE_CURVE('',#622,#623,#88,.T.);
#497=EDGE_CURVE('',#623,#573,#692,.T.);
#498=EDGE_CURVE('',#623,#624,#89,.T.);
#499=EDGE_CURVE('',#624,#568,#693,.T.);
#500=EDGE_CURVE('',#624,#619,#90,.T.);
#501=EDGE_CURVE('',#625,#575,#694,.T.);
#502=EDGE_CURVE('',#625,#626,#91,.T.);
#503=EDGE_CURVE('',#626,#576,#695,.T.);
#504=EDGE_CURVE('',#626,#627,#92,.T.);
#505=EDGE_CURVE('',#627,#577,#696,.T.);
#506=EDGE_CURVE('',#627,#628,#93,.T.);
#507=EDGE_CURVE('',#628,#574,#697,.T.);
#508=EDGE_CURVE('',#628,#625,#94,.T.);
#509=EDGE_CURVE('',#629,#579,#698,.T.);
#510=EDGE_CURVE('',#629,#630,#95,.T.);
#511=EDGE_CURVE('',#630,#580,#699,.T.);
#512=EDGE_CURVE('',#630,#631,#96,.T.);
#513=EDGE_CURVE('',#631,#581,#700,.T.);
#514=EDGE_CURVE('',#631,#632,#97,.T.);
#515=EDGE_CURVE('',#632,#578,#701,.T.);
#516=EDGE_CURVE('',#632,#629,#98,.T.);
#517=EDGE_CURVE('',#633,#633,#99,.T.);
#518=EDGE_CURVE('',#634,#634,#100,.T.);
#519=EDGE_CURVE('',#635,#635,#101,.T.);
#520=EDGE_CURVE('',#636,#561,#702,.T.);
#521=EDGE_CURVE('',#636,#637,#102,.T.);
#522=EDGE_CURVE('',#637,#562,#703,.T.);
#523=EDGE_CURVE('',#637,#638,#103,.T.);
#524=EDGE_CURVE('',#638,#563,#704,.T.);
#525=EDGE_CURVE('',#638,#639,#104,.T.);
#526=EDGE_CURVE('',#639,#564,#705,.T.);
#527=EDGE_CURVE('',#639,#640,#105,.T.);
#528=EDGE_CURVE('',#640,#565,#706,.T.);
#529=EDGE_CURVE('',#640,#641,#106,.T.);
#530=EDGE_CURVE('',#641,#560,#707,.T.);
#531=EDGE_CURVE('',#642,#642,#107,.T.);
#532=EDGE_CURVE('',#643,#643,#108,.T.);
#533=EDGE_CURVE('',#641,#636,#109,.T.);
#534=EDGE_CURVE('',#644,#645,#110,.T.);
#535=EDGE_CURVE('',#646,#644,#708,.T.);
#536=EDGE_CURVE('',#646,#647,#111,.T.);
#537=EDGE_CURVE('',#647,#645,#709,.T.);
#538=EDGE_CURVE('',#648,#583,#710,.T.);
#539=EDGE_CURVE('',#648,#649,#112,.T.);
#540=EDGE_CURVE('',#649,#584,#711,.T.);
#541=EDGE_CURVE('',#649,#650,#113,.T.);
#542=EDGE_CURVE('',#650,#585,#712,.T.);
#543=EDGE_CURVE('',#650,#651,#114,.T.);
#544=EDGE_CURVE('',#651,#582,#713,.T.);
#545=EDGE_CURVE('',#651,#648,#115,.T.);
#546=EDGE_CURVE('',#645,#644,#116,.T.);
#547=EDGE_CURVE('',#647,#646,#117,.T.);
#548=EDGE_CURVE('',#606,#556,#714,.T.);
#549=EDGE_CURVE('',#556,#609,#715,.T.);
#550=EDGE_CURVE('',#557,#608,#716,.T.);
#551=EDGE_CURVE('',#607,#559,#717,.T.);
#552=EDGE_CURVE('',#557,#603,#718,.T.);
#553=EDGE_CURVE('',#604,#559,#719,.T.);
#554=EDGE_CURVE('',#558,#602,#720,.T.);
#555=EDGE_CURVE('',#605,#558,#721,.T.);
#556=VERTEX_POINT('',#1864);
#557=VERTEX_POINT('',#1865);
#558=VERTEX_POINT('',#1867);
#559=VERTEX_POINT('',#1869);
#560=VERTEX_POINT('',#1875);
#561=VERTEX_POINT('',#1876);
#562=VERTEX_POINT('',#1881);
#563=VERTEX_POINT('',#1886);
#564=VERTEX_POINT('',#1911);
#565=VERTEX_POINT('',#1916);
#566=VERTEX_POINT('',#1945);
#567=VERTEX_POINT('',#1947);
#568=VERTEX_POINT('',#1950);
#569=VERTEX_POINT('',#1951);
#570=VERTEX_POINT('',#1954);
#571=VERTEX_POINT('',#1957);
#572=VERTEX_POINT('',#1960);
#573=VERTEX_POINT('',#1963);
#574=VERTEX_POINT('',#1968);
#575=VERTEX_POINT('',#1969);
#576=VERTEX_POINT('',#1972);
#577=VERTEX_POINT('',#1975);
#578=VERTEX_POINT('',#1982);
#579=VERTEX_POINT('',#1983);
#580=VERTEX_POINT('',#2010);
#581=VERTEX_POINT('',#2015);
#582=VERTEX_POINT('',#2048);
#583=VERTEX_POINT('',#2049);
#584=VERTEX_POINT('',#2062);
#585=VERTEX_POINT('',#2067);
#586=VERTEX_POINT('',#2094);
#587=VERTEX_POINT('',#2095);
#588=VERTEX_POINT('',#2097);
#589=VERTEX_POINT('',#2099);
#590=VERTEX_POINT('',#2102);
#591=VERTEX_POINT('',#2103);
#592=VERTEX_POINT('',#2105);
#593=VERTEX_POINT('',#2107);
#594=VERTEX_POINT('',#2109);
#595=VERTEX_POINT('',#2111);
#596=VERTEX_POINT('',#2113);
#597=VERTEX_POINT('',#2115);
#598=VERTEX_POINT('',#2118);
#599=VERTEX_POINT('',#2119);
#600=VERTEX_POINT('',#2121);
#601=VERTEX_POINT('',#2123);
#602=VERTEX_POINT('',#2127);
#603=VERTEX_POINT('',#2129);
#604=VERTEX_POINT('',#2133);
#605=VERTEX_POINT('',#2135);
#606=VERTEX_POINT('',#2139);
#607=VERTEX_POINT('',#2141);
#608=VERTEX_POINT('',#2145);
#609=VERTEX_POINT('',#2147);
#610=VERTEX_POINT('',#2151);
#611=VERTEX_POINT('',#2153);
#612=VERTEX_POINT('',#2157);
#613=VERTEX_POINT('',#2158);
#614=VERTEX_POINT('',#2166);
#615=VERTEX_POINT('',#2167);
#616=VERTEX_POINT('',#2172);
#617=VERTEX_POINT('',#2174);
#618=VERTEX_POINT('',#2189);
#619=VERTEX_POINT('',#2193);
#620=VERTEX_POINT('',#2196);
#621=VERTEX_POINT('',#2201);
#622=VERTEX_POINT('',#2206);
#623=VERTEX_POINT('',#2211);
#624=VERTEX_POINT('',#2216);
#625=VERTEX_POINT('',#2224);
#626=VERTEX_POINT('',#2227);
#627=VERTEX_POINT('',#2232);
#628=VERTEX_POINT('',#2237);
#629=VERTEX_POINT('',#2264);
#630=VERTEX_POINT('',#2291);
#631=VERTEX_POINT('',#2298);
#632=VERTEX_POINT('',#2350);
#633=VERTEX_POINT('',#2399);
#634=VERTEX_POINT('',#2421);
#635=VERTEX_POINT('',#2464);
#636=VERTEX_POINT('',#2469);
#637=VERTEX_POINT('',#2474);
#638=VERTEX_POINT('',#2481);
#639=VERTEX_POINT('',#2521);
#640=VERTEX_POINT('',#2528);
#641=VERTEX_POINT('',#2535);
#642=VERTEX_POINT('',#2576);
#643=VERTEX_POINT('',#2598);
#644=VERTEX_POINT('',#2611);
#645=VERTEX_POINT('',#2612);
#646=VERTEX_POINT('',#2614);
#647=VERTEX_POINT('',#2619);
#648=VERTEX_POINT('',#2632);
#649=VERTEX_POINT('',#2645);
#650=VERTEX_POINT('',#2652);
#651=VERTEX_POINT('',#2704);
#652=LINE('',#1863,#722);
#653=LINE('',#1866,#723);
#654=LINE('',#1868,#724);
#655=LINE('',#1870,#725);
#656=LINE('',#2093,#726);
#657=LINE('',#2096,#727);
#658=LINE('',#2098,#728);
#659=LINE('',#2100,#729);
#660=LINE('',#2101,#730);
#661=LINE('',#2106,#731);
#662=LINE('',#2110,#732);
#663=LINE('',#2114,#733);
#664=LINE('',#2117,#734);
#665=LINE('',#2120,#735);
#666=LINE('',#2122,#736);
#667=LINE('',#2124,#737);
#668=LINE('',#2126,#738);
#669=LINE('',#2128,#739);
#670=LINE('',#2130,#740);
#671=LINE('',#2132,#741);
#672=LINE('',#2134,#742);
#673=LINE('',#2136,#743);
#674=LINE('',#2138,#744);
#675=LINE('',#2140,#745);
#676=LINE('',#2142,#746);
#677=LINE('',#2144,#747);
#678=LINE('',#2146,#748);
#679=LINE('',#2148,#749);
#680=LINE('',#2152,#750);
#681=LINE('',#2156,#751);
#682=LINE('',#2162,#752);
#683=LINE('',#2163,#753);
#684=LINE('',#2165,#754);
#685=LINE('',#2173,#755);
#686=LINE('',#2177,#756);
#687=LINE('',#2178,#757);
#688=LINE('',#2192,#758);
#689=LINE('',#2197,#759);
#690=LINE('',#2202,#760);
#691=LINE('',#2207,#761);
#692=LINE('',#2212,#762);
#693=LINE('',#2217,#763);
#694=LINE('',#2223,#764);
#695=LINE('',#2228,#765);
#696=LINE('',#2233,#766);
#697=LINE('',#2238,#767);
#698=LINE('',#2263,#768);
#699=LINE('',#2292,#769);
#700=LINE('',#2299,#770);
#701=LINE('',#2351,#771);
#702=LINE('',#2468,#772);
#703=LINE('',#2475,#773);
#704=LINE('',#2482,#774);
#705=LINE('',#2522,#775);
#706=LINE('',#2529,#776);
#707=LINE('',#2536,#777);
#708=LINE('',#2613,#778);
#709=LINE('',#2620,#779);
#710=LINE('',#2631,#780);
#711=LINE('',#2646,#781);
#712=LINE('',#2653,#782);
#713=LINE('',#2705,#783);
#714=LINE('',#2748,#784);
#715=LINE('',#2749,#785);
#716=LINE('',#2751,#786);
#717=LINE('',#2753,#787);
#718=LINE('',#2755,#788);
#719=LINE('',#2757,#789);
#720=LINE('',#2759,#790);
#721=LINE('',#2761,#791);
#722=VECTOR('',#1639,1000.);
#723=VECTOR('',#1640,1000.);
#724=VECTOR('',#1641,1000.);
#725=VECTOR('',#1642,1000.);
#726=VECTOR('',#1647,1000.);
#727=VECTOR('',#1648,1000.);
#728=VECTOR('',#1649,1000.);
#729=VECTOR('',#1650,1000.);
#730=VECTOR('',#1651,1000.);
#731=VECTOR('',#1654,1000.);
#732=VECTOR('',#1657,1000.);
#733=VECTOR('',#1660,1000.);
#734=VECTOR('',#1663,1000.);
#735=VECTOR('',#1664,1000.);
#736=VECTOR('',#1665,1000.);
#737=VECTOR('',#1666,1000.);
#738=VECTOR('',#1669,1000.);
#739=VECTOR('',#1670,1000.);
#740=VECTOR('',#1671,1000.);
#741=VECTOR('',#1674,1000.);
#742=VECTOR('',#1675,1000.);
#743=VECTOR('',#1676,1000.);
#744=VECTOR('',#1679,1000.);
#745=VECTOR('',#1680,1000.);
#746=VECTOR('',#1681,1000.);
#747=VECTOR('',#1684,1000.);
#748=VECTOR('',#1685,1000.);
#749=VECTOR('',#1686,1000.);
#750=VECTOR('',#1691,1000.);
#751=VECTOR('',#1696,1000.);
#752=VECTOR('',#1703,1000.);
#753=VECTOR('',#1704,1000.);
#754=VECTOR('',#1707,1000.);
#755=VECTOR('',#1716,1000.);
#756=VECTOR('',#1721,1000.);
#757=VECTOR('',#1722,1000.);
#758=VECTOR('',#1747,1000.);
#759=VECTOR('',#1748,1000.);
#760=VECTOR('',#1751,1000.);
#761=VECTOR('',#1754,1000.);
#762=VECTOR('',#1757,1000.);
#763=VECTOR('',#1760,1000.);
#764=VECTOR('',#1767,1000.);
#765=VECTOR('',#1768,1000.);
#766=VECTOR('',#1771,1000.);
#767=VECTOR('',#1774,1000.);
#768=VECTOR('',#1779,1000.);
#769=VECTOR('',#1780,1000.);
#770=VECTOR('',#1783,1000.);
#771=VECTOR('',#1784,1000.);
#772=VECTOR('',#1795,1000.);
#773=VECTOR('',#1796,1000.);
#774=VECTOR('',#1799,1000.);
#775=VECTOR('',#1800,1000.);
#776=VECTOR('',#1803,1000.);
#777=VECTOR('',#1806,1000.);
#778=VECTOR('',#1815,1000.);
#779=VECTOR('',#1816,1000.);
#780=VECTOR('',#1817,1000.);
#781=VECTOR('',#1818,1000.);
#782=VECTOR('',#1821,1000.);
#783=VECTOR('',#1822,1000.);
#784=VECTOR('',#1831,1000.);
#785=VECTOR('',#1832,1000.);
#786=VECTOR('',#1835,1000.);
#787=VECTOR('',#1838,1000.);
#788=VECTOR('',#1841,1000.);
#789=VECTOR('',#1844,1000.);
#790=VECTOR('',#1847,1000.);
#791=VECTOR('',#1850,1000.);
#792=EDGE_LOOP('',(#118,#119,#120,#121));
#793=EDGE_LOOP('',(#122,#123,#124,#125,#126,#127));
#794=EDGE_LOOP('',(#128));
#795=EDGE_LOOP('',(#129));
#796=EDGE_LOOP('',(#130,#131,#132,#133,#134,#135));
#797=EDGE_LOOP('',(#136,#137,#138,#139));
#798=EDGE_LOOP('',(#140,#141,#142,#143));
#799=EDGE_LOOP('',(#144,#145,#146,#147));
#800=EDGE_LOOP('',(#148,#149,#150,#151));
#801=EDGE_LOOP('',(#152,#153,#154,#155,#156,#157,#158,#159));
#802=EDGE_LOOP('',(#160,#161,#162,#163));
#803=EDGE_LOOP('',(#164,#165,#166,#167));
#804=EDGE_LOOP('',(#168,#169,#170,#171));
#805=EDGE_LOOP('',(#172,#173,#174,#175));
#806=EDGE_LOOP('',(#176,#177,#178,#179));
#807=EDGE_LOOP('',(#180,#181,#182,#183));
#808=EDGE_LOOP('',(#184,#185,#186,#187));
#809=EDGE_LOOP('',(#188,#189,#190,#191));
#810=EDGE_LOOP('',(#192,#193,#194,#195));
#811=EDGE_LOOP('',(#196,#197,#198,#199));
#812=EDGE_LOOP('',(#200,#201,#202,#203));
#813=EDGE_LOOP('',(#204,#205,#206,#207));
#814=EDGE_LOOP('',(#208,#209,#210,#211));
#815=EDGE_LOOP('',(#212,#213,#214,#215));
#816=EDGE_LOOP('',(#216,#217,#218,#219));
#817=EDGE_LOOP('',(#220));
#818=EDGE_LOOP('',(#221));
#819=EDGE_LOOP('',(#222));
#820=EDGE_LOOP('',(#223,#224,#225,#226));
#821=EDGE_LOOP('',(#227,#228,#229,#230));
#822=EDGE_LOOP('',(#231,#232,#233,#234));
#823=EDGE_LOOP('',(#235,#236,#237,#238));
#824=EDGE_LOOP('',(#239,#240,#241,#242));
#825=EDGE_LOOP('',(#243,#244,#245,#246));
#826=EDGE_LOOP('',(#247,#248,#249,#250,#251,#252));
#827=EDGE_LOOP('',(#253,#254,#255,#256));
#828=EDGE_LOOP('',(#257,#258,#259,#260));
#829=EDGE_LOOP('',(#261,#262,#263,#264));
#830=EDGE_LOOP('',(#265,#266,#267,#268));
#831=EDGE_LOOP('',(#269,#270,#271,#272));
#832=EDGE_LOOP('',(#273,#274,#275,#276));
#833=EDGE_LOOP('',(#277,#278,#279,#280));
#834=EDGE_LOOP('',(#281,#282,#283,#284));
#835=EDGE_LOOP('',(#285,#286,#287,#288));
#836=EDGE_LOOP('',(#289,#290,#291,#292));
#837=EDGE_LOOP('',(#293));
#838=EDGE_LOOP('',(#294));
#839=EDGE_LOOP('',(#295));
#840=EDGE_LOOP('',(#296));
#841=EDGE_LOOP('',(#297));
#842=EDGE_LOOP('',(#298));
#843=EDGE_LOOP('',(#299));
#844=EDGE_LOOP('',(#300,#301,#302,#303));
#845=EDGE_LOOP('',(#304,#305,#306,#307));
#846=EDGE_LOOP('',(#308,#309,#310,#311));
#847=EDGE_LOOP('',(#312,#313,#314,#315));
#848=EDGE_LOOP('',(#316,#317,#318,#319));
#849=EDGE_LOOP('',(#320));
#850=EDGE_LOOP('',(#321));
#851=EDGE_LOOP('',(#322,#323,#324,#325));
#852=EDGE_LOOP('',(#326));
#853=EDGE_LOOP('',(#327,#328,#329,#330,#331,#332));
#854=EDGE_LOOP('',(#333));
#855=EDGE_LOOP('',(#334,#335,#336,#337));
#856=EDGE_LOOP('',(#338,#339,#340,#341));
#857=EDGE_LOOP('',(#342,#343,#344,#345));
#858=EDGE_LOOP('',(#346,#347,#348,#349));
#859=EDGE_LOOP('',(#350,#351,#352,#353));
#860=EDGE_LOOP('',(#354,#355,#356,#357));
#861=EDGE_LOOP('',(#358,#359,#360,#361));
#862=EDGE_LOOP('',(#362,#363));
#863=EDGE_LOOP('',(#364,#365));
#864=EDGE_LOOP('',(#366,#367,#368));
#865=EDGE_LOOP('',(#369,#370,#371,#372));
#866=EDGE_LOOP('',(#373,#374,#375,#376));
#867=EDGE_LOOP('',(#377,#378,#379));
#868=EDGE_LOOP('',(#380,#381,#382));
#869=EDGE_LOOP('',(#383,#384,#385,#386));
#870=EDGE_LOOP('',(#387,#388,#389,#390));
#871=EDGE_LOOP('',(#391,#392,#393));
#872=EDGE_LOOP('',(#394,#395,#396,#397));
#873=EDGE_LOOP('',(#398,#399,#400,#401));
#874=EDGE_LOOP('',(#402,#403,#404,#405));
#875=EDGE_LOOP('',(#406,#407,#408,#409));
#876=FACE_BOUND('',#792,.T.);
#877=FACE_BOUND('',#793,.T.);
#878=FACE_BOUND('',#794,.T.);
#879=FACE_BOUND('',#795,.T.);
#880=FACE_BOUND('',#796,.T.);
#881=FACE_BOUND('',#797,.T.);
#882=FACE_BOUND('',#798,.T.);
#883=FACE_BOUND('',#799,.T.);
#884=FACE_BOUND('',#800,.T.);
#885=FACE_BOUND('',#801,.T.);
#886=FACE_BOUND('',#802,.T.);
#887=FACE_BOUND('',#803,.T.);
#888=FACE_BOUND('',#804,.T.);
#889=FACE_BOUND('',#805,.T.);
#890=FACE_BOUND('',#806,.T.);
#891=FACE_BOUND('',#807,.T.);
#892=FACE_BOUND('',#808,.T.);
#893=FACE_BOUND('',#809,.T.);
#894=FACE_BOUND('',#810,.T.);
#895=FACE_BOUND('',#811,.T.);
#896=FACE_BOUND('',#812,.T.);
#897=FACE_BOUND('',#813,.T.);
#898=FACE_BOUND('',#814,.T.);
#899=FACE_BOUND('',#815,.T.);
#900=FACE_BOUND('',#816,.T.);
#901=FACE_BOUND('',#817,.T.);
#902=FACE_BOUND('',#818,.T.);
#903=FACE_BOUND('',#819,.T.);
#904=FACE_BOUND('',#820,.T.);
#905=FACE_BOUND('',#821,.T.);
#906=FACE_BOUND('',#822,.T.);
#907=FACE_BOUND('',#823,.T.);
#908=FACE_BOUND('',#824,.T.);
#909=FACE_BOUND('',#825,.T.);
#910=FACE_BOUND('',#826,.T.);
#911=FACE_BOUND('',#827,.T.);
#912=FACE_BOUND('',#828,.T.);
#913=FACE_BOUND('',#829,.T.);
#914=FACE_BOUND('',#830,.T.);
#915=FACE_BOUND('',#831,.T.);
#916=FACE_BOUND('',#832,.T.);
#917=FACE_BOUND('',#833,.T.);
#918=FACE_BOUND('',#834,.T.);
#919=FACE_BOUND('',#835,.T.);
#920=FACE_BOUND('',#836,.T.);
#921=FACE_BOUND('',#837,.T.);
#922=FACE_BOUND('',#838,.T.);
#923=FACE_BOUND('',#839,.T.);
#924=FACE_BOUND('',#840,.T.);
#925=FACE_BOUND('',#841,.T.);
#926=FACE_BOUND('',#842,.T.);
#927=FACE_BOUND('',#843,.T.);
#928=FACE_BOUND('',#844,.T.);
#929=FACE_BOUND('',#845,.T.);
#930=FACE_BOUND('',#846,.T.);
#931=FACE_BOUND('',#847,.T.);
#932=FACE_BOUND('',#848,.T.);
#933=FACE_BOUND('',#849,.T.);
#934=FACE_BOUND('',#850,.T.);
#935=FACE_BOUND('',#851,.T.);
#936=FACE_BOUND('',#852,.T.);
#937=FACE_BOUND('',#853,.T.);
#938=FACE_BOUND('',#854,.T.);
#939=FACE_BOUND('',#855,.T.);
#940=FACE_BOUND('',#856,.T.);
#941=FACE_BOUND('',#857,.T.);
#942=FACE_BOUND('',#858,.T.);
#943=FACE_BOUND('',#859,.T.);
#944=FACE_BOUND('',#860,.T.);
#945=FACE_BOUND('',#861,.T.);
#946=FACE_BOUND('',#862,.T.);
#947=FACE_BOUND('',#863,.T.);
#948=FACE_BOUND('',#864,.T.);
#949=FACE_BOUND('',#865,.T.);
#950=FACE_BOUND('',#866,.T.);
#951=FACE_BOUND('',#867,.T.);
#952=FACE_BOUND('',#868,.T.);
#953=FACE_BOUND('',#869,.T.);
#954=FACE_BOUND('',#870,.T.);
#955=FACE_BOUND('',#871,.T.);
#956=FACE_BOUND('',#872,.T.);
#957=FACE_BOUND('',#873,.T.);
#958=FACE_BOUND('',#874,.T.);
#959=FACE_BOUND('',#875,.T.);
#960=PLANE('',#1558);
#961=PLANE('',#1560);
#962=PLANE('',#1565);
#963=PLANE('',#1566);
#964=PLANE('',#1567);
#965=PLANE('',#1568);
#966=PLANE('',#1569);
#967=PLANE('',#1572);
#968=PLANE('',#1575);
#969=PLANE('',#1576);
#970=PLANE('',#1579);
#971=PLANE('',#1582);
#972=PLANE('',#1593);
#973=PLANE('',#1594);
#974=PLANE('',#1595);
#975=PLANE('',#1596);
#976=PLANE('',#1597);
#977=PLANE('',#1598);
#978=PLANE('',#1599);
#979=PLANE('',#1600);
#980=PLANE('',#1601);
#981=PLANE('',#1602);
#982=PLANE('',#1603);
#983=PLANE('',#1604);
#984=PLANE('',#1605);
#985=PLANE('',#1606);
#986=PLANE('',#1607);
#987=PLANE('',#1608);
#988=PLANE('',#1609);
#989=PLANE('',#1610);
#990=PLANE('',#1611);
#991=PLANE('',#1612);
#992=PLANE('',#1613);
#993=PLANE('',#1614);
#994=PLANE('',#1615);
#995=PLANE('',#1616);
#996=PLANE('',#1617);
#997=PLANE('',#1618);
#998=PLANE('',#1619);
#999=PLANE('',#1620);
#1000=PLANE('',#1621);
#1001=PLANE('',#1622);
#1002=PLANE('',#1624);
#1003=PLANE('',#1625);
#1004=PLANE('',#1628);
#1005=PLANE('',#1629);
#1006=STYLED_ITEM('',(#1074),#1485);
#1007=STYLED_ITEM('',(#1075),#1486);
#1008=STYLED_ITEM('',(#1076),#1487);
#1009=STYLED_ITEM('',(#1077),#1488);
#1010=STYLED_ITEM('',(#1078),#1489);
#1011=STYLED_ITEM('',(#1079),#1490);
#1012=STYLED_ITEM('',(#1080),#1491);
#1013=STYLED_ITEM('',(#1081),#1492);
#1014=STYLED_ITEM('',(#1082),#1493);
#1015=STYLED_ITEM('',(#1083),#1494);
#1016=STYLED_ITEM('',(#1084),#1495);
#1017=STYLED_ITEM('',(#1085),#1496);
#1018=STYLED_ITEM('',(#1086),#1497);
#1019=STYLED_ITEM('',(#1087),#1498);
#1020=STYLED_ITEM('',(#1088),#1499);
#1021=STYLED_ITEM('',(#1089),#1500);
#1022=STYLED_ITEM('',(#1090),#1501);
#1023=STYLED_ITEM('',(#1091),#1502);
#1024=STYLED_ITEM('',(#1092),#1503);
#1025=STYLED_ITEM('',(#1093),#1504);
#1026=STYLED_ITEM('',(#1094),#1505);
#1027=STYLED_ITEM('',(#1095),#1506);
#1028=STYLED_ITEM('',(#1096),#1507);
#1029=STYLED_ITEM('',(#1097),#1508);
#1030=STYLED_ITEM('',(#1098),#1509);
#1031=STYLED_ITEM('',(#1099),#1510);
#1032=STYLED_ITEM('',(#1100),#1511);
#1033=STYLED_ITEM('',(#1101),#1512);
#1034=STYLED_ITEM('',(#1102),#1513);
#1035=STYLED_ITEM('',(#1103),#1514);
#1036=STYLED_ITEM('',(#1104),#1515);
#1037=STYLED_ITEM('',(#1105),#1516);
#1038=STYLED_ITEM('',(#1106),#1517);
#1039=STYLED_ITEM('',(#1107),#1518);
#1040=STYLED_ITEM('',(#1108),#1519);
#1041=STYLED_ITEM('',(#1109),#1520);
#1042=STYLED_ITEM('',(#1110),#1521);
#1043=STYLED_ITEM('',(#1111),#1522);
#1044=STYLED_ITEM('',(#1112),#1523);
#1045=STYLED_ITEM('',(#1113),#1524);
#1046=STYLED_ITEM('',(#1114),#1525);
#1047=STYLED_ITEM('',(#1115),#1526);
#1048=STYLED_ITEM('',(#1116),#1527);
#1049=STYLED_ITEM('',(#1117),#1528);
#1050=STYLED_ITEM('',(#1118),#1529);
#1051=STYLED_ITEM('',(#1119),#1530);
#1052=STYLED_ITEM('',(#1120),#1531);
#1053=STYLED_ITEM('',(#1121),#1532);
#1054=STYLED_ITEM('',(#1122),#1533);
#1055=STYLED_ITEM('',(#1123),#1534);
#1056=STYLED_ITEM('',(#1124),#1535);
#1057=STYLED_ITEM('',(#1125),#1536);
#1058=STYLED_ITEM('',(#1126),#1537);
#1059=STYLED_ITEM('',(#1127),#1538);
#1060=STYLED_ITEM('',(#1128),#1539);
#1061=STYLED_ITEM('',(#1129),#1540);
#1062=STYLED_ITEM('',(#1130),#1541);
#1063=STYLED_ITEM('',(#1131),#1542);
#1064=STYLED_ITEM('',(#1132),#1543);
#1065=STYLED_ITEM('',(#1133),#1544);
#1066=STYLED_ITEM('',(#1134),#1545);
#1067=STYLED_ITEM('',(#1135),#1546);
#1068=STYLED_ITEM('',(#1136),#1547);
#1069=STYLED_ITEM('',(#1137),#1548);
#1070=STYLED_ITEM('',(#1138),#1549);
#1071=STYLED_ITEM('',(#1139),#1550);
#1072=STYLED_ITEM('',(#1140),#1551);
#1073=STYLED_ITEM('',(#1141),#1552);
#1074=PRESENTATION_STYLE_ASSIGNMENT((#1142));
#1075=PRESENTATION_STYLE_ASSIGNMENT((#1143));
#1076=PRESENTATION_STYLE_ASSIGNMENT((#1144));
#1077=PRESENTATION_STYLE_ASSIGNMENT((#1145));
#1078=PRESENTATION_STYLE_ASSIGNMENT((#1146));
#1079=PRESENTATION_STYLE_ASSIGNMENT((#1147));
#1080=PRESENTATION_STYLE_ASSIGNMENT((#1148));
#1081=PRESENTATION_STYLE_ASSIGNMENT((#1149));
#1082=PRESENTATION_STYLE_ASSIGNMENT((#1150));
#1083=PRESENTATION_STYLE_ASSIGNMENT((#1151));
#1084=PRESENTATION_STYLE_ASSIGNMENT((#1152));
#1085=PRESENTATION_STYLE_ASSIGNMENT((#1153));
#1086=PRESENTATION_STYLE_ASSIGNMENT((#1154));
#1087=PRESENTATION_STYLE_ASSIGNMENT((#1155));
#1088=PRESENTATION_STYLE_ASSIGNMENT((#1156));
#1089=PRESENTATION_STYLE_ASSIGNMENT((#1157));
#1090=PRESENTATION_STYLE_ASSIGNMENT((#1158));
#1091=PRESENTATION_STYLE_ASSIGNMENT((#1159));
#1092=PRESENTATION_STYLE_ASSIGNMENT((#1160));
#1093=PRESENTATION_STYLE_ASSIGNMENT((#1161));
#1094=PRESENTATION_STYLE_ASSIGNMENT((#1162));
#1095=PRESENTATION_STYLE_ASSIGNMENT((#1163));
#1096=PRESENTATION_STYLE_ASSIGNMENT((#1164));
#1097=PRESENTATION_STYLE_ASSIGNMENT((#1165));
#1098=PRESENTATION_STYLE_ASSIGNMENT((#1166));
#1099=PRESENTATION_STYLE_ASSIGNMENT((#1167));
#1100=PRESENTATION_STYLE_ASSIGNMENT((#1168));
#1101=PRESENTATION_STYLE_ASSIGNMENT((#1169));
#1102=PRESENTATION_STYLE_ASSIGNMENT((#1170));
#1103=PRESENTATION_STYLE_ASSIGNMENT((#1171));
#1104=PRESENTATION_STYLE_ASSIGNMENT((#1172));
#1105=PRESENTATION_STYLE_ASSIGNMENT((#1173));
#1106=PRESENTATION_STYLE_ASSIGNMENT((#1174));
#1107=PRESENTATION_STYLE_ASSIGNMENT((#1175));
#1108=PRESENTATION_STYLE_ASSIGNMENT((#1176));
#1109=PRESENTATION_STYLE_ASSIGNMENT((#1177));
#1110=PRESENTATION_STYLE_ASSIGNMENT((#1178));
#1111=PRESENTATION_STYLE_ASSIGNMENT((#1179));
#1112=PRESENTATION_STYLE_ASSIGNMENT((#1180));
#1113=PRESENTATION_STYLE_ASSIGNMENT((#1181));
#1114=PRESENTATION_STYLE_ASSIGNMENT((#1182));
#1115=PRESENTATION_STYLE_ASSIGNMENT((#1183));
#1116=PRESENTATION_STYLE_ASSIGNMENT((#1184));
#1117=PRESENTATION_STYLE_ASSIGNMENT((#1185));
#1118=PRESENTATION_STYLE_ASSIGNMENT((#1186));
#1119=PRESENTATION_STYLE_ASSIGNMENT((#1187));
#1120=PRESENTATION_STYLE_ASSIGNMENT((#1188));
#1121=PRESENTATION_STYLE_ASSIGNMENT((#1189));
#1122=PRESENTATION_STYLE_ASSIGNMENT((#1190));
#1123=PRESENTATION_STYLE_ASSIGNMENT((#1191));
#1124=PRESENTATION_STYLE_ASSIGNMENT((#1192));
#1125=PRESENTATION_STYLE_ASSIGNMENT((#1193));
#1126=PRESENTATION_STYLE_ASSIGNMENT((#1194));
#1127=PRESENTATION_STYLE_ASSIGNMENT((#1195));
#1128=PRESENTATION_STYLE_ASSIGNMENT((#1196));
#1129=PRESENTATION_STYLE_ASSIGNMENT((#1197));
#1130=PRESENTATION_STYLE_ASSIGNMENT((#1198));
#1131=PRESENTATION_STYLE_ASSIGNMENT((#1199));
#1132=PRESENTATION_STYLE_ASSIGNMENT((#1200));
#1133=PRESENTATION_STYLE_ASSIGNMENT((#1201));
#1134=PRESENTATION_STYLE_ASSIGNMENT((#1202));
#1135=PRESENTATION_STYLE_ASSIGNMENT((#1203));
#1136=PRESENTATION_STYLE_ASSIGNMENT((#1204));
#1137=PRESENTATION_STYLE_ASSIGNMENT((#1205));
#1138=PRESENTATION_STYLE_ASSIGNMENT((#1206));
#1139=PRESENTATION_STYLE_ASSIGNMENT((#1207));
#1140=PRESENTATION_STYLE_ASSIGNMENT((#1208));
#1141=PRESENTATION_STYLE_ASSIGNMENT((#1209));
#1142=SURFACE_STYLE_USAGE(.BOTH.,#1210);
#1143=SURFACE_STYLE_USAGE(.BOTH.,#1211);
#1144=SURFACE_STYLE_USAGE(.BOTH.,#1212);
#1145=SURFACE_STYLE_USAGE(.BOTH.,#1213);
#1146=SURFACE_STYLE_USAGE(.BOTH.,#1214);
#1147=SURFACE_STYLE_USAGE(.BOTH.,#1215);
#1148=SURFACE_STYLE_USAGE(.BOTH.,#1216);
#1149=SURFACE_STYLE_USAGE(.BOTH.,#1217);
#1150=SURFACE_STYLE_USAGE(.BOTH.,#1218);
#1151=SURFACE_STYLE_USAGE(.BOTH.,#1219);
#1152=SURFACE_STYLE_USAGE(.BOTH.,#1220);
#1153=SURFACE_STYLE_USAGE(.BOTH.,#1221);
#1154=SURFACE_STYLE_USAGE(.BOTH.,#1222);
#1155=SURFACE_STYLE_USAGE(.BOTH.,#1223);
#1156=SURFACE_STYLE_USAGE(.BOTH.,#1224);
#1157=SURFACE_STYLE_USAGE(.BOTH.,#1225);
#1158=SURFACE_STYLE_USAGE(.BOTH.,#1226);
#1159=SURFACE_STYLE_USAGE(.BOTH.,#1227);
#1160=SURFACE_STYLE_USAGE(.BOTH.,#1228);
#1161=SURFACE_STYLE_USAGE(.BOTH.,#1229);
#1162=SURFACE_STYLE_USAGE(.BOTH.,#1230);
#1163=SURFACE_STYLE_USAGE(.BOTH.,#1231);
#1164=SURFACE_STYLE_USAGE(.BOTH.,#1232);
#1165=SURFACE_STYLE_USAGE(.BOTH.,#1233);
#1166=SURFACE_STYLE_USAGE(.BOTH.,#1234);
#1167=SURFACE_STYLE_USAGE(.BOTH.,#1235);
#1168=SURFACE_STYLE_USAGE(.BOTH.,#1236);
#1169=SURFACE_STYLE_USAGE(.BOTH.,#1237);
#1170=SURFACE_STYLE_USAGE(.BOTH.,#1238);
#1171=SURFACE_STYLE_USAGE(.BOTH.,#1239);
#1172=SURFACE_STYLE_USAGE(.BOTH.,#1240);
#1173=SURFACE_STYLE_USAGE(.BOTH.,#1241);
#1174=SURFACE_STYLE_USAGE(.BOTH.,#1242);
#1175=SURFACE_STYLE_USAGE(.BOTH.,#1243);
#1176=SURFACE_STYLE_USAGE(.BOTH.,#1244);
#1177=SURFACE_STYLE_USAGE(.BOTH.,#1245);
#1178=SURFACE_STYLE_USAGE(.BOTH.,#1246);
#1179=SURFACE_STYLE_USAGE(.BOTH.,#1247);
#1180=SURFACE_STYLE_USAGE(.BOTH.,#1248);
#1181=SURFACE_STYLE_USAGE(.BOTH.,#1249);
#1182=SURFACE_STYLE_USAGE(.BOTH.,#1250);
#1183=SURFACE_STYLE_USAGE(.BOTH.,#1251);
#1184=SURFACE_STYLE_USAGE(.BOTH.,#1252);
#1185=SURFACE_STYLE_USAGE(.BOTH.,#1253);
#1186=SURFACE_STYLE_USAGE(.BOTH.,#1254);
#1187=SURFACE_STYLE_USAGE(.BOTH.,#1255);
#1188=SURFACE_STYLE_USAGE(.BOTH.,#1256);
#1189=SURFACE_STYLE_USAGE(.BOTH.,#1257);
#1190=SURFACE_STYLE_USAGE(.BOTH.,#1258);
#1191=SURFACE_STYLE_USAGE(.BOTH.,#1259);
#1192=SURFACE_STYLE_USAGE(.BOTH.,#1260);
#1193=SURFACE_STYLE_USAGE(.BOTH.,#1261);
#1194=SURFACE_STYLE_USAGE(.BOTH.,#1262);
#1195=SURFACE_STYLE_USAGE(.BOTH.,#1263);
#1196=SURFACE_STYLE_USAGE(.BOTH.,#1264);
#1197=SURFACE_STYLE_USAGE(.BOTH.,#1265);
#1198=SURFACE_STYLE_USAGE(.BOTH.,#1266);
#1199=SURFACE_STYLE_USAGE(.BOTH.,#1267);
#1200=SURFACE_STYLE_USAGE(.BOTH.,#1268);
#1201=SURFACE_STYLE_USAGE(.BOTH.,#1269);
#1202=SURFACE_STYLE_USAGE(.BOTH.,#1270);
#1203=SURFACE_STYLE_USAGE(.BOTH.,#1271);
#1204=SURFACE_STYLE_USAGE(.BOTH.,#1272);
#1205=SURFACE_STYLE_USAGE(.BOTH.,#1273);
#1206=SURFACE_STYLE_USAGE(.BOTH.,#1274);
#1207=SURFACE_STYLE_USAGE(.BOTH.,#1275);
#1208=SURFACE_STYLE_USAGE(.BOTH.,#1276);
#1209=SURFACE_STYLE_USAGE(.BOTH.,#1277);
#1210=SURFACE_SIDE_STYLE('',(#1278));
#1211=SURFACE_SIDE_STYLE('',(#1279));
#1212=SURFACE_SIDE_STYLE('',(#1280));
#1213=SURFACE_SIDE_STYLE('',(#1281));
#1214=SURFACE_SIDE_STYLE('',(#1282));
#1215=SURFACE_SIDE_STYLE('',(#1283));
#1216=SURFACE_SIDE_STYLE('',(#1284));
#1217=SURFACE_SIDE_STYLE('',(#1285));
#1218=SURFACE_SIDE_STYLE('',(#1286));
#1219=SURFACE_SIDE_STYLE('',(#1287));
#1220=SURFACE_SIDE_STYLE('',(#1288));
#1221=SURFACE_SIDE_STYLE('',(#1289));
#1222=SURFACE_SIDE_STYLE('',(#1290));
#1223=SURFACE_SIDE_STYLE('',(#1291));
#1224=SURFACE_SIDE_STYLE('',(#1292));
#1225=SURFACE_SIDE_STYLE('',(#1293));
#1226=SURFACE_SIDE_STYLE('',(#1294));
#1227=SURFACE_SIDE_STYLE('',(#1295));
#1228=SURFACE_SIDE_STYLE('',(#1296));
#1229=SURFACE_SIDE_STYLE('',(#1297));
#1230=SURFACE_SIDE_STYLE('',(#1298));
#1231=SURFACE_SIDE_STYLE('',(#1299));
#1232=SURFACE_SIDE_STYLE('',(#1300));
#1233=SURFACE_SIDE_STYLE('',(#1301));
#1234=SURFACE_SIDE_STYLE('',(#1302));
#1235=SURFACE_SIDE_STYLE('',(#1303));
#1236=SURFACE_SIDE_STYLE('',(#1304));
#1237=SURFACE_SIDE_STYLE('',(#1305));
#1238=SURFACE_SIDE_STYLE('',(#1306));
#1239=SURFACE_SIDE_STYLE('',(#1307));
#1240=SURFACE_SIDE_STYLE('',(#1308));
#1241=SURFACE_SIDE_STYLE('',(#1309));
#1242=SURFACE_SIDE_STYLE('',(#1310));
#1243=SURFACE_SIDE_STYLE('',(#1311));
#1244=SURFACE_SIDE_STYLE('',(#1312));
#1245=SURFACE_SIDE_STYLE('',(#1313));
#1246=SURFACE_SIDE_STYLE('',(#1314));
#1247=SURFACE_SIDE_STYLE('',(#1315));
#1248=SURFACE_SIDE_STYLE('',(#1316));
#1249=SURFACE_SIDE_STYLE('',(#1317));
#1250=SURFACE_SIDE_STYLE('',(#1318));
#1251=SURFACE_SIDE_STYLE('',(#1319));
#1252=SURFACE_SIDE_STYLE('',(#1320));
#1253=SURFACE_SIDE_STYLE('',(#1321));
#1254=SURFACE_SIDE_STYLE('',(#1322));
#1255=SURFACE_SIDE_STYLE('',(#1323));
#1256=SURFACE_SIDE_STYLE('',(#1324));
#1257=SURFACE_SIDE_STYLE('',(#1325));
#1258=SURFACE_SIDE_STYLE('',(#1326));
#1259=SURFACE_SIDE_STYLE('',(#1327));
#1260=SURFACE_SIDE_STYLE('',(#1328));
#1261=SURFACE_SIDE_STYLE('',(#1329));
#1262=SURFACE_SIDE_STYLE('',(#1330));
#1263=SURFACE_SIDE_STYLE('',(#1331));
#1264=SURFACE_SIDE_STYLE('',(#1332));
#1265=SURFACE_SIDE_STYLE('',(#1333));
#1266=SURFACE_SIDE_STYLE('',(#1334));
#1267=SURFACE_SIDE_STYLE('',(#1335));
#1268=SURFACE_SIDE_STYLE('',(#1336));
#1269=SURFACE_SIDE_STYLE('',(#1337));
#1270=SURFACE_SIDE_STYLE('',(#1338));
#1271=SURFACE_SIDE_STYLE('',(#1339));
#1272=SURFACE_SIDE_STYLE('',(#1340));
#1273=SURFACE_SIDE_STYLE('',(#1341));
#1274=SURFACE_SIDE_STYLE('',(#1342));
#1275=SURFACE_SIDE_STYLE('',(#1343));
#1276=SURFACE_SIDE_STYLE('',(#1344));
#1277=SURFACE_SIDE_STYLE('',(#1345));
#1278=SURFACE_STYLE_FILL_AREA(#1346);
#1279=SURFACE_STYLE_FILL_AREA(#1347);
#1280=SURFACE_STYLE_FILL_AREA(#1348);
#1281=SURFACE_STYLE_FILL_AREA(#1349);
#1282=SURFACE_STYLE_FILL_AREA(#1350);
#1283=SURFACE_STYLE_FILL_AREA(#1351);
#1284=SURFACE_STYLE_FILL_AREA(#1352);
#1285=SURFACE_STYLE_FILL_AREA(#1353);
#1286=SURFACE_STYLE_FILL_AREA(#1354);
#1287=SURFACE_STYLE_FILL_AREA(#1355);
#1288=SURFACE_STYLE_FILL_AREA(#1356);
#1289=SURFACE_STYLE_FILL_AREA(#1357);
#1290=SURFACE_STYLE_FILL_AREA(#1358);
#1291=SURFACE_STYLE_FILL_AREA(#1359);
#1292=SURFACE_STYLE_FILL_AREA(#1360);
#1293=SURFACE_STYLE_FILL_AREA(#1361);
#1294=SURFACE_STYLE_FILL_AREA(#1362);
#1295=SURFACE_STYLE_FILL_AREA(#1363);
#1296=SURFACE_STYLE_FILL_AREA(#1364);
#1297=SURFACE_STYLE_FILL_AREA(#1365);
#1298=SURFACE_STYLE_FILL_AREA(#1366);
#1299=SURFACE_STYLE_FILL_AREA(#1367);
#1300=SURFACE_STYLE_FILL_AREA(#1368);
#1301=SURFACE_STYLE_FILL_AREA(#1369);
#1302=SURFACE_STYLE_FILL_AREA(#1370);
#1303=SURFACE_STYLE_FILL_AREA(#1371);
#1304=SURFACE_STYLE_FILL_AREA(#1372);
#1305=SURFACE_STYLE_FILL_AREA(#1373);
#1306=SURFACE_STYLE_FILL_AREA(#1374);
#1307=SURFACE_STYLE_FILL_AREA(#1375);
#1308=SURFACE_STYLE_FILL_AREA(#1376);
#1309=SURFACE_STYLE_FILL_AREA(#1377);
#1310=SURFACE_STYLE_FILL_AREA(#1378);
#1311=SURFACE_STYLE_FILL_AREA(#1379);
#1312=SURFACE_STYLE_FILL_AREA(#1380);
#1313=SURFACE_STYLE_FILL_AREA(#1381);
#1314=SURFACE_STYLE_FILL_AREA(#1382);
#1315=SURFACE_STYLE_FILL_AREA(#1383);
#1316=SURFACE_STYLE_FILL_AREA(#1384);
#1317=SURFACE_STYLE_FILL_AREA(#1385);
#1318=SURFACE_STYLE_FILL_AREA(#1386);
#1319=SURFACE_STYLE_FILL_AREA(#1387);
#1320=SURFACE_STYLE_FILL_AREA(#1388);
#1321=SURFACE_STYLE_FILL_AREA(#1389);
#1322=SURFACE_STYLE_FILL_AREA(#1390);
#1323=SURFACE_STYLE_FILL_AREA(#1391);
#1324=SURFACE_STYLE_FILL_AREA(#1392);
#1325=SURFACE_STYLE_FILL_AREA(#1393);
#1326=SURFACE_STYLE_FILL_AREA(#1394);
#1327=SURFACE_STYLE_FILL_AREA(#1395);
#1328=SURFACE_STYLE_FILL_AREA(#1396);
#1329=SURFACE_STYLE_FILL_AREA(#1397);
#1330=SURFACE_STYLE_FILL_AREA(#1398);
#1331=SURFACE_STYLE_FILL_AREA(#1399);
#1332=SURFACE_STYLE_FILL_AREA(#1400);
#1333=SURFACE_STYLE_FILL_AREA(#1401);
#1334=SURFACE_STYLE_FILL_AREA(#1402);
#1335=SURFACE_STYLE_FILL_AREA(#1403);
#1336=SURFACE_STYLE_FILL_AREA(#1404);
#1337=SURFACE_STYLE_FILL_AREA(#1405);
#1338=SURFACE_STYLE_FILL_AREA(#1406);
#1339=SURFACE_STYLE_FILL_AREA(#1407);
#1340=SURFACE_STYLE_FILL_AREA(#1408);
#1341=SURFACE_STYLE_FILL_AREA(#1409);
#1342=SURFACE_STYLE_FILL_AREA(#1410);
#1343=SURFACE_STYLE_FILL_AREA(#1411);
#1344=SURFACE_STYLE_FILL_AREA(#1412);
#1345=SURFACE_STYLE_FILL_AREA(#1413);
#1346=FILL_AREA_STYLE('',(#1414));
#1347=FILL_AREA_STYLE('',(#1415));
#1348=FILL_AREA_STYLE('',(#1416));
#1349=FILL_AREA_STYLE('',(#1417));
#1350=FILL_AREA_STYLE('',(#1418));
#1351=FILL_AREA_STYLE('',(#1419));
#1352=FILL_AREA_STYLE('',(#1420));
#1353=FILL_AREA_STYLE('',(#1421));
#1354=FILL_AREA_STYLE('',(#1422));
#1355=FILL_AREA_STYLE('',(#1423));
#1356=FILL_AREA_STYLE('',(#1424));
#1357=FILL_AREA_STYLE('',(#1425));
#1358=FILL_AREA_STYLE('',(#1426));
#1359=FILL_AREA_STYLE('',(#1427));
#1360=FILL_AREA_STYLE('',(#1428));
#1361=FILL_AREA_STYLE('',(#1429));
#1362=FILL_AREA_STYLE('',(#1430));
#1363=FILL_AREA_STYLE('',(#1431));
#1364=FILL_AREA_STYLE('',(#1432));
#1365=FILL_AREA_STYLE('',(#1433));
#1366=FILL_AREA_STYLE('',(#1434));
#1367=FILL_AREA_STYLE('',(#1435));
#1368=FILL_AREA_STYLE('',(#1436));
#1369=FILL_AREA_STYLE('',(#1437));
#1370=FILL_AREA_STYLE('',(#1438));
#1371=FILL_AREA_STYLE('',(#1439));
#1372=FILL_AREA_STYLE('',(#1440));
#1373=FILL_AREA_STYLE('',(#1441));
#1374=FILL_AREA_STYLE('',(#1442));
#1375=FILL_AREA_STYLE('',(#1443));
#1376=FILL_AREA_STYLE('',(#1444));
#1377=FILL_AREA_STYLE('',(#1445));
#1378=FILL_AREA_STYLE('',(#1446));
#1379=FILL_AREA_STYLE('',(#1447));
#1380=FILL_AREA_STYLE('',(#1448));
#1381=FILL_AREA_STYLE('',(#1449));
#1382=FILL_AREA_STYLE('',(#1450));
#1383=FILL_AREA_STYLE('',(#1451));
#1384=FILL_AREA_STYLE('',(#1452));
#1385=FILL_AREA_STYLE('',(#1453));
#1386=FILL_AREA_STYLE('',(#1454));
#1387=FILL_AREA_STYLE('',(#1455));
#1388=FILL_AREA_STYLE('',(#1456));
#1389=FILL_AREA_STYLE('',(#1457));
#1390=FILL_AREA_STYLE('',(#1458));
#1391=FILL_AREA_STYLE('',(#1459));
#1392=FILL_AREA_STYLE('',(#1460));
#1393=FILL_AREA_STYLE('',(#1461));
#1394=FILL_AREA_STYLE('',(#1462));
#1395=FILL_AREA_STYLE('',(#1463));
#1396=FILL_AREA_STYLE('',(#1464));
#1397=FILL_AREA_STYLE('',(#1465));
#1398=FILL_AREA_STYLE('',(#1466));
#1399=FILL_AREA_STYLE('',(#1467));
#1400=FILL_AREA_STYLE('',(#1468));
#1401=FILL_AREA_STYLE('',(#1469));
#1402=FILL_AREA_STYLE('',(#1470));
#1403=FILL_AREA_STYLE('',(#1471));
#1404=FILL_AREA_STYLE('',(#1472));
#1405=FILL_AREA_STYLE('',(#1473));
#1406=FILL_AREA_STYLE('',(#1474));
#1407=FILL_AREA_STYLE('',(#1475));
#1408=FILL_AREA_STYLE('',(#1476));
#1409=FILL_AREA_STYLE('',(#1477));
#1410=FILL_AREA_STYLE('',(#1478));
#1411=FILL_AREA_STYLE('',(#1479));
#1412=FILL_AREA_STYLE('',(#1480));
#1413=FILL_AREA_STYLE('',(#1481));
#1414=FILL_AREA_STYLE_COLOUR('',#1482);
#1415=FILL_AREA_STYLE_COLOUR('',#1482);
#1416=FILL_AREA_STYLE_COLOUR('',#1482);
#1417=FILL_AREA_STYLE_COLOUR('',#1482);
#1418=FILL_AREA_STYLE_COLOUR('',#1482);
#1419=FILL_AREA_STYLE_COLOUR('',#1482);
#1420=FILL_AREA_STYLE_COLOUR('',#1483);
#1421=FILL_AREA_STYLE_COLOUR('',#1483);
#1422=FILL_AREA_STYLE_COLOUR('',#1483);
#1423=FILL_AREA_STYLE_COLOUR('',#1483);
#1424=FILL_AREA_STYLE_COLOUR('',#1483);
#1425=FILL_AREA_STYLE_COLOUR('',#1483);
#1426=FILL_AREA_STYLE_COLOUR('',#1482);
#1427=FILL_AREA_STYLE_COLOUR('',#1482);
#1428=FILL_AREA_STYLE_COLOUR('',#1482);
#1429=FILL_AREA_STYLE_COLOUR('',#1482);
#1430=FILL_AREA_STYLE_COLOUR('',#1484);
#1431=FILL_AREA_STYLE_COLOUR('',#1484);
#1432=FILL_AREA_STYLE_COLOUR('',#1484);
#1433=FILL_AREA_STYLE_COLOUR('',#1484);
#1434=FILL_AREA_STYLE_COLOUR('',#1484);
#1435=FILL_AREA_STYLE_COLOUR('',#1484);
#1436=FILL_AREA_STYLE_COLOUR('',#1484);
#1437=FILL_AREA_STYLE_COLOUR('',#1484);
#1438=FILL_AREA_STYLE_COLOUR('',#1484);
#1439=FILL_AREA_STYLE_COLOUR('',#1484);
#1440=FILL_AREA_STYLE_COLOUR('',#1484);
#1441=FILL_AREA_STYLE_COLOUR('',#1484);
#1442=FILL_AREA_STYLE_COLOUR('',#1484);
#1443=FILL_AREA_STYLE_COLOUR('',#1484);
#1444=FILL_AREA_STYLE_COLOUR('',#1484);
#1445=FILL_AREA_STYLE_COLOUR('',#1484);
#1446=FILL_AREA_STYLE_COLOUR('',#1484);
#1447=FILL_AREA_STYLE_COLOUR('',#1484);
#1448=FILL_AREA_STYLE_COLOUR('',#1484);
#1449=FILL_AREA_STYLE_COLOUR('',#1484);
#1450=FILL_AREA_STYLE_COLOUR('',#1484);
#1451=FILL_AREA_STYLE_COLOUR('',#1484);
#1452=FILL_AREA_STYLE_COLOUR('',#1482);
#1453=FILL_AREA_STYLE_COLOUR('',#1484);
#1454=FILL_AREA_STYLE_COLOUR('',#1484);
#1455=FILL_AREA_STYLE_COLOUR('',#1484);
#1456=FILL_AREA_STYLE_COLOUR('',#1484);
#1457=FILL_AREA_STYLE_COLOUR('',#1484);
#1458=FILL_AREA_STYLE_COLOUR('',#1484);
#1459=FILL_AREA_STYLE_COLOUR('',#1484);
#1460=FILL_AREA_STYLE_COLOUR('',#1484);
#1461=FILL_AREA_STYLE_COLOUR('',#1482);
#1462=FILL_AREA_STYLE_COLOUR('',#1484);
#1463=FILL_AREA_STYLE_COLOUR('',#1484);
#1464=FILL_AREA_STYLE_COLOUR('',#1484);
#1465=FILL_AREA_STYLE_COLOUR('',#1484);
#1466=FILL_AREA_STYLE_COLOUR('',#1484);
#1467=FILL_AREA_STYLE_COLOUR('',#1484);
#1468=FILL_AREA_STYLE_COLOUR('',#1484);
#1469=FILL_AREA_STYLE_COLOUR('',#1482);
#1470=FILL_AREA_STYLE_COLOUR('',#1482);
#1471=FILL_AREA_STYLE_COLOUR('',#1482);
#1472=FILL_AREA_STYLE_COLOUR('',#1482);
#1473=FILL_AREA_STYLE_COLOUR('',#1482);
#1474=FILL_AREA_STYLE_COLOUR('',#1482);
#1475=FILL_AREA_STYLE_COLOUR('',#1482);
#1476=FILL_AREA_STYLE_COLOUR('',#1482);
#1477=FILL_AREA_STYLE_COLOUR('',#1482);
#1478=FILL_AREA_STYLE_COLOUR('',#1483);
#1479=FILL_AREA_STYLE_COLOUR('',#1483);
#1480=FILL_AREA_STYLE_COLOUR('',#1483);
#1481=FILL_AREA_STYLE_COLOUR('',#1483);
#1482=COLOUR_RGB('',0.699999988079071,0.670680642127991,0.670680642127991);
#1483=COLOUR_RGB('',0.506983280181885,0.531564235687256,0.550000011920929);
#1484=COLOUR_RGB('',0.200000002980232,0.200000002980232,0.200000002980232);
#1485=ADVANCED_FACE('',(#876,#877,#878,#879,#880,#881,#882,#883),#960,.T.);
#1486=ADVANCED_FACE('',(#884,#885,#886),#961,.F.);
#1487=ADVANCED_FACE('',(#887),#962,.F.);
#1488=ADVANCED_FACE('',(#888),#963,.F.);
#1489=ADVANCED_FACE('',(#889),#964,.F.);
#1490=ADVANCED_FACE('',(#890),#965,.F.);
#1491=ADVANCED_FACE('',(#891),#966,.F.);
#1492=ADVANCED_FACE('',(#892),#967,.F.);
#1493=ADVANCED_FACE('',(#893),#968,.T.);
#1494=ADVANCED_FACE('',(#894),#969,.F.);
#1495=ADVANCED_FACE('',(#895),#970,.F.);
#1496=ADVANCED_FACE('',(#896),#971,.T.);
#1497=ADVANCED_FACE('',(#897),#33,.T.);
#1498=ADVANCED_FACE('',(#898),#34,.T.);
#1499=ADVANCED_FACE('',(#899),#35,.T.);
#1500=ADVANCED_FACE('',(#900),#36,.T.);
#1501=ADVANCED_FACE('',(#901,#902),#37,.F.);
#1502=ADVANCED_FACE('',(#903),#972,.F.);
#1503=ADVANCED_FACE('',(#904),#973,.T.);
#1504=ADVANCED_FACE('',(#905),#974,.T.);
#1505=ADVANCED_FACE('',(#906),#975,.T.);
#1506=ADVANCED_FACE('',(#907),#976,.T.);
#1507=ADVANCED_FACE('',(#908),#977,.T.);
#1508=ADVANCED_FACE('',(#909),#978,.T.);
#1509=ADVANCED_FACE('',(#910),#979,.T.);
#1510=ADVANCED_FACE('',(#911),#980,.T.);
#1511=ADVANCED_FACE('',(#912),#981,.T.);
#1512=ADVANCED_FACE('',(#913),#982,.T.);
#1513=ADVANCED_FACE('',(#914),#983,.T.);
#1514=ADVANCED_FACE('',(#915),#984,.T.);
#1515=ADVANCED_FACE('',(#916),#24,.T.);
#1516=ADVANCED_FACE('',(#917),#985,.T.);
#1517=ADVANCED_FACE('',(#918),#25,.T.);
#1518=ADVANCED_FACE('',(#919),#986,.T.);
#1519=ADVANCED_FACE('',(#920),#987,.F.);
#1520=ADVANCED_FACE('',(#921,#922),#26,.T.);
#1521=ADVANCED_FACE('',(#923,#924),#27,.T.);
#1522=ADVANCED_FACE('',(#925,#926),#988,.T.);
#1523=ADVANCED_FACE('',(#927),#989,.T.);
#1524=ADVANCED_FACE('',(#928),#990,.T.);
#1525=ADVANCED_FACE('',(#929),#991,.T.);
#1526=ADVANCED_FACE('',(#930),#28,.T.);
#1527=ADVANCED_FACE('',(#931),#992,.T.);
#1528=ADVANCED_FACE('',(#932),#993,.T.);
#1529=ADVANCED_FACE('',(#933,#934),#29,.T.);
#1530=ADVANCED_FACE('',(#935),#994,.T.);
#1531=ADVANCED_FACE('',(#936,#937),#995,.T.);
#1532=ADVANCED_FACE('',(#938),#996,.T.);
#1533=ADVANCED_FACE('',(#939),#997,.T.);
#1534=ADVANCED_FACE('',(#940),#30,.T.);
#1535=ADVANCED_FACE('',(#941),#998,.T.);
#1536=ADVANCED_FACE('',(#942),#31,.T.);
#1537=ADVANCED_FACE('',(#943),#999,.T.);
#1538=ADVANCED_FACE('',(#944),#32,.T.);
#1539=ADVANCED_FACE('',(#945,#946),#1000,.F.);
#1540=ADVANCED_FACE('',(#947),#1001,.T.);
#1541=ADVANCED_FACE('',(#948),#20,.T.);
#1542=ADVANCED_FACE('',(#949),#1002,.T.);
#1543=ADVANCED_FACE('',(#950),#1003,.T.);
#1544=ADVANCED_FACE('',(#951),#21,.T.);
#1545=ADVANCED_FACE('',(#952),#22,.T.);
#1546=ADVANCED_FACE('',(#953),#1004,.T.);
#1547=ADVANCED_FACE('',(#954),#1005,.T.);
#1548=ADVANCED_FACE('',(#955),#23,.T.);
#1549=ADVANCED_FACE('',(#956),#38,.T.);
#1550=ADVANCED_FACE('',(#957),#39,.T.);
#1551=ADVANCED_FACE('',(#958),#40,.T.);
#1552=ADVANCED_FACE('',(#959),#41,.T.);
#1553=CLOSED_SHELL('',(#1485,#1486,#1487,#1488,#1489,#1490,#1491,#1492,
#1493,#1494,#1495,#1496,#1497,#1498,#1499,#1500,#1501,#1502,#1503,#1504,
#1505,#1506,#1507,#1508,#1509,#1510,#1511,#1512,#1513,#1514,#1515,#1516,
#1517,#1518,#1519,#1520,#1521,#1522,#1523,#1524,#1525,#1526,#1527,#1528,
#1529,#1530,#1531,#1532,#1533,#1534,#1535,#1536,#1537,#1538,#1539,#1540,
#1541,#1542,#1543,#1544,#1545,#1546,#1547,#1548,#1549,#1550,#1551,#1552));
#1554=MANIFOLD_SOLID_BREP('',#1553);
#1555=SHAPE_DEFINITION_REPRESENTATION(#2773,#1556);
#1556=SHAPE_REPRESENTATION('744393305xxx_5050',(#1557),#2768);
#1557=AXIS2_PLACEMENT_3D('',#1861,#1635,#1636);
#1558=AXIS2_PLACEMENT_3D('',#1862,#1637,#1638);
#1559=AXIS2_PLACEMENT_3D('',#1946,#1643,#1644);
#1560=AXIS2_PLACEMENT_3D('',#2092,#1645,#1646);
#1561=AXIS2_PLACEMENT_3D('',#2104,#1652,#1653);
#1562=AXIS2_PLACEMENT_3D('',#2108,#1655,#1656);
#1563=AXIS2_PLACEMENT_3D('',#2112,#1658,#1659);
#1564=AXIS2_PLACEMENT_3D('',#2116,#1661,#1662);
#1565=AXIS2_PLACEMENT_3D('',#2125,#1667,#1668);
#1566=AXIS2_PLACEMENT_3D('',#2131,#1672,#1673);
#1567=AXIS2_PLACEMENT_3D('',#2137,#1677,#1678);
#1568=AXIS2_PLACEMENT_3D('',#2143,#1682,#1683);
#1569=AXIS2_PLACEMENT_3D('',#2149,#1687,#1688);
#1570=AXIS2_PLACEMENT_3D('',#2150,#1689,#1690);
#1571=AXIS2_PLACEMENT_3D('',#2154,#1692,#1693);
#1572=AXIS2_PLACEMENT_3D('',#2155,#1694,#1695);
#1573=AXIS2_PLACEMENT_3D('',#2159,#1697,#1698);
#1574=AXIS2_PLACEMENT_3D('',#2160,#1699,#1700);
#1575=AXIS2_PLACEMENT_3D('',#2161,#1701,#1702);
#1576=AXIS2_PLACEMENT_3D('',#2164,#1705,#1706);
#1577=AXIS2_PLACEMENT_3D('',#2168,#1708,#1709);
#1578=AXIS2_PLACEMENT_3D('',#2169,#1710,#1711);
#1579=AXIS2_PLACEMENT_3D('',#2170,#1712,#1713);
#1580=AXIS2_PLACEMENT_3D('',#2171,#1714,#1715);
#1581=AXIS2_PLACEMENT_3D('',#2175,#1717,#1718);
#1582=AXIS2_PLACEMENT_3D('',#2176,#1719,#1720);
#1583=AXIS2_PLACEMENT_3D('',#2179,#1723,#1724);
#1584=AXIS2_PLACEMENT_3D('',#2180,#1725,#1726);
#1585=AXIS2_PLACEMENT_3D('',#2181,#1727,#1728);
#1586=AXIS2_PLACEMENT_3D('',#2182,#1729,#1730);
#1587=AXIS2_PLACEMENT_3D('',#2183,#1731,#1732);
#1588=AXIS2_PLACEMENT_3D('',#2184,#1733,#1734);
#1589=AXIS2_PLACEMENT_3D('',#2185,#1735,#1736);
#1590=AXIS2_PLACEMENT_3D('',#2186,#1737,#1738);
#1591=AXIS2_PLACEMENT_3D('',#2187,#1739,#1740);
#1592=AXIS2_PLACEMENT_3D('',#2188,#1741,#1742);
#1593=AXIS2_PLACEMENT_3D('',#2190,#1743,#1744);
#1594=AXIS2_PLACEMENT_3D('',#2191,#1745,#1746);
#1595=AXIS2_PLACEMENT_3D('',#2198,#1749,#1750);
#1596=AXIS2_PLACEMENT_3D('',#2203,#1752,#1753);
#1597=AXIS2_PLACEMENT_3D('',#2208,#1755,#1756);
#1598=AXIS2_PLACEMENT_3D('',#2213,#1758,#1759);
#1599=AXIS2_PLACEMENT_3D('',#2218,#1761,#1762);
#1600=AXIS2_PLACEMENT_3D('',#2221,#1763,#1764);
#1601=AXIS2_PLACEMENT_3D('',#2222,#1765,#1766);
#1602=AXIS2_PLACEMENT_3D('',#2229,#1769,#1770);
#1603=AXIS2_PLACEMENT_3D('',#2234,#1772,#1773);
#1604=AXIS2_PLACEMENT_3D('',#2239,#1775,#1776);
#1605=AXIS2_PLACEMENT_3D('',#2242,#1777,#1778);
#1606=AXIS2_PLACEMENT_3D('',#2293,#1781,#1782);
#1607=AXIS2_PLACEMENT_3D('',#2352,#1785,#1786);
#1608=AXIS2_PLACEMENT_3D('',#2357,#1787,#1788);
#1609=AXIS2_PLACEMENT_3D('',#2465,#1789,#1790);
#1610=AXIS2_PLACEMENT_3D('',#2466,#1791,#1792);
#1611=AXIS2_PLACEMENT_3D('',#2467,#1793,#1794);
#1612=AXIS2_PLACEMENT_3D('',#2476,#1797,#1798);
#1613=AXIS2_PLACEMENT_3D('',#2523,#1801,#1802);
#1614=AXIS2_PLACEMENT_3D('',#2530,#1804,#1805);
#1615=AXIS2_PLACEMENT_3D('',#2599,#1807,#1808);
#1616=AXIS2_PLACEMENT_3D('',#2604,#1809,#1810);
#1617=AXIS2_PLACEMENT_3D('',#2605,#1811,#1812);
#1618=AXIS2_PLACEMENT_3D('',#2606,#1813,#1814);
#1619=AXIS2_PLACEMENT_3D('',#2647,#1819,#1820);
#1620=AXIS2_PLACEMENT_3D('',#2706,#1823,#1824);
#1621=AXIS2_PLACEMENT_3D('',#2745,#1825,#1826);
#1622=AXIS2_PLACEMENT_3D('',#2746,#1827,#1828);
#1623=AXIS2_PLACEMENT_3D('',#2747,#1829,#1830);
#1624=AXIS2_PLACEMENT_3D('',#2750,#1833,#1834);
#1625=AXIS2_PLACEMENT_3D('',#2752,#1836,#1837);
#1626=AXIS2_PLACEMENT_3D('',#2754,#1839,#1840);
#1627=AXIS2_PLACEMENT_3D('',#2756,#1842,#1843);
#1628=AXIS2_PLACEMENT_3D('',#2758,#1845,#1846);
#1629=AXIS2_PLACEMENT_3D('',#2760,#1848,#1849);
#1630=AXIS2_PLACEMENT_3D('',#2762,#1851,#1852);
#1631=AXIS2_PLACEMENT_3D('',#2763,#1853,#1854);
#1632=AXIS2_PLACEMENT_3D('',#2764,#1855,#1856);
#1633=AXIS2_PLACEMENT_3D('',#2765,#1857,#1858);
#1634=AXIS2_PLACEMENT_3D('',#2766,#1859,#1860);
#1635=DIRECTION('',(0.,0.,1.));
#1636=DIRECTION('',(1.,0.,0.));
#1637=DIRECTION('',(0.,0.,1.));
#1638=DIRECTION('',(1.,0.,0.));
#1639=DIRECTION('',(-1.,1.56281394232145E-16,0.));
#1640=DIRECTION('',(0.,-1.,0.));
#1641=DIRECTION('',(1.,1.56281394232145E-16,0.));
#1642=DIRECTION('',(0.,1.,0.));
#1643=DIRECTION('',(0.,0.,-1.));
#1644=DIRECTION('',(1.,0.,0.));
#1645=DIRECTION('',(0.,0.,1.));
#1646=DIRECTION('',(1.,0.,0.));
#1647=DIRECTION('',(-1.,0.,0.));
#1648=DIRECTION('',(3.94255335449274E-16,-1.,0.));
#1649=DIRECTION('',(1.,0.,0.));
#1650=DIRECTION('',(3.94255335449274E-16,1.,0.));
#1651=DIRECTION('',(0.,-1.,0.));
#1652=DIRECTION('',(0.,0.,1.));
#1653=DIRECTION('',(1.,0.,0.));
#1654=DIRECTION('',(-1.,1.56281394232145E-16,0.));
#1655=DIRECTION('',(0.,0.,1.));
#1656=DIRECTION('',(1.,0.,0.));
#1657=DIRECTION('',(0.,1.,0.));
#1658=DIRECTION('',(0.,0.,1.));
#1659=DIRECTION('',(1.,0.,0.));
#1660=DIRECTION('',(1.,1.56281394232145E-16,0.));
#1661=DIRECTION('',(0.,0.,1.));
#1662=DIRECTION('',(1.,0.,0.));
#1663=DIRECTION('',(-1.,9.63735264431559E-17,0.));
#1664=DIRECTION('',(3.94255335449274E-16,-1.,0.));
#1665=DIRECTION('',(1.,0.,0.));
#1666=DIRECTION('',(0.,1.,0.));
#1667=DIRECTION('',(1.,0.,0.));
#1668=DIRECTION('',(0.,0.,-1.));
#1669=DIRECTION('',(0.,0.,-1.));
#1670=DIRECTION('',(0.,1.,0.));
#1671=DIRECTION('',(0.,0.,-1.));
#1672=DIRECTION('',(-1.56281394232145E-16,1.,0.));
#1673=DIRECTION('',(-1.,-1.56281394232145E-16,0.));
#1674=DIRECTION('',(0.,0.,-1.));
#1675=DIRECTION('',(-1.,-1.56281394232145E-16,0.));
#1676=DIRECTION('',(0.,0.,-1.));
#1677=DIRECTION('',(-1.,0.,0.));
#1678=DIRECTION('',(0.,0.,1.));
#1679=DIRECTION('',(0.,0.,-1.));
#1680=DIRECTION('',(0.,-1.,0.));
#1681=DIRECTION('',(0.,0.,-1.));
#1682=DIRECTION('',(-1.56281394232145E-16,-1.,0.));
#1683=DIRECTION('',(1.,-1.56281394232145E-16,0.));
#1684=DIRECTION('',(0.,0.,-1.));
#1685=DIRECTION('',(1.,-1.56281394232145E-16,0.));
#1686=DIRECTION('',(0.,0.,-1.));
#1687=DIRECTION('',(0.,1.,0.));
#1688=DIRECTION('',(0.,0.,1.));
#1689=DIRECTION('',(0.,1.,0.));
#1690=DIRECTION('',(0.,0.,1.));
#1691=DIRECTION('',(-1.,0.,0.));
#1692=DIRECTION('',(0.,1.,0.));
#1693=DIRECTION('',(0.,0.,1.));
#1694=DIRECTION('',(0.,-1.,0.));
#1695=DIRECTION('',(0.,0.,-1.));
#1696=DIRECTION('',(1.,0.,0.));
#1697=DIRECTION('',(0.,-1.,0.));
#1698=DIRECTION('',(0.,0.,-1.));
#1699=DIRECTION('',(0.,-1.,0.));
#1700=DIRECTION('',(0.,0.,-1.));
#1701=DIRECTION('',(0.,0.,-1.));
#1702=DIRECTION('',(-1.,0.,0.));
#1703=DIRECTION('',(3.94255335449274E-16,1.,0.));
#1704=DIRECTION('',(3.94255335449274E-16,-1.,0.));
#1705=DIRECTION('',(9.63735264431559E-17,1.,0.));
#1706=DIRECTION('',(-1.,9.63735264431559E-17,0.));
#1707=DIRECTION('',(-1.,9.63735264431559E-17,0.));
#1708=DIRECTION('',(9.63735264431559E-17,1.,0.));
#1709=DIRECTION('',(-1.,9.63735264431559E-17,0.));
#1710=DIRECTION('',(9.63735264431559E-17,1.,0.));
#1711=DIRECTION('',(-1.,9.63735264431559E-17,0.));
#1712=DIRECTION('',(0.,-1.,0.));
#1713=DIRECTION('',(0.,0.,-1.));
#1714=DIRECTION('',(0.,-1.,0.));
#1715=DIRECTION('',(0.,0.,-1.));
#1716=DIRECTION('',(1.,0.,0.));
#1717=DIRECTION('',(0.,-1.,0.));
#1718=DIRECTION('',(0.,0.,-1.));
#1719=DIRECTION('',(0.,0.,-1.));
#1720=DIRECTION('',(-1.,0.,0.));
#1721=DIRECTION('',(3.94255335449274E-16,-1.,0.));
#1722=DIRECTION('',(0.,1.,0.));
#1723=DIRECTION('',(0.,0.,-1.));
#1724=DIRECTION('',(-1.,0.,0.));
#1725=DIRECTION('',(0.,0.,1.));
#1726=DIRECTION('',(1.,0.,0.));
#1727=DIRECTION('',(0.,0.,-1.));
#1728=DIRECTION('',(-1.,0.,0.));
#1729=DIRECTION('',(0.,0.,1.));
#1730=DIRECTION('',(1.,0.,0.));
#1731=DIRECTION('',(0.,0.,-1.));
#1732=DIRECTION('',(-1.,0.,0.));
#1733=DIRECTION('',(0.,0.,1.));
#1734=DIRECTION('',(1.,0.,0.));
#1735=DIRECTION('',(0.,0.,-1.));
#1736=DIRECTION('',(-1.,0.,0.));
#1737=DIRECTION('',(0.,0.,1.));
#1738=DIRECTION('',(1.,0.,0.));
#1739=DIRECTION('',(0.,0.,1.));
#1740=DIRECTION('',(1.,0.,0.));
#1741=DIRECTION('',(0.,0.,-1.));
#1742=DIRECTION('',(1.,0.,0.));
#1743=DIRECTION('',(0.,0.,-1.));
#1744=DIRECTION('',(-1.,0.,0.));
#1745=DIRECTION('',(0.,1.,0.));
#1746=DIRECTION('',(0.,0.,1.));
#1747=DIRECTION('',(0.,0.,1.));
#1748=DIRECTION('',(0.,0.,1.));
#1749=DIRECTION('',(1.,0.,0.));
#1750=DIRECTION('',(0.,0.,-1.));
#1751=DIRECTION('',(0.,0.,1.));
#1752=DIRECTION('',(0.,-1.,0.));
#1753=DIRECTION('',(0.,0.,-1.));
#1754=DIRECTION('',(0.,0.,1.));
#1755=DIRECTION('',(-1.,0.,0.));
#1756=DIRECTION('',(0.,0.,1.));
#1757=DIRECTION('',(0.,0.,1.));
#1758=DIRECTION('',(0.,-1.,0.));
#1759=DIRECTION('',(0.,0.,-1.));
#1760=DIRECTION('',(0.,0.,1.));
#1761=DIRECTION('',(-1.,0.,0.));
#1762=DIRECTION('',(0.,0.,1.));
#1763=DIRECTION('',(0.,0.,1.));
#1764=DIRECTION('',(1.,0.,0.));
#1765=DIRECTION('',(0.,1.,0.));
#1766=DIRECTION('',(0.,0.,1.));
#1767=DIRECTION('',(0.,0.,1.));
#1768=DIRECTION('',(0.,0.,1.));
#1769=DIRECTION('',(1.,0.,0.));
#1770=DIRECTION('',(0.,0.,-1.));
#1771=DIRECTION('',(0.,0.,1.));
#1772=DIRECTION('',(0.,-1.,0.));
#1773=DIRECTION('',(0.,0.,-1.));
#1774=DIRECTION('',(0.,0.,1.));
#1775=DIRECTION('',(-1.,0.,0.));
#1776=DIRECTION('',(0.,0.,1.));
#1777=DIRECTION('',(0.,0.,1.));
#1778=DIRECTION('',(1.,0.,0.));
#1779=DIRECTION('',(0.,0.,1.));
#1780=DIRECTION('',(0.,0.,1.));
#1781=DIRECTION('',(-0.247092907252394,-0.96899179314665,0.));
#1782=DIRECTION('',(0.96899179314665,-0.247092907252394,0.));
#1783=DIRECTION('',(0.,0.,1.));
#1784=DIRECTION('',(0.,0.,1.));
#1785=DIRECTION('',(-0.227385877314751,0.973804735456652,0.));
#1786=DIRECTION('',(-0.973804735456653,-0.227385877314751,0.));
#1787=DIRECTION('',(0.,0.,-1.));
#1788=DIRECTION('',(-1.,0.,0.));
#1789=DIRECTION('',(0.,0.,1.));
#1790=DIRECTION('',(1.,0.,0.));
#1791=DIRECTION('',(0.,0.,1.));
#1792=DIRECTION('',(1.,0.,0.));
#1793=DIRECTION('',(0.,1.,0.));
#1794=DIRECTION('',(0.,0.,1.));
#1795=DIRECTION('',(0.,0.,1.));
#1796=DIRECTION('',(0.,0.,1.));
#1797=DIRECTION('',(1.,0.,0.));
#1798=DIRECTION('',(0.,0.,-1.));
#1799=DIRECTION('',(0.,0.,1.));
#1800=DIRECTION('',(0.,0.,1.));
#1801=DIRECTION('',(1.,0.,0.));
#1802=DIRECTION('',(0.,0.,-1.));
#1803=DIRECTION('',(0.,0.,1.));
#1804=DIRECTION('',(0.,-1.,0.));
#1805=DIRECTION('',(0.,0.,-1.));
#1806=DIRECTION('',(0.,0.,1.));
#1807=DIRECTION('',(-1.,0.,0.));
#1808=DIRECTION('',(0.,0.,1.));
#1809=DIRECTION('',(0.,0.,1.));
#1810=DIRECTION('',(1.,0.,0.));
#1811=DIRECTION('',(0.,0.,1.));
#1812=DIRECTION('',(1.,0.,0.));
#1813=DIRECTION('',(0.,-1.,0.));
#1814=DIRECTION('',(0.,0.,-1.));
#1815=DIRECTION('',(0.,0.,1.));
#1816=DIRECTION('',(0.,0.,1.));
#1817=DIRECTION('',(0.,0.,1.));
#1818=DIRECTION('',(0.,0.,1.));
#1819=DIRECTION('',(-0.124674063011312,-0.992197751465025,0.));
#1820=DIRECTION('',(0.992197751465025,-0.124674063011312,0.));
#1821=DIRECTION('',(0.,0.,1.));
#1822=DIRECTION('',(0.,0.,1.));
#1823=DIRECTION('',(0.,1.,0.));
#1824=DIRECTION('',(0.,0.,1.));
#1825=DIRECTION('',(0.,0.,-1.));
#1826=DIRECTION('',(-1.,0.,0.));
#1827=DIRECTION('',(0.,0.,1.));
#1828=DIRECTION('',(1.,0.,0.));
#1829=DIRECTION('',(0.,0.,-1.));
#1830=DIRECTION('',(-1.,0.,0.));
#1831=DIRECTION('',(-0.707106781186549,-3.06658683336676E-15,0.707106781186546));
#1832=DIRECTION('',(0.,0.707106781186549,-0.707106781186546));
#1833=DIRECTION('',(1.10507633634838E-16,0.707106781186549,0.707106781186546));
#1834=DIRECTION('',(1.,-1.56281394232145E-16,0.));
#1835=DIRECTION('',(-3.06658683336675E-15,0.707106781186546,-0.707106781186549));
#1836=DIRECTION('',(0.707106781186549,0.,0.707106781186546));
#1837=DIRECTION('',(0.,-1.,0.));
#1838=DIRECTION('',(-0.707106781186546,0.,0.707106781186549));
#1839=DIRECTION('',(0.,0.,-1.));
#1840=DIRECTION('',(-1.,0.,0.));
#1841=DIRECTION('',(-0.707106781186549,0.,-0.707106781186546));
#1842=DIRECTION('',(0.,0.,-1.));
#1843=DIRECTION('',(-1.,0.,0.));
#1844=DIRECTION('',(-3.06658683336676E-15,0.707106781186549,0.707106781186546));
#1845=DIRECTION('',(-0.707106781186549,0.,0.707106781186546));
#1846=DIRECTION('',(0.,1.,0.));
#1847=DIRECTION('',(-0.707106781186546,3.06658683336675E-15,-0.707106781186549));
#1848=DIRECTION('',(1.10507633634838E-16,-0.707106781186549,0.707106781186546));
#1849=DIRECTION('',(-1.,-1.56281394232145E-16,0.));
#1850=DIRECTION('',(0.,0.707106781186546,0.707106781186549));
#1851=DIRECTION('',(0.,0.,-1.));
#1852=DIRECTION('',(-1.,0.,0.));
#1853=DIRECTION('',(0.,-1.,0.));
#1854=DIRECTION('',(0.,0.,-1.));
#1855=DIRECTION('',(-3.94255335449274E-16,1.,0.));
#1856=DIRECTION('',(-1.,-3.94255335449274E-16,0.));
#1857=DIRECTION('',(-3.94255335449274E-16,-1.,0.));
#1858=DIRECTION('',(1.,-3.94255335449274E-16,0.));
#1859=DIRECTION('',(-3.94255335449274E-16,1.,0.));
#1860=DIRECTION('',(-1.,-3.94255335449274E-16,0.));
#1861=CARTESIAN_POINT('',(0.,0.,0.));
#1862=CARTESIAN_POINT('',(0.,0.,4.9));
#1863=CARTESIAN_POINT('',(-2.675,2.575,4.9));
#1864=CARTESIAN_POINT('',(2.675,2.575,4.9));
#1865=CARTESIAN_POINT('',(-2.675,2.575,4.9));
#1866=CARTESIAN_POINT('',(-2.675,-2.575,4.9));
#1867=CARTESIAN_POINT('',(-2.675,-2.575,4.9));
#1868=CARTESIAN_POINT('',(2.675,-2.575,4.9));
#1869=CARTESIAN_POINT('',(2.675,-2.575,4.9));
#1870=CARTESIAN_POINT('',(2.675,2.575,4.9));
#1871=CARTESIAN_POINT('',(0.942636655948554,0.337845659163987,4.9));
#1872=CARTESIAN_POINT('',(0.942636655948554,0.112165058949625,4.9));
#1873=CARTESIAN_POINT('',(0.942636655948554,-0.113515541264738,4.9));
#1874=CARTESIAN_POINT('',(0.942636655948554,-0.3391961414791,4.9));
#1875=CARTESIAN_POINT('',(0.942636655948554,0.337845659163987,4.9));
#1876=CARTESIAN_POINT('',(0.942636655948554,-0.3391961414791,4.9));
#1877=CARTESIAN_POINT('',(0.942636655948554,-0.3391961414791,4.9));
#1878=CARTESIAN_POINT('',(0.916977491961415,-0.3391961414791,4.9));
#1879=CARTESIAN_POINT('',(0.891318327974277,-0.3391961414791,4.9));
#1880=CARTESIAN_POINT('',(0.865659163987138,-0.3391961414791,4.9));
#1881=CARTESIAN_POINT('',(0.865659163987138,-0.3391961414791,4.9));
#1882=CARTESIAN_POINT('',(0.865659163987138,-0.3391961414791,4.9));
#1883=CARTESIAN_POINT('',(0.865659163987138,-0.318638799571276,4.9));
#1884=CARTESIAN_POINT('',(0.865659163987138,-0.298081457663451,4.9));
#1885=CARTESIAN_POINT('',(0.865659163987138,-0.277524115755627,4.9));
#1886=CARTESIAN_POINT('',(0.865659163987138,-0.277524115755627,4.9));
#1887=CARTESIAN_POINT('',(0.865659163987138,-0.277524115755627,4.9));
#1888=CARTESIAN_POINT('',(0.83459807073955,-0.325691318327974,4.9));
#1889=CARTESIAN_POINT('',(0.788681672025724,-0.35,4.9));
#1890=CARTESIAN_POINT('',(0.688745980707396,-0.35,4.9));
#1891=CARTESIAN_POINT('',(0.652733118971061,-0.3391961414791,4.9));
#1892=CARTESIAN_POINT('',(0.619871382636656,-0.317588424437299,4.9));
#1893=CARTESIAN_POINT('',(0.587216296812411,-0.296116587183001,4.9));
#1894=CARTESIAN_POINT('',(0.561800643086817,-0.266270096463023,4.9));
#1895=CARTESIAN_POINT('',(0.525787781350482,-0.188842443729904,4.9));
#1896=CARTESIAN_POINT('',(0.516334405144695,-0.14427652733119,4.9));
#1897=CARTESIAN_POINT('',(0.516334405144695,-0.0452411575562701,4.9));
#1898=CARTESIAN_POINT('',(0.524887459807074,-0.000675241157556384,4.9));
#1899=CARTESIAN_POINT('',(0.541093247588425,0.0393890675241157,4.9));
#1900=CARTESIAN_POINT('',(0.557142551143613,0.0790665124244414,4.9));
#1901=CARTESIAN_POINT('',(0.582057877813505,0.109614147909968,4.9));
#1902=CARTESIAN_POINT('',(0.614469453376207,0.130771704180064,4.9));
#1903=CARTESIAN_POINT('',(0.647402735619816,0.152269818977976,4.9));
#1904=CARTESIAN_POINT('',(0.68379421221865,0.162733118971061,4.9));
#1905=CARTESIAN_POINT('',(0.754019292604502,0.162733118971061,4.9));
#1906=CARTESIAN_POINT('',(0.780128617363344,0.156430868167203,4.9));
#1907=CARTESIAN_POINT('',(0.803086816720258,0.143826366559485,4.9));
#1908=CARTESIAN_POINT('',(0.826390915092593,0.131031959609969,4.9));
#1909=CARTESIAN_POINT('',(0.845401929260451,0.115016077170418,4.9));
#1910=CARTESIAN_POINT('',(0.859807073954984,0.0947588424437298,4.9));
#1911=CARTESIAN_POINT('',(0.859807073954984,0.0947588424437298,4.9));
#1912=CARTESIAN_POINT('',(0.859807073954984,0.0947588424437298,4.9));
#1913=CARTESIAN_POINT('',(0.859807073954984,0.175787781350482,4.9));
#1914=CARTESIAN_POINT('',(0.859807073954984,0.256816720257235,4.9));
#1915=CARTESIAN_POINT('',(0.859807073954984,0.337845659163987,4.9));
#1916=CARTESIAN_POINT('',(0.859807073954984,0.337845659163987,4.9));
#1917=CARTESIAN_POINT('',(0.859807073954984,0.337845659163987,4.9));
#1918=CARTESIAN_POINT('',(0.887416934619507,0.337845659163987,4.9));
#1919=CARTESIAN_POINT('',(0.91502679528403,0.337845659163987,4.9));
#1920=CARTESIAN_POINT('',(0.942636655948554,0.337845659163987,4.9));
#1921=CARTESIAN_POINT('',(-0.0103536977491957,-0.0934083601286175,4.9));
#1922=CARTESIAN_POINT('',(-0.0103536977491957,-0.00292604501607723,4.9));
#1923=CARTESIAN_POINT('',(0.0148553054662383,0.0645980707395498,4.9));
#1924=CARTESIAN_POINT('',(0.0652733118971063,0.108263665594855,4.9));
#1925=CARTESIAN_POINT('',(0.107496928178777,0.144832333267374,4.9));
#1926=CARTESIAN_POINT('',(0.15935691318328,0.162733118971061,4.9));
#1927=CARTESIAN_POINT('',(0.287202572347267,0.162733118971061,4.9));
#1928=CARTESIAN_POINT('',(0.342572347266881,0.140675241157556,4.9));
#1929=CARTESIAN_POINT('',(0.428102893890675,0.0524437299035369,4.9));
#1930=CARTESIAN_POINT('',(0.449710610932476,-0.00877813504823158,4.9));
#1931=CARTESIAN_POINT('',(0.449710610932476,-0.14967845659164,4.9));
#1932=CARTESIAN_POINT('',(0.440257234726689,-0.199646302250804,4.9));
#1933=CARTESIAN_POINT('',(0.421350482315113,-0.235659163987138,4.9));
#1934=CARTESIAN_POINT('',(0.402258460404159,-0.272024920008003,4.9));
#1935=CARTESIAN_POINT('',(0.374533762057878,-0.300032154340836,4.9));
#1936=CARTESIAN_POINT('',(0.338520900321544,-0.320289389067524,4.9));
#1937=CARTESIAN_POINT('',(0.302358430257521,-0.340630778478537,4.9));
#1938=CARTESIAN_POINT('',(0.262893890675241,-0.35,4.9));
#1939=CARTESIAN_POINT('',(0.151254019292605,-0.35,4.9));
#1940=CARTESIAN_POINT('',(0.0954340836012864,-0.327942122186495,4.9));
#1941=CARTESIAN_POINT('',(0.0531189710610937,-0.283826366559486,4.9));
#1942=CARTESIAN_POINT('',(0.0110287436092382,-0.23994506559904,4.9));
#1943=CARTESIAN_POINT('',(-0.0103536977491957,-0.176688102893891,4.9));
#1944=CARTESIAN_POINT('',(-0.0103536977491957,-0.0934083601286175,4.9));
#1945=CARTESIAN_POINT('',(-0.0103536977491957,-0.0934083601286175,4.9));
#1946=CARTESIAN_POINT('',(-1.5,1.5,4.9));
#1947=CARTESIAN_POINT('',(-1.3,1.5,4.9));
#1948=CARTESIAN_POINT('',(-1.07498392282958,-0.259067524115756,4.9));
#1949=CARTESIAN_POINT('',(-1.07498392282958,-0.3391961414791,4.9));
#1950=CARTESIAN_POINT('',(-1.07498392282958,-0.259067524115756,4.9));
#1951=CARTESIAN_POINT('',(-1.07498392282958,-0.3391961414791,4.9));
#1952=CARTESIAN_POINT('',(-1.07498392282958,-0.3391961414791,4.9));
#1953=CARTESIAN_POINT('',(-1.49858520900322,-0.3391961414791,4.9));
#1954=CARTESIAN_POINT('',(-1.49858520900322,-0.3391961414791,4.9));
#1955=CARTESIAN_POINT('',(-1.49858520900322,-0.3391961414791,4.9));
#1956=CARTESIAN_POINT('',(-1.49858520900322,0.337845659163987,4.9));
#1957=CARTESIAN_POINT('',(-1.49858520900322,0.337845659163987,4.9));
#1958=CARTESIAN_POINT('',(-1.49858520900322,0.337845659163987,4.9));
#1959=CARTESIAN_POINT('',(-1.40855305466238,0.337845659163987,4.9));
#1960=CARTESIAN_POINT('',(-1.40855305466238,0.337845659163987,4.9));
#1961=CARTESIAN_POINT('',(-1.40855305466238,0.337845659163987,4.9));
#1962=CARTESIAN_POINT('',(-1.40855305466238,-0.259067524115756,4.9));
#1963=CARTESIAN_POINT('',(-1.40855305466238,-0.259067524115756,4.9));
#1964=CARTESIAN_POINT('',(-1.40855305466238,-0.259067524115756,4.9));
#1965=CARTESIAN_POINT('',(-1.07498392282958,-0.259067524115756,4.9));
#1966=CARTESIAN_POINT('',(-0.75491961414791,-0.052443729903537,4.9));
#1967=CARTESIAN_POINT('',(-0.75491961414791,-0.136173633440515,4.9));
#1968=CARTESIAN_POINT('',(-0.75491961414791,-0.052443729903537,4.9));
#1969=CARTESIAN_POINT('',(-0.75491961414791,-0.136173633440515,4.9));
#1970=CARTESIAN_POINT('',(-0.75491961414791,-0.136173633440515,4.9));
#1971=CARTESIAN_POINT('',(-1.011961414791,-0.136173633440515,4.9));
#1972=CARTESIAN_POINT('',(-1.011961414791,-0.136173633440515,4.9));
#1973=CARTESIAN_POINT('',(-1.011961414791,-0.136173633440515,4.9));
#1974=CARTESIAN_POINT('',(-1.011961414791,-0.052443729903537,4.9));
#1975=CARTESIAN_POINT('',(-1.011961414791,-0.052443729903537,4.9));
#1976=CARTESIAN_POINT('',(-1.011961414791,-0.052443729903537,4.9));
#1977=CARTESIAN_POINT('',(-0.75491961414791,-0.052443729903537,4.9));
#1978=CARTESIAN_POINT('',(-0.0918327974276524,0.152829581993569,4.9));
#1979=CARTESIAN_POINT('',(-0.12139335476956,0.145927116827438,4.9));
#1980=CARTESIAN_POINT('',(-0.150953912111468,0.139024651661308,4.9));
#1981=CARTESIAN_POINT('',(-0.180514469453376,0.132122186495177,4.9));
#1982=CARTESIAN_POINT('',(-0.0918327974276524,0.152829581993569,4.9));
#1983=CARTESIAN_POINT('',(-0.180514469453376,0.132122186495177,4.9));
#1984=CARTESIAN_POINT('',(-0.180514469453376,0.132122186495177,4.9));
#1985=CARTESIAN_POINT('',(-0.196270096463022,0.181189710610932,4.9));
#1986=CARTESIAN_POINT('',(-0.219228295819935,0.217202572347267,4.9));
#1987=CARTESIAN_POINT('',(-0.278649517684887,0.262218649517685,4.9));
#1988=CARTESIAN_POINT('',(-0.316012861736334,0.273472668810289,4.9));
#1989=CARTESIAN_POINT('',(-0.413247588424437,0.273472668810289,4.9));
#1990=CARTESIAN_POINT('',(-0.456463022508038,0.260868167202572,4.9));
#1991=CARTESIAN_POINT('',(-0.49112540192926,0.236109324758842,4.9));
#1992=CARTESIAN_POINT('',(-0.526298774658903,0.210985487094812,4.9));
#1993=CARTESIAN_POINT('',(-0.550546623794212,0.177588424437299,4.9));
#1994=CARTESIAN_POINT('',(-0.564501607717041,0.135273311897106,4.9));
#1995=CARTESIAN_POINT('',(-0.578366853558097,0.093230308379066,4.9));
#1996=CARTESIAN_POINT('',(-0.586109324758842,0.050192926045016,4.9));
#1997=CARTESIAN_POINT('',(-0.586109324758842,-0.0519935691318329,4.9));
#1998=CARTESIAN_POINT('',(-0.577556270096463,-0.102411575562701,4.9));
#1999=CARTESIAN_POINT('',(-0.560900321543408,-0.145176848874598,4.9));
#2000=CARTESIAN_POINT('',(-0.54403284853307,-0.188485225522763,4.9));
#2001=CARTESIAN_POINT('',(-0.518135048231511,-0.220353697749196,4.9));
#2002=CARTESIAN_POINT('',(-0.482572347266881,-0.241511254019293,4.9));
#2003=CARTESIAN_POINT('',(-0.446811841930021,-0.262786491371602,4.9));
#2004=CARTESIAN_POINT('',(-0.408745980707395,-0.273472668810289,4.9));
#2005=CARTESIAN_POINT('',(-0.317363344051447,-0.273472668810289,4.9));
#2006=CARTESIAN_POINT('',(-0.275048231511254,-0.259067524115756,4.9));
#2007=CARTESIAN_POINT('',(-0.20572347266881,-0.201446945337621,4.9));
#2008=CARTESIAN_POINT('',(-0.181864951768488,-0.158231511254019,4.9));
#2009=CARTESIAN_POINT('',(-0.169710610932476,-0.101061093247589,4.9));
#2010=CARTESIAN_POINT('',(-0.169710610932476,-0.101061093247589,4.9));
#2011=CARTESIAN_POINT('',(-0.169710610932476,-0.101061093247589,4.9));
#2012=CARTESIAN_POINT('',(-0.139699892818864,-0.10871382636656,4.9));
#2013=CARTESIAN_POINT('',(-0.109689174705252,-0.116366559485531,4.9));
#2014=CARTESIAN_POINT('',(-0.0796784565916394,-0.124019292604502,4.9));
#2015=CARTESIAN_POINT('',(-0.0796784565916394,-0.124019292604502,4.9));
#2016=CARTESIAN_POINT('',(-0.0796784565916394,-0.124019292604502,4.9));
#2017=CARTESIAN_POINT('',(-0.0985852090032151,-0.197395498392283,4.9));
#2018=CARTESIAN_POINT('',(-0.132347266881028,-0.253665594855306,4.9));
#2019=CARTESIAN_POINT('',(-0.18096463022508,-0.292379421221865,4.9));
#2020=CARTESIAN_POINT('',(-0.229638110148018,-0.331137933012352,4.9));
#2021=CARTESIAN_POINT('',(-0.289453376205787,-0.35,4.9));
#2022=CARTESIAN_POINT('',(-0.433054662379421,-0.35,4.9));
#2023=CARTESIAN_POINT('',(-0.492475884244372,-0.335144694533762,4.9));
#2024=CARTESIAN_POINT('',(-0.538392282958199,-0.305434083601286,4.9));
#2025=CARTESIAN_POINT('',(-0.583991373225629,-0.275928789898832,4.9));
#2026=CARTESIAN_POINT('',(-0.618520900321543,-0.232958199356913,4.9));
#2027=CARTESIAN_POINT('',(-0.642379421221865,-0.176688102893891,4.9));
#2028=CARTESIAN_POINT('',(-0.66639972551768,-0.120036441818854,4.9));
#2029=CARTESIAN_POINT('',(-0.678392282958199,-0.0596463022508039,4.9));
#2030=CARTESIAN_POINT('',(-0.678392282958199,0.0754019292604501,4.9));
#2031=CARTESIAN_POINT('',(-0.664887459807074,0.137073954983923,4.9));
#2032=CARTESIAN_POINT('',(-0.637877813504823,0.189742765273312,4.9));
#2033=CARTESIAN_POINT('',(-0.611050949816799,0.242055149464959,4.9));
#2034=CARTESIAN_POINT('',(-0.573054662379421,0.282025723472669,4.9));
#2035=CARTESIAN_POINT('',(-0.523086816720257,0.30903536977492,4.9));
#2036=CARTESIAN_POINT('',(-0.473279033879296,0.335958495634898,4.9));
#2037=CARTESIAN_POINT('',(-0.418649517684887,0.35,4.9));
#2038=CARTESIAN_POINT('',(-0.291254019292604,0.35,4.9));
#2039=CARTESIAN_POINT('',(-0.234533762057877,0.332893890675241,4.9));
#2040=CARTESIAN_POINT('',(-0.188167202572347,0.298231511254019,4.9));
#2041=CARTESIAN_POINT('',(-0.142089417764953,0.263785011931986,4.9));
#2042=CARTESIAN_POINT('',(-0.10983922829582,0.21540192926045,4.9));
#2043=CARTESIAN_POINT('',(-0.0918327974276524,0.152829581993569,4.9));
#2044=CARTESIAN_POINT('',(1.49813504823151,-0.11411575562701,4.9));
#2045=CARTESIAN_POINT('',(1.37539121114684,-0.11411575562701,4.9));
#2046=CARTESIAN_POINT('',(1.25264737406217,-0.11411575562701,4.9));
#2047=CARTESIAN_POINT('',(1.12990353697749,-0.11411575562701,4.9));
#2048=CARTESIAN_POINT('',(1.49813504823151,-0.11411575562701,4.9));
#2049=CARTESIAN_POINT('',(1.12990353697749,-0.11411575562701,4.9));
#2050=CARTESIAN_POINT('',(1.12990353697749,-0.11411575562701,4.9));
#2051=CARTESIAN_POINT('',(1.13305466237942,-0.168585209003216,4.9));
#2052=CARTESIAN_POINT('',(1.14836012861736,-0.21,4.9));
#2053=CARTESIAN_POINT('',(1.17581993569132,-0.238810289389068,4.9));
#2054=CARTESIAN_POINT('',(1.20349402551204,-0.267845400020649,4.9));
#2055=CARTESIAN_POINT('',(1.2379421221865,-0.282025723472669,4.9));
#2056=CARTESIAN_POINT('',(1.31041800643087,-0.282025723472669,4.9));
#2057=CARTESIAN_POINT('',(1.33652733118971,-0.273922829581994,4.9));
#2058=CARTESIAN_POINT('',(1.35813504823151,-0.258167202572347,4.9));
#2059=CARTESIAN_POINT('',(1.37995706680249,-0.24225531403101,4.9));
#2060=CARTESIAN_POINT('',(1.39729903536978,-0.216302250803859,4.9));
#2061=CARTESIAN_POINT('',(1.40990353697749,-0.181189710610933,4.9));
#2062=CARTESIAN_POINT('',(1.40990353697749,-0.181189710610933,4.9));
#2063=CARTESIAN_POINT('',(1.40990353697749,-0.181189710610933,4.9));
#2064=CARTESIAN_POINT('',(1.43856377277599,-0.184790996784566,4.9));
#2065=CARTESIAN_POINT('',(1.46722400857449,-0.188392282958199,4.9));
#2066=CARTESIAN_POINT('',(1.49588424437299,-0.191993569131833,4.9));
#2067=CARTESIAN_POINT('',(1.49588424437299,-0.191993569131833,4.9));
#2068=CARTESIAN_POINT('',(1.49588424437299,-0.191993569131833,4.9));
#2069=CARTESIAN_POINT('',(1.48237942122187,-0.241961414790997,4.9));
#2070=CARTESIAN_POINT('',(1.45717041800643,-0.28112540192926,4.9));
#2071=CARTESIAN_POINT('',(1.42025723472669,-0.308585209003215,4.9));
#2072=CARTESIAN_POINT('',(1.38312847421573,-0.336205384505271,4.9));
#2073=CARTESIAN_POINT('',(1.33652733118971,-0.35,4.9));
#2074=CARTESIAN_POINT('',(1.20733118971061,-0.35,4.9));
#2075=CARTESIAN_POINT('',(1.15016077170418,-0.327942122186495,4.9));
#2076=CARTESIAN_POINT('',(1.10784565916399,-0.283826366559486,4.9));
#2077=CARTESIAN_POINT('',(1.06574625272893,-0.239935496020813,4.9));
#2078=CARTESIAN_POINT('',(1.0448231511254,-0.177588424437299,4.9));
#2079=CARTESIAN_POINT('',(1.0448231511254,-0.0150803858520901,4.9));
#2080=CARTESIAN_POINT('',(1.0659807073955,0.0488424437299035,4.9));
#2081=CARTESIAN_POINT('',(1.1087459807074,0.0943086816720257,4.9));
#2082=CARTESIAN_POINT('',(1.15152460009439,0.139789108599254,4.9));
#2083=CARTESIAN_POINT('',(1.2064308681672,0.162733118971061,4.9));
#2084=CARTESIAN_POINT('',(1.34057877813505,0.162733118971061,4.9));
#2085=CARTESIAN_POINT('',(1.39414790996785,0.140675241157556,4.9));
#2086=CARTESIAN_POINT('',(1.43601286173633,0.0961093247588424,4.9));
#2087=CARTESIAN_POINT('',(1.47810245470943,0.0513042741745744,4.9));
#2088=CARTESIAN_POINT('',(1.49858520900322,-0.0114790996784567,4.9));
#2089=CARTESIAN_POINT('',(1.49858520900322,-0.0970096463022509,4.9));
#2090=CARTESIAN_POINT('',(1.49858520900322,-0.104662379421222,4.9));
#2091=CARTESIAN_POINT('',(1.49813504823151,-0.11411575562701,4.9));
#2092=CARTESIAN_POINT('',(0.,0.,0.));
#2093=CARTESIAN_POINT('',(2.25,-2.2,0.));
#2094=CARTESIAN_POINT('',(2.25,-2.2,0.));
#2095=CARTESIAN_POINT('',(-2.25,-2.2,0.));
#2096=CARTESIAN_POINT('',(2.25,-1.1,0.));
#2097=CARTESIAN_POINT('',(2.25,-1.1,0.));
#2098=CARTESIAN_POINT('',(-2.25,-1.1,0.));
#2099=CARTESIAN_POINT('',(-2.25,-1.1,0.));
#2100=CARTESIAN_POINT('',(-2.25,-2.2,0.));
#2101=CARTESIAN_POINT('',(-2.775,2.675,0.));
#2102=CARTESIAN_POINT('',(-2.775,2.575,0.));
#2103=CARTESIAN_POINT('',(-2.775,-2.575,0.));
#2104=CARTESIAN_POINT('',(-2.675,2.575,0.));
#2105=CARTESIAN_POINT('',(-2.675,2.675,0.));
#2106=CARTESIAN_POINT('',(2.775,2.675,0.));
#2107=CARTESIAN_POINT('',(2.675,2.675,0.));
#2108=CARTESIAN_POINT('',(2.675,2.575,0.));
#2109=CARTESIAN_POINT('',(2.775,2.575,0.));
#2110=CARTESIAN_POINT('',(2.775,-2.675,0.));
#2111=CARTESIAN_POINT('',(2.775,-2.575,0.));
#2112=CARTESIAN_POINT('',(2.675,-2.575,0.));
#2113=CARTESIAN_POINT('',(2.675,-2.675,0.));
#2114=CARTESIAN_POINT('',(-2.775,-2.675,0.));
#2115=CARTESIAN_POINT('',(-2.675,-2.675,0.));
#2116=CARTESIAN_POINT('',(-2.675,-2.575,0.));
#2117=CARTESIAN_POINT('',(2.25,1.1,0.));
#2118=CARTESIAN_POINT('',(2.25,1.1,0.));
#2119=CARTESIAN_POINT('',(-2.25,1.1,0.));
#2120=CARTESIAN_POINT('',(2.25,2.2,0.));
#2121=CARTESIAN_POINT('',(2.25,2.2,0.));
#2122=CARTESIAN_POINT('',(-2.25,2.2,0.));
#2123=CARTESIAN_POINT('',(-2.25,2.2,0.));
#2124=CARTESIAN_POINT('',(-2.25,1.1,0.));
#2125=CARTESIAN_POINT('',(-2.775,2.675,4.9));
#2126=CARTESIAN_POINT('',(-2.775,-2.575,4.9));
#2127=CARTESIAN_POINT('',(-2.775,-2.575,4.8));
#2128=CARTESIAN_POINT('',(-2.775,2.575,4.8));
#2129=CARTESIAN_POINT('',(-2.775,2.575,4.8));
#2130=CARTESIAN_POINT('',(-2.775,2.575,4.9));
#2131=CARTESIAN_POINT('',(-2.775,-2.675,4.9));
#2132=CARTESIAN_POINT('',(2.675,-2.675,4.9));
#2133=CARTESIAN_POINT('',(2.675,-2.675,4.8));
#2134=CARTESIAN_POINT('',(-2.675,-2.675,4.8));
#2135=CARTESIAN_POINT('',(-2.675,-2.675,4.8));
#2136=CARTESIAN_POINT('',(-2.675,-2.675,4.9));
#2137=CARTESIAN_POINT('',(2.775,-2.675,4.9));
#2138=CARTESIAN_POINT('',(2.775,2.575,4.9));
#2139=CARTESIAN_POINT('',(2.775,2.575,4.8));
#2140=CARTESIAN_POINT('',(2.775,-2.575,4.8));
#2141=CARTESIAN_POINT('',(2.775,-2.575,4.8));
#2142=CARTESIAN_POINT('',(2.775,-2.575,4.9));
#2143=CARTESIAN_POINT('',(2.775,2.675,4.9));
#2144=CARTESIAN_POINT('',(-2.675,2.675,4.9));
#2145=CARTESIAN_POINT('',(-2.675,2.675,4.8));
#2146=CARTESIAN_POINT('',(2.675,2.675,4.8));
#2147=CARTESIAN_POINT('',(2.675,2.675,4.8));
#2148=CARTESIAN_POINT('',(2.675,2.675,4.9));
#2149=CARTESIAN_POINT('',(2.25,-2.2,-0.2));
#2150=CARTESIAN_POINT('',(-2.00505102572168,-2.2,0.05));
#2151=CARTESIAN_POINT('',(-2.00505102572168,-2.2,-0.2));
#2152=CARTESIAN_POINT('',(2.25,-2.2,-0.2));
#2153=CARTESIAN_POINT('',(2.00505102572168,-2.2,-0.2));
#2154=CARTESIAN_POINT('',(2.00505102572168,-2.2,0.05));
#2155=CARTESIAN_POINT('',(-2.25,-1.1,-0.2));
#2156=CARTESIAN_POINT('',(-2.25,-1.1,-0.2));
#2157=CARTESIAN_POINT('',(-2.00505102572168,-1.1,-0.2));
#2158=CARTESIAN_POINT('',(2.00505102572168,-1.1,-0.2));
#2159=CARTESIAN_POINT('',(-2.00505102572168,-1.1,0.05));
#2160=CARTESIAN_POINT('',(2.00505102572168,-1.1,0.05));
#2161=CARTESIAN_POINT('',(0.,0.,-0.2));
#2162=CARTESIAN_POINT('',(-2.00505102572168,-1.1,-0.2));
#2163=CARTESIAN_POINT('',(2.00505102572168,-2.2,-0.2));
#2164=CARTESIAN_POINT('',(2.25,1.1,-0.2));
#2165=CARTESIAN_POINT('',(2.25,1.1,-0.2));
#2166=CARTESIAN_POINT('',(2.00505102572168,1.1,-0.2));
#2167=CARTESIAN_POINT('',(-2.00505102572168,1.1,-0.2));
#2168=CARTESIAN_POINT('',(2.00505102572168,1.1,0.05));
#2169=CARTESIAN_POINT('',(-2.00505102572168,1.1,0.05));
#2170=CARTESIAN_POINT('',(-2.25,2.2,-0.2));
#2171=CARTESIAN_POINT('',(2.00505102572168,2.2,0.05));
#2172=CARTESIAN_POINT('',(2.00505102572168,2.2,-0.2));
#2173=CARTESIAN_POINT('',(-2.25,2.2,-0.2));
#2174=CARTESIAN_POINT('',(-2.00505102572168,2.2,-0.2));
#2175=CARTESIAN_POINT('',(-2.00505102572168,2.2,0.05));
#2176=CARTESIAN_POINT('',(0.,0.,-0.2));
#2177=CARTESIAN_POINT('',(2.00505102572168,1.1,-0.2));
#2178=CARTESIAN_POINT('',(-2.00505102572168,2.2,-0.2));
#2179=CARTESIAN_POINT('',(-2.675,-2.575,4.9));
#2180=CARTESIAN_POINT('',(-2.675,-2.575,4.8));
#2181=CARTESIAN_POINT('',(2.675,-2.575,4.9));
#2182=CARTESIAN_POINT('',(2.675,-2.575,4.8));
#2183=CARTESIAN_POINT('',(2.675,2.575,4.9));
#2184=CARTESIAN_POINT('',(2.675,2.575,4.8));
#2185=CARTESIAN_POINT('',(-2.675,2.575,4.9));
#2186=CARTESIAN_POINT('',(-2.675,2.575,4.8));
#2187=CARTESIAN_POINT('',(-1.5,1.5,4.89));
#2188=CARTESIAN_POINT('',(-1.5,1.5,4.89));
#2189=CARTESIAN_POINT('',(-1.3,1.5,4.89));
#2190=CARTESIAN_POINT('',(-1.5,1.5,4.89));
#2191=CARTESIAN_POINT('',(-1.07498392282958,-0.3391961414791,4.89));
#2192=CARTESIAN_POINT('',(-1.07498392282958,-0.3391961414791,4.89));
#2193=CARTESIAN_POINT('',(-1.07498392282958,-0.3391961414791,4.89));
#2194=CARTESIAN_POINT('',(-1.07498392282958,-0.3391961414791,4.89));
#2195=CARTESIAN_POINT('',(-1.49858520900322,-0.3391961414791,4.89));
#2196=CARTESIAN_POINT('',(-1.49858520900322,-0.3391961414791,4.89));
#2197=CARTESIAN_POINT('',(-1.49858520900322,-0.3391961414791,4.89));
#2198=CARTESIAN_POINT('',(-1.49858520900322,-0.3391961414791,4.89));
#2199=CARTESIAN_POINT('',(-1.49858520900322,-0.3391961414791,4.89));
#2200=CARTESIAN_POINT('',(-1.49858520900322,0.337845659163987,4.89));
#2201=CARTESIAN_POINT('',(-1.49858520900322,0.337845659163987,4.89));
#2202=CARTESIAN_POINT('',(-1.49858520900322,0.337845659163987,4.89));
#2203=CARTESIAN_POINT('',(-1.49858520900322,0.337845659163987,4.89));
#2204=CARTESIAN_POINT('',(-1.49858520900322,0.337845659163987,4.89));
#2205=CARTESIAN_POINT('',(-1.40855305466238,0.337845659163987,4.89));
#2206=CARTESIAN_POINT('',(-1.40855305466238,0.337845659163987,4.89));
#2207=CARTESIAN_POINT('',(-1.40855305466238,0.337845659163987,4.89));
#2208=CARTESIAN_POINT('',(-1.40855305466238,0.337845659163987,4.89));
#2209=CARTESIAN_POINT('',(-1.40855305466238,0.337845659163987,4.89));
#2210=CARTESIAN_POINT('',(-1.40855305466238,-0.259067524115756,4.89));
#2211=CARTESIAN_POINT('',(-1.40855305466238,-0.259067524115756,4.89));
#2212=CARTESIAN_POINT('',(-1.40855305466238,-0.259067524115756,4.89));
#2213=CARTESIAN_POINT('',(-1.40855305466238,-0.259067524115756,4.89));
#2214=CARTESIAN_POINT('',(-1.40855305466238,-0.259067524115756,4.89));
#2215=CARTESIAN_POINT('',(-1.07498392282958,-0.259067524115756,4.89));
#2216=CARTESIAN_POINT('',(-1.07498392282958,-0.259067524115756,4.89));
#2217=CARTESIAN_POINT('',(-1.07498392282958,-0.259067524115756,4.89));
#2218=CARTESIAN_POINT('',(-1.07498392282958,-0.259067524115756,4.89));
#2219=CARTESIAN_POINT('',(-1.07498392282958,-0.259067524115756,4.89));
#2220=CARTESIAN_POINT('',(-1.07498392282958,-0.3391961414791,4.89));
#2221=CARTESIAN_POINT('',(-1.2867845659164,-0.3391961414791,4.89));
#2222=CARTESIAN_POINT('',(-0.75491961414791,-0.136173633440515,4.89));
#2223=CARTESIAN_POINT('',(-0.75491961414791,-0.136173633440515,4.89));
#2224=CARTESIAN_POINT('',(-0.75491961414791,-0.136173633440515,4.89));
#2225=CARTESIAN_POINT('',(-0.75491961414791,-0.136173633440515,4.89));
#2226=CARTESIAN_POINT('',(-1.011961414791,-0.136173633440515,4.89));
#2227=CARTESIAN_POINT('',(-1.011961414791,-0.136173633440515,4.89));
#2228=CARTESIAN_POINT('',(-1.011961414791,-0.136173633440515,4.89));
#2229=CARTESIAN_POINT('',(-1.011961414791,-0.136173633440515,4.89));
#2230=CARTESIAN_POINT('',(-1.011961414791,-0.136173633440515,4.89));
#2231=CARTESIAN_POINT('',(-1.011961414791,-0.052443729903537,4.89));
#2232=CARTESIAN_POINT('',(-1.011961414791,-0.052443729903537,4.89));
#2233=CARTESIAN_POINT('',(-1.011961414791,-0.052443729903537,4.89));
#2234=CARTESIAN_POINT('',(-1.011961414791,-0.052443729903537,4.89));
#2235=CARTESIAN_POINT('',(-1.011961414791,-0.052443729903537,4.89));
#2236=CARTESIAN_POINT('',(-0.75491961414791,-0.052443729903537,4.89));
#2237=CARTESIAN_POINT('',(-0.75491961414791,-0.052443729903537,4.89));
#2238=CARTESIAN_POINT('',(-0.75491961414791,-0.052443729903537,4.89));
#2239=CARTESIAN_POINT('',(-0.75491961414791,-0.052443729903537,4.89));
#2240=CARTESIAN_POINT('',(-0.75491961414791,-0.052443729903537,4.89));
#2241=CARTESIAN_POINT('',(-0.75491961414791,-0.136173633440515,4.89));
#2242=CARTESIAN_POINT('',(-0.883440514469453,-0.136173633440515,4.89));
#2243=CARTESIAN_POINT('',(-0.180514469453376,0.132122186495177,4.89));
#2244=CARTESIAN_POINT('',(-0.180514469453376,0.132122186495177,4.9));
#2245=CARTESIAN_POINT('',(-0.201854534483593,0.198581246160711,4.89));
#2246=CARTESIAN_POINT('',(-0.201854534483593,0.198581246160711,4.9));
#2247=CARTESIAN_POINT('',(-0.266858493852349,0.279471999776738,4.89));
#2248=CARTESIAN_POINT('',(-0.266858493852349,0.279471999776738,4.9));
#2249=CARTESIAN_POINT('',(-0.529479383451287,0.280697076506079,4.89));
#2250=CARTESIAN_POINT('',(-0.529479383451287,0.280697076506079,4.9));
#2251=CARTESIAN_POINT('',(-0.604897314399835,0.0243255094938104,4.89));
#2252=CARTESIAN_POINT('',(-0.604897314399835,0.0243255094938104,4.9));
#2253=CARTESIAN_POINT('',(-0.564904324621902,-0.187051749364368,4.89));
#2254=CARTESIAN_POINT('',(-0.564904324621902,-0.187051749364368,4.9));
#2255=CARTESIAN_POINT('',(-0.415786728208392,-0.29192912215013,4.89));
#2256=CARTESIAN_POINT('',(-0.415786728208392,-0.29192912215013,4.9));
#2257=CARTESIAN_POINT('',(-0.241986437702019,-0.260271615950128,4.89));
#2258=CARTESIAN_POINT('',(-0.241986437702019,-0.260271615950128,4.9));
#2259=CARTESIAN_POINT('',(-0.183674191149702,-0.166741637232319,4.89));
#2260=CARTESIAN_POINT('',(-0.183674191149702,-0.166741637232319,4.9));
#2261=CARTESIAN_POINT('',(-0.169710610932476,-0.101061093247589,4.89));
#2262=CARTESIAN_POINT('',(-0.169710610932476,-0.101061093247589,4.9));
#2263=CARTESIAN_POINT('',(-0.180514469453376,0.132122186495177,4.89));
#2264=CARTESIAN_POINT('',(-0.180514469453376,0.132122186495177,4.89));
#2265=CARTESIAN_POINT('',(-0.180514469453376,0.132122186495177,4.89));
#2266=CARTESIAN_POINT('',(-0.196270096463022,0.181189710610932,4.89));
#2267=CARTESIAN_POINT('',(-0.219228295819935,0.217202572347267,4.89));
#2268=CARTESIAN_POINT('',(-0.278649517684887,0.262218649517685,4.89));
#2269=CARTESIAN_POINT('',(-0.316012861736334,0.273472668810289,4.89));
#2270=CARTESIAN_POINT('',(-0.413247588424437,0.273472668810289,4.89));
#2271=CARTESIAN_POINT('',(-0.456463022508038,0.260868167202572,4.89));
#2272=CARTESIAN_POINT('',(-0.49112540192926,0.236109324758842,4.89));
#2273=CARTESIAN_POINT('',(-0.526298774658903,0.210985487094812,4.89));
#2274=CARTESIAN_POINT('',(-0.550546623794212,0.177588424437299,4.89));
#2275=CARTESIAN_POINT('',(-0.564501607717041,0.135273311897106,4.89));
#2276=CARTESIAN_POINT('',(-0.578366853558097,0.093230308379066,4.89));
#2277=CARTESIAN_POINT('',(-0.586109324758842,0.050192926045016,4.89));
#2278=CARTESIAN_POINT('',(-0.586109324758842,-0.0519935691318329,4.89));
#2279=CARTESIAN_POINT('',(-0.577556270096463,-0.102411575562701,4.89));
#2280=CARTESIAN_POINT('',(-0.560900321543408,-0.145176848874598,4.89));
#2281=CARTESIAN_POINT('',(-0.54403284853307,-0.188485225522763,4.89));
#2282=CARTESIAN_POINT('',(-0.518135048231511,-0.220353697749196,4.89));
#2283=CARTESIAN_POINT('',(-0.482572347266881,-0.241511254019293,4.89));
#2284=CARTESIAN_POINT('',(-0.446811841930021,-0.262786491371602,4.89));
#2285=CARTESIAN_POINT('',(-0.408745980707395,-0.273472668810289,4.89));
#2286=CARTESIAN_POINT('',(-0.317363344051447,-0.273472668810289,4.89));
#2287=CARTESIAN_POINT('',(-0.275048231511254,-0.259067524115756,4.89));
#2288=CARTESIAN_POINT('',(-0.20572347266881,-0.201446945337621,4.89));
#2289=CARTESIAN_POINT('',(-0.181864951768488,-0.158231511254019,4.89));
#2290=CARTESIAN_POINT('',(-0.169710610932476,-0.101061093247589,4.89));
#2291=CARTESIAN_POINT('',(-0.169710610932476,-0.101061093247589,4.89));
#2292=CARTESIAN_POINT('',(-0.169710610932476,-0.101061093247589,4.89));
#2293=CARTESIAN_POINT('',(-0.169710610932476,-0.101061093247589,4.89));
#2294=CARTESIAN_POINT('',(-0.169710610932476,-0.101061093247589,4.89));
#2295=CARTESIAN_POINT('',(-0.139699892818864,-0.10871382636656,4.89));
#2296=CARTESIAN_POINT('',(-0.109689174705252,-0.116366559485531,4.89));
#2297=CARTESIAN_POINT('',(-0.0796784565916394,-0.124019292604502,4.89));
#2298=CARTESIAN_POINT('',(-0.0796784565916394,-0.124019292604502,4.89));
#2299=CARTESIAN_POINT('',(-0.0796784565916394,-0.124019292604502,4.89));
#2300=CARTESIAN_POINT('',(-0.0796784565916394,-0.124019292604502,4.89));
#2301=CARTESIAN_POINT('',(-0.0796784565916394,-0.124019292604502,4.9));
#2302=CARTESIAN_POINT('',(-0.101207349337894,-0.207571900167348,4.89));
#2303=CARTESIAN_POINT('',(-0.101207349337894,-0.207571900167348,4.9));
#2304=CARTESIAN_POINT('',(-0.177181718212851,-0.334469555412013,4.89));
#2305=CARTESIAN_POINT('',(-0.177181718212851,-0.334469555412013,4.9));
#2306=CARTESIAN_POINT('',(-0.448850150350089,-0.368307922366471,4.89));
#2307=CARTESIAN_POINT('',(-0.448850150350089,-0.368307922366471,4.9));
#2308=CARTESIAN_POINT('',(-0.630445614771783,-0.257440961383832,4.89));
#2309=CARTESIAN_POINT('',(-0.630445614771783,-0.257440961383832,4.9));
#2310=CARTESIAN_POINT('',(-0.695497092722754,-0.00811201875310473,4.89));
#2311=CARTESIAN_POINT('',(-0.695497092722754,-0.00811201875310473,4.9));
#2312=CARTESIAN_POINT('',(-0.656150932671376,0.215985197617501,4.89));
#2313=CARTESIAN_POINT('',(-0.656150932671376,0.215985197617501,4.9));
#2314=CARTESIAN_POINT('',(-0.462143126448726,0.365452610607521,4.89));
#2315=CARTESIAN_POINT('',(-0.462143126448726,0.365452610607521,4.9));
#2316=CARTESIAN_POINT('',(-0.208634260750627,0.348061588768938,4.89));
#2317=CARTESIAN_POINT('',(-0.208634260750627,0.348061588768938,4.9));
#2318=CARTESIAN_POINT('',(-0.114921748524354,0.233063687054608,4.89));
#2319=CARTESIAN_POINT('',(-0.114921748524354,0.233063687054608,4.9));
#2320=CARTESIAN_POINT('',(-0.0918327974276524,0.152829581993569,4.89));
#2321=CARTESIAN_POINT('',(-0.0918327974276524,0.152829581993569,4.9));
#2322=CARTESIAN_POINT('',(-0.0796784565916394,-0.124019292604502,4.89));
#2323=CARTESIAN_POINT('',(-0.0985852090032151,-0.197395498392283,4.89));
#2324=CARTESIAN_POINT('',(-0.132347266881028,-0.253665594855306,4.89));
#2325=CARTESIAN_POINT('',(-0.18096463022508,-0.292379421221865,4.89));
#2326=CARTESIAN_POINT('',(-0.229638110148018,-0.331137933012352,4.89));
#2327=CARTESIAN_POINT('',(-0.289453376205787,-0.35,4.89));
#2328=CARTESIAN_POINT('',(-0.433054662379421,-0.35,4.89));
#2329=CARTESIAN_POINT('',(-0.492475884244372,-0.335144694533762,4.89));
#2330=CARTESIAN_POINT('',(-0.538392282958199,-0.305434083601286,4.89));
#2331=CARTESIAN_POINT('',(-0.583991373225629,-0.275928789898832,4.89));
#2332=CARTESIAN_POINT('',(-0.618520900321543,-0.232958199356913,4.89));
#2333=CARTESIAN_POINT('',(-0.642379421221865,-0.176688102893891,4.89));
#2334=CARTESIAN_POINT('',(-0.66639972551768,-0.120036441818854,4.89));
#2335=CARTESIAN_POINT('',(-0.678392282958199,-0.0596463022508039,4.89));
#2336=CARTESIAN_POINT('',(-0.678392282958199,0.0754019292604501,4.89));
#2337=CARTESIAN_POINT('',(-0.664887459807074,0.137073954983923,4.89));
#2338=CARTESIAN_POINT('',(-0.637877813504823,0.189742765273312,4.89));
#2339=CARTESIAN_POINT('',(-0.611050949816799,0.242055149464959,4.89));
#2340=CARTESIAN_POINT('',(-0.573054662379421,0.282025723472669,4.89));
#2341=CARTESIAN_POINT('',(-0.523086816720257,0.30903536977492,4.89));
#2342=CARTESIAN_POINT('',(-0.473279033879296,0.335958495634898,4.89));
#2343=CARTESIAN_POINT('',(-0.418649517684887,0.35,4.89));
#2344=CARTESIAN_POINT('',(-0.291254019292604,0.35,4.89));
#2345=CARTESIAN_POINT('',(-0.234533762057877,0.332893890675241,4.89));
#2346=CARTESIAN_POINT('',(-0.188167202572347,0.298231511254019,4.89));
#2347=CARTESIAN_POINT('',(-0.142089417764953,0.263785011931986,4.89));
#2348=CARTESIAN_POINT('',(-0.10983922829582,0.21540192926045,4.89));
#2349=CARTESIAN_POINT('',(-0.0918327974276524,0.152829581993569,4.89));
#2350=CARTESIAN_POINT('',(-0.0918327974276524,0.152829581993569,4.89));
#2351=CARTESIAN_POINT('',(-0.0918327974276524,0.152829581993569,4.89));
#2352=CARTESIAN_POINT('',(-0.0918327974276524,0.152829581993569,4.89));
#2353=CARTESIAN_POINT('',(-0.0918327974276524,0.152829581993569,4.89));
#2354=CARTESIAN_POINT('',(-0.12139335476956,0.145927116827438,4.89));
#2355=CARTESIAN_POINT('',(-0.150953912111468,0.139024651661308,4.89));
#2356=CARTESIAN_POINT('',(-0.180514469453376,0.132122186495177,4.89));
#2357=CARTESIAN_POINT('',(-0.585281490228145,-0.0247692795412281,4.89));
#2358=CARTESIAN_POINT('',(0.108965357073939,0.103771843965497,4.89));
#2359=CARTESIAN_POINT('',(0.108965357073939,0.103771843965497,4.9));
#2360=CARTESIAN_POINT('',(0.0644823380534709,-0.0568363751069188,4.89));
#2361=CARTESIAN_POINT('',(0.0644823380534709,-0.0568363751069188,4.9));
#2362=CARTESIAN_POINT('',(0.0886114671275534,-0.215682079478391,4.89));
#2363=CARTESIAN_POINT('',(0.0886114671275534,-0.215682079478391,4.9));
#2364=CARTESIAN_POINT('',(0.171815753394208,-0.293785771416563,4.89));
#2365=CARTESIAN_POINT('',(0.171815753394208,-0.293785771416563,4.9));
#2366=CARTESIAN_POINT('',(0.324618204643101,-0.276082090751497,4.89));
#2367=CARTESIAN_POINT('',(0.324618204643101,-0.276082090751497,4.9));
#2368=CARTESIAN_POINT('',(0.374947317116836,-0.125314637554898,4.89));
#2369=CARTESIAN_POINT('',(0.374947317116836,-0.125314637554898,4.9));
#2370=CARTESIAN_POINT('',(0.350930524800301,0.093278434440187,4.89));
#2371=CARTESIAN_POINT('',(0.350930524800301,0.093278434440187,4.9));
#2372=CARTESIAN_POINT('',(0.108965357073939,0.103771843965497,4.89));
#2373=CARTESIAN_POINT('',(0.108965357073939,0.103771843965497,4.9));
#2374=CARTESIAN_POINT('',(0.0644823380534709,-0.0568363751069188,4.89));
#2375=CARTESIAN_POINT('',(0.0644823380534709,-0.0568363751069188,4.9));
#2376=CARTESIAN_POINT('',(0.0886114671275534,-0.215682079478391,4.89));
#2377=CARTESIAN_POINT('',(0.0886114671275534,-0.215682079478391,4.9));
#2378=CARTESIAN_POINT('',(0.0747266881028941,-0.0938585209003216,4.89));
#2379=CARTESIAN_POINT('',(0.0747266881028941,-0.156881028938907,4.89));
#2380=CARTESIAN_POINT('',(0.0886816720257237,-0.204147909967846,4.89));
#2381=CARTESIAN_POINT('',(0.143601286173634,-0.266270096463023,4.89));
#2382=CARTESIAN_POINT('',(0.178263665594856,-0.282025723472669,4.89));
#2383=CARTESIAN_POINT('',(0.261093247588425,-0.282025723472669,4.89));
#2384=CARTESIAN_POINT('',(0.295755627009647,-0.266270096463023,4.89));
#2385=CARTESIAN_POINT('',(0.323215434083601,-0.23475884244373,4.89));
#2386=CARTESIAN_POINT('',(0.350452275550877,-0.203503450596036,4.89));
#2387=CARTESIAN_POINT('',(0.364630225080386,-0.155530546623794,4.89));
#2388=CARTESIAN_POINT('',(0.364630225080386,-0.0308360128617364,4.89));
#2389=CARTESIAN_POINT('',(0.350675241157556,0.0155305466237941,4.89));
#2390=CARTESIAN_POINT('',(0.322765273311897,0.0465916398713826,4.89));
#2391=CARTESIAN_POINT('',(0.295056399946939,0.0774289344227072,4.89));
#2392=CARTESIAN_POINT('',(0.261093247588425,0.0934083601286173,4.89));
#2393=CARTESIAN_POINT('',(0.178263665594856,0.0934083601286173,4.89));
#2394=CARTESIAN_POINT('',(0.143601286173634,0.0781028938906752,4.89));
#2395=CARTESIAN_POINT('',(0.116141479099679,0.0470418006430868,4.89));
#2396=CARTESIAN_POINT('',(0.0884582899592177,0.0157280293202704,4.89));
#2397=CARTESIAN_POINT('',(0.0747266881028941,-0.0312861736334406,4.89));
#2398=CARTESIAN_POINT('',(0.0747266881028941,-0.0938585209003216,4.89));
#2399=CARTESIAN_POINT('',(0.0747266881028941,-0.0938585209003216,4.89));
#2400=CARTESIAN_POINT('',(0.0747266881028941,-0.0938585209003216,4.9));
#2401=CARTESIAN_POINT('',(0.0747266881028941,-0.156881028938907,4.9));
#2402=CARTESIAN_POINT('',(0.0886816720257237,-0.204147909967846,4.9));
#2403=CARTESIAN_POINT('',(0.143601286173634,-0.266270096463023,4.9));
#2404=CARTESIAN_POINT('',(0.178263665594856,-0.282025723472669,4.9));
#2405=CARTESIAN_POINT('',(0.261093247588425,-0.282025723472669,4.9));
#2406=CARTESIAN_POINT('',(0.295755627009647,-0.266270096463023,4.9));
#2407=CARTESIAN_POINT('',(0.323215434083601,-0.23475884244373,4.9));
#2408=CARTESIAN_POINT('',(0.350452275550877,-0.203503450596036,4.9));
#2409=CARTESIAN_POINT('',(0.364630225080386,-0.155530546623794,4.9));
#2410=CARTESIAN_POINT('',(0.364630225080386,-0.0308360128617364,4.9));
#2411=CARTESIAN_POINT('',(0.350675241157556,0.0155305466237941,4.9));
#2412=CARTESIAN_POINT('',(0.322765273311897,0.0465916398713826,4.9));
#2413=CARTESIAN_POINT('',(0.295056399946939,0.0774289344227072,4.9));
#2414=CARTESIAN_POINT('',(0.261093247588425,0.0934083601286173,4.9));
#2415=CARTESIAN_POINT('',(0.178263665594856,0.0934083601286173,4.9));
#2416=CARTESIAN_POINT('',(0.143601286173634,0.0781028938906752,4.9));
#2417=CARTESIAN_POINT('',(0.116141479099679,0.0470418006430868,4.9));
#2418=CARTESIAN_POINT('',(0.0884582899592177,0.0157280293202704,4.9));
#2419=CARTESIAN_POINT('',(0.0747266881028941,-0.0312861736334406,4.9));
#2420=CARTESIAN_POINT('',(0.0747266881028941,-0.0938585209003216,4.9));
#2421=CARTESIAN_POINT('',(0.0747266881028941,-0.0938585209003216,4.9));
#2422=CARTESIAN_POINT('',(0.0412253832691805,-0.352227549905668,4.89));
#2423=CARTESIAN_POINT('',(0.0412253832691805,-0.352227549905668,4.9));
#2424=CARTESIAN_POINT('',(-0.0317093800602404,-0.0971585913557311,4.89));
#2425=CARTESIAN_POINT('',(-0.0317093800602404,-0.0971585913557311,4.9));
#2426=CARTESIAN_POINT('',(0.0438402531026038,0.172445335967473,4.89));
#2427=CARTESIAN_POINT('',(0.0438402531026038,0.172445335967473,4.9));
#2428=CARTESIAN_POINT('',(0.422917974258421,0.195639984256292,4.89));
#2429=CARTESIAN_POINT('',(0.422917974258421,0.195639984256292,4.9));
#2430=CARTESIAN_POINT('',(0.483583433441048,-0.167780822746859,4.89));
#2431=CARTESIAN_POINT('',(0.483583433441048,-0.167780822746859,4.9));
#2432=CARTESIAN_POINT('',(0.325937772566629,-0.36879154024059,4.89));
#2433=CARTESIAN_POINT('',(0.325937772566629,-0.36879154024059,4.9));
#2434=CARTESIAN_POINT('',(0.0412253832691805,-0.352227549905668,4.89));
#2435=CARTESIAN_POINT('',(0.0412253832691805,-0.352227549905668,4.9));
#2436=CARTESIAN_POINT('',(-0.0317093800602404,-0.0971585913557311,4.89));
#2437=CARTESIAN_POINT('',(-0.0317093800602404,-0.0971585913557311,4.9));
#2438=CARTESIAN_POINT('',(0.0438402531026038,0.172445335967473,4.89));
#2439=CARTESIAN_POINT('',(0.0438402531026038,0.172445335967473,4.9));
#2440=CARTESIAN_POINT('',(-0.0103536977491957,-0.0934083601286175,4.89));
#2441=CARTESIAN_POINT('',(-0.0103536977491957,-0.00292604501607723,4.89));
#2442=CARTESIAN_POINT('',(0.0148553054662383,0.0645980707395498,4.89));
#2443=CARTESIAN_POINT('',(0.0652733118971063,0.108263665594855,4.89));
#2444=CARTESIAN_POINT('',(0.107496928178777,0.144832333267374,4.89));
#2445=CARTESIAN_POINT('',(0.15935691318328,0.162733118971061,4.89));
#2446=CARTESIAN_POINT('',(0.287202572347267,0.162733118971061,4.89));
#2447=CARTESIAN_POINT('',(0.342572347266881,0.140675241157556,4.89));
#2448=CARTESIAN_POINT('',(0.428102893890675,0.0524437299035369,4.89));
#2449=CARTESIAN_POINT('',(0.449710610932476,-0.00877813504823158,4.89));
#2450=CARTESIAN_POINT('',(0.449710610932476,-0.14967845659164,4.89));
#2451=CARTESIAN_POINT('',(0.440257234726689,-0.199646302250804,4.89));
#2452=CARTESIAN_POINT('',(0.421350482315113,-0.235659163987138,4.89));
#2453=CARTESIAN_POINT('',(0.402258460404159,-0.272024920008003,4.89));
#2454=CARTESIAN_POINT('',(0.374533762057878,-0.300032154340836,4.89));
#2455=CARTESIAN_POINT('',(0.338520900321544,-0.320289389067524,4.89));
#2456=CARTESIAN_POINT('',(0.302358430257521,-0.340630778478537,4.89));
#2457=CARTESIAN_POINT('',(0.262893890675241,-0.35,4.89));
#2458=CARTESIAN_POINT('',(0.151254019292605,-0.35,4.89));
#2459=CARTESIAN_POINT('',(0.0954340836012864,-0.327942122186495,4.89));
#2460=CARTESIAN_POINT('',(0.0531189710610937,-0.283826366559486,4.89));
#2461=CARTESIAN_POINT('',(0.0110287436092382,-0.23994506559904,4.89));
#2462=CARTESIAN_POINT('',(-0.0103536977491957,-0.176688102893891,4.89));
#2463=CARTESIAN_POINT('',(-0.0103536977491957,-0.0934083601286175,4.89));
#2464=CARTESIAN_POINT('',(-0.0103536977491957,-0.0934083601286175,4.89));
#2465=CARTESIAN_POINT('',(0.449633315069932,-0.0964196196802649,4.89));
#2466=CARTESIAN_POINT('',(0.,0.,4.9));
#2467=CARTESIAN_POINT('',(0.942636655948554,-0.3391961414791,4.89));
#2468=CARTESIAN_POINT('',(0.942636655948554,-0.3391961414791,4.89));
#2469=CARTESIAN_POINT('',(0.942636655948554,-0.3391961414791,4.89));
#2470=CARTESIAN_POINT('',(0.942636655948554,-0.3391961414791,4.89));
#2471=CARTESIAN_POINT('',(0.916977491961415,-0.3391961414791,4.89));
#2472=CARTESIAN_POINT('',(0.891318327974277,-0.3391961414791,4.89));
#2473=CARTESIAN_POINT('',(0.865659163987138,-0.3391961414791,4.89));
#2474=CARTESIAN_POINT('',(0.865659163987138,-0.3391961414791,4.89));
#2475=CARTESIAN_POINT('',(0.865659163987138,-0.3391961414791,4.89));
#2476=CARTESIAN_POINT('',(0.865659163987138,-0.3391961414791,4.89));
#2477=CARTESIAN_POINT('',(0.865659163987138,-0.3391961414791,4.89));
#2478=CARTESIAN_POINT('',(0.865659163987138,-0.318638799571276,4.89));
#2479=CARTESIAN_POINT('',(0.865659163987138,-0.298081457663451,4.89));
#2480=CARTESIAN_POINT('',(0.865659163987138,-0.277524115755627,4.89));
#2481=CARTESIAN_POINT('',(0.865659163987138,-0.277524115755627,4.89));
#2482=CARTESIAN_POINT('',(0.865659163987138,-0.277524115755627,4.89));
#2483=CARTESIAN_POINT('',(0.865659163987138,-0.277524115755627,4.89));
#2484=CARTESIAN_POINT('',(0.865659163987138,-0.277524115755627,4.9));
#2485=CARTESIAN_POINT('',(0.816351740331714,-0.353986352438677,4.89));
#2486=CARTESIAN_POINT('',(0.816351740331714,-0.353986352438677,4.9));
#2487=CARTESIAN_POINT('',(0.59325732986521,-0.370919955032309,4.89));
#2488=CARTESIAN_POINT('',(0.59325732986521,-0.370919955032309,4.9));
#2489=CARTESIAN_POINT('',(0.481338230780242,-0.115199321628144,4.89));
#2490=CARTESIAN_POINT('',(0.481338230780242,-0.115199321628144,4.9));
#2491=CARTESIAN_POINT('',(0.580590240645331,0.193183370073787,4.89));
#2492=CARTESIAN_POINT('',(0.580590240645331,0.193183370073787,4.9));
#2493=CARTESIAN_POINT('',(0.809176887381017,0.165957542313373,4.89));
#2494=CARTESIAN_POINT('',(0.809176887381017,0.165957542313373,4.9));
#2495=CARTESIAN_POINT('',(0.859807073954984,0.0947588424437298,4.89));
#2496=CARTESIAN_POINT('',(0.859807073954984,0.0947588424437298,4.9));
#2497=CARTESIAN_POINT('',(0.865659163987138,-0.277524115755627,4.89));
#2498=CARTESIAN_POINT('',(0.83459807073955,-0.325691318327974,4.89));
#2499=CARTESIAN_POINT('',(0.788681672025724,-0.35,4.89));
#2500=CARTESIAN_POINT('',(0.688745980707396,-0.35,4.89));
#2501=CARTESIAN_POINT('',(0.652733118971061,-0.3391961414791,4.89));
#2502=CARTESIAN_POINT('',(0.619871382636656,-0.317588424437299,4.89));
#2503=CARTESIAN_POINT('',(0.587216296812411,-0.296116587183001,4.89));
#2504=CARTESIAN_POINT('',(0.561800643086817,-0.266270096463023,4.89));
#2505=CARTESIAN_POINT('',(0.525787781350482,-0.188842443729904,4.89));
#2506=CARTESIAN_POINT('',(0.516334405144695,-0.14427652733119,4.89));
#2507=CARTESIAN_POINT('',(0.516334405144695,-0.0452411575562701,4.89));
#2508=CARTESIAN_POINT('',(0.524887459807074,-0.000675241157556384,4.89));
#2509=CARTESIAN_POINT('',(0.541093247588425,0.0393890675241157,4.89));
#2510=CARTESIAN_POINT('',(0.557142551143613,0.0790665124244414,4.89));
#2511=CARTESIAN_POINT('',(0.582057877813505,0.109614147909968,4.89));
#2512=CARTESIAN_POINT('',(0.614469453376207,0.130771704180064,4.89));
#2513=CARTESIAN_POINT('',(0.647402735619816,0.152269818977976,4.89));
#2514=CARTESIAN_POINT('',(0.68379421221865,0.162733118971061,4.89));
#2515=CARTESIAN_POINT('',(0.754019292604502,0.162733118971061,4.89));
#2516=CARTESIAN_POINT('',(0.780128617363344,0.156430868167203,4.89));
#2517=CARTESIAN_POINT('',(0.803086816720258,0.143826366559485,4.89));
#2518=CARTESIAN_POINT('',(0.826390915092593,0.131031959609969,4.89));
#2519=CARTESIAN_POINT('',(0.845401929260451,0.115016077170418,4.89));
#2520=CARTESIAN_POINT('',(0.859807073954984,0.0947588424437298,4.89));
#2521=CARTESIAN_POINT('',(0.859807073954984,0.0947588424437298,4.89));
#2522=CARTESIAN_POINT('',(0.859807073954984,0.0947588424437298,4.89));
#2523=CARTESIAN_POINT('',(0.859807073954984,0.0947588424437298,4.89));
#2524=CARTESIAN_POINT('',(0.859807073954984,0.0947588424437298,4.89));
#2525=CARTESIAN_POINT('',(0.859807073954984,0.175787781350482,4.89));
#2526=CARTESIAN_POINT('',(0.859807073954984,0.256816720257235,4.89));
#2527=CARTESIAN_POINT('',(0.859807073954984,0.337845659163987,4.89));
#2528=CARTESIAN_POINT('',(0.859807073954984,0.337845659163987,4.89));
#2529=CARTESIAN_POINT('',(0.859807073954984,0.337845659163987,4.89));
#2530=CARTESIAN_POINT('',(0.859807073954984,0.337845659163987,4.89));
#2531=CARTESIAN_POINT('',(0.859807073954984,0.337845659163987,4.89));
#2532=CARTESIAN_POINT('',(0.887416934619507,0.337845659163987,4.89));
#2533=CARTESIAN_POINT('',(0.91502679528403,0.337845659163987,4.89));
#2534=CARTESIAN_POINT('',(0.942636655948554,0.337845659163987,4.89));
#2535=CARTESIAN_POINT('',(0.942636655948554,0.337845659163987,4.89));
#2536=CARTESIAN_POINT('',(0.942636655948554,0.337845659163987,4.89));
#2537=CARTESIAN_POINT('',(0.617005479747474,0.0646768393165479,4.89));
#2538=CARTESIAN_POINT('',(0.617005479747474,0.0646768393165479,4.9));
#2539=CARTESIAN_POINT('',(0.591930929225335,-0.0874904645055981,4.89));
#2540=CARTESIAN_POINT('',(0.591930929225335,-0.0874904645055981,4.9));
#2541=CARTESIAN_POINT('',(0.630112318602502,-0.283827980213956,4.89000000000001));
#2542=CARTESIAN_POINT('',(0.630112318602502,-0.283827980213956,4.9));
#2543=CARTESIAN_POINT('',(0.862740258441827,-0.318048227658273,4.89));
#2544=CARTESIAN_POINT('',(0.862740258441827,-0.318048227658273,4.9));
#2545=CARTESIAN_POINT('',(0.890984126481734,0.0121888470004067,4.89));
#2546=CARTESIAN_POINT('',(0.890984126481734,0.0121888470004067,4.9));
#2547=CARTESIAN_POINT('',(0.758451050295536,0.110260085985982,4.89));
#2548=CARTESIAN_POINT('',(0.758451050295536,0.110260085985982,4.9));
#2549=CARTESIAN_POINT('',(0.617005479747474,0.0646768393165479,4.89));
#2550=CARTESIAN_POINT('',(0.617005479747474,0.0646768393165479,4.9));
#2551=CARTESIAN_POINT('',(0.591930929225335,-0.0874904645055981,4.89));
#2552=CARTESIAN_POINT('',(0.591930929225335,-0.0874904645055981,4.9));
#2553=CARTESIAN_POINT('',(0.630112318602502,-0.283827980213956,4.89000000000001));
#2554=CARTESIAN_POINT('',(0.630112318602502,-0.283827980213956,4.9));
#2555=CARTESIAN_POINT('',(0.601864951768489,-0.0943086816720258,4.89));
#2556=CARTESIAN_POINT('',(0.601864951768489,-0.157331189710611,4.89));
#2557=CARTESIAN_POINT('',(0.614919614147911,-0.204147909967846,4.89));
#2558=CARTESIAN_POINT('',(0.641929260450161,-0.235209003215434,4.89));
#2559=CARTESIAN_POINT('',(0.668967980645094,-0.266303531439608,4.89));
#2560=CARTESIAN_POINT('',(0.7,-0.282025723472669,4.89));
#2561=CARTESIAN_POINT('',(0.772926045016078,-0.282025723472669,4.89));
#2562=CARTESIAN_POINT('',(0.803987138263666,-0.267170418006431,4.89));
#2563=CARTESIAN_POINT('',(0.855305466237943,-0.207749196141479,4.89));
#2564=CARTESIAN_POINT('',(0.868360128617364,-0.162282958199357,4.89));
#2565=CARTESIAN_POINT('',(0.868360128617364,-0.0344372990353698,4.89));
#2566=CARTESIAN_POINT('',(0.855305466237943,0.01508038585209,4.89));
#2567=CARTESIAN_POINT('',(0.8291961414791,0.0465916398713826,4.89));
#2568=CARTESIAN_POINT('',(0.803307975085833,0.0778359786218762,4.89));
#2569=CARTESIAN_POINT('',(0.770675241157557,0.0934083601286173,4.89));
#2570=CARTESIAN_POINT('',(0.695498392282959,0.0934083601286173,4.89));
#2571=CARTESIAN_POINT('',(0.664437299035371,0.0785530546623794,4.89));
#2572=CARTESIAN_POINT('',(0.639228295819936,0.0483922829581993,4.89));
#2573=CARTESIAN_POINT('',(0.613982925517896,0.0181880006325451,4.89));
#2574=CARTESIAN_POINT('',(0.601864951768489,-0.0294855305466239,4.89));
#2575=CARTESIAN_POINT('',(0.601864951768489,-0.0943086816720258,4.89));
#2576=CARTESIAN_POINT('',(0.601864951768489,-0.0943086816720258,4.89));
#2577=CARTESIAN_POINT('',(0.601864951768489,-0.0943086816720258,4.9));
#2578=CARTESIAN_POINT('',(0.601864951768489,-0.157331189710611,4.9));
#2579=CARTESIAN_POINT('',(0.614919614147911,-0.204147909967846,4.9));
#2580=CARTESIAN_POINT('',(0.641929260450161,-0.235209003215434,4.9));
#2581=CARTESIAN_POINT('',(0.668967980645094,-0.266303531439608,4.9));
#2582=CARTESIAN_POINT('',(0.7,-0.282025723472669,4.9));
#2583=CARTESIAN_POINT('',(0.772926045016078,-0.282025723472669,4.9));
#2584=CARTESIAN_POINT('',(0.803987138263666,-0.267170418006431,4.9));
#2585=CARTESIAN_POINT('',(0.855305466237943,-0.207749196141479,4.9));
#2586=CARTESIAN_POINT('',(0.868360128617364,-0.162282958199357,4.9));
#2587=CARTESIAN_POINT('',(0.868360128617364,-0.0344372990353698,4.9));
#2588=CARTESIAN_POINT('',(0.855305466237943,0.01508038585209,4.9));
#2589=CARTESIAN_POINT('',(0.8291961414791,0.0465916398713826,4.9));
#2590=CARTESIAN_POINT('',(0.803307975085833,0.0778359786218762,4.9));
#2591=CARTESIAN_POINT('',(0.770675241157557,0.0934083601286173,4.9));
#2592=CARTESIAN_POINT('',(0.695498392282959,0.0934083601286173,4.9));
#2593=CARTESIAN_POINT('',(0.664437299035371,0.0785530546623794,4.9));
#2594=CARTESIAN_POINT('',(0.639228295819936,0.0483922829581993,4.9));
#2595=CARTESIAN_POINT('',(0.613982925517896,0.0181880006325451,4.9));
#2596=CARTESIAN_POINT('',(0.601864951768489,-0.0294855305466239,4.9));
#2597=CARTESIAN_POINT('',(0.601864951768489,-0.0943086816720258,4.9));
#2598=CARTESIAN_POINT('',(0.601864951768489,-0.0943086816720258,4.9));
#2599=CARTESIAN_POINT('',(0.942636655948554,0.337845659163987,4.89));
#2600=CARTESIAN_POINT('',(0.942636655948554,0.337845659163987,4.89));
#2601=CARTESIAN_POINT('',(0.942636655948554,0.112165058949625,4.89));
#2602=CARTESIAN_POINT('',(0.942636655948554,-0.113515541264738,4.89));
#2603=CARTESIAN_POINT('',(0.942636655948554,-0.3391961414791,4.89));
#2604=CARTESIAN_POINT('',(0.516533415605251,-0.10642231191185,4.89));
#2605=CARTESIAN_POINT('',(0.,0.,4.9));
#2606=CARTESIAN_POINT('',(1.13485530546624,-0.0461414790996785,4.89));
#2607=CARTESIAN_POINT('',(1.13485530546624,-0.0461414790996785,4.9));
#2608=CARTESIAN_POINT('',(1.22683815648446,-0.0461414790996785,4.9));
#2609=CARTESIAN_POINT('',(1.31882100750268,-0.0461414790996785,4.9));
#2610=CARTESIAN_POINT('',(1.4108038585209,-0.0461414790996785,4.9));
#2611=CARTESIAN_POINT('',(1.13485530546624,-0.0461414790996785,4.9));
#2612=CARTESIAN_POINT('',(1.4108038585209,-0.0461414790996785,4.9));
#2613=CARTESIAN_POINT('',(1.13485530546624,-0.0461414790996785,4.89));
#2614=CARTESIAN_POINT('',(1.13485530546624,-0.0461414790996785,4.89));
#2615=CARTESIAN_POINT('',(1.13485530546624,-0.0461414790996785,4.89));
#2616=CARTESIAN_POINT('',(1.22683815648446,-0.0461414790996785,4.89));
#2617=CARTESIAN_POINT('',(1.31882100750268,-0.0461414790996785,4.89));
#2618=CARTESIAN_POINT('',(1.4108038585209,-0.0461414790996785,4.89));
#2619=CARTESIAN_POINT('',(1.4108038585209,-0.0461414790996785,4.89));
#2620=CARTESIAN_POINT('',(1.4108038585209,-0.0461414790996785,4.89));
#2621=CARTESIAN_POINT('',(1.12990353697749,-0.11411575562701,4.89));
#2622=CARTESIAN_POINT('',(1.12990353697749,-0.11411575562701,4.9));
#2623=CARTESIAN_POINT('',(1.1348857970118,-0.20023767907725,4.89));
#2624=CARTESIAN_POINT('',(1.1348857970118,-0.20023767907725,4.9));
#2625=CARTESIAN_POINT('',(1.22821285450446,-0.325238157130112,4.89));
#2626=CARTESIAN_POINT('',(1.22821285450446,-0.325238157130112,4.9));
#2627=CARTESIAN_POINT('',(1.38117484728055,-0.261219631909551,4.89));
#2628=CARTESIAN_POINT('',(1.38117484728055,-0.261219631909551,4.9));
#2629=CARTESIAN_POINT('',(1.40990353697749,-0.181189710610933,4.89));
#2630=CARTESIAN_POINT('',(1.40990353697749,-0.181189710610933,4.9));
#2631=CARTESIAN_POINT('',(1.12990353697749,-0.11411575562701,4.89));
#2632=CARTESIAN_POINT('',(1.12990353697749,-0.11411575562701,4.89));
#2633=CARTESIAN_POINT('',(1.12990353697749,-0.11411575562701,4.89));
#2634=CARTESIAN_POINT('',(1.13305466237942,-0.168585209003216,4.89));
#2635=CARTESIAN_POINT('',(1.14836012861736,-0.21,4.89));
#2636=CARTESIAN_POINT('',(1.17581993569132,-0.238810289389068,4.89));
#2637=CARTESIAN_POINT('',(1.20349402551204,-0.267845400020649,4.89));
#2638=CARTESIAN_POINT('',(1.2379421221865,-0.282025723472669,4.89));
#2639=CARTESIAN_POINT('',(1.31041800643087,-0.282025723472669,4.89));
#2640=CARTESIAN_POINT('',(1.33652733118971,-0.273922829581994,4.89));
#2641=CARTESIAN_POINT('',(1.35813504823151,-0.258167202572347,4.89));
#2642=CARTESIAN_POINT('',(1.37995706680249,-0.24225531403101,4.89));
#2643=CARTESIAN_POINT('',(1.39729903536978,-0.216302250803859,4.89));
#2644=CARTESIAN_POINT('',(1.40990353697749,-0.181189710610933,4.89));
#2645=CARTESIAN_POINT('',(1.40990353697749,-0.181189710610933,4.89));
#2646=CARTESIAN_POINT('',(1.40990353697749,-0.181189710610933,4.89));
#2647=CARTESIAN_POINT('',(1.40990353697749,-0.181189710610933,4.89));
#2648=CARTESIAN_POINT('',(1.40990353697749,-0.181189710610933,4.89));
#2649=CARTESIAN_POINT('',(1.43856377277599,-0.184790996784566,4.89));
#2650=CARTESIAN_POINT('',(1.46722400857449,-0.188392282958199,4.89));
#2651=CARTESIAN_POINT('',(1.49588424437299,-0.191993569131833,4.89));
#2652=CARTESIAN_POINT('',(1.49588424437299,-0.191993569131833,4.89));
#2653=CARTESIAN_POINT('',(1.49588424437299,-0.191993569131833,4.89));
#2654=CARTESIAN_POINT('',(1.49588424437299,-0.191993569131833,4.89));
#2655=CARTESIAN_POINT('',(1.49588424437299,-0.191993569131833,4.9));
#2656=CARTESIAN_POINT('',(1.47825770415077,-0.257211767954034,4.89));
#2657=CARTESIAN_POINT('',(1.47825770415077,-0.257211767954034,4.9));
#2658=CARTESIAN_POINT('',(1.40414444892737,-0.351405653308888,4.89));
#2659=CARTESIAN_POINT('',(1.40414444892737,-0.351405653308888,4.9));
#2660=CARTESIAN_POINT('',(1.182474594697,-0.358504788052966,4.89));
#2661=CARTESIAN_POINT('',(1.182474594697,-0.358504788052966,4.9));
#2662=CARTESIAN_POINT('',(1.05049563618971,-0.246310217584832,4.89));
#2663=CARTESIAN_POINT('',(1.05049563618971,-0.246310217584832,4.9));
#2664=CARTESIAN_POINT('',(1.03382765452593,-0.0206479023426952,4.89));
#2665=CARTESIAN_POINT('',(1.03382765452593,-0.0206479023426952,4.9));
#2666=CARTESIAN_POINT('',(1.11353095844619,0.135196152800952,4.89));
#2667=CARTESIAN_POINT('',(1.11353095844619,0.135196152800952,4.9));
#2668=CARTESIAN_POINT('',(1.31968213003376,0.187324875938317,4.89));
#2669=CARTESIAN_POINT('',(1.31968213003376,0.187324875938317,4.9));
#2670=CARTESIAN_POINT('',(1.45305901239658,0.0949872998512562,4.89));
#2671=CARTESIAN_POINT('',(1.45305901239658,0.0949872998512562,4.9));
#2672=CARTESIAN_POINT('',(1.48855952937141,0.00954790465967706,4.89));
#2673=CARTESIAN_POINT('',(1.48855952937141,0.00954790465967706,4.9));
#2674=CARTESIAN_POINT('',(1.49772152727428,-0.0585706139064261,4.89));
#2675=CARTESIAN_POINT('',(1.49772152727428,-0.0585706139064261,4.9));
#2676=CARTESIAN_POINT('',(1.49973061756029,-0.0806087997226596,4.89));
#2677=CARTESIAN_POINT('',(1.49973061756029,-0.0806087997226596,4.9));
#2678=CARTESIAN_POINT('',(1.49813504823151,-0.11411575562701,4.89));
#2679=CARTESIAN_POINT('',(1.49813504823151,-0.11411575562701,4.9));
#2680=CARTESIAN_POINT('',(1.49588424437299,-0.191993569131833,4.89));
#2681=CARTESIAN_POINT('',(1.48237942122187,-0.241961414790997,4.89));
#2682=CARTESIAN_POINT('',(1.45717041800643,-0.28112540192926,4.89));
#2683=CARTESIAN_POINT('',(1.42025723472669,-0.308585209003215,4.89));
#2684=CARTESIAN_POINT('',(1.38312847421573,-0.336205384505271,4.89));
#2685=CARTESIAN_POINT('',(1.33652733118971,-0.35,4.89));
#2686=CARTESIAN_POINT('',(1.20733118971061,-0.35,4.89));
#2687=CARTESIAN_POINT('',(1.15016077170418,-0.327942122186495,4.89));
#2688=CARTESIAN_POINT('',(1.10784565916399,-0.283826366559486,4.89));
#2689=CARTESIAN_POINT('',(1.06574625272893,-0.239935496020813,4.89));
#2690=CARTESIAN_POINT('',(1.0448231511254,-0.177588424437299,4.89));
#2691=CARTESIAN_POINT('',(1.0448231511254,-0.0150803858520901,4.89));
#2692=CARTESIAN_POINT('',(1.0659807073955,0.0488424437299035,4.89));
#2693=CARTESIAN_POINT('',(1.1087459807074,0.0943086816720257,4.89));
#2694=CARTESIAN_POINT('',(1.15152460009439,0.139789108599254,4.89));
#2695=CARTESIAN_POINT('',(1.2064308681672,0.162733118971061,4.89));
#2696=CARTESIAN_POINT('',(1.34057877813505,0.162733118971061,4.89));
#2697=CARTESIAN_POINT('',(1.39414790996785,0.140675241157556,4.89));
#2698=CARTESIAN_POINT('',(1.43601286173633,0.0961093247588424,4.89));
#2699=CARTESIAN_POINT('',(1.47810245470943,0.0513042741745744,4.89));
#2700=CARTESIAN_POINT('',(1.49858520900322,-0.0114790996784567,4.89));
#2701=CARTESIAN_POINT('',(1.49858520900322,-0.0970096463022509,4.89));
#2702=CARTESIAN_POINT('',(1.49858520900322,-0.104662379421222,4.89));
#2703=CARTESIAN_POINT('',(1.49813504823151,-0.11411575562701,4.89));
#2704=CARTESIAN_POINT('',(1.49813504823151,-0.11411575562701,4.89));
#2705=CARTESIAN_POINT('',(1.49813504823151,-0.11411575562701,4.89));
#2706=CARTESIAN_POINT('',(1.49813504823151,-0.11411575562701,4.89));
#2707=CARTESIAN_POINT('',(1.49813504823151,-0.11411575562701,4.89));
#2708=CARTESIAN_POINT('',(1.37539121114684,-0.11411575562701,4.89));
#2709=CARTESIAN_POINT('',(1.25264737406217,-0.11411575562701,4.89));
#2710=CARTESIAN_POINT('',(1.12990353697749,-0.11411575562701,4.89));
#2711=CARTESIAN_POINT('',(1.4108038585209,-0.0461414790996785,4.89));
#2712=CARTESIAN_POINT('',(1.4108038585209,-0.0461414790996785,4.9));
#2713=CARTESIAN_POINT('',(1.40284335683302,0.0444092275999171,4.89));
#2714=CARTESIAN_POINT('',(1.40284335683302,0.0444092275999171,4.9));
#2715=CARTESIAN_POINT('',(1.27682343625959,0.149209372992839,4.89));
#2716=CARTESIAN_POINT('',(1.27682343625959,0.149209372992839,4.9));
#2717=CARTESIAN_POINT('',(1.14005525783367,0.0361911000512846,4.89));
#2718=CARTESIAN_POINT('',(1.14005525783367,0.0361911000512846,4.9));
#2719=CARTESIAN_POINT('',(1.13485530546624,-0.0461414790996785,4.89));
#2720=CARTESIAN_POINT('',(1.13485530546624,-0.0461414790996785,4.9));
#2721=CARTESIAN_POINT('',(1.4108038585209,-0.0461414790996785,4.9));
#2722=CARTESIAN_POINT('',(1.40720257234727,-0.00517684887459818,4.9));
#2723=CARTESIAN_POINT('',(1.39639871382637,0.0258842443729903,4.9));
#2724=CARTESIAN_POINT('',(1.37929260450161,0.0465916398713826,4.9));
#2725=CARTESIAN_POINT('',(1.35282618591712,0.0786299360526033,4.9));
#2726=CARTESIAN_POINT('',(1.31807073954984,0.0947588424437298,4.9));
#2727=CARTESIAN_POINT('',(1.23704180064309,0.0947588424437298,4.9));
#2728=CARTESIAN_POINT('',(1.20463022508039,0.0817041800643086,4.9));
#2729=CARTESIAN_POINT('',(1.17807073954984,0.0564951768488745,4.9));
#2730=CARTESIAN_POINT('',(1.15152329549679,0.0312976028324201,4.9));
#2731=CARTESIAN_POINT('',(1.13755627009646,-0.00337620578778138,4.9));
#2732=CARTESIAN_POINT('',(1.13485530546624,-0.0461414790996785,4.9));
#2733=CARTESIAN_POINT('',(1.4108038585209,-0.0461414790996785,4.89));
#2734=CARTESIAN_POINT('',(1.40720257234727,-0.00517684887459818,4.89));
#2735=CARTESIAN_POINT('',(1.39639871382637,0.0258842443729903,4.89));
#2736=CARTESIAN_POINT('',(1.37929260450161,0.0465916398713826,4.89));
#2737=CARTESIAN_POINT('',(1.35282618591712,0.0786299360526033,4.89));
#2738=CARTESIAN_POINT('',(1.31807073954984,0.0947588424437298,4.89));
#2739=CARTESIAN_POINT('',(1.23704180064309,0.0947588424437298,4.89));
#2740=CARTESIAN_POINT('',(1.20463022508039,0.0817041800643086,4.89));
#2741=CARTESIAN_POINT('',(1.17807073954984,0.0564951768488745,4.89));
#2742=CARTESIAN_POINT('',(1.15152329549679,0.0312976028324201,4.89));
#2743=CARTESIAN_POINT('',(1.13755627009646,-0.00337620578778138,4.89));
#2744=CARTESIAN_POINT('',(1.13485530546624,-0.0461414790996785,4.89));
#2745=CARTESIAN_POINT('',(1.24312158832532,-0.277983406311757,4.89));
#2746=CARTESIAN_POINT('',(0.,0.,4.9));
#2747=CARTESIAN_POINT('',(2.675,2.575,4.8));
#2748=CARTESIAN_POINT('',(2.775,2.575,4.8));
#2749=CARTESIAN_POINT('',(2.675,2.575,4.9));
#2750=CARTESIAN_POINT('',(4.02424590147773E-16,2.575,4.9));
#2751=CARTESIAN_POINT('',(-2.675,2.575,4.9));
#2752=CARTESIAN_POINT('',(2.675,0.,4.9));
#2753=CARTESIAN_POINT('',(2.775,-2.575,4.8));
#2754=CARTESIAN_POINT('',(-2.675,2.575,4.8));
#2755=CARTESIAN_POINT('',(-2.675,2.575,4.9));
#2756=CARTESIAN_POINT('',(2.675,-2.575,4.8));
#2757=CARTESIAN_POINT('',(2.675,-2.675,4.8));
#2758=CARTESIAN_POINT('',(-2.675,0.,4.9));
#2759=CARTESIAN_POINT('',(-2.675,-2.575,4.9));
#2760=CARTESIAN_POINT('',(4.02424590147773E-16,-2.575,4.9));
#2761=CARTESIAN_POINT('',(-2.675,-2.675,4.8));
#2762=CARTESIAN_POINT('',(-2.675,-2.575,4.8));
#2763=CARTESIAN_POINT('',(-2.00505102572168,1.1,0.05));
#2764=CARTESIAN_POINT('',(2.00505102572168,-1.1,0.05));
#2765=CARTESIAN_POINT('',(-2.00505102572168,-2.2,0.05));
#2766=CARTESIAN_POINT('',(2.00505102572168,2.2,0.05));
#2767=MECHANICAL_DESIGN_GEOMETRIC_PRESENTATION_REPRESENTATION('',(#1006,
#1007,#1008,#1009,#1010,#1011,#1012,#1013,#1014,#1015,#1016,#1017,#1018,
#1019,#1020,#1021,#1022,#1023,#1024,#1025,#1026,#1027,#1028,#1029,#1030,
#1031,#1032,#1033,#1034,#1035,#1036,#1037,#1038,#1039,#1040,#1041,#1042,
#1043,#1044,#1045,#1046,#1047,#1048,#1049,#1050,#1051,#1052,#1053,#1054,
#1055,#1056,#1057,#1058,#1059,#1060,#1061,#1062,#1063,#1064,#1065,#1066,
#1067,#1068,#1069,#1070,#1071,#1072,#1073),#2768);
#2768=(
GEOMETRIC_REPRESENTATION_CONTEXT(3)
GLOBAL_UNCERTAINTY_ASSIGNED_CONTEXT((#2769))
GLOBAL_UNIT_ASSIGNED_CONTEXT((#2772,#2771,#2770))
REPRESENTATION_CONTEXT('744393305xxx_5050','TOP_LEVEL_ASSEMBLY_PART')
);
#2769=UNCERTAINTY_MEASURE_WITH_UNIT(LENGTH_MEASURE(0.005),#2772,
'DISTANCE_ACCURACY_VALUE','Maximum Tolerance applied to model');
#2770=(
NAMED_UNIT(*)
SI_UNIT($,.STERADIAN.)
SOLID_ANGLE_UNIT()
);
#2771=(
NAMED_UNIT(*)
PLANE_ANGLE_UNIT()
SI_UNIT($,.RADIAN.)
);
#2772=(
LENGTH_UNIT()
NAMED_UNIT(*)
SI_UNIT(.MILLI.,.METRE.)
);
#2773=PRODUCT_DEFINITION_SHAPE('','',#2774);
#2774=PRODUCT_DEFINITION('','',#2776,#2775);
#2775=PRODUCT_DEFINITION_CONTEXT('',#2782,'design');
#2776=PRODUCT_DEFINITION_FORMATION_WITH_SPECIFIED_SOURCE('','',#2778,
 .NOT_KNOWN.);
#2777=PRODUCT_RELATED_PRODUCT_CATEGORY('','',(#2778));
#2778=PRODUCT('744393305xxx_5050','744393305xxx_5050',
'744393305xxx_5050',(#2780));
#2779=PRODUCT_CATEGORY('','');
#2780=PRODUCT_CONTEXT('',#2782,'mechanical');
#2781=APPLICATION_PROTOCOL_DEFINITION('international standard',
'automotive_design',2010,#2782);
#2782=APPLICATION_CONTEXT(
'core data for automotive mechanical design processes');
ENDSEC;
END-ISO-10303-21;
